Date,Open,High,Low,Close,Adj Close,Volume,stock
2008-10-03,20.371959686279297,20.951358795166016,20.228899002075195,20.228899002075195,18.464679718017575,4509200.0,A
2008-10-03,47.603431701660156,50.89553833007813,45.60894012451172,46.23371887207031,40.98622131347656,10158000.0,AA
2008-10-03,7.260000228881836,7.460000038146973,6.360000133514403,6.489999771118164,6.118391990661621,8609800.0,AAL
2008-10-03,1.3400000333786009,1.3400000333786009,1.3400000333786009,1.3400000333786009,1.2383092641830444,0.0,AAME
2008-10-03,14.546667098999025,14.786666870117188,14.399999618530273,14.43333339691162,13.911877632141113,9600.0,AAN
2008-10-03,5.383703708648682,5.511111259460449,5.01629638671875,5.045926094055176,4.4546241760253915,387600.0,AAON
2008-10-03,39.27000045776367,40.0,36.59000015258789,36.75,35.48247146606445,2109900.0,AAP
2008-10-03,14.857142448425293,15.214285850524902,13.521428108215332,13.867142677307127,12.037246704101562,573599600.0,AAPL
2008-10-03,0.9499999880790709,1.0800000429153442,0.9499999880790709,1.0399999618530271,1.0399999618530271,52600.0,AAU
2008-10-03,35.43000030517578,36.65999984741211,33.650001525878906,33.84000015258789,33.84000015258789,278100.0,AAWW
2008-10-03,7.0,7.1500000953674325,6.579999923706055,6.610000133514403,6.610000133514403,1057000.0,AAXN
2008-10-03,34.880001068115234,36.63000106811523,33.139999389648445,33.400001525878906,13.819073677062988,790300.0,AB
2008-10-03,17.520000457763672,18.489999771118164,17.479999542236328,17.700000762939453,11.755908012390135,6066400.0,ABB
2008-10-03,18.315000534057614,18.71999931335449,18.290000915527344,18.5,15.474054336547852,3170800.0,ABC
2008-10-03,13.889327049255373,13.996317863464355,12.68325138092041,12.68325138092041,11.710991859436035,17200.0,ABCB
2008-10-03,137.5,140.0,135.0,135.0,135.0,0.0,ABEO
2008-10-03,1.746399998664856,1.7732000350952148,1.7084000110626218,1.712000012397766,0.5618696212768555,142500.0,ABEV
2008-10-03,9.399999618530273,9.5,8.609999656677246,8.949999809265137,8.949999809265137,503700.0,ABG
2008-10-03,6048.0,6199.2001953125,5292.0,5594.39990234375,5594.39990234375,0.0,ABIO
2008-10-03,20.809999465942386,21.520000457763672,20.489999771118164,20.57999992370605,15.676743507385256,285200.0,ABM
2008-10-03,17.25,17.950000762939453,17.09000015258789,17.299999237060547,17.299999237060547,307000.0,ABMD
2008-10-03,9.609999656677246,10.25,9.260000228881836,9.600000381469727,4.666906356811523,146300.0,ABR
2008-10-03,28.538503646850586,28.66805076599121,27.981935501098636,28.073097229003906,17.996200561523438,20423300.0,ABT
2008-10-03,3.150000095367432,3.150000095367432,3.150000095367432,3.150000095367432,3.150000095367432,200.0,ABUS
2008-10-03,36.0,36.0,36.0,36.0,35.183555603027344,125.0,AC
2008-10-03,2.539999961853028,2.799999952316284,2.0899999141693115,2.0999999046325684,2.0999999046325684,737200.0,ACAD
2008-10-03,0.3454900085926056,0.3454900085926056,0.301690012216568,0.3114199936389923,0.3114199936389923,77110.0,ACB
2008-10-03,33.459999084472656,37.0,32.09999847412109,32.299999237060554,20.085491180419922,445100.0,ACC
2008-10-03,6.989999771118164,7.059999942779541,6.679999828338622,6.71999979019165,6.31264066696167,400500.0,ACCO
2008-10-03,70.0,113.33333587646484,56.66666793823242,106.66666412353516,106.66666412353516,500.0,ACER
2008-10-03,8.027777671813965,8.251111030578612,7.889999866485597,8.097777366638184,8.097777366638184,2613600.0,ACGL
2008-10-03,14.350000381469727,15.25,14.020000457763672,14.239999771118164,14.213772773742676,1263500.0,ACH
2008-10-03,9.239999771118164,9.399999618530273,8.880000114440918,9.399999618530273,9.399999618530273,900.0,ACHC
2008-10-03,405.8999938964844,420.20001220703125,396.0,404.7999877929688,404.7999877929688,0.0,ACHV
2008-10-03,5.62666654586792,5.62666654586792,5.053333282470703,5.073333263397217,5.073333263397217,970800.0,ACIW
2008-10-03,6.079999923706055,6.440000057220459,5.599999904632568,5.639999866485597,5.639999866485597,210400.0,ACLS
2008-10-03,20.729999542236328,21.489999771118164,19.790000915527344,19.790000915527344,19.790000915527344,943700.0,ACM
2008-10-03,36.93000030517578,36.93000030517578,35.029998779296875,35.189998626708984,27.357635498046875,3407600.0,ACN
2008-10-03,14.399999618530273,15.0,14.399999618530273,15.0,9.25135898590088,2000.0,ACNB
2008-10-03,21.770000457763672,22.299999237060547,21.06999969482422,21.280000686645508,21.280000686645508,672500.0,ACOR
2008-10-03,3.0499999523162837,3.059999942779541,2.890000104904175,2.970000028610229,2.68308687210083,73000.0,ACTG
2008-10-03,11.399999618530273,11.399999618530273,11.300000190734865,11.300000190734865,8.682838439941406,2600.0,ACU
2008-10-03,12.399999618530273,12.399999618530273,11.399999618530273,11.399999618530273,11.399999618530273,2900.0,ACY
2008-10-03,34.830001831054695,36.18999862670898,33.59000015258789,33.689998626708984,33.689998626708984,11062700.0,ADBE
2008-10-03,26.01000022888184,26.559999465942386,25.479999542236328,25.479999542236328,12.729848861694336,61100.0,ADC
2008-10-03,4.175000190734863,4.190000057220459,4.0399999618530265,4.050000190734863,3.0662755966186523,14600.0,ADES
2008-10-03,25.10000038146973,25.690000534057614,24.520000457763672,24.63999938964844,18.0325870513916,5423300.0,ADI
2008-10-03,19.0,20.200000762939453,18.46999931335449,18.520000457763672,13.832012176513672,9613500.0,ADM
2008-10-03,10.199999809265137,10.199999809265137,10.199999809265137,10.199999809265137,10.199999809265137,0.0,ADMP
2008-10-03,36.417911529541016,37.4890251159668,36.18085861206055,36.24231719970703,26.82543182373047,4337400.0,ADP
2008-10-03,61.599998474121094,63.47999954223633,59.54999923706055,59.9000015258789,57.17278289794922,472000.0,ADS
2008-10-03,30.78000068664551,32.400001525878906,30.5,30.71999931335449,30.71999931335449,4576300.0,ADSK
2008-10-03,19.18000030517578,19.86000061035156,19.06999969482422,19.25,15.516895294189453,1186500.0,ADTN
2008-10-03,10.510000228881836,10.68000030517578,10.3100004196167,10.34000015258789,4.73574161529541,138100.0,ADX
2008-10-03,93.75,93.75,75.0,75.0,75.0,100.0,ADXS
2008-10-03,22.5,23.0,21.799999237060547,21.82999992370605,16.712398529052734,4300.0,AE
2008-10-03,7.8400001525878915,8.079999923706055,7.380000114440918,7.8499999046325675,4.40183687210083,50700.0,AEB
2008-10-03,38.43999862670898,38.61000061035156,36.81999969482422,37.0,22.464916229248047,1625900.0,AEE
2008-10-03,12.899999618530273,12.899999618530273,12.470000267028807,12.470000267028807,3.8569819927215576,28700.0,AEF
2008-10-03,8.0,8.899999618530273,7.980000019073486,8.300000190734862,5.314183712005615,1905800.0,AEG
2008-10-03,14.579999923706055,15.90999984741211,14.359999656677244,14.43000030517578,14.43000030517578,298600.0,AEGN
2008-10-03,3.4500000476837163,3.5199999809265137,3.2999999523162837,3.2999999523162837,3.2999999523162837,48200.0,AEHR
2008-10-03,12.949999809265135,13.3100004196167,12.369999885559082,12.40999984741211,12.40999984741211,428700.0,AEIS
2008-10-03,5.610000133514403,6.559999942779541,4.579999923706055,6.190000057220459,5.496934413909912,472500.0,AEL
2008-10-03,46.09000015258789,51.41999816894531,45.5,47.0,40.99386596679688,6963500.0,AEM
2008-10-03,270.0,300.0,270.0,300.0,300.0,100.0,AEMD
2008-10-03,15.109999656677244,15.329999923706055,13.279999732971193,13.630000114440918,9.599645614624023,12845700.0,AEO
2008-10-03,36.88000106811523,37.20000076293945,34.5,35.540000915527344,22.09395980834961,3494000.0,AEP
2008-10-03,10.329999923706056,10.770000457763672,9.84000015258789,9.880000114440918,9.880000114440918,329700.0,AER
2008-10-03,10.59000015258789,10.800000190734863,9.81999969482422,9.920000076293944,7.821769714355469,7304400.0,AES
2008-10-03,2.4200000762939453,2.490000009536743,2.4100000858306885,2.490000009536743,2.490000009536743,1400.0,AEY
2008-10-03,402.0,402.0,330.0,348.0,348.0,0.0,AEZS
2008-10-03,10.949999809265137,10.989999771118164,10.75,10.770000457763672,5.542700290679932,49300.0,AFB
2008-10-03,9.649999618530273,10.4399995803833,9.649999618530273,10.0,3.929744720458984,15800.0,AFC
2008-10-03,27.04999923706055,28.13999938964844,26.81999969482422,27.290000915527344,18.96180725097656,456500.0,AFG
2008-10-03,27.31999969482422,28.56999969482422,26.0,26.059999465942386,15.21656894683838,6773000.0,AFL
2008-10-03,1.8999999761581419,2.1199998855590816,1.8600000143051147,1.8999999761581419,1.8999999761581419,67800.0,AG
2008-10-03,37.72000122070313,39.13999938964844,35.33000183105469,35.61999893188477,33.36408233642578,2530200.0,AGCO
2008-10-03,20.1200008392334,20.739999771118164,19.559999465942386,19.739999771118164,5.842082500457764,43900.0,AGD
2008-10-03,0.10000000149011612,0.10000000149011612,0.10000000149011612,0.10000000149011612,0.10000000149011612,19500.0,AGE
2008-10-03,8.579999923706055,9.239999771118164,7.320000171661378,7.619999885559082,7.619999885559082,24900.0,AGEN
2008-10-03,8.0,8.859999656677246,6.0,7.25,5.140274524688722,21100.0,AGM-A
2008-10-03,8.149999618530272,10.989999771118164,7.570000171661378,8.210000038146973,6.13092851638794,955800.0,AGM
2008-10-03,28.45000076293945,28.489999771118164,27.51000022888184,27.540000915527344,25.550642013549805,1114600.0,AGN
2008-10-03,16.850000381469727,17.469999313354492,16.100000381469727,16.299999237060547,2.8878023624420166,234500.0,AGNC
2008-10-03,15.75,16.0,14.479999542236328,14.9399995803833,12.272873878479006,771200.0,AGO
2008-10-03,15.5,15.550000190734865,15.239999771118164,15.550000190734865,12.270902633666992,12500.0,AGX
2008-10-03,6.1599998474121085,7.010000228881836,5.980000019073486,6.730000019073486,6.5836591720581055,386800.0,AGYS
2008-10-03,4.400000095367432,4.539999961853027,4.150000095367432,4.150000095367432,1.7311490774154663,185500.0,AHC
2008-10-03,11.619999885559082,11.640000343322756,11.619999885559082,11.640000343322756,11.640000343322756,200.0,AHPI
2008-10-03,2.379692554473877,2.442316055297852,2.2920196056365967,2.3170690536499023,1.2017539739608765,1943600.0,AHT
2008-10-03,30.0,31.20000076293945,26.79999923706055,26.79999923706055,6.182152271270753,31000.0,AI
2008-10-03,92.4000015258789,99.1999969482422,74.19999694824219,77.19999694824219,56.00597763061523,12031100.0,AIG
2008-10-03,200.63999938964844,200.63999938964844,190.0800018310547,195.3600006103516,195.3600006103516,100.0,AIM
2008-10-03,13.34000015258789,13.779999732971193,12.859999656677244,13.0,11.254098892211914,256700.0,AIMC
2008-10-03,26.239999771118164,26.690000534057614,24.3700008392334,24.3799991607666,19.24788475036621,357700.0,AIN
2008-10-03,46.5,50.27999877929688,46.20000076293945,46.20000076293945,11.287304878234865,263800.0,AINV
2008-10-03,12.520000457763672,12.520000457763672,12.520000457763672,12.520000457763672,12.241819381713867,0.0,AIO
2008-10-03,15.270000457763672,15.399999618530273,14.460000038146973,14.65999984741211,13.199284553527832,703000.0,AIR
2008-10-03,44.0,44.0,44.0,44.0,37.21245574951172,0.0,AIRI
2008-10-03,6.039999961853027,6.059999942779541,5.4133334159851065,5.606666564941406,4.8381547927856445,16500.0,AIRT
2008-10-03,24.60000038146973,26.04999923706055,24.06999969482422,24.239999771118164,18.670944213867188,488500.0,AIT
2008-10-03,32.740001678466804,33.84999847412109,29.75,30.959999084472656,20.408409118652344,3457200.0,AIV
2008-10-03,51.06999969482422,52.95000076293945,47.61000061035156,48.65999984741211,38.23084259033203,1140000.0,AIZ
2008-10-03,25.43000030517578,25.8700008392334,24.809999465942386,25.229999542236328,16.696453094482422,1423700.0,AJG
2008-10-03,6.179999828338622,6.25,5.860000133514403,5.9099998474121085,5.9099998474121085,234500.0,AJRD
2008-10-03,6.800000190734862,6.800000190734862,6.800000190734862,6.800000190734862,5.46846342086792,0.0,AJXA
2008-10-03,15.859999656677244,16.239999771118164,14.75,14.850000381469727,14.850000381469727,5427700.0,AKAM
2008-10-03,1.5,1.5299999713897705,1.399999976158142,1.5,1.5,51000.0,AKG
2008-10-03,24.739999771118164,25.209999084472656,23.3700008392334,23.3700008392334,14.97321891784668,450400.0,AKR
2008-10-03,4.889999866485597,5.099999904632568,4.710000038146973,4.710000038146973,4.710000038146973,157400.0,AKRX
2008-10-03,28.729999542236328,29.71999931335449,27.95000076293945,28.11000061035156,23.359975814819336,820900.0,ALB
2008-10-03,381.6000061035156,414.0,330.0,340.79998779296875,340.79998779296875,2500.0,ALBO
2008-10-03,8.329999923706055,8.350000381469728,8.010000228881836,8.300000190734862,8.300000190734862,112810.0,ALC
2008-10-03,47.5,47.849998474121094,46.9000015258789,47.34000015258789,42.54313278198242,17000.0,ALCO
2008-10-03,44.16999816894531,44.43999862670898,42.900001525878906,43.02999877929688,27.12716293334961,130200.0,ALE
2008-10-03,16.5,16.649999618530273,15.800000190734865,16.350000381469727,14.92328929901123,62300.0,ALG
2008-10-03,9.93000030517578,10.399999618530273,9.039999961853027,9.109999656677246,9.109999656677246,948800.0,ALGN
2008-10-03,34.779998779296875,35.0,27.54999923706055,30.56999969482422,25.61815643310547,753800.0,ALGT
2008-10-03,0.4399999976158142,0.4699999988079071,0.41999998688697815,0.41999998688697815,0.41999998688697815,39500.0,ALJJ
2008-10-03,5.114999771118164,5.300000190734863,4.7224998474121085,4.769999980926514,4.204705715179443,2271200.0,ALK
2008-10-03,13.1899995803833,13.539999961853027,12.609999656677244,12.739999771118164,12.739999771118164,814500.0,ALKS
2008-10-03,42.86999893188477,44.099998474121094,41.54999923706055,42.47999954223633,32.361373901367195,3339400.0,ALL
2008-10-03,2.289999961853028,2.450000047683716,2.289999961853028,2.4300000667572017,2.4300000667572017,17900.0,ALLT
2008-10-03,26.790000915527344,27.920000076293945,25.6299991607666,25.690000534057614,25.690000534057614,466800.0,ALNY
2008-10-03,6.699999809265138,6.699999809265138,5.199999809265137,6.699999809265138,6.699999809265138,5500.0,ALO
2008-10-03,8.5,8.75,8.489999771118164,8.489999771118164,6.207998752593994,4200.0,ALOT
2008-10-03,10.666666984558104,10.666666984558104,10.666666984558104,10.666666984558104,7.7520484924316415,0.0,ALRS
2008-10-03,12.039999961853027,12.15999984741211,11.649999618530273,11.65999984741211,8.038498878479004,366400.0,ALSK
2008-10-03,0.03759999945759773,0.03799999877810478,0.0364999994635582,0.037799999117851264,0.037799999117851264,255800.0,ALT
2008-10-03,21.664264678955078,22.456771850585934,21.664264678955078,21.736310958862305,15.21048069000244,1500100.0,ALV
2008-10-03,377.0199890136719,377.2300109863281,364.9599914550781,366.8999938964844,179.14382934570312,8400.0,ALX
2008-10-03,19.575000762939453,20.34499931335449,19.155000686645508,19.51000022888184,19.51000022888184,1675800.0,ALXN
2008-10-03,4.670000076293945,4.699999809265137,4.440000057220459,4.570000171661377,3.386328935623169,8300.0,ALYA
2008-10-03,38.72000122070313,39.790000915527344,36.06999969482422,36.36999893188477,36.36999893188477,390800.0,AMAG
2008-10-03,14.420000076293945,14.93000030517578,14.079999923706055,14.1899995803833,11.220434188842773,26481900.0,AMAT
2008-10-03,4.320000171661377,4.809999942779541,4.2100000381469735,4.53000020980835,4.53000020980835,38166900.0,AMD
2008-10-03,17.155555725097653,17.38222312927246,16.586666107177734,16.591110229492188,15.05068302154541,2389000.0,AME
2008-10-03,49.2400016784668,50.5099983215332,47.099998474121094,47.34000015258789,47.34000015258789,541300.0,AMED
2008-10-03,79.16000366210938,82.23999786376953,72.8499984741211,74.86000061035156,72.59589385986328,418800.0,AMG
2008-10-03,59.2599983215332,60.75,58.72000122070313,58.88999938964844,47.90493774414063,14535500.0,AMGN
2008-10-03,4.139999866485597,4.139999866485597,4.139999866485597,4.139999866485597,4.139999866485597,0.0,AMK
2008-10-03,5.960000038146973,6.190000057220459,5.699999809265138,5.71999979019165,5.71999979019165,1693000.0,AMKR
2008-10-03,16.260000228881836,16.270000457763672,15.5,15.510000228881836,15.510000228881836,176600.0,AMN
2008-10-03,17.709999084472656,17.75,15.869999885559082,16.0,10.25022029876709,17300.0,AMNB
2008-10-03,5.059999942779541,5.059999942779541,5.050000190734863,5.059999942779541,4.752189636230469,600.0,AMOT
2008-10-03,21.489999771118164,21.625,19.950000762939453,19.950000762939453,15.148425102233887,7000.0,AMOV
2008-10-03,33.86999893188477,35.470001220703125,32.029998779296875,32.950000762939446,25.11376953125,2869400.0,AMP
2008-10-03,9.428571701049805,9.828571319580078,9.047618865966797,9.047618865966797,8.25349235534668,7100.0,AMRB
2008-10-03,0.9900000095367432,1.0,0.8500000238418579,1.0,1.0,4100.0,AMRN
2008-10-03,1.8999999761581419,1.9600000381469729,1.8600000143051147,1.8600000143051147,1.8600000143051147,9900.0,AMS
2008-10-03,194.5,209.3999938964844,183.6000061035156,185.1000061035156,185.1000061035156,85100.0,AMSC
2008-10-03,17.690000534057614,19.459999084472656,16.790000915527347,16.930000305175778,11.357467651367188,86000.0,AMSF
2008-10-03,4.889999866485597,5.320000171661377,4.730000019073486,4.730000019073486,2.6609506607055664,93400.0,AMSWA
2008-10-03,34.139999389648445,36.18000030517578,34.02000045776367,34.630001068115234,29.81457328796387,8947300.0,AMT
2008-10-03,17.399999618530273,18.43000030517578,16.5,17.549999237060547,14.163667678833008,4010100.0,AMTD
2008-10-03,22.979999542236328,24.84000015258789,22.3700008392334,22.399999618530273,21.229236602783203,105600.0,AMWD
2008-10-03,21.440000534057614,21.774999618530273,19.90999984741211,19.90999984741211,15.754862785339355,22397400.0,AMX
2008-10-03,69.41999816894531,70.94999694824219,66.58999633789061,67.0,67.0,11228100.0,AMZN
2008-10-03,11.0,11.199999809265137,10.300000190734863,10.93000030517578,10.93000030517578,1911500.0,AN
2008-10-03,86.1500015258789,88.30000305175781,84.41999816894531,84.75,57.05840682983398,20700.0,ANAT
2008-10-03,21.63333320617676,22.81999969482422,21.200000762939453,21.21999931335449,17.529165267944336,353700.0,ANDE
2008-10-03,37.9900016784668,38.40999984741211,35.779998779296875,36.060001373291016,25.259151458740234,3255300.0,ANF
2008-10-03,14.720000267028807,16.440000534057614,13.8100004196167,14.81999969482422,14.81999969482422,479500.0,ANGO
2008-10-03,5.670000076293945,5.980000019073486,5.670000076293945,5.670000076293945,1.362240195274353,965900.0,ANH
2008-10-03,7.5,7.989999771118164,7.300000190734862,7.670000076293945,7.670000076293945,44700.0,ANIK
2008-10-03,151.1999969482422,156.9600067138672,147.60000610351562,151.9199981689453,151.9199981689453,1200.0,ANIP
2008-10-03,16.0,17.0,15.0,15.0,15.0,8000.0,ANIX
2008-10-03,32.75,34.209999084472656,31.920000076293945,31.989999771118164,31.989999771118164,992500.0,ANSS
2008-10-03,36.099998474121094,38.099998474121094,35.150001525878906,36.20000076293945,36.20000076293945,134400.0,ANTE
2008-10-03,46.11000061035156,46.11000061035156,44.060001373291016,44.459999084472656,38.39035415649414,2145400.0,ANTM
2008-10-03,3.2100000381469727,3.4100000858306885,2.869999885559082,2.869999885559082,2.869999885559082,801700.0,AOBC
2008-10-03,18.0,18.700000762939453,17.700000762939453,18.13999938964844,4.830271720886231,427200.0,AOD
2008-10-03,44.349998474121094,46.47000122070313,43.90999984741211,44.060001373291016,38.27322387695313,2435500.0,AON
2008-10-03,5.929999828338622,6.135000228881836,5.561666488647461,5.6583333015441895,3.2797679901123047,1477200.0,AOS
2008-10-03,24.38999938964844,26.84000015258789,24.020000457763672,24.420000076293945,17.866195678710938,71600.0,AP
2008-10-03,91.63999938964844,97.8499984741211,89.80999755859375,90.4800033569336,75.96659851074219,5504700.0,APA
2008-10-03,60.39778137207031,61.79463577270508,58.27936935424805,58.62164688110352,42.24311065673828,2765700.0,APD
2008-10-03,96.0,120.0,72.0,120.0,120.0,0.0,APDN
2008-10-03,48.5,49.540000915527344,48.06999969482422,48.20000076293945,48.20000076293945,218300.0,APEI
2008-10-03,565.9500122070312,592.9000244140625,549.780029296875,565.9500122070312,565.9500122070312,0.0,APEN
2008-10-03,63.09000015258789,65.84999847412111,56.58000183105469,57.63000106811523,40.24925994873047,27800.0,APEX
2008-10-03,17.959999084472656,18.5,17.415000915527347,17.575000762939453,15.802309036254885,9124200.0,APH
2008-10-03,1.2150000333786009,1.2150000333786009,1.2150000333786009,1.2150000333786009,1.2150000333786009,0.0,APM
2008-10-03,13.619999885559082,13.720000267028807,12.199999809265135,12.239999771118164,9.955890655517578,490000.0,APOG
2008-10-03,11.0,11.0,11.0,11.0,11.0,0.0,APPS
2008-10-03,1.2999999523162842,1.350000023841858,1.25,1.25,1.25,146500.0,APT
2008-10-03,28.79999923706055,28.79999923706055,25.20000076293945,25.20000076293945,25.20000076293945,0.0,APTO
2008-10-03,5.099999904632568,5.099999904632568,5.099999904632568,5.099999904632568,4.786057949066162,0.0,APWC
2008-10-03,0.25,0.4699999988079071,0.25,0.25,0.25,0.0,ARA
2008-10-03,7.809999942779541,8.069999694824219,7.300000190734862,7.300000190734862,7.300000190734862,427500.0,ARAY
2008-10-03,16.5,16.979999542236328,16.15999984741211,16.200000762939453,16.077274322509766,224800.0,ARC
2008-10-03,29.20000076293945,31.29999923706055,28.020000457763672,28.15999984741211,24.99079895019531,746200.0,ARCB
2008-10-03,10.079999923706056,10.449999809265137,9.260000228881836,9.350000381469727,2.632356882095337,541100.0,ARCC
2008-10-03,110.0999984741211,110.66999816894531,100.5199966430664,100.5199966430664,69.30432891845703,782500.0,ARE
2008-10-03,24.68232536315918,24.68232536315918,23.28422546386719,23.30382537841797,18.919116973876953,114400.0,ARGO
2008-10-03,15.760000228881836,15.760000228881836,15.34000015258789,15.43000030517578,8.201765060424805,2500.0,ARKR
2008-10-03,8.050000190734862,8.329999923706055,7.920000076293945,8.0,8.0,10000.0,ARL
2008-10-03,15.0,15.864999771118164,14.255000114440918,14.539999961853027,5.424664974212647,350000.0,ARLP
2008-10-03,2800.0,3430.0,2800.0,3290.0,3290.0,0.0,ARMP
2008-10-03,48.5,61.4000015258789,45.0,45.0,45.0,172300.0,ARNA
2008-10-03,44.55022430419922,47.63118362426758,42.68365859985352,43.26836395263672,37.526798248291016,10854200.0,ARNC
2008-10-03,27.10000038146973,28.440000534057614,26.01000022888184,26.149999618530273,19.948078155517575,1254700.0,AROC
2008-10-03,22.050621032714844,22.43747329711914,21.741138458251953,22.089305877685547,14.598055839538574,20100.0,AROW
2008-10-03,71.19999694824219,71.19999694824219,70.4800033569336,71.19999694824219,36.08957290649414,600.0,ARR
2008-10-03,16.75,16.799999237060547,16.620000839233402,16.75,11.116325378417967,2100.0,ARTNA
2008-10-03,6.699999809265138,7.0,6.539999961853027,6.820000171661378,6.232070446014403,12100.0,ARTW
2008-10-03,24.38999938964844,25.8799991607666,24.290000915527344,24.45000076293945,24.45000076293945,1277100.0,ARW
2008-10-03,10.699999809265137,11.800000190734865,9.5,9.5,9.5,23800.0,ARWR
2008-10-03,16.723333358764652,17.623332977294922,16.440000534057614,16.963333129882812,14.878907203674315,213300.0,ASA
2008-10-03,23.82999992370605,24.899999618530273,21.670000076293945,21.8799991607666,17.118572235107422,689900.0,ASB
2008-10-03,6.789999961853027,7.119999885559082,6.28000020980835,6.28000020980835,2.7141828536987305,126300.0,ASFI
2008-10-03,3.3399999141693115,3.470000028610229,3.2999999523162837,3.2999999523162837,1.3586641550064087,54300.0,ASG
2008-10-03,7.3400001525878915,7.5900001525878915,6.5900001525878915,6.6500000953674325,6.6500000953674325,226800.0,ASGN
2008-10-03,13.590997695922852,14.589040756225586,13.41976547241211,13.507827758789062,10.118181228637695,3215600.0,ASH
2008-10-03,0.6000000238418579,0.7799999713897705,0.550000011920929,0.7099999785423279,0.7099999785423279,8800.0,ASM
2008-10-03,17.09000015258789,17.65999984741211,16.760000228881836,16.770000457763672,11.869763374328613,3533700.0,ASML
2008-10-03,140.5,144.89999389648438,130.39999389648438,130.80000305175778,130.80000305175778,92200.0,ASNA
2008-10-03,47.86999893188477,48.61999893188477,46.72000122070313,46.7599983215332,30.53179359436035,160300.0,ASR
2008-10-03,3.440000057220459,3.4600000381469727,3.0699999332427983,3.0799999237060547,3.0799999237060547,220800.0,ASRT
2008-10-03,2.8499999046325684,2.8499999046325684,2.8499999046325684,2.8499999046325684,2.5250678062438965,0.0,ASRV
2008-10-03,19.239999771118164,19.239999771118164,19.239999771118164,19.239999771118164,7.521824836730957,0.0,ASRVP
2008-10-03,1.6499999761581419,1.75,1.6499999761581419,1.6499999761581419,1.6499999761581419,300.0,ASTC
2008-10-03,26.88999938964844,27.309999465942386,25.059999465942386,25.07999992370605,22.57314300537109,190800.0,ASTE
2008-10-03,1.9333332777023315,2.0,1.7999999523162842,1.9333332777023315,1.9333332777023315,3900.0,ASUR
2008-10-03,2.5799999237060547,2.6600000858306885,2.5699999332427983,2.5799999237060547,1.6792731285095217,396300.0,ASX
2008-10-03,9.5,9.5,9.350000381469727,9.380000114440918,9.380000114440918,20000.0,ASYS
2008-10-03,6.28000020980835,6.28000020980835,6.25,6.25,2.3177223205566406,3300.0,ATAX
2008-10-03,52.20000076293945,55.43999862670898,50.7599983215332,51.959999084472656,51.959999084472656,6300.0,ATEC
2008-10-03,48.5,49.099998474121094,46.56000137329102,46.849998474121094,43.43962097167969,774900.0,ATGE
2008-10-03,20.459999084472656,21.0,20.459999084472656,20.940000534057614,20.940000534057614,1200.0,ATHE
2008-10-03,1.7799999713897705,1.7799999713897705,1.25,1.7200000286102295,1.7200000286102295,9600.0,ATHX
2008-10-03,25.8700008392334,27.899999618530273,25.190000534057614,25.420000076293945,21.47638320922852,3817900.0,ATI
2008-10-03,3.2999999523162837,3.400000095367432,3.0899999141693115,3.1700000762939453,2.7079010009765625,368200.0,ATLC
2008-10-03,25.25,26.979999542236328,25.239999771118164,25.520000457763672,17.985244750976562,6500.0,ATLO
2008-10-03,27.40999984741211,28.209999084472656,26.5,26.5,21.21605682373047,29800.0,ATNI
2008-10-03,27.979999542236328,28.25,27.6200008392334,27.6200008392334,18.726116180419922,696200.0,ATO
2008-10-03,38.54999923706055,39.0099983215332,36.29999923706055,36.52000045776367,30.309856414794922,383700.0,ATR
2008-10-03,9.329999923706056,9.329999923706056,8.159999847412111,9.25,9.25,31400.0,ATRC
2008-10-03,108.1500015258789,111.0,103.0,104.26000213623048,84.3675537109375,5300.0,ATRI
2008-10-03,7.103039264678955,7.206787109375,5.594986438751222,6.328633785247803,5.237359523773193,85900.0,ATRO
2008-10-03,0.6499999761581421,0.6899999976158142,0.6000000238418579,0.6899999976158142,0.6899999976158142,37100.0,ATRS
2008-10-03,0.6000000238418579,0.6800000071525574,0.5799999833106995,0.6100000143051147,0.6100000143051147,112500.0,ATSG
2008-10-03,35.13333511352539,36.400001525878906,34.66666793823242,35.93333435058594,12.356996536254885,2100.0,ATV
2008-10-03,13.0,13.619999885559082,12.020000457763672,12.539999961853027,11.311772346496582,20082000.0,ATVI
2008-10-03,19.36000061035156,20.530000686645508,19.040000915527344,19.96999931335449,18.730770111083984,2284100.0,AU
2008-10-03,23.959999084472656,25.0,23.01000022888184,23.01000022888184,17.262210845947266,16200.0,AUB
2008-10-03,22.209999084472656,22.209999084472656,22.209999084472656,22.209999084472656,15.213878631591795,0.0,AUBN
2008-10-03,2.539999961853028,2.539999961853028,2.309999942779541,2.309999942779541,2.173580884933472,65000.0,AUDC
2008-10-03,4.800000190734863,5.25,4.800000190734863,4.900000095367432,4.900000095367432,7500.0,AUTO
2008-10-03,6.8400001525878915,7.460000038146973,6.769999980926514,6.860000133514403,5.925107002258301,21825800.0,AUY
2008-10-03,21.959999084472656,22.13999938964844,21.21999931335449,21.26000022888184,13.398248672485352,230200.0,AVA
2008-10-03,30.85000038146973,32.330001831054695,30.59000015258789,31.25,31.25,224500.0,AVAV
2008-10-03,92.77999877929688,93.93000030517578,85.0,86.13999938964844,57.97492599487305,2317800.0,AVB
2008-10-03,13.720000267028807,14.149999618530273,12.739999771118164,12.739999771118164,11.93486213684082,87800.0,AVD
2008-10-03,7.130000114440918,7.3499999046325675,6.949999809265138,7.199999809265138,7.199999809265138,260100.0,AVDL
2008-10-03,24.229999542236328,24.229999542236328,21.450000762939453,21.530000686645508,21.530000686645508,686100.0,AVID
2008-10-03,15.390000343322756,15.84000015258789,14.899999618530273,15.1899995803833,5.827806949615479,49200.0,AVK
2008-10-03,88.68000030517578,91.1999969482422,86.04000091552734,89.5199966430664,89.5199966430664,22800.0,AVNW
2008-10-03,22.030000686645508,23.399999618530273,21.649999618530273,21.739999771118164,19.384355545043945,1443300.0,AVT
2008-10-03,8.0,8.079999923706055,8.0,8.079999923706055,8.079999923706055,500.0,AVXL
2008-10-03,43.22999954223633,44.06999969482422,42.22999954223633,42.34000015258789,30.96565246582031,1542400.0,AVY
2008-10-03,9.649999618530273,9.75,9.420000076293944,9.520000457763672,3.190640687942505,163700.0,AWF
2008-10-03,28.31999969482422,28.739999771118164,26.8700008392334,27.07999992370605,16.901355743408207,239200.0,AWI
2008-10-03,20.399999618530273,20.649999618530273,19.71999931335449,19.93000030517578,14.557403564453125,521100.0,AWK
2008-10-03,6.21999979019165,6.6599998474121085,6.03000020980835,6.130000114440918,1.9580944776535036,534100.0,AWP
2008-10-03,19.44499969482422,19.75,18.850000381469727,18.86000061035156,12.17787265777588,135400.0,AWR
2008-10-03,2.9600000381469727,2.9600000381469727,2.890000104904175,2.900000095367432,1.3103227615356443,13800.0,AWRE
2008-10-03,2.700000047683716,2.900000095367432,2.700000047683716,2.900000095367432,2.900000095367432,3500.0,AWX
2008-10-03,1.5,1.5,1.3849999904632568,1.4674999713897705,1.4674999713897705,4400.0,AX
2008-10-03,2.700000047683716,2.700000047683716,2.0999999046325684,2.0999999046325684,2.0999999046325684,340800.0,AXAS
2008-10-03,3.759999990463257,3.759999990463257,3.759999990463257,3.759999990463257,3.759999990463257,900.0,AXDX
2008-10-03,57.0099983215332,59.11999893188477,54.22000122070313,54.33000183105469,45.18276977539063,559900.0,AXE
2008-10-03,3.5,4.0,3.5,3.9500000476837163,3.324009418487549,2800.0,AXGN
2008-10-03,5.139999866485597,5.480000019073486,4.570000171661377,4.679999828338623,4.643437385559082,1203500.0,AXL
2008-10-03,1.6000000238418581,1.6000000238418581,1.6000000238418581,1.6000000238418581,1.3532403707504272,0.0,AXO
2008-10-03,33.34999847412109,33.5,30.5,30.8700008392334,25.45394515991211,14319600.0,AXP
2008-10-03,38.599998474121094,41.83000183105469,38.150001525878906,38.15999984741211,38.15999984741211,14000.0,AXR
2008-10-03,29.690000534057614,30.36000061035156,29.01000022888184,29.649999618530273,21.723363876342773,1291100.0,AXS
2008-10-03,1.75,2.0899999141693115,1.559999942779541,1.75,1.75,565800.0,AXTI
2008-10-03,1.7100000381469729,1.75,1.6599999666213991,1.7100000381469729,1.7100000381469729,96100.0,AXU
2008-10-03,37.61000061035156,39.810001373291016,36.560001373291016,36.560001373291016,33.720382690429695,404600.0,AYI
2008-10-03,17560.9765625,17560.9765625,17560.9765625,17560.9765625,17560.9765625,0.0,AYTU
2008-10-03,22.375,22.80500030517578,22.045000076293945,22.13500022888184,8.473113059997559,5255800.0,AZN
2008-10-03,118.0999984741211,120.72000122070312,117.18000030517578,117.4000015258789,117.4000015258789,1101600.0,AZO
2008-10-03,12.5,12.5,11.949999809265135,12.0,12.0,225000.0,AZPN
2008-10-03,18.665000915527344,20.59499931335449,18.665000915527344,18.95499992370605,14.947372436523438,585400.0,AZZ
2008-10-03,16.959999084472653,17.40999984741211,15.880000114440918,15.880000114440918,13.133907318115234,550900.0,B
2008-10-03,54.0,56.4000015258789,53.7599983215332,53.83000183105469,39.76838302612305,9312300.0,BA
2008-10-03,37.86000061035156,38.5,34.02000045776367,34.47999954223633,29.95699691772461,71040700.0,BAC
2008-10-03,10.31999969482422,10.5,10.260000228881836,10.369999885559082,5.344940662384033,19100.0,BAF
2008-10-03,36.63000106811523,36.63000106811523,36.63000106811523,36.63000106811523,36.63000106811523,0.0,BAL
2008-10-03,14.407109260559082,15.05169677734375,13.61550998687744,14.16397476196289,10.482250213623047,4047500.0,BAM
2008-10-03,11.0,11.0,10.970000267028807,11.0,7.394415855407715,1300.0,BANC
2008-10-03,24.0,24.0,22.69499969482422,22.76000022888184,17.277183532714847,39800.0,BANF
2008-10-03,24.0,24.0,24.0,24.0,11.087812423706056,0.0,BANFP
2008-10-03,90.6500015258789,102.97000122070312,87.22000122070312,91.0,71.91947174072266,10400.0,BANR
2008-10-03,57.17035675048828,57.17035675048828,52.30028915405274,52.40615844726562,36.588417053222656,356300.0,BAP
2008-10-03,4.789999961853027,4.789999961853027,4.789999961853027,4.789999961853027,4.789999961853027,0.0,BASI
2008-10-03,36.572513580322266,37.5665397644043,36.37153625488281,36.45844650268555,25.19717025756836,11426500.0,BAX
2008-10-03,64.11000061035156,66.94999694824219,60.93000030517578,60.959999084472656,60.959999084472656,31042800.0,BB
2008-10-03,4.138840198516847,4.349736213684082,4.130052566528319,4.138840198516847,3.071352481842041,59800.0,BBAR
2008-10-03,30.8799991607666,30.90999984741211,29.190000534057614,29.34000015258789,25.448917388916016,7197500.0,BBBY
2008-10-03,8.990734100341797,9.266216278076172,8.151765823364258,8.220636367797853,4.7674736976623535,13434300.0,BBD
2008-10-03,12.0,12.0,11.0600004196167,11.619999885559082,3.3181850910186768,16400.0,BBDC
2008-10-03,11.270000457763672,11.5,11.18000030517578,11.40999984741211,5.604470729827881,11000.0,BBF
2008-10-03,2.0,2.0899999141693115,1.75,2.0899999141693115,1.6025040149688718,13600.0,BBGI
2008-10-03,132.30000305175778,134.39999389648438,122.5,126.0,126.0,2100.0,BBI
2008-10-03,12.149999618530273,12.149999618530273,11.670000076293945,11.899999618530273,5.680284023284912,28900.0,BBK
2008-10-03,40.209999084472656,43.61000061035156,40.08000183105469,41.0,23.70873832702637,977000.0,BBL
2008-10-03,6.190000057220459,6.199999809265138,5.800000190734862,5.960000038146973,5.960000038146973,18500.0,BBQ
2008-10-03,12.43000030517578,13.279999732971193,11.970000267028807,12.18000030517578,9.653366088867188,43700.0,BBSI
2008-10-03,15.900174140930176,16.684053421020508,15.629202842712402,15.803399085998535,8.669248580932617,699000.0,BBVA
2008-10-03,6.579999923706055,6.71999979019165,6.28000020980835,6.320000171661378,6.320000171661378,143700.0,BBW
2008-10-03,0.550000011920929,0.6100000143051147,0.550000011920929,0.5799999833106995,0.2830491662025452,15400.0,BBX
2008-10-03,34.900001525878906,35.5,33.360000610351555,33.68000030517578,25.252931594848636,6768600.0,BBY
2008-10-03,12.149999618530273,12.380000114440918,10.770000457763672,10.859999656677246,9.644072532653807,3008300.0,BC
2008-10-03,13.25,13.25,13.25,13.25,7.68483829498291,300.0,BCBP
2008-10-03,183.6000061035156,183.6000061035156,183.6000061035156,183.6000061035156,183.6000061035156,0.0,BCDA
2008-10-03,32.40999984741211,33.810001373291016,32.299999237060554,32.299999237060554,16.135107040405273,826000.0,BCE
2008-10-03,11.641189575195312,11.72703456878662,11.420445442199707,11.527751922607422,6.563056945800781,72300.0,BCH
2008-10-03,2.549999952316284,2.549999952316284,2.400000095367432,2.400000095367432,2.400000095367432,1200.0,BCLI
2008-10-03,7.5999999046325675,7.5999999046325675,7.5999999046325675,7.5999999046325675,7.5999999046325675,0.0,BCML
2008-10-03,57.13000106811523,58.599998474121094,54.81999969482422,55.0099983215332,26.11981201171875,691800.0,BCO
2008-10-03,7.059999942779541,7.059999942779541,7.059999942779541,7.059999942779541,2.488356113433838,0.0,BCOM
2008-10-03,10.600000381469727,10.6899995803833,10.100000381469727,10.109999656677246,10.109999656677246,295200.0,BCOR
2008-10-03,17.31333351135254,17.65333366394043,16.633333206176758,16.719999313354492,15.779704093933105,170100.0,BCPC
2008-10-03,2.440000057220459,2.700000047683716,2.400000095367432,2.4100000858306885,2.4100000858306885,89500.0,BCRX
2008-10-03,23.84331703186035,25.179723739624023,22.17511558532715,22.774192810058594,17.022405624389652,2008500.0,BCS
2008-10-03,9.768963813781738,9.768963813781738,9.768963813781738,9.768963813781738,6.026951789855957,0.0,BCTF
2008-10-03,13.5,13.5,13.010000228881836,13.010000228881836,7.055355548858643,3500.0,BCV
2008-10-03,27.959999084472656,29.1299991607666,26.8799991607666,27.34000015258789,25.82025146484375,856000.0,BDC
2008-10-03,20.25,20.25,20.25,20.25,13.429184913635256,0.0,BDGE
2008-10-03,9.039999961853027,9.270000457763672,8.8100004196167,8.890000343322754,3.313756465911865,239300.0,BDJ
2008-10-03,5.449999809265137,5.449999809265137,5.449999809265137,5.449999809265137,4.9218831062316895,0.0,BDL
2008-10-03,14.520000457763672,14.550000190734865,12.90999984741211,12.9399995803833,7.1198601722717285,1132800.0,BDN
2008-10-03,1.0,1.0,0.9800000190734864,0.9800000190734864,0.9800000190734864,3500.0,BDR
2008-10-03,2.299999952316284,2.5799999237060547,2.299999952316284,2.559999942779541,2.559999942779541,30500.0,BDSI
2008-10-03,81.02999877929688,81.87999725341797,79.91000366210938,80.23999786376953,65.23776245117189,1937700.0,BDX
2008-10-03,0.07999999821186066,0.07999999821186066,0.07999999821186066,0.07999999821186066,0.07999999821186066,0.0,BE
2008-10-03,24.28000068664551,24.61000061035156,23.739999771118164,23.75,23.75,91400.0,BEAT
2008-10-03,14.06999969482422,14.380000114440918,13.520000457763672,13.5600004196167,13.5600004196167,1152200.0,BECN
2008-10-03,28.15999984741211,28.15999984741211,25.6299991607666,25.6299991607666,21.885883331298828,2500.0,BELFA
2008-10-03,28.229999542236328,29.399999618530273,27.149999618530273,27.20000076293945,22.93927574157715,31900.0,BELFB
2008-10-03,30.45000076293945,30.83333396911621,27.553333282470703,27.553333282470703,19.669347763061523,4013400.0,BEN
2008-10-03,16.319999694824222,16.649999618530273,16.319999694824222,16.319999694824222,7.328590393066406,3200.0,BEP
2008-10-03,13.0,13.0,13.0,13.0,10.734020233154297,0.0,BFC
2008-10-03,14.0,14.989999771118164,14.0,14.59000015258789,11.724024772644045,38900.0,BFIN
2008-10-03,10.3100004196167,10.579999923706056,10.220000267028807,10.5,5.035512924194336,111900.0,BFK
2008-10-03,11.100000381469727,11.239999771118164,11.100000381469727,11.100000381469727,7.341500759124756,1700.0,BFO
2008-10-03,46.65999984741211,46.65999984741211,43.040000915527344,43.849998474121094,28.366565704345703,157100.0,BFS
2008-10-03,11.270000457763672,11.6899995803833,11.270000457763672,11.270000457763672,5.803831577301025,7700.0,BFY
2008-10-03,13.329999923706055,13.329999923706055,12.56999969482422,12.579999923706055,6.386609554290772,31700.0,BFZ
2008-10-03,51.06000137329102,55.59000015258789,49.25,50.31000137329102,39.53298568725586,3712800.0,BG
2008-10-03,2.372990369796753,2.55948543548584,2.3279743194580083,2.3472669124603267,0.9113883972167968,316200.0,BGCP
2008-10-03,9.989999771118164,10.149999618530273,9.079999923706056,9.1899995803833,5.513774871826172,129400.0,BGFV
2008-10-03,16.299999237060547,16.899999618530273,15.460000038146973,15.520000457763672,11.199859619140623,555700.0,BGG
2008-10-03,1.2799999713897705,1.2999999523162842,1.2799999713897705,1.2999999523162842,1.2999999523162842,900.0,BGI
2008-10-03,20.46999931335449,22.1200008392334,20.459999084472656,21.36000061035156,7.892129898071289,229200.0,BGR
2008-10-03,6.699999809265138,6.699999809265138,6.21999979019165,6.28000020980835,3.2180581092834477,290100.0,BGS
2008-10-03,11.56999969482422,11.739999771118164,11.5,11.5,4.967070579528809,81400.0,BGT
2008-10-03,10.8100004196167,10.93000030517578,10.380000114440918,10.600000381469727,3.0972132682800293,407700.0,BGY
2008-10-03,148.45736694335938,151.21615600585938,143.28463745117188,143.28463745117188,143.28463745117188,36600.0,BH
2008-10-03,12.133333206176758,12.133333206176758,12.0,12.0,6.054811954498291,2800.0,BHB
2008-10-03,9.600000381469727,9.81999969482422,9.510000228881836,9.510000228881836,8.152776718139647,552400.0,BHC
2008-10-03,13.630000114440918,14.020000457763672,13.260000228881836,13.270000457763672,12.577035903930664,578300.0,BHE
2008-10-03,0.07800000160932541,0.09000000357627869,0.07800000160932541,0.09000000357627869,0.09000000357627869,25000.0,BHF
2008-10-03,10.510000228881836,10.649999618530273,10.329999923706056,10.56999969482422,4.9215593338012695,52000.0,BHK
2008-10-03,30.0,30.04999923706055,27.57999992370605,27.81999969482422,20.000690460205078,15800.0,BHLB
2008-10-03,46.63999938964844,50.41999816894531,46.22000122070313,47.099998474121094,29.08900451660156,5572500.0,BHP
2008-10-03,12.5,12.5,12.5,12.5,7.826462745666504,0.0,BHR
2008-10-03,20.0,20.0,17.8799991607666,17.8799991607666,9.993377685546877,3500.0,BHV
2008-10-03,23.87800025939941,24.37899971008301,22.05299949645996,22.23699951171875,22.23699951171875,27861000.0,BIDU
2008-10-03,6.050000190734862,6.300000190734862,5.920000076293945,5.960000038146973,4.061290740966797,106800.0,BIF
2008-10-03,27.770000457763672,28.1299991607666,27.1299991607666,27.239999771118164,23.06258773803711,3349000.0,BIG
2008-10-03,50.1500015258789,52.36000061035156,50.1500015258789,50.5,50.5,4086600.0,BIIB
2008-10-03,2.0999999046325684,2.0999999046325684,2.0999999046325684,2.0999999046325684,2.0999999046325684,600.0,BIMI
2008-10-03,96.83999633789062,98.98999786376952,93.25,93.33000183105469,93.33000183105469,66300.0,BIO
2008-10-03,9.584077835083008,9.584077835083008,8.524299621582031,8.75468635559082,8.75468635559082,7600.0,BIOL
2008-10-03,10.4399995803833,10.613333702087402,10.186666488647461,10.466666221618652,4.525925159454347,89400.0,BIP
2008-10-03,12.149999618530273,12.149999618530273,10.84000015258789,10.859999656677246,10.566917419433594,368000.0,BJRI
2008-10-03,32.610000610351555,33.81999969482422,29.459999084472656,29.78000068664551,23.73271942138672,10708200.0,BK
2008-10-03,11.619999885559082,11.619999885559082,11.0600004196167,11.1899995803833,3.069843292236328,57100.0,BKCC
2008-10-03,21.200000762939453,21.600000381469727,19.739999771118164,20.5,20.222972869873047,333100.0,BKD
2008-10-03,32.72467041015625,33.51886367797852,30.582950592041016,30.68710708618164,17.612403869628906,1637800.0,BKE
2008-10-03,30.5,31.59000015258789,30.25,30.35000038146973,19.613636016845703,293100.0,BKH
2008-10-03,12.399999618530273,12.529999732971193,12.239999771118164,12.390000343322756,7.670877933502197,36100.0,BKK
2008-10-03,10.90999984741211,11.199999809265137,10.899999618530273,11.140000343322754,5.335306644439697,51100.0,BKN
2008-10-03,61.709999084472656,62.18000030517578,57.849998474121094,58.1500015258789,58.1500015258789,1949600.0,BKNG
2008-10-03,51.52000045776367,53.58000183105469,49.31000137329102,49.33000183105469,28.60417175292969,8028600.0,BKR
2008-10-03,10.198347091674805,10.198347091674805,10.123967170715332,10.123967170715332,6.765810489654541,1600.0,BKSC
2008-10-03,5.739999771118164,5.869999885559082,5.739999771118164,5.78000020980835,2.9601736068725586,88400.0,BKT
2008-10-03,1.100000023841858,1.149999976158142,1.0599999427795408,1.100000023841858,0.9368953704833984,11500.0,BKTI
2008-10-03,1.0800000429153442,1.2000000476837158,1.0800000429153442,1.0800000429153442,1.0800000429153442,3800.0,BKYI
2008-10-03,8.850000381469727,9.100000381469727,8.850000381469727,9.100000381469727,9.100000381469727,30000.0,BLBD
2008-10-03,9.263649940490724,9.263649940490724,9.263649940490724,9.263649940490724,9.263649940490724,0.0,BLD
2008-10-03,3.309999942779541,3.4500000476837163,2.9600000381469727,2.9600000381469727,2.9600000381469727,449900.0,BLDP
2008-10-03,5.210000038146973,5.710000038146973,4.75,4.78000020980835,4.78000020980835,66800.0,BLDR
2008-10-03,10.829999923706056,11.079999923706056,10.829999923706056,11.079999923706056,5.3166584968566895,60200.0,BLE
2008-10-03,0.8399999737739563,0.8399999737739563,0.8399999737739563,0.8399999737739563,0.8399999737739563,0.0,BLFS
2008-10-03,1500.0,1500.0,1262.5,1337.5,1337.5,0.0,BLIN
2008-10-03,175.0500030517578,195.0,175.0500030517578,182.5,134.13298034667972,725400.0,BLK
2008-10-03,18.18000030517578,18.350000381469727,16.979999542236328,17.010000228881836,14.585604667663574,303700.0,BLKB
2008-10-03,9.385000228881836,9.425000190734863,8.897500038146973,8.954999923706055,7.238985061645508,5888000.0,BLL
2008-10-03,76.89530944824219,89.89169311523438,74.72924041748047,82.31047058105469,82.31047058105469,1100.0,BLU
2008-10-03,12.149999618530273,12.90999984741211,12.149999618530273,12.239999771118164,5.106344699859619,67200.0,BLW
2008-10-03,14.6899995803833,14.75,13.399999618530273,13.460000038146973,6.829001426696777,333500.0,BLX
2008-10-03,19.11000061035156,19.38999938964844,18.0,18.739999771118164,14.608354568481445,46300.0,BMA
2008-10-03,25.0,25.29999923706055,23.6299991607666,23.899999618530273,8.423994064331055,27500.0,BME
2008-10-03,21.375,21.825000762939453,20.71500015258789,21.084999084472656,16.01151466369629,346000.0,BMI
2008-10-03,44.0,44.25,39.2599983215332,39.2599983215332,21.06959342956543,530100.0,BMO
2008-10-03,0.9399999976158142,0.9399999976158142,0.9399999976158142,0.9399999976158142,0.9399999976158142,1200.0,BMRA
2008-10-03,14.53499984741211,16.5,14.53499984741211,15.529999732971193,12.567323684692385,8800.0,BMRC
2008-10-03,25.21999931335449,25.920000076293945,25.03000068664551,25.489999771118164,25.489999771118164,1562600.0,BMRN
2008-10-03,21.770000457763672,24.0,21.770000457763672,23.520000457763672,17.136259078979492,6500.0,BMTC
2008-10-03,20.6299991607666,20.940000534057614,20.309999465942386,20.43000030517578,13.638011932373047,14864200.0,BMY
2008-10-03,43.81999969482422,44.959999084472656,43.52999877929688,43.54999923706055,23.8476619720459,259200.0,BNS
2008-10-03,1.2799999713897705,1.3700000047683716,1.2699999809265137,1.3700000047683716,1.3700000047683716,1400.0,BNSO
2008-10-03,12.90999984741211,12.970000267028807,12.81999969482422,12.81999969482422,6.655336380004883,14100.0,BNY
2008-10-03,6.440000057220459,6.440000057220459,6.0,6.0,4.443153858184815,4300.0,BOCH
2008-10-03,17.600000381469727,18.09000015258789,17.489999771118164,17.700000762939453,5.1212120056152335,57400.0,BOE
2008-10-03,54.31000137329102,57.81000137329102,53.0,53.0,35.82803726196289,275600.0,BOH
2008-10-03,55.0,55.0,51.84000015258789,51.84000015258789,38.80149841308594,108100.0,BOKF
2008-10-03,20.8799991607666,22.989999771118164,20.229999542236328,20.420000076293945,18.643943786621094,466900.0,BOOM
2008-10-03,15.300000190734865,16.0,15.300000190734865,15.850000381469727,15.850000381469727,1201.0,BOOT
2008-10-03,15.800000190734865,15.800000190734865,15.800000190734865,15.800000190734865,15.800000190734865,0.0,BOSC
2008-10-03,10.51948070526123,10.51948070526123,10.51948070526123,10.51948070526123,9.416953086853027,0.0,BOTJ
2008-10-03,47.6500015258789,50.11000061035156,47.31000137329102,47.75,25.604232788085934,9310700.0,BP
2008-10-03,9.210000038146973,10.0,9.039999961853027,9.06999969482422,7.044631481170653,787200.0,BPFH
2008-10-03,81.0999984741211,86.0,76.0,76.0,66.51160430908203,104500.0,BPOP
2008-10-03,22.020000457763672,22.11000061035156,21.899999618530273,22.0,8.759378433227539,9700.0,BPOPN
2008-10-03,89.58999633789062,95.0,88.5,88.5,23.49185943603516,244100.0,BPT
2008-10-03,280.0,280.0,280.0,280.0,280.0,0.0,BPTH
2008-10-03,11.850000381469727,11.93000030517578,11.699999809265135,11.890000343322756,6.175371170043945,12400.0,BQH
2008-10-03,14.75,15.109999656677244,14.09000015258789,14.199999809265135,10.964210510253906,1343200.0,BR
2008-10-03,34.59000015258789,35.2400016784668,33.279998779296875,33.810001373291016,25.19200897216797,735000.0,BRC
2008-10-03,3.7899999618530273,3.7899999618530273,3.5999999046325684,3.5999999046325684,3.5999999046325684,12300.0,BREW
2008-10-03,8.502499580383299,8.994999885559082,8.050000190734862,8.107500076293945,7.2609782218933105,606400.0,BRFS
2008-10-03,5.489999771118164,5.489999771118164,5.480000019073486,5.480000019073486,5.338825225830078,200.0,BRID
2008-10-03,12.260000228881836,12.869999885559082,10.949999809265137,10.960000038146973,7.381930828094482,360800.0,BRKL
2008-10-03,12.630000114440918,13.0,12.210000038146973,12.220000267028807,11.956705093383787,386300.0,BRKR
2008-10-03,7.8499999046325675,8.239999771118164,7.639999866485597,7.6500000953674325,6.07159423828125,724200.0,BRKS
2008-10-03,9.130000114440918,9.199999809265137,8.800000190734863,9.0,9.0,13800.0,BRN
2008-10-03,10.835000038146973,11.015000343322754,10.649999618530273,10.760000228881836,8.089870452880861,1977400.0,BRO
2008-10-03,8.350000381469728,8.729999542236326,7.300000190734862,7.5,5.208640098571777,37500.0,BRT
2008-10-03,2.25,2.299999952316284,2.25,2.299999952316284,2.076937198638916,2100.0,BRY
2008-10-03,11.114500045776367,11.114500045776367,11.114500045776367,11.114500045776367,10.391206741333008,0.0,BSA
2008-10-03,15.86923122406006,16.038461685180664,14.615385055541992,15.384614944458008,9.466391563415527,438600.0,BSAC
2008-10-03,10.289999961853027,10.43000030517578,10.09000015258789,10.09000015258789,4.921052932739258,21600.0,BSD
2008-10-03,11.279999732971193,11.460000038146973,11.199999809265137,11.460000038146973,6.202627182006836,9900.0,BSE
2008-10-03,8.689999580383299,8.689999580383299,8.25,8.609999656677246,5.732923984527588,40700.0,BSET
2008-10-03,0.08267000317573547,0.08399999886751175,0.08133000135421753,0.08399999886751175,0.05648466199636459,1560750.0,BSM
2008-10-03,3.5299999713897705,3.5299999713897705,3.4100000858306885,3.4100000858306885,3.4100000858306885,13500.0,BSQR
2008-10-03,20.170000076293945,21.549999237060547,19.6200008392334,19.6200008392334,14.791068077087402,5200.0,BSRR
2008-10-03,16.75,17.899999618530273,16.75,17.899999618530273,17.899999618530273,1000.0,BSTC
2008-10-03,11.520000457763672,11.710000038146973,11.010000228881836,11.050000190734863,11.050000190734863,13379500.0,BSX
2008-10-03,9.0,9.079999923706056,8.920000076293945,8.949999809265137,4.344675540924071,32600.0,BTA
2008-10-03,23.0,24.040000915527344,21.21999931335449,21.559999465942386,13.477914810180664,822400.0,BTE
2008-10-03,0.4900000095367432,0.4900000095367432,0.4900000095367432,0.4900000095367432,0.486168771982193,0.0,BTG
2008-10-03,33.700000762939446,34.650001525878906,33.630001068115234,33.630001068115234,13.694421768188475,607800.0,BTI
2008-10-03,1.9600000381469729,2.0,1.8999999761581419,1.8999999761581419,1.8999999761581419,2200.0,BTN
2008-10-03,20.399999618530273,21.600000381469727,19.799999237060547,20.0,10.137499809265137,70000.0,BTO
2008-10-03,9.59000015258789,9.829999923706056,9.300000190734863,9.5,3.717514514923096,353000.0,BTZ
2008-10-03,55.47000122070313,57.0,55.08000183105469,55.83000183105469,37.68014144897461,15300.0,BUSE
2008-10-03,20.76000022888184,22.940000534057614,20.01000022888184,20.8700008392334,19.128755569458008,1282800.0,BVN
2008-10-03,15.0,18.5,15.0,17.25,17.25,2600.0,BVSN
2008-10-03,14.295000076293945,14.824999809265135,13.850000381469727,13.920000076293945,12.331829071044922,5251400.0,BWA
2008-10-03,93.0,93.0,84.0999984741211,84.0999984741211,84.0999984741211,9700.0,BWEN
2008-10-03,14.8100004196167,15.949999809265135,14.789999961853027,15.34000015258789,7.187263488769531,1650100.0,BX
2008-10-03,51.4000015258789,51.4000015258789,48.599998474121094,48.79999923706055,48.79999923706055,9100.0,BXC
2008-10-03,6.130000114440918,6.199999809265138,5.5900001525878915,5.5900001525878915,5.051315307617188,66007.0,BXG
2008-10-03,112.5,122.5,106.0999984741211,106.4000015258789,29.069032669067386,9200.0,BXMT
2008-10-03,13.0,13.210000038146973,12.949999809265135,12.949999809265135,4.858297348022461,104800.0,BXMX
2008-10-03,82.0,85.20999908447266,79.11000061035156,81.19000244140625,59.80163955688477,3809800.0,BXP
2008-10-03,28.25,29.0,27.020000457763672,28.59000015258789,22.565866470336914,656400.0,BXS
2008-10-03,9.0,9.0,7.769999980926514,8.039999961853027,7.857037544250487,2599000.0,BYD
2008-10-03,7.860000133514403,7.860000133514403,7.860000133514403,7.860000133514403,7.4081525802612305,0.0,BYFC
2008-10-03,11.399999618530273,11.670000076293945,11.34000015258789,11.390000343322756,5.819365501403809,35600.0,BYM
2008-10-03,30.10000038146973,33.799999237060554,28.45000076293945,28.60000038146973,28.60000038146973,339000.0,BZH
2008-10-03,14.649999618530273,14.649999618530273,14.649999618530273,14.649999618530273,8.355398178100586,0.0,BZM
2008-10-03,194.5,209.0,177.0,183.5,167.98097229003906,29571900.0,C
2008-10-03,4.099999904632568,4.099999904632568,3.75,3.7799999713897705,3.704147100448608,26400.0,CAAS
2008-10-03,22.399999618530273,22.66666603088379,20.86000061035156,22.040000915527344,15.515427589416506,19200.0,CAC
2008-10-03,17.270000457763672,18.84000015258789,16.360000610351562,16.420000076293945,16.420000076293945,11300.0,CACC
2008-10-03,51.31999969482422,51.97000122070313,50.38000106811523,50.5099983215332,50.5099983215332,568500.0,CACI
2008-10-03,7.119999885559082,7.25,6.949999809265138,6.96999979019165,5.599176406860352,53500.0,CAE
2008-10-03,28.270000457763672,29.84000015258789,28.20000076293945,28.399999618530273,8.169214248657228,176800.0,CAF
2008-10-03,15.307393074035645,15.603113174438475,15.307393074035645,15.439688682556152,9.936131477355957,7832000.0,CAG
2008-10-03,50.88999938964844,51.27999877929688,49.84000015258789,50.06999969482422,26.67984390258789,2962400.0,CAH
2008-10-03,8.529999732971191,9.06999969482422,8.060000419616701,8.060000419616701,8.060000419616701,168900.0,CAI
2008-10-03,36.93000030517578,37.38999938964844,35.58000183105469,35.68000030517578,21.866270065307614,857100.0,CAJ
2008-10-03,13.979999542236328,14.0,12.720000267028807,12.800000190734865,10.976785659790039,2304500.0,CAKE
2008-10-03,15.119999885559082,15.779999732971193,14.460000038146973,14.550000190734865,11.577631950378418,528900.0,CAL
2008-10-03,13.154999732971193,14.395000457763672,13.095000267028807,13.875,10.69925308227539,1429600.0,CALM
2008-10-03,1.2599999904632568,1.4299999475479126,1.25,1.399999976158142,1.399999976158142,10600.0,CAMP
2008-10-03,0.8000000119209291,0.8299999833106995,0.8000000119209291,0.8199999928474426,0.7283554077148438,272100.0,CAMT
2008-10-03,1925.0,1925.0,1825.0,1900.0,1900.0,0.0,CAPR
2008-10-03,5.670000076293945,5.71999979019165,4.8400001525878915,5.329999923706055,5.329999923706055,1191700.0,CAR
2008-10-03,7.0,7.0,7.0,7.0,4.882594108581543,500.0,CARE
2008-10-03,101.25,101.25,101.25,101.25,90.79486083984376,300.0,CARV
2008-10-03,5.333333492279053,5.333333492279053,5.333333492279053,5.333333492279053,4.2890233993530265,6300.0,CASH
2008-10-03,4.2899999618530265,4.2899999618530265,3.5199999809265137,3.740000009536743,3.740000009536743,20000.0,CASI
2008-10-03,25.13774108886719,25.13774108886719,24.442148208618164,24.44903564453125,20.0769100189209,10600.0,CASS
2008-10-03,29.420000076293945,29.51000022888184,28.440000534057614,28.670000076293945,25.438232421875,489400.0,CASY
2008-10-03,53.70000076293945,55.6500015258789,50.97999954223633,51.209999084472656,35.94682693481445,11596500.0,CAT
2008-10-03,28.0,28.0,28.0,28.0,18.20622062683105,0.0,CATC
2008-10-03,7.440000057220459,7.960000038146973,7.139999866485597,7.260000228881836,7.260000228881836,19100.0,CATM
2008-10-03,16.5,16.5,15.5600004196167,15.5600004196167,9.165610313415527,186600.0,CATO
2008-10-03,3408.0,4080.0,3360.0,3600.0,3600.0,0.0,CATS
2008-10-03,25.68000030517578,26.5,23.25,23.25,19.4510440826416,297500.0,CATY
2008-10-03,54.61000061035156,56.0,52.63000106811523,52.75,33.51480484008789,3159600.0,CB
2008-10-03,10.010000228881836,10.010000228881836,10.0,10.0,9.210838317871094,800.0,CBAN
2008-10-03,17.600000381469727,17.950000762939453,17.200000762939453,17.25,17.25,39500.0,CBAT
2008-10-03,15.399999618530273,15.399999618530273,13.899999618530273,14.0,14.0,295900.0,CBB
2008-10-03,16.495000839233402,17.370000839233402,15.475000381469727,15.654999732971193,13.798544883728027,829800.0,CBD
2008-10-03,14.25,14.25,14.25,14.25,8.759007453918457,0.0,CBFV
2008-10-03,1.6000000238418581,1.6000000238418581,1.5,1.5499999523162842,1.329365611076355,330669.0,CBH
2008-10-03,611.0999755859375,645.75,573.2999877929688,585.9000244140625,435.0506286621094,100.0,CBIO
2008-10-03,18.309999465942386,18.34000015258789,13.949999809265135,14.609999656677244,5.453299522399902,3166600.0,CBL
2008-10-03,80.5999984741211,80.5999984741211,77.0,77.0,77.0,1400.0,CBLI
2008-10-03,5.0,5.0,5.0,5.0,5.0,3100.0,CBMG
2008-10-03,1.950000047683716,1.950000047683716,1.950000047683716,1.950000047683716,1.950000047683716,300.0,CBPO
2008-10-03,10.9399995803833,11.699999809265135,9.279999732971193,9.449999809265137,9.449999809265137,7621200.0,CBRE
2008-10-03,25.57999992370605,26.239999771118164,23.209999084472656,23.5,15.272303581237793,722600.0,CBRL
2008-10-03,35.87519454956055,36.57876968383789,33.863964080810554,33.863964080810554,25.68181037902832,489600.0,CBSH
2008-10-03,31.46999931335449,31.959999084472656,30.149999618530273,30.36000061035156,22.705625534057614,580700.0,CBT
2008-10-03,22.5,24.76000022888184,21.5,23.739999771118164,15.896889686584473,707500.0,CBU
2008-10-03,8.149999618530272,8.310000419616701,8.050000190734862,8.050000190734862,8.050000190734862,141100.0,CBZ
2008-10-03,3.150000095367432,3.150000095367432,3.150000095367432,3.150000095367432,3.150000095367432,0.0,CCB
2008-10-03,32.950000762939446,33.31999969482422,30.190000534057614,30.190000534057614,24.501697540283203,69100.0,CCBG
2008-10-03,68.95999908447266,68.95999908447266,68.40000152587889,68.40000152587889,61.20529556274414,200.0,CCCL
2008-10-03,16.479999542236328,16.540000915527347,15.90999984741211,15.90999984741211,6.157890796661378,2661400.0,CCEP
2008-10-03,12.68000030517578,12.720000267028807,12.239999771118164,12.720000267028807,10.523637771606444,91000.0,CCF
2008-10-03,25.40999984741211,26.709999084472656,24.649999618530273,25.020000457763672,19.965051651000977,3636800.0,CCI
2008-10-03,20.13999938964844,22.280000686645508,20.13999938964844,20.479999542236328,16.281000137329098,5580400.0,CCJ
2008-10-03,20.989999771118164,21.8700008392334,20.290000915527344,20.32999992370605,20.32999992370605,1725400.0,CCK
2008-10-03,34.779998779296875,34.900001525878906,32.700000762939446,32.740001678466804,23.71665954589844,9072300.0,CCL
2008-10-03,31.309999465942386,32.150001525878906,30.25,30.290000915527344,20.299774169921875,270200.0,CCMP
2008-10-03,11.949999809265135,11.949999809265135,11.25,11.880000114440918,7.720660209655763,1400.0,CCNE
2008-10-03,13.15999984741211,13.15999984741211,12.199999809265135,12.289999961853027,3.268378734588623,358600.0,CCO
2008-10-03,7.03000020980835,7.03000020980835,6.519999980926514,6.539999961853027,4.900468349456787,558100.0,CCOI
2008-10-03,15.390000343322756,15.949999809265135,14.5600004196167,14.59000015258789,14.59000015258789,137900.0,CCRN
2008-10-03,12.531999588012695,12.760000228881836,12.368000030517578,12.472000122070312,8.005936622619629,169500.0,CCU
2008-10-03,37.5,37.5,37.5,37.5,24.51335906982422,0.0,CCZ
2008-10-03,12.399999618530273,13.699999809265135,11.5,11.899999618530273,11.899999618530273,1140800.0,CDE
2008-10-03,11.550000190734865,12.25,11.550000190734865,11.550000190734865,8.712247848510742,4300.0,CDMO
2008-10-03,6.46999979019165,6.639999866485597,6.210000038146973,6.21999979019165,6.21999979019165,6217900.0,CDNS
2008-10-03,198.16993713378903,198.16993713378903,185.09803771972656,195.03268432617188,155.63409423828125,1800.0,CDOR
2008-10-03,12.880000114440918,12.9399995803833,11.8100004196167,12.260000228881836,7.333937644958496,267200.0,CDR
2008-10-03,4.5,4.5,4.5,4.5,4.5,0.0,CDXC
2008-10-03,18.700000762939453,19.0,16.709999084472653,17.149999618530273,17.149999618530273,44300.0,CDZI
2008-10-03,23.0,23.670000076293945,21.530000686645508,21.81999969482422,18.616769790649414,5109000.0,CE
2008-10-03,8.925000190734863,9.399999618530273,8.765000343322754,8.850000381469727,8.512304306030272,103800.0,CEA
2008-10-03,4.0300002098083505,4.059999942779541,3.880000114440918,3.9500000476837163,3.432824850082397,70400.0,CECE
2008-10-03,28.32999992370605,29.649999618530273,28.01000022888184,28.270000457763672,18.311748504638672,59900.0,CEE
2008-10-03,28320312.0,28320312.0,25585938.0,27929688.0,27929688.0,0.0,CEI
2008-10-03,29.899999618530273,30.270000457763672,29.57999992370605,29.65999984741211,17.59966278076172,152800.0,CEL
2008-10-03,1.399999976158142,1.399999976158142,1.0,1.0,1.0,14900.0,CELH
2008-10-03,1.6000000238418581,1.6000000238418581,1.2000000476837158,1.5199999809265137,1.5199999809265137,1100.0,CEMI
2008-10-03,6.460000038146973,6.460000038146973,5.380000114440918,5.5,5.5,161100.0,CENT
2008-10-03,5.980000019073486,6.019999980926514,5.199999809265137,5.289999961853027,5.289999961853027,497700.0,CENTA
2008-10-03,22.40999984741211,23.520000457763672,20.56999969482422,20.959999084472656,20.959999084472656,2314400.0,CENX
2008-10-03,107.3000030517578,112.0,104.0,104.68000030517578,66.88549041748047,460300.0,CEO
2008-10-03,119.55241394042969,123.85159301757812,117.37338256835938,117.4911651611328,67.1351318359375,31100.0,CEQP
2008-10-03,10.664999961853027,10.707500457763672,10.0649995803833,10.11750030517578,10.04107666015625,4004400.0,CERN
2008-10-03,4.110000133514403,4.329999923706056,3.990000009536743,3.990000009536743,3.990000009536743,157500.0,CERS
2008-10-03,21.75,21.959999084472656,21.350000381469727,21.399999618530273,10.458986282348633,15900.0,CET
2008-10-03,57.72999954223633,57.91999816894531,46.86999893188477,47.09000015258789,9.533560752868652,3191400.0,CETV
2008-10-03,10.0,10.25,9.869999885559082,10.0,5.211038589477539,38500.0,CEV
2008-10-03,8.260000228881836,8.470000267028809,7.5999999046325675,7.929999828338622,7.929999828338622,283600.0,CEVA
2008-10-03,12.12399959564209,12.699999809265135,11.071999549865724,11.295999526977539,6.810561180114746,34816500.0,CF
2008-10-03,93.9226531982422,93.9226531982422,93.9226531982422,93.9226531982422,92.40776824951172,0.0,CFBK
2008-10-03,23.149999618530273,23.989999771118164,23.149999618530273,23.5,15.375468254089355,1800.0,CFFI
2008-10-03,19.119140625,19.437204360961914,18.6022891998291,18.867341995239254,8.941906929016113,214100.0,CFFN
2008-10-03,58.97999954223633,62.40999984741211,56.15999984741211,56.290000915527344,39.564369201660156,517200.0,CFR
2008-10-03,14.520000457763672,14.90999984741211,12.899999618530273,12.960000038146973,12.960000038146973,496000.0,CFX
2008-10-03,36.0,36.0,34.799999237060554,34.799999237060554,33.21818161010742,1600.0,CGA
2008-10-03,1.6100000143051147,1.8200000524520876,1.6000000238418581,1.6499999761581419,1.6499999761581419,7200.0,CGEN
2008-10-03,4.882500171661377,5.074999809265137,4.744999885559082,4.860000133514403,4.2904086112976065,1819200.0,CGNX
2008-10-03,11.050000190734863,11.529999732971193,10.460000038146973,10.609999656677246,3.598917245864868,19700.0,CGO
2008-10-03,40.810001373291016,42.43999862670898,39.849998474121094,40.45000076293945,30.986839294433594,302200.0,CHA
2008-10-03,4.199999809265137,4.690000057220459,2.940000057220459,3.359999895095825,3.359999895095825,97000.0,CHCI
2008-10-03,41.560001373291016,44.7400016784668,41.54999923706055,41.54999923706055,27.26522445678711,70000.0,CHCO
2008-10-03,15.954999923706055,16.022499084472653,15.675000190734865,15.787500381469727,11.251193046569824,2436800.0,CHD
2008-10-03,14.876667022705078,15.306666374206545,13.960000038146973,13.960000038146973,12.435735702514648,152400.0,CHDN
2008-10-03,40.36000061035156,41.31999969482422,39.209999084472656,39.209999084472656,35.88787841796875,199900.0,CHE
2008-10-03,25.229999542236328,25.61000061035156,24.209999084472656,24.43000030517578,15.103249549865724,597100.0,CHH
2008-10-03,10.050000190734863,10.979999542236328,9.920000076293944,9.989999771118164,3.2137036323547363,152500.0,CHI
2008-10-03,28.90255355834961,30.1702938079834,27.209081649780273,27.360454559326172,24.772356033325195,25708000.0,CHK
2008-10-03,22.149999618530273,22.43000030517578,21.01000022888184,21.1200008392334,21.1200008392334,2637000.0,CHKP
2008-10-03,49.95000076293945,51.0,48.22999954223633,48.38000106811523,32.11923217773437,1985100.0,CHL
2008-10-03,23.5,23.5,23.5,23.5,15.4869384765625,800.0,CHMG
2008-10-03,26.0,26.170000076293945,25.0,25.059999465942386,7.09911584854126,52400.0,CHN
2008-10-03,12.539999961853027,12.989999771118164,12.119999885559082,12.199999809265135,12.199999809265135,28400.0,CHNR
2008-10-03,47.86999893188477,49.95000076293945,46.599998474121094,46.7599983215332,36.015438079833984,3048700.0,CHRW
2008-10-03,5.150000095367432,5.239999771118164,4.880000114440918,5.0,3.5684399604797363,4907400.0,CHS
2008-10-03,25.399999618530273,25.5,25.399999618530273,25.399999618530273,11.720650672912598,5700.0,CHSCP
2008-10-03,26.19292068481445,26.488370895385746,25.60201644897461,25.954286575317386,16.125301361083984,1322400.0,CHT
2008-10-03,14.0,14.68000030517578,13.90999984741211,14.09000015258789,12.139410972595215,1959400.0,CHU
2008-10-03,7.820000171661378,8.029999732971191,7.4099998474121085,7.610000133514403,2.4263019561767583,122200.0,CHW
2008-10-03,10.029999732971193,10.4399995803833,9.5600004196167,9.6899995803833,3.302140712738037,182100.0,CHY
2008-10-03,32.919998168945305,34.47999954223633,32.669998168945305,33.400001525878906,33.11024856567383,2105000.0,CI
2008-10-03,7.989999771118164,8.399999618530272,7.360000133514403,7.360000133514403,7.360000133514403,83300.0,CIA
2008-10-03,28.020000457763672,28.70000076293945,24.399999618530273,25.63999938964844,18.20894432067871,793100.0,CIB
2008-10-03,14.0,14.0,11.600000381469727,13.699999809265135,13.699999809265135,36200.0,CIDM
2008-10-03,9.239999771118164,9.40999984741211,8.680000305175781,8.930000305175781,8.930000305175781,5834900.0,CIEN
2008-10-03,2.049999952316284,2.0999999046325684,2.049999952316284,2.059999942779541,0.6342849731445312,4600.0,CIF
2008-10-03,8.29628849029541,8.530597686767576,7.8970947265625,7.975197792053223,2.766946792602539,3652600.0,CIG
2008-10-03,8.209479331970215,8.589818954467772,8.02808666229248,8.297249794006348,8.082344055175781,76500.0,CIGI
2008-10-03,516.0,525.0,515.0,525.0,525.0,4053.0,CIH
2008-10-03,13.460000038146973,14.40999984741211,13.460000038146973,14.0,4.677573204040527,86500.0,CII
2008-10-03,2.5699999332427983,2.700000047683716,2.5699999332427983,2.5999999046325684,0.9189271330833436,123600.0,CIK
2008-10-03,30.149999618530273,30.95000076293945,28.54999923706055,29.5,12.217260360717773,69200.0,CIM
2008-10-03,26.79999923706055,30.5,25.420000076293945,25.440000534057614,16.033945083618164,888700.0,CINF
2008-10-03,39.47000122070313,42.27000045776367,39.400001525878906,39.66999816894531,38.29805755615234,265000.0,CIR
2008-10-03,10.119999885559082,10.119999885559082,10.119999885559082,10.119999885559082,8.172769546508789,1000.0,CIVB
2008-10-03,5.260000228881836,5.4099998474121085,5.21999979019165,5.329999923706055,3.7774677276611333,4000.0,CIX
2008-10-03,19.0,21.299999237060547,19.0,21.299999237060547,12.841309547424315,300.0,CIZN
2008-10-03,56.1048583984375,57.8693962097168,53.80720138549805,53.80720138549805,43.95507049560547,630600.0,CKH
2008-10-03,12.399999618530273,12.399999618530273,12.399999618530273,12.399999618530273,10.093769073486328,100.0,CKX
2008-10-03,38.81999969482422,38.81999969482422,37.685001373291016,37.75,25.466293334960934,8116200.0,CL
2008-10-03,5.0,5.099999904632568,5.0,5.099999904632568,5.0252342224121085,400.0,CLAR
2008-10-03,42.3849983215332,44.99499893188477,42.2400016784668,42.45000076293945,34.151779174804695,1241000.0,CLB
2008-10-03,135.0,135.0,120.0,130.0,129.21488952636722,0.0,CLBS
2008-10-03,5.990909099578857,6.263636589050293,5.809091091156006,5.890909194946289,2.8124747276306152,26400.0,CLCT
2008-10-03,11.76355266571045,11.76355266571045,11.76355266571045,11.76355266571045,9.983932495117188,500.0,CLDB
2008-10-03,162.89999389648438,182.25,162.89999389648438,166.35000610351562,166.35000610351562,2000.0,CLDX
2008-10-03,38.61000061035156,44.810001373291016,37.81999969482422,38.27000045776367,31.35677528381348,8436100.0,CLF
2008-10-03,1.0399999618530271,1.100000023841858,1.0199999809265137,1.0599999427795408,1.0599999427795408,6100.0,CLFD
2008-10-03,15.76254940032959,16.784460067749027,15.26586627960205,16.10508918762207,14.831379890441895,1074000.0,CLGX
2008-10-03,32.47499847412109,33.69499969482422,32.009998321533196,32.509998321533196,32.509998321533196,419600.0,CLH
2008-10-03,32.029998779296875,32.5,29.11000061035156,29.209999084472656,16.905115127563473,1167600.0,CLI
2008-10-03,43.52000045776367,45.599998474121094,43.040000915527344,43.040000915527344,4.297455310821533,4800.0,CLM
2008-10-03,11.0,12.289999961853027,11.0,11.300000190734865,5.414154052734375,151800.0,CLMT
2008-10-03,13.119999885559082,13.529999732971193,11.880000114440918,12.010000228881836,12.010000228881836,1161300.0,CLNE
2008-10-03,15.324999809265135,17.03499984741211,14.1899995803833,14.5649995803833,14.516589164733887,5373600.0,CLR
2008-10-03,107100.0,134640.0,107100.0,125460.0,125460.0,0.0,CLRB
2008-10-03,4.699999809265137,4.699999809265137,4.239999771118163,4.650000095367432,4.2937374114990225,1000.0,CLRO
2008-10-03,6.070000171661378,6.230000019073486,5.710000038146973,5.75,5.75,1508800.0,CLS
2008-10-03,159.54954528808594,163.3333282470703,126.12612915039062,156.39639282226562,156.39639282226562,500.0,CLSN
2008-10-03,5.869999885559082,5.920000076293945,5.599999904632568,5.610000133514403,4.032530784606934,188700.0,CLUB
2008-10-03,6.764999866485597,7.1500000953674325,6.489999771118164,6.820000171661378,5.51800012588501,4400.0,CLWT
2008-10-03,63.52000045776367,63.97000122070313,62.2599983215332,62.36999893188477,44.21125411987305,1982100.0,CLX
2008-10-03,55.13000106811523,56.56000137329102,54.11000061035156,54.11000061035156,25.890644073486328,105300.0,CM
2008-10-03,35.56999969482422,37.0099983215332,33.200000762939446,33.419998168945305,26.671098709106445,2649800.0,CMA
2008-10-03,14.229999542236328,15.130000114440918,13.109999656677244,13.369999885559082,9.52021598815918,4257900.0,CMC
2008-10-03,4.5,5.0,4.5,4.5,3.320388078689575,15900.0,CMCL
2008-10-03,22.440000534057614,22.85000038146973,20.170000076293945,20.270000457763672,19.481172561645508,215100.0,CMCO
2008-10-03,9.329999923706056,9.635000228881836,9.1899995803833,9.210000038146973,7.4003539085388175,66828800.0,CMCSA
2008-10-03,112.6500015258789,113.8499984741211,111.0,112.5,56.94894409179688,1400.0,CMCT
2008-10-03,4.2088890075683585,4.2088890075683585,4.066666603088379,4.075555324554443,3.873603343963623,190500.0,CMD
2008-10-03,77.49800109863281,80.5,72.45999908447266,72.45999908447266,46.81364822387695,6003000.0,CME
2008-10-03,57.5,57.5,50.54999923706055,50.54999923706055,50.54999923706055,504900.0,CMG
2008-10-03,38.0099983215332,40.04999923706055,36.7599983215332,37.09000015258789,28.420684814453125,6875700.0,CMI
2008-10-03,10.300000190734863,10.8100004196167,9.960000038146973,10.0,2.9555072784423833,726400.0,CMO
2008-10-03,44.22000122070313,49.95000076293945,44.20000076293945,45.93000030517578,31.31671714782715,1421800.0,CMP
2008-10-03,33.400001525878906,34.06999969482422,31.13999938964844,31.5,31.5,983600.0,CMPR
2008-10-03,12.3100004196167,12.420000076293945,11.850000381469727,11.949999809265135,7.998112678527832,4733100.0,CMS
2008-10-03,6.179999828338622,6.179999828338622,6.179999828338622,6.179999828338622,6.112607002258301,100.0,CMT
2008-10-03,50.25,50.54999923706055,48.1500015258789,48.349998474121094,34.429187774658196,452300.0,CMTL
2008-10-03,4.190000057220459,4.199999809265137,4.059999942779541,4.059999942779541,1.8874260187149048,30600.0,CMU
2008-10-03,26.70000076293945,26.70000076293945,23.989999771118164,23.989999771118164,18.292186737060547,241800.0,CNA
2008-10-03,14.029999732971193,14.0600004196167,14.0,14.0600004196167,11.96897029876709,1400.0,CNBKA
2008-10-03,5.017499923706055,5.394999980926514,5.017499923706055,5.320000171661377,5.320000171661377,846400.0,CNC
2008-10-03,22.70499992370605,23.23500061035156,21.51000022888184,21.905000686645508,15.700538635253904,6668000.0,CNI
2008-10-03,14.399999618530273,14.510000228881836,13.460000038146973,13.5,8.538974761962889,269500.0,CNK
2008-10-03,30.38999938964844,31.6299991607666,29.979999542236328,30.04999923706055,26.28132247924805,200000.0,CNMD
2008-10-03,3.9500000476837163,4.0300002098083505,3.4800000190734863,3.4800000190734863,3.053534030914306,2343700.0,CNO
2008-10-03,9.449999809265137,9.68000030517578,9.3100004196167,9.3100004196167,7.641814231872559,4900.0,CNOB
2008-10-03,14.149999618530273,14.289999961853027,13.5,13.600000381469727,8.091158866882324,3329100.0,CNP
2008-10-03,30.489999771118164,32.814998626708984,29.40500068664551,29.57999992370605,21.10529327392578,10910000.0,CNQ
2008-10-03,148.64999389648438,153.75,137.14999389648438,137.14999389648438,137.14999389648438,70000.0,CNR
2008-10-03,26.70000076293945,27.1299991607666,26.20000076293945,26.65999984741211,19.65899085998535,128500.0,CNS
2008-10-03,14.670000076293945,14.729999542236328,13.600000381469727,13.670000076293945,5.056314945220947,209600.0,CNSL
2008-10-03,2.1300001144409184,2.1300001144409184,1.950000047683716,2.059999942779541,2.059999942779541,54600.0,CNTY
2008-10-03,31.22500038146973,35.24166488647461,30.358333587646484,30.608333587646484,28.34912872314453,10201000.0,CNX
2008-10-03,6.019999980926514,6.130000114440918,5.860000133514403,5.960000038146973,5.051055908203125,93800.0,CNXN
2008-10-03,5.769999980926514,5.769999980926514,5.769999980926514,5.769999980926514,5.65486478805542,0.0,CO
2008-10-03,2.799999952316284,2.799999952316284,1.6799999475479126,1.6799999475479126,1.6799999475479126,12422.0,CODA
2008-10-03,13.920000076293945,14.4399995803833,13.75,14.149999618530273,4.977105140686035,287800.0,CODI
2008-10-03,0.17000000178813934,0.17000000178813934,0.17000000178813934,0.17000000178813934,0.17000000178813934,0.0,COE
2008-10-03,47.65999984741211,49.5,44.0,44.900001525878906,36.74574279785156,7627400.0,COF
2008-10-03,7.800453662872314,7.800453662872314,7.800453662872314,7.800453662872314,4.94944953918457,0.0,COFS
2008-10-03,7.389999866485597,8.142499923706055,7.15749979019165,7.247499942779541,6.569010257720947,15222000.0,COG
2008-10-03,101.0,112.0,101.0,104.0,59.17091369628906,1800.0,COHN
2008-10-03,33.220001220703125,34.400001525878906,32.93000030517578,33.009998321533196,32.31955718994141,180600.0,COHR
2008-10-03,15.399999618530273,15.670000076293945,14.56999969482422,14.59000015258789,11.684610366821287,126900.0,COHU
2008-10-03,44.15999984741211,44.849998474121094,43.38000106811523,43.52000045776367,37.98666763305664,28000.0,COKE
2008-10-03,16.510000228881836,18.100000381469727,16.459999084472653,18.049999237060547,12.942728996276855,76000.0,COLB
2008-10-03,20.125,21.315000534057614,18.979999542236328,19.020000457763672,15.762443542480467,401400.0,COLM
2008-10-03,17.59000015258789,18.700000762939453,14.31999969482422,14.779999732971193,14.779999732971193,351400.0,CONN
2008-10-03,35.38999938964844,35.880001068115234,34.490001678466804,34.939998626708984,34.64238739013672,652700.0,COO
2008-10-03,51.89850997924805,54.44464874267578,50.19854354858398,50.41961669921875,32.52593994140625,21196900.0,COP
2008-10-03,5.855000019073486,5.960000038146973,5.642499923706055,5.71999979019165,5.132394790649414,137600.0,CORE
2008-10-03,42.599998474121094,46.099998474121094,42.599998474121094,44.70000076293945,27.05258178710937,7000.0,CORR
2008-10-03,1.3799999952316284,1.3899999856948853,1.2999999523162842,1.2999999523162842,1.2999999523162842,29500.0,CORT
2008-10-03,36.0,38.400001525878906,35.20000076293945,37.099998474121094,37.099998474121094,132200.0,CORV
2008-10-03,63.68999862670898,65.12000274658203,62.290000915527344,62.599998474121094,47.658546447753906,7767800.0,COST
2008-10-03,38.310001373291016,38.97999954223633,38.310001373291016,38.36999893188477,37.94503784179688,57600.0,COW
2008-10-03,33.59999847412109,34.0,30.84000015258789,32.560001373291016,4.722850322723389,10400.0,COWN
2008-10-03,48.75,50.31999969482422,45.5,45.93000030517578,38.59428024291992,1275200.0,CP
2008-10-03,30.54999923706055,30.71999931335449,27.989999771118164,28.06999969482422,20.33597755432129,383600.0,CPA
2008-10-03,13.0,13.0,13.0,13.0,13.0,0.0,CPAH
2008-10-03,39.61999893188477,40.36000061035156,39.34000015258789,39.63000106811523,27.960655212402344,3326500.0,CPB
2008-10-03,16.450000762939453,17.299999237060547,15.649999618530273,15.670000076293945,15.670000076293945,224000.0,CPE
2008-10-03,373.3999938964844,389.0,350.3999938964844,353.20001220703125,298.82672119140625,12000.0,CPF
2008-10-03,26.28000068664551,28.56999969482422,26.28000068664551,26.28000068664551,11.762592315673828,27500.0,CPG
2008-10-03,7.519999980926514,8.560000419616701,7.519999980926514,8.270000457763674,7.0345988273620605,2900.0,CPHC
2008-10-03,1.870000004768372,2.0199999809265137,1.830000042915344,1.9700000286102293,1.9700000286102293,37300.0,CPHI
2008-10-03,21.093334197998047,21.65333366394043,20.420000076293945,20.440000534057614,13.57496738433838,22800.0,CPK
2008-10-03,69.37000274658203,76.2300033569336,66.77999877929689,68.59999847412111,16.99234962463379,29000.0,CPLP
2008-10-03,9.487500190734863,9.619999885559082,9.3774995803833,9.40999984741211,9.40999984741211,4718400.0,CPRT
2008-10-03,2.859999895095825,2.859999895095825,2.859999895095825,2.859999895095825,2.859999895095825,1000.0,CPRX
2008-10-03,1.950000047683716,1.950000047683716,1.950000047683716,1.950000047683716,1.950000047683716,0.0,CPSH
2008-10-03,28.65999984741211,28.899999618530273,27.54999923706055,27.729999542236328,18.25798988342285,124500.0,CPSI
2008-10-03,2.440000057220459,2.5799999237060547,2.1099998950958248,2.3299999237060547,2.3299999237060547,20000.0,CPSS
2008-10-03,266.0,290.0,256.0,256.0,256.0,24200.0,CPST
2008-10-03,44.95000076293945,45.93999862670898,42.61000061035156,42.70000076293945,25.45356559753418,1079700.0,CPT
2008-10-03,15.850000381469727,16.25,15.5,15.960000038146973,15.720315933227539,127054.0,CPZ
2008-10-03,6.8400001525878915,7.0900001525878915,6.670000076293945,6.760000228881836,2.5660057067871094,1446100.0,CQP
2008-10-03,27.229999542236328,27.540000915527344,25.920000076293945,26.07999992370605,19.86354255676269,371800.0,CR
2008-10-03,27.270000457763672,28.290000915527344,26.28000068664551,26.5,25.02896881103516,125800.0,CRAI
2008-10-03,21.540000915527344,21.540000915527344,21.540000915527344,21.540000915527344,21.420833587646484,0.0,CRC
2008-10-03,21.540000915527344,22.13999938964844,20.56999969482422,20.81999969482422,20.81999969482422,1147800.0,CREE
2008-10-03,10.899999618530273,10.899999618530273,10.899999618530273,10.899999618530273,10.899999618530273,0.0,CREG
2008-10-03,9.863017082214355,9.87240982055664,9.628183364868164,9.750296592712402,7.913146018981934,72600.0,CRESY
2008-10-03,391.5,400.5,340.5,340.5,340.5,300.0,CREX
2008-10-03,42.79999923706055,43.52000045776367,40.0,40.79999923706055,4.442457675933838,2500.0,CRF
2008-10-03,20.920000076293945,22.030000686645508,20.43000030517578,21.299999237060547,13.542274475097654,237200.0,CRH
2008-10-03,1.4600000381469729,1.4700000286102295,1.4600000381469729,1.4600000381469729,1.4600000381469729,5000.0,CRHM
2008-10-03,19.049999237060547,19.13999938964844,17.68000030517578,17.75,16.043855667114258,1017300.0,CRI
2008-10-03,5.8499999046325675,6.050000190734862,5.599999904632568,5.75,5.75,8500.0,CRIS
2008-10-03,205.0500030517578,224.3999938964844,201.75,202.8000030517578,191.79222106933597,274500.0,CRK
2008-10-03,55.09000015258789,55.9000015258789,53.77999877929688,53.86000061035156,53.86000061035156,682400.0,CRL
2008-10-03,10.237500190734863,11.482500076293945,10.1899995803833,10.392499923706056,10.392499923706056,17098000.0,CRM
2008-10-03,17.780000686645508,17.850000381469727,16.5,16.530000686645508,16.530000686645508,312500.0,CRMT
2008-10-03,6.78000020980835,7.0999999046325675,6.429999828338622,6.460000038146973,6.460000038146973,445000.0,CRNT
2008-10-03,3.5899999141693115,3.690000057220459,3.3299999237060547,3.3299999237060547,3.3299999237060547,1660800.0,CROX
2008-10-03,23.989999771118164,25.51000022888184,23.90999984741211,24.399999618530273,19.704870223999023,1731000.0,CRS
2008-10-03,45.2400016784668,46.6500015258789,43.0,43.0,17.145965576171875,17800.0,CRT
2008-10-03,5.239999771118164,5.389999866485597,5.079999923706055,5.079999923706055,5.079999923706055,656500.0,CRUS
2008-10-03,13.984999656677244,14.380000114440918,13.779999732971193,13.864999771118164,13.864999771118164,42400.0,CRVL
2008-10-03,3.25,3.25,3.0799999237060547,3.2100000381469727,1.6926581859588623,3200.0,CRWS
2008-10-03,12.800000190734865,13.25,12.020000457763672,12.020000457763672,11.461413383483887,178800.0,CRY
2008-10-03,48.76953125,50.029296875,45.830078125,45.8984375,32.017127990722656,1166200.0,CS
2008-10-03,8.520000457763674,11.640000343322756,8.039999961853027,8.039999961853027,8.039999961853027,3200.0,CSBR
2008-10-03,21.13999938964844,22.399999618530273,21.1299991607666,21.25,16.44993019104004,73504000.0,CSCO
2008-10-03,17.75,18.0,16.809999465942386,16.809999465942386,15.248177528381348,13200.0,CSFL
2008-10-03,43.54999923706055,44.52000045776367,41.29999923706055,41.34000015258789,41.34000015258789,442300.0,CSGP
2008-10-03,15.90999984741211,16.489999771118164,15.3100004196167,15.3100004196167,13.240312576293945,497900.0,CSGS
2008-10-03,11.699999809265135,11.899999618530273,11.600000381469727,11.699999809265135,11.699999809265135,1700.0,CSII
2008-10-03,16.899999618530273,18.0,14.899999618530273,15.18000030517578,15.18000030517578,2875600.0,CSIQ
2008-10-03,28.60000038146973,29.26000022888184,27.290000915527344,27.3700008392334,22.99028587341309,698400.0,CSL
2008-10-03,4.960000038146973,5.25,4.800000190734863,5.25,3.277521848678589,700.0,CSPI
2008-10-03,8.479999542236326,8.899999618530273,8.130000114440918,8.199999809265138,2.964430570602417,647200.0,CSQ
2008-10-03,7.389999866485597,7.53000020980835,7.070000171661378,7.079999923706055,7.079999923706055,44500.0,CSU
2008-10-03,3.2000000476837163,3.5,3.2000000476837163,3.2300000190734863,2.9602644443511963,83800.0,CSV
2008-10-03,34.502498626708984,35.375,32.790000915527344,33.0,17.104963302612305,14800.0,CSWC
2008-10-03,16.069999694824222,17.239999771118164,15.800000190734865,15.899999618530273,12.57663631439209,27836700.0,CSX
2008-10-03,8.890000343322754,8.890000343322754,8.890000343322754,8.890000343322754,7.3419189453125,0.0,CTAA
2008-10-03,28.25,28.670000076293945,27.149999618530273,27.149999618530273,22.5347843170166,1677000.0,CTAS
2008-10-03,8.079999923706055,8.149999618530272,7.619999885559082,7.619999885559082,5.953052997589111,806700.0,CTB
2008-10-03,30.97272682189941,32.01818084716797,30.53636360168457,30.53636360168457,19.94229888916016,33300.0,CTBI
2008-10-03,4.949999809265137,4.949999809265137,4.949999809265137,4.949999809265137,4.949999809265137,100.0,CTEK
2008-10-03,6.760000228881836,6.9000000953674325,6.429999828338622,6.5999999046325675,5.966559410095215,39200.0,CTG
2008-10-03,0.5699999928474426,0.6000000238418579,0.5699999928474426,0.6000000238418579,0.6000000238418579,39700.0,CTHR
2008-10-03,4.75,4.769999980926514,4.650000095367432,4.760000228881836,4.636120796203613,1800.0,CTIB
2008-10-03,219.0,219.0,186.0,186.0,186.0,200.0,CTIC
2008-10-03,37.790000915527344,38.65999984741211,37.5,37.560001373291016,14.661052703857422,2068200.0,CTL
2008-10-03,42.41999816894531,42.5099983215332,38.13000106811523,38.13000106811523,36.51072692871094,15200.0,CTO
2008-10-03,28.5,31.20000076293945,27.29999923706055,28.5,28.5,2200.0,CTRC
2008-10-03,15.3100004196167,15.550000190734865,13.9399995803833,13.989999771118164,12.999853134155273,237000.0,CTRN
2008-10-03,11.829999923706055,12.149999618530273,11.56999969482422,11.619999885559082,10.31112289428711,124800.0,CTS
2008-10-03,10.4350004196167,10.574999809265137,9.545000076293944,9.630000114440918,9.295404434204102,20594400.0,CTSH
2008-10-03,2.0,2.0,2.0,2.0,2.0,0.0,CTSO
2008-10-03,15.229999542236328,15.229999542236328,15.229999542236328,15.229999542236328,10.90659999847412,0.0,CTV
2008-10-03,17.98056983947754,18.235387802124023,16.658702850341793,16.722408294677734,16.384637832641598,8255600.0,CTXS
2008-10-03,0.059999998658895486,0.059999998658895486,0.059999998658895486,0.059999998658895486,0.04564844816923142,0.0,CTZ
2008-10-03,22.8700008392334,23.420000076293945,22.420000076293945,22.63999938964844,21.33407974243164,158300.0,CUB
2008-10-03,5.920000076293945,5.980000019073486,5.519999980926514,5.53000020980835,3.0794246196746826,11700.0,CUBA
2008-10-03,0.11500000208616255,0.11599999666213988,0.11500000208616255,0.11599999666213988,0.11333199590444565,1500.0,CUBB
2008-10-03,11.100000381469727,11.270000457763672,10.09000015258789,10.15999984741211,7.1278114318847665,344400.0,CUBE
2008-10-03,5.099999904632568,6.300000190734862,4.800000190734863,5.099999904632568,5.099999904632568,4200.0,CUI
2008-10-03,30.06999969482422,30.29999923706055,28.6299991607666,28.670000076293945,21.215177536010746,339000.0,CUK
2008-10-03,5.0,5.130000114440918,5.0,5.050000190734863,4.5869855880737305,7600.0,CULP
2008-10-03,20.25,20.25,20.25,20.25,20.25,0.0,CUO
2008-10-03,10.350000381469727,10.710000038146973,10.06999969482422,10.40999984741211,10.40999984741211,169800.0,CUTR
2008-10-03,67.21241760253906,70.6845474243164,60.32463073730469,61.0868034362793,51.7945785522461,273900.0,CUZ
2008-10-03,21.84000015258789,22.489999771118164,20.049999237060547,20.440000534057614,11.56478786468506,1366300.0,CVA
2008-10-03,13.949999809265135,14.329999923706055,13.25,13.25,9.23065948486328,787700.0,CVBF
2008-10-03,35.36000061035156,35.93000030517578,32.029998779296875,33.200000762939446,33.200000762939446,102000.0,CVCO
2008-10-03,7.699999809265138,7.699999809265138,7.699999809265138,7.699999809265138,6.739950656890869,100.0,CVCY
2008-10-03,6.420000076293945,6.539999961853027,5.550000190734863,5.820000171661378,5.820000171661378,213500.0,CVGI
2008-10-03,11.600000381469727,13.239999771118164,11.600000381469727,11.800000190734865,9.188217163085938,65700.0,CVGW
2008-10-03,6.800000190734862,7.25,6.380000114440918,6.550000190734862,2.9574477672576904,376600.0,CVI
2008-10-03,10.609999656677246,11.100000381469727,10.25,10.25,10.25,547300.0,CVLT
2008-10-03,9.966452598571776,9.966452598571776,9.966452598571776,9.966452598571776,6.891158103942871,0.0,CVLY
2008-10-03,125.0,125.0,100.0,107.5,107.5,1300.0,CVM
2008-10-03,19.0,19.0,19.0,19.0,13.712990760803224,9400.0,CVR
2008-10-03,33.130001068115234,34.290000915527344,31.79999923706055,31.93000030517578,25.844684600830078,11140200.0,CVS
2008-10-03,2.9800000190734863,2.9800000190734863,2.5,2.5,2.5,17900.0,CVTI
2008-10-03,7.949999809265138,7.949999809265138,7.5,7.75,7.75,75700.0,CVU
2008-10-03,3.5299999713897705,3.5299999713897705,3.5,3.5,3.5,12000.0,CVV
2008-10-03,79.95999908447266,83.69999694824219,79.06999969482422,79.37999725341797,51.60758590698242,18840900.0,CVX
2008-10-03,42.65999984741211,43.97999954223633,41.040000915527344,41.13999938964844,37.40531539916992,380400.0,CW
2008-10-03,4.989999771118164,4.989999771118164,4.989999771118164,4.989999771118164,4.5050086975097665,200.0,CWBC
2008-10-03,13.979999542236328,14.0,12.220000267028807,12.68000030517578,9.30050277709961,212700.0,CWCO
2008-10-03,10.520000457763672,11.239999771118164,9.619999885559082,10.050000190734863,10.050000190734863,420700.0,CWST
2008-10-03,18.989999771118164,19.315000534057614,18.48500061035156,18.48500061035156,12.420347213745115,270000.0,CWT
2008-10-03,11.56594944000244,11.763527870178224,10.334882736206056,10.334882736206056,10.07473850250244,10859500.0,CX
2008-10-03,1.241000056266785,1.241000056266785,1.241000056266785,1.241000056266785,1.241000056266785,0.0,CXDC
2008-10-03,4.2800002098083505,4.400000095367432,4.2199997901916495,4.2199997901916495,1.9595791101455688,43300.0,CXE
2008-10-03,7.75,7.75,7.699999809265138,7.699999809265138,3.94652271270752,26100.0,CXH
2008-10-03,24.60000038146973,27.739999771118164,24.60000038146973,24.920000076293945,24.70251846313477,1022100.0,CXO
2008-10-03,23.940000534057614,24.09000015258789,22.93000030517578,23.239999771118164,10.710979461669922,1056900.0,CXW
2008-10-03,4.800000190734863,5.070000171661377,4.690000057220459,4.690000057220459,3.444922924041748,7636200.0,CY
2008-10-03,2.0199999809265137,2.049999952316284,1.8999999761581419,2.049999952316284,2.049999952316284,6100.0,CYAN
2008-10-03,9.010000228881836,9.020000457763672,8.560000419616701,8.899999618530273,8.899999618530273,12900.0,CYBE
2008-10-03,84.83999633789062,88.19999694824219,78.95999908447266,80.63999938964844,80.63999938964844,0.0,CYCC
2008-10-03,2.0799999237060547,2.380000114440918,1.6000000238418581,2.1600000858306885,0.835519015789032,6700.0,CYCCP
2008-10-03,7.309999942779541,7.360000133514403,6.679999828338622,6.739999771118164,3.658570051193237,142300.0,CYD
2008-10-03,22.47933959960937,22.842975616455078,21.867769241333008,21.892562866210934,21.70933151245117,2222000.0,CYH
2008-10-03,2.299999952316284,2.5199999809265137,2.2799999713897705,2.5,2.5,12100.0,CYRN
2008-10-03,68.40000152587889,76.80000305175781,68.40000152587889,76.80000305175781,76.80000305175781,100.0,CYRX
2008-10-03,24.420000076293945,26.10000038146973,22.5,22.559999465942386,22.559999465942386,45200.0,CYTK
2008-10-03,23.0,24.0,21.82999992370605,21.82999992370605,13.122843742370605,13400.0,CZNC
2008-10-03,7.25,7.25,7.25,7.25,6.395944595336914,2100.0,CZWI
2008-10-03,7.6599998474121085,7.6599998474121085,7.0,7.0,5.901740074157715,872000.0,CZZ
2008-10-03,42.43000030517578,43.099998474121094,41.63000106811523,41.88000106811523,25.896352767944336,4521300.0,D
2008-10-03,168.6999969482422,184.3800048828125,168.0,168.0,158.6889190673828,10600.0,DAC
2008-10-03,3.9800000190734863,4.389999866485597,3.890000104904175,4.300000190734863,4.300000190734863,11500.0,DAIO
2008-10-03,15.260000228881836,15.729999542236328,14.979999542236328,14.979999542236328,9.389395713806152,275300.0,DAKT
2008-10-03,8.460000038146973,8.460000038146973,7.519999980926514,7.860000133514403,6.982113361358643,12244600.0,DAL
2008-10-03,4.0300002098083505,4.349999904632568,3.9700000286102295,4.150000095367432,3.6638996601104736,786600.0,DAN
2008-10-03,9.649999618530273,9.649999618530273,9.649999618530273,9.649999618530273,9.649999618530273,0.0,DAO
2008-10-03,9.760000228881836,10.449999809265137,9.550000190734863,9.5600004196167,9.5600004196167,741500.0,DAR
2008-10-03,68.29198455810547,71.47900390625,64.74236297607422,65.16221618652344,54.65095520019531,630600.0,DB
2008-10-03,33.450000762939446,33.90999984741211,32.389999389648445,32.700000762939446,23.55091094970703,725800.0,DBD
2008-10-03,6.739999771118164,6.739999771118164,6.070000171661378,6.070000171661378,4.426641464233398,602800.0,DBI
2008-10-03,13009.919921875,13823.0400390625,12381.599609375,12381.599609375,12381.599609375,0.0,DCAR
2008-10-03,38.245201110839844,38.245201110839844,38.245201110839844,38.245201110839844,32.365806579589844,0.0,DCF
2008-10-03,19.229999542236328,19.7549991607666,18.690000534057614,18.76499938964844,15.250176429748535,1050200.0,DCI
2008-10-03,21.739999771118164,21.979999542236328,20.170000076293945,20.309999465942386,19.50402069091797,86800.0,DCO
2008-10-03,16.530000686645508,17.549999237060547,16.430000305175778,17.5,11.506250381469727,146900.0,DCOM
2008-10-03,16.25,16.670000076293945,15.890000343322756,16.309999465942386,5.864325523376465,380000.0,DCP
2008-10-03,43.79401016235352,44.4060173034668,42.11455154418945,42.54153442382813,32.772415161132805,9015300.0,DD
2008-10-03,4.3433332443237305,4.37333345413208,3.849999904632568,3.849999904632568,3.849999904632568,157200.0,DDD
2008-10-03,6.489999771118164,6.6599998474121085,6.489999771118164,6.519999980926514,2.378054618835449,6100.0,DDF
2008-10-03,12.270000457763672,12.640000343322756,10.65999984741211,11.0600004196167,10.26345443725586,1697500.0,DDS
2008-10-03,10.449999809265137,11.18000030517578,10.4399995803833,10.600000381469727,3.905481338500977,12600.0,DDT
2008-10-03,40.31999969482422,42.86000061035156,38.560001373291016,39.2400016784668,30.174692153930664,14751300.0,DE
2008-10-03,32.22999954223633,32.94333267211914,29.50333404541016,29.70000076293945,29.70000076293945,2295000.0,DECK
2008-10-03,21.530000686645508,21.700000762939453,19.399999618530273,19.399999618530273,13.88681411743164,1430700.0,DEI
2008-10-03,2.450000047683716,2.470000028610229,2.190000057220459,2.190000057220459,2.190000057220459,491700.0,DENN
2008-10-03,65.26000213623047,66.68000030517578,64.44000244140625,64.95999908447266,45.84925079345703,1544200.0,DEO
2008-10-03,9.199999809265137,9.399999618530273,9.039999961853027,9.149999618530273,2.9255707263946533,42100.0,DEX
2008-10-03,30000.0,30000.0,30000.0,30000.0,30000.0,0.0,DFFN
2008-10-03,13.390000343322756,13.390000343322756,10.550000190734863,11.06999969482422,9.212669372558594,7376400.0,DFS
2008-10-03,17.5,18.0,16.579999923706055,17.290000915527347,11.488414764404295,21700.0,DGICA
2008-10-03,16.200000762939453,17.479999542236328,11.039999961853027,17.479999542236328,12.721970558166506,3100.0,DGICB
2008-10-03,9.739999771118164,9.989999771118164,9.06999969482422,9.109999656677246,9.109999656677246,129300.0,DGII
2008-10-03,52.0,52.72000122070313,48.0,48.79999923706055,48.79999923706055,38300.0,DGLY
2008-10-03,17.469999313354492,18.46999931335449,17.420000076293945,18.06999969482422,18.06999969482422,2584400.0,DGP
2008-10-03,51.2599983215332,51.9900016784668,50.18000030517578,50.20000076293945,41.54633712768555,911600.0,DGX
2008-10-03,28.899999618530273,29.059999465942386,28.3799991607666,28.53000068664551,28.53000068664551,48000.0,DGZ
2008-10-03,22.71999931335449,22.95000076293945,21.049999237060547,21.06999969482422,20.656007766723636,1636600.0,DHC
2008-10-03,2.6700000762939453,2.7699999809265137,2.6700000762939453,2.720000028610229,0.825545608997345,151500.0,DHF
2008-10-03,12.399999618530273,12.630000114440918,10.93000030517578,11.06999969482422,9.600388526916504,12693100.0,DHI
2008-10-03,89.0,89.0,82.05999755859375,82.11000061035156,33.825119018554695,5000.0,DHIL
2008-10-03,25.11751365661621,25.39423751831055,23.53297996520996,23.741470336914066,15.240185737609865,10677800.0,DHR
2008-10-03,71.87999725341797,73.19999694824219,66.83999633789061,67.44000244140625,42.40005493164063,27200.0,DHT
2008-10-03,6.510000228881836,7.050000190734862,6.130000114440918,6.510000228881836,6.510000228881836,144900.0,DHX
2008-10-03,2.3399999141693115,2.3499999046325684,2.200000047683716,2.2799999713897705,0.6462452411651611,119000.0,DHY
2008-10-03,16.389999389648438,16.389999389648438,14.0,14.029999732971193,9.44565200805664,391900.0,DIN
2008-10-03,15.470000267028807,15.800000190734865,14.829999923706055,14.890000343322756,14.890000343322756,451000.0,DIOD
2008-10-03,30.170000076293945,31.059999465942386,29.459999084472656,29.540000915527344,25.061227798461914,17468400.0,DIS
2008-10-03,7.235564708709718,7.235564708709718,6.561062812805176,6.683699607849121,6.683699607849121,5277600.0,DISCA
2008-10-03,10.712820053100586,10.712820053100586,9.692307472229004,9.692307472229004,9.692307472229004,700.0,DISCB
2008-10-03,6.664999961853027,6.820000171661378,6.2750000953674325,6.494999885559082,6.494999885559082,3083800.0,DISCK
2008-10-03,19.8700008392334,20.09000015258789,18.709999084472656,18.799999237060547,15.338428497314453,3726400.0,DISH
2008-10-03,24.5,24.5,24.5,24.5,21.54111099243164,0.0,DIT
2008-10-03,42.70000076293945,42.70000076293945,42.70000076293945,42.70000076293945,42.70000076293945,0.0,DJCO
2008-10-03,48.18999862670898,49.4000015258789,48.08000183105469,48.09000015258789,48.09000015258789,661700.0,DJP
2008-10-03,8.289999961853027,8.609999656677246,8.069999694824219,8.279999732971191,6.080831527709961,388000.0,DK
2008-10-03,18.46999931335449,18.5,16.639999389648438,16.790000915527347,14.231207847595215,5148800.0,DKS
2008-10-03,4.380000114440918,4.849999904632568,4.380000114440918,4.489999771118164,2.3834524154663086,62900.0,DL
2008-10-03,6.210000038146973,6.739999771118164,6.210000038146973,6.420000076293945,6.420000076293945,1400.0,DLA
2008-10-03,33.549999237060554,34.18000030517578,32.34000015258789,32.34000015258789,26.96275520324707,509600.0,DLB
2008-10-03,2.490000009536743,2.490000009536743,2.25,2.490000009536743,2.490000009536743,2100.0,DLHC
2008-10-03,42.0,42.0,40.400001525878906,41.20000076293945,41.20000076293945,1100.0,DLPN
2008-10-03,43.59000015258789,44.45000076293945,40.58000183105469,40.58000183105469,24.7304801940918,1134000.0,DLR
2008-10-03,12.010000228881836,12.49666690826416,11.733333587646484,11.760000228881836,11.760000228881836,7212200.0,DLTR
2008-10-03,13.979999542236328,14.210000038146973,12.90999984741211,13.0,8.862943649291992,608800.0,DLX
2008-10-03,6.880000114440918,7.170000076293945,6.8499999046325675,7.070000171661378,3.505501508712769,46700.0,DMF
2008-10-03,22.53000068664551,22.53000068664551,21.21999931335449,21.270000457763672,8.597110748291017,61900.0,DMLP
2008-10-03,18.1200008392334,18.63999938964844,17.399999618530273,17.84000015258789,5.893123149871826,10500.0,DNI
2008-10-03,0.15554000437259674,0.15554000437259674,0.15554000437259674,0.15554000437259674,0.15554000437259674,0.0,DNK
2008-10-03,2.5299999713897705,2.720000028610229,2.359999895095825,2.4200000762939453,2.4200000762939453,528300.0,DNN
2008-10-03,9.449999809265137,9.789999961853027,9.399999618530273,9.40999984741211,3.84928822517395,311000.0,DNP
2008-10-03,16.309999465942386,17.430000305175778,15.239999771118164,15.399999618530273,14.51673698425293,4190900.0,DNR
2008-10-03,93.8499984741211,99.51000213623048,93.0199966430664,93.7300033569336,60.36487579345703,2019400.0,DO
2008-10-03,6.574999809265138,6.7249999046325675,5.085000038146973,5.829999923706055,5.57790994644165,243800.0,DORM
2008-10-03,24.963298797607425,25.372203826904297,23.910871505737305,23.96449851989746,17.006309509277347,3154300.0,DOV
2008-10-03,26.270000457763672,27.520000457763672,26.26000022888184,27.20000076293945,24.25168800354004,2284000.0,DOX
2008-10-03,600.0,600.0,600.0,600.0,600.0,0.0,DPW
2008-10-03,11.470000267028807,11.539999961853027,10.729999542236328,10.729999542236328,9.178504943847656,255400.0,DPZ
2008-10-03,12.100000381469727,12.199999809265135,10.699999809265137,11.5,8.525583267211914,5400.0,DRAD
2008-10-03,4.059999942779541,4.400000095367432,3.900000095367432,4.25,2.996486186981201,225800.0,DRD
2008-10-03,22.3799991607666,24.71999931335449,20.030000686645508,20.25,11.645237922668455,2422100.0,DRE
2008-10-03,8.149999618530272,8.189999580383299,7.119999885559082,7.550000190734862,5.0288166999816895,1613500.0,DRH
2008-10-03,25.994611740112305,26.11081886291504,24.260446548461914,24.537555694580078,16.130949020385742,3226800.0,DRI
2008-10-03,37.02000045776367,39.29999923706055,35.86000061035156,35.93000030517578,35.93000030517578,955000.0,DRQ
2008-10-03,50.11999893188477,50.25,47.52000045776367,49.5,49.5,71700.0,DRR
2008-10-03,4.989999771118164,5.099999904632568,4.579999923706055,4.670000076293945,4.670000076293945,415800.0,DRRX
2008-10-03,2.522815704345703,2.586416006088257,2.073372840881348,2.073372840881348,1.1093674898147583,1376400.0,DS
2008-10-03,3.309999942779541,3.4300000667572017,3.2999999523162837,3.2999999523162837,3.2999999523162837,9700.0,DSGX
2008-10-03,6.6599998474121085,6.800000190734862,6.5,6.5,3.1130692958831787,86400.0,DSM
2008-10-03,7.130000114440918,7.559999942779541,7.0,7.0999999046325675,7.0999999046325675,143500.0,DSPG
2008-10-03,17.799999237060547,18.0,17.0,17.600000381469727,17.600000381469727,8200.0,DSS
2008-10-03,12.119999885559082,12.539999961853027,12.119999885559082,12.210000038146973,4.467293739318848,86100.0,DSU
2008-10-03,3.4300000667572017,3.4300000667572017,3.130000114440918,3.2100000381469727,1.5613365173339844,66200.0,DSWL
2008-10-03,19.5,19.790000915527344,18.0,18.8700008392334,16.645870208740234,1387500.0,DSX
2008-10-03,40.47000122070313,40.709999084472656,39.040000915527344,39.41999816894531,24.35388565063477,1841100.0,DTE
2008-10-03,11.40999984741211,11.699999809265135,11.40999984741211,11.6899995803833,6.449992656707764,12700.0,DTF
2008-10-03,48.2400016784668,48.27999877929688,45.29999923706055,47.75,47.75,964100.0,DTO
2008-10-03,0.23100000619888306,0.23100000619888306,0.23100000619888306,0.23100000619888306,0.2274839133024216,0.0,DTP
2008-10-03,10.25,10.25,10.0,10.0,4.672334671020508,45300.0,DUC
2008-10-03,53.18999862670898,53.97000122070313,51.93000030517578,52.08000183105469,34.32062149047852,3430800.0,DUK
2008-10-03,3.690000057220459,3.7000000476837163,3.640000104904175,3.690000057220459,3.690000057220459,70430.0,DUO
2008-10-03,27.165000915527344,27.545000076293945,26.63500022888184,26.7549991607666,26.7549991607666,1348400.0,DVA
2008-10-03,14.699999809265135,16.0,12.600000381469727,13.100000381469727,13.100000381469727,32800.0,DVAX
2008-10-03,5.28000020980835,5.449999809265137,5.150000095367432,5.179999828338623,3.9841909408569336,26300.0,DVD
2008-10-03,83.38999938964844,88.91000366210938,82.06999969482422,82.51000213623047,70.85724639892578,5566900.0,DVN
2008-10-03,10.930190086364746,11.494328498840332,10.836167335510254,11.118236541748047,10.605746269226074,15100.0,DWSN
2008-10-03,23.1299991607666,23.489999771118164,22.79999923706055,23.3700008392334,13.673053741455078,13400.0,DX
2008-10-03,15.029999732971193,15.390000343322756,14.84000015258789,15.239999771118164,6.754077911376952,80000.0,DXB
2008-10-03,19.375732421875,19.44528579711914,18.327455520629886,18.337390899658203,10.142717361450195,2687600.0,DXC
2008-10-03,6.010000228881836,6.46999979019165,5.75,5.769999980926514,5.769999980926514,157100.0,DXCM
2008-10-03,3.3199999332427983,3.5999999046325684,3.25,3.490000009536743,3.490000009536743,265800.0,DXLG
2008-10-03,22.989999771118164,24.34000015258789,21.3700008392334,21.450000762939453,21.450000762939453,224100.0,DXPE
2008-10-03,16.200000762939453,16.200000762939453,14.699999809265135,16.0,11.125991821289062,8400.0,DXR
2008-10-03,7.78000020980835,8.100000381469728,7.3499999046325675,7.989999771118164,7.989999771118164,18300.0,DXYN
2008-10-03,11.899999618530273,12.239999771118164,11.010000228881836,11.0600004196167,11.0600004196167,369800.0,DY
2008-10-03,0.10000000149011612,0.14000000059604645,0.10000000149011612,0.14000000059604645,0.14000000059604645,2600.0,DYAI
2008-10-03,2.299999952316284,2.400000095367432,2.299999952316284,2.400000095367432,2.400000095367432,200.0,DYNT
2008-10-03,3.75,4.0,3.0,3.75,3.75,49500.0,DZSI
2008-10-03,32.77000045776367,32.84999847412109,31.35000038146973,31.979999542236328,31.979999542236328,810100.0,DZZ
2008-10-03,48.68000030517578,51.40999984741211,48.59000015258789,48.66999816894531,25.398988723754886,1444600.0,E
2008-10-03,34.669998168945305,34.669998168945305,32.240001678466804,32.68000030517578,32.68000030517578,11605800.0,EA
2008-10-03,7.380000114440918,7.4000000953674325,7.1599998474121085,7.239999771118164,2.228107452392578,262800.0,EAD
2008-10-03,17.34000015258789,17.399999618530273,16.100000381469727,16.15999984741211,11.421653747558596,1130000.0,EAT
2008-10-03,8.15235710144043,8.468013763427733,7.967171669006348,7.9713802337646475,7.816915035247803,46623700.0,EBAY
2008-10-03,14.109999656677244,14.739999771118164,13.579999923706055,13.670000076293945,8.279805183410645,87600.0,EBF
2008-10-03,10.32888889312744,10.32888889312744,9.899999618530273,10.11111068725586,9.421881675720217,148500.0,EBIX
2008-10-03,6.842105388641357,6.842105388641357,6.842105388641357,6.842105388641357,4.294550895690918,0.0,EBMT
2008-10-03,13.0,13.8100004196167,12.59000015258789,12.59000015258789,12.59000015258789,196400.0,EBS
2008-10-03,4.105391979217528,4.1462416648864755,4.003267765045166,4.080882549285889,3.8580145835876474,125000.0,EBSB
2008-10-03,12.100000381469727,12.100000381469727,12.100000381469727,12.100000381469727,9.085530281066896,0.0,EBTC
2008-10-03,23.79999923706055,25.0,23.5,24.5,15.436277389526367,58800.0,EC
2008-10-03,5.380000114440918,5.739999771118164,5.25,5.300000190734863,2.839375257492065,39000.0,ECF
2008-10-03,46.90999984741211,47.27999877929688,44.68000030517578,45.11999893188477,39.10803985595703,2730800.0,ECL
2008-10-03,25.65999984741211,26.899999618530273,25.20000076293945,25.25,18.772592544555664,147800.0,ECOL
2008-10-03,12.970000267028807,13.0600004196167,11.739999771118164,11.739999771118164,11.739999771118164,103100.0,ECPG
2008-10-03,44.15999984741211,44.45000076293945,43.0099983215332,43.15999984741211,26.50146484375,2107100.0,ED
2008-10-03,1.870000004768372,1.8899999856948853,1.559999942779541,1.6000000238418581,1.6000000238418581,24600.0,EDAP
2008-10-03,11.130000114440918,11.479999542236328,10.949999809265137,11.130000114440918,3.9153854846954346,436800.0,EDD
2008-10-03,7.5,7.6500000953674325,7.0999999046325675,7.139999866485597,7.139999866485597,46800.0,EDN
2008-10-03,15.25,15.640000343322756,14.734999656677244,14.800000190734865,13.874260902404785,1984800.0,EDU
2008-10-03,2.25,2.255000114440918,2.25,2.255000114440918,0.5406111478805542,3000.0,EDUC
2008-10-03,20.34000015258789,20.739999771118164,19.8799991607666,19.959999084472656,15.529455184936525,277400.0,EE
2008-10-03,6.820000171661378,7.0900001525878915,6.800000190734862,6.809999942779541,5.489018440246582,14000.0,EEA
2008-10-03,15.989999771118164,16.260000228881836,15.050000190734865,15.109999656677244,15.109999656677244,220400.0,EEFT
2008-10-03,8.340000152587889,8.340000152587889,8.109999656677246,8.270000457763674,8.270000457763674,12000.0,EEH
2008-10-03,19.299999237060547,20.0,19.299999237060547,19.700000762939453,19.700000762939453,100.0,EFOI
2008-10-03,11.0,11.729999542236328,10.9399995803833,11.220000267028807,4.983692646026611,160900.0,EFR
2008-10-03,22.399999618530273,22.75,21.200000762939453,21.200000762939453,17.835655212402344,9300.0,EFSC
2008-10-03,11.18000030517578,11.5600004196167,11.18000030517578,11.5,5.2991943359375,159600.0,EFT
2008-10-03,32.380001068115234,32.639999389648445,31.31999969482422,31.36000061035156,27.219024658203125,864500.0,EFX
2008-10-03,0.5,0.5,0.5,0.5,0.5,0.0,EGAN
2008-10-03,7.727272510528564,8.154545783996582,6.863636493682861,6.863636493682861,6.769427299499513,5900.0,EGBN
2008-10-03,16.149999618530273,16.239999771118164,16.020000457763672,16.020000457763672,8.913890838623047,18300.0,EGF
2008-10-03,0.8299999833106995,0.8700000047683716,0.8299999833106995,0.8500000238418579,0.8500000238418579,134200.0,EGHT
2008-10-03,17571.603515625,18576.109375,16596.2109375,16931.046875,15979.8642578125,1300.0,EGLE
2008-10-03,25.5,29.0,25.5,26.75,25.60951232910156,474000.0,EGO
2008-10-03,6.46999979019165,6.6599998474121085,6.03000020980835,6.03000020980835,4.33524227142334,138300.0,EGOV
2008-10-03,46.7599983215332,46.959999084472656,44.43999862670898,44.45000076293945,27.64840507507324,169500.0,EGP
2008-10-03,5.989999771118164,6.679999828338622,5.960000038146973,5.980000019073486,5.978756904602051,598400.0,EGY
2008-10-03,17.139999389648438,17.139999389648438,16.219999313354492,16.25,14.077221870422365,1104500.0,EHC
2008-10-03,8.609999656677246,8.800000190734863,8.579999923706055,8.579999923706055,2.8313241004943848,70800.0,EHI
2008-10-03,13.960000038146973,14.6899995803833,13.510000228881836,13.770000457763672,13.770000457763672,183600.0,EHTH
2008-10-03,4.460000038146973,4.460000038146973,4.460000038146973,4.460000038146973,4.460000038146973,60000.0,EIC
2008-10-03,16.549999237060547,17.5,15.829999923706055,15.850000381469727,13.33608341217041,165800.0,EIG
2008-10-03,10.920000076293944,11.220000267028807,10.90999984741211,11.0,5.499697208404541,74100.0,EIM
2008-10-03,39.47999954223633,40.93999862670898,39.11999893188477,39.4900016784668,26.98751640319824,3179900.0,EIX
2008-10-03,24.31999969482422,24.545000076293945,22.604999542236328,23.065000534057614,18.836536407470703,6964200.0,EL
2008-10-03,19.600000381469727,21.399999618530273,19.600000381469727,20.799999237060547,20.799999237060547,6500.0,ELGX
2008-10-03,5.599999904632568,5.599999904632568,5.599999904632568,5.599999904632568,5.449462413787842,0.0,ELLO
2008-10-03,2160.0,2200.0,1700.0,2100.0,2100.0,0.0,ELOX
2008-10-03,13.470000267028807,14.3100004196167,13.06999969482422,13.130000114440918,8.540914535522461,832500.0,ELP
2008-10-03,12.399999618530273,12.452500343322756,11.217499732971193,11.25749969482422,5.1368279457092285,1659600.0,ELS
2008-10-03,3.7100000381469727,3.7100000381469727,3.7100000381469727,3.7100000381469727,3.017695665359497,2900.0,ELSE
2008-10-03,6.199999809265138,6.199999809265138,5.550000190734863,6.199999809265138,6.199999809265138,700.0,ELTK
2008-10-03,13.199999809265135,13.329999923706055,12.359999656677244,12.369999885559082,11.581697463989258,519100.0,ELY
2008-10-03,0.6000000238418579,0.6000000238418579,0.6000000238418579,0.6000000238418579,0.5834711194038391,1600.0,EMAN
2008-10-03,22.85000038146973,22.85000038146973,22.85000038146973,22.85000038146973,14.792146682739258,3100.0,EMCF
2008-10-03,13.029999732971193,13.369999885559082,13.020000457763672,13.31999969482422,5.126875877380371,113300.0,EMD
2008-10-03,23.88999938964844,25.31999969482422,22.709999084472656,22.78000068664551,21.65214729309082,971300.0,EME
2008-10-03,14.31999969482422,14.640000343322756,14.010000228881836,14.079999923706055,7.231247425079347,121600.0,EMF
2008-10-03,20.280000686645508,21.15999984741211,19.479999542236328,19.799999237060547,15.216666221618652,503300.0,EMKR
2008-10-03,13.09000015258789,13.100000381469727,12.850000381469727,13.0,10.035502433776855,10400.0,EML
2008-10-03,3.458646535873413,4.0225563049316415,2.857142925262451,2.9323308467864986,2.9323308467864986,16200.0,EMMS
2008-10-03,25.78499984741211,26.104999542236328,25.190000534057614,25.354999542236328,16.613574981689453,2806200.0,EMN
2008-10-03,8.560000419616701,8.560000419616701,8.560000419616701,8.560000419616701,8.560000419616701,0.0,EMP
2008-10-03,38.29999923706055,40.4900016784668,38.11000061035156,38.20000076293945,26.48664665222168,8011300.0,EMR
2008-10-03,0.8399999737739563,0.8399999737739563,0.7900000214576721,0.8399999737739563,0.8399999737739563,7000.0,EMX
2008-10-03,19.040000915527344,19.450000762939453,18.040000915527344,18.155000686645508,9.425455093383787,3554400.0,ENB
2008-10-03,19.899999618530273,20.549999237060547,19.489999771118164,19.489999771118164,19.489999771118164,1080500.0,ENDP
2008-10-03,10.199999809265137,11.359999656677244,9.100000381469727,9.289999961853027,9.289999961853027,578600.0,ENG
2008-10-03,8.597947120666504,8.806220054626465,8.218783378601074,8.405694961547853,4.3461432456970215,987400.0,ENIA
2008-10-03,18.8700008392334,19.309999465942386,16.879999160766598,16.899999618530273,9.539617538452148,461500.0,ENLC
2008-10-03,81.08999633789062,82.9000015258789,79.73999786376953,80.27999877929688,67.76929473876953,1037000.0,ENR
2008-10-03,17.68000030517578,18.049999237060547,15.380000114440918,15.550000190734865,14.483003616333008,1151700.0,ENS
2008-10-03,3.9857573509216313,4.2179622650146475,3.837758779525757,4.044446468353272,3.692300081253052,230600.0,ENSG
2008-10-03,1.6499999761581419,1.6499999761581419,1.6499999761581419,1.6499999761581419,0.5028570294380188,6900.0,ENSV
2008-10-03,4.389999866485597,4.489999771118164,4.179999828338623,4.179999828338623,4.097555637359618,883400.0,ENTG
2008-10-03,11.210000038146973,11.43000030517578,11.199999809265137,11.199999809265137,5.970388889312744,46000.0,ENX
2008-10-03,10.630000114440918,10.890000343322754,10.010000228881836,10.100000381469727,10.100000381469727,128400.0,ENZ
2008-10-03,11.449999809265135,11.5600004196167,10.920000076293944,11.260000228881836,3.024311065673828,247200.0,EOD
2008-10-03,39.43999862670898,43.125,39.01499938964844,39.97000122070313,35.438316345214844,8929600.0,EOG
2008-10-03,13.199999809265135,13.729999542236328,13.199999809265135,13.239999771118164,4.744753837585449,143100.0,EOI
2008-10-03,13.619999885559082,13.949999809265135,13.619999885559082,13.65999984741211,4.8221092224121085,103900.0,EOS
2008-10-03,9.949999809265137,10.100000381469727,9.390000343322754,9.399999618530273,9.399999618530273,74200.0,EPAY
2008-10-03,60.1111946105957,61.45292663574219,59.1104507446289,59.51074981689453,56.21309280395508,1398900.0,EPC
2008-10-03,12.479999542236328,12.8100004196167,12.039999961853027,12.079999923706055,4.301811695098877,2045200.0,EPD
2008-10-03,2.75,2.75,2.558000087738037,2.5999999046325684,1.9149272441864011,267100.0,EPM
2008-10-03,52.599998474121094,53.77999877929688,48.81000137329102,48.81000137329102,22.33348846435547,323000.0,EPR
2008-10-03,2.609999895095825,2.609999895095825,2.4600000381469727,2.609999895095825,2.609999895095825,10000.0,EPSN
2008-10-03,4.400000095367432,4.400000095367432,4.400000095367432,4.400000095367432,4.400000095367432,873.0,EQ
2008-10-03,26.71999931335449,26.71999931335449,24.0,24.0,14.30618381500244,652900.0,EQC
2008-10-03,65.41999816894531,67.36000061035156,61.790000915527344,61.97999954223633,51.27578353881836,1742300.0,EQIX
2008-10-03,21.63999938964844,22.670000076293945,21.190000534057614,21.309999465942386,12.554007530212402,2233600.0,EQNR
2008-10-03,41.61999893188477,42.11000061035156,38.91999816894531,39.13999938964844,23.407062530517575,5206500.0,EQR
2008-10-03,6.0,6.199999809265138,5.739999771118164,6.0,4.856695652008057,6100.0,EQS
2008-10-03,17.6918888092041,18.127382278442386,16.635818481445312,16.869895935058597,13.941129684448242,5074500.0,EQT
2008-10-03,12.220000267028807,12.470000267028807,12.06999969482422,12.140000343322756,3.819880485534668,104200.0,ERC
2008-10-03,34.47999954223633,36.20000076293945,33.59999847412109,33.779998779296875,16.181825637817386,1729400.0,ERF
2008-10-03,16.399999618530273,16.399999618530273,15.399999618530273,15.460000038146973,6.11609411239624,36900.0,ERH
2008-10-03,0.1770000010728836,0.1770000010728836,0.1770000010728836,0.1770000010728836,0.1770000010728836,0.0,ERI
2008-10-03,8.220000267028809,8.439999580383299,8.010000228881836,8.060000419616701,5.457888603210449,9113600.0,ERIC
2008-10-03,43.959999084472656,45.0,40.7599983215332,41.68000030517578,28.206684112548828,92300.0,ERIE
2008-10-03,8.270000457763674,8.439999580383299,8.060000419616701,8.289999961853027,8.289999961853027,124500.0,ERII
2008-10-03,25.899999618530273,26.53000068664551,23.920000076293945,24.03000068664551,20.431602478027344,1660700.0,ERJ
2008-10-03,25.65999984741211,25.65999984741211,24.70000076293945,24.75,16.764694213867188,1016500.0,ES
2008-10-03,9.445100784301758,10.405352592468262,9.445100784301758,10.405352592468262,5.951778888702393,2000.0,ESBK
2008-10-03,2.740000009536743,2.740000009536743,2.509999990463257,2.5699999332427983,1.7096657752990725,19100.0,ESCA
2008-10-03,45.86000061035156,47.040000915527344,43.54999923706055,44.0,40.58581161499024,254500.0,ESE
2008-10-03,577.5999755859375,606.4000244140625,572.7999877929688,578.4000244140625,399.17022705078125,2500.0,ESEA
2008-10-03,98.63999938964844,101.5,95.29000091552734,97.22000122070312,97.22000122070312,4000.0,ESGR
2008-10-03,51.27000045776367,52.709999084472656,51.27000045776367,51.66999816894531,36.820011138916016,17800.0,ESLT
2008-10-03,18.5,19.5,18.25,18.25,10.557891845703123,2800.0,ESP
2008-10-03,114.75,116.19000244140624,111.0500030517578,112.5,76.17619323730469,672000.0,ESS
2008-10-03,13.649999618530273,13.739999771118164,13.5,13.600000381469727,10.592578887939453,81800.0,ESSA
2008-10-03,12.0,12.0,10.5,10.75,10.75,3800.0,ESTE
2008-10-03,4.150000095367432,4.150000095367432,4.150000095367432,4.150000095367432,3.778240203857422,0.0,ESXB
2008-10-03,5.3400001525878915,5.505000114440918,5.137499809265137,5.142499923706055,0.8401408791542053,1504400.0,ET
2008-10-03,13.350000381469727,13.699999809265135,13.149999618530273,13.15999984741211,4.479380130767822,42100.0,ETB
2008-10-03,31.60000038146973,33.0,29.899999618530273,30.5,29.952621459960934,1944800.0,ETFC
2008-10-03,14.289999961853027,14.449999809265135,13.760000228881836,13.789999961853027,5.059710502624512,427700.0,ETG
2008-10-03,27.979999542236328,28.32999992370605,25.61000061035156,26.989999771118164,20.536027908325195,1031100.0,ETH
2008-10-03,16.75,17.25,16.700000762939453,16.870000839233402,5.006377696990967,263000.0,ETJ
2008-10-03,4.829999923706055,4.9099998474121085,3.900000095367432,3.940000057220459,3.4260525703430176,514000.0,ETM
2008-10-03,25.979999542236328,26.84000015258789,24.53000068664551,24.60000038146973,9.314175605773926,5100800.0,ETN
2008-10-03,18.8700008392334,18.920000076293945,18.010000228881836,18.200000762939453,6.338305950164795,127800.0,ETO
2008-10-03,31.10000038146973,31.10000038146973,31.10000038146973,31.10000038146973,31.10000038146973,15879.0,ETON
2008-10-03,87.38999938964844,89.76000213623047,86.36000061035156,86.6500015258789,51.9182243347168,1681200.0,ETR
2008-10-03,12.25,12.5,12.010000228881836,12.09000015258789,3.7411797046661377,269300.0,ETV
2008-10-03,11.600000381469727,11.979999542236328,11.1899995803833,11.229999542236328,3.270850419998169,327500.0,ETW
2008-10-03,12.0600004196167,12.289999961853027,11.489999771118164,11.859999656677244,3.500685691833496,378100.0,ETY
2008-10-03,34.110000610351555,35.15999984741211,31.649999618530273,31.649999618530273,22.4013671875,844000.0,EV
2008-10-03,16.950000762939453,16.950000762939453,16.940000534057614,16.950000762939453,11.780305862426758,1500.0,EVBN
2008-10-03,2.5799999237060547,2.6800000667572017,2.4800000190734863,2.4800000190734863,1.7591185569763184,458800.0,EVC
2008-10-03,4.960000038146973,5.099999904632568,4.960000038146973,5.0,2.35772967338562,83000.0,EVF
2008-10-03,12.739999771118164,13.020000457763672,12.739999771118164,12.8100004196167,5.689162254333496,81600.0,EVG
2008-10-03,0.8999999761581421,0.8999999761581421,0.8999999761581421,0.8999999761581421,0.483690619468689,0.0,EVI
2008-10-03,2.0999999046325684,2.0999999046325684,1.9099999666213991,1.9099999666213991,1.9099999666213991,8800.0,EVK
2008-10-03,11.199999809265137,11.449999809265135,11.0,11.0,5.59663724899292,24700.0,EVM
2008-10-03,11.619999885559082,11.800000190734865,11.600000381469727,11.65999984741211,5.426912784576416,41200.0,EVN
2008-10-03,2.9600000381469727,3.0999999046325684,2.8199999332427983,2.8199999332427983,1.2212172746658323,14800.0,EVOL
2008-10-03,18.040000915527344,18.170000076293945,17.139999389648438,17.610000610351562,13.172390937805176,73000.0,EVR
2008-10-03,23.04999923706055,23.540000915527344,22.51000022888184,22.60000038146973,14.00623893737793,1889500.0,EVRG
2008-10-03,4.699999809265137,4.980000019073486,4.420000076293945,4.420000076293945,4.420000076293945,255500.0,EVRI
2008-10-03,15.100000381469727,15.720000267028807,15.0,15.0600004196167,5.841778755187987,283900.0,EVT
2008-10-03,11.010000228881836,11.699999809265135,11.010000228881836,11.420000076293945,4.417428016662598,328400.0,EVV
2008-10-03,10.5,10.899999618530273,10.5,10.699999809265137,5.491135597229004,16800.0,EVY
2008-10-03,14.550000190734865,14.640000343322756,14.172499656677244,14.272500038146973,14.272500038146973,1982800.0,EW
2008-10-03,15.229999542236328,16.280000686645508,14.65999984741211,15.079999923706055,12.590975761413574,1079700.0,EWBC
2008-10-03,0.9200000166893004,1.0,0.8199999928474426,0.9700000286102296,0.9700000286102296,58700.0,EXAS
2008-10-03,60.72000122070313,62.97999954223633,58.29999923706055,60.18999862670898,36.9853515625,5280800.0,EXC
2008-10-03,5.53000020980835,5.579999923706055,5.119999885559082,5.139999866485597,5.139999866485597,1105400.0,EXEL
2008-10-03,3.0199999809265137,3.0699999332427983,2.799999952316284,2.9100000858306885,2.9100000858306885,39800.0,EXFO
2008-10-03,11.1899995803833,11.350000381469727,10.699999809265137,10.760000228881836,2.826263427734375,725800.0,EXG
2008-10-03,1.7699999809265137,2.049999952316284,1.7699999809265137,1.8400000333786009,1.7883673906326294,124000.0,EXK
2008-10-03,8.449999809265138,8.550000190734862,7.929999828338622,7.989999771118164,7.989999771118164,121500.0,EXLS
2008-10-03,20.549999237060547,20.82999992370605,18.780000686645508,18.780000686645508,17.03806495666504,1034700.0,EXP
2008-10-03,34.18000030517578,35.09999847412109,32.90999984741211,33.0,28.36943817138672,3681300.0,EXPD
2008-10-03,28.21999931335449,30.059999465942386,27.1200008392334,27.21999931335449,17.928049087524414,3334900.0,EXPE
2008-10-03,7.6500000953674325,7.925000190734862,7.4650001525878915,7.4650001525878915,6.8421993255615225,286000.0,EXPO
2008-10-03,14.710000038146973,15.010000228881836,14.149999618530273,14.170000076293945,9.30170726776123,1399800.0,EXR
2008-10-03,2.640000104904175,2.75,2.5,2.5,2.5,578100.0,EXTR
2008-10-03,1.3899999856948853,1.3899999856948853,1.1599999666213991,1.2000000476837158,1.2000000476837158,32400.0,EYPT
2008-10-03,17.93000030517578,18.0,16.860000610351562,16.940000534057614,16.940000534057614,785900.0,EZPW
2008-10-03,4.46999979019165,4.46999979019165,4.050000190734863,4.050000190734863,2.846736192703247,43056400.0,F
2008-10-03,11.869999885559082,12.1899995803833,11.800000190734865,12.09000015258789,4.0787625312805185,68200.0,FAM
2008-10-03,9.010000228881836,9.239999771118164,8.600000381469728,8.699999809265138,7.457657814025879,43200.0,FANH
2008-10-03,25.11000061035156,25.11000061035156,24.170000076293945,24.3799991607666,22.98284339904785,9100.0,FARM
2008-10-03,19.09000015258789,19.63999938964844,18.020000457763672,18.059999465942386,18.059999465942386,134000.0,FARO
2008-10-03,11.032500267028807,11.265000343322756,10.397500038146973,10.489999771118164,7.830104351043701,19650800.0,FAST
2008-10-03,4.550000190734863,4.960000038146973,4.320000171661377,4.820000171661377,1.9931979179382324,787000.0,FAX
2008-10-03,317.0,340.0,290.0,296.0,294.17596435546875,4700.0,FBC
2008-10-03,8.149999618530272,8.149999618530272,8.149999618530272,8.149999618530272,6.345293521881104,200.0,FBIZ
2008-10-03,16.0,16.0,16.0,16.0,14.357351303100586,0.0,FBMS
2008-10-03,16.239999771118164,17.200000762939453,15.600000381469727,15.600000381469727,12.37096881866455,13800.0,FBNC
2008-10-03,180.0,181.0500030517578,169.0500030517578,172.8000030517578,168.4519500732422,29400.0,FBP
2008-10-03,15.0,15.0,14.050000190734865,14.050000190734865,9.274311065673828,3200.0,FBSS
2008-10-03,7.070000171661378,7.5,7.070000171661378,7.110000133514403,7.110000133514403,34800.0,FC
2008-10-03,15.359999656677244,15.359999656677244,15.359999656677244,15.359999656677244,10.267989158630373,0.0,FCAP
2008-10-03,35.810001373291016,37.02000045776367,34.990001678466804,35.279998779296875,24.81038856506348,13100.0,FCBC
2008-10-03,9.489999771118164,9.489999771118164,8.689999580383299,8.689999580383299,6.6240434646606445,900.0,FCCO
2008-10-03,7.0517354011535645,7.1300883293151855,7.0517354011535645,7.1300883293151855,6.7922730445861825,6100.0,FCCY
2008-10-03,797.760009765625,842.4000244140625,750.239990234375,776.1599731445312,776.1599731445312,8700.0,FCEL
2008-10-03,13.65999984741211,13.75,12.630000114440918,12.68000030517578,9.34344482421875,365100.0,FCF
2008-10-03,15.40999984741211,16.829999923706055,15.300000190734865,16.120000839233402,15.29723072052002,303900.0,FCFS
2008-10-03,68.51999664306639,71.52999877929688,67.72000122070311,68.31999969482422,68.31999969482422,995500.0,FCN
2008-10-03,177.0,177.0,170.0,172.7899932861328,162.19500732421875,8000.0,FCNCA
2008-10-03,9.84000015258789,9.84000015258789,9.649999618530273,9.800000190734863,3.323825597763061,28400.0,FCO
2008-10-03,10.270000457763672,10.619999885559082,10.229999542236328,10.399999618530273,5.088614463806152,132600.0,FCT
2008-10-03,23.20499992370605,24.795000076293945,22.075000762939453,22.43000030517578,16.635229110717773,42213600.0,FCX
2008-10-03,19.16666603088379,19.16666603088379,19.16666603088379,19.16666603088379,10.296971321105957,300.0,FDBC
2008-10-03,6.0,7.25,5.78000020980835,6.324999809265138,4.889927864074707,33800.0,FDEF
2008-10-03,21.34000015258789,21.6200008392334,19.71999931335449,20.09000015258789,17.670671463012695,559900.0,FDP
2008-10-03,50.09000015258789,50.1500015258789,47.56000137329102,47.61999893188477,41.2285041809082,643000.0,FDS
2008-10-03,78.44000244140625,81.05000305175781,77.61000061035156,78.0,71.08812713623047,3577500.0,FDX
2008-10-03,62.4900016784668,64.0,60.47000122070313,61.0099983215332,35.334964752197266,2137400.0,FE
2008-10-03,4.489999771118164,4.489999771118164,4.230000019073486,4.400000095367432,4.295486927032472,1700.0,FEIM
2008-10-03,20.850000381469727,22.854999542236328,20.489999771118164,20.575000762939453,17.959278106689453,249200.0,FELE
2008-10-03,20.0,20.399999618530273,20.0,20.149999618530273,7.931426048278809,10600.0,FEN
2008-10-03,13.140000343322756,13.6899995803833,13.140000343322756,13.140000343322756,4.749123573303223,49400.0,FEO
2008-10-03,10.90999984741211,11.270000457763672,10.699999809265137,10.699999809265137,4.342884063720703,84700.0,FFA
2008-10-03,14.489999771118164,15.0,13.890000343322756,13.890000343322756,8.600557327270508,61900.0,FFBC
2008-10-03,7.210000038146973,7.920000076293945,7.210000038146973,7.329999923706055,2.585341691970825,344000.0,FFC
2008-10-03,26.32999992370605,26.690000534057614,23.82999992370605,23.82999992370605,15.790583610534668,70400.0,FFG
2008-10-03,5.28000020980835,5.599999904632568,5.0,5.360000133514403,5.360000133514403,4500.0,FFHL
2008-10-03,17.700000762939453,17.700000762939453,16.329999923706055,16.559999465942386,10.842432022094727,79000.0,FFIC
2008-10-03,8.666666984558105,8.975000381469727,8.416666984558105,8.555000305175781,6.625920295715332,568000.0,FFIN
2008-10-03,21.540000915527344,22.739999771118164,20.809999465942386,21.0,21.0,2079900.0,FFIV
2008-10-03,10.399999618530273,10.399999618530273,9.630000114440918,9.630000114440918,7.877916812896728,58800.0,FFNW
2008-10-03,6.769999980926514,7.059999942779541,6.71999979019165,6.71999979019165,2.0070559978485107,29400.0,FGB
2008-10-03,1005.0,1025.0,980.0,991.0,879.1566162109375,94536.0,FHB
2008-10-03,11.379073143005373,12.205925941467285,9.892705917358398,10.817994117736816,9.063777923583984,5481300.0,FHN
2008-10-03,21.280000686645508,21.40999984741211,19.049999237060547,19.209999084472656,18.84385681152344,912800.0,FICO
2008-10-03,17.780000686645508,18.040000915527344,17.0,17.040000915527347,14.544748306274414,2953000.0,FIS
2008-10-03,18.979999542236328,20.270000457763672,18.979999542236328,19.34000015258789,13.224720001220705,5700.0,FISI
2008-10-03,11.31999969482422,11.662500381469727,10.952500343322754,10.957500457763672,10.957500457763672,9201600.0,FISV
2008-10-03,14.3100004196167,14.609999656677244,12.81999969482422,13.220000267028807,10.16817855834961,13319900.0,FITB
2008-10-03,124.25,126.9499969482422,115.87000274658205,115.87000274658205,111.00975036621094,19425.0,FITBP
2008-10-03,12.609999656677244,12.75,11.770000457763672,11.850000381469727,10.153654098510742,378800.0,FIX
2008-10-03,8.210000038146973,9.079999923706056,8.170000076293945,8.720000267028809,5.291347026824951,57500.0,FIZZ
2008-10-03,15.229999542236328,15.479999542236328,14.420000076293945,14.43000030517578,10.327937126159668,3739200.0,FL
2008-10-03,7.800000190734862,8.0,7.550000190734862,7.889999866485597,2.8355965614318848,178200.0,FLC
2008-10-03,6.25,6.619999885559082,5.880000114440918,5.9000000953674325,5.9000000953674325,20915100.0,FLEX
2008-10-03,10.80888843536377,10.80888843536377,10.44444465637207,10.457777976989746,7.428044319152832,5500.0,FLIC
2008-10-03,37.40999984741211,37.93000030517578,34.700000762939446,34.740001678466804,30.762752532958984,1777300.0,FLIR
2008-10-03,1.5,1.5,1.4199999570846558,1.4299999475479126,1.4299999475479126,4700.0,FLL
2008-10-03,35.0,35.0,35.0,35.0,35.0,100.0,FLNT
2008-10-03,13.097777366638185,13.39555549621582,12.928889274597168,13.19111156463623,8.255430221557617,2930400.0,FLO
2008-10-03,4.769999980926514,4.980000019073486,4.260000228881837,4.53000020980835,4.53000020980835,751838.0,FLOW
2008-10-03,46.08000183105469,51.63999938964844,46.08000183105469,46.7599983215332,39.24557876586914,8031900.0,FLR
2008-10-03,23.893333435058594,25.70000076293945,23.78666687011719,24.06666755676269,18.225231170654297,6450900.0,FLS
2008-10-03,5.5900001525878915,5.5900001525878915,5.059999942779541,5.070000171661377,5.070000171661377,196500.0,FLWS
2008-10-03,10.489999771118164,10.630000114440918,10.25,10.31999969482422,7.583096027374268,5500.0,FLXS
2008-10-03,9.520000457763672,9.619999885559082,8.960000038146973,9.0,4.992103099822998,99800.0,FLY
2008-10-03,10.0,10.0,10.0,10.0,6.781240463256836,2600.0,FMAO
2008-10-03,25.04999923706055,25.04999923706055,25.04999923706055,25.04999923706055,19.540306091308594,0.0,FMBH
2008-10-03,26.309999465942386,28.96999931335449,26.040000915527344,27.31999969482422,23.125741958618164,483800.0,FMBI
2008-10-03,17.753686904907227,21.097137451171875,17.753686904907227,19.731136322021484,16.543500900268555,6430200.0,FMC
2008-10-03,11.039999961853027,11.09000015258789,10.899999618530273,10.90999984741211,5.372372627258301,13600.0,FMN
2008-10-03,6.760000228881836,6.760000228881836,6.760000228881836,6.760000228881836,4.842921733856201,1100.0,FMNB
2008-10-03,18.25,18.25,17.319999694824222,17.850000381469727,5.694056987762451,38900.0,FMO
2008-10-03,25.520000457763672,25.934999465942386,25.20499992370605,25.520000457763672,21.905832290649414,250200.0,FMS
2008-10-03,36.81999969482422,38.33000183105469,36.41999816894531,37.04999923706055,31.44314193725586,2074500.0,FMX
2008-10-03,15.899999618530273,16.319999694824222,15.800000190734865,16.180000305175778,7.000472545623778,19000.0,FMY
2008-10-03,15.850000381469727,16.100000381469727,14.989999771118164,14.989999771118164,8.923995971679688,398200.0,FNB
2008-10-03,13.5,13.5,12.300000190734865,12.300000190734865,10.932292938232422,300.0,FNCB
2008-10-03,8.128681182861326,8.657135009765625,7.457723617553711,7.8674235343933105,4.629574775695801,2347200.0,FNF
2008-10-03,5.6500000953674325,5.6500000953674325,5.0,5.0900001525878915,3.9144465923309326,31600.0,FNHC
2008-10-03,22.0,22.0,21.25,21.489999771118164,12.781237602233887,10400.0,FNLC
2008-10-03,16.930000305175778,17.540000915527347,16.930000305175778,16.930000305175778,14.396431922912598,99200.0,FNV
2008-10-03,20.030000686645508,20.190000534057614,18.65999984741211,18.90999984741211,18.58436393737793,613100.0,FOE
2008-10-03,11.6899995803833,11.6899995803833,10.720000267028807,10.720000267028807,3.9743189811706543,109500.0,FOF
2008-10-03,15.199999809265135,15.199999809265135,14.829999923706055,14.899999618530273,14.899999618530273,19500.0,FOLD
2008-10-03,1.100000023841858,1.440000057220459,1.100000023841858,1.2599999904632568,1.2599999904632568,5000.0,FONR
2008-10-03,13.239999771118164,14.079999923706055,12.869999885559082,12.869999885559082,12.869999885559082,291800.0,FOR
2008-10-03,1.8799999952316284,1.950000047683716,1.809999942779541,1.8799999952316284,1.8799999952316284,21200.0,FORD
2008-10-03,17.239999771118164,17.239999771118164,15.890000343322756,15.899999618530273,15.899999618530273,950800.0,FORM
2008-10-03,28.25,28.57999992370605,26.40999984741211,26.43000030517578,21.273176193237305,70500.0,FORR
2008-10-03,10.300000190734863,10.350000381469727,10.0,10.350000381469727,5.252929210662842,700.0,FORTY
2008-10-03,26.57999992370605,27.440000534057614,25.209999084472656,25.34000015258789,25.34000015258789,1455300.0,FOSL
2008-10-03,24.70000076293945,24.790000915527344,18.31999969482422,20.149999618530273,16.170795440673828,3569800.0,FR
2008-10-03,11.399999618530273,11.5,11.229999542236328,11.43000030517578,5.250414371490479,92700.0,FRA
2008-10-03,21.350000381469727,21.350000381469727,21.350000381469727,21.350000381469727,12.948674201965332,1100.0,FRAF
2008-10-03,8.5,9.0,8.5,8.640000343322754,8.640000343322754,57300.0,FRBK
2008-10-03,6.440000057220459,6.440000057220459,6.239999771118164,6.380000114440918,4.290850162506104,38800.0,FRD
2008-10-03,5.130000114440918,5.130000114440918,5.130000114440918,5.130000114440918,4.335710048675537,0.0,FRG
2008-10-03,21.38999938964844,22.770000457763672,19.57999992370605,19.57999992370605,15.66941738128662,60400.0,FRME
2008-10-03,211.75,223.9499969482422,210.0,210.0,158.26763916015625,361000.0,FRO
2008-10-03,26.0,26.546667098999023,25.66666603088379,26.43666648864746,22.05489921569824,51000.0,FRPH
2008-10-03,78.2699966430664,80.83999633789062,71.69999694824219,72.8499984741211,48.85581588745117,1449100.0,FRT
2008-10-03,8.360897064208983,8.360897064208983,8.360897064208983,8.360897064208983,8.360897064208983,0.0,FSBC
2008-10-03,1.6000000238418581,1.6000000238418581,1.6000000238418581,1.6000000238418581,1.4595330953598022,600.0,FSI
2008-10-03,180.1699981689453,194.3000030517578,153.6199951171875,163.19000244140625,163.19000244140625,4478100.0,FSLR
2008-10-03,0.7799999713897705,0.8899999856948853,0.7799999713897705,0.7799999713897705,0.7799999713897705,44400.0,FSM
2008-10-03,12.8100004196167,13.289999961853027,12.600000381469727,12.6899995803833,6.374284267425537,512300.0,FSP
2008-10-03,11.369999885559082,11.710000038146973,10.850000381469727,10.920000076293944,9.139433860778807,478900.0,FSS
2008-10-03,26.65999984741211,27.559999465942386,24.53000068664551,24.649999618530273,23.952978134155273,186700.0,FSTR
2008-10-03,4.920000076293945,5.039999961853027,4.75,4.809999942779541,2.1908955574035645,56900.0,FT
2008-10-03,613.4000244140625,614.0,606.4000244140625,610.0,386.7528381347656,398822400.0,FTAI
2008-10-03,17.860000610351562,18.46999931335449,17.079999923706055,17.25,17.25,222900.0,FTEK
2008-10-03,8.949999809265137,9.40999984741211,8.949999809265137,8.960000038146973,3.4094932079315186,62100.0,FTF
2008-10-03,31.20000076293945,31.20000076293945,31.20000076293945,31.20000076293945,31.20000076293945,0.0,FTFT
2008-10-03,19.28499984741211,20.71999931335449,19.125,20.26499938964844,14.66013240814209,7476000.0,FTI
2008-10-03,9.140000343322754,9.720000267028807,8.460000038146973,8.460000038146973,8.460000038146973,340300.0,FTK
2008-10-03,167.6999969482422,173.85000610351562,165.4499969482422,167.25,62.59988784790039,302900.0,FTR
2008-10-03,21.149999618530273,21.15999984741211,21.0,21.15999984741211,21.15999984741211,500.0,FUD
2008-10-03,7.800000190734862,7.800000190734862,7.800000190734862,7.800000190734862,7.800000190734862,200.0,FUE
2008-10-03,19.350000381469727,19.940000534057614,18.8799991607666,19.0,16.475994110107422,603600.0,FUL
2008-10-03,12.510000228881836,13.039999961853027,12.130000114440918,12.130000114440918,8.833494186401367,1224800.0,FULT
2008-10-03,20.649999618530273,20.649999618530273,18.649999618530273,18.670000076293945,9.376714706420898,145600.0,FUN
2008-10-03,19.84000015258789,19.989999771118164,19.84000015258789,19.979999542236328,17.26580810546875,1200.0,FUNC
2008-10-03,6.960000038146973,7.039999961853027,6.5999999046325675,6.800000190734862,3.495452404022217,125500.0,FUND
2008-10-03,17.979999542236328,18.0,17.979999542236328,18.0,15.637929916381836,1500.0,FUSB
2008-10-03,33.0,33.799999237060554,32.200000762939446,32.299999237060554,32.299999237060554,15100.0,FVE
2008-10-03,24.690000534057614,25.45000076293945,23.15999984741211,23.5,20.704652786254886,557200.0,FWRD
2008-10-03,19.950000762939453,19.950000762939453,19.950000762939453,19.950000762939453,16.329383850097653,0.0,FXNC
2008-10-03,10.210000038146973,10.390000343322754,9.489999771118164,9.579999923706056,8.166671752929688,297900.0,G
2008-10-03,6.5458736419677725,6.5458736419677725,5.479138374328613,5.925227642059326,1.6945830583572388,477700.0,GAB
2008-10-03,8.220000267028809,8.300000190734862,8.133333206176758,8.133333206176758,5.982494354248048,1500.0,GABC
2008-10-03,9.729999542236328,9.760000228881836,8.899999618530273,9.0,8.67396354675293,124300.0,GAIA
2008-10-03,6.320000171661378,6.989999771118164,6.320000171661378,6.829999923706055,2.289480209350586,308700.0,GAIN
2008-10-03,1.2000000476837158,1.2599999904632568,1.0199999809265137,1.1399999856948853,1.1399999856948853,28300.0,GALT
2008-10-03,24.0,24.25,23.040000915527344,23.36000061035156,13.404227256774902,56900.0,GAM
2008-10-03,12.34000015258789,12.479999542236328,11.529999732971193,11.600000381469727,10.706215858459473,23400.0,GASS
2008-10-03,36.0,36.84000015258789,34.900001525878906,35.080001831054695,24.86769676208496,722600.0,GATX
2008-10-03,42.68000030517578,43.38000106811523,42.31999969482422,42.63999938964844,42.63999938964844,9800.0,GAZ
2008-10-03,25.420000076293945,26.0,23.979999542236328,25.36000061035156,17.10197639465332,420700.0,GBCI
2008-10-03,27.73290252685547,27.73290252685547,25.8535270690918,26.025848388671875,21.607473373413086,48200.0,GBL
2008-10-03,26.79999923706055,30.959999084472656,26.71999931335449,28.479999542236328,26.50350379943848,25300.0,GBLI
2008-10-03,6.5999999046325675,6.5999999046325675,6.3499999046325675,6.389999866485597,6.389999866485597,800.0,GBR
2008-10-03,17.450000762939453,18.59000015258789,17.0,17.370000839233402,14.90895175933838,136000.0,GBX
2008-10-03,6.875,6.875,6.875,6.875,4.787395477294922,0.0,GCBC
2008-10-03,15.329999923706055,15.5,15.130000114440918,15.130000114440918,6.171359539031982,1700.0,GCE
2008-10-03,16.540000915527347,16.610000610351562,15.06999969482422,15.18000030517578,5.87665319442749,6317800.0,GCI
2008-10-03,30.420000076293945,32.169998168945305,28.209999084472656,28.3799991607666,28.3799991607666,447500.0,GCO
2008-10-03,6.389999866485597,6.440000057220459,5.760000228881836,5.760000228881836,2.1273751258850098,10200.0,GCV
2008-10-03,70.94000244140625,71.7699966430664,67.90000152587889,68.19999694824219,51.57292556762695,4832100.0,GD
2008-10-03,13.279999732971193,13.9399995803833,12.579999923706055,12.619999885559082,10.99498462677002,26300.0,GDEN
2008-10-03,13.760000228881836,14.210000038146973,13.350000381469727,13.649999618530273,5.592984199523926,57000.0,GDL
2008-10-03,13.206830978393555,13.282732009887695,12.732447624206545,12.732447624206545,6.063510417938232,219500.0,GDV
2008-10-03,21.826923370361328,22.115385055541992,20.663461685180664,20.740385055541992,13.97350788116455,223461300.0,GE
2008-10-03,12.84000015258789,13.5600004196167,12.600000381469727,12.720000267028807,12.720000267028807,21600.0,GEC
2008-10-03,59.90999984741211,61.27999877929688,57.15999984741211,57.66999816894531,37.65718078613281,419000.0,GEF
2008-10-03,13.289999961853027,13.399999618530273,12.65999984741211,12.770000457763672,5.461341857910156,61600.0,GEL
2008-10-03,14.260000228881836,14.550000190734865,13.970000267028807,14.0,14.0,226300.0,GEN
2008-10-03,4.8466668128967285,4.9666666984558105,4.733333110809326,4.866666793823242,4.866666793823242,53800.0,GENC
2008-10-03,29.0,29.0,29.0,29.0,29.0,0.0,GENE
2008-10-03,12.90666675567627,12.966666221618652,12.113333702087402,12.146666526794435,4.881277084350586,1014300.0,GEO
2008-10-03,17.25,17.809999465942386,16.670000076293945,16.950000762939453,16.950000762939453,45200.0,GEOS
2008-10-03,3.4782607555389404,3.497164487838745,3.241966009140014,3.3270320892333984,3.3270320892333984,554000.0,GERN
2008-10-03,32.150001525878906,32.27000045776367,29.670000076293945,29.989999771118164,20.06386947631836,1914900.0,GES
2008-10-03,9.949999809265137,10.020000457763672,9.5,9.670000076293944,4.3891143798828125,44300.0,GF
2008-10-03,11.5,12.550000190734865,10.90999984741211,11.5,10.28968334197998,700.0,GFED
2008-10-03,8.649999618530272,8.880000114440918,8.180000305175781,8.180000305175781,7.008535861968994,262500.0,GFF
2008-10-03,6.666666507720947,7.16623592376709,6.614986896514893,6.744185924530028,5.6471495628356925,9961700.0,GFI
2008-10-03,5.519999980926514,5.519999980926514,5.5,5.5,5.5,1300.0,GFN
2008-10-03,12.260000228881836,12.359999656677244,12.260000228881836,12.300000190734865,6.660426139831543,12200.0,GFY
2008-10-03,4.809999942779541,5.0,4.550000190734863,4.739999771118164,4.541457176208496,303900.0,GGAL
2008-10-03,9.720000267028807,10.1899995803833,8.949999809265137,9.109999656677246,7.458991050720215,9048500.0,GGB
2008-10-03,11.106666564941406,11.326666831970215,10.513333320617676,10.543333053588867,5.673668384552003,3072600.0,GGG
2008-10-03,18.290000915527344,18.420000076293945,16.299999237060547,16.5,4.134836673736571,177800.0,GGN
2008-10-03,6.496631145477295,6.641000747680664,5.871029853820801,5.871029853820801,1.9565169811248782,63600.0,GGT
2008-10-03,314.19940185546875,316.41693115234375,298.1571044921875,308.120849609375,235.4380187988281,62500.0,GHC
2008-10-03,76.05000305175781,77.25,74.22000122070312,76.27999877929688,49.25996017456055,309800.0,GHL
2008-10-03,21.01499938964844,23.34000015258789,20.0,20.09000015258789,17.70439338684082,360800.0,GHM
2008-10-03,8.609999656677246,9.210000038146973,8.590000152587889,8.899999618530273,8.899999618530273,266900.0,GIB
2008-10-03,31.78000068664551,33.560001373291016,30.32999992370605,30.440000534057614,26.8331241607666,62800.0,GIFI
2008-10-03,6.940000057220459,7.420000076293945,6.829999923706055,6.8499999046325675,6.8499999046325675,718000.0,GIGM
2008-10-03,8.444999694824219,8.475000381469728,7.755000114440918,7.789999961853027,7.789999961853027,261000.0,GIII
2008-10-03,11.03499984741211,11.225000381469727,10.75,10.864999771118164,9.322154998779297,1520800.0,GIL
2008-10-03,22.79999923706055,23.8799991607666,22.34499931335449,22.875,19.853090286254886,21429400.0,GILD
2008-10-03,5.300000190734863,5.639999866485597,5.289999961853027,5.289999961853027,5.024615287780762,141500.0,GILT
2008-10-03,7.9099998474121085,8.060000419616701,7.860000133514403,8.010000228881836,3.202256202697754,224800.0,GIM
2008-10-03,35.025001525878906,35.5,34.78499984741211,35.075000762939446,22.658355712890625,11230800.0,GIS
2008-10-03,0.06092000007629395,0.0816899985074997,0.06092000007629395,0.06092000007629395,0.06092000007629395,0.0,GIX
2008-10-03,5.300000190734863,6.170000076293945,5.300000190734863,6.1599998474121085,2.7445342540740967,6300.0,GJH
2008-10-03,17.299999237060547,17.459999084472653,16.510000228881836,16.549999237060547,13.172566413879395,2100.0,GJO
2008-10-03,16.549999237060547,16.549999237060547,16.549999237060547,16.549999237060547,11.036025047302246,0.0,GJP
2008-10-03,17.959999084472656,17.959999084472656,17.959999084472656,17.959999084472656,15.089738845825195,0.0,GJR
2008-10-03,15.720000267028807,17.0,15.390000343322756,15.649999618530273,12.191591262817385,6800.0,GJS
2008-10-03,10.399999618530273,11.149999618530273,10.300000190734863,11.109999656677246,8.615410804748535,2100.0,GJT
2008-10-03,24.275554656982425,24.399999618530273,23.035554885864254,23.035554885864254,19.3171443939209,3609100.0,GL
2008-10-03,15.199999809265135,15.81999969482422,14.100000381469727,14.1899995803833,4.518943309783936,78100.0,GLAD
2008-10-03,1240.0,1240.0,1240.0,1240.0,1065.373291015625,0.0,GLBS
2008-10-03,10.970000267028807,11.0,10.970000267028807,11.0,6.9583492279052725,900.0,GLBZ
2008-10-03,5.369999885559082,5.739999771118164,5.289999961853027,5.289999961853027,4.8768720626831055,210500.0,GLDD
2008-10-03,11.59000015258789,11.6899995803833,10.81999969482422,11.0,6.992114543914795,219900.0,GLNG
2008-10-03,12.210000038146973,12.260000228881836,11.210000038146973,11.210000038146973,3.4875810146331787,191400.0,GLO
2008-10-03,9.539999961853027,9.8100004196167,9.09000015258789,9.100000381469727,3.144516706466675,20500.0,GLP
2008-10-03,13.300000190734865,13.600000381469727,12.399999618530273,12.510000228881836,4.0499963760375985,59200.0,GLQ
2008-10-03,17.940000534057614,17.940000534057614,16.0,16.110000610351562,16.110000610351562,235500.0,GLRE
2008-10-03,12.4399995803833,12.4399995803833,11.34000015258789,11.449999809265135,8.384174346923826,380200.0,GLT
2008-10-03,17.299999237060547,17.399999618530273,17.0,17.010000228881836,8.147384643554688,13600.0,GLU
2008-10-03,1.7899999618530271,1.9099999666213991,1.6799999475479126,1.7699999809265137,1.7699999809265137,42600.0,GLUU
2008-10-03,14.529999732971193,14.529999732971193,13.199999809265135,13.199999809265135,4.277819633483887,23100.0,GLV
2008-10-03,14.890000343322756,15.350000381469727,14.75,14.8100004196167,11.562731742858887,21580300.0,GLW
2008-10-03,36.45000076293945,38.41999816894531,34.97999954223633,35.279998779296875,23.75402641296387,4095400.0,GME
2008-10-03,3.809999942779541,3.910000085830689,3.25,3.2799999713897705,3.2799999713897705,729300.0,GMO
2008-10-03,0.5260000228881836,0.5260000228881836,0.5260000228881836,0.5260000228881836,0.3659655749797821,0.0,GNL
2008-10-03,6.0900001525878915,6.204999923706055,5.894999980926514,5.929999828338622,4.615891933441162,5657800.0,GNTX
2008-10-03,7.619999885559082,8.319999694824219,7.28000020980835,7.5999999046325675,7.448605060577393,6212800.0,GNW
2008-10-03,12.300000190734865,12.59000015258789,12.09000015258789,12.09000015258789,3.4439425468444824,22900.0,GOF
2008-10-03,120.8000030517578,126.0999984741211,116.5999984741211,116.8499984741211,60.61486053466797,17700.0,GOGL
2008-10-03,12.520000457763672,13.0600004196167,11.479999542236328,11.479999542236328,11.003167152404783,259500.0,GOL
2008-10-03,31.459999084472656,34.009998321533196,30.95000076293945,32.09000015258789,14.327013969421387,16465200.0,GOLD
2008-10-03,15.789999961853027,15.789999961853027,14.75,14.850000381469727,5.361429214477539,13000.0,GOOD
2008-10-03,197.93310546875,205.4798126220703,190.81976318359372,192.7325897216797,192.7325897216797,16045600.0,GOOG
2008-10-03,198.87387084960938,206.4564514160156,191.7267303466797,193.64865112304688,193.64865112304688,15969800.0,GOOGL
2008-10-03,3.2000000476837163,3.380000114440918,3.0,3.0999999046325684,2.512967824935913,90600.0,GORO
2008-10-03,38.02000045776367,38.04999923706055,36.58000183105469,36.61000061035156,25.30160522460937,1952300.0,GPC
2008-10-03,19.149999618530273,20.350000381469727,18.049999237060547,18.049999237060547,15.971444129943848,425900.0,GPI
2008-10-03,2.0699999332427983,2.0799999237060547,1.7699999809265137,1.8200000524520876,1.6240404844284058,400800.0,GPK
2008-10-03,0.5099999904632568,0.6100000143051147,0.5,0.5099999904632568,0.5099999904632568,43500.0,GPL
2008-10-03,10.039999961853027,10.359999656677246,10.020000457763672,10.029999732971193,2.554966926574707,133100.0,GPM
2008-10-03,23.70000076293945,24.69499969482422,23.15999984741211,24.46500015258789,23.820091247558594,6847200.0,GPN
2008-10-03,8.579999923706055,8.949999809265137,8.220000267028809,8.310000419616701,8.310000419616701,507000.0,GPOR
2008-10-03,5.760000228881836,5.869999885559082,5.019999980926514,5.019999980926514,4.336022853851318,7100.0,GPRE
2008-10-03,17.270000457763672,17.569999694824222,16.65999984741211,16.829999923706055,12.095358848571776,11545500.0,GPS
2008-10-03,7.389999866485597,7.519999980926514,7.300000190734862,7.3499999046325675,7.3499999046325675,24800.0,GPX
2008-10-03,12.289999961853027,12.6899995803833,11.25,11.4399995803833,10.849427223205566,1358400.0,GRA
2008-10-03,1.149999976158142,1.149999976158142,1.149999976158142,1.149999976158142,1.149999976158142,0.0,GRAF
2008-10-03,7.5718016624450675,7.832898139953612,5.874673843383789,6.135770320892334,6.135770320892334,22800.0,GRBK
2008-10-03,22.496000289916992,22.847999572753906,21.126399993896484,21.13279914855957,17.305721282958984,190200.0,GRC
2008-10-03,6.4000000953674325,6.4000000953674325,6.4000000953674325,6.4000000953674325,3.068195581436157,7000.0,GRF
2008-10-03,36.16999816894531,36.77999877929688,35.400001525878906,35.540000915527344,31.37816047668457,1600.0,GRIF
2008-10-03,31.790000915527344,31.90999984741211,28.59000015258789,28.71999931335449,17.12477684020996,2249100.0,GRMN
2008-10-03,42.68000030517578,42.68000030517578,42.68000030517578,42.68000030517578,42.68000030517578,100.0,GRN
2008-10-03,8.789999961853027,9.010000228881836,8.100000381469728,8.100000381469728,5.968801975250244,105800.0,GROW
2008-10-03,6.96999979019165,7.03000020980835,6.730000019073486,6.730000019073486,6.730000019073486,2000.0,GRU
2008-10-03,4.0,4.559999942779541,3.640000104904175,4.559999942779541,4.559999942779541,3400.0,GRVY
2008-10-03,5.3635334968566895,5.3635334968566895,5.214027404785156,5.316812992095947,3.3412272930145264,29900.0,GRX
2008-10-03,132.83999633789062,142.0,126.94000244140624,128.0,109.0571517944336,16080700.0,GS
2008-10-03,1.7000000476837158,1.75,1.399999976158142,1.5199999809265137,1.5199999809265137,1131300.0,GSAT
2008-10-03,1.0199999809265137,1.3899999856948853,1.0199999809265137,1.2000000476837158,0.6984434723854065,46500.0,GSB
2008-10-03,13.100000381469727,13.149999618530273,12.630000114440918,13.149999618530273,9.285197257995604,21400.0,GSBC
2008-10-03,59.09000015258789,60.599998474121094,59.09000015258789,60.38999938964844,60.38999938964844,800.0,GSC
2008-10-03,22.68000030517578,23.79999923706055,22.540000915527344,22.670000076293945,16.237722396850586,41400.0,GSH
2008-10-03,3.539999961853028,3.7200000286102295,3.3299999237060547,3.640000104904175,3.640000104904175,225700.0,GSIT
2008-10-03,43.02000045776367,43.75,42.40999984741211,42.59000015258789,23.48499298095703,1704700.0,GSK
2008-10-03,48.72000122070313,48.79999923706055,46.47999954223633,47.20000076293945,42.2662239074707,41900.0,GSL
2008-10-03,49.31000137329102,50.68999862670898,49.31000137329102,49.52999877929688,49.52999877929688,31600.0,GSP
2008-10-03,6.300000190734862,7.0999999046325675,6.25,6.800000190734862,6.800000190734862,406600.0,GSS
2008-10-03,13.5600004196167,13.829999923706055,12.420000076293945,12.550000190734865,11.153280258178713,5276500.0,GT
2008-10-03,3.259999990463257,3.5,3.0899999141693115,3.130000114440918,3.130000114440918,1213900.0,GTE
2008-10-03,6.0,6.0,6.0,6.0,6.0,0.0,GTIM
2008-10-03,22.479999542236328,25.020000457763672,22.21999931335449,23.6200008392334,23.6200008392334,656000.0,GTLS
2008-10-03,1.6000000238418581,1.6000000238418581,1.3200000524520874,1.350000023841858,1.350000023841858,237200.0,GTN
2008-10-03,14.970000267028807,16.440000534057614,14.970000267028807,15.640000343322756,15.640000343322756,48100.0,GTS
2008-10-03,0.5099999904632568,0.5099999904632568,0.5099999904632568,0.5099999904632568,0.5099999904632568,0.0,GTT
2008-10-03,20.709999084472656,21.31999969482422,18.899999618530273,18.93000030517578,10.046250343322754,148100.0,GTY
2008-10-03,6.4000000953674325,7.0,6.0,6.4000000953674325,6.4000000953674325,13500.0,GURE
2008-10-03,9.020000457763672,9.029999732971193,8.890000343322754,9.010000228881836,3.170976400375366,46300.0,GUT
2008-10-03,0.4000000059604645,0.41999998688697815,0.3700000047683716,0.3799999952316284,0.3799999952316284,13700.0,GV
2008-10-03,33.189998626708984,33.990001678466804,30.899999618530273,31.020000457763672,25.907268524169922,921400.0,GVA
2008-10-03,6.75,6.809999942779541,6.5999999046325675,6.75,6.75,53400.0,GVP
2008-10-03,13.5,13.5,13.5,13.5,11.88959789276123,0.0,GWB
2008-10-03,78.8499984741211,81.93000030517578,77.18000030517578,77.30999755859375,62.12455749511719,1429600.0,GWW
2008-10-03,14.0,14.0,14.0,14.0,8.917767524719238,0.0,GYC
2008-10-03,423.2222290039063,423.2222290039063,423.2222290039063,423.2222290039063,42.91840362548828,0.0,GYRO
2008-10-03,8.729999542236326,8.819999694824219,7.679999828338622,7.789999961853027,7.505751132965088,594400.0,HA
2008-10-03,30.51000022888184,31.71999931335449,30.51000022888184,31.1200008392334,31.1200008392334,523800.0,HAE
2008-10-03,39.7599983215332,40.0,38.400001525878906,38.959999084472656,32.16002655029297,62500.0,HAFC
2008-10-03,13.324999809265135,13.75,13.0600004196167,13.085000038146973,13.085000038146973,800400.0,HAIN
2008-10-03,27.93000030517578,28.8799991607666,26.46999931335449,26.79999923706055,22.08592414855957,23424500.0,HAL
2008-10-03,9.65999984741211,9.65999984741211,9.0,9.0,9.0,12300.0,HALL
2008-10-03,7.039999961853027,7.119999885559082,6.5,6.519999980926514,6.519999980926514,509000.0,HALO
2008-10-03,33.209999084472656,33.84000015258789,32.72999954223633,32.84000015258789,23.70772933959961,2421500.0,HAS
2008-10-03,41.38999938964844,41.91999816894531,37.97999954223633,38.40999984741211,30.5120792388916,236200.0,HAYN
2008-10-03,10.0,11.260000228881836,9.399999618530273,10.720000267028807,7.911540985107423,6781700.0,HBAN
2008-10-03,5.09499979019165,5.09499979019165,4.605000019073486,4.730000019073486,3.703342914581299,6202400.0,HBI
2008-10-03,3.146322965621948,3.146322965621948,3.0705080032348637,3.0705080032348637,3.0705080032348637,57900.0,HBIO
2008-10-03,10.390000343322754,10.390000343322754,10.390000343322754,10.390000343322754,10.390000343322754,100.0,HBMD
2008-10-03,4.543210029602051,4.843456745147705,4.543210029602051,4.843456745147705,3.5773847103118896,6900.0,HBNC
2008-10-03,13.630000114440918,13.640000343322756,13.5,13.520000457763672,13.520000457763672,9800.0,HCCI
2008-10-03,5.6500000953674325,6.4000000953674325,5.6500000953674325,6.4000000953674325,4.491987228393555,2000.0,HCI
2008-10-03,5.21999979019165,5.400000095367432,4.6599998474121085,4.809999942779541,4.122576713562012,183900.0,HCKT
2008-10-03,11.91333293914795,12.466666221618652,11.626667022705078,11.65999984741211,8.422992706298826,306300.0,HCSG
2008-10-03,25.10000038146973,25.309999465942386,23.71999931335449,23.809999465942386,17.7774658203125,27243600.0,HD
2008-10-03,8.77400016784668,9.14799976348877,8.310999870300293,8.600000381469728,6.371951580047607,3156000.0,HDB
2008-10-03,1.4500000476837158,1.4500000476837158,1.1799999475479126,1.190000057220459,1.190000057220459,85800.0,HDSN
2008-10-03,27.979999542236328,28.149999618530273,27.11000061035156,27.57999992370605,16.332696914672848,660500.0,HE
2008-10-03,9.31999969482422,9.640000343322754,9.199999809265137,9.229999542236328,4.573029041290283,207300.0,HEES
2008-10-03,6.627000331878662,6.838812828063965,6.482296943664551,6.484394073486327,6.035965919494629,760600.0,HEI
2008-10-03,21.18000030517578,21.8700008392334,19.739999771118164,19.770000457763672,19.770000457763672,269700.0,HELE
2008-10-03,12.710000038146973,12.979999542236328,11.770000457763672,12.204999923706055,3.781983375549317,92000.0,HEP
2008-10-03,69.41000366210939,77.91999816894531,69.41000366210939,72.0,61.92106628417969,6137300.0,HES
2008-10-03,7.5,7.5,7.5,7.5,5.984925746917725,0.0,HFBL
2008-10-03,12.385000228881836,13.425000190734865,11.3100004196167,11.46500015258789,6.554306983947754,3759200.0,HFC
2008-10-03,12.6899995803833,13.600000381469727,12.579999923706055,13.5,9.989521026611328,2200.0,HFWA
2008-10-03,0.059999998658895486,0.059999998658895486,0.059999998658895486,0.059999998658895486,0.059999998658895486,0.0,HGSH
2008-10-03,99.0,100.5,94.5999984741211,95.0,67.24418640136719,49500.0,HHS
2008-10-03,20.84000015258789,21.11000061035156,20.36000061035156,20.36000061035156,14.406482696533205,216100.0,HI
2008-10-03,19.6200008392334,20.6200008392334,18.770000457763672,18.780000686645508,18.780000686645508,635600.0,HIBB
2008-10-03,27.01000022888184,27.01000022888184,27.01000022888184,27.01000022888184,22.52189064025879,0.0,HIFS
2008-10-03,29.96999931335449,33.279998779296875,26.68000030517578,27.399999618530273,21.352582931518555,12903000.0,HIG
2008-10-03,1.3899999856948853,1.3899999856948853,1.3700000047683716,1.3899999856948853,0.684819221496582,5100.0,HIHO
2008-10-03,12.779999732971193,12.899999618530273,11.399999618530273,11.460000038146973,11.460000038146973,322800.0,HIL
2008-10-03,2.6600000858306885,2.9600000381469727,2.6600000858306885,2.7300000190734863,1.634705901145935,439000.0,HIMX
2008-10-03,4.360000133514403,4.539999961853027,4.2899999618530265,4.4099998474121085,1.6480859518051147,289200.0,HIO
2008-10-03,33.52000045776367,34.209999084472656,30.729999542236328,30.940000534057614,17.378131866455078,633300.0,HIW
2008-10-03,7.010000228881836,7.170000076293945,6.880000114440918,6.989999771118164,2.0501716136932373,293100.0,HIX
2008-10-03,13.40999984741211,14.119999885559082,13.40999984741211,14.119999885559082,5.321563243865967,2000.0,HJV
2008-10-03,3.9500000476837163,4.25,3.7000000476837163,3.75,3.6039204597473145,3932900.0,HL
2008-10-03,9.529999732971193,9.6875,9.34000015258789,9.34000015258789,8.229704856872559,2713600.0,HLF
2008-10-03,15.366666793823242,16.413333892822266,14.74666690826416,15.053333282470705,12.394420623779295,323800.0,HLIO
2008-10-03,8.529999732971191,8.890000343322754,8.340000152587889,8.489999771118164,8.489999771118164,1291100.0,HLIT
2008-10-03,21.299999237060547,21.989999771118164,20.15999984741211,20.26000022888184,20.26000022888184,2771400.0,HLX
2008-10-03,27.40999984741211,27.59000015258789,26.5,26.6299991607666,19.441171646118164,1383500.0,HMC
2008-10-03,4.650000095367432,4.650000095367432,4.650000095367432,4.650000095367432,2.7030818462371826,0.0,HMG
2008-10-03,13.0,14.0,12.68000030517578,12.949999809265135,9.370604515075684,235400.0,HMN
2008-10-03,12.859999656677244,12.880000114440918,12.859999656677244,12.880000114440918,12.880000114440918,700.0,HMNF
2008-10-03,8.006667137145996,8.066666603088379,7.9000000953674325,8.0,8.0,1478100.0,HMSY
2008-10-03,7.96999979019165,8.439999580383299,7.71999979019165,8.060000419616701,7.4324684143066415,2790900.0,HMY
2008-10-03,16.819999694824222,17.239999771118164,16.319999694824222,17.0,17.0,580600.0,HNGR
2008-10-03,24.209999084472656,25.03000068664551,23.31999969482422,23.420000076293945,16.141267776489258,358000.0,HNI
2008-10-03,3.3333332538604736,3.3333332538604736,3.3333332538604736,3.3333332538604736,2.3534255027771,0.0,HNNA
2008-10-03,26.989999771118164,27.60000038146973,26.170000076293945,26.20000076293945,16.083494186401367,317500.0,HNP
2008-10-03,5.0,5.0,5.0,5.0,3.669273853302002,0.0,HNRG
2008-10-03,15.65999984741211,15.65999984741211,14.68000030517578,14.720000267028807,4.586992740631104,21000.0,HNW
2008-10-03,16.440000534057614,16.700000762939453,15.470000267028807,15.640000343322756,11.486936569213867,83600.0,HOFT
2008-10-03,34.529998779296875,34.900001525878906,32.549999237060554,32.59999847412109,24.538299560546875,5619300.0,HOG
2008-10-03,3.9500000476837163,4.0,3.869999885559082,3.9300000667572017,3.705270528793335,66800.0,HOLI
2008-10-03,17.8799991607666,18.13999938964844,16.65999984741211,16.760000228881836,16.760000228881836,6186300.0,HOLX
2008-10-03,5.918181896209718,6.136363506317139,5.7249999046325675,5.795454502105713,4.781898021697998,114400.0,HOMB
2008-10-03,37.295814514160156,38.058509826660156,35.87529373168945,36.07550430297852,27.075164794921875,7119800.0,HON
2008-10-03,11.039999961853027,11.770000457763672,10.899999618530273,11.640000343322756,9.392203330993652,161200.0,HOPE
2008-10-03,185.0,200.25,168.75,187.5,187.5,165600.0,HOV
2008-10-03,5.349999904632568,6.0,5.349999904632568,6.0,6.0,4600.0,HOVNP
2008-10-03,37.27000045776367,39.11999893188477,36.25,36.40999984741211,25.747039794921875,2513100.0,HP
2008-10-03,12.449999809265135,13.0,12.3100004196167,12.31999969482422,4.649592876434326,68300.0,HPF
2008-10-03,12.449999809265135,12.729999542236328,11.859999656677244,11.9399995803833,4.547356128692627,136400.0,HPI
2008-10-03,19.568574905395508,20.48592185974121,19.355131149291992,19.52770233154297,12.87905216217041,56100300.0,HPQ
2008-10-03,27.75,29.36000061035156,26.239999771118164,26.489999771118164,26.489999771118164,882900.0,HPR
2008-10-03,10.729999542236328,11.199999809265137,10.18000030517578,10.199999809265137,3.8065826892852783,131700.0,HPS
2008-10-03,13.81999969482422,14.199999809265135,13.789999961853027,14.0,5.193839550018311,63900.0,HQH
2008-10-03,3.9600000381469727,3.9600000381469727,3.9600000381469727,3.9600000381469727,3.9600000381469727,0.0,HQI
2008-10-03,10.40999984741211,10.619999885559082,10.289999961853027,10.3100004196167,3.9696865081787114,43800.0,HQL
2008-10-03,28.61000061035156,29.11000061035156,27.13999938964844,27.56999969482422,15.37598705291748,1198900.0,HR
2008-10-03,23.79999923706055,25.0,22.790000915527344,23.71999931335449,15.55700397491455,3226000.0,HRB
2008-10-03,30.1200008392334,30.28000068664551,27.8799991607666,28.20000076293945,24.103740692138672,698400.0,HRC
2008-10-03,20.700000762939453,21.65999984741211,19.26000022888184,19.5,19.5,672200.0,HRI
2008-10-03,9.282500267028807,9.282500267028807,9.085000038146973,9.104999542236328,5.606584072113037,1538400.0,HRL
2008-10-03,55.599998474121094,55.599998474121094,55.599998474121094,55.599998474121094,55.599998474121094,0.0,HROW
2008-10-03,12.399999618530273,15.800000190734865,12.399999618530273,15.600000381469727,15.600000381469727,13300.0,HRTX
2008-10-03,81.25,83.22000122070312,80.0199966430664,81.37000274658203,44.302818298339844,1182100.0,HSBC
2008-10-03,32.59000015258789,34.27000045776367,31.75,31.809999465942386,24.19333267211914,1029300.0,HSC
2008-10-03,21.58823585510254,21.768627166748047,20.835294723510746,20.91764640808105,20.91764640808105,1575100.0,HSIC
2008-10-03,29.09000015258789,29.65999984741211,28.38999938964844,28.540000915527344,21.366872787475586,165100.0,HSII
2008-10-03,5.9000000953674325,6.0,5.300000190734863,5.400000095367432,5.247701644897461,3100.0,HSKA
2008-10-03,65.0,67.09999847412111,57.20000076293945,57.29999923706055,54.99418258666992,13500.0,HSON
2008-10-03,12.11943244934082,12.403328895568848,11.10132122039795,11.160058975219727,7.98703145980835,15965200.0,HST
2008-10-03,2.470000028610229,2.5,2.3299999237060547,2.4800000190734863,2.378816843032837,99100.0,HSTM
2008-10-03,39.29999923706055,39.81999969482422,38.83000183105469,38.959999084472656,29.26166343688965,1231300.0,HSY
2008-10-03,27.520000457763672,27.76000022888184,25.920000076293945,26.15999984741211,16.065853118896484,76100.0,HT
2008-10-03,14.899999618530273,16.0,14.0,14.8100004196167,11.939620971679688,17700.0,HTBK
2008-10-03,11.399999618530273,11.600000381469727,11.020000457763672,11.199999809265137,4.436196327209473,98800.0,HTD
2008-10-03,9.920000076293944,10.239999771118164,9.40999984741211,9.420000076293944,3.235520124435425,153000.0,HTGC
2008-10-03,10.25,11.25,10.100000381469727,10.100000381469727,9.667825698852539,175300.0,HTH
2008-10-03,14.81999969482422,15.210000038146973,14.130000114440918,14.279999732971193,11.762763023376465,876800.0,HTLD
2008-10-03,24.559999465942386,25.0,23.729999542236328,24.28000068664551,19.80537414550781,6500.0,HTLF
2008-10-03,11.420000076293945,11.890000343322756,11.25,11.399999618530273,3.2415108680725098,51400.0,HTY
2008-10-03,6.9000000953674325,7.21999979019165,6.420000076293945,6.5,6.5,2016600.0,HTZ
2008-10-03,33.080001831054695,34.650001525878906,32.68000030517578,32.81999969482422,24.454429626464844,394000.0,HUBB
2008-10-03,33.22999954223633,34.110000610351555,32.34000015258789,32.380001068115234,32.380001068115234,526400.0,HUBG
2008-10-03,40.310001373291016,40.75,39.13999938964844,39.310001373291016,36.28518676757813,1581900.0,HUM
2008-10-03,10.890000343322754,11.779999732971193,10.520000457763672,10.619999885559082,7.300260066986084,1676500.0,HUN
2008-10-03,27.190000534057614,27.190000534057614,24.43000030517578,24.90999984741211,23.06047058105469,83600.0,HURC
2008-10-03,53.43000030517578,54.86999893188477,50.11999893188477,50.59000015258789,50.59000015258789,267100.0,HURN
2008-10-03,5.199999809265137,5.25,4.829999923706055,4.860000133514403,4.6866068840026855,76900.0,HUSA
2008-10-03,11.75,11.760000228881836,11.279999732971193,11.329999923706055,9.280532836914062,154600.0,HVT
2008-10-03,17.326223373413086,17.326223373413086,17.326223373413086,17.326223373413086,13.419599533081055,0.0,HWBK
2008-10-03,55.0,55.16999816894531,50.11999893188477,50.11999893188477,35.95333480834961,139300.0,HWC
2008-10-03,16.219999313354492,16.799999237060547,16.059999465942386,16.299999237060547,12.27059555053711,236100.0,HWCC
2008-10-03,17.799999237060547,18.100000381469727,17.5,18.100000381469727,14.180768013000488,18700.0,HWKN
2008-10-03,11.65999984741211,12.1899995803833,10.380000114440918,10.5600004196167,10.05986213684082,3313300.0,HXL
2008-10-03,5.699999809265138,5.8499999046325675,5.6500000953674325,5.699999809265138,1.9229016304016116,38300.0,HYB
2008-10-03,8.090000152587889,8.359999656677246,8.0,8.079999923706055,2.7542989253997803,146300.0,HYT
2008-10-03,7.070000171661378,7.199999809265138,6.809999942779541,6.920000076293945,6.920000076293945,443300.0,HZO
2008-10-03,0.7400000095367432,0.7400000095367432,0.7400000095367432,0.7400000095367432,0.7400000095367432,45984100.0,IAA
2008-10-03,17.0,17.149999618530273,15.90999984741211,16.059999465942386,14.89282512664795,3277600.0,IAC
2008-10-03,14.0,14.0,13.40999984741211,13.5,4.139627933502196,47600.0,IAE
2008-10-03,9.649999618530273,9.850000381469727,9.420000076293944,9.600000381469727,2.704174757003784,96100.0,IAF
2008-10-03,4.900000095367432,5.199999809265137,4.75,4.809999942779541,4.357719421386719,1804400.0,IAG
2008-10-03,22.415000915527344,22.90999984741211,22.315000534057614,22.489999771118164,22.489999771118164,221000.0,IART
2008-10-03,24.45000076293945,24.45000076293945,23.60000038146973,24.0,19.569976806640625,16400.0,IBA
2008-10-03,8.699999809265138,10.0,7.5,10.0,10.0,500.0,IBIO
2008-10-03,57.0,57.75,55.63999938964844,55.63999938964844,42.10002136230469,49000.0,IBKC
2008-10-03,22.56999969482422,23.20000076293945,21.450000762939453,21.450000762939453,17.041755676269528,468700.0,IBKR
2008-10-03,105.16000366210938,110.9499969482422,103.02999877929688,103.44000244140624,73.09362030029297,9637900.0,IBM
2008-10-03,4.272727489471436,4.272727489471436,4.0090909004211435,4.143636226654054,2.278483390808105,19796700.0,IBN
2008-10-03,26.420000076293945,27.270000457763672,24.54999923706055,24.54999923706055,18.97045135498047,153700.0,IBOC
2008-10-03,15.25,15.25,14.449999809265135,14.449999809265135,14.449999809265135,37400.0,ICAD
2008-10-03,2.8199999332427983,2.8199999332427983,2.8199999332427983,2.8199999332427983,2.8199999332427983,200.0,ICCC
2008-10-03,16.318000793457028,17.134000778198242,15.0,15.642000198364258,12.256081581115724,8716500.0,ICE
2008-10-03,19.06999969482422,19.770000457763672,18.809999465942386,18.88999938964844,18.564950942993164,118600.0,ICFI
2008-10-03,11.75,12.5,11.75,11.75,2.2494606971740723,3000.0,ICL
2008-10-03,38.0,39.65999984741211,37.16999816894531,37.27000045776367,37.27000045776367,195000.0,ICLR
2008-10-03,134.80000305175778,137.89999389648438,118.5,118.6999969482422,118.6999969482422,172400.0,ICON
2008-10-03,31.38999938964844,31.729999542236328,31.11000061035156,31.11000061035156,31.11000061035156,84000.0,ICUI
2008-10-03,29.34000015258789,29.46999931335449,28.29999923706055,28.36000061035156,19.809738159179688,461900.0,IDA
2008-10-03,23.35000038146973,23.5,22.76000022888184,22.790000915527344,19.101200103759766,715000.0,IDCC
2008-10-03,4.5,4.5,4.5,4.5,4.5,0.0,IDEX
2008-10-03,13.520000457763672,14.0,10.399999618530273,14.0,14.0,2200.0,IDN
2008-10-03,107.68000030517578,115.12000274658205,104.87999725341795,105.5999984741211,105.5999984741211,11100.0,IDRA
2008-10-03,1.7751479148864746,1.7751479148864746,1.7497886419296265,1.7497886419296265,0.6560243964195251,84500.0,IDT
2008-10-03,725.0,756.0,701.0,708.0,708.0,200.0,IDXG
2008-10-03,26.545000076293945,26.88500022888184,25.559999465942386,25.78000068664551,25.78000068664551,947800.0,IDXX
2008-10-03,1.7999999523162842,1.7999999523162842,1.7000000476837158,1.7999999523162842,1.7999999523162842,3200.0,IEC
2008-10-03,36.370216369628906,36.42856216430664,32.67484664916992,32.956859588623054,15.51210117340088,19500.0,IEP
2008-10-03,14.350000381469727,15.510000228881836,14.0600004196167,14.119999885559082,14.119999885559082,56100.0,IESC
2008-10-03,29.899999618530273,30.670000076293945,28.81999969482422,28.84000015258789,24.00701332092285,576300.0,IEX
2008-10-03,38.849998474121094,39.150001525878906,37.13999938964844,37.849998474121094,29.6595516204834,1316800.0,IFF
2008-10-03,32.700000762939446,33.75,31.809999465942386,31.979999542236328,8.516507148742676,458700.0,IFN
2008-10-03,0.8009999990463257,0.8009999990463257,0.8009999990463257,0.8009999990463257,0.8009999990463257,1800.0,IFS
2008-10-03,12.289999961853027,12.3100004196167,11.880000114440918,11.949999809265135,3.7746737003326416,67000.0,IGA
2008-10-03,45.70000076293945,45.79999923706055,43.599998474121094,44.29999923706055,44.29999923706055,100.0,IGC
2008-10-03,10.859999656677246,11.369999885559082,10.630000114440918,10.890000343322754,2.874950170516968,244900.0,IGD
2008-10-03,8.560000419616701,9.020000457763672,8.399999618530272,8.470000267028809,3.3983702659606934,677000.0,IGR
2008-10-03,16.799999237060547,16.799999237060547,15.479999542236328,15.520000457763672,9.46727466583252,4701400.0,IGT
2008-10-03,11.25,11.25,10.670000076293944,10.670000076293944,9.822310447692873,5900.0,IHC
2008-10-03,17.522838592529293,17.998502731323242,17.185272216796875,17.215959548950195,11.101587295532227,82900.0,IHG
2008-10-03,1.1799999475479126,1.1799999475479126,1.1799999475479126,1.1799999475479126,1.0710021257400513,100.0,IHT
2008-10-03,10.68000030517578,10.850000381469727,10.220000267028807,10.279999732971193,2.95569372177124,26900.0,IID
2008-10-03,19.520000457763672,20.25,18.75,18.93000030517578,9.0504732131958,125800.0,IIF
2008-10-03,5.050000190734863,5.050000190734863,4.75,4.789999961853027,3.987132787704468,43700.0,III
2008-10-03,11.770000457763672,12.300000190734865,11.220000267028807,11.260000228881836,9.039352416992188,359500.0,IIIN
2008-10-03,10.869999885559082,11.09000015258789,10.869999885559082,11.0,5.7250633239746085,38400.0,IIM
2008-10-03,3.9300000667572017,3.9300000667572017,3.5499999523162837,3.690000057220459,3.690000057220459,4300.0,IIN
2008-10-03,17.520000457763672,18.5,16.764999389648438,16.819999694824222,16.819999694824222,530600.0,IIVI
2008-10-03,7.0,7.0,6.5,6.539999961853027,5.821318626403809,700.0,IKNX
2008-10-03,36.52999877929688,37.459999084472656,35.91999816894531,36.0099983215332,36.0099983215332,1115900.0,ILMN
2008-10-03,5.400000095367432,5.400000095367432,4.619999885559082,4.710000038146973,4.710000038146973,321600.0,IMAX
2008-10-03,16.799999237060547,17.600000381469727,15.800000190734865,16.100000381469727,16.100000381469727,5300.0,IMBI
2008-10-03,4.0900001525878915,4.239999771118163,3.2699999809265137,3.3499999046325684,3.3499999046325684,529000.0,IMGN
2008-10-03,3.5999999046325684,3.7000000476837163,3.0,3.2000000476837163,3.2000000476837163,109500.0,IMH
2008-10-03,21.989999771118164,22.299999237060547,20.1299991607666,20.40999984741211,14.084179878234865,64700.0,IMKTA
2008-10-03,5.199999809265137,5.28000020980835,4.75,4.889999866485597,4.889999866485597,841100.0,IMMR
2008-10-03,1.6000000238418581,1.7300000190734863,1.5900000333786009,1.6000000238418581,1.6000000238418581,388400.0,IMMU
2008-10-03,38.72999954223633,41.38999938964844,37.5,38.2599983215332,31.71424102783203,1322500.0,IMO
2008-10-03,5.687839984893799,5.987199783325195,5.61299991607666,5.725259780883789,3.5214023590087886,10200.0,IMOS
2008-10-03,6.4000000953674325,6.4000000953674325,6.366666793823242,6.366666793823242,5.82074785232544,5100.0,INBK
2008-10-03,6.800000190734862,6.96999979019165,6.480000019073486,6.690000057220459,6.690000057220459,2011100.0,INCY
2008-10-03,29.6299991607666,31.96999931335449,28.53000068664551,28.60000038146973,21.14873504638672,68100.0,INDB
2008-10-03,7.739999771118164,7.75,7.3499999046325675,7.5900001525878915,7.5900001525878915,11400.0,INFI
2008-10-03,8.300000190734862,8.550000190734862,7.940000057220459,7.940000057220459,7.940000057220459,601200.0,INFN
2008-10-03,2.3499999046325684,2.3499999046325684,2.3499999046325684,2.3499999046325684,2.3499999046325684,0.0,INFU
2008-10-03,3.9075000286102295,3.9487500190734863,3.6949999332427983,3.697499990463257,1.2024264335632324,29872000.0,INFY
2008-10-03,23.53000068664551,25.489999771118164,23.45000076293945,24.70000076293945,19.500905990600586,2440000.0,ING
2008-10-03,25.40999984741211,27.78000068664551,24.70000076293945,24.81999969482422,19.71818351745605,1820600.0,INGR
2008-10-03,6.71999979019165,6.9000000953674325,6.699999809265138,6.699999809265138,6.699999809265138,11932.0,INMD
2008-10-03,3.2000000476837163,3.2000000476837163,3.039999961853028,3.119999885559082,3.119999885559082,9100.0,INO
2008-10-03,2.359999895095825,2.359999895095825,2.259999990463257,2.2699999809265137,2.2699999809265137,34700.0,INOD
2008-10-03,2.0,2.1199998855590816,2.0,2.1199998855590816,1.9043022394180296,300.0,INS
2008-10-03,6.0900001525878915,6.639999866485597,6.079999923706055,6.170000076293945,6.170000076293945,1279100.0,INSG
2008-10-03,13.760000228881836,17.229999542236328,13.68000030517578,14.079999923706055,7.374458312988281,11400.0,INSI
2008-10-03,4.5,5.0,4.300000190734863,4.300000190734863,4.300000190734863,27500.0,INSM
2008-10-03,10.755000114440918,11.244999885559082,10.34000015258789,10.375,9.599956512451172,735200.0,INT
2008-10-03,17.5,17.90999984741211,17.200000762939453,17.309999465942386,12.12127685546875,83407600.0,INTC
2008-10-03,16.0,16.0,16.0,16.0,16.0,0.0,INTG
2008-10-03,24.6200008392334,27.5,22.6200008392334,23.10000038146973,23.10000038146973,9000.0,INTL
2008-10-03,0.959999978542328,1.1799999475479126,0.9499999880790709,0.9700000286102296,0.9379339218139648,8600.0,INTT
2008-10-03,29.290000915527344,29.809999465942386,27.739999771118164,27.82999992370605,25.41843414306641,8920700.0,INTU
2008-10-03,2.0999999046325684,2.400000095367432,2.0999999046325684,2.400000095367432,2.400000095367432,5800.0,INUV
2008-10-03,9.307010650634766,9.56486701965332,9.033038139343262,9.22642993927002,8.590207099914549,348100.0,INVA
2008-10-03,23.0,23.0,20.100000381469727,20.100000381469727,20.100000381469727,100.0,INVE
2008-10-03,10.289999961853027,10.5600004196167,9.699999809265137,9.699999809265137,9.699999809265137,294300.0,INWK
2008-10-03,175.1999969482422,193.5,171.75,177.3000030517578,177.3000030517578,79300.0,IO
2008-10-03,15.960000038146973,16.559999465942386,15.550000190734865,15.609999656677244,15.609999656677244,605800.0,IONS
2008-10-03,5.0,5.0,5.0,5.0,5.0,0.0,IOR
2008-10-03,10.59000015258789,11.18000030517578,10.15999984741211,10.1899995803833,8.656595230102539,132000.0,IOSP
2008-10-03,25.315582275390625,26.015779495239254,24.83234786987305,24.95069122314453,16.54814338684082,5887400.0,IP
2008-10-03,13.4399995803833,13.4399995803833,12.600000381469727,12.779999732971193,10.321134567260742,74500.0,IPAR
2008-10-03,7.369999885559082,7.5900001525878915,7.03000020980835,7.050000190734862,5.435669898986816,6615900.0,IPG
2008-10-03,19.209999084472656,19.5,18.31999969482422,18.36000061035156,18.36000061035156,521600.0,IPGP
2008-10-03,24.440000534057614,27.15999984741211,23.559999465942386,23.75,22.96218490600586,3068700.0,IPI
2008-10-03,9.949999809265137,10.050000190734863,9.850000381469727,9.859999656677246,4.812635898590088,19100.0,IQI
2008-10-03,22.444089889526367,23.290735244750977,21.74920082092285,21.869009017944336,16.90129280090332,7029400.0,IR
2008-10-03,14.140000343322756,14.779999732971193,13.140000343322756,13.140000343322756,13.140000343322756,147300.0,IRBT
2008-10-03,9.789999961853027,9.789999961853027,9.789999961853027,9.789999961853027,3.7826688289642334,0.0,IRCP
2008-10-03,8.989999771118164,9.0,8.800000190734863,8.899999618530273,8.899999618530273,2600.0,IRDM
2008-10-03,106.8000030517578,108.0999984741211,104.4000015258789,104.4000015258789,91.2369384765625,27700.0,IRET
2008-10-03,3.5699999332427983,3.5699999332427983,3.5,3.5,3.5,700.0,IRIX
2008-10-03,11.119999885559082,11.479999542236328,10.989999771118164,11.06999969482422,4.22045373916626,33200.0,IRL
2008-10-03,23.94639587402344,24.91682052612305,23.70610046386719,23.82624816894531,12.187677383422852,2035600.0,IRM
2008-10-03,12.40999984741211,12.850000381469727,12.260000228881836,12.329999923706055,3.520023822784424,168800.0,IRR
2008-10-03,7.019999980926514,7.300000190734862,7.0,7.03000020980835,4.57682466506958,54600.0,IRS
2008-10-03,5.884660720825195,6.041584968566895,5.837583541870117,5.841506481170653,4.961153984069824,969600.0,ISBC
2008-10-03,0.5,0.5,0.20000000298023224,0.4000000059604645,0.35113030672073364,1300.0,ISDR
2008-10-03,1.6599999666213991,1.8400000333786009,1.6599999666213991,1.7999999523162842,0.9344937205314636,1900.0,ISIG
2008-10-03,10.829999923706056,10.850000381469727,10.829999923706056,10.850000381469727,10.850000381469727,1600.0,ISNS
2008-10-03,0.5,0.6000000238418579,0.5,0.5299999713897705,0.5299999713897705,4200.0,ISR
2008-10-03,77.64666748046875,80.913330078125,74.17666625976562,75.23332977294922,75.23332977294922,2398200.0,ISRG
2008-10-03,5.5900001525878915,5.929999828338622,5.5,5.599999904632568,3.9030301570892334,122000.0,ISSC
2008-10-03,19.770000457763672,20.46999931335449,19.459999084472656,19.71999931335449,19.71999931335449,1415100.0,IT
2008-10-03,6.848999977111816,6.848999977111816,6.803999900817871,6.803999900817871,1.9119971990585327,5000.0,ITCB
2008-10-03,24.309999465942386,24.739999771118164,24.059999465942386,24.059999465942386,24.059999465942386,179400.0,ITGR
2008-10-03,1.6699999570846558,1.7999999523162842,1.6499999761581419,1.690000057220459,1.690000057220459,49000.0,ITI
2008-10-03,40.04999923706055,40.15999984741211,36.959999084472656,39.0,31.83446502685547,8200.0,ITIC
2008-10-03,0.4399999976158142,0.4399999976158142,0.4399999976158142,0.4399999976158142,0.42775923013687134,0.0,ITP
2008-10-03,81.23999786376953,84.02999877929688,78.61000061035156,78.61000061035156,78.61000061035156,532900.0,ITRI
2008-10-03,10.630000114440918,10.640000343322754,10.15999984741211,10.15999984741211,-0.2925972640514374,27700.0,ITRN
2008-10-03,17.783708572387695,17.896451950073242,16.560104370117188,16.662900924682614,12.526707649230955,8129000.0,ITT
2008-10-03,7.513147830963135,7.72351598739624,6.686701774597168,6.7718505859375,4.176260471343993,15491400.0,ITUB
2008-10-03,42.38999938964844,43.04999923706055,40.36999893188477,40.36999893188477,30.24557304382324,3597800.0,ITW
2008-10-03,9.43000030517578,9.43000030517578,9.020000457763672,9.170000076293944,9.170000076293944,187300.0,IVAC
2008-10-03,24.25,24.809999465942386,24.170000076293945,24.170000076293945,23.184528350830078,338500.0,IVC
2008-10-03,21.21999931335449,22.989999771118164,19.540000915527344,20.3799991607666,13.37023639678955,2508000.0,IVZ
2008-10-03,53.58000183105469,55.33000183105469,51.97000122070313,51.97000122070313,41.21806716918945,16900.0,IX
2008-10-03,45.13999938964844,48.93000030517578,44.31999969482422,44.599998474121094,43.263519287109375,2655400.0,J
2008-10-03,20.51000022888184,20.68000030517578,19.21999931335449,19.3700008392334,17.569854736328125,575900.0,JACK
2008-10-03,24.65999984741211,25.25,23.68000030517578,23.68000030517578,22.502460479736328,259900.0,JAKK
2008-10-03,20.649999618530273,21.25,17.75,18.25,18.25,3900.0,JAN
2008-10-03,5.039999961853027,5.039999961853027,4.619999885559082,4.619999885559082,4.619999885559082,14600.0,JAZZ
2008-10-03,29.26000022888184,30.1200008392334,28.420000076293945,28.81999969482422,25.40793800354004,3192500.0,JBHT
2008-10-03,11.670000076293945,12.449999809265135,11.670000076293945,12.199999809265135,5.654171466827393,7400.0,JBK
2008-10-03,8.819999694824219,9.239999771118164,8.600000381469728,8.619999885559082,7.081296443939209,4755900.0,JBL
2008-10-03,4.889999866485597,5.0,4.449999809265137,4.519999980926514,4.519999980926514,4822900.0,JBLU
2008-10-03,14.039999961853027,15.1899995803833,13.010000228881836,14.3100004196167,4.002963066101073,11700.0,JBN
2008-10-03,14.369999885559082,14.6899995803833,14.369999885559082,14.6899995803833,5.116570472717285,1600.0,JBR
2008-10-03,8.239999771118164,8.310000419616701,8.239999771118164,8.310000419616701,5.5545172691345215,500.0,JBSS
2008-10-03,11.149999618530273,11.229999542236328,10.770000457763672,11.0,9.594609260559082,589600.0,JBT
2008-10-03,12.06999969482422,12.140000343322756,11.619999885559082,11.75,3.4294769763946533,34300.0,JCE
2008-10-03,17.22933006286621,17.770673751831055,16.760858535766598,16.760858535766598,9.23210906982422,8366300.0,JCI
2008-10-03,22.06999969482422,22.06999969482422,20.25,20.25,16.85018539428711,427200.0,JCOM
2008-10-03,33.330001831054695,33.61999893188477,31.3700008392334,31.3700008392334,28.26009750366211,8611300.0,JCP
2008-10-03,9.9399995803833,10.56999969482422,9.9399995803833,10.25,5.851570129394531,9100.0,JCS
2008-10-03,1.6349999904632568,1.6349999904632568,1.6349999904632568,1.6349999904632568,1.6349999904632568,2400.0,JCTCF
2008-10-03,9.18000030517578,9.43000030517578,8.920000076293945,9.100000381469727,3.02644944190979,90900.0,JDD
2008-10-03,35.95797348022461,36.97909164428711,34.654224395751946,35.018909454345696,30.13054656982422,1698500.0,JEF
2008-10-03,5.320000171661377,5.46999979019165,5.300000190734863,5.400000095367432,3.8367018699646,78500.0,JEQ
2008-10-03,7.710000038146973,8.010000228881836,7.710000038146973,7.78000020980835,3.418471574783325,199300.0,JFR
2008-10-03,15.619999885559082,15.619999885559082,15.350000381469727,15.359999656677244,5.63239336013794,8300.0,JHI
2008-10-03,10.9399995803833,11.329999923706055,10.93000030517578,11.15999984741211,5.111262321472168,16800.0,JHS
2008-10-03,3.901999950408936,4.001999855041504,3.861999988555908,3.861999988555908,1.407819151878357,17000.0,JHX
2008-10-03,45.45000076293945,46.29999923706055,45.06000137329102,45.06000137329102,45.06000137329102,42200.0,JJA
2008-10-03,37.599998474121094,38.459999084472656,37.20000076293945,37.25,37.25,2100.0,JJC
2008-10-03,50.43000030517578,51.2599983215332,50.43000030517578,50.5,50.5,2300.0,JJE
2008-10-03,45.31000137329102,46.7400016784668,45.31000137329102,45.599998474121094,45.599998474121094,50000.0,JJG
2008-10-03,35.790000915527344,35.900001525878906,34.900001525878906,34.900001525878906,34.900001525878906,1600.0,JJM
2008-10-03,23.46999931335449,23.93000030517578,23.46999931335449,23.93000030517578,23.93000030517578,400.0,JJN
2008-10-03,42.68999862670898,42.68999862670898,42.68999862670898,42.68999862670898,42.68999862670898,1200.0,JJP
2008-10-03,41.790000915527344,41.790000915527344,41.790000915527344,41.790000915527344,41.790000915527344,0.0,JJS
2008-10-03,33.72999954223633,33.72999954223633,33.040000915527344,33.25,29.01394081115723,51500.0,JJSF
2008-10-03,37.25,37.25,37.25,37.25,37.25,0.0,JJT
2008-10-03,36.90999984741211,36.90999984741211,36.90999984741211,36.90999984741211,36.90999984741211,0.0,JJU
2008-10-03,19.26000022888184,19.90999984741211,18.729999542236328,18.75,16.008424758911133,710900.0,JKHY
2008-10-03,36.709999084472656,37.70000076293945,32.970001220703125,33.279998779296875,31.170955657958984,782600.0,JLL
2008-10-03,6.170000076293945,6.199999809265138,6.130000114440918,6.170000076293945,2.785053014755249,2100.0,JMM
2008-10-03,5.349999904632568,5.800000190734862,4.78000020980835,5.420000076293945,3.5156540870666504,20300.0,JMP
2008-10-03,68.0,68.37000274658203,66.09999847412111,66.16000366210939,46.670799255371094,25416700.0,JNJ
2008-10-03,18.239999771118164,19.790000915527344,18.239999771118164,18.559999465942386,16.464588165283207,17475500.0,JNPR
2008-10-03,40.36000061035156,40.849998474121094,40.33000183105469,40.849998474121094,40.849998474121094,3900.0,JO
2008-10-03,4.400000095367432,4.400000095367432,4.400000095367432,4.400000095367432,4.400000095367432,0.0,JOB
2008-10-03,4.550000190734863,4.860000133514403,4.550000190734863,4.800000190734863,4.800000190734863,44000.0,JOBS
2008-10-03,38.43999862670898,38.810001373291016,37.060001373291016,37.599998474121094,37.599998474121094,1876600.0,JOE
2008-10-03,7.1500000953674325,7.5,6.829999923706055,6.940000057220459,3.5361602306365967,133700.0,JOF
2008-10-03,12.40999984741211,12.40999984741211,12.399999618530273,12.399999618530273,11.561331748962402,500.0,JOUT
2008-10-03,6.0,6.0999999046325675,5.730000019073486,5.800000190734862,2.1088733673095703,260000.0,JPC
2008-10-03,50.31000137329102,50.63000106811523,45.22999954223633,45.9000015258789,35.024097442626946,68639000.0,JPM
2008-10-03,5.8499999046325675,6.25,5.6500000953674325,5.699999809265138,2.148266315460205,460700.0,JPS
2008-10-03,6.050000190734862,6.179999828338622,5.78000020980835,5.78000020980835,2.014044046401977,296500.0,JQC
2008-10-03,117.5,119.8000030517578,107.0,109.1999969482422,109.1999969482422,18700.0,JRJC
2008-10-03,7.78000020980835,7.889999866485597,7.619999885559082,7.6599998474121085,3.1832091808319087,106500.0,JRO
2008-10-03,10.640000343322754,11.220000267028807,9.800000190734863,10.020000457763672,3.2569003105163574,121900.0,JRS
2008-10-03,10.390000343322754,10.949999809265137,10.149999618530273,10.699999809265137,4.3609585762023935,35900.0,JSM
2008-10-03,11.800000190734865,11.800000190734865,11.029999732971193,11.06999969482422,4.031855583190918,63200.0,JTA
2008-10-03,10.699999809265137,10.729999542236328,10.25,10.25,3.8464608192443848,48400.0,JTD
2008-10-03,2.1400001049041752,2.1400001049041752,2.0299999713897705,2.0299999713897705,1.922106385231018,1500.0,JVA
2008-10-03,25.899999618530273,25.940000534057614,23.5,23.6200008392334,16.077964782714847,10992000.0,JWN
2008-10-03,57.52000045776367,57.65999984741211,56.77000045776367,57.209999084472656,39.82697296142578,3485900.0,K
2008-10-03,20.479999542236328,20.8700008392334,19.38999938964844,19.399999618530273,17.6983642578125,43700.0,KAI
2008-10-03,40.18999862670898,41.68999862670898,38.41999816894531,38.47000122070313,29.54948234558105,278400.0,KALU
2008-10-03,25.989999771118164,27.04999923706055,25.26000022888184,25.29999923706055,20.45730972290039,89600.0,KAMN
2008-10-03,42.79999923706055,45.66999816894531,41.5,42.349998474121094,36.12747192382813,297200.0,KB
2008-10-03,7.587821960449219,7.759562969207764,7.002341747283936,7.064793109893799,5.387576103210449,118200.0,KBAL
2008-10-03,20.68000030517578,21.25,18.61000061035156,18.979999542236328,16.750919342041016,5850500.0,KBH
2008-10-03,15.40999984741211,17.020000457763672,15.329999923706055,15.390000343322756,13.144514083862305,10608500.0,KBR
2008-10-03,25.3799991607666,25.95000076293945,24.93000030517578,25.149999618530273,3.0704948902130127,5904500.0,KDP
2008-10-03,18.350000381469727,18.479999542236328,17.549999237060547,17.600000381469727,15.554920196533205,153900.0,KELYA
2008-10-03,17.729999542236328,17.729999542236328,17.729999542236328,17.729999542236328,15.676915168762207,0.0,KELYB
2008-10-03,3.630000114440918,3.809999942779541,3.4800000190734863,3.4800000190734863,3.4430632591247563,224300.0,KEM
2008-10-03,12.0,12.390000343322756,11.760000228881836,11.9399995803833,10.309155464172363,1125500.0,KEP
2008-10-03,11.15999984741211,11.15999984741211,10.600000381469727,10.68000030517578,7.534123420715332,7900.0,KEQU
2008-10-03,36.0,37.75,36.0,36.5,36.5,822300.0,KEX
2008-10-03,14.020000457763672,15.199999809265135,11.050000190734863,12.550000190734865,9.694960594177246,9565500.0,KEY
2008-10-03,149.6999969482422,153.0,144.6999969482422,146.6999969482422,19.628135681152344,13600.0,KF
2008-10-03,9.729999542236328,9.779999732971193,9.699999809265137,9.779999732971193,5.672873020172119,2400.0,KFFB
2008-10-03,10.270000457763672,10.4399995803833,9.640000343322754,9.789999961853027,7.926248550415039,208800.0,KFRC
2008-10-03,28.28000068664551,28.28000068664551,26.20000076293945,26.399999618530273,25.63578224182129,11900.0,KFS
2008-10-03,16.0,16.489999771118164,15.630000114440918,15.65999984741211,14.73729133605957,430500.0,KFY
2008-10-03,13.760000228881836,15.359999656677244,13.760000228881836,14.18000030517578,13.585833549499512,10046900.0,KGC
2008-10-03,0.6000000238418579,0.6000000238418579,0.6000000238418579,0.6000000238418579,0.5627906918525696,0.0,KGJI
2008-10-03,34.34000015258789,35.15999984741211,30.76000022888184,31.36000061035156,16.365768432617188,6926600.0,KIM
2008-10-03,0.8000000119209291,0.8000000119209291,0.8000000119209291,0.8000000119209291,0.6285704970359802,0.0,KINS
2008-10-03,0.2800000011920929,0.2800000011920929,0.2800000011920929,0.2800000011920929,0.2772834599018097,0.0,KIQ
2008-10-03,2.25,2.2699999809265137,2.200000047683716,2.200000047683716,2.07654333114624,138400.0,KIRK
2008-10-03,5.78000020980835,6.25,5.6599998474121085,6.25,6.142184734344482,72140.0,KL
2008-10-03,30.059999465942386,30.690000534057614,29.45000076293945,29.489999771118164,17.244709014892578,5173500.0,KLAC
2008-10-03,4.170000076293944,4.269999980926514,3.7999999523162837,3.8199999332427983,3.6608152389526367,858200.0,KLIC
2008-10-03,0.004999999888241291,0.004999999888241291,0.004999999888241291,0.004999999888241291,0.004999999888241291,0.0,KLR
2008-10-03,63.57622146606445,63.57622146606445,61.44774627685547,61.73537826538086,40.73123168945313,5014700.0,KMB
2008-10-03,24.95000076293945,26.239999771118164,24.059999465942386,24.51000022888184,16.974176406860348,189000.0,KMPR
2008-10-03,25.75,26.29999923706055,24.040000915527344,24.26000022888184,19.165119171142575,809800.0,KMT
2008-10-03,12.550000190734865,12.640000343322756,11.579999923706055,11.979999542236328,11.979999542236328,3858300.0,KMX
2008-10-03,2.190000057220459,2.190000057220459,1.809999942779541,2.0,2.0,16400.0,KNDI
2008-10-03,14.289999961853027,14.90999984741211,13.489999771118164,13.529999732971193,9.923284530639648,366200.0,KNL
2008-10-03,15.119999885559082,15.800000190734865,15.0600004196167,15.229999542236328,13.504159927368164,1269100.0,KNX
2008-10-03,26.88999938964844,27.5,26.19499969482422,26.28499984741211,16.318323135375973,27695800.0,KO
2008-10-03,51.16999816894531,51.95000076293945,48.5,48.5,37.55052947998047,81200.0,KOF
2008-10-03,33.689998626708984,34.630001068115234,30.26000022888184,30.53000068664551,25.36223602294922,259900.0,KOP
2008-10-03,3.0299999713897705,3.0999999046325684,2.900000095367432,2.900000095367432,2.900000095367432,157400.0,KOPN
2008-10-03,7.3499999046325675,7.3499999046325675,7.25,7.25,5.587981700897217,400.0,KOSS
2008-10-03,13.989999771118164,14.09000015258789,13.55500030517578,13.600000381469727,9.926839828491213,17712600.0,KR
2008-10-03,43.84000015258789,43.900001525878906,39.20000076293945,39.20000076293945,26.92060470581055,772100.0,KRC
2008-10-03,44.040000915527344,44.31999969482422,39.20000076293945,40.52000045776367,25.376256942749023,124800.0,KRG
2008-10-03,8.722109794616701,8.990147590637207,8.548247337341309,8.569979667663574,7.408039569854736,34900.0,KRNY
2008-10-03,6.925000190734862,7.019999980926514,6.2849998474121085,6.65500020980835,3.9738750457763667,21000.0,KRO
2008-10-03,9.109999656677246,9.109999656677246,8.760000228881836,8.920000076293945,4.2029643058776855,64100.0,KSM
2008-10-03,43.0099983215332,43.47999954223633,41.310001373291016,41.47000122070313,28.76111030578613,7980700.0,KSS
2008-10-03,36.45000076293945,39.36000061035156,35.66999816894531,36.16999816894531,32.73300170898437,2028200.0,KSU
2008-10-03,16.190000534057614,16.489999771118164,15.970000267028807,16.040000915527347,11.40295696258545,1045600.0,KT
2008-10-03,5.597630023956299,5.644670009613037,5.597630023956299,5.644670009613037,5.384124279022217,13907319.0,KTB
2008-10-03,2.490000009536743,2.490000009536743,2.400000095367432,2.4100000858306885,2.4100000858306885,9500.0,KTCC
2008-10-03,8.75,8.800000190734863,8.699999809265138,8.699999809265138,4.216980457305908,99000.0,KTF
2008-10-03,25.20000076293945,25.56999969482422,24.54999923706055,24.54999923706055,11.543235778808596,5300.0,KTH
2008-10-03,18.530000686645508,19.530000686645508,18.530000686645508,18.649999618530273,8.202448844909668,2000.0,KTN
2008-10-03,18.799999237060547,19.299999237060547,17.799999237060547,18.100000381469727,18.100000381469727,7800.0,KTOS
2008-10-03,17.549999237060547,17.989999771118164,17.0,17.989999771118164,5.260689735412598,7900.0,KTP
2008-10-03,7.6500000953674325,7.800000190734862,7.0,7.5,7.5,161700.0,KVHI
2008-10-03,8.850000381469727,8.850000381469727,8.850000381469727,8.850000381469727,6.9596476554870605,15000.0,KW
2008-10-03,23.8799991607666,25.0,22.15999984741211,22.299999237060547,17.33748435974121,71100.0,KWR
2008-10-03,23.20000076293945,23.60000038146973,22.15999984741211,22.200000762939453,8.05019474029541,101100.0,KYN
2008-10-03,30.217248916625977,32.916393280029304,29.75641822814941,32.06056594848633,32.06056594848633,1300.0,KZIA
2008-10-03,35.20000076293945,37.22000122070313,35.20000076293945,35.81999969482422,33.2933349609375,5263900.0,L
2008-10-03,2.450000047683716,2.549999952316284,2.25,2.450000047683716,2.450000047683716,29700.0,LAC
2008-10-03,3.609999895095825,3.630000114440918,3.2100000381469727,3.2699999809265137,2.834519147872925,256500.0,LAD
2008-10-03,12.859999656677244,12.899999618530273,12.600000381469727,12.600000381469727,12.600000381469727,5800.0,LAKE
2008-10-03,29.11000061035156,29.54999923706055,27.6200008392334,27.95000076293945,20.539522171020508,2317000.0,LAMR
2008-10-03,37.29999923706055,37.77000045776367,35.939998626708984,35.939998626708984,25.32419395446777,117900.0,LANC
2008-10-03,13.859091758728027,13.859091758728027,13.859091758728027,13.859091758728027,8.212244033813478,0.0,LARK
2008-10-03,26.520000457763672,27.540000915527344,26.520000457763672,27.540000915527344,25.219985961914066,5200.0,LAWS
2008-10-03,40.599998474121094,44.290000915527344,39.61999893188477,39.61999893188477,28.411169052124023,871700.0,LAZ
2008-10-03,16.530000686645508,16.579999923706055,15.859999656677244,15.880000114440918,7.98900842666626,4916800.0,LB
2008-10-03,10.409242630004883,10.435157775878906,9.787280082702637,9.787280082702637,7.023661136627197,53900.0,LBAI
2008-10-03,4.0,4.0,4.0,4.0,3.825971841812134,0.0,LBC
2008-10-03,14.670413970947266,15.012774467468262,14.205416679382324,14.205416679382324,14.205416679382324,3804700.0,LBTYA
2008-10-03,14.609856605529785,14.609856605529785,14.609856605529785,14.609856605529785,14.609856605529785,0.0,LBTYB
2008-10-03,13.600000381469727,13.975000381469727,13.30500030517578,13.30500030517578,13.30500030517578,1673600.0,LBTYK
2008-10-03,7.949999809265138,8.100000381469728,7.320000171661378,7.369999885559082,6.533891201019287,157300.0,LBY
2008-10-03,2.5699999332427983,2.8499999046325684,2.5699999332427983,2.6700000762939453,2.6700000762939453,4100.0,LCI
2008-10-03,15.329999923706055,15.789999961853027,14.25,14.270000457763672,10.546181678771973,288200.0,LCII
2008-10-03,9.199999809265137,9.5,9.199999809265137,9.399999618530273,5.6073899269104,2400.0,LCNB
2008-10-03,1.1599999666213991,1.2000000476837158,1.100000023841858,1.1799999475479126,1.1799999475479126,15600.0,LCTX
2008-10-03,9.630000114440918,9.979999542236328,9.1899995803833,9.470000267028807,8.39595890045166,31000.0,LCUT
2008-10-03,47.04999923706055,47.31999969482422,46.88999938964844,46.88999938964844,46.88999938964844,3300.0,LD
2008-10-03,8.84000015258789,9.460000038146973,8.510000228881836,8.75,8.75,96000.0,LDL
2008-10-03,49.60493850708008,49.85185241699219,48.51852035522461,48.56790161132813,27.568546295166016,1402500.0,LDOS
2008-10-03,30.114999771118164,30.614999771118164,28.5,28.545000076293945,22.81418228149414,1498800.0,LECO
2008-10-03,3.470000028610229,3.470000028610229,3.0499999523162837,3.0499999523162837,3.0499999523162837,360400.0,LEE
2008-10-03,20.61000061035156,21.84000015258789,19.8700008392334,19.979999542236328,12.503307342529295,4059400.0,LEG
2008-10-03,14.11996078491211,14.375614166259766,11.642084121704102,11.878072738647461,11.048341751098633,10753700.0,LEN
2008-10-03,7.079999923706055,7.260000228881836,7.019999980926514,7.0999999046325675,3.3830065727233887,108200.0,LEO
2008-10-03,1236.2637939453125,1263.7362060546875,1126.3736572265625,1140.10986328125,1140.10986328125,6700.0,LEU
2008-10-03,18.49333381652832,19.0,18.36000061035156,19.0,15.73944091796875,2762100.0,LFC
2008-10-03,29.479999542236328,29.84000015258789,27.290000915527344,27.3700008392334,24.719411849975586,146700.0,LFUS
2008-10-03,1.399999976158142,1.434999942779541,1.3300000429153442,1.399999976158142,1.399999976158142,5800.0,LFVN
2008-10-03,15.489999771118164,15.779999732971193,15.0,15.420000076293945,6.000772476196289,25300.0,LGI
2008-10-03,3.0469226837158203,3.0469226837158203,3.0469226837158203,3.0469226837158203,3.0469226837158203,0.0,LGL
2008-10-03,15.539999961853027,16.319999694824222,12.65999984741211,14.520000457763672,14.520000457763672,219000.0,LGND
2008-10-03,68.05999755859375,68.05999755859375,66.19999694824219,66.33000183105469,66.33000183105469,1104100.0,LH
2008-10-03,30.270000457763672,30.32999992370605,28.76000022888184,29.0,29.0,322600.0,LHCG
2008-10-03,41.71292114257813,42.91281509399414,40.361854553222656,40.57915878295898,31.15211296081543,1085000.0,LHX
2008-10-03,32.470001220703125,32.97999954223633,30.809999465942386,30.809999465942386,26.28076934814453,589600.0,LII
2008-10-03,71.12000274658203,74.4000015258789,70.87999725341797,72.75,56.563331604003906,6043900.0,LIN
2008-10-03,13.050000190734865,13.170000076293945,12.329999923706055,12.65999984741211,9.96510410308838,18800.0,LINC
2008-10-03,37.400001525878906,38.0,37.400001525878906,38.0,38.0,0.0,LIVE
2008-10-03,14.786666870117188,15.833333015441895,13.866666793823242,13.979999542236328,10.47170352935791,23500.0,LKFN
2008-10-03,7.5349998474121085,7.84499979019165,7.25,7.264999866485597,7.264999866485597,2740200.0,LKQ
2008-10-03,11.779999732971193,11.93000030517578,10.9399995803833,11.050000190734863,11.050000190734863,170100.0,LL
2008-10-03,2.369999885559082,2.509999990463257,2.299999952316284,2.309999942779541,2.309999942779541,511400.0,LLNW
2008-10-03,43.099998474121094,43.099998474121094,41.2400016784668,41.310001373291016,26.84217643737793,9396200.0,LLY
2008-10-03,34.830001831054695,37.22000122070313,32.68000030517578,34.0,26.00094223022461,1834700.0,LM
2008-10-03,2.859999895095825,3.0,2.8499999046325684,3.0,2.659468173980713,2800.0,LMAT
2008-10-03,18.5,19.0,18.0,19.0,16.412731170654293,5000.0,LMNR
2008-10-03,23.25,23.420000076293945,21.65999984741211,21.739999771118164,20.92713928222656,327300.0,LMNX
2008-10-03,75.5857925415039,75.5857925415039,75.5857925415039,75.5857925415039,67.17917633056639,0.0,LMST
2008-10-03,105.56999969482422,107.31999969482422,104.66000366210938,105.01000213623048,71.37406158447266,2837900.0,LMT
2008-10-03,42.5,45.5,38.959999084472656,39.22999954223633,32.29637908935547,3350100.0,LNC
2008-10-03,7.6500000953674325,7.679999828338622,7.480000019073486,7.6599998474121085,7.6599998474121085,342800.0,LNDC
2008-10-03,1.809999942779541,2.1099998950958248,1.809999942779541,1.8400000333786009,1.8400000333786009,550300.0,LNG
2008-10-03,59.349998474121094,64.34999847412111,56.75,58.38000106811523,51.6092414855957,268900.0,LNN
2008-10-03,16.045000076293945,16.180000305175778,15.4399995803833,15.539999961853027,9.815242767333984,1818600.0,LNT
2008-10-03,0.7799999713897705,0.8799999952316284,0.7300000190734863,0.8700000047683716,0.5541325807571411,7000.0,LOAN
2008-10-03,21.21999931335449,21.799999237060547,20.59000015258789,20.6299991607666,15.543472290039062,1059700.0,LOGI
2008-10-03,20.0,20.0,20.0,20.0,20.0,0.0,LONE
2008-10-03,14.109999656677244,14.789999961853027,12.420000076293945,14.619999885559082,7.854451656341553,210800.0,LORL
2008-10-03,3.940000057220459,3.940000057220459,3.869999885559082,3.869999885559082,3.869999885559082,34600.0,LOV
2008-10-03,22.96999931335449,22.979999542236328,21.350000381469727,21.520000457763672,17.462514877319336,19581700.0,LOW
2008-10-03,12.720000267028807,13.25,12.0,12.0,10.706005096435547,949900.0,LPL
2008-10-03,3.009999990463257,3.009999990463257,2.890000104904175,2.990000009536743,2.990000009536743,65700.0,LPSN
2008-10-03,1.4199999570846558,1.7200000286102295,1.4199999570846558,1.6000000238418581,1.6000000238418581,12400.0,LPTH
2008-10-03,8.600000381469728,8.75,7.96999979019165,8.029999732971191,7.678454399108888,2159300.0,LPX
2008-10-03,9.699999809265137,9.899999618530273,9.119999885559082,9.130000114440918,9.130000114440918,107300.0,LQDT
2008-10-03,28.78000068664551,29.170000076293945,26.11000061035156,26.25,23.810312271118164,7459600.0,LRCX
2008-10-03,26.10000038146973,26.70000076293945,22.81999969482422,24.6200008392334,24.6200008392334,201500.0,LRN
2008-10-03,9.670000076293944,9.670000076293944,9.670000076293944,9.670000076293944,7.242906093597412,0.0,LSBK
2008-10-03,2.0299999713897705,2.049999952316284,1.9600000381469729,1.9800000190734863,1.9800000190734863,679900.0,LSCC
2008-10-03,42.34000015258789,42.7599983215332,40.88000106811523,41.40999984741211,24.79337310791016,352200.0,LSI
2008-10-03,37.9900016784668,39.790000915527344,37.9900016784668,38.54999923706055,34.379512786865234,1081100.0,LSTR
2008-10-03,324.0,396.0,324.0,378.0,378.0,1800.0,LTBR
2008-10-03,27.899999618530273,28.940000534057614,26.190000534057614,26.29999923706055,14.032137870788574,147700.0,LTC
2008-10-03,10.399999618530273,10.9399995803833,10.0,10.329999923706056,9.198811531066896,415500.0,LTM
2008-10-03,2.2799999713897705,2.759999990463257,2.2799999713897705,2.700000047683716,2.700000047683716,2700.0,LTRX
2008-10-03,7.28000020980835,7.6500000953674325,6.9099998474121085,6.920000076293945,6.920000076293945,80300.0,LUB
2008-10-03,11.25,11.46500015258789,10.149999618530273,10.449999809265137,10.449999809265137,1238200.0,LULU
2008-10-03,3.9700000286102295,3.990000009536743,3.2999999523162837,3.3399999141693115,3.3399999141693115,49600.0,LUNA
2008-10-03,13.640000343322756,13.779999732971193,13.279999732971193,13.4399995803833,12.433473587036133,12019700.0,LUV
2008-10-03,27.440000534057614,27.51000022888184,22.420000076293945,23.11000061035156,15.412515640258787,7865800.0,LVS
2008-10-03,11.010000228881836,11.350000381469727,10.710000038146973,10.949999809265137,10.823352813720703,13500.0,LWAY
2008-10-03,13.06999969482422,13.260000228881836,11.399999618530273,11.5,4.921950817108153,867800.0,LXP
2008-10-03,10.850000381469727,11.130000114440918,8.399999618530272,8.399999618530272,8.399999618530272,70500.0,LXRX
2008-10-03,13.630000114440918,14.489999771118164,13.029999732971193,13.050000190734865,13.050000190734865,151000.0,LXU
2008-10-03,20.149999618530273,21.100000381469727,18.309999465942386,18.799999237060547,9.085330963134766,1773500.0,LYG
2008-10-03,7.510000228881836,8.210000038146973,6.920000076293945,6.929999828338622,4.814765453338623,96400.0,LYTS
2008-10-03,15.649999618530273,16.040000915527347,14.279999732971193,14.329999923706055,14.329999923706055,692700.0,LYV
2008-10-03,8.770000457763674,9.0600004196167,8.420000076293945,8.529999732971191,7.641064167022705,329700.0,LZB
2008-10-03,16.530000686645508,16.719999313354492,15.010000228881836,15.1899995803833,10.123706817626953,11176700.0,M
2008-10-03,16.204999923706055,17.18400001525879,16.020000457763672,16.020000457763672,12.95480728149414,41917000.0,MA
2008-10-03,46.099998474121094,47.38000106811523,44.63999938964844,45.20000076293945,27.454448699951172,530100.0,MAA
2008-10-03,51.10860061645508,52.48816299438477,44.27560424804688,44.553367614746094,21.78922462463379,5303100.0,MAC
2008-10-03,4.760000228881836,5.289999961853027,4.75,4.800000190734863,4.800000190734863,49600.0,MAG
2008-10-03,7.75,8.869999885559082,7.730000019073486,8.430000305175781,8.430000305175781,7900.0,MAGS
2008-10-03,11.59000015258789,11.630000114440918,11.520000457763672,11.520000457763672,4.346406936645509,4000.0,MAIN
2008-10-03,40.0,40.5,37.86000061035156,37.91999816894531,30.624176025390625,999000.0,MAN
2008-10-03,5.392499923706055,5.434999942779541,4.980000019073486,4.982500076293945,4.982500076293945,1638400.0,MANH
2008-10-03,57.63999938964844,57.63999938964844,53.5,53.58000183105469,42.788673400878906,158100.0,MANT
2008-10-03,22.783344268798828,23.407928466796875,21.440954208374023,21.580785751342773,18.73105239868164,6123000.0,MAR
2008-10-03,21.299999237060547,21.299999237060547,17.100000381469727,17.799999237060547,17.799999237060547,14900.0,MARK
2008-10-03,23.3700008392334,23.420000076293945,21.63999938964844,21.63999938964844,8.079899787902832,2400.0,MARPS
2008-10-03,15.12302303314209,15.360280990600586,14.086115837097168,14.173989295959473,11.00131130218506,7415600.0,MAS
2008-10-03,37.9900016784668,38.9900016784668,36.599998474121094,36.650001525878906,31.7722110748291,383000.0,MASI
2008-10-03,18.059999465942386,18.420000076293945,17.5,17.530000686645508,11.44386100769043,3727700.0,MAT
2008-10-03,50.90999984741211,50.90999984741211,47.66999816894531,48.04999923706055,41.94876098632813,155500.0,MATW
2008-10-03,20.460264205932614,20.460264205932614,20.460264205932614,20.460264205932614,12.891830444335938,0.0,MATX
2008-10-03,10.859999656677246,11.09000015258789,10.760000228881836,10.760000228881836,4.745768070220947,51500.0,MAV
2008-10-03,15.800000190734865,16.5,15.449999809265135,15.449999809265135,15.449999809265135,2800.0,MAYS
2008-10-03,13.25,13.25,13.25,13.25,8.349399566650389,0.0,MBCN
2008-10-03,12.279999732971193,12.649999618530273,9.6899995803833,10.350000381469727,10.350000381469727,8132600.0,MBI
2008-10-03,16686.0,17010.0,16200.0,16200.0,16200.0,0.0,MBOT
2008-10-03,19.756000518798828,20.22800064086914,18.25200080871582,18.31599998474121,6.716383457183838,8328700.0,MBT
2008-10-03,7.610000133514403,7.9099998474121085,7.5999999046325675,7.619999885559082,5.352869510650635,5300.0,MBWM
2008-10-03,10.579999923706056,10.699999809265137,10.5,10.5,5.476343154907227,52600.0,MCA
2008-10-03,6.989999771118164,7.079999923706055,6.070000171661378,6.4099998474121085,5.633381366729736,149300.0,MCBC
2008-10-03,62.9000015258789,62.959999084472656,60.02000045776367,60.22999954223633,42.16194152832031,11059100.0,MCD
2008-10-03,46.70000076293945,50.90999984741211,45.5099983215332,45.68000030517578,43.42642211914063,130500.0,MCF
2008-10-03,27.76000022888184,28.190000534057614,26.8799991607666,26.95000076293945,18.34727668762207,4573300.0,MCHP
2008-10-03,10.18000030517578,10.399999618530273,9.59000015258789,9.609999656677246,7.207931518554687,179900.0,MCHX
2008-10-03,12.005000114440918,12.375,12.005000114440918,12.104999542236328,4.8582048416137695,11800.0,MCI
2008-10-03,51.77999877929688,52.0,48.81000137329102,48.86000061035156,44.20082473754883,2936600.0,MCK
2008-10-03,8.739999771118164,8.739999771118164,8.399999618530272,8.449999809265138,2.795539140701294,29900.0,MCN
2008-10-03,31.3700008392334,32.77000045776367,29.61000061035156,30.0,25.41519546508789,3046900.0,MCO
2008-10-03,7.4099998474121085,7.53000020980835,7.4099998474121085,7.510000228881836,2.8277130126953125,33000.0,MCR
2008-10-03,9.1899995803833,9.90999984741211,8.310000419616701,8.460000038146973,8.460000038146973,176700.0,MCRI
2008-10-03,15.479999542236328,15.670000076293945,14.199999809265135,14.25,10.884748458862305,146000.0,MCS
2008-10-03,54.1500015258789,54.81999969482422,53.6500015258789,53.90999984741211,29.1296329498291,140000.0,MCY
2008-10-03,23.04999923706055,23.68000030517578,21.0,21.575000762939453,21.575000762939453,3074200.0,MD
2008-10-03,33.95370483398437,34.72222137451172,31.35185241699219,32.11111068725586,20.87279319763184,1534500.0,MDC
2008-10-03,4.113333225250243,4.273333549499512,4.0,4.066666603088379,3.0386474132537837,76600.0,MDCA
2008-10-03,260.75,263.89999389648443,242.8999938964844,242.8999938964844,242.8999938964844,3100.0,MDGL
2008-10-03,33.720001220703125,34.049999237060554,32.990001678466804,33.080001831054695,16.413183212280273,14682300.0,MDLZ
2008-10-03,26.86000061035156,27.190000534057614,24.96999931335449,25.20000076293945,15.536401748657227,557000.0,MDP
2008-10-03,12.029999732971193,12.3100004196167,11.600000381469727,11.670000076293945,4.710582256317139,681400.0,MDRX
2008-10-03,49.790000915527344,50.91999816894531,49.2599983215332,49.61000061035156,38.457767486572266,10210500.0,MDT
2008-10-03,27.78000068664551,28.770000457763672,27.149999618530273,27.239999771118164,19.10195541381836,1981100.0,MDU
2008-10-03,6.489999771118164,6.6500000953674325,5.960000038146973,6.079999923706055,5.339678287506104,125000.0,MED
2008-10-03,2.990000009536743,3.0,2.799999952316284,2.970000028610229,2.970000028610229,17300.0,MEET
2008-10-03,8.470000267028809,8.720000267028809,8.300000190734862,8.350000381469728,6.629414081573486,318800.0,MEI
2008-10-03,109.1999969482422,117.5999984741211,96.0,96.0,96.0,400.0,MEIP
2008-10-03,18.040000915527344,19.049999237060547,17.350000381469727,17.370000839233402,16.83149528503418,743200.0,MELI
2008-10-03,8.109999656677246,8.390000343322754,8.109999656677246,8.210000038146973,4.128965377807616,77000.0,MEN
2008-10-03,18.63999938964844,19.38999938964844,17.709999084472656,17.760000228881836,12.57408618927002,477100.0,MEOH
2008-10-03,3.2000000476837163,3.3199999332427983,3.0,3.039999961853028,2.4346258640289307,232400.0,MERC
2008-10-03,39.07308197021485,41.88948440551758,37.361854553222656,37.54901885986328,26.23577880859375,15463200.0,MET
2008-10-03,5.739999771118164,5.880000114440918,5.400000095367432,5.429999828338623,1.1806074380874634,1038700.0,MFA
2008-10-03,36.11999893188477,36.11999893188477,33.59000015258789,34.049999237060554,20.656923294067386,772200.0,MFC
2008-10-03,13.34000015258789,13.470000267028807,12.970000267028807,12.979999542236328,4.638885021209717,26800.0,MFD
2008-10-03,8.130000114440918,8.890000343322754,8.029999732971191,8.050000190734862,5.066626071929932,242300.0,MFG
2008-10-03,9.550000190734863,10.369999885559082,9.550000190734863,9.699999809265137,4.946215152740479,45500.0,MFIN
2008-10-03,10.010000228881836,10.130000114440918,10.010000228881836,10.029999732971193,5.033886909484863,35000.0,MFL
2008-10-03,6.070000171661378,6.230000019073486,6.03000020980835,6.050000190734862,2.898428678512573,84200.0,MFM
2008-10-03,5.260000228881836,5.260000228881836,5.260000228881836,5.260000228881836,4.280484676361084,600.0,MFNC
2008-10-03,10.170000076293944,12.399999618530273,10.170000076293944,10.5,7.575177192687987,6900.0,MFSF
2008-10-03,9.84000015258789,9.970000267028807,9.84000015258789,9.84000015258789,4.934531211853027,13900.0,MFT
2008-10-03,5.239999771118164,5.380000114440918,5.230000019073486,5.230000019073486,1.6643419265747068,5900.0,MFV
2008-10-03,9.75,10.932499885559082,9.375,10.862500190734863,7.171562671661378,41360800.0,MGA
2008-10-03,23.20666694641113,24.16666603088379,23.20666694641113,23.453332901000977,16.748767852783207,84000.0,MGEE
2008-10-03,6.699999809265138,6.800000190734862,6.3400001525878915,6.690000057220459,2.8052737712860107,111600.0,MGF
2008-10-03,11.199999809265137,12.800000190734865,10.239999771118164,10.960000038146973,10.960000038146973,81000.0,MGI
2008-10-03,1.8799999952316284,1.940000057220459,1.8500000238418581,1.8500000238418581,1.1498817205429075,30700.0,MGIC
2008-10-03,40.75,41.63999938964844,39.91999816894531,39.97000122070313,39.97000122070313,321400.0,MGLN
2008-10-03,24.190000534057614,24.190000534057614,20.280000686645508,21.0,19.854171752929688,9629300.0,MGM
2008-10-03,2.619999885559082,2.619999885559082,2.299999952316284,2.4300000667572017,2.217299461364746,120500.0,MGPI
2008-10-03,26.790000915527344,27.790000915527344,25.93000030517578,25.95000076293945,17.94548797607422,69500.0,MGRC
2008-10-03,15.050000190734865,15.34000015258789,14.710000038146973,14.75,7.001311302185059,122800.0,MGU
2008-10-03,8.399999618530272,8.399999618530272,8.399999618530272,8.399999618530272,8.399999618530272,0.0,MGYR
2008-10-03,12.050000190734865,12.0600004196167,11.890000343322756,11.960000038146973,5.6803832054138175,9200.0,MHD
2008-10-03,9.5,9.649999618530273,9.5,9.640000343322754,5.262728214263916,3600.0,MHE
2008-10-03,6.989999771118164,6.989999771118164,6.679999828338622,6.679999828338622,3.7613155841827393,38000.0,MHF
2008-10-03,10.25,10.880000114440918,10.25,10.59000015258789,4.848985195159912,62400.0,MHI
2008-10-03,62.09000015258789,64.11000061035156,58.52999877929688,58.68000030517578,58.68000030517578,1462400.0,MHK
2008-10-03,4.900000095367432,4.900000095367432,4.369999885559082,4.369999885559082,2.806769132614136,567000.0,MHLD
2008-10-03,10.1899995803833,10.229999542236328,10.109999656677246,10.130000114440918,5.256037712097168,60100.0,MHN
2008-10-03,21.540000915527344,22.1200008392334,19.3799991607666,19.51000022888184,19.51000022888184,221800.0,MHO
2008-10-03,12.68000030517578,13.130000114440918,12.119999885559082,12.260000228881836,6.2597270011901855,844800.0,MIC
2008-10-03,3.3199999332427983,3.5,3.3199999332427983,3.390000104904175,3.2029991149902344,7700.0,MICR
2008-10-03,17.579999923706055,17.799999237060547,15.196666717529295,15.563333511352539,15.563333511352539,886200.0,MIDD
2008-10-03,6.139999866485597,6.1599998474121085,6.079999923706055,6.119999885559082,2.1790850162506104,259800.0,MIN
2008-10-03,8.659999847412111,9.329999923706056,8.539999961853027,8.729999542236326,8.729999542236326,236800.0,MIND
2008-10-03,17.979999542236328,18.36000061035156,17.6200008392334,17.770000457763672,15.049768447875975,475100.0,MINI
2008-10-03,0.20999999344348907,0.20999999344348907,0.20999999344348907,0.20999999344348907,0.20999999344348907,0.0,MITK
2008-10-03,10.520000457763672,10.869999885559082,10.520000457763672,10.649999618530273,5.399842262268066,21600.0,MIY
2008-10-03,39.13000106811523,39.58000183105469,38.4900016784668,38.5,30.18163681030273,919300.0,MKC
2008-10-03,366.8800048828125,392.3800048828125,361.0,361.0,361.0,31600.0,MKL
2008-10-03,18.75,19.020000457763672,17.850000381469727,17.899999618530273,15.319665908813475,371700.0,MKSI
2008-10-03,7.28000020980835,7.28000020980835,6.139999866485597,7.119999885559082,6.345786094665527,66500.0,MKTX
2008-10-03,22.71999931335449,22.71999931335449,22.54999923706055,22.54999923706055,20.16547966003418,200.0,MLAB
2008-10-03,4.0,4.0,3.2000000476837163,3.2100000381469727,2.558860540390014,2000900.0,MLCO
2008-10-03,23.899999618530273,24.290000915527344,22.81999969482422,22.85000038146973,18.98981475830078,616700.0,MLHR
2008-10-03,11.614999771118164,12.0,11.289999961853027,11.3149995803833,8.419127464294434,853600.0,MLI
2008-10-03,98.52999877929688,98.94000244140624,86.98999786376953,87.0999984741211,74.14783477783203,1454000.0,MLM
2008-10-03,9.239999771118164,9.359999656677246,8.720000267028809,8.729999542236326,8.729999542236326,505800.0,MLNX
2008-10-03,26.5,27.13999938964844,26.20000076293945,26.25,26.25,10500.0,MLP
2008-10-03,6.699999809265138,6.800000190734862,6.6500000953674325,6.679999828338622,5.0449323654174805,6800.0,MLR
2008-10-03,0.3499999940395355,0.3499999940395355,0.3499999940395355,0.3499999940395355,0.3499999940395355,5500.0,MLSS
2008-10-03,9.29475212097168,9.29475212097168,9.29475212097168,9.29475212097168,8.984882354736328,0.0,MLVF
2008-10-03,4.449999809265137,4.849999904632568,4.0,4.699999809265137,4.699999809265137,46200.0,MMAC
2008-10-03,30.34000015258789,31.520000457763672,29.959999084472656,30.3700008392334,22.55256271362305,5748300.0,MMC
2008-10-03,23.03000068664551,23.06999969482422,20.0,20.5,5.816975593566895,35800.0,MMLP
2008-10-03,66.08999633789061,67.25,64.51000213623047,64.59999847412111,47.4242057800293,6588000.0,MMM
2008-10-03,16.629999160766598,16.985000610351562,16.504999160766598,16.53499984741211,7.024535179138184,336600.0,MMP
2008-10-03,9.087499618530273,9.19499969482422,8.747500419616701,8.774999618530272,7.336205005645753,619600.0,MMS
2008-10-03,15.16800022125244,15.607999801635742,14.791999816894533,14.83199977874756,14.83199977874756,183100.0,MMSI
2008-10-03,4.989999771118164,5.039999961853027,4.980000019073486,5.0,1.884758710861206,61800.0,MMT
2008-10-03,9.779999732971193,9.81999969482422,9.579999923706056,9.609999656677246,5.022639274597168,59000.0,MMU
2008-10-03,1.0499999523162842,1.0700000524520874,1.0199999809265137,1.0299999713897705,0.0810280591249466,32300.0,MNDO
2008-10-03,10.43000030517578,10.470000267028807,10.359999656677246,10.470000267028807,5.976909637451173,4900.0,MNE
2008-10-03,17.600000381469727,19.100000381469727,17.600000381469727,18.899999618530273,18.899999618530273,100200.0,MNKD
2008-10-03,2.240000009536743,2.5,2.220000028610229,2.220000028610229,2.220000028610229,700.0,MNOV
2008-10-03,10.470000267028807,10.5,10.4399995803833,10.4399995803833,5.572057723999023,3600.0,MNP
2008-10-03,7.550000190734862,7.800000190734862,7.079999923706055,7.079999923706055,3.4049668312072754,20700.0,MNR
2008-10-03,14.053333282470705,14.213333129882812,13.34000015258789,13.506667137145994,11.918774604797365,131200.0,MNRO
2008-10-03,5.714285850524902,5.714285850524902,5.714285850524902,5.714285850524902,5.714285850524902,0.0,MNSB
2008-10-03,4.833333492279053,5.381666660308838,4.710000038146973,5.326666831970215,5.326666831970215,17718600.0,MNST
2008-10-03,12.710000038146973,13.300000190734865,12.050000190734865,12.279999732971193,12.279999732971193,246900.0,MNTA
2008-10-03,3.059999942779541,3.3499999046325684,2.7699999809265137,3.039999961853028,3.039999961853028,5200.0,MNTX
2008-10-03,20.32999992370605,20.90999984741211,20.1200008392334,20.290000915527344,10.839688301086426,17797600.0,MO
2008-10-03,13.149999618530273,13.670000076293945,12.390000343322756,12.479999542236328,12.241375923156738,224800.0,MOD
2008-10-03,13.510000228881836,13.510000228881836,13.510000228881836,13.510000228881836,10.23507595062256,300.0,MOFG
2008-10-03,20.13333320617676,20.440000534057614,19.6200008392334,19.71999931335449,19.71999931335449,155100.0,MOH
2008-10-03,3.5999999046325684,6.9000000953674325,3.5999999046325684,6.9000000953674325,6.794811725616455,0.0,MOMO
2008-10-03,61.86000061035156,61.86000061035156,57.34000015258789,59.5099983215332,54.6634407043457,79700.0,MORN
2008-10-03,41.95000076293945,45.06999969482422,39.65999984741211,40.88000106811523,33.59284210205078,23066100.0,MOS
2008-10-03,802.0,820.0,780.0,780.0,780.0,200.0,MOSY
2008-10-03,20.21999931335449,20.38999938964844,19.36000061035156,19.549999237060547,16.486417770385742,193300.0,MOV
2008-10-03,10.489999771118164,10.649999618530273,10.489999771118164,10.56999969482422,5.499925136566162,15100.0,MPA
2008-10-03,5.46999979019165,5.46999979019165,5.46999979019165,5.46999979019165,5.46999979019165,0.0,MPAA
2008-10-03,23.70000076293945,23.70000076293945,23.70000076293945,23.70000076293945,18.155282974243164,0.0,MPB
2008-10-03,11.699999809265135,11.739999771118164,11.210000038146973,11.529999732971193,4.6845431327819815,16600.0,MPV
2008-10-03,10.619999885559082,10.75,9.869999885559082,9.93000030517578,4.2046308517456055,502100.0,MPW
2008-10-03,15.949999809265135,16.540000915527347,15.350000381469727,15.520000457763672,13.852599143981935,668900.0,MPWR
2008-10-03,8.25,8.470000267028809,7.920000076293945,7.989999771118164,6.532737255096436,26900.0,MPX
2008-10-03,9.449999809265137,9.5,9.350000381469727,9.369999885559082,4.741257667541504,33000.0,MQT
2008-10-03,11.609999656677244,11.899999618530273,11.600000381469727,11.630000114440918,5.919464111328125,35800.0,MQY
2008-10-03,8.699999809265138,8.9399995803833,8.329999923706055,8.329999923706055,8.014430999755861,122100.0,MRCY
2008-10-03,31.38999938964844,32.299999237060554,31.25,31.78000068664551,20.804187774658203,17295500.0,MRK
2008-10-03,720.0,720.0,720.0,720.0,720.0,0.0,MRKR
2008-10-03,8.739999771118164,8.739999771118164,8.170000076293945,8.489999771118164,5.668776035308838,25100.0,MRLN
2008-10-03,21.50382423400879,23.02490043640137,20.96697425842285,21.22347068786621,15.579524993896484,11316300.0,MRO
2008-10-03,6.835999965667725,7.072000026702881,6.5920000076293945,6.716000080108643,5.939572334289551,673100.0,MRTN
2008-10-03,8.689999580383299,9.149999618530273,8.420000076293945,8.510000228881836,7.423561573028564,13732100.0,MRVL
2008-10-03,24.399999618530273,26.729999542236328,22.51000022888184,23.920000076293945,19.61660385131836,30168400.0,MS
2008-10-03,37.20000076293945,37.54999923706055,35.290000915527344,35.5,26.01726531982422,334400.0,MSA
2008-10-03,17.5,18.11000061035156,16.25,16.84000015258789,5.891983985900879,72000.0,MSB
2008-10-03,9.75,9.75,9.75,9.75,8.222492218017576,200.0,MSBF
2008-10-03,22.149999618530273,23.34000015258789,22.149999618530273,22.46999931335449,20.98953056335449,1045900.0,MSCI
2008-10-03,7.5,7.6599998474121085,7.429999828338622,7.5,3.277437448501587,74800.0,MSD
2008-10-03,17.280000686645508,17.59000015258789,17.040000915527347,17.200000762939453,11.72890853881836,20100.0,MSEX
2008-10-03,26.3700008392334,27.46999931335449,26.239999771118164,26.31999969482422,20.050769805908203,114289400.0,MSFT
2008-10-03,28.216650009155273,29.18684959411621,27.08474922180176,27.16559982299805,22.79878044128418,5427300.0,MSI
2008-10-03,41.88999938964844,42.86000061035156,40.93000030517578,41.0,29.83203125,694800.0,MSM
2008-10-03,0.8899999856948853,0.8899999856948853,0.8100000023841858,0.8100000023841858,0.2412572801113129,8900.0,MSN
2008-10-03,2.0,2.0699999332427983,1.950000047683716,2.0,2.0,10300.0,MSON
2008-10-03,54.68000030517578,55.5099983215332,53.0099983215332,53.0099983215332,53.0099983215332,118400.0,MSTR
2008-10-03,5.098039150238037,5.098039150238037,5.098039150238037,5.098039150238037,4.025155544281007,0.0,MSVB
2008-10-03,127.2300033569336,147.4499969482422,126.98999786376952,133.86000061035156,109.0049285888672,2627800.0,MT
2008-10-03,7.199999809265138,7.5,6.730000019073486,7.449999809265138,7.378036499023437,5989.0,MTA
2008-10-03,88.54000091552734,95.0,86.6500015258789,87.66999816894531,62.69872665405274,764500.0,MTB
2008-10-03,0.3449999988079071,0.3700000047683716,0.3199999928474426,0.3199999928474426,0.3199999928474426,78000.0,MTC
2008-10-03,91.91999816894531,93.4800033569336,90.36000061035156,90.38999938964844,90.38999938964844,329500.0,MTD
2008-10-03,14.300000190734865,14.850000381469727,13.75,13.75,13.75,600.0,MTEM
2008-10-03,39.0,40.900001525878906,36.5,37.900001525878906,31.15357208251953,7500.0,MTEX
2008-10-03,8.359999656677246,8.90999984741211,7.519999980926514,7.75,7.647148132324219,2121100.0,MTG
2008-10-03,24.28000068664551,25.01000022888184,20.559999465942386,21.0,21.0,1288900.0,MTH
2008-10-03,29.459999084472656,30.959999084472656,26.040000915527344,26.36000061035156,25.50207901000977,958800.0,MTL
2008-10-03,31.04999923706055,32.110000610351555,30.0,30.0,24.58198165893555,438600.0,MTN
2008-10-03,11.470000267028807,11.800000190734865,10.510000228881836,10.619999885559082,10.257542610168457,1267000.0,MTOR
2008-10-03,55.5,57.4000015258789,53.0,54.0,20.314924240112305,25000.0,MTR
2008-10-03,15.789999961853027,16.260000228881836,14.100000381469727,14.15999984741211,13.037131309509276,463700.0,MTRN
2008-10-03,14.289999961853027,15.5,13.329999923706055,13.920000076293945,13.920000076293945,521200.0,MTRX
2008-10-03,40.97000122070313,41.43999862670898,38.38999938964844,38.45000076293945,29.64408874511719,137800.0,MTSC
2008-10-03,2.200000047683716,2.200000047683716,2.0999999046325684,2.0999999046325684,2.0999999046325684,5000.0,MTSL
2008-10-03,13.134533882141113,13.26134967803955,11.947896957397461,11.975071907043455,11.358087539672852,3129000.0,MTW
2008-10-03,27.559999465942386,28.614999771118164,27.104999542236328,27.229999542236328,25.73600006103516,358800.0,MTX
2008-10-03,11.869999885559082,13.130000114440918,11.869999885559082,12.029999732971193,12.029999732971193,658300.0,MTZ
2008-10-03,4.550000190734863,5.010000228881836,4.420000076293945,4.440000057220459,4.440000057220459,24052500.0,MU
2008-10-03,11.350000381469727,11.5,11.289999961853027,11.390000343322756,5.941903114318848,16000.0,MUA
2008-10-03,10.479999542236328,10.779999732971193,10.399999618530273,10.539999961853027,5.521712303161621,140500.0,MUC
2008-10-03,9.81999969482422,9.859999656677246,9.649999618530273,9.649999618530273,4.858538627624512,43000.0,MUE
2008-10-03,8.149999618530272,8.850000381469727,8.149999618530272,8.449999809265138,6.128683567047119,1179300.0,MUFG
2008-10-03,11.050000190734863,11.050000190734863,10.75,10.90999984741211,5.246895790100098,73900.0,MUH
2008-10-03,11.390000343322756,11.479999542236328,11.18000030517578,11.239999771118164,5.965495586395264,59400.0,MUI
2008-10-03,10.989999771118164,11.359999656677244,10.989999771118164,11.270000457763672,5.839416980743407,28700.0,MUJ
2008-10-03,46.62348937988281,50.14680480957031,45.61312484741211,46.90846252441406,33.006149291992195,3172800.0,MUR
2008-10-03,9.470000267028807,9.729999542236328,9.470000267028807,9.649999618530273,4.833997249603272,34800.0,MUS
2008-10-03,1.0199999809265137,1.1799999475479126,0.959999978542328,1.0,0.9770467281341552,459200.0,MUX
2008-10-03,14.380000114440918,14.699999809265135,14.0,14.010000228881836,7.754452705383301,75100.0,MVC
2008-10-03,7.28000020980835,7.3499999046325675,7.1500000953674325,7.1500000953674325,3.437840461730957,75000.0,MVF
2008-10-03,16.0,16.719999313354492,14.399999618530273,14.399999618530273,14.399999618530273,45900.0,MVIS
2008-10-03,14.020000457763672,14.3100004196167,13.920000076293945,14.100000381469727,4.0307579040527335,26800.0,MVO
2008-10-03,11.079999923706056,11.09000015258789,10.640000343322754,10.779999732971193,5.121684551239014,55200.0,MVT
2008-10-03,8.100000381469728,8.75,7.8499999046325675,7.860000133514403,6.62268590927124,732500.0,MWA
2008-10-03,43.68000030517578,43.68000030517578,43.68000030517578,43.68000030517578,43.68000030517578,0.0,MWK
2008-10-03,18.0,18.0,13.010000228881836,13.029999732971193,13.029999732971193,26300.0,MXC
2008-10-03,17.950000762939453,18.0,17.450000762939453,17.459999084472653,6.8396668434143075,18900.0,MXE
2008-10-03,23.51000022888184,23.920000076293945,23.0,23.20000076293945,8.082232475280763,71200.0,MXF
2008-10-03,17.190000534057614,17.229999542236328,16.559999465942386,16.620000839233402,10.989728927612305,646500.0,MXIM
2008-10-03,10.68000030517578,10.800000190734863,10.460000038146973,10.760000228881836,5.341864585876465,42800.0,MYC
2008-10-03,10.65999984741211,10.859999656677246,10.529999732971193,10.779999732971193,5.230917453765869,93700.0,MYD
2008-10-03,11.56999969482422,12.130000114440918,10.90999984741211,10.920000076293944,7.7308669090271,103300.0,MYE
2008-10-03,10.350000381469727,10.550000190734863,9.859999656677246,10.270000457763672,5.029942035675049,35300.0,MYF
2008-10-03,32.5,33.36999893188477,30.13999938964844,30.85000038146973,27.97569465637207,2937600.0,MYGN
2008-10-03,10.470000267028807,10.93000030517578,10.470000267028807,10.710000038146973,5.4568400382995605,107500.0,MYI
2008-10-03,11.829999923706055,11.829999923706055,11.720000267028807,11.829999923706055,6.055933475494385,8900.0,MYJ
2008-10-03,10.84000015258789,10.869999885559082,10.130000114440918,10.270000457763672,10.270000457763672,11971200.0,MYL
2008-10-03,10.170000076293944,10.239999771118164,9.609999656677246,9.800000190734863,5.150582790374756,86300.0,MYN
2008-10-03,11.970000267028807,12.0,11.600000381469727,11.800000190734865,11.800000190734865,17300.0,MYRG
2008-10-03,12.199999809265135,12.220000267028807,12.15999984741211,12.170000076293945,6.524185657501222,2100.0,MZA
2008-10-03,11.119999885559082,11.369999885559082,10.920000076293944,11.100000381469727,5.344168186187744,32900.0,NAC
2008-10-03,11.43000030517578,11.43000030517578,11.050000190734863,11.0600004196167,5.48378849029541,66900.0,NAD
2008-10-03,7.03000020980835,7.03000020980835,6.96999979019165,7.019999980926514,7.019999980926514,3400.0,NAII
2008-10-03,3.4600000381469727,3.849999904632568,3.150000095367432,3.400000095367432,3.400000095367432,215700.0,NAK
2008-10-03,11.149999618530273,11.350000381469727,11.119999885559082,11.119999885559082,5.870182991027832,7900.0,NAN
2008-10-03,30.3293571472168,31.53274726867676,28.959644317626953,29.018346786499023,11.728379249572756,391600.0,NAT
2008-10-03,15.25,15.739999771118164,15.25,15.5,9.305562973022461,17300.0,NATH
2008-10-03,18.13333320617676,18.57999992370605,17.933332443237305,17.986665725708008,14.051772117614744,776700.0,NATI
2008-10-03,40.0099983215332,43.5,39.75,41.43000030517578,41.43000030517578,1142800.0,NAV
2008-10-03,9.199999809265137,11.800000190734865,9.199999809265137,11.800000190734865,11.800000190734865,3900.0,NAVB
2008-10-03,11.68000030517578,11.68000030517578,11.619999885559082,11.630000114440918,6.432760238647461,2600.0,NAZ
2008-10-03,11.81999969482422,11.81999969482422,11.25,11.300000190734865,6.001025676727295,27200.0,NBH
2008-10-03,4.460000038146973,5.070000171661377,4.429999828338623,4.440000057220459,4.440000057220459,313300.0,NBIX
2008-10-03,23.96999931335449,25.690000534057614,23.229999542236328,23.309999465942386,20.100860595703125,5057800.0,NBL
2008-10-03,11.5,11.5,11.5,11.5,9.240607261657717,0.0,NBN
2008-10-03,11.119999885559082,11.170000076293944,11.119999885559082,11.130000114440918,6.327836513519287,6500.0,NBO
2008-10-03,21.8700008392334,22.920000076293945,21.030000686645508,21.200000762939453,17.687002182006836,9471700.0,NBR
2008-10-03,29.899999618530273,30.82999992370605,26.78000068664551,26.86000061035156,18.072553634643555,109400.0,NBTB
2008-10-03,11.279999732971193,11.329999923706055,11.199999809265137,11.210000038146973,6.291441440582275,15700.0,NBW
2008-10-03,42.5,43.75,40.0,43.75,43.75,100.0,NBY
2008-10-03,6.417619228363037,6.70537805557251,6.069911003112793,6.069911003112793,0.5335077047348022,353200.0,NC
2008-10-03,9.5,9.5,9.100000381469727,9.3100004196167,5.4076881408691415,46800.0,NCA
2008-10-03,10.640000343322754,11.039999961853027,10.09000015258789,10.09000015258789,4.453709125518799,147800.0,NCMI
2008-10-03,21.059999465942386,21.6299991607666,20.309999465942386,20.600000381469727,20.600000381469727,1895400.0,NCR
2008-10-03,53.81999969482422,55.38000106811523,47.849998474121094,48.18000030517578,44.8375129699707,57600.0,NCTY
2008-10-03,8.060000419616701,8.439999580383299,7.420000076293945,7.5999999046325675,1.811967730522156,318700.0,NCV
2008-10-03,7.579999923706055,7.949999809265138,7.070000171661378,7.300000190734862,1.6952295303344729,411300.0,NCZ
2008-10-03,32.09000015258789,33.950000762939446,30.920000076293945,31.420000076293945,27.17538642883301,2046300.0,NDAQ
2008-10-03,22.809999465942386,23.709999084472656,21.950000762939453,22.059999465942386,19.22931480407715,573600.0,NDSN
2008-10-03,33.942306518554695,35.16608428955078,32.613636016845696,32.770980834960945,25.56183624267578,6709400.0,NE
2008-10-03,13.550000190734865,13.550000190734865,10.949999809265137,11.119999885559082,5.807529926300049,63900.0,NEA
2008-10-03,49.7400016784668,49.88999938964844,47.540000915527344,48.4000015258789,32.9801025390625,3914500.0,NEE
2008-10-03,34.139999389648445,36.2400016784668,33.880001068115234,35.58000183105469,29.39213562011719,8177100.0,NEM
2008-10-03,22.996665954589844,22.996665954589844,22.996665954589844,22.996665954589844,12.100886344909668,600.0,NEN
2008-10-03,0.9800000190734864,0.9800000190734864,0.8500000238418579,0.8500000238418579,0.8500000238418579,45500.0,NEO
2008-10-03,9.08893871307373,9.502375602722168,8.935566902160645,8.9389009475708,8.9389009475708,128900.0,NEOG
2008-10-03,30.0,30.0,27.5,30.0,30.0,0.0,NEON
2008-10-03,63.0,72.0,63.0,72.0,72.0,75.0,NEPH
2008-10-03,1.3899999856948853,1.3899999856948853,1.2899999618530271,1.3600000143051147,1.3600000143051147,10300.0,NEPT
2008-10-03,12.0,12.0,12.0,12.0,12.0,542.0,NET
2008-10-03,49.290000915527344,51.13999938964844,46.41999816894531,47.58000183105469,39.96714782714844,157900.0,NEU
2008-10-03,12.899999618530273,22.0,12.899999618530273,12.899999618530273,12.899999618530273,0.0,NEW
2008-10-03,3.0,3.0,2.700000047683716,2.700000047683716,1.3135509490966797,800.0,NEWT
2008-10-03,8.731912612915039,8.902986526489258,8.518069267272951,8.518069267272951,6.680347442626952,49300.0,NFBK
2008-10-03,2254.02001953125,2254.02001953125,2209.830078125,2209.830078125,2209.830078125,9.0,NFE
2008-10-03,39.709999084472656,41.9900016784668,39.47000122070313,40.02999877929688,28.67491340637207,1254400.0,NFG
2008-10-03,16.360000610351562,17.489999771118164,16.25,16.850000381469727,6.089200019836426,794500.0,NFJ
2008-10-03,4.1728572845458975,4.428571224212647,4.099999904632568,4.138571262359618,4.138571262359618,5013400.0,NFLX
2008-10-03,4.949999809265137,6.0,4.599999904632568,5.420000076293945,5.420000076293945,859300.0,NG
2008-10-03,3.759999990463257,4.130000114440918,3.740000009536743,3.880000114440918,3.880000114440918,448500.0,NGD
2008-10-03,68.77729034423828,70.97161865234375,68.51528167724611,69.26856231689453,34.106822967529304,73900.0,NGG
2008-10-03,15.880000114440918,17.489999771118164,14.880000114440918,15.579999923706055,15.579999923706055,88100.0,NGS
2008-10-03,47.0,47.97000122070313,46.5,46.7599983215332,33.562538146972656,15800.0,NHC
2008-10-03,37.7599983215332,38.400001525878906,36.599998474121094,36.88000106811523,7.037261009216309,40200.0,NHF
2008-10-03,33.450000762939446,33.77000045776367,32.77000045776367,33.0,17.390840530395508,91100.0,NHI
2008-10-03,9.0,9.0,9.0,9.0,9.0,0.0,NHLD
2008-10-03,7.829999923706055,8.090000152587889,7.730000019073486,7.730000019073486,2.6998157501220703,72800.0,NHS
2008-10-03,0.5299999713897705,0.5699999928474426,0.5,0.5,0.3546123504638672,5500.0,NHTC
2008-10-03,5.921414375305176,6.125736713409424,5.799607276916504,5.819253444671631,2.2780606746673584,9086100.0,NI
2008-10-03,39.27000045776367,39.27000045776367,38.90999984741211,39.22000122070313,39.22000122070313,6100.0,NIB
2008-10-03,25.26000022888184,25.6299991607666,23.54999923706055,23.84000015258789,22.59455490112305,730500.0,NICE
2008-10-03,4.545454502105713,4.545454502105713,4.3181819915771475,4.53636360168457,4.203632831573486,5000.0,NICK
2008-10-03,14.579999923706055,15.390000343322756,14.109999656677244,14.369999885559082,5.918591976165772,110400.0,NIE
2008-10-03,9.350000381469727,9.609999656677246,9.350000381469727,9.350000381469727,6.2349114418029785,14200.0,NIM
2008-10-03,1.1677199602127075,1.1677199602127075,0.875789999961853,0.875789999961853,0.875789999961853,0.0,NIU
2008-10-03,18.5049991607666,18.809999465942386,17.905000686645508,17.940000534057614,9.69516658782959,563600.0,NJR
2008-10-03,16.09749984741211,16.5,15.8125,15.8125,10.54171371459961,16807600.0,NKE
2008-10-03,10.970000267028807,11.039999961853027,10.800000190734863,10.800000190734863,6.254914283752441,9600.0,NKG
2008-10-03,19.25,20.0,19.200000762939453,19.200000762939453,13.03823184967041,6300.0,NKSH
2008-10-03,3.5999999046325684,3.670000076293945,3.4500000476837163,3.4600000381469727,3.4600000381469727,701100.0,NKTR
2008-10-03,11.829999923706055,12.0,11.760000228881836,11.800000190734865,6.0987610816955575,6800.0,NKX
2008-10-03,11.119999885559082,11.25,10.359999656677246,10.380000114440918,7.93064546585083,58500.0,NL
2008-10-03,4.309999942779541,4.400000095367432,3.910000085830689,4.019999980926514,4.019999980926514,239000.0,NLS
2008-10-03,13.75,14.149999618530273,13.119999885559082,13.119999885559082,3.1404359340667725,7922300.0,NLY
2008-10-03,44.29999923706055,47.0,43.0,45.4000015258789,31.22011756896973,159800.0,NM
2008-10-03,9.699999809265137,9.899999618530273,9.699999809265137,9.859999656677246,5.7110042572021475,11300.0,NMI
2008-10-03,108.4499969482422,109.1999969482422,99.4499969482422,104.8499984741211,91.14148712158205,6900.0,NMM
2008-10-03,12.739999771118164,14.350000381469727,12.529999732971193,12.899999618530273,9.599135398864746,229500.0,NMR
2008-10-03,11.699999809265135,11.699999809265135,11.59000015258789,11.59000015258789,6.478611469268799,6000.0,NMT
2008-10-03,10.329999923706056,10.609999656677246,10.329999923706056,10.550000190734863,5.856537342071532,10600.0,NMY
2008-10-03,11.800000190734865,12.0,11.600000381469727,11.850000381469727,5.289276123046875,60200.0,NMZ
2008-10-03,130.05000305175778,130.05000305175778,128.25,128.25,98.40184783935548,27000.0,NNA
2008-10-03,12.399999618530273,12.800000190734865,12.0,12.0,10.6930570602417,98200.0,NNBR
2008-10-03,12.789999961853027,14.199999809265135,12.520000457763672,12.579999923706055,10.98214340209961,165000.0,NNI
2008-10-03,23.09000015258789,23.10000038146973,21.38999938964844,21.43000030517578,11.674264907836914,1107400.0,NNN
2008-10-03,54.599998474121094,63.0,51.79999923706055,52.5,52.5,1000.0,NNVC
2008-10-03,8.899999618530273,9.0,8.899999618530273,8.970000267028809,5.482580184936523,11000.0,NNY
2008-10-03,9.079999923706056,9.609999656677246,8.399999618530272,8.510000228881836,7.365739345550537,184600.0,NOA
2008-10-03,50.514686584472656,52.46624374389648,50.34302139282226,51.27362442016602,38.48417663574219,3915600.0,NOC
2008-10-03,6.510000228881836,7.260000228881836,6.360000133514403,6.4000000953674325,6.4000000953674325,312900.0,NOG
2008-10-03,17.8700008392334,18.459999084472656,17.75,17.75,11.918730735778807,26215700.0,NOK
2008-10-03,12.40999984741211,12.40999984741211,12.40999984741211,12.40999984741211,7.28888988494873,600.0,NOM
2008-10-03,38.034263610839844,40.3426513671875,36.38412857055664,37.19567108154297,32.047657012939446,10469800.0,NOV
2008-10-03,8.579999923706055,9.420000076293944,8.579999923706055,9.329999923706056,9.329999923706056,38700.0,NOVT
2008-10-03,19.21999931335449,19.6200008392334,17.030000686645508,17.069999694824222,12.985886573791506,95000.0,NP
2008-10-03,0.045000001788139336,0.045000001788139336,0.045000001788139336,0.045000001788139336,0.045000001788139336,0.0,NPA
2008-10-03,76.75,77.23999786376953,71.91999816894531,71.91999816894531,32.912364959716804,20400.0,NPK
2008-10-03,34.72999954223633,35.810001373291016,33.330001831054695,33.330001831054695,30.895795822143555,301100.0,NPO
2008-10-03,12.449999809265135,12.489999771118164,12.220000267028807,12.4399995803833,7.045233726501465,2700.0,NPV
2008-10-03,10.220000267028807,10.300000190734863,10.220000267028807,10.25,5.234911918640137,13900.0,NQP
2008-10-03,6.449999809265138,6.789999961853027,6.130000114440918,6.190000057220459,6.190000057220459,639600.0,NR
2008-10-03,22.21999931335449,23.51000022888184,21.299999237060547,21.780000686645508,19.403512954711914,5879900.0,NRG
2008-10-03,16.059999465942386,16.389999389648438,15.970000267028807,15.970000267028807,11.432119369506836,4600.0,NRIM
2008-10-03,12.130000114440918,12.130000114440918,11.800000190734865,11.800000190734865,6.4475178718566895,3100.0,NRK
2008-10-03,6.730000019073486,7.059999942779541,6.519999980926514,6.559999942779541,2.147135019302368,430500.0,NRO
2008-10-03,230.1000061035156,247.3999938964844,217.5,222.6000061035156,158.09136962890625,25900.0,NRP
2008-10-03,27.399999618530273,27.5,27.0,27.190000534057614,9.434131622314453,17600.0,NRT
2008-10-03,43.400001525878906,44.40999984741211,42.0099983215332,42.15999984741211,15.529748916625975,127200.0,NS
2008-10-03,56.88000106811523,60.58000183105469,55.02000045776367,56.16999816894531,42.12317276000977,6344800.0,NSC
2008-10-03,14.0,14.0,13.789999961853027,13.789999961853027,9.927619934082033,300.0,NSEC
2008-10-03,12.970000267028807,13.15999984741211,12.550000190734865,12.75,12.75,478600.0,NSIT
2008-10-03,4.800000190734863,4.929999828338623,4.699999809265137,4.809999942779541,2.044466495513916,41100.0,NSL
2008-10-03,12.670000076293945,12.760000228881836,12.34000015258789,12.350000381469727,7.645480632781982,676600.0,NSP
2008-10-03,2.859999895095825,2.859999895095825,2.400000095367432,2.4200000762939453,2.4200000762939453,11300.0,NSSC
2008-10-03,5.289999961853027,5.980000019073486,5.25,5.980000019073486,5.980000019073486,2800.0,NSYS
2008-10-03,17.219999313354492,17.309999465942386,15.9399995803833,16.040000915527347,13.882723808288574,8886600.0,NTAP
2008-10-03,9.479999542236328,9.920000076293944,8.880000114440918,8.890000343322754,8.890000343322754,148200.0,NTCT
2008-10-03,20.61000061035156,21.3700008392334,19.899999618530273,20.0,17.259599685668945,1012200.0,NTES
2008-10-03,8.740694999694824,8.839950561523438,8.31885814666748,8.331265449523926,8.331265449523926,720800.0,NTGR
2008-10-03,5.03000020980835,5.269999980926514,5.03000020980835,5.25,4.9112515449523935,4400.0,NTIC
2008-10-03,0.6499999761581421,0.7900000214576721,0.6499999761581421,0.7900000214576721,0.6557857394218445,11600.0,NTIP
2008-10-03,12.0,12.0,10.5,11.0,11.0,600.0,NTN
2008-10-03,7.869999885559082,8.119999885559082,7.78000020980835,7.78000020980835,5.74080753326416,203200.0,NTP
2008-10-03,66.48999786376953,70.77999877929688,64.02999877929689,64.02999877929689,49.20762634277344,2077700.0,NTRS
2008-10-03,21.700000762939453,21.81999969482422,20.729999542236328,20.76000022888184,20.76000022888184,374700.0,NTUS
2008-10-03,18.5,19.100000381469727,17.600000381469727,18.100000381469727,18.100000381469727,17100.0,NTWK
2008-10-03,16.200000762939453,17.950000762939453,16.0,17.149999618530273,17.149999618530273,5700.0,NTZ
2008-10-03,11.203463554382324,11.939393997192385,11.021644592285156,11.064934730529783,11.064934730529783,4985700.0,NUAN
2008-10-03,34.900001525878906,37.75,34.549999237060554,34.75,24.125446319580078,11281600.0,NUE
2008-10-03,10.649999618530273,10.720000267028807,10.649999618530273,10.670000076293944,5.618413925170898,9600.0,NUM
2008-10-03,11.960000038146973,12.079999923706055,11.960000038146973,12.010000228881836,6.530233860015869,7800.0,NUO
2008-10-03,9792.0,9907.2001953125,8179.2001953125,8179.2001953125,8179.2001953125,0.0,NURO
2008-10-03,15.75,15.93000030517578,14.979999542236328,15.039999961853027,11.18005084991455,322000.0,NUS
2008-10-03,9.210000038146973,9.289999961853027,9.109999656677246,9.109999656677246,5.44403600692749,257400.0,NUV
2008-10-03,50.1500015258789,50.1500015258789,47.459999084472656,47.58000183105469,47.58000183105469,321200.0,NUVA
2008-10-03,50.4000015258789,52.79999923706055,48.0,48.0,48.0,15300.0,NVAX
2008-10-03,400.0,400.0,400.0,400.0,400.0,0.0,NVCN
2008-10-03,9.479999542236328,9.75,8.970000267028809,9.029999732971193,8.31102466583252,22895700.0,NVDA
2008-10-03,26.059999465942386,27.11000061035156,25.01000022888184,25.01000022888184,18.3256893157959,35000.0,NVEC
2008-10-03,11.199999809265137,11.270000457763672,11.029999732971193,11.140000343322754,5.7232704162597665,54000.0,NVG
2008-10-03,37.25,37.25,37.25,37.25,37.25,0.0,NVGS
2008-10-03,1.2699999809265137,1.2699999809265137,1.2000000476837158,1.2000000476837158,1.2000000476837158,3400.0,NVMI
2008-10-03,10.38599967956543,10.784000396728516,10.38599967956543,10.458000183105467,5.925260066986084,1150000.0,NVO
2008-10-03,585.0,598.9199829101562,557.010009765625,574.5499877929688,574.5499877929688,96700.0,NVR
2008-10-03,47.1236572265625,48.709678649902344,46.85483932495117,48.00179290771485,29.542240142822266,2408600.0,NVS
2008-10-03,12.355555534362793,12.866666793823242,12.008889198303224,12.222222328186035,7.051755905151367,132300.0,NWBI
2008-10-03,25.13999938964844,25.13999938964844,24.26000022888184,24.56999969482422,15.374855041503904,297900.0,NWE
2008-10-03,17.42424201965332,17.42424201965332,17.42424201965332,17.42424201965332,9.064266204833984,1300.0,NWFL
2008-10-03,16.959999084472653,17.59000015258789,16.209999084472653,16.229999542236328,11.90760326385498,4075300.0,NWL
2008-10-03,248.0,275.0,248.0,275.0,268.84201049804693,5100.0,NWLI
2008-10-03,52.7599983215332,53.709999084472656,51.22999954223633,51.27999877929688,33.78549194335937,127000.0,NWN
2008-10-03,41.040000915527344,42.790000915527344,37.099998474121094,38.400001525878906,38.400001525878906,303100.0,NWPX
2008-10-03,15.029999732971193,15.609999656677244,14.529999732971193,14.579999923706055,12.873238563537598,174400.0,NX
2008-10-03,13.3100004196167,13.989999771118164,13.3100004196167,13.989999771118164,8.090219497680664,59100.0,NXC
2008-10-03,20.700000762939453,20.700000762939453,18.84499931335449,18.915000915527344,15.098505020141602,581800.0,NXGN
2008-10-03,10.600000381469727,10.880000114440918,10.550000190734863,10.619999885559082,5.540226459503174,16300.0,NXJ
2008-10-03,12.420000076293945,12.420000076293945,12.380000114440918,12.40999984741211,7.602768421173097,1600.0,NXN
2008-10-03,13.449999809265135,13.579999923706055,13.4399995803833,13.470000267028807,8.120985984802246,14300.0,NXP
2008-10-03,13.350000381469727,13.380000114440918,13.06999969482422,13.100000381469727,7.95149040222168,20300.0,NXQ
2008-10-03,13.369999885559082,13.5,13.25,13.279999732971193,8.202129364013674,17000.0,NXR
2008-10-03,1.7200000286102295,2.4600000381469727,1.5099999904632568,1.7300000190734863,1.5191210508346558,37200.0,NXST
2008-10-03,17.010000228881836,18.049999237060547,15.649999618530273,15.649999618530273,7.535737991333008,2397500.0,NYCB
2008-10-03,3.390000104904175,3.390000104904175,3.009999990463257,3.359999895095825,0.6236855387687683,400.0,NYMT
2008-10-03,5.210000038146973,5.480000019073486,5.210000038146973,5.369999885559082,5.369999885559082,19100.0,NYMX
2008-10-03,14.029999732971193,14.739999771118164,13.15999984741211,13.220000267028807,12.287680625915527,1450500.0,NYT
2008-10-03,11.5,11.510000228881836,11.350000381469727,11.350000381469727,5.609752178192139,41900.0,NZF
2008-10-03,25.09000015258789,25.86000061035156,23.93000030517578,23.93000030517578,13.43891716003418,1192600.0,O
2008-10-03,6.75,6.75,6.5,6.699999809265138,6.699999809265138,100.0,OBAS
2008-10-03,0.9200000166893004,0.9800000190734864,0.8600000143051147,0.8999999761581421,0.8268514275550842,11800.0,OBCI
2008-10-03,22.899999618530273,23.65999984741211,21.489999771118164,21.700000762939453,19.743846893310547,902300.0,OC
2008-10-03,4.2899999618530265,4.5900001525878915,4.2899999618530265,4.349999904632568,3.982265949249268,7600.0,OCC
2008-10-03,17.559999465942386,18.100000381469727,15.619999885559082,15.859999656677244,10.68666172027588,33600.0,OCFC
2008-10-03,4.867469787597656,4.879518032073975,4.789156436920166,4.819277286529541,4.819277286529541,268000.0,OCN
2008-10-03,8.5,8.739999771118164,7.9000000953674325,7.9000000953674325,2.295032262802124,90500.0,OCSL
2008-10-03,15.850000381469727,15.970000267028807,15.380000114440918,15.93000030517578,11.348621368408205,10500.0,ODC
2008-10-03,7.146666526794434,7.392592430114746,6.894814968109131,6.9244446754455575,6.823917865753174,2475900.0,ODFL
2008-10-03,5.489999771118164,5.559999942779541,4.739999771118164,4.8400001525878915,4.220452308654785,6626000.0,ODP
2008-10-03,4.449999809265137,5.0,4.400000095367432,4.420000076293945,4.420000076293945,58900.0,OESX
2008-10-03,36.29999923706055,36.959999084472656,32.779998779296875,32.779998779296875,19.653573989868164,802900.0,OFC
2008-10-03,18.770000457763672,18.770000457763672,17.100000381469727,17.120000839233402,13.216500282287598,111900.0,OFG
2008-10-03,19.15999984741211,20.030000686645508,18.709999084472656,19.09000015258789,19.09000015258789,150200.0,OFIX
2008-10-03,18.96999931335449,18.96999931335449,18.96999931335449,18.96999931335449,13.243003845214846,600.0,OFLX
2008-10-03,15.43000030517578,15.520000457763672,14.875,14.994999885559082,8.212070465087889,868800.0,OGE
2008-10-03,140.0,176.0,110.0,130.0,130.0,200.0,OGEN
2008-10-03,390.6310119628906,426.14300537109375,384.7130126953125,384.7130126953125,384.7130126953125,514.0,OGI
2008-10-03,18.670000076293945,19.0,17.75,17.75,7.708839416503906,687100.0,OHI
2008-10-03,26.040000915527344,27.70000076293945,25.239999771118164,25.51000022888184,25.00200462341309,2169400.0,OI
2008-10-03,6.21999979019165,6.309999942779541,5.949999809265138,5.960000038146973,2.990567922592163,38500.0,OIA
2008-10-03,21.28499984741211,22.375,20.40999984741211,20.5,18.121633529663086,4165600.0,OII
2008-10-03,3.380000114440918,3.4300000667572017,3.0999999046325684,3.0999999046325684,3.0999999046325684,423600.0,OIIM
2008-10-03,16.94285774230957,18.125713348388672,16.428571701049805,16.70857048034668,16.70857048034668,1997100.0,OIS
2008-10-03,14.397653579711914,15.312554359436035,14.257573127746582,14.625284194946287,7.091409206390381,3593300.0,OKE
2008-10-03,11.539999961853027,11.899999618530273,10.829999923706056,10.84000015258789,10.769485473632812,260500.0,OLED
2008-10-03,17.34000015258789,18.21999931335449,16.809999465942386,16.930000305175778,10.983241081237793,1257300.0,OLN
2008-10-03,16.530000686645508,17.780000686645508,15.649999618530273,16.360000610351562,6.44281005859375,46100.0,OLP
2008-10-03,10.920000076293944,11.470000267028807,10.800000190734863,11.100000381469727,6.33268404006958,51800.0,OMAB
2008-10-03,37.34000015258789,37.86000061035156,35.880001068115234,35.959999084472656,26.46651840209961,2481100.0,OMC
2008-10-03,13.010000228881836,13.239999771118164,12.529999732971193,12.5600004196167,12.5600004196167,373800.0,OMCL
2008-10-03,52.56000137329102,53.040000915527344,48.72000122070313,48.72000122070313,48.72000122070313,7600.0,OMEX
2008-10-03,31.30666732788086,31.57999992370605,30.34000015258789,30.34000015258789,21.556720733642575,636000.0,OMI
2008-10-03,5.730000019073486,6.039999961853027,5.429999828338623,5.480000019073486,5.480000019073486,15233100.0,ON
2008-10-03,19.989999771118164,20.190000534057614,17.8799991607666,17.889999389648438,12.443126678466795,682900.0,ONB
2008-10-03,1279.5999755859375,1357.300048828125,1279.5999755859375,1304.800048828125,1304.800048828125,2000.0,ONCT
2008-10-03,13.395000457763672,13.774999618530273,11.970000267028807,13.204999923706055,13.204999923706055,6200.0,ONCY
2008-10-03,3.25,3.25,3.25,3.25,3.160408496856689,0.0,OPBK
2008-10-03,12.199999809265135,13.119999885559082,12.039999961853027,12.880000114440918,12.880000114440918,25100.0,OPCH
2008-10-03,883.8095092773438,883.8095092773438,883.8095092773438,883.8095092773438,883.8095092773438,0.0,OPHC
2008-10-03,1.5800000429153442,1.75,1.4500000476837158,1.4500000476837158,1.4500000476837158,221800.0,OPK
2008-10-03,18.549999237060547,18.549999237060547,18.549999237060547,18.549999237060547,14.78652286529541,0.0,OPOF
2008-10-03,12.510000228881836,12.510000228881836,12.510000228881836,12.510000228881836,12.510000228881836,100.0,OPRX
2008-10-03,1574.0,1632.0,1502.0,1600.0,1600.0,400.0,OPTT
2008-10-03,24.690000534057614,24.690000534057614,22.51000022888184,22.75,17.682470321655273,71100.0,OPY
2008-10-03,33.150001525878906,34.130001068115234,31.21999931335449,31.399999618530273,28.85820388793945,369500.0,ORA
2008-10-03,27.940000534057614,28.440000534057614,27.53000068664551,27.78000068664551,13.705209732055664,828000.0,ORAN
2008-10-03,4.2199997901916495,4.2899999618530265,3.900000095367432,3.9600000381469727,3.9600000381469727,455500.0,ORBC
2008-10-03,19.670000076293945,20.540000915527344,19.479999542236328,19.479999542236328,16.961240768432614,53659800.0,ORCL
2008-10-03,11.140000343322754,11.170000076293944,10.4399995803833,10.4399995803833,5.263479709625244,1883200.0,ORI
2008-10-03,26.60000038146973,26.95000076293945,25.71999931335449,25.85000038146973,25.85000038146973,2347400.0,ORLY
2008-10-03,7.320000171661378,7.320000171661378,7.079999923706055,7.079999923706055,7.079999923706055,1000.0,ORMP
2008-10-03,8.710000038146973,8.84000015258789,7.860000133514403,8.020000457763674,8.020000457763674,214300.0,ORN
2008-10-03,30.0,30.0,30.0,30.0,24.22882652282715,2000.0,ORRF
2008-10-03,20.549999237060547,20.88999938964844,19.559999465942386,20.049999237060547,19.122703552246094,72000.0,OSBC
2008-10-03,22.43000030517578,22.76000022888184,22.0,22.149999618530273,22.149999618530273,65400.0,OSIS
2008-10-03,11.579999923706055,11.75,10.479999542236328,10.529999732971193,9.333593368530273,1912000.0,OSK
2008-10-03,9.31999969482422,9.43000030517578,8.609999656677246,8.659999847412111,8.659999847412111,623200.0,OSPN
2008-10-03,18.65999984741211,19.239999771118164,16.950000762939453,16.950000762939453,16.950000762939453,175200.0,OSTK
2008-10-03,4.550000190734863,4.739999771118164,4.269999980926514,4.269999980926514,4.269999980926514,212500.0,OSUR
2008-10-03,0.05400000140070915,0.05400000140070915,0.05400000140070915,0.05400000140070915,0.05387173593044281,0.0,OSW
2008-10-03,13.380000114440918,13.40999984741211,12.600000381469727,12.890000343322756,8.20037841796875,25100.0,OTEL
2008-10-03,8.337499618530272,8.715000152587889,7.7750000953674325,7.945000171661378,7.0591912269592285,4989200.0,OTEX
2008-10-03,30.29999923706055,30.5,28.28000068664551,28.56999969482422,17.385820388793945,415600.0,OTTR
2008-10-03,8.389262199401855,8.389262199401855,8.389262199401855,8.389262199401855,7.05850887298584,1100.0,OTTW
2008-10-03,21.200000762939453,21.200000762939453,21.200000762939453,21.200000762939453,13.98962116241455,0.0,OVBC
2008-10-03,6.25,6.300000190734862,6.25,6.300000190734862,5.52317476272583,1500.0,OVLY
2008-10-03,278.89999389648443,293.3500061035156,272.29998779296875,273.70001220703125,133.07020568847656,1196100.0,OVV
2008-10-03,24.920000076293945,25.229999542236328,22.65999984741211,22.690000534057614,18.16636276245117,154200.0,OXM
2008-10-03,4.110000133514403,4.989999771118164,4.110000133514403,4.480000019073486,0.9490207433700562,78200.0,OXSQ
2008-10-03,60.19499969482422,63.85479354858398,58.46090698242188,58.94952011108398,38.58945846557617,9518500.0,OXY
2008-10-03,7.122499942779541,7.5,6.875,6.985000133514403,5.654672145843506,260000.0,OZK
2008-10-03,19.40999984741211,20.170000076293945,18.5,18.524999618530273,6.58899450302124,726200.0,PAA
2008-10-03,18.649999618530273,19.75,18.21999931335449,18.530000686645508,15.639543533325195,2617400.0,PAAS
2008-10-03,24.5,24.5,22.96999931335449,23.06999969482422,12.465087890625,262600.0,PAC
2008-10-03,30.11000061035156,31.149999618530273,29.6299991607666,30.0,19.74436378479004,699100.0,PACW
2008-10-03,0.3301500082015991,0.3352299928665161,0.3250699937343597,0.3250699937343597,0.3250699937343597,5068664.0,PAE
2008-10-03,10.229999542236328,10.270000457763672,9.75,9.829999923706056,7.82181453704834,1178500.0,PAG
2008-10-03,11.149999618530273,11.15999984741211,11.010000228881836,11.029999732971193,5.855531215667725,11800.0,PAI
2008-10-03,6.96999979019165,7.320000171661378,6.96999979019165,7.239999771118164,7.239999771118164,7800.0,PAR
2008-10-03,2.457777738571167,2.4844443798065186,2.422222137451172,2.422222137451172,2.3987162113189697,2700.0,PATK
2008-10-03,0.07999999821186066,0.07999999821186066,0.07999999821186066,0.07999999821186066,0.07999999821186066,0.0,PAYS
2008-10-03,31.93000030517578,32.790000915527344,31.020000457763672,31.03000068664551,20.369497299194336,5446100.0,PAYX
2008-10-03,36.0,36.97999954223633,33.25,33.25,26.397144317626953,277100.0,PB
2008-10-03,5.924369812011719,5.924369812011719,5.924369812011719,5.924369812011719,5.048318386077881,0.0,PBBI
2008-10-03,25.0,33.0,25.0,25.0,23.318952560424805,0.0,PBC
2008-10-03,19.0,19.729999542236328,18.25,18.25,11.078030586242676,2550400.0,PBCT
2008-10-03,8.699999809265138,9.06999969482422,8.619999885559082,8.659999847412111,8.659999847412111,172400.0,PBH
2008-10-03,5.03946590423584,5.03946590423584,5.03946590423584,5.03946590423584,4.170733451843262,100.0,PBHC
2008-10-03,32.889999389648445,33.290000915527344,32.0,32.0,16.236148834228516,1775100.0,PBI
2008-10-03,10.540254592895508,10.593220710754396,10.540254592895508,10.593220710754396,8.923017501831055,34400.0,PBIP
2008-10-03,39.11999893188477,41.560001373291016,36.599998474121094,36.72000122070313,31.007095336914066,28851200.0,PBR
2008-10-03,23.0,23.88999938964844,22.54999923706055,22.78000068664551,10.153940200805664,1215000.0,PBT
2008-10-03,33.93000030517578,34.740001678466804,32.47999954223633,32.549999237060554,22.359886169433594,5349700.0,PCAR
2008-10-03,5.769999980926514,5.8400001525878915,5.760000228881836,5.769999980926514,2.9149706363677983,20900.0,PCF
2008-10-03,38.95000076293945,39.36999893188477,37.41999816894531,37.65999984741211,26.574893951416016,3570600.0,PCG
2008-10-03,38.95791244506836,39.97569274902344,37.00787734985352,37.00787734985352,20.231788635253906,577700.0,PCH
2008-10-03,11.670000076293945,11.760000228881836,10.850000381469727,10.869999885559082,4.870457649230957,71400.0,PCK
2008-10-03,8.449999809265138,8.5,7.5999999046325675,7.6500000953674325,2.157529592514038,36700.0,PCM
2008-10-03,9.90999984741211,10.699999809265137,9.869999885559082,10.100000381469727,3.0215601921081543,202400.0,PCN
2008-10-03,14.25,14.31999969482422,13.350000381469727,13.4399995803833,6.5124268531799325,93200.0,PCQ
2008-10-03,9.170000076293944,9.170000076293944,8.729999542236326,8.779999732971191,6.858613014221191,99100.0,PCTI
2008-10-03,2.200000047683716,2.200000047683716,2.200000047683716,2.200000047683716,2.200000047683716,2200.0,PCYG
2008-10-03,5.602000236511231,5.699999809265138,5.170000076293945,5.699999809265138,5.699999809265138,2200.0,PCYO
2008-10-03,38.97999954223633,40.93999862670898,38.0,39.0,39.0,316400.0,PDCE
2008-10-03,29.459999084472656,29.81999969482422,28.51000022888184,28.8700008392334,22.47830390930176,1627100.0,PDCO
2008-10-03,2.490000009536743,2.490000009536743,2.490000009536743,2.490000009536743,2.490000009536743,0.0,PDEX
2008-10-03,5.139999866485597,5.690000057220459,4.869999885559082,5.130000114440918,5.130000114440918,16800.0,PDFS
2008-10-03,8.920000076293945,9.25,8.760000228881836,8.8100004196167,2.3281683921813965,2700300.0,PDLI
2008-10-03,13.850000381469727,14.720000267028807,13.279999732971193,13.390000343322756,11.546067237854006,1375200.0,PDS
2008-10-03,6.800000190734862,6.920000076293945,6.789999961853027,6.860000133514403,2.583071708679199,170400.0,PDT
2008-10-03,35.40983581542969,35.81967163085937,32.194900512695305,32.44079971313477,16.55429458618164,3680900.0,PEAK
2008-10-03,10.0,10.909090995788574,10.0,10.909090995788574,8.552742004394531,29800.0,PEBK
2008-10-03,19.590909957885746,20.590909957885746,19.090909957885746,19.418182373046875,13.52798080444336,10300.0,PEBO
2008-10-03,1008.0,1008.0,705.5999755859375,907.2000122070312,907.2000122070312,0.0,PED
2008-10-03,33.18000030517578,33.720001220703125,32.400001525878906,32.56999969482422,20.55390167236328,3063200.0,PEG
2008-10-03,6.1599998474121085,6.21999979019165,5.619999885559082,5.635000228881836,5.393494606018066,116800.0,PEGA
2008-10-03,17.670000076293945,19.86000061035156,14.899999618530273,15.109999656677244,5.902652263641357,1161100.0,PEI
2008-10-03,145.9499969482422,151.1999969482422,134.39999389648438,134.39999389648438,134.39999389648438,6100.0,PEIX
2008-10-03,4.865476131439209,4.915215969085693,4.4313812255859375,4.528600692749023,4.212498188018799,20131200.0,PENN
2008-10-03,27.1200008392334,28.13999938964844,26.239999771118164,26.5,12.380062103271484,34200.0,PEO
2008-10-03,71.56999969482422,71.5999984741211,68.66000366210939,69.0,48.65933227539063,10360800.0,PEP
2008-10-03,10.199999809265137,10.800000190734863,10.199999809265137,10.739999771118164,7.595672607421875,6300.0,PERI
2008-10-03,10.25,10.25,9.350000381469727,10.199999809265137,10.199999809265137,1000.0,PESI
2008-10-03,14.5600004196167,15.140000343322756,14.25,14.300000190734865,9.308802604675293,184000.0,PETS
2008-10-03,55.5,56.79999923706055,55.5,56.5,49.87581634521485,13800.0,PFBC
2008-10-03,7.296546459197997,7.296546459197997,7.296546459197997,7.296546459197997,4.520771503448486,0.0,PFBI
2008-10-03,4.880000114440918,5.25,4.769999980926514,4.769999980926514,1.8888460397720337,162100.0,PFD
2008-10-03,18.93000030517578,19.38999938964844,18.82999992370605,19.0,12.138277053833008,77597400.0,PFE
2008-10-03,32.220001220703125,34.86999893188477,30.51000022888184,32.509998321533196,22.846946716308594,3117100.0,PFG
2008-10-03,17.459999084472653,18.239999771118164,17.459999084472653,17.770000457763672,4.893952369689941,8700.0,PFH
2008-10-03,2.25,2.25,2.25,2.25,1.9395201206207275,300.0,PFIN
2008-10-03,24.0,24.0,24.0,24.0,16.702337265014652,0.0,PFIS
2008-10-03,10.550000190734863,10.8100004196167,10.279999732971193,10.279999732971193,2.8877546787261963,59300.0,PFL
2008-10-03,10.399999618530273,10.399999618530273,9.510000228881836,9.640000343322754,2.820137023925781,120700.0,PFN
2008-10-03,4.300000190734863,4.610000133514403,4.300000190734863,4.389999866485597,1.705026626586914,33300.0,PFO
2008-10-03,16.0,16.420000076293945,14.220000267028807,14.220000267028807,9.452872276306152,530200.0,PFS
2008-10-03,2.259999990463257,2.400000095367432,2.200000047683716,2.259999990463257,2.259999990463257,11600.0,PFSW
2008-10-03,71.0199966430664,71.80000305175781,70.06999969482422,71.0199966430664,49.63871383666992,22923700.0,PG
2008-10-03,32.13333511352539,32.28571319580078,30.952381134033203,31.428571701049805,27.418804168701172,7500.0,PGC
2008-10-03,23.489999771118164,24.54999923706055,23.489999771118164,24.10000038146973,24.10000038146973,5900.0,PGM
2008-10-03,13.529999732971193,13.699999809265135,12.760000228881836,12.850000381469727,12.850000381469727,534900.0,PGNX
2008-10-03,15.5,15.5,14.699999809265135,14.699999809265135,3.23732590675354,31600.0,PGP
2008-10-03,17.0,17.25,16.209999084472653,16.680000305175778,12.168726921081545,4157000.0,PGR
2008-10-03,2.809999942779541,2.809999942779541,2.5999999046325684,2.5999999046325684,2.5999999046325684,49500.0,PGTI
2008-10-03,49.84000015258789,51.43999862670898,47.2599983215332,47.34000015258789,38.05345153808594,2446700.0,PH
2008-10-03,10.489999771118164,10.5,10.25,10.279999732971193,4.299015998840332,55500.0,PHD
2008-10-03,26.01000022888184,27.420000076293945,26.0,26.10000038146973,17.90863800048828,1058900.0,PHG
2008-10-03,57.27000045776367,57.81000137329102,56.0,56.22999954223633,30.42818832397461,263400.0,PHI
2008-10-03,8.720000267028809,8.800000190734863,8.0,8.010000228881836,1.8903446197509768,534400.0,PHK
2008-10-03,14.470000267028807,14.960000038146973,12.81999969482422,13.109999656677244,11.816183090209961,10960200.0,PHM
2008-10-03,10.850000381469727,11.239999771118164,10.31999969482422,10.59000015258789,3.178806066513061,92900.0,PHT
2008-10-03,12.199999809265135,12.30500030517578,11.010000228881836,11.119999885559082,9.279040336608887,64200.0,PHX
2008-10-03,31.709999084472656,34.580001831054695,30.04999923706055,33.470001220703125,24.146881103515625,169500.0,PICO
2008-10-03,22.01499938964844,22.07999992370605,19.584999084472656,19.815000534057614,13.411905288696287,1964400.0,PII
2008-10-03,4.96999979019165,5.019999980926514,4.920000076293945,4.949999809265137,1.9014129638671875,213400.0,PIM
2008-10-03,16.040000915527347,17.100000381469727,16.040000915527347,17.100000381469727,5.1366610527038565,5500.0,PIY
2008-10-03,0.2199999988079071,0.2199999988079071,0.2199999988079071,0.2199999988079071,0.2148570418357849,0.0,PJT
2008-10-03,5.569664478302002,5.880125045776367,5.0170440673828125,5.0170440673828125,4.406700611114502,7900.0,PKBK
2008-10-03,22.54999923706055,23.040000915527344,21.420000076293945,21.420000076293945,8.673977851867676,107300.0,PKE
2008-10-03,22.5,23.35000038146973,22.01000022888184,22.049999237060547,15.448431968688965,1073300.0,PKG
2008-10-03,23.85000038146973,24.60000038146973,23.71999931335449,23.90999984741211,21.74018669128418,1033500.0,PKI
2008-10-03,19.489999771118164,19.57999992370605,19.07999992370605,19.07999992370605,5.4544677734375,26100.0,PKO
2008-10-03,17.030000686645508,17.030000686645508,16.239999771118164,16.5,15.230048179626465,21900.0,PKOH
2008-10-03,80.27999877929688,84.9800033569336,80.19999694824219,80.72000122070312,58.75551223754883,884600.0,PKX
2008-10-03,1.8799999952316284,2.0699999332427983,1.7899999618530271,1.919999957084656,1.919999957084656,393700.0,PLAB
2008-10-03,10.010000228881836,10.800000190734863,10.010000228881836,10.770000457763672,10.112024307250977,2300.0,PLBC
2008-10-03,32.0,33.40999984741211,31.07999992370605,31.420000076293945,28.65808296203613,639100.0,PLCE
2008-10-03,39.900001525878906,40.43000030517578,37.09000015258789,37.560001373291016,25.223249435424805,1427100.0,PLD
2008-10-03,135.0,140.0,124.0,135.0,135.0,300.0,PLG
2008-10-03,1.9493006467819212,1.9493006467819212,1.8881118297576904,1.8881118297576904,1.8881118297576904,181300.0,PLM
2008-10-03,56.0,56.0,55.13000106811523,55.599998474121094,46.29220581054688,2600.0,PLPC
2008-10-03,21.420000076293945,22.440000534057614,20.809999465942386,20.82999992370605,18.21420669555664,472000.0,PLT
2008-10-03,11.800000190734865,11.800000190734865,10.899999618530273,10.899999618530273,10.899999618530273,67600.0,PLUG
2008-10-03,5.014999866485597,5.224999904632568,4.954999923706055,5.03000020980835,4.734395980834961,2200.0,PLUS
2008-10-03,22.399999618530273,22.5,20.0,20.0,20.0,2200.0,PLX
2008-10-03,19.459999084472656,20.149999618530273,18.479999542236328,18.5,18.5,667900.0,PLXS
2008-10-03,49.9000015258789,51.77999877929688,49.45000076293945,49.66999816894531,28.82673072814941,12181100.0,PM
2008-10-03,6.210000038146973,6.260000228881836,6.210000038146973,6.260000228881836,6.260000228881836,5700.0,PMBC
2008-10-03,14.699999809265135,14.75,14.020000457763672,14.09000015258789,6.994586944580077,5100.0,PMD
2008-10-03,13.5,14.140000343322756,13.279999732971193,13.800000190734865,6.5315003395080575,50500.0,PMF
2008-10-03,11.010000228881836,11.010000228881836,10.18000030517578,10.350000381469727,4.894084930419922,114500.0,PML
2008-10-03,6.380000114440918,6.489999771118164,6.300000190734862,6.300000190734862,3.059807300567627,93300.0,PMM
2008-10-03,10.25,10.25,10.18000030517578,10.18000030517578,5.031893730163574,60000.0,PMO
2008-10-03,11.100000381469727,11.40999984741211,11.0,11.0,4.985011577606201,90500.0,PMX
2008-10-03,119.6999969482422,119.6999969482422,119.6999969482422,119.6999969482422,118.8215560913086,0.0,PNBK
2008-10-03,78.75,80.0,74.1500015258789,74.1500015258789,57.00055313110352,3847700.0,PNC
2008-10-03,10.300000190734863,10.479999542236328,9.8100004196167,9.949999809265137,5.051594257354736,25800.0,PNF
2008-10-03,29.420000076293945,32.0,28.40999984741211,28.540000915527344,26.74128532409668,61700.0,PNFP
2008-10-03,11.229999542236328,11.229999542236328,10.90999984741211,10.90999984741211,5.277857780456543,16700.0,PNI
2008-10-03,9.760000228881836,10.170000076293944,9.5,9.539999961853027,6.653168201446532,1440000.0,PNM
2008-10-03,7.75,7.889999866485597,7.210000038146973,7.210000038146973,1.7871729135513306,79300.0,PNNT
2008-10-03,22.196104049682614,23.02216339111328,21.564807891845703,21.605104446411133,15.38304042816162,1342300.0,PNR
2008-10-03,74.56999969482422,74.56999969482422,74.56999969482422,74.56999969482422,74.56999969482422,0.0,PNRG
2008-10-03,35.56999969482422,35.79999923706055,34.56999969482422,34.669998168945305,21.26833152770996,710100.0,PNW
2008-10-03,13.34000015258789,13.619999885559082,12.760000228881836,12.800000190734865,12.800000190734865,589500.0,PODD
2008-10-03,6.130000114440918,6.389999866485597,5.949999809265138,5.960000038146973,5.174349308013916,697700.0,POL
2008-10-03,22.5,23.170000076293945,21.18000030517578,21.280000686645508,17.54200553894043,893900.0,POOL
2008-10-03,27.920000076293945,28.479999542236328,27.5,27.51000022888184,17.602394104003906,6900.0,POPE
2008-10-03,23.85000038146973,24.54999923706055,23.399999618530273,23.75,15.408034324645994,1164700.0,POR
2008-10-03,22.46999931335449,23.489999771118164,22.46999931335449,22.540000915527344,20.691356658935547,317500.0,POWI
2008-10-03,38.20000076293945,39.25,35.41999816894531,35.43000030517578,29.39133071899414,60600.0,POWL
2008-10-03,5.050000190734863,5.050000190734863,4.5,5.0,4.821855545043945,23400.0,PPBI
2008-10-03,3.1700000762939453,3.2999999523162837,2.9100000858306885,2.9500000476837163,2.229825019836426,3858100.0,PPC
2008-10-03,28.20000076293945,28.739999771118164,27.5,27.55500030517578,18.091766357421875,3110200.0,PPG
2008-10-03,11.039999961853027,11.880000114440918,10.899999618530273,11.010000228881836,11.010000228881836,10300.0,PPIH
2008-10-03,33.91227340698242,34.806419372558594,33.32549285888672,33.437259674072266,18.674457550048828,3338300.0,PPL
2008-10-03,4.25,4.369999885559082,4.25,4.300000190734863,2.0409464836120605,355500.0,PPR
2008-10-03,5.119999885559082,5.119999885559082,4.920000076293945,4.960000038146973,1.9825814962387085,217100.0,PPT
2008-10-03,26.5,27.70000076293945,26.125,26.46999931335449,21.029905319213867,293200.0,PRA
2008-10-03,15.470000267028807,15.470000267028807,14.456666946411133,14.606666564941404,14.606666564941404,363300.0,PRAA
2008-10-03,6.130000114440918,6.130000114440918,5.5,5.5,5.098400592803955,17500.0,PRCP
2008-10-03,6.6599998474121085,6.800000190734862,6.1500000953674325,6.179999828338622,6.179999828338622,232400.0,PRFT
2008-10-03,37.65999984741211,38.38999938964844,37.18999862670898,37.27000045776367,34.463314056396484,696200.0,PRGO
2008-10-03,16.873332977294922,16.893333435058597,15.619999885559082,15.646666526794435,14.811388969421387,686400.0,PRGS
2008-10-03,8.289999961853027,8.630000114440918,8.170000076293945,8.399999618530272,8.399999618530272,177400.0,PRGX
2008-10-03,7.079999923706055,7.079999923706055,6.829999923706055,6.829999923706055,6.045157432556152,10300.0,PRIM
2008-10-03,80.0,80.0,76.0,76.72000122070312,43.44461059570313,50800.0,PRK
2008-10-03,9.100000381469727,9.260000228881836,8.510000228881836,8.529999732971191,8.529999732971191,153200.0,PRO
2008-10-03,8.5,8.5,8.5,8.5,6.590461730957031,400.0,PROV
2008-10-03,5.050000190734863,5.309999942779541,5.050000190734863,5.309999942779541,3.2152719497680664,75300.0,PRPH
2008-10-03,8.770000457763674,8.770000457763674,7.5,7.769999980926514,7.769999980926514,165700.0,PRSC
2008-10-03,3.4800000190734863,3.4800000190734863,3.150000095367432,3.150000095367432,2.541820526123047,5263.0,PRT
2008-10-03,2.0699999332427983,2.1099998950958248,2.039999961853028,2.039999961853028,2.039999961853028,3900.0,PRTS
2008-10-03,62.0,64.37000274658203,55.29999923706055,55.86999893188477,38.72685623168945,6018400.0,PRU
2008-10-03,7.1500000953674325,7.1500000953674325,7.050000190734862,7.0999999046325675,7.0999999046325675,1104000.0,PS
2008-10-03,94.5,95.9800033569336,87.62999725341797,88.0199966430664,59.8286361694336,2151900.0,PSA
2008-10-03,56.20000076293945,56.36999893188477,52.63999938964844,53.0099983215332,37.83703231811523,139300.0,PSB
2008-10-03,12.199999809265135,13.0,11.979999542236328,11.979999542236328,2.939174175262451,153700.0,PSEC
2008-10-03,16.34000015258789,16.700000762939453,15.40999984741211,15.460000038146973,13.2943115234375,146200.0,PSMT
2008-10-03,10.960000038146973,11.279999732971193,10.8100004196167,10.850000381469727,6.74643611907959,473800.0,PSO
2008-10-03,8.0,8.0,6.5,7.199999809265138,7.199999809265138,1400.0,PSTI
2008-10-03,37650.0,38625.0,36450.0,36450.0,36450.0,0.0,PSTV
2008-10-03,17.610000610351562,17.84000015258789,16.170000076293945,16.239999771118164,16.239999771118164,2501800.0,PTC
2008-10-03,33.18000030517578,35.279998779296875,33.18000030517578,33.59999847412109,23.696840286254886,500.0,PTE
2008-10-03,15.960000038146973,17.440000534057614,15.81999969482422,16.0,13.648146629333494,4513200.0,PTEN
2008-10-03,8.449999809265138,8.899999618530273,7.78000020980835,7.869999885559082,1.435394525527954,60600.0,PTMN
2008-10-03,1.7999999523162842,1.7999999523162842,1.399999976158142,1.399999976158142,1.399999976158142,5200.0,PTN
2008-10-03,19.40999984741211,19.950000762939453,19.399999618530273,19.440000534057614,12.05624771118164,107800.0,PTNR
2008-10-03,99.1999969482422,102.86000061035156,95.37999725341795,97.0,67.90568542480469,654000.0,PTR
2008-10-03,10.029999732971193,10.3100004196167,10.029999732971193,10.210000038146973,8.515469551086426,2100.0,PTSI
2008-10-03,22.06999969482422,22.09000015258789,22.06999969482422,22.09000015258789,12.870057106018065,300.0,PTVCA
2008-10-03,23.309999465942386,25.75,23.28000068664551,23.75,13.993633270263672,17000.0,PTVCB
2008-10-03,10.399999618530273,11.0600004196167,10.350000381469727,10.350000381469727,2.740389108657837,233600.0,PTY
2008-10-03,16.979999542236328,18.299999237060547,16.200000762939453,16.450000762939453,9.817201614379883,144400.0,PUK
2008-10-03,35.900001525878906,35.97999954223633,34.06999969482422,34.06999969482422,33.242794036865234,992700.0,PVH
2008-10-03,9.25,9.43000030517578,9.25,9.270000457763672,7.73457670211792,2400.0,PW
2008-10-03,29.0,30.399999618530273,29.0,30.399999618530273,20.42336845397949,300.0,PWOD
2008-10-03,22.959999084472656,24.8700008392334,20.520000457763672,20.959999084472656,20.840801239013672,4935900.0,PWR
2008-10-03,46.13999938964844,49.63000106811523,45.36999893188477,45.68999862670898,44.45564651489258,2705600.0,PXD
2008-10-03,1.149999976158142,1.2899999618530271,1.149999976158142,1.2799999713897705,1.2799999713897705,22300.0,PXLW
2008-10-03,10.470000267028807,10.489999771118164,10.140000343322754,10.140000343322754,4.972489356994629,9300.0,PYN
2008-10-03,12.449999809265135,12.449999809265135,12.449999809265135,12.449999809265135,5.0421977043151855,0.0,PYS
2008-10-03,11.3100004196167,12.5,11.3100004196167,12.5,7.8090596199035645,10500.0,PYT
2008-10-03,40.400001525878906,40.79999923706055,37.70000076293945,38.0,38.0,60400.0,PYX
2008-10-03,10.880000114440918,10.93000030517578,10.15999984741211,10.210000038146973,4.811737060546875,74500.0,PZC
2008-10-03,0.5299999713897705,0.6000000238418579,0.4600000083446503,0.4600000083446503,0.4600000083446503,173600.0,PZG
2008-10-03,9.229999542236328,9.229999542236328,7.929999828338622,8.039999961853027,4.895071506500244,57700.0,PZN
2008-10-03,12.920000076293945,13.020000457763672,12.199999809265135,12.199999809265135,11.14276885986328,427800.0,PZZA
2008-10-03,62.5,63.599998474121094,59.599998474121094,59.70000076293945,45.80635070800781,4500.0,QADB
2008-10-03,17.700000762939453,17.700000762939453,17.219999313354492,17.219999313354492,14.797737121582033,700.0,QBAK
2008-10-03,40.56999969482422,43.2400016784668,40.5,40.86999893188477,30.31217384338379,29484800.0,QCOM
2008-10-03,13.300000190734865,13.300000190734865,13.300000190734865,13.300000190734865,12.345917701721193,1300.0,QCRH
2008-10-03,15.920000076293945,16.030000686645508,14.93000030517578,15.100000381469727,15.100000381469727,304600.0,QDEL
2008-10-03,19.604990005493164,20.446985244750977,19.428274154663086,19.542619705200195,18.797609329223636,683000.0,QGEN
2008-10-03,7.039999961853027,8.399999618530272,6.960000038146973,6.960000038146973,6.960000038146973,118300.0,QMCO
2008-10-03,12.399999618530273,12.600000381469727,11.920000076293945,12.020000457763672,4.546864986419678,74600.0,QQQX
2008-10-03,10.30456829071045,10.313028335571287,9.450084686279297,9.483925819396973,9.483925819396973,7980000.0,QRTEA
2008-10-03,9.703640937805176,9.847586631774902,9.31414031982422,9.458086013793944,9.458086013793944,6300.0,QRTEB
2008-10-03,14.84000015258789,15.260000228881836,14.420000076293945,14.699999809265135,14.699999809265135,5900.0,QUIK
2008-10-03,12.220000267028807,13.260000228881836,11.789999961853027,11.899999618530273,10.78003978729248,51700.0,QUMU
2008-10-03,55.22000122070313,57.45000076293945,53.58000183105469,54.22000122070313,40.14862823486328,798200.0,R
2008-10-03,18.799999237060547,19.600000381469727,16.799999237060547,17.200000762939453,17.200000762939453,226000.0,RAD
2008-10-03,2.859999895095825,2.859999895095825,2.859999895095825,2.859999895095825,2.859999895095825,0.0,RADA
2008-10-03,26.0,26.399999618530273,23.71999931335449,23.8799991607666,21.48770904541016,886700.0,RAIL
2008-10-03,3.75,3.75,3.75,3.75,3.75,1000.0,RAND
2008-10-03,2.619999885559082,2.619999885559082,2.559999942779541,2.559999942779541,2.559999942779541,6800.0,RAVE
2008-10-03,18.354999542236328,18.450000762939453,16.979999542236328,16.989999771118164,12.877423286437988,220600.0,RAVN
2008-10-03,21.799999237060547,21.989999771118164,21.459999084472656,21.780000686645508,16.716028213500973,764800.0,RBA
2008-10-03,13.100000381469727,13.550000190734865,11.100000381469727,11.199999809265137,11.199999809265137,705700.0,RBBN
2008-10-03,39.25,39.86999893188477,36.790000915527344,36.79999923706055,31.5172119140625,258700.0,RBC
2008-10-03,30.040000915527344,30.739999771118164,28.540000915527344,30.01000022888184,21.863794326782227,78400.0,RBCAA
2008-10-03,76.0,84.69999694824219,74.0999984741211,76.5999984741211,76.5999984741211,12900.0,RBCN
2008-10-03,63.599998474121094,72.5999984741211,58.0,66.0,55.182899475097656,259900.0,RBS
2008-10-03,14.909299850463867,14.909299850463867,14.676400184631348,14.676400184631348,14.239346504211426,58916.0,RCB
2008-10-03,3.9500000476837163,4.0900001525878915,3.7000000476837163,3.7000000476837163,3.7000000476837163,12300.0,RCG
2008-10-03,33.220001220703125,34.490001678466804,32.47999954223633,32.5,20.37619972229004,1033300.0,RCI
2008-10-03,21.31999969482422,21.739999771118164,20.43000030517578,20.559999465942386,16.79604721069336,1312900.0,RCII
2008-10-03,3.130000114440918,3.3499999046325684,3.0799999237060547,3.0999999046325684,2.5441932678222656,6600.0,RCKY
2008-10-03,20.11000061035156,20.649999618530273,19.1299991607666,19.1299991607666,15.885151863098145,3755500.0,RCL
2008-10-03,2.200000047683716,2.200000047683716,1.9099999666213991,1.9600000381469729,0.684929609298706,26300.0,RCMT
2008-10-03,0.13152000308036804,0.13152000308036804,0.13152000308036804,0.13152000308036804,0.11763601750135423,183096.0,RCP
2008-10-03,9.5600004196167,10.050000190734863,9.5600004196167,9.649999618530273,2.7239761352539062,77500.0,RCS
2008-10-03,1.0800000429153442,1.5199999809265137,1.0499999523162842,1.5199999809265137,1.5199999809265137,9400.0,RDCM
2008-10-03,6.75,6.75,6.539999961853027,6.550000190734862,6.550000190734862,7800.0,RDI
2008-10-03,4.860000133514403,5.25,4.329999923706056,4.389999866485597,4.300275802612306,1624800.0,RDN
2008-10-03,3.75,3.75,3.470000028610229,3.650000095367432,3.650000095367432,117100.0,RDNT
2008-10-03,4.0349998474121085,4.0949997901916495,3.9249999523162837,3.964999914169312,3.964999914169312,130200.0,RDWR
2008-10-03,11.300000190734865,11.550000190734865,10.800000190734863,10.800000190734863,9.790582656860352,183000.0,RDY
2008-10-03,75.0,81.44000244140625,74.41000366210938,76.05000305175781,58.84479141235352,422600.0,RE
2008-10-03,1.950000047683716,2.0999999046325684,1.950000047683716,2.039999961853028,2.039999961853028,3200.0,REED
2008-10-03,3.900000095367432,4.380000114440918,3.880000114440918,4.130000114440918,4.130000114440918,35500.0,REFR
2008-10-03,60.84000015258789,61.4900016784668,55.25,55.75,35.051956176757805,1088300.0,REG
2008-10-03,21.96999931335449,22.1299991607666,20.700000762939453,20.959999084472656,20.959999084472656,672900.0,REGN
2008-10-03,3.0,3.0,3.0,3.0,3.0,0.0,REI
2008-10-03,5.269999980926514,5.880000114440918,5.0,5.110000133514403,3.7740378379821777,32800.0,RELL
2008-10-03,32.549999237060554,32.549999237060554,30.3799991607666,31.21999931335449,30.72285079956055,4100.0,RELV
2008-10-03,10.1875,10.412500381469727,10.010000228881836,10.012499809265137,3.4101736545562744,156400.0,RELX
2008-10-03,5.4666666984558105,5.746666431427003,5.222222328186035,5.235555648803711,4.272883415222168,982900.0,RES
2008-10-03,12.869999885559082,13.420000076293945,12.59000015258789,13.050000190734865,12.927907943725586,419400.0,REV
2008-10-03,10.210000038146973,10.960000038146973,10.210000038146973,10.390000343322754,10.390000343322754,50100.0,REX
2008-10-03,140.39999389648438,152.39999389648438,124.8000030517578,129.60000610351562,129.60000610351562,400.0,REXN
2008-10-03,13.739999771118164,14.5,12.0600004196167,13.520000457763672,10.672919273376463,15198200.0,RF
2008-10-03,13.380000114440918,13.850000381469727,12.710000038146973,12.829999923706055,4.691707134246826,22700.0,RFI
2008-10-03,2.859999895095825,2.9200000762939453,2.5799999237060547,2.8199999332427983,1.8038924932479856,20400.0,RFIL
2008-10-03,0.3535900115966797,0.3535900115966797,0.3535900115966797,0.3535900115966797,0.3535900115966797,41856.0,RFM
2008-10-03,45.0,49.0,45.0,48.5,41.184173583984375,1397900.0,RGA
2008-10-03,9.15666675567627,10.023333549499512,9.15666675567627,9.623332977294922,4.139134407043457,19200.0,RGCO
2008-10-03,4.480000019073486,4.71999979019165,4.260000228881837,4.260000228881837,4.260000228881837,165100.0,RGEN
2008-10-03,34.36999893188477,37.27999877929688,34.009998321533196,35.169998168945305,30.93910980224609,630100.0,RGLD
2008-10-03,7.010000228881836,7.059999942779541,6.809999942779541,6.820000171661378,5.200696468353272,66200.0,RGR
2008-10-03,27.190000534057614,27.290000915527344,26.540000915527344,26.6200008392334,24.45797920227051,496300.0,RGS
2008-10-03,22.649999618530273,22.690000534057614,21.299999237060547,21.36000061035156,17.240234375,1845400.0,RHI
2008-10-03,28.399999618530273,28.670000076293945,25.290000915527344,25.479999542236328,14.401466369628904,549900.0,RHP
2008-10-03,96.0,98.0,88.0,88.0,88.0,1000.0,RIBT
2008-10-03,9.170000076293944,9.3100004196167,8.760000228881836,8.760000228881836,8.49251651763916,180500.0,RICK
2008-10-03,12.025986671447756,12.069297790527346,11.766120910644533,11.82386875152588,5.8322272300720215,3100.0,RIF
2008-10-03,95.9499969482422,101.66999816894531,94.16000366210938,94.6500015258789,75.26396179199219,7715500.0,RIG
2008-10-03,22.200000762939453,23.61000061035156,20.809999465942386,20.959999084472656,20.959999084472656,497100.0,RIGL
2008-10-03,180.0,180.0,175.64356994628906,176.2376251220703,153.48501586914062,400.0,RILY
2008-10-03,56.42250061035156,61.50249862670898,55.9000015258789,56.25,26.46188163757324,3255600.0,RIO
2008-10-03,8.560000419616701,8.770000457763674,8.550000190734862,8.550000190734862,8.550000190734862,198600.0,RJA
2008-10-03,31.18000030517578,32.09000015258789,27.399999618530273,27.63999938964844,23.163707733154297,1733100.0,RJF
2008-10-03,9.550000190734863,9.600000381469727,9.350000381469727,9.350000381469727,9.350000381469727,400300.0,RJI
2008-10-03,10.5,11.5600004196167,10.5,10.800000190734863,10.800000190734863,17700.0,RJN
2008-10-03,8.109999656677246,8.109999656677246,7.5900001525878915,7.690000057220459,7.690000057220459,43500.0,RJZ
2008-10-03,62.47000122070313,62.47000122070313,57.6500015258789,57.9900016784668,49.236717224121094,2527800.0,RL
2008-10-03,0.239999994635582,0.239999994635582,0.239999994635582,0.239999994635582,0.239999994635582,0.0,RLGT
2008-10-03,7.9000000953674325,7.9000000953674325,7.78000020980835,7.78000020980835,7.78000020980835,800.0,RLH
2008-10-03,29.03499984741211,30.7450008392334,28.7450008392334,28.7450008392334,21.47312355041504,190800.0,RLI
2008-10-03,11.989999771118164,12.56999969482422,10.869999885559082,10.9399995803833,10.9399995803833,2430400.0,RMBS
2008-10-03,8.90999984741211,9.020000457763672,8.75,8.75,5.224319934844972,5900.0,RMCF
2008-10-03,21.25,21.959999084472656,21.2450008392334,21.420000076293945,18.84073829650879,1589800.0,RMD
2008-10-03,0.3959999978542328,0.3959999978542328,0.33000001311302185,0.33000001311302185,0.33000001311302185,27121.0,RMG
2008-10-03,8.890000343322754,8.890000343322754,8.600000381469728,8.600000381469728,2.8576042652130127,73000.0,RMT
2008-10-03,4.730000019073486,4.730000019073486,4.150000095367432,4.199999809265137,4.199999809265137,27400.0,RMTI
2008-10-03,13.020000457763672,13.720000267028807,12.84000015258789,12.84000015258789,4.703004837036133,202500.0,RNP
2008-10-03,47.849998474121094,47.849998474121094,44.0,44.25,38.21891403198242,275600.0,RNR
2008-10-03,20.5,21.68000030517578,20.149999618530273,20.149999618530273,14.120863914489744,30300.0,RNST
2008-10-03,19.520000457763672,19.68000030517578,18.200000762939453,18.399999618530273,12.367213249206545,288200.0,RNWK
2008-10-03,35.2599983215332,36.66999816894531,34.11999893188477,34.11999893188477,34.11999893188477,103200.0,ROG
2008-10-03,34.34999847412109,35.189998626708984,32.68000030517578,32.77000045776367,24.93715476989746,1516000.0,ROK
2008-10-03,5.478518486022949,5.641481399536133,5.226666450500488,5.24740743637085,3.7392559051513667,733600.0,ROL
2008-10-03,31.8799991607666,32.549999237060554,30.0,30.0,29.03999900817871,161200.0,ROLL
2008-10-03,51.209999084472656,52.290000915527344,48.63999938964844,48.709999084472656,45.40558242797852,995800.0,ROP
2008-10-03,16.139999389648438,17.370000839233402,15.600000381469727,15.68000030517578,15.68000030517578,516196.0,ROSE
2008-10-03,8.722499847412111,8.802499771118164,8.364999771118164,8.430000305175781,7.4767985343933105,10646000.0,ROST
2008-10-03,18.18000030517578,18.59000015258789,17.600000381469727,17.739999771118164,12.446210861206055,1162900.0,RPM
2008-10-03,20.920000076293945,21.290000915527344,20.25,20.26000022888184,10.37291145324707,163900.0,RPT
2008-10-03,13.050000190734865,13.050000190734865,11.619999885559082,11.649999618530273,4.289812088012694,201300.0,RQI
2008-10-03,35.080001831054695,38.060001373291016,33.669998168945305,34.150001525878906,32.55742645263672,3860900.0,RRC
2008-10-03,22.43000030517578,22.729999542236328,21.399999618530273,21.549999237060547,10.56182861328125,2655100.0,RRD
2008-10-03,24.920000076293945,24.920000076293945,22.96999931335449,23.0,23.0,405900.0,RRGB
2008-10-03,31.65999984741211,33.56999969482422,30.489999771118164,30.75,24.628454208374023,1930600.0,RS
2008-10-03,28.40999984741211,29.26000022888184,28.25,28.35000038146973,20.78939819335937,1141600.0,RSG
2008-10-03,9.079999923706056,9.380000114440918,8.75,8.949999809265137,8.949999809265137,1074200.0,RTIX
2008-10-03,53.11000061035156,54.52000045776367,52.79999923706055,53.16999816894531,39.6181755065918,3707900.0,RTN
2008-10-03,11.720000267028807,11.989999771118164,10.75,10.760000228881836,10.538203239440918,340400.0,RUSHA
2008-10-03,12.15999984741211,12.15999984741211,10.979999542236328,11.0,10.773444175720217,102600.0,RUSHB
2008-10-03,3.759999990463257,3.7799999713897705,3.5499999523162837,3.5499999523162837,3.137399911880493,122300.0,RUTH
2008-10-03,1.25,1.25,1.2200000286102295,1.2200000286102295,1.2200000286102295,8300.0,RVP
2008-10-03,5.940000057220459,6.0999999046325675,5.730000019073486,6.0,5.498190879821777,4000.0,RVSB
2008-10-03,12.195571899414062,12.269372940063475,11.678966522216795,11.678966522216795,5.024690628051758,97100.0,RVT
2008-10-03,19.0,19.86000061035156,18.38999938964844,18.450000762939453,7.9243226051330575,512900.0,RWT
2008-10-03,45.84000015258789,47.56000137329102,45.43000030517578,45.72999954223633,26.59910011291504,658300.0,RY
2008-10-03,21.28205108642578,21.28205108642578,18.74871826171875,19.076923370361328,15.461441040039062,2366900.0,RYAAY
2008-10-03,22.160816192626953,22.514314651489254,20.926063537597656,20.94099998474121,10.89763641357422,1920600.0,RYN
2008-10-03,14.84000015258789,15.460000038146973,14.520000457763672,15.300000190734865,15.300000190734865,189200.0,SA
2008-10-03,4.849999904632568,4.949999809265137,4.699999809265137,4.800000190734863,4.37849760055542,29436400.0,SAF
2008-10-03,37.7400016784668,37.7400016784668,36.75,37.13999938964844,31.56419563293457,374300.0,SAFM
2008-10-03,41.959999084472656,43.0,40.04999923706055,41.61999893188477,24.85910415649414,48100.0,SAFT
2008-10-03,7.639999866485597,8.319999694824219,7.0900001525878915,7.989999771118164,7.1299686431884775,507500.0,SAH
2008-10-03,7.833333492279053,7.8400001525878915,7.133333206176758,7.133333206176758,7.133333206176758,489700.0,SAIA
2008-10-03,28.25,28.5,28.25,28.5,18.526744842529297,500.0,SAL
2008-10-03,1.0599999427795408,1.149999976158142,1.0099999904632568,1.0199999809265137,0.6289119124412537,48800.0,SALM
2008-10-03,46.20000076293945,46.4000015258789,45.52000045776367,45.6500015258789,45.6500015258789,74700.0,SAM
2008-10-03,15.65999984741211,16.149999618530273,15.149999618530273,15.600000381469727,6.971058368682861,991100.0,SAN
2008-10-03,8.279999732971191,9.0600004196167,7.199999809265138,8.340000152587889,8.340000152587889,2777900.0,SANM
2008-10-03,46.90999984741211,48.2599983215332,45.6500015258789,45.6500015258789,37.69595336914063,4936300.0,SAP
2008-10-03,63.29999923706055,66.40000152587889,61.0,61.0,20.660863876342773,2000.0,SAR
2008-10-03,21.32999992370605,21.93000030517578,19.229999542236328,19.5,14.242284774780273,65500.0,SASR
2008-10-03,18.962722778320312,19.254457473754886,18.468395233154297,18.654781341552734,18.654781341552734,729700.0,SATS
2008-10-03,68.73999786376953,69.72000122070311,62.02000045776367,62.36999893188477,36.34758758544922,38500.0,SAVA
2008-10-03,9.600000381469727,10.449999809265137,9.010000228881836,9.31999969482422,5.66886043548584,230600.0,SB
2008-10-03,21.190000534057614,23.18000030517578,20.450000762939453,20.46999931335449,20.46999931335449,9612300.0,SBAC
2008-10-03,7.511736869812013,7.511736869812013,7.511736869812013,7.511736869812013,6.933834552764893,200.0,SBBX
2008-10-03,53.4000015258789,55.0,51.25,51.25,51.02900695800781,17300.0,SBCF
2008-10-03,9.5,9.5,8.789999961853027,8.899999618530273,7.36311674118042,2800.0,SBFG
2008-10-03,5.199999809265137,5.380000114440918,4.690000057220459,4.690000057220459,2.950303792953491,549100.0,SBGI
2008-10-03,7.809999942779541,8.560000419616701,7.21999979019165,7.239999771118164,7.239999771118164,1211300.0,SBH
2008-10-03,7.949999809265138,7.989999771118164,7.670000076293945,7.980000019073486,4.671082973480225,22600.0,SBI
2008-10-03,503.6549682617188,513.888916015625,500.7309875488281,513.888916015625,354.6827087402344,5400.0,SBLK
2008-10-03,36.5,36.5,32.61999893188477,32.790000915527344,31.76803970336914,300800.0,SBNY
2008-10-03,55.9900016784668,57.72999954223633,54.5,54.58000183105469,24.76791763305664,36600.0,SBR
2008-10-03,47.58000183105469,48.29999923706055,46.11000061035156,46.349998474121094,19.84140014648437,268700.0,SBRA
2008-10-03,4.5866665840148935,4.631666660308838,4.171666622161865,4.241666793823241,2.893723964691162,3755400.0,SBS
2008-10-03,16.709686279296875,17.890222549438477,16.046545028686527,16.31617546081543,10.446449279785156,47400.0,SBSI
2008-10-03,6101.0,6101.0,6101.0,6101.0,6046.9365234375,79.0,SBT
2008-10-03,7.184999942779541,7.315000057220459,6.809999942779541,6.829999923706055,5.799374103546143,27399800.0,SBUX
2008-10-03,16.110000610351562,17.229999542236328,15.5,15.600000381469727,10.05907917022705,7674400.0,SCCO
2008-10-03,11.0600004196167,11.199999809265137,10.880000114440918,10.90999984741211,4.178480625152588,47200.0,SCD
2008-10-03,25.01000022888184,25.229999542236328,23.78000068664551,23.84000015258789,19.771976470947266,437700.0,SCHL
2008-10-03,33.27000045776367,36.41999816894531,32.11999893188477,32.650001525878906,25.69924354553223,1497800.0,SCHN
2008-10-03,23.0,24.239999771118164,22.489999771118164,22.489999771118164,19.386186599731445,13840500.0,SCHW
2008-10-03,8.029999732971191,8.180000305175781,7.679999828338622,7.710000038146973,6.190732479095459,1677800.0,SCI
2008-10-03,4.900000095367432,5.300000190734863,4.900000095367432,4.900000095367432,4.900000095367432,500.0,SCKT
2008-10-03,26.10000038146973,26.44499969482422,24.65999984741211,24.729999542236328,19.49416732788086,140000.0,SCL
2008-10-03,2412.0,2430.0,2214.0,2232.0,2232.0,0.0,SCON
2008-10-03,16.40999984741211,16.40999984741211,14.850000381469727,15.43000030517578,15.43000030517578,297200.0,SCOR
2008-10-03,10.59000015258789,10.710000038146973,10.15999984741211,10.350000381469727,7.0091004371643075,1219700.0,SCS
2008-10-03,26.79999923706055,26.79999923706055,25.559999465942386,25.670000076293945,25.670000076293945,184700.0,SCSC
2008-10-03,96.0,97.5999984741211,93.3000030517578,94.0,75.90965270996094,132500.0,SCU
2008-10-03,11.18000030517578,11.18000030517578,10.513333320617676,10.5600004196167,9.252853393554688,255100.0,SCVL
2008-10-03,19.5,19.549999237060547,19.40999984741211,19.549999237060547,14.097233772277832,13700.0,SCX
2008-10-03,4552.08984375,4672.5869140625,4364.65087890625,4552.08984375,2995.48779296875,100.0,SDRL
2008-10-03,9.119999885559082,9.149999618530273,8.140000343322754,8.149999618530272,8.149999618530272,455600.0,SEAC
2008-10-03,1260.0,1260.0,1200.0,1200.0,1180.6781005859375,1300.0,SEB
2008-10-03,22.0,22.489999771118164,21.309999465942386,21.350000381469727,17.006603240966793,1915300.0,SEE
2008-10-03,47.9000015258789,49.0,42.79999923706055,43.0,43.0,22200.0,SEED
2008-10-03,675.0,675.0,585.0,675.0,675.0,100.0,SEEL
2008-10-03,22.290000915527344,22.75,20.770000457763672,21.200000762939453,18.55294418334961,584100.0,SEIC
2008-10-03,3.0,3.109999895095825,3.0,3.109999895095825,1.4033863544464111,4100.0,SELF
2008-10-03,19.07999992370605,19.07999992370605,19.07999992370605,19.07999992370605,19.07999992370605,0.0,SENEA
2008-10-03,20.479999542236328,20.479999542236328,20.479999542236328,20.479999542236328,20.479999542236328,0.0,SENEB
2008-10-03,253.44000244140625,277.760009765625,224.63999938964844,227.1999969482422,227.1999969482422,1600.0,SES
2008-10-03,33.240001678466804,33.33333206176758,32.259998321533196,32.433334350585945,31.598329544067386,396100.0,SF
2008-10-03,7.3499999046325675,7.3499999046325675,7.3499999046325675,7.3499999046325675,6.400635242462157,0.0,SFBC
2008-10-03,7.320000171661378,7.5,6.71999979019165,6.71999979019165,6.1678223609924325,89900.0,SFE
2008-10-03,19.200000762939453,19.75,17.780000686645508,17.93000030517578,5.232534408569336,639300.0,SFL
2008-10-03,16.649999618530273,17.454999923706055,15.78499984741211,15.78499984741211,11.768412590026855,19200.0,SFNC
2008-10-03,8.264462471008299,8.279489517211914,7.52817440032959,7.52817440032959,7.52817440032959,10300.0,SFST
2008-10-03,25.0,25.0,25.0,25.0,25.0,0.0,SG
2008-10-03,16.799999237060547,17.100000381469727,15.93000030517578,15.93000030517578,12.38552474975586,6500.0,SGA
2008-10-03,14.899999618530273,14.899999618530273,14.899999618530273,14.899999618530273,11.970582962036133,400.0,SGB
2008-10-03,4.994999885559082,5.199999809265137,4.994999885559082,5.199999809265137,2.595822334289551,3800.0,SGC
2008-10-03,9.859999656677246,9.90999984741211,8.529999732971191,8.779999732971191,8.779999732971191,1471900.0,SGEN
2008-10-03,44.0099983215332,44.0099983215332,43.459999084472656,43.52000045776367,43.52000045776367,2500.0,SGG
2008-10-03,4.53000020980835,4.579999923706055,4.050000190734863,4.050000190734863,4.050000190734863,7000.0,SGMA
2008-10-03,7.079999923706055,7.5,6.829999923706055,7.079999923706055,7.079999923706055,321100.0,SGMO
2008-10-03,20.549999237060547,20.770000457763672,19.299999237060547,19.32999992370605,19.32999992370605,996700.0,SGMS
2008-10-03,27.0,27.0,27.0,27.0,27.0,100.0,SGOC
2008-10-03,0.6100000143051147,0.699999988079071,0.6100000143051147,0.6499999761581421,0.6499999761581421,7900.0,SGRP
2008-10-03,2.0799999237060547,2.2699999809265137,2.0799999237060547,2.1800000667572017,1.1325784921646118,27800.0,SGU
2008-10-03,25.270000457763672,25.940000534057614,24.82999992370605,24.82999992370605,21.10175132751465,12600.0,SHBI
2008-10-03,9.8100004196167,9.994999885559082,9.079999923706056,9.079999923706056,6.674055576324463,123200.0,SHEN
2008-10-03,33.78499984741211,36.09500122070313,33.669998168945305,33.860000610351555,26.42453384399414,154400.0,SHG
2008-10-03,15.866666793823242,16.459999084472653,15.546667098999025,15.546667098999025,10.177945137023926,52800.0,SHI
2008-10-03,9562.5,9731.25,9562.5,9731.25,9731.25,0.0,SHIP
2008-10-03,9.420000076293944,9.989999771118164,8.609999656677246,9.989999771118164,9.225555419921877,4200.0,SHLO
2008-10-03,13.3100004196167,13.470000267028807,11.899999618530273,12.09000015258789,8.545285224914549,1207900.0,SHO
2008-10-03,4.7170372009277335,4.75259256362915,4.497777938842773,4.497777938842773,4.330525875091554,775800.0,SHOO
2008-10-03,55.54999923706055,55.84000015258789,52.40999984741211,52.75,45.08564758300781,2338300.0,SHW
2008-10-03,9.28499984741211,9.69499969482422,8.454999923706055,8.670000076293945,4.511085033416748,14384200.0,SID
2008-10-03,2.7100000381469727,2.75,2.700000047683716,2.75,2.3732876777648926,600.0,SIEB
2008-10-03,7.699999809265138,7.699999809265138,7.6500000953674325,7.6500000953674325,7.234762191772461,13000.0,SIF
2008-10-03,1.7999999523162842,1.919999957084656,1.7599999904632568,1.8899999856948853,1.7504316568374634,54900.0,SIFY
2008-10-03,19.280000686645508,19.780000686645508,18.520000457763672,18.520000457763672,15.427240371704102,166300.0,SIG
2008-10-03,3.3499999046325684,3.400000095367432,3.2999999523162837,3.3299999237060547,3.3299999237060547,100700.0,SIGA
2008-10-03,24.459999084472656,25.25,22.479999542236328,22.57999992370605,17.493133544921875,148300.0,SIGI
2008-10-03,4.75,4.889999866485597,4.75,4.809999942779541,4.13228178024292,23900.0,SILC
2008-10-03,8.180000305175781,8.829999923706055,8.109999656677246,8.119999885559082,7.576619148254394,62200.0,SIM
2008-10-03,4.75,5.710000038146973,4.550000190734863,4.550000190734863,3.7076666355133057,1109300.0,SIMO
2008-10-03,32.470001220703125,33.61999893188477,31.93000030517578,32.09999847412109,32.09999847412109,1879200.0,SINA
2008-10-03,3.509999990463257,3.509999990463257,3.3499999046325684,3.490000009536743,3.490000009536743,27800.0,SINO
2008-10-03,0.6399999856948853,0.6499999761581421,0.5799999833106995,0.5799999833106995,0.5542334914207458,39255300.0,SIRI
2008-10-03,44.77560043334961,46.81430053710938,38.13890075683594,38.13890075683594,38.13890075683594,1101789.0,SITC
2008-10-03,59.66999816894531,60.93000030517578,56.47000122070313,56.47999954223633,56.47999954223633,344700.0,SIVB
2008-10-03,18.325000762939453,18.670000076293945,17.7549991607666,17.7549991607666,9.67953872680664,474800.0,SJI
2008-10-03,51.4000015258789,51.4000015258789,48.81999969482422,48.81999969482422,36.2722282409668,440800.0,SJM
2008-10-03,19.770000457763672,20.040000915527344,18.959999084472656,19.01000022888184,10.32407283782959,211400.0,SJR
2008-10-03,36.0,36.540000915527344,34.93000030517578,34.939998626708984,17.474088668823242,232600.0,SJT
2008-10-03,30.020000457763672,30.020000457763672,28.229999542236328,28.229999542236328,21.108057022094727,63100.0,SJW
2008-10-03,19.440000534057614,19.540000915527344,19.040000915527344,19.190000534057614,11.702693939208984,2476200.0,SKM
2008-10-03,20.71500015258789,20.75,19.28499984741211,19.424999237060547,10.925503730773926,1491800.0,SKT
2008-10-03,5.0333333015441895,5.0866665840148935,4.803333282470703,4.823333263397217,4.823333263397217,1813800.0,SKX
2008-10-03,25.149999618530273,25.51000022888184,23.0,23.1299991607666,19.94760513305664,122100.0,SKY
2008-10-03,16.350000381469727,16.770000457763672,14.510000228881836,14.770000457763672,13.021683692932127,586700.0,SKYW
2008-10-03,29.270000457763672,30.15999984741211,29.0,29.15999984741211,29.15999984741211,913500.0,SLAB
2008-10-03,72.61000061035156,78.0,71.80999755859375,72.52999877929688,54.51710891723633,16611200.0,SLB
2008-10-03,7.1500000953674325,7.1500000953674325,7.1500000953674325,7.1500000953674325,7.1500000953674325,0.0,SLCT
2008-10-03,35.65999984741211,36.060001373291016,33.22999954223633,33.810001373291016,18.71396255493164,174400.0,SLF
2008-10-03,55.97999954223633,60.45000076293945,54.7400016784668,54.7400016784668,41.2808952331543,1211300.0,SLG
2008-10-03,12.52750015258789,12.7475004196167,12.2475004196167,12.272500038146973,10.548013687133787,1056800.0,SLGN
2008-10-03,3.5704073905944824,4.181558132171632,3.552537441253662,3.5775554180145264,3.231098175048828,30708300.0,SLM
2008-10-03,20.049999237060547,20.450000762939453,19.899999618530273,20.0,11.412290573120115,23400.0,SLMBP
2008-10-03,1.3899999856948853,1.5,1.2899999618530271,1.4199999570846558,1.1247444152832031,53200.0,SLP
2008-10-03,269700.0,269700.0,255900.0,259200.0,259200.0,0.0,SLS
2008-10-03,31.79999923706055,33.0,30.270000457763672,30.3700008392334,29.218244552612305,1326100.0,SM
2008-10-03,6.5250000953674325,6.5250000953674325,6.5250000953674325,6.5250000953674325,4.251626968383788,0.0,SMBC
2008-10-03,21.568628311157227,22.941177368164066,21.568628311157227,22.941177368164066,22.011028289794922,100.0,SMBK
2008-10-03,9.0,9.140000343322754,8.800000190734863,8.800000190734863,8.800000190734863,145500.0,SMCI
2008-10-03,2.150000095367432,2.400000095367432,2.150000095367432,2.400000095367432,2.400000095367432,2200.0,SMED
2008-10-03,11.720000267028807,12.18000030517578,11.699999809265135,11.720000267028807,8.151332855224611,362800.0,SMFG
2008-10-03,22.90999984741211,24.739999771118164,22.88999938964844,22.88999938964844,16.694404602050778,1083400.0,SMG
2008-10-03,5.949999809265138,5.949999809265138,5.949999809265138,5.949999809265138,5.949999809265138,0.0,SMIT
2008-10-03,11.460000038146973,11.460000038146973,11.460000038146973,11.460000038146973,9.83197784423828,100.0,SMMF
2008-10-03,6.039999961853027,6.199999809265138,5.809999942779541,5.949999809265138,4.817136764526367,117500.0,SMP
2008-10-03,3.7300000190734863,3.839999914169312,3.4500000476837163,3.470000028610229,1.7635825872421265,186500.0,SMRT
2008-10-03,28.31999969482422,29.36000061035156,27.239999771118164,27.28000068664551,27.28000068664551,83600.0,SMSI
2008-10-03,12.770000457763672,13.0,12.1899995803833,12.25,12.25,817400.0,SMTC
2008-10-03,0.9800000190734864,0.9800000190734864,0.9800000190734864,0.9800000190734864,0.9496781826019288,0.0,SMTS
2008-10-03,1.0800000429153442,1.0800000429153442,1.0,1.0800000429153442,1.0800000429153442,49700.0,SMTX
2008-10-03,51.5,51.93999862670898,48.45000076293945,48.52999877929688,37.73686981201172,634700.0,SNA
2008-10-03,1.5900000333786009,1.5900000333786009,1.4500000476837158,1.4900000095367432,1.4900000095367432,160000.0,SNBR
2008-10-03,8.390000343322754,8.84000015258789,8.210000038146973,8.220000267028809,8.220000267028809,839800.0,SNCR
2008-10-03,28.65999984741211,29.3700008392334,27.649999618530273,27.989999771118164,25.170934677124023,1185800.0,SNE
2008-10-03,1.6373066902160645,1.6373066902160645,1.6373066902160645,1.6373066902160645,1.6373066902160645,1000.0,SNFCA
2008-10-03,18.0,20.0,18.0,20.0,20.0,200.0,SNGX
2008-10-03,100.0999984741211,106.1999969482422,97.3000030517578,99.3000030517578,47.51792526245117,4100.0,SNMP
2008-10-03,19.619848251342773,19.755903244018555,19.12364959716797,19.159664154052734,12.882498741149902,169900.0,SNN
2008-10-03,576.4500122070312,576.4500122070312,504.0,504.0,504.0,0.0,SNOA
2008-10-03,60.27692413330078,62.81538391113281,58.69230651855469,59.23077011108398,32.203475952148445,545800.0,SNP
2008-10-03,19.170000076293945,19.520000457763672,18.3700008392334,18.420000076293945,18.420000076293945,1137400.0,SNPS
2008-10-03,0.040119998157024384,0.040119998157024384,0.040119998157024384,0.040119998157024384,0.024114742875099186,9944.0,SNR
2008-10-03,30.60000038146973,34.200000762939446,30.60000038146973,34.200000762939446,34.200000762939446,100.0,SNSS
2008-10-03,78.81999969482422,82.25,73.98999786376953,73.98999786376953,64.30299377441406,477400.0,SNV
2008-10-03,20.770000457763672,20.920000076293945,19.399999618530273,19.40999984741211,18.257068634033203,315200.0,SNX
2008-10-03,33.81999969482422,34.31999969482422,33.31999969482422,33.439998626708984,20.966794967651367,1705300.0,SNY
2008-10-03,37.86000061035156,38.18000030517578,37.099998474121094,37.150001525878906,21.327526092529297,9263600.0,SO
2008-10-03,4.0,4.2899999618530265,4.0,4.199999809265137,2.48449969291687,5800.0,SOHO
2008-10-03,53.2599983215332,56.27999877929688,53.2599983215332,55.040000915527344,55.040000915527344,3078500.0,SOHU
2008-10-03,50.70000076293945,54.349998474121094,48.5,48.5,48.5,317900.0,SOL
2008-10-03,28.709999084472656,28.90999984741211,27.43000030517578,27.540000915527344,18.3716983795166,531200.0,SON
2008-10-03,7.239999771118164,7.239999771118164,7.239999771118164,7.239999771118164,5.99691915512085,0.0,SONA
2008-10-03,44.61999893188477,45.66999816894531,44.29999923706055,44.77000045776367,11.630629539489744,7300.0,SOR
2008-10-03,3.2999999523162837,3.2999999523162837,3.059999942779541,3.119999885559082,3.119999885559082,17900.0,SORL
2008-10-03,20.36000061035156,21.65999984741211,19.76000022888184,19.790000915527344,19.790000915527344,43200.0,SP
2008-10-03,3.7999999523162837,3.839999914169312,3.4500000476837163,3.5999999046325684,2.9589900970458984,482800.0,SPAR
2008-10-03,39.197532653808594,40.37036895751953,39.197532653808594,39.81481552124024,32.94150924682617,600.0,SPB
2008-10-03,7.820000171661378,7.820000171661378,7.820000171661378,7.820000171661378,7.820000171661378,0.0,SPCB
2008-10-03,10.609999656677246,10.65999984741211,10.399999618530273,10.479999542236328,4.68922233581543,20800.0,SPE
2008-10-03,0.08500000089406967,0.08500000089406967,0.08500000089406967,0.08500000089406967,0.08458530902862549,0.0,SPFI
2008-10-03,83.29155731201172,84.16400909423828,77.47209930419922,77.9454574584961,49.88059997558594,5387800.0,SPG
2008-10-03,30.5,33.11999893188477,28.1200008392334,28.6200008392334,22.01677894592285,2830000.0,SPGI
2008-10-03,33.130001068115234,33.93000030517578,32.299999237060554,32.380001068115234,11.632564544677734,96100.0,SPH
2008-10-03,2.25,2.25,2.049999952316284,2.049999952316284,1.8062402009963991,4600.0,SPNS
2008-10-03,10.699999809265137,11.09000015258789,10.31999969482422,10.949999809265137,5.258178234100342,221000.0,SPOK
2008-10-03,1.3899999856948853,1.4600000381469729,1.2999999523162842,1.309999942779541,1.2925177812576294,80500.0,SPPI
2008-10-03,14.670000076293945,14.75,14.329999923706055,14.329999923706055,14.055057525634766,2498200.0,SPR
2008-10-03,9.0,9.029999732971193,8.069999694824219,9.0,4.6521735191345215,203000.0,SPRT
2008-10-03,0.15000000596046448,0.1599999964237213,0.119999997317791,0.119999997317791,0.119999997317791,236310.0,SPT
2008-10-03,25.1200008392334,26.07999992370605,24.86000061035156,25.28000068664551,19.211484909057614,330600.0,SPTN
2008-10-03,71.63999938964844,77.0,65.09999847412111,67.66000366210939,67.66000366210939,1785100.0,SPWR
2008-10-03,15.990934371948242,16.879878997802734,15.65096950531006,15.78695583343506,14.154204368591307,5402900.0,SPXC
2008-10-03,13.020000457763672,13.34000015258789,12.760000228881836,12.760000228881836,5.167396545410156,54700.0,SPXX
2008-10-03,6.0,6.300000190734862,6.0,6.300000190734862,6.300000190734862,4600.0,SQBG
2008-10-03,20.457643508911133,21.343719482421875,19.01655387878418,19.24050712585449,13.302591323852539,1570100.0,SQM
2008-10-03,50.65999984741211,51.599998474121094,49.25,49.27999877929688,28.19650077819824,237600.0,SR
2008-10-03,22.61000061035156,22.61000061035156,20.290000915527344,20.6200008392334,15.34276008605957,34400.0,SRCE
2008-10-03,57.81999969482422,59.43000030517578,56.5,56.52000045776367,56.52000045776367,515900.0,SRCL
2008-10-03,30.770000457763672,31.540000915527344,30.6200008392334,30.959999084472656,30.959999084472656,150900.0,SRDX
2008-10-03,50.22000122070313,51.209999084472656,49.08000183105469,49.36999893188477,34.509674072265625,2621600.0,SRE
2008-10-03,9.399999618530273,10.390000343322754,9.260000228881836,9.649999618530273,9.649999618530273,175800.0,SRI
2008-10-03,92.5999984741211,97.1500015258789,90.3000030517578,90.8499984741211,59.31951141357422,56200.0,SRL
2008-10-03,25.0,25.0,25.0,25.0,25.0,0.0,SRNE
2008-10-03,6.300000190734862,6.5999999046325675,6.179999828338622,6.360000133514403,6.360000133514403,26500.0,SRPT
2008-10-03,6.260000228881836,6.460000038146973,6.0999999046325675,6.130000114440918,6.130000114440918,11600.0,SRT
2008-10-03,76.0,76.1500015258789,70.75,70.75,21.471925735473636,4600.0,SRV
2008-10-03,34.06999969482422,38.0,34.06999969482422,35.54999923706055,28.57300567626953,10800.0,SSB
2008-10-03,4.76800012588501,4.880000114440918,4.751999855041504,4.880000114440918,2.561048984527588,8000.0,SSBI
2008-10-03,25.79999923706055,26.65999984741211,24.690000534057614,24.809999465942386,20.627735137939453,354400.0,SSD
2008-10-03,12.140000343322756,12.390000343322756,11.369999885559082,11.5,6.795091152191162,449000.0,SSI
2008-10-03,245.5,253.5,227.5,234.5,234.5,2200.0,SSKN
2008-10-03,36.61999893188477,37.52000045776367,34.810001373291016,34.810001373291016,22.531702041625977,1174100.0,SSL
2008-10-03,6.46850061416626,6.557231426239014,6.140195369720459,6.140195369720459,5.7047362327575675,836200.0,SSP
2008-10-03,13.850000381469727,15.300000190734865,13.609999656677244,13.890000343322756,13.890000343322756,1037000.0,SSRM
2008-10-03,2.5,2.5,2.5,2.5,2.5,1000.0,SSY
2008-10-03,16.719999313354492,16.719999313354492,15.420000076293945,15.56999969482422,15.56999969482422,126500.0,SSYS
2008-10-03,4.0,4.5900001525878915,4.0,4.230000019073486,4.230000019073486,79600.0,STAA
2008-10-03,2.299999952316284,2.630000114440918,2.049999952316284,2.0699999332427983,1.9470840692520144,3201700.0,STAR
2008-10-03,37.13999938964844,38.22000122070313,35.400001525878906,35.5,25.409780502319336,111200.0,STBA
2008-10-03,27.90999984741211,27.90999984741211,25.729999542236328,26.899999618530273,22.471656799316406,127000.0,STC
2008-10-03,7.989999771118164,8.5,7.550000190734862,7.570000171661378,6.519634246826173,357400.0,STCN
2008-10-03,35.880001068115234,36.13999938964844,34.080001831054695,34.09999847412109,28.46831321716309,579000.0,STE
2008-10-03,30.63999938964844,31.489999771118164,28.36000061035156,29.51000022888184,22.32486343383789,54100.0,STFC
2008-10-03,6.1500000953674325,6.260000228881836,5.730000019073486,5.739999771118164,5.739999771118164,270400.0,STKL
2008-10-03,13.5,14.0,12.90999984741211,13.140000343322756,10.310985565185547,74700.0,STL
2008-10-03,13.0,13.6899995803833,11.949999809265135,12.119999885559082,8.98082447052002,13867000.0,STLD
2008-10-03,9.850000381469727,10.300000190734863,9.84000015258789,10.300000190734863,6.7668776512146,3873300.0,STM
2008-10-03,11.420000076293945,11.510000228881836,11.050000190734863,11.130000114440918,9.655827522277832,158000.0,STMP
2008-10-03,11.234999656677246,11.845000267028807,11.220000267028807,11.5,9.459660530090332,51800.0,STN
2008-10-03,13.800000190734865,13.989999771118164,13.75,13.850000381469727,5.611784934997559,24000.0,STON
2008-10-03,195.5399932861328,204.80999755859372,195.5399932861328,198.92999267578125,168.37501525878906,181200.0,STRA
2008-10-03,14.979999542236328,15.460000038146973,14.539999961853027,15.020000457763672,15.020000457763672,166600.0,STRL
2008-10-03,1.75,1.75,1.149999976158142,1.7200000286102295,1.7200000286102295,15500.0,STRM
2008-10-03,26.96999931335449,27.709999084472656,26.10000038146973,26.1200008392334,25.185474395751953,8900.0,STRS
2008-10-03,26.28000068664551,26.28000068664551,26.28000068664551,26.28000068664551,22.00201988220215,0.0,STRT
2008-10-03,53.70000076293945,57.0,41.40999984741211,46.959999084472656,38.35692596435547,9783000.0,STT
2008-10-03,11.34000015258789,11.529999732971193,10.789999961853027,10.93000030517578,6.691105842590332,8420500.0,STX
2008-10-03,55.74817657470703,60.58394241333008,54.92700576782226,58.30292129516602,58.30292129516602,15300.0,STXS
2008-10-03,19.90999984741211,20.190000534057614,19.43000030517578,19.440000534057614,18.30668067932129,1726100.0,STZ
2008-10-03,34.029998779296875,36.790000915527344,33.240001678466804,33.709999084472656,23.779510498046875,9760700.0,SU
2008-10-03,19.11000061035156,19.200000762939453,18.07999992370605,18.07999992370605,8.651226997375487,84400.0,SUI
2008-10-03,37.349998474121094,37.97999954223633,36.900001525878906,37.79999923706055,37.79999923706055,3300.0,SUMR
2008-10-03,27.0231990814209,28.354400634765625,25.05970001220703,25.417400360107425,13.480782508850098,4640604.0,SUN
2008-10-03,17.799999237060547,18.040000915527344,16.639999389648438,17.200000762939453,11.274998664855955,182200.0,SUP
2008-10-03,6.0999999046325675,6.0999999046325675,6.0999999046325675,6.0999999046325675,5.644045352935791,300.0,SVBI
2008-10-03,18.350000381469727,18.350000381469727,16.760000228881836,17.010000228881836,7.084765911102295,988000.0,SVC
2008-10-03,8.119999885559082,8.119999885559082,7.75,8.050000190734862,6.451968669891357,900.0,SVT
2008-10-03,9.039999961853027,9.279999732971193,8.720000267028809,8.75,8.75,206500.0,SWIR
2008-10-03,41.59000015258789,42.38000106811523,39.650001525878906,39.72999954223633,30.32520866394043,804700.0,SWK
2008-10-03,10.699999809265137,10.699999809265137,9.800000190734863,10.100000381469727,10.100000381469727,11200.0,SWKH
2008-10-03,7.489999771118164,7.860000133514403,7.460000038146973,7.46999979019165,6.865542888641357,5150000.0,SWKS
2008-10-03,8.854999542236328,9.234999656677246,8.024999618530272,8.164999961853027,5.262890815734863,159000.0,SWM
2008-10-03,28.0,31.239999771118164,27.85000038146973,29.32999992370605,29.32999992370605,8681400.0,SWN
2008-10-03,30.020000457763672,30.78000068664551,29.420000076293945,29.520000457763672,21.017454147338867,312100.0,SWX
2008-10-03,12.359999656677244,12.880000114440918,12.350000381469727,12.359999656677244,4.144776344299316,123500.0,SWZ
2008-10-03,28.770000457763672,28.770000457763672,26.13999938964844,26.21999931335449,23.478525161743164,94900.0,SXI
2008-10-03,27.76000022888184,28.35000038146973,26.93000030517578,27.07999992370605,21.08798217773437,467000.0,SXT
2008-10-03,20.600000381469727,20.600000381469727,19.239999771118164,20.18666648864746,14.434155464172365,31000.0,SYBT
2008-10-03,62.2599983215332,62.91999816894531,60.70000076293945,60.86999893188477,52.12281799316406,1945200.0,SYK
2008-10-03,20.739999771118164,21.15999984741211,20.479999542236328,20.56999969482422,20.56999969482422,654700.0,SYKE
2008-10-03,18.200000762939453,20.299999237060547,17.5,17.5,17.5,300.0,SYN
2008-10-03,25.81999969482422,26.649999618530273,25.28000068664551,25.420000076293945,25.420000076293945,1404200.0,SYNA
2008-10-03,12.75,13.579999923706055,12.75,13.260000228881836,10.646689414978027,5400.0,SYNL
2008-10-03,1.8899999856948853,1.9099999666213991,1.7999999523162842,1.7999999523162842,1.6152180433273315,36300.0,SYPR
2008-10-03,13.390000343322756,13.550000190734865,12.600000381469727,12.739999771118164,7.751218318939209,185100.0,SYX
2008-10-03,30.979999542236328,31.28000068664551,29.6299991607666,29.71999931335449,20.645864486694336,4347100.0,SYY
2008-10-03,28.25,29.3700008392334,27.86000061035156,28.1200008392334,14.831809997558596,42475700.0,T
2008-10-03,13.399999618530273,14.350000381469727,13.25,13.5,13.5,8600.0,TA
2008-10-03,27.209999084472656,27.45000076293945,25.43000030517578,25.459999084472656,13.347405433654785,37700.0,TAC
2008-10-03,7.269999980926514,7.579999923706055,6.989999771118164,6.989999771118164,5.361207008361816,162200.0,TACT
2008-10-03,0.7799999713897705,0.7799999713897705,0.7799999713897705,0.7799999713897705,0.5706732273101807,0.0,TAIT
2008-10-03,0.413129985332489,0.413129985332489,0.413129985332489,0.413129985332489,-0.17436984181404114,0.0,TAK
2008-10-03,8.380000114440918,8.800000190734863,7.9000000953674325,8.0,8.0,88500.0,TAOP
2008-10-03,46.790000915527344,47.93999862670898,46.25,46.38000106811523,34.79125213623047,2049100.0,TAP
2008-10-03,9.890000343322754,9.899999618530273,9.850000381469727,9.890000343322754,8.636999130249022,22800.0,TARO
2008-10-03,2.5799999237060547,2.690000057220459,2.4100000858306885,2.4600000381469727,0.6492571830749512,97600.0,TAST
2008-10-03,12.800000190734865,13.0,12.399999618530273,12.800000190734865,12.800000190734865,2500.0,TAT
2008-10-03,7.739999771118164,7.75,7.25,7.25,4.211254119873047,4700.0,TATT
2008-10-03,5.739999771118164,5.9099998474121085,5.71999979019165,5.739999771118164,5.739999771118164,1900.0,TAYD
2008-10-03,4.960000038146973,5.389999866485597,4.75,4.75,4.75,89000.0,TBBK
2008-10-03,15.0600004196167,15.3100004196167,14.300000190734865,14.329999923706055,14.329999923706055,295100.0,TBI
2008-10-03,21.65999984741211,22.0,20.709999084472656,21.86000061035156,21.86000061035156,231300.0,TCBI
2008-10-03,21.88999938964844,23.85000038146973,21.200000762939453,21.32999992370605,16.509735107421875,43900.0,TCBK
2008-10-03,5.449999809265137,5.449999809265137,5.449999809265137,5.449999809265137,3.853086948394776,3100.0,TCCO
2008-10-03,30.54999923706055,32.97999954223633,28.85000038146973,28.85000038146973,17.30082893371582,58600.0,TCF
2008-10-03,17.850000381469727,17.850000381469727,17.850000381469727,17.850000381469727,14.028645515441895,0.0,TCFC
2008-10-03,10.699999809265137,10.699999809265137,10.699999809265137,10.699999809265137,10.699999809265137,0.0,TCI
2008-10-03,45.1500015258789,45.72999954223633,40.63999938964844,41.11000061035156,25.83046913146973,1041200.0,TCO
2008-10-03,9.199999809265137,9.5,9.100000381469727,9.25,9.25,6458400.0,TCOM
2008-10-03,29.71999931335449,31.09000015258789,29.709999084472656,29.76000022888184,13.178353309631348,39300.0,TCP
2008-10-03,1.440000057220459,1.5199999809265137,1.440000057220459,1.440000057220459,1.440000057220459,32100.0,TCX
2008-10-03,28.399999618530273,29.01499938964844,27.315000534057614,27.57500076293945,13.401034355163574,1185600.0,TD
2008-10-03,18.1299991607666,18.520000457763672,17.040000915527347,17.100000381469727,17.100000381469727,1664500.0,TDC
2008-10-03,19.09000015258789,19.540000915527344,18.32999992370605,18.63999938964844,6.461598873138428,119400.0,TDF
2008-10-03,32.09999847412109,32.75,29.36000061035156,30.18000030517578,13.189558029174805,595600.0,TDG
2008-10-03,16.020000457763672,16.020000457763672,16.0,16.0,7.481828689575195,2000.0,TDI
2008-10-03,32.713890075683594,33.661453247070305,30.689971923828125,30.80956840515137,24.30792236328125,895000.0,TDS
2008-10-03,1625.48388671875,1704.193603515625,1594.51611328125,1608.3870849609375,1321.6094970703125,43500.0,TDW
2008-10-03,54.0099983215332,56.63999938964844,54.0099983215332,54.11999893188477,54.11999893188477,250900.0,TDY
2008-10-03,28.520000457763672,29.11000061035156,27.709999084472656,27.71999931335449,27.71999931335449,816900.0,TECD
2008-10-03,71.08999633789062,73.04000091552734,70.33999633789061,70.33999633789061,60.31074142456055,220400.0,TECH
2008-10-03,22.670000076293945,23.63999938964844,21.13999938964844,21.34000015258789,17.226211547851562,4092500.0,TECK
2008-10-03,23.31333351135254,24.20666694641113,23.1733341217041,23.303333282470703,8.339065551757812,1254000.0,TEF
2008-10-03,11.0600004196167,11.5,11.0600004196167,11.460000038146973,4.2346105575561515,186400.0,TEI
2008-10-03,26.29999923706055,27.190000534057614,25.60000038146973,25.649999618530273,19.743938446044922,2965500.0,TEL
2008-10-03,7.5999999046325675,7.8400001525878915,6.880000114440918,7.760000228881836,7.760000228881836,20200.0,TELL
2008-10-03,8.680000305175781,9.130000114440918,8.380000114440918,8.470000267028809,8.075518608093263,1283300.0,TEN
2008-10-03,2940.0,3120.0,2820.0,3060.0,3060.0,0.0,TENX
2008-10-03,12.56999969482422,12.859999656677244,11.800000190734865,12.449999809265135,7.161405563354492,315400.0,TEO
2008-10-03,7.210000038146973,7.420000076293945,6.880000114440918,6.9000000953674325,6.504925727844237,4614900.0,TER
2008-10-03,8.899999618530273,9.326666831970217,8.84666633605957,9.326666831970217,5.875500202178955,21900.0,TESS
2008-10-03,20.5,20.5,20.0,20.0,20.0,300.0,TEUM
2008-10-03,46.1500015258789,47.099998474121094,45.84000015258789,46.08000183105469,37.08369064331055,7291500.0,TEVA
2008-10-03,25.520000457763672,26.920000076293945,23.35000038146973,23.670000076293945,22.07821083068848,4816200.0,TEX
2008-10-03,39.68999862670898,40.0,36.16999816894531,36.16999816894531,25.147314071655273,5354000.0,TFC
2008-10-03,6.210000038146973,6.210000038146973,5.769999980926514,5.8400001525878915,5.754293441772461,200617.0,TFII
2008-10-03,12.899999618530273,13.359999656677244,12.8100004196167,13.100000381469727,10.141895294189453,1072200.0,TFSL
2008-10-03,60.11000061035156,61.11000061035156,59.0,59.27999877929688,49.97034072875977,242600.0,TFX
2008-10-03,16.0,16.260000228881836,15.170000076293945,15.199999809265135,11.914287567138672,293800.0,TG
2008-10-03,2.650000095367432,2.9500000476837163,2.650000095367432,2.799999952316284,2.3576834201812744,282100.0,TGA
2008-10-03,1.4900000095367432,1.6799999475479126,1.4600000381469729,1.4900000095367432,1.4900000095367432,918800.0,TGB
2008-10-03,9.100000381469727,9.699999809265137,9.0,9.100000381469727,9.100000381469727,32900.0,TGC
2008-10-03,13.739999771118164,14.710000038146973,13.279999732971193,13.399999618530273,8.358321189880371,51300.0,TGH
2008-10-03,20.95499992370605,21.59499931335449,20.299999237060547,20.325000762939453,19.224082946777344,485800.0,TGI
2008-10-03,8.652669906616211,8.689289093017576,7.883659362792969,7.94120454788208,4.415729999542236,12076700.0,TGNA
2008-10-03,15.40999984741211,15.619999885559082,13.979999542236328,14.029999732971193,6.629347801208496,161900.0,TGP
2008-10-03,2.9100000858306885,3.009999990463257,2.859999895095825,2.9100000858306885,1.3414343595504759,7900.0,TGS
2008-10-03,45.75,45.75,43.5,43.65999984741211,32.043739318847656,20846400.0,TGT
2008-10-03,0.2890799939632416,0.2890799939632416,0.2890799939632416,0.2890799939632416,0.2890799939632416,20756.0,TH
2008-10-03,20.600000381469727,21.71999931335449,19.959999084472656,20.040000915527344,20.040000915527344,3749300.0,THC
2008-10-03,45.33000183105469,48.0,42.63000106811523,42.63000106811523,30.14388656616211,32100.0,THFF
2008-10-03,41.810001373291016,44.25,41.810001373291016,42.5099983215332,30.465091705322266,479400.0,THG
2008-10-03,1.75,1.9900000095367432,1.7400000095367432,1.9700000286102293,1.9700000286102293,25700.0,THM
2008-10-03,23.84000015258789,24.43000030517578,23.3799991607666,24.170000076293945,19.254056930541992,469200.0,THO
2008-10-03,5.670000076293945,5.670000076293945,4.900000095367432,4.980000019073486,4.980000019073486,627900.0,THRM
2008-10-03,31.46999931335449,31.479999542236328,30.26000022888184,30.489999771118164,30.489999771118164,477500.0,THS
2008-10-03,33.68000030517578,34.419998168945305,32.310001373291016,32.34000015258789,25.63623046875,2932300.0,TIF
2008-10-03,10.529999732971193,10.5600004196167,9.510000228881836,9.600000381469727,8.596535682678223,637600.0,TILE
2008-10-03,32.47999954223633,33.150001525878906,30.8700008392334,31.01000022888184,31.01000022888184,170800.0,TISI
2008-10-03,15.770000457763672,17.389999389648438,15.770000457763672,15.989999771118164,15.989999771118164,468900.0,TITN
2008-10-03,14.5,14.529999732971193,13.739999771118164,13.75,11.749857902526855,1463100.0,TIVO
2008-10-03,7.5,7.59250020980835,7.4099998474121085,7.46750020980835,5.081704139709473,39033600.0,TJX
2008-10-03,23.809999465942386,24.809999465942386,22.40999984741211,22.770000457763672,15.076634407043455,628900.0,TK
2008-10-03,15.1899995803833,15.800000190734865,14.649999618530273,15.020000457763672,9.455326080322266,1463300.0,TKC
2008-10-03,18.3679313659668,19.112382888793945,17.551897048950195,17.64495277404785,12.88544464111328,975100.0,TKR
2008-10-03,2.7100000381469727,2.7100000381469727,2.7100000381469727,2.7100000381469727,2.158231258392334,100.0,TLF
2008-10-03,1.399999976158142,1.399999976158142,1.3300000429153442,1.399999976158142,1.399999976158142,7900.0,TLGT
2008-10-03,8.409999847412111,8.409999847412111,8.25,8.310000419616701,3.696765899658203,22700.0,TLI
2008-10-03,14.199999809265135,14.44499969482422,13.90999984741211,13.920000076293945,9.219810485839844,618400.0,TLK
2008-10-03,20.51000022888184,20.940000534057614,18.8700008392334,19.11000061035156,13.339597702026367,1283900.0,TLRD
2008-10-03,78.38999938964844,80.61000061035156,77.9800033569336,78.0999984741211,58.27128219604492,1773600.0,TM
2008-10-03,51.13000106811523,52.9000015258789,50.56999969482422,50.56999969482422,48.60298538208008,4179700.0,TMO
2008-10-03,45.45454406738281,46.3636360168457,42.727272033691406,42.8636360168457,30.14861488342285,23500.0,TMP
2008-10-03,29.020000457763672,30.059999465942386,28.70000076293945,29.239999771118164,23.77619743347168,1408400.0,TMUS
2008-10-03,31.70000076293945,31.95000076293945,30.01000022888184,30.01000022888184,25.043800354003906,119500.0,TNC
2008-10-03,128.0,132.47999572753906,123.5999984741211,124.08000183105469,51.81884384155274,17500.0,TNK
2008-10-03,28.03000068664551,29.45000076293945,27.920000076293945,28.13999938964844,15.868772506713867,235100.0,TNP
2008-10-03,23.95000076293945,24.399999618530273,21.75,21.899999618530273,21.22765350341797,8786100.0,TOL
2008-10-03,11340000256.0,11843999744.0,11289600000.0,11743200256.0,11743200256.0,0.0,TOPS
2008-10-03,56.15999984741211,59.36000061035156,56.1500015258789,56.45000076293945,29.388782501220703,4822400.0,TOT
2008-10-03,21.83495140075684,22.281553268432614,21.368932723999023,21.39805793762207,16.228897094726562,34800.0,TOWN
2008-10-03,22.26000022888184,23.989999771118164,21.75,21.850000381469727,20.91783332824707,1186900.0,TPC
2008-10-03,36.81999969482422,39.0099983215332,36.20000076293945,37.599998474121094,34.49068069458008,11700.0,TPL
2008-10-03,23.01000022888184,23.13999938964844,21.5,21.549999237060547,15.614133834838867,7015700.0,TPR
2008-10-03,10.25,10.380000114440918,8.859999656677246,9.289999961853027,9.289999961853027,1642500.0,TPX
2008-10-03,23.01049041748047,23.62030792236328,22.32749366760254,22.32749366760254,19.29808616638184,205800.0,TR
2008-10-03,32.968273162841804,33.14719390869141,31.71583747863769,31.87592315673828,31.87592315673828,39100.0,TRC
2008-10-03,3.359999895095825,3.5,3.359999895095825,3.5,3.5,1200.0,TREC
2008-10-03,4.2199997901916495,4.980000019073486,3.9600000381469727,4.0399999618530265,3.8078160285949703,79000.0,TREE
2008-10-03,4.119999885559082,4.425000190734863,3.8675000667572017,3.8675000667572017,3.8675000667572017,791200.0,TREX
2008-10-03,26.8799991607666,28.60000038146973,26.79999923706055,26.809999465942386,17.82096290588379,492000.0,TRI
2008-10-03,2.8199999332427983,3.0999999046325684,2.8199999332427983,3.0999999046325684,2.839460849761963,4500.0,TRIB
2008-10-03,10.78499984741211,11.289999961853027,10.670000076293944,10.720000267028807,10.720000267028807,5181600.0,TRMB
2008-10-03,21.59000015258789,23.479999542236328,21.420000076293945,21.450000762939453,13.923502922058105,308800.0,TRMK
2008-10-03,7.27141809463501,7.958963394165039,7.27141809463501,7.6781859397888175,5.181297779083252,18804200.0,TRN
2008-10-03,7.130000114440918,7.130000114440918,7.130000114440918,7.130000114440918,7.130000114440918,200.0,TRNS
2008-10-03,146.8800048828125,146.8800048828125,146.8800048828125,146.8800048828125,146.8800048828125,0.0,TROV
2008-10-03,54.2400016784668,56.4900016784668,49.790000915527344,49.88000106811523,35.91843795776367,1969100.0,TROW
2008-10-03,35.36000061035156,36.33000183105469,34.59000015258789,34.799999237060554,18.650365829467773,607000.0,TRP
2008-10-03,3.756736040115357,4.133949279785156,3.6104695796966553,3.6874518394470215,3.6874518394470215,1986400.0,TRQ
2008-10-03,4.892430305480957,5.203187465667725,4.733067512512207,4.733067512512207,4.733067512512207,67100.0,TRS
2008-10-03,12.020000457763672,12.100000381469727,10.779999732971193,10.779999732971193,6.690292835235597,350000.0,TRST
2008-10-03,3.490000009536743,3.7000000476837163,3.4200000762939453,3.4200000762939453,3.4200000762939453,4500.0,TRT
2008-10-03,19.950000762939453,20.049999237060547,18.93000030517578,18.93000030517578,8.50853443145752,47700.0,TRTN
2008-10-03,42.68000030517578,43.16999816894531,38.52999877929688,38.79999923706055,29.11068344116211,4110300.0,TRV
2008-10-03,2.289999961853028,2.5199999809265137,2.1199998855590816,2.200000047683716,2.200000047683716,348700.0,TRX
2008-10-03,78.0,78.0,78.0,78.0,78.0,0.0,TRXC
2008-10-03,33.009998321533196,35.110000610351555,32.259998321533196,32.689998626708984,24.551494598388672,3584500.0,TS
2008-10-03,7.050000190734862,7.0999999046325675,7.0,7.0,5.6396541595458975,1300.0,TSBK
2008-10-03,9.6875,9.854999542236328,9.162500381469727,9.21500015258789,8.251415252685549,3464800.0,TSCO
2008-10-03,7.5,7.6500000953674325,7.050000190734862,7.3499999046325675,7.3499999046325675,14800.0,TSEM
2008-10-03,3.009999990463257,3.009999990463257,2.789999961853028,2.9100000858306885,1.0792351961135864,58700.0,TSI
2008-10-03,8.776119232177733,9.04477596282959,8.348258972167969,8.407959938049316,5.66896915435791,21325400.0,TSM
2008-10-03,12.510000228881836,12.779999732971193,11.56999969482422,11.68000030517578,10.040833473205566,5617300.0,TSN
2008-10-03,5.119999885559082,5.119999885559082,5.119999885559082,5.119999885559082,3.0826711654663086,0.0,TSRI
2008-10-03,20.09000015258789,20.86000061035156,19.020000457763672,19.56999969482422,15.172626495361328,294500.0,TSU
2008-10-03,5.724810123443604,6.157780170440674,5.612559795379639,6.157780170440674,6.100078582763673,325149.0,TT
2008-10-03,10.045000076293944,10.09749984741211,9.364999771118164,9.44499969482422,6.41921854019165,2620400.0,TTC
2008-10-03,12.93000030517578,13.199999809265135,12.350000381469727,12.380000114440918,11.373849868774414,440900.0,TTEC
2008-10-03,21.459999084472656,22.95000076293945,20.07999992370605,20.13999938964844,19.024982452392575,1522700.0,TTEK
2008-10-03,5.75,5.980000019073486,5.510000228881836,5.510000228881836,5.510000228881836,40000.0,TTGT
2008-10-03,12.039999961853027,12.800000190734865,11.600000381469727,11.81999969482422,10.39535903930664,982600.0,TTI
2008-10-03,7.019999980926514,7.480000019073486,7.010000228881836,7.130000114440918,6.578801155090332,803600.0,TTM
2008-10-03,9.260000228881836,9.4399995803833,8.680000305175781,8.680000305175781,8.680000305175781,344300.0,TTMI
2008-10-03,7.624309539794923,7.624309539794923,6.629834175109862,6.629834175109862,6.629834175109862,12800.0,TTNP
2008-10-03,15.140000343322756,15.289999961853027,14.800000190734865,15.010000228881836,15.010000228881836,1600900.0,TTWO
2008-10-03,8.897500038146973,9.032500267028807,8.625,8.652500152587889,4.927031517028809,617600.0,TU
2008-10-03,4.079999923706056,4.2100000381469735,3.809999942779541,3.809999942779541,3.809999942779541,81600.0,TUES
2008-10-03,25.899999618530273,26.020000457763672,25.07999992370605,25.40999984741211,16.482295989990234,1224300.0,TUP
2008-10-03,5.960000038146973,6.289999961853027,5.760000228881836,5.760000228881836,5.760000228881836,115900.0,TURN
2008-10-03,20.600000381469727,21.31999969482422,19.34000015258789,19.36000061035156,17.282577514648438,2307700.0,TV
2008-10-03,25.309999465942386,25.35000038146973,25.25,25.25,16.004737854003903,5200.0,TVC
2008-10-03,25.309999465942386,25.309999465942386,25.10000038146973,25.11000061035156,16.402664184570312,8000.0,TVE
2008-10-03,16.049999237060547,16.510000228881836,15.15999984741211,15.199999809265135,15.199999809265135,212600.0,TVTY
2008-10-03,17.700000762939453,18.46999931335449,15.770000457763672,17.420000076293945,16.942743301391598,2865700.0,TWI
2008-10-03,13.300000190734865,13.479999542236328,12.010000228881836,12.100000381469727,10.33729076385498,69800.0,TWIN
2008-10-03,0.017000000923871994,0.017000000923871994,0.017000000923871994,0.017000000923871994,0.017000000923871994,0.0,TWLO
2008-10-03,47.79999923706055,54.0,47.4000015258789,48.79999923706055,38.01263046264648,300.0,TWMC
2008-10-03,11.130000114440918,11.449999809265135,11.050000190734863,11.0600004196167,7.151493549346924,52100.0,TWN
2008-10-03,16.25,18.13999938964844,16.100000381469727,16.219999313354492,11.599930763244627,850300.0,TX
2008-10-03,1.7999999523162842,1.7999999523162842,1.7999999523162842,1.7999999523162842,1.7999999523162842,0.0,TXG
2008-10-03,50.0,50.0,50.0,50.0,50.0,0.0,TXMD
2008-10-03,20.940000534057614,21.61000061035156,20.63999938964844,21.059999465942386,15.766060829162598,21456800.0,TXN
2008-10-03,8.890000343322754,8.890000343322754,8.239999771118164,8.239999771118164,6.837136745452881,861100.0,TXRH
2008-10-03,27.32999992370605,27.79999923706055,24.61000061035156,25.21999931335449,24.01938056945801,4798500.0,TXT
2008-10-03,14.210000038146973,14.5,14.029999732971193,14.170000076293945,9.010997772216797,131900.0,TY
2008-10-03,22.170000076293945,22.95000076293945,22.0,22.5,9.276296615600586,92700.0,TYG
2008-10-03,14.989999771118164,14.989999771118164,14.100000381469727,14.119999885559082,14.119999885559082,317900.0,TYL
2008-10-03,7.360000133514403,8.300000190734862,7.309999942779541,7.71999979019165,7.71999979019165,119500.0,TZOO
2008-10-03,3.8125,3.8137500286102295,3.275000095367432,3.376250028610229,3.376250028610229,9004800.0,UAA
2008-10-03,21.13999938964844,21.5,21.13999938964844,21.5,21.5,2500.0,UAG
2008-10-03,9.600000381469727,9.770000457763672,7.710000038146973,8.109999656677246,8.109999656677246,12152300.0,UAL
2008-10-03,0.30000001192092896,0.30000001192092896,0.30000001192092896,0.30000001192092896,0.30000001192092896,1200.0,UAMY
2008-10-03,1875.0,1875.0,1875.0,1875.0,1875.0,0.0,UAVS
2008-10-03,18.399999618530273,18.690000534057614,17.489999771118164,18.200000762939453,9.734292030334473,143600.0,UBA
2008-10-03,10.989999771118164,10.989999771118164,10.25,10.350000381469727,5.758217811584473,3000.0,UBCP
2008-10-03,12.128518104553224,12.60105800628662,12.128518104553224,12.167896270751953,10.958086013793944,2000.0,UBFO
2008-10-03,22.76000022888184,23.170000076293945,21.780000686645508,22.899999618530273,22.899999618530273,2300.0,UBG
2008-10-03,10.254371643066406,10.254371643066406,10.254371643066406,10.254371643066406,7.621821880340576,0.0,UBOH
2008-10-03,16.920000076293945,16.920000076293945,16.459999084472653,16.459999084472653,8.521596908569336,400.0,UBP
2008-10-03,19.950000762939453,21.299999237060547,19.190000534057614,19.950000762939453,14.5133695602417,7562000.0,UBS
2008-10-03,34.5,34.77000045776367,31.959999084472656,32.049999237060554,19.56521415710449,138700.0,UBSI
2008-10-03,288.0,288.0,288.0,288.0,288.0,0.0,UBX
2008-10-03,67.3814697265625,74.46654510498047,64.88948059082031,68.40758514404297,61.7133674621582,54900.0,UCBI
2008-10-03,21.5,21.5,19.09000015258789,19.09000015258789,19.09000015258789,1500.0,UCI
2008-10-03,5.360000133514403,5.449999809265137,5.099999904632568,5.150000095367432,5.150000095367432,134700.0,UCTT
2008-10-03,24.06999969482422,24.25,23.0,23.45000076293945,14.58627700805664,2074800.0,UDR
2008-10-03,0.8100000023841858,0.8600000143051147,0.6800000071525574,0.6800000071525574,0.6800000071525574,125100.0,UEC
2008-10-03,24.20000076293945,24.489999771118164,22.739999771118164,22.899999618530273,22.899999618530273,89700.0,UEIC
2008-10-03,21.450000762939453,21.729999542236328,20.18000030517578,20.25,20.25,428100.0,UEPS
2008-10-03,27.56999969482422,31.60000038146973,27.020000457763672,28.46999931335449,19.76239585876465,47500.0,UFCS
2008-10-03,14.729999542236328,14.729999542236328,13.770000457763672,13.949999809265135,13.949999809265135,205100.0,UFI
2008-10-03,10.970000267028807,11.15999984741211,10.260000228881836,10.293333053588867,9.091178894042967,360900.0,UFPI
2008-10-03,6.809999942779541,6.880000114440918,6.5999999046325675,6.619999885559082,6.619999885559082,38000.0,UFPT
2008-10-03,24.60000038146973,25.68000030517578,22.68000030517578,23.040000915527344,14.540135383605955,502200.0,UFS
2008-10-03,10.170000076293944,10.449999809265137,10.119999885559082,10.130000114440918,5.811616897583008,10100.0,UG
2008-10-03,17.379999160766598,17.786666870117188,17.139999389648438,17.139999389648438,11.279224395751953,1776100.0,UGI
2008-10-03,3.016249895095825,3.095000028610229,2.700000047683716,2.751250028610229,1.0644818544387815,928000.0,UGP
2008-10-03,41.88999938964844,41.91999816894531,37.47000122070313,38.93999862670898,35.38022994995117,34100.0,UHAL
2008-10-03,26.479999542236328,26.86000061035156,25.670000076293945,25.739999771118164,24.124860763549805,1242800.0,UHS
2008-10-03,38.20000076293945,38.20000076293945,36.06999969482422,36.25,19.363401412963867,36200.0,UHT
2008-10-03,4.599999904632568,4.599999904632568,4.599999904632568,4.599999904632568,3.8515214920043945,0.0,UIHC
2008-10-03,25.399999618530273,25.70000076293945,23.0,23.20000076293945,23.20000076293945,795400.0,UIS
2008-10-03,27.56999969482422,28.35000038146973,27.54999923706055,27.709999084472656,18.586233139038086,1227000.0,UL
2008-10-03,7.03000020980835,7.829999923706055,6.670000076293945,6.679999828338622,6.679999828338622,127600.0,ULBI
2008-10-03,22.90999984741211,23.21999931335449,21.56999969482422,21.770000457763672,15.419052124023438,6200.0,ULH
2008-10-03,12.9399995803833,13.0,12.109999656677244,12.15999984741211,12.025442123413086,406200.0,ULTA
2008-10-03,58.0,60.0,54.06999969482422,55.5,45.29705047607422,168400.0,UMBF
2008-10-03,2.049999952316284,2.200000047683716,1.940000057220459,2.049999952316284,1.414050579071045,8980100.0,UMC
2008-10-03,7.25,7.25,7.059999942779541,7.1500000953674325,3.108086585998535,6200.0,UMH
2008-10-03,17.93000030517578,18.399999618530273,16.440000534057614,16.870000839233402,11.373903274536133,445800.0,UMPQ
2008-10-03,27.559999465942386,28.270000457763672,27.520000457763672,27.56999969482422,18.414995193481445,2093000.0,UN
2008-10-03,7.75,7.75,7.75,7.75,6.485548973083496,0.0,UNAM
2008-10-03,20.25,20.25,20.25,20.25,12.17336368560791,500.0,UNB
2008-10-03,40.61000061035156,41.099998474121094,38.83000183105469,38.83000183105469,37.75249099731445,76800.0,UNF
2008-10-03,25.209999084472656,25.29999923706055,24.85000038146973,24.989999771118164,24.989999771118164,818400.0,UNFI
2008-10-03,25.059999465942386,25.290000915527344,23.989999771118164,24.11000061035156,20.53299903869629,7621800.0,UNH
2008-10-03,24.690000534057614,24.989999771118164,23.35000038146973,23.5,18.41909408569336,6422500.0,UNM
2008-10-03,31.545000076293945,32.669998168945305,30.26499938964844,30.90500068664551,21.67786407470703,21975600.0,UNP
2008-10-03,42.5,46.15999984741211,42.400001525878906,42.84000015258789,42.84000015258789,985500.0,UNT
2008-10-03,4.045454502105713,4.090909004211427,3.681818246841431,3.681818246841431,3.3583872318267822,6000.0,UNTY
2008-10-03,1.7799999713897705,1.7799999713897705,1.149999976158142,1.149999976158142,1.149999976158142,2900.0,UONE
2008-10-03,0.8500000238418579,0.8500000238418579,0.8100000023841858,0.8299999833106995,0.8299999833106995,135500.0,UONEK
2008-10-03,61.72999954223633,63.38000106811523,60.4000015258789,60.7599983215332,42.68860626220703,7101600.0,UPS
2008-10-03,28.770000457763672,29.25,26.29999923706055,26.54999923706055,26.54999923706055,9372600.0,URBN
2008-10-03,0.5299999713897705,0.5600000023841858,0.5,0.550000011920929,0.550000011920929,175700.0,URG
2008-10-03,13.529999732971193,13.829999923706055,12.75,12.779999732971193,12.779999732971193,1070800.0,URI
2008-10-03,31.36000061035156,31.36000061035156,31.36000061035156,31.36000061035156,31.36000061035156,100.0,URR
2008-10-03,4.510000228881836,4.579999923706055,4.360000133514403,4.4099998474121085,1.6544173955917358,344400.0,USA
2008-10-03,15.239999771118164,16.010000228881836,14.920000076293945,15.119999885559082,15.119999885559082,24600.0,USAK
2008-10-03,22.049999237060547,23.29999923706055,22.049999237060547,22.78000068664551,22.78000068664551,68200.0,USAP
2008-10-03,8.520000457763674,8.520000457763674,8.520000457763674,8.520000457763674,8.520000457763674,100.0,USAS
2008-10-03,127.44000244140624,133.19999694824222,126.72000122070312,130.32000732421878,130.32000732421878,0.0,USAU
2008-10-03,36.79999923706055,37.310001373291016,34.90999984741211,35.060001373291016,26.895177841186523,23434400.0,USB
2008-10-03,151.1999969482422,154.1999969482422,150.0,152.39999389648438,152.39999389648438,600.0,USEG
2008-10-03,0.6000000238418579,0.6000000238418579,0.6000000238418579,0.6000000238418579,0.6000000238418579,1100.0,USIO
2008-10-03,38.0,38.0,36.849998474121094,36.849998474121094,33.244384765625,900.0,USLM
2008-10-03,44.75,45.36999893188477,42.099998474121094,42.099998474121094,36.10952377319336,94100.0,USM
2008-10-03,21.09000015258789,21.375,19.13500022888184,19.84000015258789,19.84000015258789,152400.0,USNA
2008-10-03,16.299999237060547,16.620000839233402,15.449999809265135,15.710000038146973,13.956372261047365,44400.0,USPH
2008-10-03,16.719999313354492,16.719999313354492,16.719999313354492,16.719999313354492,16.719999313354492,500.0,USV
2008-10-03,15.979999542236328,16.299999237060547,15.34000015258789,15.380000114440918,5.8355045318603525,194100.0,UTF
2008-10-03,17.450000762939453,17.450000762939453,17.0,17.100000381469727,7.5257201194763175,36900.0,UTG
2008-10-03,52.24499893188477,52.334999084472656,49.7750015258789,50.2750015258789,50.2750015258789,1482200.0,UTHR
2008-10-03,16.770000457763672,17.030000686645508,16.200000762939453,16.219999313354492,13.246417999267578,174100.0,UTI
2008-10-03,26.46999931335449,27.0,26.46999931335449,26.60000038146973,15.924603462219238,4800.0,UTL
2008-10-03,28.0,28.0,27.81999969482422,27.81999969482422,20.827295303344727,500.0,UTMD
2008-10-03,9.479999542236328,9.8100004196167,8.640000343322754,8.640000343322754,8.640000343322754,323900.0,UTSI
2008-10-03,56.36000061035156,57.099998474121094,54.790000915527344,54.86000061035156,41.676265716552734,9731800.0,UTX#
2008-10-03,56.36000061035156,57.099998474121094,54.790000915527344,54.86000061035156,41.676265716552734,9731800.0,UTX
2008-10-03,4.800000190734863,5.050000190734863,4.800000190734863,4.989999771118164,4.989999771118164,1300.0,UUU
2008-10-03,16.5,19.0,16.0,16.5,16.5,200.0,UUUU
2008-10-03,3.2799999713897705,3.5,3.0499999523162837,3.25,1.7663099765777588,75400.0,UVE
2008-10-03,35.0,36.099998474121094,33.779998779296875,33.779998779296875,21.414594650268555,17100.0,UVSP
2008-10-03,50.22000122070313,50.56999969482422,48.0,48.040000915527344,28.03274726867676,367600.0,UVV
2008-10-03,14.767499923706055,15.042499542236328,14.077500343322756,14.210000038146973,11.297185897827148,58355600.0,V
2008-10-03,204.67999267578125,216.6000061035156,200.3999938964844,202.72000122070312,159.36488342285156,710200.0,VAL
2008-10-03,16.329999923706055,17.309999465942386,15.470000267028807,15.770000457763672,11.257370948791504,65342400.0,VALE
2008-10-03,39.9900016784668,39.9900016784668,35.130001068115234,35.349998474121094,17.325241088867188,1100.0,VALU
2008-10-03,49.2467041015625,50.11483383178711,47.82612609863281,47.84366226196289,47.84366226196289,1899400.0,VAR
2008-10-03,14.68000030517578,14.890000343322756,14.449999809265135,14.640000343322756,7.415589332580566,16900.0,VBF
2008-10-03,134.8800048828125,134.8800048828125,134.8800048828125,134.8800048828125,134.8800048828125,0.0,VBFC
2008-10-03,12.300000190734865,12.300000190734865,12.300000190734865,12.300000190734865,12.300000190734865,0.0,VBIV
2008-10-03,35.20000076293945,40.0,33.59999847412109,35.20000076293945,35.20000076293945,1100.0,VCEL
2008-10-03,12.770000457763672,13.149999618530273,12.770000457763672,13.149999618530273,7.64249324798584,8400.0,VCF
2008-10-03,11.449999809265135,11.739999771118164,11.34000015258789,11.40999984741211,5.502865791320801,32900.0,VCV
2008-10-03,12.899999618530273,13.25,12.350000381469727,12.380000114440918,12.380000114440918,347800.0,VECO
2008-10-03,13.62270450592041,14.023372650146484,12.570951461791992,12.75459098815918,8.542492866516112,905400.0,VEDL
2008-10-03,18.13999938964844,19.200000762939453,17.399999618530273,17.399999618530273,9.353240966796877,4061200.0,VEON
2008-10-03,0.045000001788139336,0.045000001788139336,0.045000001788139336,0.045000001788139336,0.025053411722183228,0.0,VER
2008-10-03,3.0499999523162837,3.119999885559082,3.0499999523162837,3.119999885559082,2.624803066253662,16700.0,VERU
2008-10-03,17.530603408813473,17.624765396118164,16.963275909423828,17.04566764831543,7.814019203186035,4649800.0,VFC
2008-10-03,9.640000343322754,9.8100004196167,9.640000343322754,9.8100004196167,5.571670055389403,6600.0,VFL
2008-10-03,1.0499999523162842,1.0499999523162842,0.9499999880790709,0.9499999880790709,0.9499999880790709,358600.0,VG
2008-10-03,11.779999732971193,11.800000190734865,11.720000267028807,11.770000457763672,5.511746406555176,64600.0,VGM
2008-10-03,10.167572975158693,10.231887817382812,9.962935447692873,9.962935447692873,2.4487459659576416,212400.0,VGR
2008-10-03,1.950000047683716,2.2100000381469727,1.9299999475479128,2.049999952316284,2.049999952316284,112200.0,VGZ
2008-10-03,2.0899999141693115,2.0899999141693115,1.8999999761581419,2.0,1.8463901281356807,19200.0,VHC
2008-10-03,5.9000000953674325,5.916666507720947,5.046666622161865,5.119999885559082,3.2696566581726074,132300.0,VHI
2008-10-03,13.829999923706055,13.890000343322756,12.800000190734865,12.890000343322756,12.645939826965332,9885700.0,VIAC
2008-10-03,4.465301513671875,4.709897518157959,4.2946529388427725,4.311717987060547,4.311717987060547,8633500.0,VIAV
2008-10-03,8.390000343322754,9.050000190734863,8.380000114440918,8.569999694824219,8.29039192199707,112900.0,VICR
2008-10-03,3.390000104904175,3.400000095367432,3.3299999237060547,3.400000095367432,3.050191640853882,21800.0,VIRC
2008-10-03,22.57999992370605,23.690000534057614,22.18000030517578,22.40999984741211,10.319607734680176,125100.0,VIV
2008-10-03,29.35000038146973,29.6299991607666,28.18000030517578,28.239999771118164,19.104900360107425,234000.0,VIVO
2008-10-03,10.329999923706056,10.489999771118164,10.100000381469727,10.100000381469727,4.728312015533447,61100.0,VKI
2008-10-03,11.710000038146973,12.199999809265135,11.640000343322756,11.68000030517578,5.585845470428467,53700.0,VKQ
2008-10-03,23.239999771118164,23.80500030517578,22.0049991607666,22.0049991607666,13.880495071411133,12400.0,VLGEA
2008-10-03,23.97623443603516,25.85923194885254,23.27239418029785,23.50091361999512,16.893388748168945,16613500.0,VLO
2008-10-03,11.050000190734863,11.350000381469727,11.0,11.050000190734863,3.9784882068634033,2400.0,VLT
2008-10-03,18.379173278808594,19.66259002685547,18.099454879760746,18.099454879760746,10.188278198242188,1143300.0,VLY
2008-10-03,69.98000335693361,71.41000366210938,63.54999923706055,64.40000152587889,56.17412948608398,1916500.0,VMC
2008-10-03,0.04399999976158142,0.04399999976158142,0.04399999976158142,0.04399999976158142,0.04399999976158142,0.0,VMD
2008-10-03,64.01999664306639,72.5,63.349998474121094,66.93000030517578,59.47649002075195,711400.0,VMI
2008-10-03,11.920000076293945,11.920000076293945,11.75,11.75,7.0406227111816415,2200.0,VMM
2008-10-03,11.119999885559082,11.399999618530273,11.100000381469727,11.119999885559082,5.2406768798828125,44500.0,VMO
2008-10-03,25.0,25.0,22.56999969482422,22.56999969482422,18.749431610107425,2945500.0,VMW
2008-10-03,0.9800000190734864,1.0,0.9300000071525574,0.9499999880790709,0.9499999880790709,518600.0,VNDA
2008-10-03,63.03540802001953,64.38888549804689,58.49211883544922,58.7481803894043,34.974857330322266,5169600.0,VNO
2008-10-03,22.97655487060547,23.50662612915039,22.92558670043945,23.08868408203125,11.461517333984375,7178000.0,VOD
2008-10-03,8.420000076293945,8.590000152587889,8.329999923706055,8.340000152587889,8.340000152587889,374400.0,VOLT
2008-10-03,8.890000343322754,9.119999885559082,8.329999923706055,8.569999694824219,8.569999694824219,69700.0,VOXX
2008-10-03,11.079999923706056,11.25,11.0600004196167,11.210000038146973,5.5220680236816415,15700.0,VPV
2008-10-03,1.0199999809265137,1.0199999809265137,0.75,1.0,1.0,8100.0,VRML
2008-10-03,15.5,15.75,15.25,15.649999618530273,15.649999618530273,5200.0,VRNT
2008-10-03,24.40999984741211,25.059999465942386,23.020000457763672,23.059999465942386,19.581422805786133,5379500.0,VRSN
2008-10-03,4.599999904632568,4.599999904632568,4.599999904632568,4.599999904632568,4.599999904632568,20.0,VRT
2008-10-03,6.610000133514403,6.610000133514403,5.630000114440918,5.630000114440918,5.630000114440918,47600.0,VRTU
2008-10-03,30.86000061035156,32.549999237060554,29.020000457763672,29.10000038146973,29.10000038146973,3348200.0,VRTX
2008-10-03,22.100000381469727,22.459999084472656,21.26000022888184,21.280000686645508,21.280000686645508,107900.0,VSAT
2008-10-03,16.09000015258789,16.09000015258789,14.920000076293945,15.135000228881836,13.790936470031738,92200.0,VSEC
2008-10-03,6.1500000953674325,6.309999942779541,6.019999980926514,6.019999980926514,4.760002613067627,2442400.0,VSH
2008-10-03,4.108630180358887,4.158130168914795,4.059120178222656,4.069019794464111,3.39036226272583,364734.0,VST
2008-10-03,10.5,10.75,10.15999984741211,10.199999809265137,3.874030590057373,155200.0,VTA
2008-10-03,11.289999961853027,11.289999961853027,11.039999961853027,11.039999961853027,5.4688920974731445,18700.0,VTN
2008-10-03,1.100000023841858,1.100000023841858,1.100000023841858,1.100000023841858,1.100000023841858,100.0,VTNR
2008-10-03,55.487037658691406,56.36633682250977,50.74797439575195,50.74797439575195,29.74310111999512,1450500.0,VTR
2008-10-03,22.992637634277344,23.891456604003906,22.14517974853516,22.205101013183594,16.396474838256836,159300.0,VVI
2008-10-03,4.079999923706056,4.2800002098083505,4.059999942779541,4.059999942779541,1.7884076833724976,524600.0,VVR
2008-10-03,79.0999984741211,80.0,77.5,77.80000305175781,77.80000305175781,52100.0,VVUS
2008-10-03,264.0,275.8800048828125,258.72000122070307,264.66000366210943,237.5078430175781,5300.0,VXRT
2008-10-03,29.693565368652344,30.01244735717773,29.14958953857422,29.29965209960937,16.5584716796875,22214500.0,VZ
2008-10-03,22.79999923706055,24.28000068664551,22.649999618530273,23.20499992370605,22.165552139282227,2506600.0,WAB
2008-10-03,58.5,59.4000015258789,55.63000106811523,55.63000106811523,39.491546630859375,178600.0,WABC
2008-10-03,19.989999771118164,21.0,19.11000061035156,19.13999938964844,15.26527214050293,1202500.0,WAFD
2008-10-03,17.0,17.0,15.25,15.34000015258789,15.11037826538086,145400.0,WAL
2008-10-03,26.5,27.29999923706055,23.51000022888184,24.71999931335449,16.082807540893555,16200.0,WASH
2008-10-03,55.15999984741211,56.36999893188477,53.77999877929688,54.06000137329102,54.06000137329102,985000.0,WAT
2008-10-03,29.63999938964844,29.63999938964844,27.85000038146973,27.959999084472656,21.628314971923828,10833000.0,WBA
2008-10-03,32.709999084472656,33.34999847412109,31.46999931335449,31.68000030517578,31.31483268737793,905400.0,WBC
2008-10-03,17.823999404907227,18.59000015258789,17.450000762939453,17.472000122070312,2.202775478363037,101000.0,WBK
2008-10-03,25.229999542236328,25.809999465942386,23.920000076293945,24.739999771118164,19.57579231262207,666300.0,WBS
2008-10-03,28.51000022888184,29.34000015258789,27.1299991607666,27.43000030517578,27.43000030517578,1022100.0,WCC
2008-10-03,15.097777366638185,15.5600004196167,14.995555877685547,15.479999542236328,13.59390354156494,2813800.0,WCN
2008-10-03,20.43000030517578,20.729999542236328,18.71999931335449,18.799999237060547,14.954300880432127,6553700.0,WDC
2008-10-03,36.61000061035156,37.61999893188477,35.90999984741211,35.939998626708984,28.06602478027344,48500.0,WDFC
2008-10-03,23.26000022888184,25.270000457763672,21.520000457763672,21.520000457763672,11.870004653930664,1028600.0,WDR
2008-10-03,9.18000030517578,9.399999618530273,8.84000015258789,8.850000381469727,3.446400880813598,15700.0,WEA
2008-10-03,22.899999618530273,22.940000534057614,22.19499969482422,22.309999465942386,13.876748085021973,2268200.0,WEC
2008-10-03,0.1599999964237213,0.1599999964237213,0.1599999964237213,0.1599999964237213,0.1599999964237213,0.0,WEI
2008-10-03,52.65999984741211,53.5,50.81000137329102,50.97000122070313,27.70954704284668,1718900.0,WELL
2008-10-03,4.96999979019165,4.96999979019165,4.539999961853027,4.630000114440918,3.680914640426636,7679300.0,WEN
2008-10-03,20.0,20.670000076293945,19.09000015258789,19.71999931335449,11.17365550994873,2030500.0,WERN
2008-10-03,13.010000228881836,13.720000267028807,12.90999984741211,13.050000190734865,7.190040588378906,77700.0,WES
2008-10-03,1.4500000476837158,1.5199999809265137,1.4500000476837158,1.4500000476837158,1.2614762783050537,33000.0,WETF
2008-10-03,27.36000061035156,28.90999984741211,27.04999923706055,27.1299991607666,27.1299991607666,176800.0,WEX
2008-10-03,33.11999893188477,33.86999893188477,30.36000061035156,30.36000061035156,21.656349182128906,17900.0,WEYS
2008-10-03,35.983314514160156,37.23480224609375,32.288436889648445,32.872467041015625,26.260467529296875,21800.0,WF
2008-10-03,37.97999954223633,38.95000076293945,34.5,34.560001373291016,25.45097351074219,81074700.0,WFC
2008-10-03,11.40999984741211,11.539999961853027,10.350000381469727,10.390000343322754,9.53861141204834,464800.0,WGO
2008-10-03,46.70000076293945,48.29999923706055,46.25,46.86000061035156,27.989879608154297,14700.0,WHG
2008-10-03,3.0,3.0,3.0,3.0,3.0,0.0,WHLM
2008-10-03,77.2300033569336,79.11000061035156,71.11000061035156,71.12999725341797,52.26409530639648,2853500.0,WHR
2008-10-03,10.640000343322754,10.720000267028807,10.56999969482422,10.579999923706056,6.880876541137695,166100.0,WIA
2008-10-03,3.0,3.009999990463257,2.740000009536743,2.8499999046325684,2.6731033325195312,7200.0,WILC
2008-10-03,18.209999084472656,18.489999771118164,17.600000381469727,17.600000381469727,16.042091369628903,900.0,WINA
2008-10-03,17.90999984741211,18.09000015258789,16.809999465942386,16.84000015258789,16.37179183959961,242100.0,WIRE
2008-10-03,2.475468397140503,2.67082953453064,2.3282783031463623,2.4326493740081787,1.8730499744415283,2318200.0,WIT
2008-10-03,10.760000228881836,10.8100004196167,10.75,10.75,6.7685303688049325,182400.0,WIW
2008-10-03,2.359999895095825,2.369999885559082,2.359999895095825,2.359999895095825,2.359999895095825,700.0,WLDN
2008-10-03,10.970000267028807,11.06999969482422,10.90999984741211,10.949999809265137,10.949999809265137,5100.0,WLFC
2008-10-03,10.550000190734863,11.06999969482422,10.130000114440918,10.154999732971193,8.567690849304201,1062800.0,WLK
2008-10-03,118.0,126.66000366210938,111.26000213623048,112.4800033569336,112.4800033569336,875800.0,WLL
2008-10-03,82.67549896240234,87.86754608154297,78.80794525146484,80.52980041503906,60.29657363891602,655600.0,WLTW
2008-10-03,32.11999893188477,33.43000030517578,32.09000015258789,32.209999084472656,22.44021797180176,6597000.0,WM
2008-10-03,16.06759262084961,16.75235939025879,15.43173599243164,15.537712097167967,8.998629570007324,17863400.0,WMB
2008-10-03,36.56999969482422,36.83000183105469,35.400001525878906,35.400001525878906,24.70138740539551,31500.0,WMK
2008-10-03,28.5,28.709999084472656,25.040000915527344,25.040000915527344,22.93658828735352,1506348.0,WMS
2008-10-03,59.4000015258789,60.22000122070313,58.86999893188477,59.72999954223633,45.218177795410156,31118600.0,WMT
2008-10-03,8.550000190734862,8.989999771118164,8.069999694824219,8.079999923706055,7.558847427368164,203100.0,WNC
2008-10-03,9.960000038146973,10.239999771118164,9.869999885559082,9.93000030517578,6.407044887542725,49800.0,WNEB
2008-10-03,9.890000343322754,9.890000343322754,9.59000015258789,9.789999961853027,9.789999961853027,16800.0,WNS
2008-10-03,14.0,15.100000381469727,13.4399995803833,13.449999809265135,10.059988021850586,1439300.0,WOR
2008-10-03,24.70000076293945,25.989999771118164,24.70000076293945,25.420000076293945,12.638016700744627,21500.0,WPC
2008-10-03,7.179999828338622,7.730000019073486,6.980000019073486,7.0900001525878915,6.235494136810303,4908500.0,WPM
2008-10-03,39.93999862670898,41.47999954223633,39.63999938964844,39.77999877929688,26.52910804748535,108000.0,WPP
2008-10-03,8.050000190734862,8.050000190734862,7.5,7.75,7.75,116500.0,WPRT
2008-10-03,16.866666793823242,17.15333366394043,15.993332862854006,16.033332824707028,12.79647159576416,1047900.0,WRB
2008-10-03,35.4900016784668,35.4900016784668,33.290000915527344,33.43000030517578,18.760160446166992,731400.0,WRE
2008-10-03,32.549999237060554,33.02000045776367,29.95000076293945,30.0,14.901043891906738,1415300.0,WRI
2008-10-03,32.0,34.009998321533196,30.239999771118164,30.34000015258789,30.34000015258789,199900.0,WRLD
2008-10-03,0.6499999761581421,0.6899999976158142,0.6399999856948853,0.6499999761581421,0.6499999761581421,2400.0,WRN
2008-10-03,25.809999465942386,26.40999984741211,24.04999923706055,25.239999771118164,17.24131965637207,133200.0,WSBC
2008-10-03,8.91359806060791,9.095880508422852,8.530805587768555,8.530805587768555,6.60647439956665,6000.0,WSBF
2008-10-03,18.536666870117188,19.453332901000977,18.536666870117188,18.636667251586914,16.578178405761722,57600.0,WSFS
2008-10-03,15.350000381469727,15.5,14.859999656677244,14.880000114440918,11.023847579956056,1064700.0,WSM
2008-10-03,46.86000061035156,48.0,45.540000915527344,46.209999084472656,32.25370407104492,234500.0,WSO
2008-10-03,23.35000038146973,23.559999465942386,22.25,22.26499938964844,18.15403938293457,623800.0,WST
2008-10-03,7.1599998474121085,7.1599998474121085,6.0,6.5,3.565687894821167,9700.0,WSTG
2008-10-03,2.799999952316284,2.799999952316284,2.5999999046325684,2.799999952316284,2.799999952316284,51200.0,WSTL
2008-10-03,13.100000381469727,13.239999771118164,12.0600004196167,12.890000343322756,9.232443809509276,16500.0,WTBA
2008-10-03,30.68000030517578,31.979999542236328,29.95000076293945,30.10000038146973,27.248350143432614,220300.0,WTFC
2008-10-03,22.65999984741211,25.06999969482422,22.040000915527344,22.18000030517578,17.185619354248047,1829600.0,WTI
2008-10-03,430.0,435.0,413.4599914550781,415.1000061035156,404.81646728515625,17600.0,WTM
2008-10-03,26.86000061035156,27.45000076293945,25.3799991607666,25.43000030517578,22.08608055114746,1232200.0,WTS
2008-10-03,1.0499999523162842,1.0700000524520874,0.9900000095367432,1.0499999523162842,1.0499999523162842,22400.0,WTT
2008-10-03,22.15999984741211,22.8700008392334,21.18000030517578,21.239999771118164,15.581764221191404,7352300.0,WU
2008-10-03,16.0,16.0,16.0,16.0,12.399622917175293,500.0,WVFC
2008-10-03,4.929999828338623,4.989999771118164,4.809999942779541,4.989999771118164,4.989999771118164,1200.0,WVVI
2008-10-03,35.63999938964844,36.45000076293945,35.209999084472656,35.5,32.26690673828125,513200.0,WW
2008-10-03,31.149999618530273,32.330001831054695,29.68000030517578,29.78000068664551,27.090227127075195,838900.0,WWD
2008-10-03,15.170000076293945,15.510000228881836,14.989999771118164,14.989999771118164,8.85843563079834,219700.0,WWE
2008-10-03,8400.0,9540.0,7920.0,7920.0,7920.0,100.0,WWR
2008-10-03,13.15999984741211,13.609999656677244,12.954999923706055,12.96500015258789,10.447680473327637,1305800.0,WWW
2008-10-03,58.86000061035156,59.6500015258789,56.0,56.79999923706055,38.86631774902344,2082300.0,WY
2008-10-03,6.5146727561950675,6.537246227264403,5.620767593383789,5.733634471893311,3.312987804412842,11129200.0,WYND
2008-10-03,74.48999786376953,74.94000244140625,70.25,70.41999816894531,43.50454711914063,1936700.0,WYNN
2008-10-03,0.4000000059604645,0.4600000083446503,0.4000000059604645,0.4399999976158142,0.4399999976158142,72100.0,WYY
2008-10-03,64.66000366210939,70.0,63.13999938964844,63.5,56.87283325195313,11255200.0,X
2008-10-03,22.559999465942386,22.559999465942386,18.200000762939453,19.0,9.137843132019043,69000.0,XAN
2008-10-03,42.88000106811523,45.61999893188477,41.7599983215332,42.2400016784668,39.15143203735352,1558000.0,XEC
2008-10-03,19.920000076293945,20.209999084472656,19.350000381469727,19.350000381469727,12.415282249450685,6613400.0,XEL
2008-10-03,3.400000095367432,3.400000095367432,2.8499999046325684,3.0,1.726417899131775,300700.0,XIN
2008-10-03,22.31999969482422,23.03000068664551,21.979999542236328,22.020000457763672,16.75609016418457,7919400.0,XLNX
2008-10-03,77.8499984741211,81.75,77.55000305175781,77.94000244140625,54.0465087890625,44177200.0,XOM
2008-10-03,582.0,582.0,480.0,480.0,480.0,4100.0,XOMA
2008-10-03,15.31999969482422,16.200000762939453,14.68000030517578,14.68000030517578,11.183182716369627,601200.0,XPER
2008-10-03,3.259999990463257,3.2999999523162837,3.0,3.2300000190734863,3.2300000190734863,5000.0,XPL
2008-10-03,4.519999980926514,4.800000190734863,4.519999980926514,4.800000190734863,4.800000190734863,1600.0,XPO
2008-10-03,38.04999923706055,39.22000122070313,37.59000015258789,37.65999984741211,35.001354217529304,1689800.0,XRAY
2008-10-03,28.959156036376953,28.959156036376953,26.27140998840332,26.35046195983887,22.104978561401367,4117100.0,XRX
2008-10-03,168.0,175.0,165.0,173.0,173.0,300.0,XTLB
2008-10-03,331.69744873046875,336.8802490234375,321.3319091796875,330.755126953125,318.2552185058594,12700.0,Y
2008-10-03,13.3100004196167,13.3100004196167,12.300000190734865,12.300000190734865,9.066275596618652,8900.0,YORW
2008-10-03,46.9000015258789,47.25,46.29999923706055,47.0,32.826942443847656,11300.0,YPF
2008-10-03,76875.0,76950.0,55800.0,58200.0,58200.0,700.0,YRCW
2008-10-03,24864.0,27000.0,24432.0,24744.0,24744.0,0.0,YTEN
2008-10-03,22.91157531738281,23.026599884033203,22.012939453125,22.135154724121094,16.378585815429688,6836200.0,YUM
2008-10-03,1908.0,1908.0,1638.0,1650.0,1649.639404296875,400.0,YUMA
2008-10-03,11.5,11.5,10.0,11.25,11.25,1400.0,YVR
2008-10-03,1.0099999904632568,1.0199999809265137,0.959999978542328,1.0,1.0,66100.0,ZAGG
2008-10-03,62.4000015258789,62.4000015258789,59.540000915527344,59.66999816894531,55.479759216308594,1893500.0,ZBH
2008-10-03,27.209999084472656,27.209999084472656,24.95000076293945,25.270000457763672,25.270000457763672,740400.0,ZBRA
2008-10-03,25.1200008392334,27.790000915527344,24.770000457763672,25.63999938964844,24.29805564880371,446600.0,ZEUS
2008-10-03,44.540000915527344,47.93999862670898,42.150001525878906,43.54999923706055,38.8984603881836,2682200.0,ZION
2008-10-03,1.7000000476837158,1.7000000476837158,1.5900000333786009,1.7000000476837158,1.7000000476837158,13900.0,ZIOP
2008-10-03,2.059999942779541,2.25,2.0299999713897705,2.039999961853028,2.039999961853028,228700.0,ZIXI
2008-10-03,6.0,6.010000228881836,5.800000190734862,6.0,6.0,5000.0,ZN
2008-10-03,10.18000030517578,10.449999809265137,9.880000114440918,9.960000038146973,8.311789512634277,192800.0,ZNH
2008-10-03,14.600000381469727,15.079999923706055,14.5600004196167,14.720000267028807,3.5412745475769043,56800.0,ZTR
2008-10-03,15.630000114440918,15.630000114440918,13.829999923706055,13.880000114440918,13.880000114440918,381000.0,ZUMZ
2008-10-03,5.150000095367432,5.170000076293945,5.019999980926514,5.099999904632568,2.774716854095459,75500.0,ZYXI
