Date,Open,High,Low,Close,Adj Close,Volume,stock
2009-03-18,10.33619499206543,10.686695098876953,10.221745491027832,10.39341926574707,9.486979484558104,5001900.0,A
2009-03-18,13.216500282287598,13.576950073242188,12.543660163879395,13.168439865112305,12.090832710266113,35015400.0,AA
2009-03-18,2.869999885559082,3.2999999523162837,2.809999942779541,3.220000028610229,3.035628318786621,5084500.0,AAL
2009-03-18,0.4600000083446503,0.4600000083446503,0.4600000083446503,0.4600000083446503,0.4250912964344025,200.0,AAME
2009-03-18,14.0,14.100000381469727,14.0,14.100000381469727,13.625438690185547,1000.0,AAN
2009-03-18,5.564444541931152,5.677037239074707,5.306666851043701,5.558518409729004,4.94710636138916,432100.0,AAON
2009-03-18,39.540000915527344,41.52999877929688,39.34000015258789,41.040000915527344,39.70081329345703,2790700.0,AAP
2009-03-18,14.272856712341307,14.782856941223145,14.24571418762207,14.502857208251953,12.589073181152346,199009300.0,AAPL
2009-03-18,0.6200000047683716,0.6899999976158142,0.6100000143051147,0.6899999976158142,0.6899999976158142,170700.0,AAU
2009-03-18,13.5600004196167,16.809999465942386,13.5600004196167,16.600000381469727,16.600000381469727,376700.0,AAWW
2009-03-18,4.119999885559082,4.460000038146973,3.9800000190734863,4.369999885559082,4.369999885559082,564900.0,AAXN
2009-03-18,13.399999618530273,14.920000076293945,13.300000190734865,14.220000267028807,6.151978969573975,836400.0,AB
2009-03-18,13.449999809265135,14.09000015258789,13.140000343322756,13.880000114440918,9.218756675720217,5384300.0,ABB
2009-03-18,15.550000190734865,15.824999809265135,15.404999732971193,15.600000381469727,13.207816123962402,4435400.0,ABC
2009-03-18,7.207276821136475,7.285088539123535,6.5556068420410165,6.954390048980713,6.452733039855957,47600.0,ABCB
2009-03-18,74.5,77.5,67.5,77.5,77.5,300.0,ABEO
2009-03-18,1.503999948501587,1.503999948501587,1.503999948501587,1.503999948501587,0.4959398806095123,2500.0,ABEV
2009-03-18,3.7899999618530273,3.7899999618530273,3.380000114440918,3.650000095367432,3.650000095367432,487800.0,ABG
2009-03-18,3024.0,3039.1201171875,2955.9599609375,3024.0,3024.0,0.0,ABIO
2009-03-18,16.010000228881836,16.319999694824222,15.720000267028807,16.149999618530273,12.467134475708008,624300.0,ABM
2009-03-18,5.570000171661377,5.619999885559082,5.25,5.5,5.5,701100.0,ABMD
2009-03-18,0.9900000095367432,1.1100000143051147,0.959999978542328,1.1100000143051147,0.5723147392272949,178300.0,ABR
2009-03-18,23.46701812744141,23.778888702392575,23.193532943725586,23.332674026489254,15.415130615234375,17961000.0,ABT
2009-03-18,2.5,2.5,2.5,2.5,2.5,0.0,ABUS
2009-03-18,114.18499755859376,116.56300354003906,113.58999633789062,116.56300354003906,113.91944885253906,1211512.0,AC
2009-03-18,0.9800000190734864,1.0199999809265137,0.9700000286102296,0.9900000095367432,0.9900000095367432,42900.0,ACAD
2009-03-18,0.13625000417232513,0.15570999681949615,0.13625000417232513,0.14598000049591064,0.14598000049591064,174225.0,ACB
2009-03-18,18.25,19.290000915527344,17.65999984741211,19.270000457763672,12.372526168823242,943700.0,ACC
2009-03-18,1.25,1.4500000476837158,1.2400000095367432,1.3799999952316284,1.2963460683822632,216900.0,ACCO
2009-03-18,136.66667175292972,160.0,133.33332824707028,150.0,150.0,100.0,ACER
2009-03-18,5.847777843475343,6.161110877990723,5.765555381774902,6.155555725097656,6.155555725097656,6619500.0,ACGL
2009-03-18,13.390000343322756,13.869999885559082,12.9399995803833,13.5600004196167,13.535025596618652,1213100.0,ACH
2009-03-18,2.720000028610229,2.799999952316284,2.5999999046325684,2.640000104904175,2.640000104904175,6000.0,ACHC
2009-03-18,452.1000061035156,588.5,423.5,423.5,423.5,500.0,ACHV
2009-03-18,6.25,6.333333492279053,6.166666507720947,6.293333530426025,6.293333530426025,1077600.0,ACIW
2009-03-18,1.0,1.1200000047683716,0.9200000166893004,1.1200000047683716,1.1200000047683716,202100.0,ACLS
2009-03-18,25.68000030517578,26.290000915527344,25.01000022888184,25.71999931335449,25.71999931335449,1787500.0,ACM
2009-03-18,30.489999771118164,31.20000076293945,30.15999984741211,30.95000076293945,24.444246292114254,3804700.0,ACN
2009-03-18,9.25,9.25,8.75,8.75,5.591755390167236,4800.0,ACNB
2009-03-18,25.36000061035156,26.0,25.059999465942386,25.68000030517578,25.68000030517578,356700.0,ACOR
2009-03-18,3.3399999141693115,3.660000085830689,3.2999999523162837,3.640000104904175,3.2883622646331787,174400.0,ACTG
2009-03-18,7.25,7.5999999046325675,7.25,7.389999866485597,5.7434940338134775,9100.0,ACU
2009-03-18,5.019999980926514,5.179999828338623,4.559999942779541,4.800000190734863,4.800000190734863,2800.0,ACY
2009-03-18,19.40999984741211,22.09000015258789,19.34000015258789,21.350000381469727,21.350000381469727,20855100.0,ADBE
2009-03-18,13.15999984741211,14.270000457763672,12.630000114440918,14.229999542236328,7.335311412811278,57000.0,ADC
2009-03-18,1.5049999952316284,1.5149999856948853,1.3899999856948853,1.3899999856948853,1.0523759126663208,39800.0,ADES
2009-03-18,20.15999984741211,20.75,19.96999931335449,20.61000061035156,15.439342498779295,6603900.0,ADI
2009-03-18,28.31999969482422,28.959999084472656,28.20000076293945,28.5,21.49967384338379,7460100.0,ADM
2009-03-18,5.099999904632568,5.099999904632568,5.099999904632568,5.099999904632568,5.099999904632568,0.0,ADMP
2009-03-18,31.764705657958984,32.756805419921875,31.606672286987305,32.58121109008789,24.55488586425781,5978100.0,ADP
2009-03-18,32.34000015258789,33.470001220703125,31.5,33.040000915527344,31.53569984436035,1598200.0,ADS
2009-03-18,12.800000190734865,14.260000228881836,12.800000190734865,14.0,14.0,5531300.0,ADSK
2009-03-18,16.180000305175778,16.729999542236328,15.960000038146973,16.709999084472653,13.639747619628904,688900.0,ADTN
2009-03-18,7.199999809265138,7.360000133514403,7.03000020980835,7.25,3.552056074142456,169600.0,ADX
2009-03-18,56.25,56.25,56.25,56.25,56.25,0.0,ADXS
2009-03-18,13.18000030517578,13.739999771118164,12.949999809265135,13.739999771118164,10.889317512512207,2100.0,AE
2009-03-18,5.869999885559082,5.9000000953674325,5.449999809265137,5.9000000953674325,3.645565032958984,21700.0,AEB
2009-03-18,21.3799991607666,22.290000915527344,20.799999237060547,22.11000061035156,13.938017845153807,2533700.0,AEE
2009-03-18,10.739999771118164,10.90999984741211,10.739999771118164,10.899999618530273,3.6381256580352783,2000.0,AEF
2009-03-18,3.1700000762939453,3.619999885559082,3.140000104904175,3.559999942779541,2.27933669090271,894900.0,AEG
2009-03-18,14.899999618530273,15.770000457763672,14.630000114440918,15.390000343322756,15.390000343322756,467000.0,AEGN
2009-03-18,1.1299999952316284,1.1299999952316284,0.9200000166893004,0.9499999880790709,0.9499999880790709,56500.0,AEHR
2009-03-18,6.699999809265138,7.380000114440918,6.5900001525878915,7.239999771118164,7.239999771118164,257100.0,AEIS
2009-03-18,3.740000009536743,4.150000095367432,3.630000114440918,4.070000171661377,3.661152839660645,424100.0,AEL
2009-03-18,47.5,53.66999816894531,46.209999084472656,53.40999984741211,46.76765441894531,8897400.0,AEM
2009-03-18,135.0,142.5,127.5,127.5,127.5,200.0,AEMD
2009-03-18,10.640000343322754,11.59000015258789,10.489999771118164,11.350000381469727,8.080723762512207,7719900.0,AEO
2009-03-18,26.13999938964844,27.559999465942386,25.78000068664551,27.25,17.373720169067386,7568000.0,AEP
2009-03-18,2.6800000667572017,3.039999961853028,2.640000104904175,2.9500000476837163,2.9500000476837163,453600.0,AER
2009-03-18,6.369999885559082,6.8400001525878915,6.25,6.789999961853027,5.353811264038086,6555100.0,AES
2009-03-18,1.75,1.75,1.4600000381469729,1.690000057220459,1.690000057220459,3000.0,AEY
2009-03-18,534.0,534.0,504.0,516.0,516.0,0.0,AEZS
2009-03-18,10.850000381469727,11.149999618530273,10.84000015258789,10.979999542236328,5.834723472595215,38800.0,AFB
2009-03-18,5.559999942779541,5.6599998474121085,5.309999942779541,5.510000228881836,2.2680563926696777,47800.0,AFC
2009-03-18,15.760000228881836,16.670000076293945,15.25,16.649999618530273,11.72722625732422,1543200.0,AFG
2009-03-18,8.050000190734862,10.545000076293944,7.860000133514403,10.520000457763672,6.375717639923097,44366000.0,AFL
2009-03-18,1.3600000143051147,1.4500000476837158,1.2899999618530271,1.4500000476837158,1.4500000476837158,45300.0,AG
2009-03-18,18.68000030517578,19.59000015258789,17.729999542236328,19.299999237060547,18.077674865722656,2724500.0,AGCO
2009-03-18,12.140000343322756,12.199999809265135,11.800000190734865,12.0,3.968801736831665,48000.0,AGD
2009-03-18,0.10000000149011612,0.10000000149011612,0.10000000149011612,0.10000000149011612,0.10000000149011612,0.0,AGE
2009-03-18,2.2799999713897705,2.2799999713897705,2.1600000858306885,2.1600000858306885,2.1600000858306885,4000.0,AGEN
2009-03-18,5.980000019073486,6.53000020980835,5.940000057220459,6.53000020980835,5.988378047943115,17600.0,AGI
2009-03-18,2.7100000381469727,2.75,2.700000047683716,2.75,2.0116562843322754,1500.0,AGM-A
2009-03-18,2.9100000858306885,3.1600000858306885,2.8499999046325684,2.9800000190734863,2.281836748123169,190900.0,AGM
2009-03-18,29.09000015258789,29.20000076293945,28.43000030517578,28.649999618530273,26.68041229248047,1465000.0,AGN
2009-03-18,17.520000457763672,18.32999992370605,17.25,17.6299991607666,3.3071634769439697,257600.0,AGNC
2009-03-18,5.449999809265137,6.4099998474121085,5.119999885559082,6.289999961853027,5.233709335327148,1394000.0,AGO
2009-03-18,12.3100004196167,12.56999969482422,12.300000190734865,12.56999969482422,9.919306755065918,8600.0,AGX
2009-03-18,4.110000133514403,4.670000076293945,3.9800000190734863,4.6599998474121085,4.610227584838867,99800.0,AGYS
2009-03-18,0.9200000166893004,0.959999978542328,0.8799999952316284,0.9200000166893004,0.3967556059360504,95700.0,AHC
2009-03-18,6.179999828338622,6.300000190734862,5.9000000953674325,5.9000000953674325,5.9000000953674325,700.0,AHPI
2009-03-18,0.8767288327217102,0.9769264459609984,0.8767288327217102,0.9581393599510192,0.4969415068626404,1021900.0,AHT
2009-03-18,3.400000095367432,3.5999999046325684,3.0,3.5999999046325684,0.8304383158683777,26900.0,AI
2009-03-18,20.0,29.0,19.600000381469727,27.60000038146973,20.02286529541016,29134700.0,AIG
2009-03-18,216.47999572753903,216.47999572753903,205.9199981689453,211.1999969482422,211.1999969482422,100.0,AIM
2009-03-18,3.940000057220459,4.130000114440918,3.7200000286102295,3.8199999332427983,3.3069744110107417,314200.0,AIMC
2009-03-18,6.639999866485597,7.489999771118164,6.630000114440918,7.070000171661378,5.769889831542969,490900.0,AIN
2009-03-18,6.389999866485597,6.71999979019165,6.210000038146973,6.480000019073486,1.8867367506027224,1220700.0,AINV
2009-03-18,4.099999904632568,4.1599998474121085,4.099999904632568,4.1599998474121085,4.0675692558288565,0.0,AIO
2009-03-18,12.1899995803833,13.100000381469727,11.699999809265135,12.729999542236328,11.461587905883787,1323800.0,AIR
2009-03-18,16.0,16.0,12.0,12.0,10.148849487304688,0.0,AIRI
2009-03-18,4.013333320617677,4.0866665840148935,3.946666717529297,4.0,3.4517157077789307,13600.0,AIRT
2009-03-18,16.84000015258789,17.799999237060547,16.430000305175778,17.68000030517578,13.854893684387207,468900.0,AIT
2009-03-18,5.510000228881836,6.0900001525878915,5.199999809265137,6.0,4.295970439910889,6114600.0,AIV
2009-03-18,21.520000457763672,23.270000457763672,20.8700008392334,23.09000015258789,18.41141128540039,3136400.0,AIZ
2009-03-18,16.690000534057614,17.569999694824222,16.430000305175778,17.559999465942386,11.7698974609375,1437800.0,AJG
2009-03-18,2.5799999237060547,2.990000009536743,2.490000009536743,2.9100000858306885,2.9100000858306885,316000.0,AJRD
2009-03-18,6.210000038146973,6.21999979019165,6.210000038146973,6.21999979019165,5.002034664154053,0.0,AJXA
2009-03-18,18.540000915527344,19.299999237060547,18.450000762939453,18.959999084472656,18.959999084472656,6629500.0,AKAM
2009-03-18,1.6599999666213991,1.8500000238418581,1.6000000238418581,1.809999942779541,1.809999942779541,104700.0,AKG
2009-03-18,11.390000343322756,12.239999771118164,11.130000114440918,12.0,7.804920673370361,391000.0,AKR
2009-03-18,1.399999976158142,1.4199999570846558,1.2899999618530271,1.350000023841858,1.350000023841858,159500.0,AKRX
2009-03-18,19.399999618530273,20.51000022888184,19.020000457763672,20.38999938964844,17.167221069335938,1456900.0,ALB
2009-03-18,486.0,542.4000244140625,464.3999938964844,513.5999755859375,513.5999755859375,1000.0,ALBO
2009-03-18,6.199999809265138,6.210000038146973,6.079999923706055,6.190000057220459,6.190000057220459,250598.0,ALC
2009-03-18,26.899999618530273,28.790000915527344,24.84000015258789,28.25,25.7893180847168,9800.0,ALCO
2009-03-18,26.040000915527344,26.690000534057614,25.540000915527344,26.63999938964844,17.246347427368164,650700.0,ALE
2009-03-18,11.239999771118164,12.850000381469727,10.510000228881836,12.199999809265135,11.223067283630373,30500.0,ALG
2009-03-18,7.570000171661378,8.060000419616701,7.449999809265138,7.96999979019165,7.96999979019165,306200.0,ALGN
2009-03-18,39.209999084472656,42.36999893188477,38.93000030517578,40.75,34.149154663085945,363700.0,ALGT
2009-03-18,0.14000000059604645,0.14000000059604645,0.14000000059604645,0.14000000059604645,0.14000000059604645,5000.0,ALJJ
2009-03-18,4.574999809265137,4.682499885559082,4.190000057220459,4.517499923706055,3.9821288585662837,3791600.0,ALK
2009-03-18,10.039999961853027,10.739999771118164,10.010000228881836,10.520000457763672,10.520000457763672,640500.0,ALKS
2009-03-18,17.780000686645508,19.71999931335449,17.219999313354492,19.649999618530273,15.42234706878662,11229900.0,ALL
2009-03-18,1.6799999475479126,1.7000000476837158,1.6799999475479126,1.6799999475479126,1.6799999475479126,2700.0,ALLT
2009-03-18,17.959999084472656,17.989999771118164,17.25,17.610000610351562,17.610000610351562,326000.0,ALNY
2009-03-18,2.700000047683716,2.799999952316284,2.700000047683716,2.700000047683716,2.700000047683716,800.0,ALO
2009-03-18,5.510000228881836,6.21999979019165,5.510000228881836,6.21999979019165,4.639817237854004,1100.0,ALOT
2009-03-18,7.666666507720947,7.666666507720947,7.666666507720947,7.666666507720947,5.674715042114258,0.0,ALRS
2009-03-18,5.369999885559082,5.980000019073486,5.349999904632568,5.980000019073486,4.224719047546387,674500.0,ALSK
2009-03-18,0.016000000759959217,0.01679999940097332,0.015599999576807022,0.015599999576807022,0.015599999576807022,97700.0,ALT
2009-03-18,11.621037483215332,12.413544654846193,11.527377128601074,12.240633964538574,8.933103561401367,1644300.0,ALV
2009-03-18,183.1300048828125,200.8300018310547,183.0,191.8000030517578,95.52626037597656,26200.0,ALX
2009-03-18,17.985000610351562,18.959999084472656,17.8799991607666,18.25,18.25,2654000.0,ALXN
2009-03-18,2.5699999332427983,2.700000047683716,2.5699999332427983,2.700000047683716,2.0006756782531743,9900.0,ALYA
2009-03-18,33.11999893188477,34.169998168945305,31.90999984741211,32.529998779296875,32.529998779296875,504200.0,AMAG
2009-03-18,10.529999732971193,10.899999618530273,10.449999809265137,10.850000381469727,8.676239967346191,26293300.0,AMAT
2009-03-18,2.759999990463257,2.970000028610229,2.7300000190734863,2.970000028610229,2.970000028610229,14552600.0,AMD
2009-03-18,13.279999732971193,13.65333366394043,12.93333339691162,13.58222198486328,12.429516792297365,1591200.0,AME
2009-03-18,29.5,31.01000022888184,29.34000015258789,30.3700008392334,30.3700008392334,995900.0,AMED
2009-03-18,9.399999618530273,9.399999618530273,9.399999618530273,9.399999618530273,9.399999618530273,0.0,AMEH
2009-03-18,40.0,43.52999877929688,39.93000030517578,43.27000045776367,41.96131896972656,1619600.0,AMG
2009-03-18,51.38999938964844,51.52000045776367,50.08000183105469,50.5099983215332,41.088111877441406,9019200.0,AMGN
2009-03-18,1.6799999475479126,1.6799999475479126,1.5900000333786009,1.5900000333786009,1.5900000333786009,0.0,AMK
2009-03-18,2.220000028610229,2.3199999332427983,2.150000095367432,2.259999990463257,2.259999990463257,2610600.0,AMKR
2009-03-18,5.389999866485597,5.519999980926514,5.28000020980835,5.420000076293945,5.420000076293945,146800.0,AMN
2009-03-18,15.850000381469727,15.989999771118164,14.850000381469727,15.949999809265135,10.509404182434082,2400.0,AMNB
2009-03-18,1.2599999904632568,1.2999999523162842,1.25,1.2999999523162842,1.2209182977676392,5800.0,AMOT
2009-03-18,14.15999984741211,14.864999771118164,14.0,14.779999732971193,11.222742080688477,11600.0,AMOV
2009-03-18,17.700000762939453,20.299999237060547,17.600000381469727,20.170000076293945,15.612765312194824,6902500.0,AMP
2009-03-18,8.550000190734862,8.960000038146973,8.329999923706055,8.699999809265138,8.039960861206055,2100.0,AMRB
2009-03-18,0.5799999833106995,0.6000000238418579,0.5,0.5199999809265137,0.5199999809265137,8000.0,AMRN
2009-03-18,2.0,2.190000057220459,1.919999957084656,2.0999999046325684,2.0999999046325684,151400.0,AMS
2009-03-18,164.6999969482422,171.6999969482422,160.60000610351562,171.0,171.0,39000.0,AMSC
2009-03-18,15.0600004196167,15.640000343322756,14.550000190734865,15.579999923706055,10.451824188232422,267500.0,AMSF
2009-03-18,4.179999828338623,4.489999771118164,3.9500000476837163,4.489999771118164,2.63140082359314,52900.0,AMSWA
2009-03-18,30.1299991607666,31.209999084472656,29.899999618530273,31.0,26.689342498779297,5057900.0,AMT
2009-03-18,12.859999656677244,14.010000228881836,12.510000228881836,13.970000267028807,11.274444580078125,5372200.0,AMTD
2009-03-18,15.119999885559082,15.960000038146973,14.760000228881836,15.170000076293945,14.560402870178224,56100.0,AMWD
2009-03-18,14.104999542236328,15.100000381469727,14.024999618530273,15.100000381469727,11.948692321777346,16456400.0,AMX
2009-03-18,70.97000122070312,73.91000366210938,70.12999725341797,71.25,71.25,10401700.0,AMZN
2009-03-18,12.6899995803833,13.81999969482422,12.640000343322756,13.5,13.5,3769300.0,AN
2009-03-18,44.459999084472656,48.33000183105469,43.77000045776367,48.22000122070313,33.488330841064446,87500.0,ANAT
2009-03-18,8.686666488647461,9.0,8.420000076293945,8.920000076293945,7.407591342926025,317200.0,ANDE
2009-03-18,21.770000457763672,23.75,21.65999984741211,23.32999992370605,16.635948181152347,5314300.0,ANF
2009-03-18,10.350000381469727,11.029999732971193,10.270000457763672,10.779999732971193,10.779999732971193,95700.0,ANGO
2009-03-18,6.309999942779541,6.4000000953674325,6.050000190734862,6.309999942779541,1.6573926210403442,1664300.0,ANH
2009-03-18,4.670000076293945,4.690000057220459,4.53000020980835,4.570000171661377,4.570000171661377,43400.0,ANIK
2009-03-18,46.08000183105469,48.959999084472656,42.47999954223633,42.84000015258789,42.84000015258789,900.0,ANIP
2009-03-18,5.75,6.0,5.5,5.5,5.5,3300.0,ANIX
2009-03-18,22.57999992370605,24.440000534057614,22.350000381469727,24.32999992370605,24.32999992370605,2102400.0,ANSS
2009-03-18,21.549999237060547,21.950000762939453,20.049999237060547,20.799999237060547,20.799999237060547,33800.0,ANTE
2009-03-18,37.099998474121094,39.11999893188477,36.90999984741211,38.02000045776367,32.829551696777344,5701200.0,ANTM
2009-03-18,5.710000038146973,5.75,5.380000114440918,5.579999923706055,5.579999923706055,1887500.0,AOBC
2009-03-18,11.399999618530273,11.699999809265135,11.0600004196167,11.579999923706055,3.5073957443237305,411500.0,AOD
2009-03-18,38.4900016784668,40.0,37.83000183105469,39.91999816894531,34.94756317138672,4607600.0,AON
2009-03-18,3.875,4.121666431427002,3.8416666984558105,4.0933332443237305,2.5687930583953857,3103200.0,AOS
2009-03-18,12.510000228881836,12.949999809265135,12.199999809265135,12.6899995803833,9.457372665405273,204200.0,AP
2009-03-18,63.290000915527344,65.80000305175781,61.25,64.91000366210939,54.719200134277344,6130500.0,APA
2009-03-18,50.07400512695313,52.15541076660156,49.78723526000977,51.877891540527344,37.75822067260742,3400800.0,APD
2009-03-18,120.0,120.0,120.0,120.0,120.0,0.0,APDN
2009-03-18,41.93999862670898,42.31999969482422,41.099998474121094,41.79999923706055,41.79999923706055,211800.0,APEI
2009-03-18,280.27999877929693,377.2999877929688,280.27999877929693,377.2999877929688,377.2999877929688,0.0,APEN
2009-03-18,48.65999984741211,51.5099983215332,48.36000061035156,50.72999954223633,37.67839050292969,13600.0,APEX
2009-03-18,13.625,14.220000267028807,13.404999732971193,14.114999771118164,12.72514820098877,4148400.0,APH
2009-03-18,0.75,0.7850000262260437,0.75,0.7850000262260437,0.7850000262260437,0.0,APM
2009-03-18,10.18000030517578,11.130000114440918,10.109999656677246,10.760000228881836,8.90475845336914,362000.0,APOG
2009-03-18,4.25,4.25,4.25,4.25,4.25,0.0,APPS
2009-03-18,0.8299999833106995,0.8299999833106995,0.8100000023841858,0.8299999833106995,0.8299999833106995,12200.0,APT
2009-03-18,7.199999809265138,7.199999809265138,7.199999809265138,7.199999809265138,7.199999809265138,0.0,APTO
2009-03-18,0.6000000238418579,0.6000000238418579,0.6000000238418579,0.6000000238418579,0.5630656480789185,0.0,APWC
2009-03-18,0.18000000715255735,0.18000000715255735,0.18000000715255735,0.18000000715255735,0.18000000715255735,0.0,ARA
2009-03-18,4.9099998474121085,5.239999771118164,4.809999942779541,5.150000095367432,5.150000095367432,189900.0,ARAY
2009-03-18,3.0999999046325684,3.3199999332427983,2.900000095367432,3.2799999713897705,3.2551515102386475,712500.0,ARC
2009-03-18,20.15999984741211,20.8799991607666,19.770000457763672,20.71999931335449,18.59475517272949,535500.0,ARCB
2009-03-18,3.940000057220459,4.050000190734863,3.759999990463257,4.0399999618530265,1.3772422075271606,1507200.0,ARCC
2009-03-18,39.9900016784668,42.25,38.18000030517578,41.77000045776367,29.21687126159668,1427900.0,ARE
2009-03-18,18.10342025756836,18.626073837280273,16.80331802368164,17.5350341796875,14.235745429992676,768500.0,ARGO
2009-03-18,9.109999656677246,9.529999732971193,9.100000381469727,9.520000457763672,5.204811096191406,2100.0,ARKR
2009-03-18,11.109999656677246,11.25,10.84000015258789,10.949999809265137,10.949999809265137,1600.0,ARL
2009-03-18,14.149999618530273,14.725000381469727,13.699999809265135,14.625,5.699179649353027,196800.0,ARLP
2009-03-18,630.0,630.0,560.0,630.0,630.0,0.0,ARMP
2009-03-18,40.79999923706055,43.5,40.20000076293945,42.20000076293945,42.20000076293945,309000.0,ARNA
2009-03-18,12.368815422058105,12.706147193908693,11.739130020141602,12.323838233947756,11.07031536102295,37415200.0,ARNC
2009-03-18,16.079999923706055,16.799999237060547,15.479999542236328,16.530000686645508,12.609628677368164,1358800.0,AROC
2009-03-18,17.516704559326172,18.37551689147949,17.114376068115234,18.24398803710937,12.289697647094727,50500.0,AROW
2009-03-18,76.4000015258789,76.4000015258789,76.16000366210938,76.23999786376953,38.644229888916016,6300.0,ARR
2009-03-18,13.960000038146973,14.300000190734865,13.699999809265135,14.050000190734865,9.552375793457033,2400.0,ARTNA
2009-03-18,3.400000095367432,3.619999885559082,3.390000104904175,3.609999895095825,3.345696449279785,6000.0,ARTW
2009-03-18,17.8700008392334,19.01000022888184,17.649999618530273,18.899999618530273,18.899999618530273,1203000.0,ARW
2009-03-18,4.5,4.800000190734863,4.5,4.5,4.5,7400.0,ARWR
2009-03-18,15.020000457763672,16.983333587646484,14.90999984741211,16.879999160766598,15.42591953277588,216900.0,ASA
2009-03-18,13.25,14.760000228881836,12.81999969482422,14.739999771118164,11.948456764221193,2396400.0,ASB
2009-03-18,1.9099999666213991,2.0799999237060547,1.870000004768372,2.0799999237060547,0.9065189957618712,22700.0,ASFI
2009-03-18,2.1800000667572017,2.3499999046325684,2.1600000858306885,2.299999952316284,1.0105766057968142,120700.0,ASG
2009-03-18,2.759999990463257,3.0899999141693115,2.640000104904175,3.0299999713897705,3.0299999713897705,191600.0,ASGN
2009-03-18,3.5567514896392822,3.752446174621582,3.449119329452514,3.68884539604187,2.867617130279541,3885200.0,ASH
2009-03-18,0.44999998807907104,0.44999998807907104,0.44999998807907104,0.44999998807907104,0.44999998807907104,3500.0,ASM
2009-03-18,16.950000762939453,17.940000534057614,16.84000015258789,17.829999923706055,12.620030403137207,3348200.0,ASML
2009-03-18,115.6999969482422,119.1999969482422,115.5999984741211,118.4000015258789,118.4000015258789,77000.0,ASNA
2009-03-18,26.68000030517578,29.25,26.65999984741211,28.979999542236328,18.92239761352539,139200.0,ASR
2009-03-18,2.150000095367432,2.3199999332427983,1.9700000286102293,2.309999942779541,2.309999942779541,180800.0,ASRT
2009-03-18,1.5299999713897705,1.5399999618530271,1.4700000286102295,1.5099999904632568,1.3507813215255735,2800.0,ASRV
2009-03-18,16.700000762939453,16.700000762939453,16.700000762939453,16.700000762939453,6.705854415893555,0.0,ASRVP
2009-03-18,1.950000047683716,2.0,1.950000047683716,1.950000047683716,1.950000047683716,1100.0,ASTC
2009-03-18,25.420000076293945,27.26000022888184,25.10000038146973,26.93000030517578,24.238229751586914,201300.0,ASTE
2009-03-18,1.0,1.0,0.8666666746139526,0.9333333373069764,0.9333333373069764,3700.0,ASUR
2009-03-18,2.3499999046325684,2.390000104904175,2.2699999809265137,2.390000104904175,1.5556060075759888,367200.0,ASX
2009-03-18,3.2699999809265137,3.4300000667572017,3.2699999809265137,3.3199999332427983,3.3199999332427983,13500.0,ASYS
2009-03-18,5.690000057220459,6.179999828338622,5.670000076293945,6.0900001525878915,2.3243091106414795,12800.0,ATAX
2009-03-18,14.039999961853027,15.239999771118164,13.5600004196167,14.15999984741211,14.15999984741211,11200.0,ATEC
2009-03-18,46.38000106811523,47.31999969482422,45.7599983215332,46.81000137329102,43.46801376342773,886300.0,ATGE
2009-03-18,8.399999618530272,8.399999618530272,8.399999618530272,8.399999618530272,8.399999618530272,300.0,ATHE
2009-03-18,0.9499999880790709,0.9499999880790709,0.7900000214576721,0.7900000214576721,0.7900000214576721,59000.0,ATHX
2009-03-18,20.170000076293945,21.489999771118164,19.149999618530273,21.149999618530273,18.184234619140625,3688200.0,ATI
2009-03-18,2.3399999141693115,2.5,2.309999942779541,2.3399999141693115,1.998892068862915,157200.0,ATLC
2009-03-18,18.0,18.34000015258789,17.09000015258789,17.200000762939453,12.407392501831055,15500.0,ATLO
2009-03-18,19.899999618530273,20.979999542236328,18.209999084472656,20.790000915527344,16.76704216003418,50100.0,ATNI
2009-03-18,22.43000030517578,23.09000015258789,22.280000686645508,22.93000030517578,15.99428653717041,453300.0,ATO
2009-03-18,27.959999084472656,29.540000915527344,27.93000030517578,29.540000915527344,24.775318145751953,579200.0,ATR
2009-03-18,1.4099999666213991,1.4099999666213991,1.3799999952316284,1.399999976158142,1.399999976158142,12600.0,ATRC
2009-03-18,85.0,89.4800033569336,83.9000015258789,88.76000213623047,72.35060119628906,4700.0,ATRI
2009-03-18,3.134674549102783,3.2384226322174072,3.05686354637146,3.1939592361450195,2.6432106494903564,39000.0,ATRO
2009-03-18,0.3799999952316284,0.4000000059604645,0.3700000047683716,0.4000000059604645,0.4000000059604645,33700.0,ATRS
2009-03-18,0.25,0.3899999856948853,0.25,0.3799999952316284,0.3799999952316284,644500.0,ATSG
2009-03-18,21.0,23.26666641235352,20.66666603088379,20.733333587646484,7.129918098449707,3100.0,ATV
2009-03-18,9.479999542236328,9.720000267028807,9.260000228881836,9.68000030517578,8.73189640045166,19713200.0,ATVI
2009-03-18,34.02000045776367,38.02999877929688,33.0,37.790000915527344,35.50832748413086,5429600.0,AU
2009-03-18,14.869999885559082,16.760000228881836,14.609999656677244,16.760000228881836,12.771736145019533,25200.0,AUB
2009-03-18,20.5,20.5,20.5,20.5,14.296072959899902,300.0,AUBN
2009-03-18,1.1599999666213991,1.1699999570846558,1.1399999856948853,1.149999976158142,1.0820858478546145,8300.0,AUDC
2009-03-18,1.149999976158142,1.5,1.149999976158142,1.350000023841858,1.350000023841858,22100.0,AUTO
2009-03-18,7.75,8.880000114440918,7.550000190734862,8.869999885559082,7.705883026123048,27389200.0,AUY
2009-03-18,13.81999969482422,14.18000030517578,13.550000190734865,14.15999984741211,9.134008407592773,480200.0,AVA
2009-03-18,18.6299991607666,19.600000381469727,18.6299991607666,19.270000457763672,19.270000457763672,386900.0,AVAV
2009-03-18,48.18000030517578,51.22000122070313,47.06999969482422,50.38000106811523,34.414756774902344,5778800.0,AVB
2009-03-18,12.09000015258789,12.979999542236328,11.770000457763672,12.779999732971193,11.972330093383787,282600.0,AVD
2009-03-18,5.460000038146973,6.199999809265138,5.349999904632568,6.1599998474121085,6.1599998474121085,31300.0,AVDL
2009-03-18,9.770000457763672,10.0,9.649999618530273,9.9399995803833,9.9399995803833,310200.0,AVID
2009-03-18,9.470000267028807,9.56999969482422,9.18000030517578,9.510000228881836,3.907434940338135,94300.0,AVK
2009-03-18,49.08000183105469,51.72000122070313,47.88000106811523,51.599998474121094,51.599998474121094,12300.0,AVNW
2009-03-18,16.569999694824222,17.760000228881836,16.299999237060547,17.65999984741211,15.74644374847412,2779200.0,AVT
2009-03-18,8.199999809265138,8.199999809265138,8.199999809265138,8.199999809265138,8.199999809265138,300.0,AVXL
2009-03-18,20.170000076293945,21.709999084472656,20.170000076293945,21.46999931335449,16.242494583129886,1551000.0,AVY
2009-03-18,7.670000076293945,7.789999961853027,7.539999961853027,7.75,2.9144515991210938,228500.0,AWF
2009-03-18,10.609999656677246,11.800000190734865,10.489999771118164,11.579999923706055,7.227388381958008,332400.0,AWI
2009-03-18,18.1200008392334,18.8799991607666,17.520000457763672,18.6299991607666,13.87124729156494,603800.0,AWK
2009-03-18,2.869999885559082,2.970000028610229,2.759999990463257,2.970000028610229,1.059651017189026,322400.0,AWP
2009-03-18,18.549999237060547,19.395000457763672,18.399999618530273,19.104999542236328,12.696773529052734,429200.0,AWR
2009-03-18,1.950000047683716,1.9900000095367432,1.940000057220459,1.940000057220459,0.8765607476234436,13100.0,AWRE
2009-03-18,1.2400000095367432,1.2400000095367432,1.2400000095367432,1.2400000095367432,1.2400000095367432,0.0,AWX
2009-03-18,1.2450000047683716,1.2450000047683716,1.2450000047683716,1.2450000047683716,1.2450000047683716,0.0,AX
2009-03-18,0.9900000095367432,1.0599999427795408,0.9700000286102296,1.0499999523162842,1.0499999523162842,83300.0,AXAS
2009-03-18,1.5499999523162842,1.6000000238418581,1.5499999523162842,1.6000000238418581,1.6000000238418581,1100.0,AXDX
2009-03-18,28.899999618530273,30.43000030517578,28.440000534057614,29.899999618530273,24.865907669067386,636900.0,AXE
2009-03-18,5.0,5.0,5.0,5.0,4.207606792449951,400.0,AXGN
2009-03-18,1.2899999618530271,1.6499999761581419,1.2899999618530271,1.5499999523162842,1.5499999523162842,1600600.0,AXL
2009-03-18,12.829999923706055,14.170000076293945,12.510000228881836,14.09000015258789,11.718055725097654,30385600.0,AXP
2009-03-18,16.25,17.200000762939453,16.149999618530273,17.139999389648438,17.139999389648438,3900.0,AXR
2009-03-18,22.60000038146973,24.07999992370605,21.90999984741211,24.06999969482422,17.76213264465332,2286800.0,AXS
2009-03-18,0.8999999761581421,0.8999999761581421,0.6800000071525574,0.7599999904632568,0.7599999904632568,229600.0,AXTI
2009-03-18,1.2000000476837158,1.2400000095367432,1.1200000047683716,1.2300000190734863,1.2300000190734863,37600.0,AXU
2009-03-18,22.90999984741211,23.53000068664551,22.059999465942386,22.940000534057614,21.33024406433105,1095000.0,AYI
2009-03-18,29853.658203125,29853.658203125,29853.658203125,29853.658203125,29853.658203125,0.0,AYTU
2009-03-18,16.815000534057614,17.0,16.454999923706055,16.850000381469727,6.9707794189453125,3426000.0,AZN
2009-03-18,162.49000549316406,164.07000732421875,159.24000549316406,162.30999755859375,162.30999755859375,1491200.0,AZO
2009-03-18,6.0,7.25,6.0,7.0,7.0,57100.0,AZPN
2009-03-18,11.53499984741211,12.704999923706055,11.170000076293944,12.529999732971193,9.880794525146484,527800.0,AZZ
2009-03-18,10.800000190734863,11.470000267028807,10.43000030517578,11.329999923706055,9.67834186553955,326000.0,B
2009-03-18,34.290000915527344,34.75,32.5,33.75,25.374330520629886,15879900.0,BA
2009-03-18,6.360000133514403,7.670000076293945,6.21999979019165,7.670000076293945,6.834369659423827,664772200.0,BAC
2009-03-18,10.470000267028807,10.489999771118164,10.329999923706056,10.489999771118164,5.5976080894470215,17300.0,BAF
2009-03-18,24.399999618530273,24.399999618530273,24.10000038146973,24.25,24.25,1400.0,BAL
2009-03-18,7.9329566955566415,8.317447662353517,7.785945415496826,8.221324920654299,6.253143787384032,5138600.0,BAM
2009-03-18,6.989999771118164,7.489999771118164,6.989999771118164,7.0900001525878915,4.954005241394043,1300.0,BANC
2009-03-18,17.15999984741211,18.270000457763672,17.03499984741211,18.09000015258789,13.79736042022705,62400.0,BANF
2009-03-18,23.5,23.5,23.5,23.5,11.058953285217283,0.0,BANFP
2009-03-18,20.649999618530273,24.36000061035156,19.38999938964844,24.07999992370605,19.134546279907227,38100.0,BANR
2009-03-18,40.13474655151367,41.19345474243164,39.172279357910156,40.760345458984375,28.45765495300293,661200.0,BAP
2009-03-18,1.5399999618530271,1.5399999618530271,1.4800000190734863,1.4800000190734863,1.4800000190734863,200.0,BASI
2009-03-18,28.245519638061523,28.69636154174805,27.843563079833984,28.16404151916504,19.824819564819336,6098800.0,BAX
2009-03-18,40.86000061035156,42.040000915527344,39.540000915527344,40.97999954223633,40.97999954223633,22045000.0,BB
2009-03-18,1.933216214179993,1.977152943611145,1.7574692964553833,1.9068541526794436,1.4150391817092896,123300.0,BBAR
2009-03-18,22.739999771118164,24.0,22.54999923706055,23.65999984741211,20.522197723388672,4919500.0,BBBY
2009-03-18,6.066866874694824,6.3861756324768075,5.916604042053223,6.317305088043213,3.8164312839508057,18089000.0,BBD
2009-03-18,9.789999961853027,9.789999961853027,9.4399995803833,9.489999771118164,2.9136674404144287,19700.0,BBDC
2009-03-18,10.34000015258789,10.600000381469727,10.25,10.539999961853027,5.403477191925049,16400.0,BBF
2009-03-18,2.299999952316284,3.4600000381469727,2.299999952316284,3.4200000762939453,2.6222803592681885,6700.0,BBGI
2009-03-18,130.19999694824222,142.8000030517578,129.5,140.0,140.0,500.0,BBI
2009-03-18,10.899999618530273,10.899999618530273,10.68000030517578,10.8100004196167,5.382299900054932,10700.0,BBK
2009-03-18,36.68999862670898,38.790000915527344,35.63999938964844,38.5099983215332,22.8168888092041,1127800.0,BBL
2009-03-18,2.75,2.809999942779541,2.5299999713897705,2.809999942779541,2.809999942779541,15600.0,BBQ
2009-03-18,9.579999923706056,9.869999885559082,9.119999885559082,9.449999809265137,7.617899417877197,23800.0,BBSI
2009-03-18,7.40330696105957,7.925893306732178,7.219433784484862,7.8581504821777335,4.462294101715088,858300.0,BBVA
2009-03-18,5.110000133514403,5.360000133514403,4.889999866485597,5.300000190734863,5.300000190734863,143900.0,BBW
2009-03-18,0.15000000596046448,0.15000000596046448,0.119999997317791,0.119999997317791,0.11712378263473512,7300.0,BBX
2009-03-18,31.479999542236328,33.220001220703125,31.26000022888184,32.72999954223633,24.66346740722656,12603800.0,BBY
2009-03-18,3.0999999046325684,3.4500000476837163,3.0199999809265137,3.440000057220459,3.1201186180114746,1282400.0,BC
2009-03-18,8.970000267028809,8.989999771118164,8.949999809265137,8.949999809265137,5.3108859062194815,900.0,BCBP
2009-03-18,81.0,81.0,81.0,81.0,81.0,0.0,BCDA
2009-03-18,19.8700008392334,19.950000762939453,19.43000030517578,19.540000915527344,10.156113624572754,1402100.0,BCE
2009-03-18,11.052538871765137,11.08013153076172,10.638643264770508,10.730620384216307,6.507365703582764,92100.0,BCH
2009-03-18,1.350000023841858,1.5,1.350000023841858,1.5,1.5,900.0,BCLI
2009-03-18,8.5,8.5,8.5,8.5,8.5,0.0,BCML
2009-03-18,24.63999938964844,25.8700008392334,24.45000076293945,25.56999969482422,22.19033432006836,640900.0,BCO
2009-03-18,5.039999961853027,5.039999961853027,4.71999979019165,5.03000020980835,1.7728655338287354,2200.0,BCOM
2009-03-18,5.599999904632568,5.9099998474121085,5.570000171661377,5.829999923706055,5.829999923706055,174300.0,BCOR
2009-03-18,14.199999809265135,14.899999618530273,13.946666717529295,14.899999618530273,14.122859001159668,302100.0,BCPC
2009-03-18,1.3899999856948853,1.3899999856948853,1.3300000429153442,1.3300000429153442,1.3300000429153442,6400.0,BCRX
2009-03-18,4.8847928047180185,5.852534770965576,4.829493045806885,5.705069065093994,4.2642130851745605,9707200.0,BCS
2009-03-18,7.815171241760254,7.815171241760254,7.815171241760254,7.815171241760254,5.0570478439331055,0.0,BCTF
2009-03-18,10.850000381469727,10.920000076293944,10.510000228881836,10.630000114440918,5.972533702850343,7900.0,BCV
2009-03-18,9.710000038146973,11.0600004196167,9.449999809265137,10.949999809265137,10.426886558532717,947200.0,BDC
2009-03-18,19.09000015258789,19.09000015258789,19.09000015258789,19.09000015258789,12.81545352935791,0.0,BDGE
2009-03-18,5.820000171661378,6.079999923706055,5.820000171661378,6.019999980926514,2.459494113922119,111300.0,BDJ
2009-03-18,3.670000076293945,3.7000000476837163,3.670000076293945,3.7000000476837163,3.3414621353149414,400.0,BDL
2009-03-18,3.3299999237060547,3.5999999046325684,2.9500000476837163,3.5799999237060547,2.049539566040039,4090400.0,BDN
2009-03-18,0.9800000190734864,0.9800000190734864,0.9800000190734864,0.9800000190734864,0.9800000190734864,0.0,BDR
2009-03-18,3.609999895095825,3.690000057220459,3.5,3.5999999046325684,3.5999999046325684,49400.0,BDSI
2009-03-18,65.45999908447266,66.73999786376953,64.63999938964844,65.76999664306639,54.03387069702149,1183800.0,BDX
2009-03-18,0.20000000298023224,0.20000000298023224,0.20000000298023224,0.20000000298023224,0.20000000298023224,0.0,BE
2009-03-18,26.76000022888184,27.0,25.670000076293945,26.45000076293945,26.45000076293945,469700.0,BEAT
2009-03-18,12.68000030517578,13.329999923706055,12.489999771118164,13.119999885559082,13.119999885559082,475800.0,BECN
2009-03-18,11.59000015258789,11.979999542236328,11.029999732971193,11.979999542236328,10.30490493774414,1700.0,BELFA
2009-03-18,12.899999618530273,14.15999984741211,11.869999885559082,13.8100004196167,11.735435485839846,41500.0,BELFB
2009-03-18,15.623332977294922,16.709999084472653,15.256667137145994,16.66666603088379,12.024767875671387,13135800.0,BEN
2009-03-18,12.279999732971193,12.4399995803833,12.170000076293945,12.4399995803833,5.819400310516357,6700.0,BEP
2009-03-18,6.5999999046325675,6.5999999046325675,6.5999999046325675,6.5999999046325675,5.449578285217285,0.0,BFC
2009-03-18,9.739999771118164,10.220000267028807,9.710000038146973,10.119999885559082,8.236650466918945,74300.0,BFIN
2009-03-18,10.300000190734863,10.550000190734863,10.300000190734863,10.5,5.266068458557129,52300.0,BFK
2009-03-18,11.239999771118164,11.289999961853027,11.15999984741211,11.270000457763672,7.677931785583496,4300.0,BFO
2009-03-18,24.709999084472656,26.70000076293945,24.270000457763672,26.690000534057614,17.70335578918457,85700.0,BFS
2009-03-18,10.81999969482422,10.899999618530273,10.75,10.899999618530273,5.83098840713501,4700.0,BFY
2009-03-18,11.300000190734865,11.3100004196167,10.93000030517578,11.18000030517578,5.904035568237305,28100.0,BFZ
2009-03-18,54.95000076293945,57.20000076293945,54.95000076293945,55.790000915527344,44.21315002441406,1843300.0,BG
2009-03-18,1.2926044464111328,1.5884244441986084,1.266880989074707,1.581993579864502,0.6534561514854431,235400.0,BGCP
2009-03-18,6.489999771118164,6.610000133514403,6.039999961853027,6.489999771118164,4.046432495117188,81700.0,BGFV
2009-03-18,14.550000190734865,15.600000381469727,14.18000030517578,15.449999809265135,11.536558151245115,998900.0,BGG
2009-03-18,0.23000000417232516,0.23000000417232516,0.23000000417232516,0.23000000417232516,0.23000000417232516,0.0,BGI
2009-03-18,15.15999984741211,15.380000114440918,14.81999969482422,15.380000114440918,6.000450134277344,134700.0,BGR
2009-03-18,4.929999828338623,5.0,4.800000190734863,5.0,2.6438679695129395,111800.0,BGS
2009-03-18,8.600000381469728,8.640000343322754,8.449999809265138,8.640000343322754,4.263343811035156,51400.0,BGT
2009-03-18,7.889999866485597,7.889999866485597,7.190000057220459,7.489999771118164,2.4723238945007324,287700.0,BGY
2009-03-18,125.8697738647461,138.11190795898438,124.1455307006836,136.21524047851562,136.21524047851562,21500.0,BH
2009-03-18,9.622221946716307,9.866666793823242,9.622221946716307,9.866666793823242,5.207022190093994,2800.0,BHB
2009-03-18,12.0,12.149999618530273,11.5600004196167,11.81999969482422,10.94423770904541,930200.0,BHC
2009-03-18,10.050000190734863,10.670000076293944,9.90999984741211,10.539999961853027,9.989596366882324,790200.0,BHE
2009-03-18,10.5,10.760000228881836,10.40999984741211,10.609999656677246,5.13277530670166,124400.0,BHK
2009-03-18,23.01000022888184,24.59000015258789,22.290000915527344,24.26000022888184,17.658428192138672,37700.0,BHLB
2009-03-18,41.06999969482422,43.22000122070313,39.810001373291016,42.83000183105469,27.00973129272461,6419400.0,BHP
2009-03-18,5.0,5.0,5.0,5.0,3.1305866241455083,4.0,BHR
2009-03-18,17.0,17.0,17.0,17.0,9.878203392028807,0.0,BHV
2009-03-18,17.270999908447266,17.589000701904293,16.969999313354492,17.5,17.5,22688000.0,BIDU
2009-03-18,3.8199999332427983,3.9500000476837163,3.7999999523162837,3.900000095367432,2.710204124450684,167600.0,BIF
2009-03-18,20.26000022888184,21.200000762939453,19.899999618530273,20.899999618530273,17.694862365722656,3301600.0,BIG
2009-03-18,49.2599983215332,50.959999084472656,48.93000030517578,50.06000137329102,50.06000137329102,3101400.0,BIIB
2009-03-18,0.6000000238418579,0.6000000238418579,0.6000000238418579,0.6000000238418579,0.6000000238418579,0.0,BIMI
2009-03-18,62.63999938964844,64.19999694824219,61.099998474121094,63.13000106811523,63.13000106811523,225000.0,BIO
2009-03-18,4.83811616897583,5.068502902984619,4.561652660369873,4.607729911804199,4.607729911804199,11900.0,BIOL
2009-03-18,9.119999885559082,9.333333015441896,8.100000381469728,8.819999694824219,4.075013160705566,635200.0,BIP
2009-03-18,12.960000038146973,13.970000267028807,12.960000038146973,13.8100004196167,13.437305450439453,722300.0,BJRI
2009-03-18,23.989999771118164,28.459999084472656,23.670000076293945,28.1299991607666,22.878332138061523,30514000.0,BK
2009-03-18,3.2000000476837163,3.390000104904175,3.150000095367432,3.2999999523162837,0.999764621257782,354100.0,BKCC
2009-03-18,4.449999809265137,4.860000133514403,4.300000190734863,4.5900001525878915,4.5900001525878915,284000.0,BKD
2009-03-18,28.171077728271484,29.616249084472656,27.80002021789551,29.11824989318848,18.666522979736328,1127200.0,BKE
2009-03-18,16.430000305175778,17.549999237060547,16.290000915527347,17.299999237060547,11.517428398132324,677900.0,BKH
2009-03-18,11.989999771118164,12.140000343322756,11.989999771118164,12.039999961853027,7.70292854309082,10200.0,BKK
2009-03-18,10.68000030517578,10.68000030517578,10.539999961853027,10.65999984741211,5.319290637969972,28300.0,BKN
2009-03-18,79.9000015258789,80.8499984741211,75.72000122070312,79.55000305175781,79.55000305175781,1965900.0,BKNG
2009-03-18,30.479999542236328,32.31999969482422,29.60000038146973,31.78000068664551,18.59049797058105,5412100.0,BKR
2009-03-18,9.016529083251953,9.504132270812988,8.677685737609862,8.677685737609862,5.87769889831543,4900.0,BKSC
2009-03-18,6.050000190734862,6.21999979019165,6.03000020980835,6.1599998474121085,3.235550165176392,239600.0,BKT
2009-03-18,0.550000011920929,0.550000011920929,0.4600000083446503,0.5199999809265137,0.44289594888687134,80200.0,BKTI
2009-03-18,0.959999978542328,0.959999978542328,0.8399999737739563,0.8399999737739563,0.8399999737739563,2100.0,BKYI
2009-03-18,6.199999809265138,6.454999923706055,6.199999809265138,6.425000190734862,6.425000190734862,39000.0,BLBD
2009-03-18,1.25,1.25,1.25,1.25,1.25,0.0,BLD
2009-03-18,0.8799999952316284,1.0,0.8799999952316284,0.9800000190734864,0.9800000190734864,158200.0,BLDP
2009-03-18,1.809999942779541,2.0799999237060547,1.6699999570846558,2.0799999237060547,2.0799999237060547,62200.0,BLDR
2009-03-18,10.029999732971193,10.029999732971193,9.880000114440918,9.93000030517578,4.971061706542969,32600.0,BLE
2009-03-18,0.699999988079071,0.699999988079071,0.699999988079071,0.699999988079071,0.699999988079071,0.0,BLFS
2009-03-18,1400.0,1425.0,1125.0,1125.0,1125.0,0.0,BLIN
2009-03-18,107.5,122.45999908447266,106.63999938964844,121.98999786376952,90.95584106445312,1301300.0,BLK
2009-03-18,10.479999542236328,10.640000343322754,10.149999618530273,10.640000343322754,9.28027057647705,272000.0,BLKB
2009-03-18,9.90250015258789,10.582500457763672,9.90250015258789,10.484999656677246,8.664094924926758,4988000.0,BLL
2009-03-18,16.245487213134766,20.577617645263672,16.245487213134766,16.245487213134766,16.245487213134766,0.0,BLU
2009-03-18,11.800000190734865,11.93000030517578,11.40999984741211,11.600000381469727,5.122916221618652,113300.0,BLW
2009-03-18,9.149999618530273,9.90999984741211,9.039999961853027,9.869999885559082,5.240035057067871,78800.0,BLX
2009-03-18,10.300000190734863,10.359999656677246,9.960000038146973,10.0,7.795280933380128,57800.0,BMA
2009-03-18,18.100000381469727,18.5,17.959999084472656,18.5,6.874650001525879,17100.0,BME
2009-03-18,14.970000267028807,15.835000038146973,14.5649995803833,15.399999618530273,11.887069702148438,360600.0,BMI
2009-03-18,26.1200008392334,26.85000038146973,25.32999992370605,26.61000061035156,14.974088668823242,2137900.0,BMO
2009-03-18,0.6399999856948853,0.6399999856948853,0.6399999856948853,0.6399999856948853,0.6399999856948853,0.0,BMRA
2009-03-18,9.875,10.0,9.824999809265137,9.975000381469727,8.16909122467041,6600.0,BMRC
2009-03-18,11.970000267028807,12.390000343322756,11.850000381469727,12.050000190734865,12.050000190734865,1740900.0,BMRN
2009-03-18,15.369999885559082,17.209999084472653,15.369999885559082,17.0,12.569202423095705,12600.0,BMTC
2009-03-18,21.1299991607666,21.63999938964844,20.729999542236328,21.18000030517578,14.33234977722168,15477500.0,BMY
2009-03-18,24.75,25.959999084472656,24.45000076293945,25.8700008392334,14.426104545593262,2146800.0,BNS
2009-03-18,0.8600000143051147,0.8600000143051147,0.8600000143051147,0.8600000143051147,0.8600000143051147,200.0,BNSO
2009-03-18,12.210000038146973,12.369999885559082,12.210000038146973,12.289999961853027,6.6462955474853525,11200.0,BNY
2009-03-18,4.46999979019165,4.46999979019165,4.46999979019165,4.46999979019165,3.373652219772339,0.0,BOCH
2009-03-18,13.210000038146973,13.779999732971193,13.010000228881836,13.56999969482422,4.221480846405028,26000.0,BOE
2009-03-18,33.169998168945305,35.439998626708984,32.810001373291016,35.38999938964844,24.50787734985352,1070000.0,BOH
2009-03-18,28.649999618530273,31.76000022888184,28.40999984741211,31.63999938964844,23.950122833251953,509700.0,BOKF
2009-03-18,8.270000457763674,8.289999961853027,7.869999885559082,8.050000190734862,7.349841117858888,470000.0,BOOM
2009-03-18,8.199999809265138,8.590000152587889,8.0,8.0,8.0,3904.0,BOOT
2009-03-18,10.0,11.800000190734865,9.800000190734863,11.600000381469727,11.600000381469727,400.0,BOSC
2009-03-18,7.359307289123535,7.359307289123535,7.359307289123535,7.359307289123535,6.587991714477539,300.0,BOTJ
2009-03-18,38.72000122070313,40.209999084472656,38.13000106811523,39.95000076293945,22.255910873413086,9310100.0,BP
2009-03-18,3.259999990463257,4.0900001525878915,3.259999990463257,3.910000085830689,3.046940565109253,495400.0,BPFH
2009-03-18,24.899999618530273,25.79999923706055,21.5,25.70000076293945,23.003995895385746,350300.0,BPOP
2009-03-18,12.369999885559082,13.0,12.369999885559082,13.0,5.7567243576049805,1200.0,BPOPM
2009-03-18,11.5,12.260000228881836,11.5,11.5,4.7934908866882315,17600.0,BPOPN
2009-03-18,56.47000122070313,58.40999984741211,54.79999923706055,57.81000137329102,16.25068473815918,249100.0,BPT
2009-03-18,30.0,44.0,30.0,38.0,38.0,100.0,BPTH
2009-03-18,12.3100004196167,12.390000343322756,12.210000038146973,12.210000038146973,6.587052822113037,3000.0,BQH
2009-03-18,17.889999389648438,18.25,17.729999542236328,18.239999771118164,14.221478462219238,1873900.0,BR
2009-03-18,16.729999542236328,17.770000457763672,16.559999465942386,17.559999465942386,13.247206687927244,492900.0,BRC
2009-03-18,0.9700000286102296,1.0099999904632568,0.959999978542328,0.959999978542328,0.959999978542328,4300.0,BREW
2009-03-18,6.929999828338622,7.164999961853027,6.829999923706055,7.052499771118164,6.316131591796875,1655200.0,BRFS
2009-03-18,3.3399999141693115,4.0300002098083505,3.3399999141693115,4.0300002098083505,3.9261794090271,500.0,BRID
2009-03-18,9.289999961853027,9.65999984741211,9.119999885559082,9.649999618530273,6.747624397277832,519800.0,BRKL
2009-03-18,5.5,5.78000020980835,5.449999809265137,5.6500000953674325,5.528263568878174,994200.0,BRKR
2009-03-18,4.679999828338623,5.0,4.480000019073486,4.8400001525878915,3.8413748741149902,254000.0,BRKS
2009-03-18,3.309999942779541,3.3499999046325684,3.309999942779541,3.3499999046325684,3.3499999046325684,7800.0,BRN
2009-03-18,8.529999732971191,8.854999542236328,8.310000419616701,8.845000267028809,6.7519965171813965,2621800.0,BRO
2009-03-18,2.8399999141693115,3.0999999046325684,2.8399999141693115,3.059999942779541,2.1251249313354488,15700.0,BRT
2009-03-18,0.7699999809265137,0.7699999809265137,0.7599999904632568,0.7599999904632568,0.6862923502922058,11500.0,BRY
2009-03-18,13.576923370361328,14.084615707397461,13.326923370361328,14.046154022216795,8.642815589904785,996500.0,BSAC
2009-03-18,9.140000343322754,9.149999618530273,8.930000305175781,9.109999656677246,4.637622833251953,19600.0,BSD
2009-03-18,10.260000228881836,10.380000114440918,9.9399995803833,10.350000381469727,5.803511142730713,23100.0,BSE
2009-03-18,0.9399999976158142,0.959999978542328,0.8999999761581421,0.959999978542328,0.6557283401489258,23000.0,BSET
2009-03-18,0.05466999858617783,0.05466999858617783,0.05466999858617783,0.05466999858617783,0.03676209598779678,37500.0,BSM
2009-03-18,1.0800000429153442,1.1599999666213991,1.0199999809265137,1.1399999856948853,1.1399999856948853,30400.0,BSQR
2009-03-18,9.449999809265137,9.920000076293944,8.899999618530273,9.510000228881836,7.293179035186768,43000.0,BSRR
2009-03-18,30.60000038146973,36.0,30.60000038146973,36.0,24.77265548706055,0.0,BST
2009-03-18,20.46999931335449,20.5,20.0,20.0,20.0,3000.0,BSTC
2009-03-18,7.429999828338622,8.310000419616701,7.429999828338622,8.189999580383299,8.189999580383299,22332800.0,BSX
2009-03-18,7.8400001525878915,7.9000000953674325,7.8400001525878915,7.9000000953674325,4.0036234855651855,9200.0,BTA
2009-03-18,11.350000381469727,11.84000015258789,10.649999618530273,11.8100004196167,7.860817909240723,548800.0,BTE
2009-03-18,0.4900000095367432,0.4900000095367432,0.4900000095367432,0.4900000095367432,0.486168771982193,1000.0,BTG
2009-03-18,22.774999618530273,23.48500061035156,22.604999542236328,23.32500076293945,10.26129913330078,428200.0,BTI
2009-03-18,1.6299999952316284,1.7799999713897705,1.5499999523162842,1.7300000190734863,1.7300000190734863,3200.0,BTN
2009-03-18,9.760000228881836,10.550000190734863,9.710000038146973,10.539999961853027,5.91905403137207,119100.0,BTO
2009-03-18,5.880000114440918,6.130000114440918,5.75,6.039999961853027,2.6360671520233154,243100.0,BTZ
2009-03-18,24.51000022888184,29.90999984741211,24.0,29.90999984741211,20.77674865722656,52100.0,BUSE
2009-03-18,18.350000381469727,20.479999542236328,17.639999389648438,20.440000534057614,18.84619903564453,2217500.0,BVN
2009-03-18,10.800000190734863,10.800000190734863,10.800000190734863,10.800000190734863,10.800000190734863,200.0,BVSN
2009-03-18,9.34000015258789,10.395000457763672,9.164999961853027,10.149999618530273,9.19896125793457,6158800.0,BWA
2009-03-18,27.0,36.5,26.0,35.5,35.5,18800.0,BWEN
2009-03-18,5.949999809265138,6.199999809265138,5.760000228881836,6.070000171661378,2.983165740966797,2313900.0,BX
2009-03-18,15.800000190734865,25.5,15.800000190734865,25.399999618530273,25.399999618530273,4800.0,BXC
2009-03-18,1.5299999713897705,1.6399999856948853,1.4500000476837158,1.4800000190734863,1.3373786211013794,37895.0,BXG
2009-03-18,18.0,18.399999618530273,16.0,16.700000762939453,4.5625267028808585,24800.0,BXMT
2009-03-18,9.1899995803833,9.550000190734863,9.09000015258789,9.550000190734863,3.8461213111877437,132100.0,BXMX
2009-03-18,37.52000045776367,41.58000183105469,36.709999084472656,41.25,30.772010803222656,6261500.0,BXP
2009-03-18,19.799999237060547,20.979999542236328,19.200000762939453,20.950000762939453,16.91029930114746,1461700.0,BXS
2009-03-18,3.990000009536743,4.119999885559082,3.660000085830689,4.059999942779541,3.9676084518432617,919700.0,BYD
2009-03-18,4.980000019073486,4.980000019073486,4.980000019073486,4.980000019073486,4.7886834144592285,0.0,BYFC
2009-03-18,11.130000114440918,11.5,11.109999656677246,11.399999618530273,6.0273051261901855,39400.0,BYM
2009-03-18,4.0,5.0,3.7000000476837163,4.599999904632568,4.599999904632568,675200.0,BZH
2009-03-18,13.199999809265135,13.199999809265135,12.5,13.149999618530273,7.730878829956055,1800.0,BZM
2009-03-18,26.0,33.59999847412109,25.20000076293945,30.79999923706055,28.23687171936035,129964700.0,C
2009-03-18,3.240000009536743,3.3499999046325684,3.1700000762939453,3.3499999046325684,3.2827756404876713,15800.0,CAAS
2009-03-18,14.493332862854006,16.706666946411133,13.986666679382324,16.293333053588867,11.70755386352539,33700.0,CAC
2009-03-18,21.96999931335449,23.940000534057614,21.940000534057614,23.649999618530273,23.649999618530273,35100.0,CACC
2009-03-18,39.02000045776367,39.9900016784668,38.61000061035156,39.68000030517578,39.68000030517578,859900.0,CACI
2009-03-18,5.670000076293945,5.71999979019165,5.5900001525878915,5.710000038146973,4.639966011047363,17900.0,CAE
2009-03-18,26.76000022888184,28.0,26.420000076293945,27.739999771118164,8.703754425048826,127500.0,CAF
2009-03-18,11.735408782958984,11.766536712646484,11.431906700134276,11.58754825592041,7.668118000030518,5644600.0,CAG
2009-03-18,31.60000038146973,32.900001525878906,31.43000030517578,32.150001525878906,17.203704833984375,2903300.0,CAH
2009-03-18,3.5899999141693115,3.640000104904175,3.4200000762939453,3.470000028610229,3.470000028610229,39900.0,CAI
2009-03-18,26.479999542236328,27.79999923706055,26.34000015258789,27.51000022888184,17.182729721069336,1345900.0,CAJ
2009-03-18,10.489999771118164,12.15999984741211,10.4399995803833,12.029999732971193,10.316463470458984,6461300.0,CAKE
2009-03-18,2.6700000762939453,2.9100000858306885,2.609999895095825,2.8399999141693115,2.345190525054932,730300.0,CAL
2009-03-18,11.095000267028807,11.625,10.994999885559082,11.375,8.953646659851074,463600.0,CALM
2009-03-18,0.5699999928474426,0.5699999928474426,0.5,0.550000011920929,0.550000011920929,15500.0,CAMP
2009-03-18,0.3100000023841858,0.3100000023841858,0.2899999916553497,0.2899999916553497,0.2575891315937042,800.0,CAMT
2009-03-18,365.0,365.0,365.0,365.0,365.0,0.0,CAPR
2009-03-18,0.4600000083446503,0.4600000083446503,0.4000000059604645,0.44999998807907104,0.44999998807907104,625400.0,CAR
2009-03-18,5.400000095367432,5.400000095367432,5.199999809265137,5.199999809265137,3.742789030075073,1200.0,CARE
2009-03-18,64.65000152587889,65.40000152587889,45.0,52.5,48.90229797363281,0.0,CARV
2009-03-18,3.2666666507720947,3.4166667461395264,3.2666666507720947,3.4166667461395264,2.8550074100494385,2700.0,CASH
2009-03-18,2.200000047683716,2.200000047683716,2.0899999141693115,2.200000047683716,2.200000047683716,5500.0,CASI
2009-03-18,19.593664169311523,20.661157608032227,18.94628143310547,20.55096435546875,17.027664184570312,28400.0,CASS
2009-03-18,24.899999618530273,25.989999771118164,24.649999618530273,25.6200008392334,22.865758895874023,445500.0,CASY
2009-03-18,26.239999771118164,27.93000030517578,25.70000076293945,27.46999931335449,19.68717384338379,17978500.0,CAT
2009-03-18,21.0,21.0,21.0,21.0,14.048030853271484,1200.0,CATC
2009-03-18,1.2799999713897705,1.4500000476837158,1.2000000476837158,1.3799999952316284,1.3799999952316284,35700.0,CATM
2009-03-18,16.469999313354492,16.979999542236328,16.129999160766598,16.579999923706055,10.002256393432617,246400.0,CATO
2009-03-18,528.0,552.0,480.0,480.0,480.0,0.0,CATS
2009-03-18,10.5,11.600000381469727,10.3100004196167,11.4399995803833,9.677332878112793,881100.0,CATY
2009-03-18,37.9900016784668,40.150001525878906,37.18000030517578,39.88999938964844,26.170352935791016,6889400.0,CB
2009-03-18,5.71999979019165,6.46999979019165,5.71999979019165,6.46999979019165,6.045460224151611,1700.0,CBAN
2009-03-18,6.6500000953674325,7.25,6.25,7.25,7.25,41800.0,CBAT
2009-03-18,10.649999618530273,10.949999809265137,10.300000190734863,10.949999809265137,10.949999809265137,341400.0,CBB
2009-03-18,13.850000381469727,14.199999809265135,13.595000267028807,14.145000457763672,12.467605590820312,496600.0,CBD
2009-03-18,14.0,14.0,14.0,14.0,8.85158634185791,0.0,CBFV
2009-03-18,1.9299999475479128,1.9299999475479128,1.8999999761581419,1.8999999761581419,1.6295452117919922,441100.0,CBH
2009-03-18,315.0,342.29998779296875,284.54998779296875,315.0,233.89817810058597,300.0,CBIO
2009-03-18,2.549999952316284,2.990000009536743,2.4300000667572017,2.990000009536743,1.3249526023864746,2427900.0,CBL
2009-03-18,30.60000038146973,30.60000038146973,26.0,26.399999618530273,26.399999618530273,3100.0,CBLI
2009-03-18,1.0,1.0,1.0,1.0,1.0,800.0,CBMG
2009-03-18,2.200000047683716,2.400000095367432,2.200000047683716,2.3499999046325684,2.3499999046325684,22100.0,CBPO
2009-03-18,2.740000009536743,3.0499999523162837,2.5199999809265137,3.0499999523162837,3.0499999523162837,12266700.0,CBRE
2009-03-18,27.06999969482422,28.45000076293945,27.06999969482422,28.170000076293945,18.690858840942386,945300.0,CBRL
2009-03-18,25.29670143127441,27.22193717956543,24.52063751220703,27.080156326293945,20.8188533782959,1365100.0,CBSH
2009-03-18,9.369999885559082,10.050000190734863,9.350000381469727,9.970000267028807,7.650491237640381,386100.0,CBT
2009-03-18,15.75,16.639999389648438,15.649999618530273,16.629999160766598,11.411795616149902,516000.0,CBU
2009-03-18,6.5999999046325675,6.889999866485597,6.559999942779541,6.880000114440918,6.880000114440918,454700.0,CBZ
2009-03-18,11.960000038146973,13.380000114440918,11.800000190734865,13.15999984741211,10.942448616027832,96300.0,CCBG
2009-03-18,74.63999938964844,74.63999938964844,74.63999938964844,74.63999938964844,66.78892517089844,0.0,CCCL
2009-03-18,11.869999885559082,12.100000381469727,11.670000076293945,11.9399995803833,4.690800666809082,3340500.0,CCEP
2009-03-18,8.760000228881836,9.260000228881836,8.760000228881836,8.989999771118164,7.625924110412598,5700.0,CCF
2009-03-18,19.690000534057614,20.31999969482422,19.059999465942386,20.09000015258789,16.031091690063473,3131100.0,CCI
2009-03-18,16.600000381469727,17.069999694824222,15.760000228881836,17.010000228881836,13.619157791137695,4635900.0,CCJ
2009-03-18,21.280000686645508,22.26000022888184,21.149999618530273,22.09000015258789,22.09000015258789,2025600.0,CCK
2009-03-18,21.489999771118164,22.60000038146973,21.13999938964844,22.06999969482422,16.334930419921875,5992000.0,CCL
2009-03-18,23.559999465942386,25.670000076293945,23.5,25.46999931335449,17.069499969482422,343700.0,CCMP
2009-03-18,10.050000190734863,10.050000190734863,10.050000190734863,10.050000190734863,6.752043724060059,0.0,CCNE
2009-03-18,2.539999961853028,2.799999952316284,2.359999895095825,2.690000057220459,0.7153733968734741,239800.0,CCO
2009-03-18,7.019999980926514,7.329999923706055,6.989999771118164,7.300000190734862,5.4699435234069815,379100.0,CCOI
2009-03-18,6.199999809265138,6.71999979019165,6.199999809265138,6.510000228881836,6.510000228881836,171900.0,CCRN
2009-03-18,12.15999984741211,12.196000099182127,11.984000205993652,12.15999984741211,7.98615837097168,52700.0,CCU
2009-03-18,610.1599731445312,610.1599731445312,610.1599731445312,610.1599731445312,486.0519714355469,0.0,CCX
2009-03-18,21.5,21.5,21.5,21.5,14.41554355621338,0.0,CCZ
2009-03-18,6.4000000953674325,6.5999999046325675,6.199999809265138,6.5,6.5,1017100.0,CDE
2009-03-18,13.649999618530273,14.0,13.649999618530273,14.0,10.56029987335205,3800.0,CDMO
2009-03-18,4.199999809265137,4.389999866485597,4.1599998474121085,4.389999866485597,4.389999866485597,1362700.0,CDNS
2009-03-18,67.97385406494139,74.771240234375,66.92810821533203,66.92810821533203,53.45363998413086,400.0,CDOR
2009-03-18,2.2300000190734863,2.259999990463257,2.059999942779541,2.200000047683716,1.3739100694656372,463700.0,CDR
2009-03-18,0.44999998807907104,1.2000000476837158,0.44999998807907104,1.2000000476837158,1.2000000476837158,2200.0,CDXC
2009-03-18,6.710000038146973,7.190000057220459,6.539999961853027,6.880000114440918,6.880000114440918,29600.0,CDZI
2009-03-18,10.899999618530273,11.510000228881836,10.520000457763672,11.369999885559082,9.75076961517334,1828200.0,CE
2009-03-18,6.90500020980835,7.0999999046325675,6.815000057220459,7.045000076293945,6.776179313659668,32400.0,CEA
2009-03-18,2.6800000667572017,2.75,2.630000114440918,2.6800000667572017,2.329106569290161,40700.0,CECE
2009-03-18,14.489999771118164,14.779999732971193,14.050000190734865,14.550000190734865,9.466129302978516,68800.0,CEE
2009-03-18,8007812.5,9960938.0,8007812.5,8984375.0,8984375.0,0.0,CEI
2009-03-18,20.8799991607666,21.459999084472656,20.709999084472656,21.309999465942386,13.51882266998291,125300.0,CEL
2009-03-18,1.2000000476837158,1.2000000476837158,1.2000000476837158,1.2000000476837158,1.2000000476837158,9400.0,CELH
2009-03-18,0.6399999856948853,0.6399999856948853,0.6399999856948853,0.6399999856948853,0.6399999856948853,1000.0,CEMI
2009-03-18,7.559999942779541,7.880000114440918,7.3499999046325675,7.679999828338622,7.679999828338622,381700.0,CENT
2009-03-18,7.579999923706055,7.75,7.309999942779541,7.5900001525878915,7.5900001525878915,497500.0,CENTA
2009-03-18,1.5900000333786009,1.7300000190734863,1.399999976158142,1.6499999761581419,1.6499999761581419,2874400.0,CENX
2009-03-18,94.43000030517578,97.4000015258789,92.30999755859376,96.4000015258789,61.59494018554688,641200.0,CEO
2009-03-18,138.8692626953125,139.81153869628906,133.03886413574222,139.45819091796878,80.44524383544922,22500.0,CEQP
2009-03-18,10.875,11.369999885559082,10.697500228881836,11.27750015258789,11.19231414794922,11144800.0,CERN
2009-03-18,0.8100000023841858,0.8299999833106995,0.7400000095367432,0.8000000119209291,0.8000000119209291,119300.0,CERS
2009-03-18,12.149999618530273,12.550000190734865,12.100000381469727,12.550000190734865,6.99822998046875,34800.0,CET
2009-03-18,8.630000114440918,9.970000267028807,8.539999961853027,9.970000267028807,2.0184667110443115,811500.0,CETV
2009-03-18,10.399999618530273,10.399999618530273,9.65999984741211,9.699999809265137,5.249998569488525,4700.0,CEV
2009-03-18,6.050000190734862,7.050000190734862,6.050000190734862,7.050000190734862,7.050000190734862,62000.0,CEVA
2009-03-18,13.670000076293945,13.994000434875488,13.23799991607666,13.833999633789062,8.493504524230957,22445500.0,CF
2009-03-18,73.75690460205078,73.75690460205078,73.75690460205078,73.75690460205078,73.75690460205078,0.0,CFBK
2009-03-18,13.489999771118164,13.5,13.0,13.5,9.210203170776367,1000.0,CFFI
2009-03-18,16.33608627319336,16.870609283447266,16.053363800048828,16.870609283447266,8.194753646850586,463800.0,CFFN
2009-03-18,42.59000015258789,47.2599983215332,42.459999084472656,47.209999084472656,33.778099060058594,1760400.0,CFR
2009-03-18,7.4000000953674325,7.5,7.190000057220459,7.3499999046325675,7.3499999046325675,242800.0,CFX
2009-03-18,39.599998474121094,40.79999923706055,39.599998474121094,40.68000030517578,38.830909729003906,400.0,CGA
2009-03-18,0.4699999988079071,0.5,0.4699999988079071,0.479999989271164,0.479999989271164,27400.0,CGEN
2009-03-18,2.9800000190734863,3.1700000762939453,2.914999961853028,3.102499961853028,2.813350200653076,1271600.0,CGNX
2009-03-18,8.800000190734863,8.880000114440918,8.569999694824219,8.760000228881836,3.2066617012023926,35000.0,CGO
2009-03-18,38.45000076293945,40.27000045776367,38.20000076293945,39.70000076293945,30.41230392456055,378200.0,CHA
2009-03-18,1.4700000286102295,1.4700000286102295,1.2599999904632568,1.4700000286102295,1.4700000286102295,1800.0,CHCI
2009-03-18,25.13999938964844,27.68000030517578,25.13999938964844,27.0,18.09558868408203,113800.0,CHCO
2009-03-18,12.75,12.99250030517578,12.532500267028807,12.84000015258789,9.269549369812012,2837600.0,CHD
2009-03-18,8.930000305175781,9.726666450500488,8.916666984558105,9.523333549499512,8.596554756164549,148500.0,CHDN
2009-03-18,37.58000183105469,38.310001373291016,36.86000061035156,37.38000106811523,34.313186645507805,173400.0,CHE
2009-03-18,27.15999984741211,28.09000015258789,26.96999931335449,27.979999542236328,17.408203125,567700.0,CHH
2009-03-18,8.239999771118164,8.380000114440918,8.029999732971191,8.270000457763674,2.8761773109436035,168600.0,CHI
2009-03-18,15.846735954284668,16.87795639038086,15.260169982910154,16.565752029418945,15.071212768554688,22725800.0,CHK
2009-03-18,20.899999618530273,21.940000534057614,20.899999618530273,21.399999618530273,21.399999618530273,3243200.0,CHKP
2009-03-18,43.90999984741211,45.290000915527344,43.18999862670898,44.47999954223633,29.5300350189209,2398500.0,CHL
2009-03-18,17.0,17.5,17.0,17.5,11.837359428405762,1400.0,CHMG
2009-03-18,15.489999771118164,15.489999771118164,15.039999961853027,15.380000114440918,5.942615985870361,198800.0,CHN
2009-03-18,9.770000457763672,9.890000343322754,9.460000038146973,9.81999969482422,9.81999969482422,6500.0,CHNR
2009-03-18,45.09000015258789,46.59000015258789,44.22999954223633,46.0,35.83219528198242,3339100.0,CHRW
2009-03-18,5.039999961853027,5.300000190734863,4.989999771118164,5.199999809265137,3.71117901802063,4373500.0,CHS
2009-03-18,25.309999465942386,25.3799991607666,25.309999465942386,25.3799991607666,12.180240631103516,18400.0,CHSCP
2009-03-18,27.3759765625,28.283466339111328,27.3759765625,28.049718856811523,17.427288055419922,764500.0,CHT
2009-03-18,9.970000267028807,10.329999923706056,9.699999809265137,10.170000076293944,8.762086868286133,2677700.0,CHU
2009-03-18,5.150000095367432,5.3400001525878915,4.949999809265137,5.269999980926514,1.848453164100647,313700.0,CHW
2009-03-18,8.090000152587889,8.100000381469728,7.940000057220459,8.029999732971191,2.930619239807129,238400.0,CHY
2009-03-18,17.129999160766598,19.32999992370605,16.780000686645508,18.5,18.394250869750977,8644400.0,CI
2009-03-18,7.53000020980835,8.0,7.440000057220459,7.949999809265138,7.949999809265138,113000.0,CIA
2009-03-18,19.6299991607666,20.200000762939453,19.530000686645508,19.920000076293945,14.478374481201172,888700.0,CIB
2009-03-18,5.9000000953674325,5.9000000953674325,5.5,5.599999904632568,5.599999904632568,3200.0,CIDM
2009-03-18,7.0,7.46999979019165,6.829999923706055,7.4000000953674325,7.4000000953674325,3012800.0,CIEN
2009-03-18,1.4800000190734863,1.5800000429153442,1.4700000286102295,1.5099999904632568,0.52614825963974,21200.0,CIF
2009-03-18,6.144113063812256,6.482560157775879,6.0226197242736825,6.482560157775879,2.2490851879119877,3279100.0,CIG
2009-03-18,4.517261505126953,4.716208457946777,4.493855953216553,4.651843070983887,4.531354904174805,182300.0,CIGI
2009-03-18,380.70001220703125,386.0,357.8999938964844,357.8999938964844,357.8999938964844,18500.0,CIH
2009-03-18,9.479999542236328,9.899999618530273,9.40999984741211,9.890000343322754,3.6580445766448975,86800.0,CII
2009-03-18,2.220000028610229,2.3499999046325684,2.1800000667572017,2.2699999809265137,0.8748465776443481,129200.0,CIK
2009-03-18,13.050000190734865,15.5,12.800000190734865,14.5,6.02043342590332,710400.0,CIM
2009-03-18,21.239999771118164,22.40999984741211,20.68000030517578,22.3700008392334,14.534613609313965,2517500.0,CINF
2009-03-18,20.729999542236328,22.729999542236328,20.38999938964844,22.40999984741211,21.71452140808105,228200.0,CIR
2009-03-18,7.550000190734862,7.550000190734862,7.550000190734862,7.550000190734862,6.319980144500732,100.0,CIVB
2009-03-18,5.010000228881836,5.010000228881836,5.010000228881836,5.010000228881836,3.7066433429718018,100.0,CIX
2009-03-18,20.100000381469727,20.100000381469727,20.100000381469727,20.100000381469727,12.36868953704834,100.0,CIZN
2009-03-18,43.617923736572266,44.18107223510742,42.42404174804688,43.89574432373047,35.85840606689453,286500.0,CKH
2009-03-18,11.0,11.0,11.0,11.0,9.41066837310791,0.0,CKX
2009-03-18,29.334999084472656,29.36000061035156,28.69499969482422,28.8700008392334,19.97876739501953,7761400.0,CL
2009-03-18,3.9500000476837163,4.0,3.900000095367432,3.9500000476837163,3.8920934200286874,10100.0,CLAR
2009-03-18,36.13000106811523,36.89500045776367,34.65999984741211,36.61000061035156,29.619651794433594,877600.0,CLB
2009-03-18,93.0,108.0,81.0,89.0,88.46249389648438,100.0,CLBS
2009-03-18,3.609999895095825,3.920000076293945,3.539999961853028,3.920000076293945,1.8715108633041384,54800.0,CLCT
2009-03-18,4.25,4.25,3.2000000476837163,3.2000000476837163,2.7840049266815186,2300.0,CLDB
2009-03-18,94.0500030517578,103.6500015258789,90.4499969482422,102.0,102.0,2200.0,CLDX
2009-03-18,12.68000030517578,13.390000343322756,11.800000190734865,12.93000030517578,10.673151016235352,6643400.0,CLF
2009-03-18,1.0700000524520874,1.1399999856948853,1.0700000524520874,1.1399999856948853,1.1399999856948853,6700.0,CLFD
2009-03-18,13.273425102233887,14.74063777923584,13.09644603729248,14.717802047729492,13.737496376037598,3681200.0,CLGX
2009-03-18,21.545000076293945,22.48500061035156,21.2450008392334,22.290000915527344,22.290000915527344,764800.0,CLH
2009-03-18,16.329999923706055,19.01000022888184,16.219999313354492,18.81999969482422,11.184124946594238,3075700.0,CLI
2009-03-18,27.0,27.0,24.60000038146973,26.15999984741211,3.1605782508850098,33100.0,CLM
2009-03-18,11.210000038146973,11.210000038146973,10.619999885559082,10.859999656677246,5.563040256500244,30500.0,CLMT
2009-03-18,5.699999809265138,5.75,5.380000114440918,5.699999809265138,5.699999809265138,398200.0,CLNE
2009-03-18,10.225000381469727,10.795000076293944,9.899999618530273,10.75,10.71427059173584,3410400.0,CLR
2009-03-18,119340.0,119340.0,119340.0,119340.0,119340.0,0.0,CLRB
2009-03-18,3.2000000476837163,3.2799999713897705,3.190000057220459,3.25,3.0009996891021733,17400.0,CLRO
2009-03-18,3.0199999809265137,3.0499999523162837,2.900000095367432,3.0499999523162837,3.0499999523162837,1462300.0,CLS
2009-03-18,155.76576232910156,163.3333282470703,145.67567443847656,157.65765380859375,157.65765380859375,0.0,CLSN
2009-03-18,1.6399999856948853,1.8500000238418581,1.6100000143051147,1.7899999618530271,1.2866719961166382,98200.0,CLUB
2009-03-18,3.650000095367432,4.025000095367432,3.634999990463257,3.940000057220459,3.940000057220459,123600.0,CLW
2009-03-18,3.190000057220459,3.2999999523162837,2.914999961853028,3.244999885559082,2.625499963760376,3000.0,CLWT
2009-03-18,51.2400016784668,52.27000045776367,50.5,51.61999893188477,37.23627471923828,2055600.0,CLX
2009-03-18,36.95000076293945,37.459999084472656,35.22999954223633,37.099998474121094,18.54033851623535,1542700.0,CM
2009-03-18,18.26000022888184,20.96999931335449,17.850000381469727,20.670000076293945,16.810905456542972,8270600.0,CMA
2009-03-18,9.65999984741211,10.529999732971193,9.460000038146973,10.3100004196167,7.408161163330077,3363700.0,CMC
2009-03-18,2.0,2.0,2.0,2.0,1.4757282733917236,800.0,CMCL
2009-03-18,8.850000381469727,9.9399995803833,8.670000076293945,9.81999969482422,9.437846183776855,102000.0,CMCO
2009-03-18,6.565000057220459,6.925000190734862,6.53000020980835,6.7849998474121085,5.489770412445068,39044600.0,CMCSA
2009-03-18,90.1500015258789,90.1500015258789,80.25,84.0,42.60596466064453,1000.0,CMCT
2009-03-18,6.28000020980835,6.480000019073486,6.186666488647461,6.253333568572997,5.9434685707092285,642300.0,CMD
2009-03-18,43.90800094604492,47.87799835205078,43.72999954223633,47.60200119018555,31.13295555114746,13239500.0,CME
2009-03-18,59.68999862670898,65.16000366210939,59.20000076293945,63.72000122070313,63.72000122070313,950600.0,CMG
2009-03-18,22.59000015258789,24.989999771118164,22.399999618530273,24.479999542236328,19.065860748291016,3930900.0,CMI
2009-03-18,11.779999732971193,11.9399995803833,11.550000190734865,11.720000267028807,3.5864713191986084,929700.0,CMO
2009-03-18,56.13000106811523,58.0,54.5,55.599998474121094,38.40862655639648,2588000.0,CMP
2009-03-18,26.3700008392334,27.0,26.0,26.90999984741211,26.90999984741211,325200.0,CMPR
2009-03-18,11.710000038146973,12.18000030517578,11.609999656677244,11.890000343322756,8.112889289855957,6545300.0,CMS
2009-03-18,1.6499999761581419,1.6499999761581419,1.5499999523162842,1.6000000238418581,1.5825520753860474,1100.0,CMT
2009-03-18,23.06999969482422,23.06999969482422,21.920000076293945,22.809999465942386,16.242607116699222,794100.0,CMTL
2009-03-18,3.0499999523162837,3.0499999523162837,2.990000009536743,3.0,1.4657578468322754,27100.0,CMU
2009-03-18,8.489999771118164,9.270000457763672,8.170000076293945,9.09000015258789,6.93105411529541,1576500.0,CNA
2009-03-18,10.989999771118164,11.050000190734863,10.3100004196167,10.5,9.07296657562256,4100.0,CNBKA
2009-03-18,4.380000114440918,4.380000114440918,4.264999866485597,4.320000171661377,4.320000171661377,2662000.0,CNC
2009-03-18,17.229999542236328,17.799999237060547,16.684999465942386,17.649999618530273,13.04281997680664,5910200.0,CNI
2009-03-18,7.989999771118164,8.890000343322754,7.9099998474121085,8.829999923706055,5.8708839416503915,349300.0,CNK
2009-03-18,13.199999809265135,13.5600004196167,12.949999809265135,13.289999961853027,11.623254776000975,281400.0,CNMD
2009-03-18,0.3499999940395355,0.4699999988079071,0.3199999928474426,0.4699999988079071,0.41240254044532776,8054800.0,CNO
2009-03-18,6.880000114440918,7.0,6.880000114440918,6.9000000953674325,5.790911674499513,4200.0,CNOB
2009-03-18,10.170000076293944,10.550000190734863,9.970000267028807,10.420000076293944,6.384472846984862,6397300.0,CNP
2009-03-18,19.604999542236328,19.98500061035156,18.395000457763672,19.71500015258789,14.238354682922365,10641200.0,CNQ
2009-03-18,12.149999618530273,14.300000190734865,11.050000190734863,13.649999618530273,13.649999618530273,200600.0,CNR
2009-03-18,10.329999923706056,10.600000381469727,9.800000190734863,10.399999618530273,7.735901355743407,262700.0,CNS
2009-03-18,9.710000038146973,10.279999732971193,9.699999809265137,10.279999732971193,4.070496559143066,126500.0,CNSL
2009-03-18,1.3700000047683716,1.3700000047683716,1.2599999904632568,1.2699999809265137,1.2699999809265137,9400.0,CNTY
2009-03-18,23.04999923706055,24.22500038146973,22.325000762939453,23.70000076293945,22.09672737121582,5784200.0,CNX
2009-03-18,3.309999942779541,3.440000057220459,3.2000000476837163,3.3499999046325684,2.8391003608703613,38400.0,CNXN
2009-03-18,5.8499999046325675,5.8499999046325675,5.8499999046325675,5.8499999046325675,5.7332682609558105,0.0,CO
2009-03-18,8.550000190734862,9.460000038146973,8.329999923706055,9.4399995803833,3.5312862396240234,79500.0,CODI
2009-03-18,0.05000000074505806,0.05000000074505806,0.05000000074505806,0.05000000074505806,0.05000000074505806,0.0,COE
2009-03-18,12.800000190734865,14.420000076293945,11.93000030517578,14.229999542236328,12.07984733581543,27416500.0,COF
2009-03-18,5.442176818847656,5.442176818847656,3.854875326156616,5.442176818847656,3.600076913833618,3200.0,COFS
2009-03-18,6.022500038146973,6.242499828338622,5.832499980926514,6.119999885559082,5.597597122192383,15004400.0,COG
2009-03-18,40.0,49.0,40.0,48.0,27.309659957885746,2400.0,COHN
2009-03-18,16.760000228881836,17.469999313354492,16.520000457763672,17.309999465942386,16.947940826416016,167100.0,COHR
2009-03-18,7.4000000953674325,8.140000343322754,7.3400001525878915,8.069999694824219,6.550426959991455,111200.0,COHU
2009-03-18,46.09000015258789,49.9900016784668,44.52000045776367,49.9900016784668,44.13908767700195,34100.0,COKE
2009-03-18,6.71999979019165,6.929999828338622,6.510000228881836,6.789999961853027,4.910491943359375,190800.0,COLB
2009-03-18,14.354999542236328,15.104999542236328,14.09000015258789,15.05500030517578,12.60232925415039,508600.0,COLM
2009-03-18,13.449999809265135,13.75,13.18000030517578,13.75,13.75,107700.0,CONN
2009-03-18,21.799999237060547,23.649999618530273,21.549999237060547,23.209999084472656,23.04866600036621,1129500.0,COO
2009-03-18,28.44202995300293,29.47115898132324,27.725452423095703,29.18910026550293,19.346548080444336,22586800.0,COP
2009-03-18,4.487500190734863,4.5,4.392499923706056,4.449999809265137,3.9928591251373287,217200.0,CORE
2009-03-18,31.149999618530273,31.5,31.0,31.29999923706055,19.253448486328125,4700.0,CORR
2009-03-18,1.1599999666213991,1.1799999475479126,1.0499999523162842,1.149999976158142,1.149999976158142,7300.0,CORT
2009-03-18,13.949999809265135,14.25,12.850000381469727,13.100000381469727,13.100000381469727,66600.0,CORV
2009-03-18,43.900001525878906,45.040000915527344,43.08000183105469,44.459999084472656,34.076133728027344,7082400.0,COST
2009-03-18,31.209999084472656,31.3700008392334,31.170000076293945,31.29999923706055,30.95334053039551,4400.0,COW
2009-03-18,20.520000457763672,21.63999938964844,20.36000061035156,20.799999237060547,3.017054319381714,8000.0,COWN
2009-03-18,30.51000022888184,31.11000061035156,29.209999084472656,30.59000015258789,25.90353012084961,1364600.0,CP
2009-03-18,24.770000457763672,25.90999984741211,24.26000022888184,25.6299991607666,18.56825828552246,376300.0,CPA
2009-03-18,3.5999999046325684,3.5999999046325684,3.5999999046325684,3.5999999046325684,3.5999999046325684,0.0,CPAH
2009-03-18,27.21999931335449,27.270000457763672,26.59000015258789,26.940000534057614,19.173355102539066,2104100.0,CPB
2009-03-18,0.959999978542328,0.9900000095367432,0.9300000071525574,0.9800000190734864,0.9800000190734864,469200.0,CPE
2009-03-18,101.0,121.5999984741211,99.0,119.1999969482422,100.89218139648438,11300.0,CPF
2009-03-18,19.81999969482422,21.190000534057614,19.75,20.88999938964844,9.946294784545898,3600.0,CPG
2009-03-18,6.0,6.0,5.349999904632568,5.599999904632568,4.763452529907227,2000.0,CPHC
2009-03-18,1.2899999618530271,1.2899999618530271,1.2000000476837158,1.2000000476837158,1.2000000476837158,48000.0,CPHI
2009-03-18,17.533332824707028,19.020000457763672,17.486665725708008,19.020000457763672,13.06720733642578,38200.0,CPK
2009-03-18,44.86999893188477,48.29999923706055,42.70000076293945,44.93999862670898,12.797114372253418,4800.0,CPLP
2009-03-18,7.065000057220459,7.40749979019165,7.065000057220459,7.34250020980835,7.34250020980835,4355200.0,CPRT
2009-03-18,1.5199999809265137,1.6299999952316284,1.399999976158142,1.6000000238418581,1.6000000238418581,6800.0,CPRX
2009-03-18,0.75,0.75,0.75,0.75,0.75,0.0,CPSH
2009-03-18,29.76000022888184,31.85000038146973,29.209999084472656,31.75,21.76267433166504,513800.0,CPSI
2009-03-18,0.3499999940395355,0.4399999976158142,0.3499999940395355,0.3799999952316284,0.3799999952316284,54100.0,CPSS
2009-03-18,132.0,140.0,132.0,138.0,138.0,6200.0,CPST
2009-03-18,22.82999992370605,23.84000015258789,21.86000061035156,23.60000038146973,14.521195411682127,2868800.0,CPT
2009-03-18,9.600000381469727,9.989999771118164,9.600000381469727,9.949999809265137,9.800572395324707,178436.0,CPZ
2009-03-18,5.739999771118164,5.739999771118164,5.5,5.550000190734863,2.415213108062744,26900.0,CQP
2009-03-18,15.630000114440918,16.569999694824222,15.279999732971193,16.459999084472653,12.881622314453125,456900.0,CR
2009-03-18,20.21999931335449,20.959999084472656,20.21999931335449,20.770000457763672,19.617042541503906,82500.0,CRAI
2009-03-18,30.04999923706055,30.04999923706055,28.8799991607666,29.01000022888184,28.84950828552246,0.0,CRC
2009-03-18,22.170000076293945,24.5,21.850000381469727,24.489999771118164,24.489999771118164,2495700.0,CREE
2009-03-18,2.200000047683716,2.200000047683716,2.200000047683716,2.200000047683716,2.200000047683716,200.0,CREG
2009-03-18,6.612917900085449,6.8665385246276855,6.594130992889403,6.8477516174316415,5.666576385498048,36100.0,CRESY
2009-03-18,285.0,351.0,283.5,348.0,348.0,400.0,CREX
2009-03-18,24.399999618530273,26.479999542236328,24.239999771118164,24.76000022888184,3.231722593307495,2100.0,CRF
2009-03-18,22.200000762939453,23.51000022888184,22.11000061035156,23.13999938964844,15.235697746276855,133000.0,CRH
2009-03-18,0.6299999952316284,0.7099999785423279,0.6299999952316284,0.699999988079071,0.699999988079071,26500.0,CRHM
2009-03-18,18.81999969482422,19.600000381469727,18.57999992370605,19.18000030517578,17.336400985717773,1355600.0,CRI
2009-03-18,6.1500000953674325,6.5,6.050000190734862,6.1500000953674325,6.1500000953674325,18900.0,CRIS
2009-03-18,154.0,160.85000610351562,147.6999969482422,158.35000610351562,149.75494384765625,246600.0,CRK
2009-03-18,27.18000030517578,28.420000076293945,27.04999923706055,27.899999618530273,27.899999618530273,1241500.0,CRL
2009-03-18,8.390000343322754,8.854999542236328,8.362500190734862,8.744999885559082,8.744999885559082,12249600.0,CRM
2009-03-18,13.149999618530273,13.600000381469727,13.140000343322756,13.350000381469727,13.350000381469727,82700.0,CRMT
2009-03-18,4.690000057220459,4.760000228881836,4.579999923706055,4.75,4.75,84200.0,CRNT
2009-03-18,1.2100000381469729,1.309999942779541,1.0,1.1399999856948853,1.1399999856948853,4611500.0,CROX
2009-03-18,14.619999885559082,15.300000190734865,14.06999969482422,15.119999885559082,12.44926929473877,745100.0,CRS
2009-03-18,17.40999984741211,17.709999084472656,16.559999465942386,17.200000762939453,7.1814308166503915,19300.0,CRT
2009-03-18,3.9600000381469727,4.119999885559082,3.859999895095825,4.110000133514403,4.110000133514403,337300.0,CRUS
2009-03-18,9.80500030517578,10.609999656677246,9.80500030517578,10.56999969482422,10.56999969482422,42400.0,CRVL
2009-03-18,2.059999942779541,2.059999942779541,2.059999942779541,2.059999942779541,1.086254000663757,0.0,CRWS
2009-03-18,5.320000171661377,5.460000038146973,5.019999980926514,5.269999980926514,5.025095939636231,177800.0,CRY
2009-03-18,27.94921875,30.126953125,26.982421875,29.873046875,20.838376998901367,3987300.0,CS
2009-03-18,12.0,13.800000190734865,12.0,13.800000190734865,13.800000190734865,400.0,CSBR
2009-03-18,16.030000686645508,16.940000534057614,16.020000457763672,16.5,12.77288818359375,85018400.0,CSCO
2009-03-18,10.850000381469727,11.0600004196167,9.739999771118164,11.0600004196167,10.106943130493164,18400.0,CSFL
2009-03-18,25.489999771118164,28.459999084472656,25.489999771118164,28.26000022888184,28.26000022888184,330700.0,CSGP
2009-03-18,13.199999809265135,14.34000015258789,12.84000015258789,13.75,11.89120101928711,613300.0,CSGS
2009-03-18,5.610000133514403,5.769999980926514,4.78000020980835,5.300000190734863,5.300000190734863,59400.0,CSII
2009-03-18,3.75,4.099999904632568,3.509999990463257,4.0900001525878915,4.0900001525878915,776500.0,CSIQ
2009-03-18,20.700000762939453,21.40999984741211,20.36000061035156,21.26000022888184,18.12835502624512,480800.0,CSL
2009-03-18,2.900000095367432,3.0,2.900000095367432,3.0,1.872870087623596,2800.0,CSPI
2009-03-18,5.400000095367432,5.75,5.400000095367432,5.6599998474121085,2.2263424396514893,464800.0,CSQ
2009-03-18,2.700000047683716,2.859999895095825,2.690000057220459,2.809999942779541,2.809999942779541,48700.0,CSU
2009-03-18,1.5,1.5299999713897705,1.4900000095367432,1.4900000095367432,1.3655712604522705,26400.0,CSV
2009-03-18,19.877500534057614,21.725000381469727,19.497499465942386,21.07999992370605,11.208017349243164,60000.0,CSWC
2009-03-18,8.286666870117188,8.486666679382324,8.020000457763674,8.373332977294924,6.7185115814208975,21671700.0,CSX
2009-03-18,21.07999992370605,22.100000381469727,20.8799991607666,21.93000030517578,18.586105346679688,2115000.0,CTAS
2009-03-18,3.7899999618530273,4.25,3.7000000476837163,4.170000076293944,3.422403573989868,474500.0,CTB
2009-03-18,25.054546356201172,26.954545974731445,24.272727966308594,26.736364364624023,17.632892608642578,67100.0,CTBI
2009-03-18,1.7999999523162842,2.700000047683716,1.6499999761581419,2.700000047683716,2.700000047683716,11100.0,CTEK
2009-03-18,3.380000114440918,3.640000104904175,3.3299999237060547,3.4500000476837163,3.1188831329345703,9900.0,CTG
2009-03-18,0.2700000107288361,0.2800000011920929,0.2700000107288361,0.2700000107288361,0.2700000107288361,49200.0,CTHR
2009-03-18,1.9600000381469729,1.9600000381469729,1.8500000238418581,1.8600000143051147,1.8115932941436768,8200.0,CTIB
2009-03-18,30.0,39.0,27.0,33.0,33.0,29300.0,CTIC
2009-03-18,0.009999999776482582,0.009999999776482582,0.009999999776482582,0.009999999776482582,0.009999999776482582,0.0,CTK
2009-03-18,26.28000068664551,27.170000076293945,26.01000022888184,26.78000068664551,11.023300170898438,2538200.0,CTL
2009-03-18,31.3799991607666,33.0,30.79999923706055,32.990001678466804,31.77937316894531,28100.0,CTO
2009-03-18,8.399999618530272,8.399999618530272,7.5,8.100000381469728,8.100000381469728,400.0,CTRC
2009-03-18,13.789999961853027,14.640000343322756,13.789999961853027,14.479999542236328,13.455175399780273,131300.0,CTRN
2009-03-18,3.1600000858306885,3.4500000476837163,3.119999885559082,3.400000095367432,3.0325767993927,233800.0,CTS
2009-03-18,10.850000381469727,11.09000015258789,10.600000381469727,10.90999984741211,10.53093147277832,14618400.0,CTSH
2009-03-18,3.0,3.0,3.0,3.0,3.0,200.0,CTSO
2009-03-18,18.673355102539066,19.111324310302734,18.45835304260254,18.880395889282227,18.4990348815918,14462500.0,CTXS
2009-03-18,0.09000000357627869,0.09000000357627869,0.09000000357627869,0.09000000357627869,0.06847267597913742,0.0,CTZ
2009-03-18,27.57999992370605,28.899999618530273,27.0,28.28000068664551,26.755779266357425,317100.0,CUB
2009-03-18,3.809999942779541,3.9300000667572017,3.759999990463257,3.9300000667572017,2.301380157470703,8300.0,CUBA
2009-03-18,0.0989999994635582,0.0989999994635582,0.09700000286102296,0.09700000286102296,0.09476900100708008,0.0,CUBB
2009-03-18,2.059999942779541,2.1800000667572017,1.940000057220459,2.1199998855590816,1.4958367347717283,297700.0,CUBE
2009-03-18,2.0999999046325684,2.700000047683716,1.7999999523162842,2.700000047683716,2.700000047683716,2700.0,CUI
2009-03-18,22.25,23.31999969482422,21.959999084472656,22.93000030517578,17.34371566772461,292600.0,CUK
2009-03-18,3.0999999046325684,3.25,3.0999999046325684,3.2000000476837163,2.9066038131713867,4200.0,CULP
2009-03-18,15.600000381469727,15.600000381469727,14.800000190734865,14.800000190734865,14.800000190734865,700.0,CUO
2009-03-18,6.019999980926514,6.199999809265138,5.949999809265138,6.199999809265138,6.199999809265138,41700.0,CUTR
2009-03-18,19.929428100585934,22.244178771972656,19.42131233215332,22.187721252441406,19.14287567138672,353000.0,CUZ
2009-03-18,14.010000228881836,14.260000228881836,13.529999732971193,14.100000381469727,7.977668762207031,1819900.0,CVA
2009-03-18,7.440000057220459,8.359999656677246,7.3400001525878915,8.109999656677246,5.694763660430907,2063700.0,CVBF
2009-03-18,20.25,20.38999938964844,19.18000030517578,19.56999969482422,19.56999969482422,39300.0,CVCO
2009-03-18,5.440000057220459,6.4000000953674325,4.900000095367432,6.4000000953674325,5.602036476135254,1400.0,CVCY
2009-03-18,0.550000011920929,0.8799999952316284,0.5,0.8600000143051147,0.8600000143051147,161300.0,CVGI
2009-03-18,14.130000114440918,14.130000114440918,13.0600004196167,14.010000228881836,11.404928207397461,29600.0,CVGW
2009-03-18,4.8400001525878915,5.070000171661377,4.5,5.0,2.2575933933258057,457700.0,CVI
2009-03-18,10.239999771118164,10.470000267028807,10.119999885559082,10.449999809265137,10.449999809265137,676500.0,CVLT
2009-03-18,6.150680541992188,6.150680541992188,6.150680541992188,6.150680541992188,4.392322063446045,0.0,CVLY
2009-03-18,52.5,75.0,52.5,70.0,70.0,400.0,CVM
2009-03-18,12.529999732971193,12.529999732971193,12.529999732971193,12.529999732971193,9.31729793548584,0.0,CVR
2009-03-18,27.559999465942386,28.34000015258789,27.15999984741211,27.459999084472656,22.34632110595703,13956600.0,CVS
2009-03-18,1.9600000381469729,1.9800000190734863,1.9099999666213991,1.950000047683716,1.950000047683716,2100.0,CVTI
2009-03-18,4.050000190734863,4.199999809265137,3.9500000476837163,4.079999923706056,4.079999923706056,63800.0,CVU
2009-03-18,3.0299999713897705,3.119999885559082,3.0299999713897705,3.0999999046325684,3.0999999046325684,2200.0,CVV
2009-03-18,64.69999694824219,66.98000335693361,63.959999084472656,66.58999633789061,44.069278717041016,17843100.0,CVX
2009-03-18,25.51000022888184,26.95000076293945,25.11000061035156,26.709999084472656,24.404970169067386,408400.0,CW
2009-03-18,2.5,2.5,2.5,2.5,2.25701904296875,0.0,CWBC
2009-03-18,8.25,9.279999732971193,8.25,8.699999809265138,6.412503719329834,65900.0,CWCO
2009-03-18,1.3300000429153442,1.3300000429153442,1.1299999952316284,1.2699999809265137,1.2699999809265137,417200.0,CWST
2009-03-18,20.2450008392334,21.170000076293945,20.09499931335449,20.934999465942386,14.505106925964355,239400.0,CWT
2009-03-18,4.453118324279785,4.627899646759033,4.095956802368163,4.559506893157959,4.444737434387207,13603300.0,CX
2009-03-18,4.0,4.0,4.0,4.0,4.0,0.0,CXDC
2009-03-18,3.190000057220459,3.25,3.1700000762939453,3.240000009536743,1.5802088975906372,78500.0,CXE
2009-03-18,6.9099998474121085,7.0999999046325675,6.9099998474121085,7.0999999046325675,3.786187887191773,8200.0,CXH
2009-03-18,23.28000068664551,23.96999931335449,22.13999938964844,23.90999984741211,23.70133399963379,382100.0,CXO
2009-03-18,12.729999542236328,13.300000190734865,12.670000076293945,13.149999618530273,6.0606446266174325,2254500.0,CXW
2009-03-18,5.889999866485597,6.0999999046325675,5.809999942779541,6.0999999046325675,4.480602741241455,2228500.0,CY
2009-03-18,2.049999952316284,2.1400001049041752,1.9299999475479128,2.0999999046325684,2.0999999046325684,19000.0,CYAN
2009-03-18,4.260000228881837,4.739999771118164,4.010000228881837,4.360000133514403,4.360000133514403,5100.0,CYBE
2009-03-18,35.279998779296875,35.279998779296875,30.239999771118164,31.920000076293945,31.920000076293945,4000.0,CYCC
2009-03-18,3.0,3.0,1.4600000381469729,2.150000095367432,0.979531705379486,8900.0,CYCCP
2009-03-18,4.230000019073486,4.309999942779541,4.150000095367432,4.269999980926514,2.3178184032440186,92500.0,CYD
2009-03-18,11.429752349853516,11.818181991577148,11.08264446258545,11.578512191772461,11.481605529785154,2408700.0,CYH
2009-03-18,1.7100000381469729,1.830000042915344,1.7000000476837158,1.7999999523162842,1.7999999523162842,2200.0,CYRN
2009-03-18,45.599998474121094,50.4000015258789,45.599998474121094,48.0,48.0,500.0,CYRX
2009-03-18,11.880000114440918,11.880000114440918,10.979999542236328,11.579999923706055,11.579999923706055,10600.0,CYTK
2009-03-18,17.90999984741211,18.899999618530273,17.59000015258789,18.899999618530273,11.499503135681152,19400.0,CZNC
2009-03-18,6.6500000953674325,6.6500000953674325,6.420000076293945,6.6500000953674325,5.958793640136719,2700.0,CZWI
2009-03-18,2.6800000667572017,2.799999952316284,2.559999942779541,2.650000095367432,2.2342302799224854,663000.0,CZZ
2009-03-18,30.40999984741211,31.32999992370605,30.0,31.06999969482422,19.69097137451172,4016900.0,D
2009-03-18,50.68000030517578,55.86000061035156,49.56000137329102,54.18000030517578,54.18000030517578,12200.0,DAC
2009-03-18,2.5699999332427983,2.740000009536743,2.5199999809265137,2.740000009536743,2.740000009536743,4400.0,DAIO
2009-03-18,6.670000076293945,7.190000057220459,6.670000076293945,7.0,4.387568473815918,329200.0,DAKT
2009-03-18,5.96999979019165,6.3499999046325675,5.619999885559082,6.070000171661378,5.392037391662598,14077100.0,DAL
2009-03-18,0.479999989271164,0.5299999713897705,0.44999998807907104,0.5099999904632568,0.4502624273300171,659200.0,DAN
2009-03-18,3.630000114440918,3.660000085830689,3.3299999237060547,3.4800000190734863,3.4800000190734863,1709300.0,DAR
2009-03-18,33.71183395385742,35.67748260498047,33.45419692993164,35.53435134887695,29.80233955383301,3436100.0,DB
2009-03-18,23.38999938964844,24.1299991607666,23.059999465942386,24.0,17.620689392089844,281700.0,DBD
2009-03-18,4.449999809265137,4.949999809265137,4.4099998474121085,4.920000076293945,3.5879850387573238,685800.0,DBI
2009-03-18,5913.60009765625,7355.0400390625,5913.60009765625,6985.43994140625,6985.43994140625,0.0,DCAR
2009-03-18,6.953670024871826,6.953670024871826,6.953670024871826,6.953670024871826,5.884689331054688,0.0,DCF
2009-03-18,13.135000228881836,13.864999771118164,12.925000190734865,13.68000030517578,11.284225463867188,800600.0,DCI
2009-03-18,15.510000228881836,16.049999237060547,14.739999771118164,15.59000015258789,15.11017894744873,67000.0,DCO
2009-03-18,9.0,9.56999969482422,8.779999732971191,9.40999984741211,6.321089267730713,768400.0,DCOM
2009-03-18,13.0,13.449999809265135,12.850000381469727,13.079999923706055,5.141451835632324,227600.0,DCP
2009-03-18,11.35769271850586,11.855836868286133,10.816849708557127,11.6992769241333,9.152335166931152,16273100.0,DD
2009-03-18,2.3499999046325684,2.6666667461395264,2.3499999046325684,2.6666667461395264,2.6666667461395264,148800.0,DDD
2009-03-18,4.260000228881837,4.260000228881837,4.1599998474121085,4.239999771118163,1.6954654455184937,5800.0,DDF
2009-03-18,5.230000019073486,5.639999866485597,5.0,5.5,5.1639323234558105,777800.0,DDS
2009-03-18,5.75,5.9000000953674325,5.699999809265138,5.9000000953674325,2.444416284561157,12800.0,DDT
2009-03-18,30.43000030517578,31.61000061035156,29.190000534057614,31.059999465942386,24.05956840515137,6106600.0,DE
2009-03-18,15.800000190734865,16.913333892822266,15.609999656677244,16.703332901000973,16.703332901000973,2055600.0,DECK
2009-03-18,8.350000381469728,9.460000038146973,8.220000267028809,9.25,6.71713924407959,4297300.0,DEI
2009-03-18,1.5299999713897705,1.75,1.4500000476837158,1.7000000476837158,1.7000000476837158,1208200.0,DENN
2009-03-18,43.59000015258789,44.7599983215332,42.97000122070313,44.5099983215332,32.013580322265625,988000.0,DEO
2009-03-18,6.0,6.139999866485597,5.860000133514403,6.0999999046325675,2.17366623878479,35700.0,DEX
2009-03-18,20850.0,21750.0,20850.0,21750.0,21750.0,0.0,DFFN
2009-03-18,6.489999771118164,7.269999980926514,6.130000114440918,7.239999771118164,6.067750453948975,15227400.0,DFS
2009-03-18,14.0600004196167,16.34000015258789,14.0600004196167,16.34000015258789,11.004022598266602,85600.0,DGICA
2009-03-18,16.559999465942386,16.559999465942386,16.559999465942386,16.559999465942386,12.192157745361328,200.0,DGICB
2009-03-18,7.460000038146973,7.75,7.4099998474121085,7.710000038146973,7.710000038146973,97700.0,DGII
2009-03-18,12.479999542236328,12.640000343322756,12.0,12.31999969482422,12.31999969482422,12400.0,DGLY
2009-03-18,19.100000381469727,21.18000030517578,18.229999542236328,21.059999465942386,21.059999465942386,8761200.0,DGP
2009-03-18,45.81999969482422,46.56999969482422,45.15999984741211,45.5099983215332,37.74263381958008,1751900.0,DGX
2009-03-18,25.149999618530273,25.60000038146973,23.90999984741211,23.979999542236328,23.979999542236328,340400.0,DGZ
2009-03-18,13.40999984741211,14.520000457763672,12.880000114440918,14.460000038146973,14.175877571105955,3295200.0,DHC
2009-03-18,2.2699999809265137,2.359999895095825,2.259999990463257,2.359999895095825,0.7775656580924988,186100.0,DHF
2009-03-18,8.420000076293945,9.399999618530273,7.75,9.06999969482422,7.94308614730835,15471100.0,DHI
2009-03-18,37.13000106811523,40.0,36.0,36.79999923706055,17.59618377685547,12000.0,DHIL
2009-03-18,21.34571647644043,21.523881912231445,20.60272979736328,21.22441291809082,13.644250869750975,13774500.0,DHR
2009-03-18,53.040000915527344,54.36000061035156,52.31999969482422,53.88000106811523,34.142513275146484,14200.0,DHT
2009-03-18,2.609999895095825,2.8199999332427983,2.4300000667572017,2.7300000190734863,2.7300000190734863,46300.0,DHX
2009-03-18,1.4299999475479126,1.5399999618530271,1.4299999475479126,1.5199999809265137,0.4848975837230682,205200.0,DHY
2009-03-18,10.3100004196167,11.65999984741211,10.050000190734863,10.880000114440918,7.635304927825928,634200.0,DIN
2009-03-18,9.90999984741211,10.960000038146973,9.84000015258789,10.81999969482422,10.81999969482422,575500.0,DIOD
2009-03-18,17.719999313354492,18.3700008392334,17.5,18.11000061035156,15.594510078430176,16190600.0,DIS
2009-03-18,8.691875457763674,8.834951400756836,8.507920265197754,8.768523216247559,8.768523216247559,3100200.0,DISCA
2009-03-18,8.569231033325195,8.569231033325195,8.569231033325195,8.569231033325195,8.569231033325195,0.0,DISCB
2009-03-18,7.5250000953674325,7.684999942779541,7.5,7.630000114440918,7.630000114440918,832400.0,DISCK
2009-03-18,10.6899995803833,11.119999885559082,10.479999542236328,10.960000038146973,8.941978454589844,4001700.0,DISH
2009-03-18,25.29999923706055,25.809999465942386,25.29999923706055,25.809999465942386,22.89465141296387,400.0,DIT
2009-03-18,34.34999847412109,35.5,34.34999847412109,35.5,35.5,400.0,DJCO
2009-03-18,32.47999954223633,32.810001373291016,31.940000534057614,32.759998321533196,32.759998321533196,208300.0,DJP
2009-03-18,9.859999656677246,10.239999771118164,9.770000457763672,9.970000267028807,7.422593593597412,320400.0,DK
2009-03-18,13.800000190734865,14.789999961853027,13.539999961853027,14.329999923706055,12.146109580993652,4196200.0,DKS
2009-03-18,5.599999904632568,5.829999923706055,5.5,5.5,2.919596910476685,34400.0,DL
2009-03-18,4.079999923706056,4.079999923706056,4.0,4.079999923706056,4.079999923706056,3400.0,DLA
2009-03-18,32.759998321533196,33.81999969482422,32.459999084472656,33.560001373291016,27.97990226745605,800000.0,DLB
2009-03-18,1.309999942779541,1.309999942779541,1.309999942779541,1.309999942779541,1.309999942779541,0.0,DLHC
2009-03-18,19.600000381469727,19.600000381469727,19.600000381469727,19.600000381469727,19.600000381469727,0.0,DLPN
2009-03-18,30.920000076293945,33.40999984741211,30.290000915527344,32.919998168945305,20.50485610961914,2358900.0,DLR
2009-03-18,13.789999961853027,14.15333366394043,13.623332977294922,13.886666297912598,13.886666297912598,6247800.0,DLTR
2009-03-18,8.409999847412111,9.15999984741211,8.260000228881836,8.880000114440918,6.346982479095459,377300.0,DLX
2009-03-18,6.880000114440918,7.0999999046325675,6.880000114440918,7.070000171661378,3.6343610286712646,48400.0,DMF
2009-03-18,17.0,17.0,16.100000381469727,16.680000305175778,7.273601531982423,45800.0,DMLP
2009-03-18,9.739999771118164,9.989999771118164,9.630000114440918,9.989999771118164,9.588382720947266,8800.0,DMRC
2009-03-18,10.279999732971193,10.399999618530273,9.920000076293944,10.399999618530273,3.721585750579834,3300.0,DNI
2009-03-18,1.0800000429153442,1.100000023841858,1.0099999904632568,1.0800000429153442,1.0800000429153442,309600.0,DNN
2009-03-18,6.710000038146973,7.0,6.579999923706055,6.989999771118164,2.99697494506836,426000.0,DNP
2009-03-18,14.609999656677244,14.979999542236328,13.720000267028807,14.800000190734865,13.951149940490724,3611000.0,DNR
2009-03-18,62.209999084472656,65.12000274658203,60.63999938964844,64.36000061035156,43.78174591064453,3790100.0,DO
2009-03-18,5.050000190734863,5.224999904632568,4.690000057220459,5.074999809265137,4.855556011199951,33400.0,DORM
2009-03-18,16.610916137695312,17.743783950805664,16.550586700439453,17.54268455505371,12.801505088806152,3955100.0,DOV
2009-03-18,17.260000228881836,18.030000686645508,16.920000076293945,17.950000762939453,16.004335403442386,2059700.0,DOX
2009-03-18,760.0,784.0,720.0,760.0,760.0,0.0,DPW
2009-03-18,6.369999885559082,6.670000076293945,6.190000057220459,6.619999885559082,5.662787914276122,625600.0,DPZ
2009-03-18,9.0,9.100000381469727,8.899999618530273,9.100000381469727,6.746330261230469,1000.0,DRAD
2009-03-18,9.149999618530273,9.699999809265137,8.779999732971191,9.529999732971193,6.891957759857178,337100.0,DRD
2009-03-18,5.610000133514403,6.4000000953674325,5.150000095367432,6.269999980926514,3.86498498916626,8053600.0,DRE
2009-03-18,3.630000114440918,4.300000190734863,3.4200000762939453,4.25,2.8307905197143555,1851900.0,DRH
2009-03-18,29.96352767944336,32.24297332763672,29.6059684753418,32.064193725585945,21.43219566345215,19930300.0,DRI
2009-03-18,25.420000076293945,27.20000076293945,25.06999969482422,26.8700008392334,26.8700008392334,529800.0,DRQ
2009-03-18,51.61999893188477,51.72999954223633,47.09000015258789,48.47000122070313,48.47000122070313,116100.0,DRR
2009-03-18,2.0999999046325684,2.789999961853028,1.9900000095367432,2.789999961853028,2.789999961853028,282100.0,DRRX
2009-03-18,0.2332014590501785,0.3052819073200226,0.19080118834972384,0.3052819073200226,0.1633424460887909,2411100.0,DS
2009-03-18,2.609999895095825,2.700000047683716,2.609999895095825,2.700000047683716,2.700000047683716,600.0,DSGX
2009-03-18,6.050000190734862,6.0900001525878915,5.96999979019165,6.070000171661378,3.026888132095337,23300.0,DSM
2009-03-18,4.179999828338623,5.0,4.179999828338623,5.0,5.0,124300.0,DSPG
2009-03-18,6.679999828338622,6.679999828338622,6.360000133514403,6.480000019073486,6.480000019073486,5400.0,DSS
2009-03-18,5.730000019073486,5.820000171661378,5.610000133514403,5.820000171661378,2.3763225078582764,130400.0,DSU
2009-03-18,1.690000057220459,1.690000057220459,1.6200000047683716,1.6499999761581419,0.8724240660667419,2600.0,DSWL
2009-03-18,12.75,13.109999656677244,12.149999618530273,12.899999618530273,12.899999618530273,823600.0,DSX
2009-03-18,25.809999465942386,27.09000015258789,25.6200008392334,26.920000076293945,17.246065139770508,1673900.0,DTE
2009-03-18,11.800000190734865,11.949999809265135,11.6899995803833,11.949999809265135,6.770260334014893,16000.0,DTF
2009-03-18,169.14999389648438,184.0399932861328,160.41000366210938,164.35000610351562,164.35000610351562,235300.0,DTO
2009-03-18,3455.72998046875,3455.72998046875,3455.72998046875,3455.72998046875,3403.129638671875,0.0,DTP
2009-03-18,10.970000267028807,11.079999923706056,10.800000190734863,10.8100004196167,5.254491806030273,44900.0,DUC
2009-03-18,40.38000106811523,42.11999893188477,39.900001525878906,41.97000122070313,27.9334774017334,4767600.0,DUK
2009-03-18,3.150000095367432,3.240000009536743,3.0,3.0999999046325684,3.0999999046325684,20539.0,DUO
2009-03-18,22.684999465942386,23.625,22.51499938964844,23.03499984741211,23.03499984741211,2144800.0,DVA
2009-03-18,7.0,7.300000190734862,6.0,6.300000190734862,6.300000190734862,36500.0,DVAX
2009-03-18,1.6399999856948853,1.7300000190734863,1.5900000333786009,1.690000057220459,1.3159017562866209,23900.0,DVD
2009-03-18,46.959999084472656,47.95000076293945,44.54999923706055,47.43999862670898,40.98517990112305,7348900.0,DVN
2009-03-18,4.3955817222595215,4.724662780761719,4.3955817222595215,4.724662780761719,4.506881713867188,3900.0,DWSN
2009-03-18,21.0,21.299999237060547,20.8799991607666,21.239999771118164,12.564661026000975,1700.0,DX
2009-03-18,9.800000190734863,10.279999732971193,9.65999984741211,10.140000343322754,4.817538261413574,69200.0,DXB
2009-03-18,17.572298049926758,18.1386661529541,17.388477325439453,17.95981216430664,9.933871269226074,2539700.0,DXC
2009-03-18,4.099999904632568,4.349999904632568,4.099999904632568,4.230000019073486,4.230000019073486,475600.0,DXCM
2009-03-18,0.2700000107288361,0.479999989271164,0.2700000107288361,0.4699999988079071,0.4699999988079071,132100.0,DXLG
2009-03-18,10.010000228881836,10.229999542236328,9.510000228881836,9.989999771118164,9.989999771118164,167900.0,DXPE
2009-03-18,15.06999969482422,15.350000381469727,15.06999969482422,15.350000381469727,11.535243034362793,400.0,DXR
2009-03-18,0.9900000095367432,1.0399999618530271,0.8600000143051147,0.8600000143051147,0.8600000143051147,26700.0,DXYN
2009-03-18,5.25,5.489999771118164,4.960000038146973,5.309999942779541,5.309999942779541,282300.0,DY
2009-03-18,0.20999999344348907,0.4000000059604645,0.20999999344348907,0.4000000059604645,0.4000000059604645,9300.0,DYAI
2009-03-18,1.5499999523162842,1.5499999523162842,1.5499999523162842,1.5499999523162842,1.5499999523162842,100.0,DYNT
2009-03-18,4.5,5.25,4.5,5.0,5.0,20000.0,DZSI
2009-03-18,23.270000457763672,24.1200008392334,21.049999237060547,21.190000534057614,21.190000534057614,2938500.0,DZZ
2009-03-18,35.65999984741211,37.0099983215332,34.790000915527344,36.68999862670898,19.1470947265625,903300.0,E
2009-03-18,18.38999938964844,19.059999465942386,17.649999618530273,18.790000915527344,18.790000915527344,9831600.0,EA
2009-03-18,6.300000190734862,6.300000190734862,6.03000020980835,6.28000020980835,2.164522886276245,203700.0,EAD
2009-03-18,13.649999618530273,14.789999961853027,13.600000381469727,14.579999923706055,10.61807918548584,4037800.0,EAT
2009-03-18,5.0505051612854,5.260942935943604,4.98737382888794,5.143097877502441,5.043437957763672,29840600.0,EBAY
2009-03-18,8.409999847412111,9.06999969482422,8.369999885559082,9.0600004196167,5.630849838256836,89500.0,EBF
2009-03-18,7.916666507720947,8.513333320617676,7.730000019073486,8.393333435058594,7.821198463439941,403500.0,EBIX
2009-03-18,5.657894611358643,5.657894611358643,5.657894611358643,5.657894611358643,3.870526552200317,0.0,EBMT
2009-03-18,10.960000038146973,11.470000267028807,10.720000267028807,11.279999732971193,8.866308212280273,654100.0,EBR
2009-03-18,14.960000038146973,14.960000038146973,14.239999771118164,14.380000114440918,14.380000114440918,604300.0,EBS
2009-03-18,3.21895432472229,3.2434639930725098,3.026960849761963,3.120914936065674,2.9504730701446533,54800.0,EBSB
2009-03-18,8.75,8.75,8.75,8.75,6.684898853302003,0.0,EBTC
2009-03-18,17.5,17.979999542236328,17.5,17.979999542236328,11.620118141174315,9900.0,EC
2009-03-18,4.519999980926514,4.5900001525878915,4.460000038146973,4.550000190734863,2.525664091110229,21800.0,ECF
2009-03-18,32.65999984741211,33.290000915527344,32.419998168945305,33.080001831054695,28.92414093017578,3141000.0,ECL
2009-03-18,16.219999313354492,17.149999618530273,16.110000610351562,16.889999389648438,12.77279567718506,260700.0,ECOL
2009-03-18,3.4500000476837163,4.2100000381469735,3.4200000762939453,4.190000057220459,4.190000057220459,51300.0,ECPG
2009-03-18,36.7599983215332,38.40999984741211,36.650001525878906,38.20000076293945,24.139753341674805,3863900.0,ED
2009-03-18,1.4099999666213991,1.4500000476837158,1.190000057220459,1.3200000524520874,1.3200000524520874,44300.0,EDAP
2009-03-18,9.479999542236328,9.789999961853027,9.270000457763672,9.770000457763672,3.63223648071289,254400.0,EDD
2009-03-18,3.7000000476837163,3.75,3.670000076293945,3.75,3.75,3700.0,EDN
2009-03-18,11.49250030517578,11.875,11.3774995803833,11.827500343322756,11.087690353393556,1501600.0,EDU
2009-03-18,1.8400000333786009,1.8400000333786009,1.825000047683716,1.825000047683716,0.481275886297226,2600.0,EDUC
2009-03-18,13.220000267028807,13.920000076293945,13.109999656677244,13.789999961853027,10.729018211364746,275900.0,EE
2009-03-18,4.1599998474121085,4.5,4.099999904632568,4.46999979019165,3.6029241085052486,70100.0,EEA
2009-03-18,11.25,11.93000030517578,11.039999961853027,11.8100004196167,11.8100004196167,809800.0,EEFT
2009-03-18,7.1599998474121085,7.1599998474121085,6.989999771118164,6.989999771118164,6.989999771118164,700.0,EEH
2009-03-18,13.800000190734865,13.800000190734865,13.0,13.800000190734865,13.800000190734865,800.0,EFOI
2009-03-18,8.340000152587889,8.390000343322754,8.25,8.369999885559082,3.9048278331756587,117400.0,EFR
2009-03-18,10.720000267028807,11.239999771118164,10.239999771118164,11.239999771118164,9.543866157531738,15900.0,EFSC
2009-03-18,8.359999656677246,8.390000343322754,8.300000190734862,8.390000343322754,4.056540966033936,69800.0,EFT
2009-03-18,21.57999992370605,22.65999984741211,21.559999465942386,22.450000762939453,19.55608367919922,1939200.0,EFX
2009-03-18,0.5,0.5,0.5,0.5,0.5,0.0,EGAN
2009-03-18,5.409090995788574,5.7272725105285645,5.409090995788574,5.6818180084228525,5.603830337524414,6000.0,EGBN
2009-03-18,16.100000381469727,16.469999313354492,16.100000381469727,16.399999618530273,9.493836402893066,50900.0,EGF
2009-03-18,0.5,0.5199999809265137,0.5,0.5099999904632568,0.5099999904632568,67300.0,EGHT
2009-03-18,6274.53271484375,6623.92626953125,6056.1611328125,6420.11328125,6420.11328125,1700.0,EGLE
2009-03-18,35.400001525878906,40.599998474121094,34.5,40.599998474121094,38.8690185546875,822100.0,EGO
2009-03-18,5.170000076293945,5.369999885559082,5.039999961853027,5.25,4.016417503356934,122300.0,EGOV
2009-03-18,25.899999618530273,27.84000015258789,25.1299991607666,27.729999542236328,17.86066436767578,336000.0,EGP
2009-03-18,5.210000038146973,5.400000095367432,4.989999771118164,5.170000076293945,5.168925285339356,493200.0,EGY
2009-03-18,8.430000305175781,8.520000457763674,8.140000343322754,8.430000305175781,7.30283260345459,848900.0,EHC
2009-03-18,6.369999885559082,6.510000228881836,6.28000020980835,6.510000228881836,2.3140690326690674,94000.0,EHI
2009-03-18,15.010000228881836,16.799999237060547,14.800000190734865,16.389999389648438,16.389999389648438,459300.0,EHTH
2009-03-18,0.25999999046325684,0.25999999046325684,0.25999999046325684,0.25999999046325684,0.25999999046325684,0.0,EIC
2009-03-18,10.0,10.15999984741211,9.760000228881836,10.050000190734863,8.551624298095701,958500.0,EIG
2009-03-18,10.670000076293944,10.899999618530273,10.510000228881836,10.699999809265137,5.530530452728272,95400.0,EIM
2009-03-18,28.209999084472656,28.670000076293945,27.3799991607666,28.399999618530273,19.604000091552734,7656400.0,EIX
2009-03-18,11.489999771118164,12.05500030517578,11.40999984741211,11.845000267028807,10.084633827209473,6033600.0,EL
2009-03-18,16.700000762939453,19.899999618530273,16.299999237060547,19.5,19.5,7200.0,ELGX
2009-03-18,5.099999904632568,5.099999904632568,5.099999904632568,5.099999904632568,4.962903499603272,0.0,ELLO
2009-03-18,900.0,1000.0,900.0,980.0,980.0,0.0,ELOX
2009-03-18,9.529999732971193,9.979999542236328,9.34000015258789,9.949999809265137,6.472360134124756,218800.0,ELP
2009-03-18,9.297499656677246,9.692500114440918,8.97249984741211,9.577500343322754,4.465062141418457,3011600.0,ELS
2009-03-18,2.0299999713897705,2.0999999046325684,2.0299999713897705,2.0999999046325684,1.7557917833328247,800.0,ELSE
2009-03-18,4.150000095367432,4.900000095367432,4.150000095367432,4.849999904632568,4.849999904632568,500.0,ELTK
2009-03-18,6.46999979019165,6.679999828338622,6.3499999046325675,6.630000114440918,6.2509422302246085,853600.0,ELY
2009-03-18,0.479999989271164,0.4900000095367432,0.41999998688697815,0.479999989271164,0.4667768478393554,11000.0,EMAN
2009-03-18,18.0,18.0,18.0,18.0,12.009904861450195,0.0,EMCF
2009-03-18,10.949999809265137,11.199999809265137,10.59000015258789,11.1899995803833,4.641698360443115,166400.0,EMD
2009-03-18,15.529999732971193,16.569999694824222,15.210000038146973,16.229999542236328,15.426436424255373,993200.0,EME
2009-03-18,8.619999885559082,8.890000343322754,8.439999580383299,8.789999961853027,5.276289939880371,87000.0,EMF
2009-03-18,3.0799999237060547,3.119999885559082,2.799999952316284,3.119999885559082,2.397777557373047,70100.0,EMKR
2009-03-18,9.760000228881836,9.760000228881836,9.539999961853027,9.539999961853027,7.494757652282715,5000.0,EML
2009-03-18,1.0526316165924072,1.0526316165924072,0.9774436354637146,0.9774436354637146,0.9774436354637146,49500.0,EMMS
2009-03-18,11.755000114440918,12.239999771118164,11.494999885559082,12.149999618530273,8.54827880859375,1841000.0,EMN
2009-03-18,8.399999618530272,8.600000381469728,8.399999618530272,8.399999618530272,8.399999618530272,30.0,EMP
2009-03-18,26.88999938964844,28.209999084472656,26.36000061035156,27.75,19.64044761657715,5950200.0,EMR
2009-03-18,0.7200000286102295,0.7200000286102295,0.7200000286102295,0.7200000286102295,0.7200000286102295,0.0,EMX
2009-03-18,15.739999771118164,15.864999771118164,15.270000457763672,15.729999542236328,8.515191078186035,1242000.0,ENB
2009-03-18,17.370000839233402,17.510000228881836,17.049999237060547,17.190000534057614,17.190000534057614,1824400.0,ENDP
2009-03-18,4.099999904632568,4.489999771118164,4.0900001525878915,4.440000057220459,4.440000057220459,398100.0,ENG
2009-03-18,8.245484352111816,8.475119590759277,8.026531219482424,8.384333610534668,4.396785259246826,2207900.0,ENIA
2009-03-18,1.8999999761581419,1.940000057220459,1.6599999666213991,1.8999999761581419,1.147781491279602,639700.0,ENLC
2009-03-18,46.59000015258789,48.81999969482422,46.15999984741211,48.47000122070313,40.91650390625,763400.0,ENR
2009-03-18,10.920000076293944,11.800000190734865,10.920000076293944,11.6899995803833,10.887862205505373,368500.0,ENS
2009-03-18,4.069963455200194,4.069963455200194,3.881137609481812,3.9500336647033687,3.6159863471984863,345500.0,ENSG
2009-03-18,0.7599999904632568,0.7599999904632568,0.7099999785423279,0.7099999785423279,0.21638089418411252,4100.0,ENSV
2009-03-18,0.9100000262260436,0.959999978542328,0.8100000023841858,0.959999978542328,0.9410653114318848,848200.0,ENTG
2009-03-18,11.0,11.300000190734865,10.949999809265137,11.0600004196167,6.0705909729003915,15900.0,ENX
2009-03-18,3.5699999332427983,3.920000076293945,3.490000009536743,3.910000085830689,3.910000085830689,198400.0,ENZ
2009-03-18,7.75,8.0,7.559999942779541,7.960000038146973,2.4122042655944824,140100.0,EOD
2009-03-18,31.22500038146973,31.395000457763672,29.2549991607666,31.0049991607666,27.706283569335934,12494400.0,EOG
2009-03-18,9.890000343322754,10.239999771118164,9.789999961853027,10.09000015258789,3.838602304458618,160200.0,EOI
2009-03-18,9.420000076293944,9.699999809265137,9.260000228881836,9.630000114440918,3.6373636722564697,121600.0,EOS
2009-03-18,6.5,6.610000133514403,6.260000228881836,6.610000133514403,6.610000133514403,97100.0,EPAY
2009-03-18,34.536693572998054,36.18976974487305,34.21793746948242,35.93031692504883,33.939319610595696,1029800.0,EPC
2009-03-18,10.704999923706056,10.949999809265137,10.40999984741211,10.904999732971193,4.254076480865479,2095800.0,EPD
2009-03-18,1.7200000286102295,1.7200000286102295,1.6499999761581419,1.6799999475479126,1.2373377084732056,5400.0,EPM
2009-03-18,16.469999313354492,17.520000457763672,15.850000381469727,17.459999084472653,8.222005844116211,1148200.0,EPR
2009-03-18,0.4000000059604645,0.4000000059604645,0.4000000059604645,0.4000000059604645,0.4000000059604645,76000.0,EPSN
2009-03-18,4.0,4.0,4.0,4.0,4.0,2638.0,EQ
2009-03-18,12.399999618530273,14.279999732971193,12.359999656677244,14.15999984741211,8.630925178527832,1636500.0,EQC
2009-03-18,52.61999893188477,55.33000183105469,51.5,54.31000137329102,44.930423736572266,907300.0,EQIX
2009-03-18,17.389999389648438,17.829999923706055,16.899999618530273,17.719999313354492,10.4390869140625,1442200.0,EQNR
2009-03-18,20.11000061035156,21.420000076293945,19.21999931335449,21.38999938964844,13.306315422058105,10081900.0,EQR
2009-03-18,3.1600000858306885,3.25,3.0499999523162837,3.2000000476837163,2.860316753387451,15800.0,EQS
2009-03-18,17.60478973388672,18.361459732055664,17.272727966308597,18.154600143432614,15.357918739318848,3027900.0,EQT
2009-03-18,9.59000015258789,9.800000190734863,9.5,9.789999961853027,3.673893451690674,70500.0,ERC
2009-03-18,16.379999160766598,17.09000015258789,15.640000343322756,16.979999542236328,8.879213333129883,849500.0,ERF
2009-03-18,9.0,9.119999885559082,8.710000038146973,8.899999618530273,3.86292576789856,39100.0,ERH
2009-03-18,0.03999999910593033,0.04100000113248825,0.03999999910593033,0.04100000113248825,0.04100000113248825,0.0,ERI
2009-03-18,9.06999969482422,9.649999618530273,8.989999771118164,9.630000114440918,6.52102518081665,11342200.0,ERIC
2009-03-18,32.59999847412109,34.200000762939446,31.95000076293945,34.189998626708984,23.41897773742676,183300.0,ERIE
2009-03-18,6.329999923706055,6.4000000953674325,6.300000190734862,6.4000000953674325,6.4000000953674325,105100.0,ERII
2009-03-18,12.109999656677244,12.90999984741211,11.899999618530273,12.75,10.84073543548584,739800.0,ERJ
2009-03-18,20.489999771118164,21.34000015258789,20.229999542236328,21.309999465942386,14.724353790283205,4879000.0,ES
2009-03-18,6.343958854675293,7.288469314575195,6.304604530334473,7.288469314575195,4.331515312194823,2300.0,ESBK
2009-03-18,0.4300000071525574,0.4699999988079071,0.41999998688697815,0.4699999988079071,0.31266266107559204,4800.0,ESCA
2009-03-18,34.86999893188477,36.72999954223633,33.799999237060554,36.13000106811523,33.326488494873054,444000.0,ESE
2009-03-18,367.20001220703125,376.7999877929688,360.0,375.20001220703125,276.83914184570307,1100.0,ESEA
2009-03-18,54.65999984741211,59.81000137329102,53.27999877929688,58.38999938964844,58.38999938964844,39700.0,ESGR
2009-03-18,46.06999969482422,47.13999938964844,45.5,46.099998474121094,33.04157257080078,16100.0,ESLT
2009-03-18,15.050000190734865,15.050000190734865,14.15999984741211,15.0,9.644431114196776,2000.0,ESP
2009-03-18,63.47000122070313,66.54000091552734,61.86999893188477,66.54000091552734,45.70875549316406,1639300.0,ESS
2009-03-18,12.970000267028807,13.529999732971193,12.859999656677244,13.43000030517578,10.52712345123291,69000.0,ESSA
2009-03-18,6.199999809265138,8.0,6.0,8.0,8.0,1400.0,ESTE
2009-03-18,3.539999961853028,3.650000095367432,3.539999961853028,3.619999885559082,3.3756136894226074,4600.0,ESXB
2009-03-18,5.25,5.262499809265137,5.047500133514403,5.199999809265137,1.0528759956359863,2938800.0,ET
2009-03-18,10.949999809265137,11.220000267028807,10.8100004196167,11.100000381469727,4.073967933654785,97100.0,ETB
2009-03-18,9.699999809265137,12.800000190734865,9.600000381469727,12.800000190734865,12.57028102874756,4114000.0,ETFC
2009-03-18,7.4099998474121085,7.9000000953674325,7.309999942779541,7.739999771118164,3.0620598793029785,408400.0,ETG
2009-03-18,8.510000228881836,8.8100004196167,8.279999732971191,8.770000457763674,6.8593831062316895,330100.0,ETH
2009-03-18,16.399999618530273,16.739999771118164,16.129999160766598,16.629999160766598,5.207819938659668,173300.0,ETJ
2009-03-18,1.0,1.0800000429153442,1.0,1.0499999523162842,0.9130343198776244,241000.0,ETM
2009-03-18,16.924999237060547,17.700000762939453,16.610000610351562,17.524999618530273,6.948491096496582,4504800.0,ETN
2009-03-18,10.5,11.020000457763672,10.380000114440918,10.850000381469727,4.0027103424072275,64700.0,ETO
2009-03-18,26.68000030517578,26.68000030517578,26.68000030517578,26.68000030517578,26.68000030517578,3361.0,ETON
2009-03-18,63.849998474121094,67.30999755859375,62.86999893188477,66.80999755859375,40.84104919433594,3099700.0,ETR
2009-03-18,10.6899995803833,11.170000076293944,10.6899995803833,11.010000228881836,3.5668120384216313,230300.0,ETV
2009-03-18,9.6899995803833,9.970000267028807,9.5,9.800000190734863,2.984091758728028,471500.0,ETW
2009-03-18,9.479999542236328,9.760000228881836,9.350000381469727,9.68000030517578,3.1236684322357178,373200.0,ETY
2009-03-18,19.309999465942386,21.190000534057614,19.309999465942386,21.190000534057614,15.24312686920166,1788600.0,EV
2009-03-18,10.760000228881836,11.15999984741211,10.760000228881836,11.0,7.942988395690918,1600.0,EVBN
2009-03-18,0.1899999976158142,0.1899999976158142,0.14000000059604645,0.15000000596046448,0.1063982993364334,2122000.0,EVC
2009-03-18,3.539999961853028,3.630000114440918,3.539999961853028,3.539999961853028,1.771692395210266,48400.0,EVF
2009-03-18,12.4399995803833,12.460000038146973,12.270000457763672,12.31999969482422,5.697175025939941,59100.0,EVG
2009-03-18,0.75,0.7599999904632568,0.75,0.75,0.40307554602622986,1700.0,EVI
2009-03-18,0.699999988079071,0.8000000119209291,0.699999988079071,0.7900000214576721,0.7900000214576721,4600.0,EVK
2009-03-18,10.600000381469727,10.699999809265137,10.520000457763672,10.579999923706056,5.5560455322265625,30900.0,EVM
2009-03-18,9.079999923706056,9.079999923706056,8.960000038146973,9.0,4.3822546005249015,23700.0,EVN
2009-03-18,2.299999952316284,2.400000095367432,2.2799999713897705,2.299999952316284,0.9960277080535888,19000.0,EVOL
2009-03-18,13.789999961853027,14.18000030517578,13.40999984741211,14.0,10.74087905883789,107400.0,EVR
2009-03-18,16.5,17.420000076293945,16.5,17.290000915527347,11.090612411499023,1291900.0,EVRG
2009-03-18,3.7100000381469727,3.940000057220459,3.630000114440918,3.910000085830689,3.910000085830689,223300.0,EVRI
2009-03-18,8.180000305175781,8.659999847412111,8.109999656677246,8.529999732971191,3.5148198604583736,260600.0,EVT
2009-03-18,9.93000030517578,10.199999809265137,9.729999542236328,10.199999809265137,4.214004993438722,283000.0,EVV
2009-03-18,9.84000015258789,10.06999969482422,9.699999809265137,10.06999969482422,5.381531238555908,5800.0,EVY
2009-03-18,15.3774995803833,15.682499885559082,15.350000381469727,15.449999809265135,15.449999809265135,2167200.0,EW
2009-03-18,4.989999771118164,5.510000228881836,4.960000038146973,5.400000095367432,4.54550313949585,1785100.0,EWBC
2009-03-18,0.8000000119209291,0.8600000143051147,0.8000000119209291,0.8299999833106995,0.8299999833106995,58600.0,EXAS
2009-03-18,43.900001525878906,44.91999816894531,42.52999877929688,44.56999969482422,27.925724029541016,5686300.0,EXC
2009-03-18,4.880000114440918,5.019999980926514,4.730000019073486,4.949999809265137,4.949999809265137,1039400.0,EXEL
2009-03-18,3.140000104904175,3.2699999809265137,3.140000104904175,3.2699999809265137,3.2699999809265137,4800.0,EXFO
2009-03-18,8.25,8.729999542236326,8.25,8.680000305175781,2.5284054279327397,687700.0,EXG
2009-03-18,1.3600000143051147,1.5399999618530271,1.25,1.5299999713897705,1.4870662689208984,269100.0,EXK
2009-03-18,8.800000190734863,9.170000076293944,8.680000305175781,9.140000343322754,9.140000343322754,65700.0,EXLS
2009-03-18,22.13999938964844,23.770000457763672,21.65999984741211,23.440000534057614,21.377174377441406,1250400.0,EXP
2009-03-18,28.75,29.36000061035156,27.70000076293945,28.989999771118164,25.0461483001709,4520800.0,EXPD
2009-03-18,15.0,16.520000457763672,15.0,16.319999694824222,10.748924255371094,2825200.0,EXPE
2009-03-18,5.889999866485597,6.425000190734862,5.889999866485597,6.382500171661378,5.8500123023986825,526400.0,EXPO
2009-03-18,5.369999885559082,5.920000076293945,5.369999885559082,5.9099998474121085,4.172129154205321,1728300.0,EXR
2009-03-18,1.7000000476837158,1.75,1.3799999952316284,1.5399999618530271,1.5399999618530271,498900.0,EXTR
2009-03-18,0.8000000119209291,0.8199999928474426,0.8000000119209291,0.8199999928474426,0.8199999928474426,8000.0,EYPT
2009-03-18,10.84000015258789,11.289999961853027,10.720000267028807,11.270000457763672,11.270000457763672,871200.0,EZPW
2009-03-18,2.2799999713897705,2.650000095367432,2.2799999713897705,2.470000028610229,1.7361576557159424,92775500.0,F
2009-03-18,9.859999656677246,10.359999656677246,9.850000381469727,10.279999732971193,3.700119733810425,51100.0,FAM
2009-03-18,7.1599998474121085,7.5,7.019999980926514,7.25,6.214714050292969,29200.0,FANH
2009-03-18,17.829999923706055,19.559999465942386,16.620000839233402,19.559999465942386,18.64226722717285,14900.0,FARM
2009-03-18,13.350000381469727,14.8100004196167,13.350000381469727,14.460000038146973,14.460000038146973,135500.0,FARO
2009-03-18,7.1525001525878915,7.445000171661378,6.989999771118164,7.3400001525878915,5.577295780181885,6622000.0,FAST
2009-03-18,4.25,4.480000019073486,4.1599998474121085,4.440000057220459,1.9373637437820437,741300.0,FAX
2009-03-18,72.0,76.0,70.0,76.0,75.53167724609375,2400.0,FBC
2009-03-18,5.5,5.5,5.5,5.5,4.303313732147217,400.0,FBIZ
2009-03-18,7.25,7.25,7.25,7.25,6.505673885345459,0.0,FBMS
2009-03-18,9.970000267028807,11.979999542236328,9.789999961853027,11.800000190734865,9.463804244995117,57000.0,FBNC
2009-03-18,65.09999847412111,74.25,63.9000015258789,71.4000015258789,69.70903778076172,52500.0,FBP
2009-03-18,10.920000076293944,10.960000038146973,10.920000076293944,10.960000038146973,7.485209941864014,400.0,FBSS
2009-03-18,3.7999999523162837,3.880000114440918,3.630000114440918,3.8199999332427983,3.8199999332427983,5500.0,FC
2009-03-18,13.0,13.0,13.0,13.0,8.92390251159668,0.0,FCAP
2009-03-18,9.5600004196167,12.369999885559082,9.5600004196167,12.350000381469727,8.77510929107666,34600.0,FCBC
2009-03-18,6.0,6.0,5.9000000953674325,6.0,4.682131290435791,4200.0,FCCO
2009-03-18,5.141890525817871,5.191252708435059,5.0349392890930185,5.15011739730835,4.906110286712647,1300.0,FCCY
2009-03-18,396.0,429.1199951171875,394.55999755859375,416.1600036621094,416.1600036621094,3000.0,FCEL
2009-03-18,8.670000076293945,9.539999961853027,8.630000114440918,9.489999771118164,7.095595836639403,684100.0,FCF
2009-03-18,14.420000076293945,14.5,14.09000015258789,14.390000343322756,13.655531883239744,251700.0,FCFS
2009-03-18,49.38000106811523,49.4000015258789,48.02999877929688,48.59000015258789,48.59000015258789,853500.0,FCN
2009-03-18,104.88999938964844,118.98999786376952,102.23999786376952,117.0,110.38684844970705,38400.0,FCNCA
2009-03-18,7.730000019073486,8.180000305175781,7.710000038146973,8.180000305175781,3.165867805480957,23300.0,FCO
2009-03-18,7.300000190734862,7.449999809265138,7.300000190734862,7.4000000953674325,3.765867948532105,42500.0,FCT
2009-03-18,18.239999771118164,19.01000022888184,17.174999237060547,18.934999465942386,14.41854190826416,67963400.0,FCX
2009-03-18,13.333333015441895,13.333333015441895,13.333333015441895,13.333333015441895,7.3971967697143555,300.0,FDBC
2009-03-18,2.625,2.8499999046325684,2.625,2.799999952316284,2.2574832439422607,70800.0,FDEF
2009-03-18,14.979999542236328,16.15999984741211,14.979999542236328,15.880000114440918,13.967656135559082,477100.0,FDP
2009-03-18,41.97999954223633,44.290000915527344,41.47999954223633,44.16999816894531,38.60057830810547,1220500.0,FDS
2009-03-18,42.0,44.209999084472656,41.099998474121094,43.04999923706055,39.42437744140625,7503100.0,FDX
2009-03-18,37.27999877929688,38.84000015258789,36.2400016784668,38.36000061035156,22.67446517944336,2262400.0,FE
2009-03-18,3.25,3.2999999523162837,3.1800000667572017,3.2999999523162837,3.2216150760650635,5300.0,FEIM
2009-03-18,9.739999771118164,11.109999656677246,9.739999771118164,10.920000076293944,9.602248191833496,470000.0,FELE
2009-03-18,17.75,18.13999938964844,17.75,18.049999237060547,7.475040912628174,31400.0,FEN
2009-03-18,10.550000190734863,10.899999618530273,10.520000457763672,10.850000381469727,4.077357292175293,10100.0,FEO
2009-03-18,7.800000190734862,8.239999771118164,7.769999980926514,8.199999809265138,3.4939789772033687,121400.0,FFA
2009-03-18,6.929999828338622,9.020000457763672,6.929999828338622,9.010000228881836,5.746852397918701,139000.0,FFBC
2009-03-18,5.9000000953674325,5.989999771118164,5.8499999046325675,5.960000038146973,2.281630754470825,127900.0,FFC
2009-03-18,4.230000019073486,4.369999885559082,3.3499999046325684,3.9300000667572017,2.7727320194244385,357900.0,FFG
2009-03-18,2.5199999809265137,3.1600000858306885,2.3199999332427983,3.1600000858306885,3.1600000858306885,6900.0,FFHL
2009-03-18,6.0900001525878915,6.809999942779541,5.920000076293945,6.78000020980835,4.597348690032959,153100.0,FFIC
2009-03-18,7.09499979019165,7.800000190734862,7.09499979019165,7.789999961853027,6.121089458465576,850000.0,FFIN
2009-03-18,19.959999084472656,21.290000915527344,19.76000022888184,20.76000022888184,20.76000022888184,2881400.0,FFIV
2009-03-18,8.550000190734862,9.039999961853027,8.460000038146973,9.039999961853027,7.535494327545166,76500.0,FFNW
2009-03-18,2.5199999809265137,2.640000104904175,2.5199999809265137,2.640000104904175,0.903634548187256,33000.0,FGB
2009-03-18,500.0,507.0,490.0,490.0,434.6990966796875,18016.0,FHB
2009-03-18,9.971453666687012,10.916428565979004,9.86317539215088,10.808150291442873,9.055526733398438,11291400.0,FHN
2009-03-18,13.239999771118164,13.619999885559082,12.979999542236328,13.4399995803833,13.223868370056152,596300.0,FICO
2009-03-18,17.549999237060547,17.989999771118164,17.15999984741211,17.8799991607666,15.35435390472412,2211900.0,FIS
2009-03-18,5.739999771118164,7.429999828338622,5.739999771118164,7.269999980926514,5.130320549011231,44000.0,FISI
2009-03-18,8.532500267028809,8.862500190734863,8.399999618530272,8.792499542236326,8.792499542236326,12954400.0,FISV
2009-03-18,2.049999952316284,2.380000114440918,1.8500000238418581,2.220000028610229,1.7097160816192627,65576800.0,FITB
2009-03-18,28.0,31.0,28.0,30.25,28.981142044067386,252870.0,FITBP
2009-03-18,9.9399995803833,10.489999771118164,9.720000267028807,10.31999969482422,8.940016746520996,308900.0,FIX
2009-03-18,8.670000076293945,9.25,8.409999847412111,9.25,5.612953186035156,53200.0,FIZZ
2009-03-18,9.5600004196167,9.869999885559082,9.3100004196167,9.739999771118164,7.184018611907959,3592900.0,FL
2009-03-18,6.1599998474121085,6.3499999046325675,6.1500000953674325,6.300000190734862,2.440146207809448,39600.0,FLC
2009-03-18,2.630000114440918,2.650000095367432,2.4300000667572017,2.640000104904175,2.640000104904175,11416900.0,FLEX
2009-03-18,9.053333282470703,9.053333282470703,9.053333282470703,9.053333282470703,6.480654716491699,0.0,FLIC
2009-03-18,21.93000030517578,22.09000015258789,21.36000061035156,21.63999938964844,19.16252326965332,3577400.0,FLIR
2009-03-18,1.0199999809265137,1.0399999618530271,0.9700000286102296,1.0399999618530271,1.0399999618530271,4400.0,FLL
2009-03-18,37.5,37.5,37.5,37.5,37.5,24300.0,FLNT
2009-03-18,10.19111156463623,10.502222061157227,10.084444046020508,10.377778053283693,6.670137405395508,3075900.0,FLO
2009-03-18,1.6200000047683716,1.9700000286102293,1.5499999523162842,1.919999957084656,1.919999957084656,174195.0,FLOW
2009-03-18,38.400001525878906,38.75,36.650001525878906,38.099998474121094,32.19906234741211,5178200.0,FLR
2009-03-18,18.33333396911621,19.31333351135254,18.0,19.05666732788086,14.642233848571776,5252100.0,FLS
2009-03-18,2.0199999809265137,2.0999999046325684,1.940000057220459,1.9900000095367432,1.9900000095367432,462400.0,FLWS
2009-03-18,5.480000019073486,5.480000019073486,5.1599998474121085,5.179999828338623,3.911989688873291,3500.0,FLXS
2009-03-18,4.349999904632568,4.949999809265137,4.019999980926514,4.949999809265137,3.0701508522033687,179200.0,FLY
2009-03-18,9.0,9.0,9.0,9.0,6.1585426330566415,400.0,FMAO
2009-03-18,19.899999618530273,19.899999618530273,19.899999618530273,19.899999618530273,15.643128395080565,0.0,FMBH
2009-03-18,9.170000076293944,9.489999771118164,8.369999885559082,9.489999771118164,8.127814292907715,1852500.0,FMBI
2009-03-18,16.660884857177734,17.49349594116211,16.361665725708008,17.432783126831055,14.71660041809082,2511000.0,FMC
2009-03-18,11.399999618530273,11.600000381469727,11.399999618530273,11.40999984741211,5.812334537506104,12800.0,FMN
2009-03-18,4.75,4.75,4.75,4.75,3.6291580200195312,0.0,FMNB
2009-03-18,13.140000343322756,13.5,12.859999656677244,13.119999885559082,4.418107032775879,36800.0,FMO
2009-03-18,18.55500030517578,19.545000076293945,18.5049991607666,19.34499931335449,16.605340957641598,724600.0,FMS
2009-03-18,25.59000015258789,26.0,24.93000030517578,25.84000015258789,21.929576873779297,926500.0,FMX
2009-03-18,15.609999656677244,15.989999771118164,15.4399995803833,15.920000076293945,7.154075145721436,32700.0,FMY
2009-03-18,7.630000114440918,8.119999885559082,7.309999942779541,7.989999771118164,4.946817874908447,1021400.0,FNB
2009-03-18,8.949999809265137,9.0,8.5,8.5,7.728484630584718,1700.0,FNCB
2009-03-18,10.592818260192873,11.67347526550293,10.319684982299805,11.29940128326416,6.876524448394775,12584900.0,FNF
2009-03-18,3.400000095367432,3.400000095367432,2.8299999237060547,2.869999885559082,2.3885231018066406,44100.0,FNHC
2009-03-18,16.5,17.719999313354492,16.5,17.719999313354492,10.65385913848877,10500.0,FNLC
2009-03-18,21.790000915527344,23.60000038146973,21.729999542236328,23.56999969482422,20.229066848754886,13000.0,FNV
2009-03-18,1.4299999475479126,1.7000000476837158,1.3899999856948853,1.6599999666213991,1.6599999666213991,1659300.0,FOE
2009-03-18,7.9099998474121085,8.25,7.8499999046325675,8.109999656677246,3.248792886734009,81300.0,FOF
2009-03-18,9.18000030517578,9.84000015258789,9.020000457763672,9.84000015258789,9.84000015258789,6300.0,FOLD
2009-03-18,0.699999988079071,0.8199999928474426,0.699999988079071,0.7599999904632568,0.7599999904632568,3000.0,FONR
2009-03-18,7.1500000953674325,7.630000114440918,6.880000114440918,7.440000057220459,7.440000057220459,616800.0,FOR
2009-03-18,1.8200000524520876,1.830000042915344,1.75,1.75,1.75,111200.0,FORD
2009-03-18,15.510000228881836,15.90999984741211,15.229999542236328,15.630000114440918,15.630000114440918,531300.0,FORM
2009-03-18,19.18000030517578,19.989999771118164,19.18000030517578,19.82999992370605,15.960925102233887,196800.0,FORR
2009-03-18,4.170000076293944,4.170000076293944,4.170000076293944,4.170000076293944,2.9622111320495605,0.0,FORTY
2009-03-18,13.81999969482422,15.220000267028807,13.640000343322756,14.850000381469727,14.850000381469727,1113100.0,FOSL
2009-03-18,2.900000095367432,3.039999961853028,2.400000095367432,3.039999961853028,2.5224201679229736,1481100.0,FR
2009-03-18,8.659999847412111,8.800000190734863,8.619999885559082,8.720000267028809,4.3206095695495605,51400.0,FRA
2009-03-18,14.75,14.75,14.5,14.5,9.044599533081056,1800.0,FRAF
2009-03-18,6.5900001525878915,7.119999885559082,6.5,6.75,6.75,20800.0,FRBK
2009-03-18,4.550000190734863,4.8400001525878915,4.260000228881837,4.800000190734863,3.3761065006256104,10800.0,FRD
2009-03-18,10.399999618530273,11.40999984741211,10.220000267028807,11.119999885559082,9.248372077941896,154000.0,FRME
2009-03-18,87.0,88.19999694824219,83.55000305175781,86.6500015258789,65.74705505371094,176900.0,FRO
2009-03-18,16.516666412353516,17.466667175292972,16.0,17.466667175292972,14.57163906097412,4800.0,FRPH
2009-03-18,44.02999877929688,46.9900016784668,43.099998474121094,46.43000030517578,32.329273223876946,2188800.0,FRT
2009-03-18,4.5938992500305185,4.5938992500305185,4.5938992500305185,4.5938992500305185,4.5938992500305185,0.0,FSBC
2009-03-18,9.449999809265137,9.5,9.449999809265137,9.5,8.353520393371582,2200.0,FSFG
2009-03-18,1.950000047683716,1.9700000286102293,1.950000047683716,1.9700000286102293,1.79705011844635,600.0,FSI
2009-03-18,114.9000015258789,123.1999969482422,112.37000274658205,118.63999938964844,118.63999938964844,4539700.0,FSLR
2009-03-18,0.7200000286102295,0.8100000023841858,0.699999988079071,0.8100000023841858,0.8100000023841858,208700.0,FSM
2009-03-18,11.609999656677244,12.970000267028807,11.380000114440918,12.899999618530273,6.705494403839111,1278300.0,FSP
2009-03-18,4.800000190734863,5.179999828338623,4.650000095367432,5.03000020980835,4.312645435333252,253100.0,FSS
2009-03-18,24.40999984741211,26.06999969482422,23.82999992370605,25.75,25.02187347412109,59500.0,FSTR
2009-03-18,3.660000085830689,3.75,3.5999999046325684,3.670000076293945,1.7592992782592771,65800.0,FT
2009-03-18,382.2999877929688,385.6000061035156,382.2999877929688,385.2999877929688,244.28831481933597,324016600.0,FTAI
2009-03-18,10.020000457763672,10.350000381469727,9.550000190734863,10.3100004196167,10.3100004196167,172700.0,FTEK
2009-03-18,8.699999809265138,8.890000343322754,8.640000343322754,8.829999923706055,3.521143674850464,68000.0,FTF
2009-03-18,21.200000762939453,21.200000762939453,21.200000762939453,21.200000762939453,21.200000762939453,0.0,FTFT
2009-03-18,14.550000190734865,15.335000038146973,14.19499969482422,15.260000228881836,11.039409637451172,7219200.0,FTI
2009-03-18,1.3799999952316284,1.4500000476837158,1.2200000286102295,1.2799999713897705,1.2799999713897705,615900.0,FTK
2009-03-18,99.5999984741211,102.75,97.0500030517578,102.4499969482422,41.05561828613281,173200.0,FTR
2009-03-18,18.68000030517578,18.68000030517578,17.84000015258789,18.350000381469727,18.350000381469727,4300.0,FUD
2009-03-18,7.070000171661378,7.070000171661378,7.070000171661378,7.070000171661378,7.070000171661378,0.0,FUE
2009-03-18,12.149999618530273,13.5,12.149999618530273,13.359999656677244,11.686116218566895,461400.0,FUL
2009-03-18,6.579999923706055,7.010000228881836,6.260000228881836,7.010000228881836,5.182432174682617,3375300.0,FULT
2009-03-18,8.819999694824219,9.25,8.689999580383299,9.170000076293944,4.949653148651123,148500.0,FUN
2009-03-18,9.5,9.539999961853027,7.639999866485597,8.350000381469728,7.39825439453125,9500.0,FUNC
2009-03-18,3.859999895095825,4.0399999618530265,3.859999895095825,3.9600000381469727,2.1378374099731445,63400.0,FUND
2009-03-18,15.970000267028807,17.700000762939453,15.609999656677244,16.34000015258789,14.6630220413208,2400.0,FUSB
2009-03-18,11.699999809265135,13.399999618530273,11.5,13.0,13.0,13000.0,FVE
2009-03-18,15.489999771118164,16.549999237060547,15.489999771118164,16.549999237060547,14.701891899108887,364400.0,FWRD
2009-03-18,13.75,13.75,13.75,13.75,11.481998443603516,300.0,FXNC
2009-03-18,8.069999694824219,8.210000038146973,7.800000190734862,7.960000038146973,6.785670280456543,324500.0,G
2009-03-18,2.608651876449585,2.695930004119873,2.531071186065674,2.628046989440918,0.8532163500785828,451300.0,GAB
2009-03-18,7.320000171661378,7.320000171661378,6.933333396911621,6.933333396911621,5.231050968170166,1800.0,GABC
2009-03-18,3.3499999046325684,3.4200000762939453,3.259999990463257,3.4100000858306885,3.286468505859375,90900.0,GAIA
2009-03-18,4.2199997901916495,4.670000076293945,4.199999809265137,4.670000076293945,1.7079545259475708,61800.0,GAIN
2009-03-18,1.2000000476837158,1.2000000476837158,1.0800000429153442,1.2000000476837158,1.2000000476837158,6100.0,GALT
2009-03-18,14.699999809265135,15.25,14.539999961853027,15.119999885559082,8.893046379089355,44700.0,GAM
2009-03-18,4.960000038146973,5.1599998474121085,4.800000190734863,4.869999885559082,4.869999885559082,225800.0,GASS
2009-03-18,17.559999465942386,19.15999984741211,17.239999771118164,19.040000915527344,13.822482109069824,1947000.0,GATX
2009-03-18,19.3700008392334,19.40999984741211,18.75,18.8700008392334,18.8700008392334,16200.0,GAZ
2009-03-18,15.600000381469727,17.149999618530273,15.460000038146973,17.079999923706055,11.609508514404295,1716100.0,GBCI
2009-03-18,17.06515884399414,18.90683937072754,16.914377212524414,18.309101104736328,15.819425582885742,116800.0,GBL
2009-03-18,10.020000457763672,11.359999656677244,10.020000457763672,11.239999771118164,10.459948539733887,29200.0,GBLI
2009-03-18,3.440000057220459,3.440000057220459,3.440000057220459,3.440000057220459,3.440000057220459,300.0,GBR
2009-03-18,3.4600000381469727,3.5999999046325684,3.2100000381469727,3.5699999332427983,3.122307300567627,114300.0,GBX
2009-03-18,5.255000114440918,5.255000114440918,5.255000114440918,5.255000114440918,3.7709476947784415,0.0,GCBC
2009-03-18,10.5600004196167,10.5600004196167,10.5600004196167,10.5600004196167,4.568415641784668,0.0,GCE
2009-03-18,2.4300000667572017,2.6600000858306885,2.359999895095825,2.4600000381469727,1.0162200927734375,6704500.0,GCI
2009-03-18,15.600000381469727,16.059999465942386,15.600000381469727,15.850000381469727,15.850000381469727,510600.0,GCO
2009-03-18,4.539999961853027,4.650000095367432,4.489999771118164,4.599999904632568,1.7994222640991209,18900.0,GCV
2009-03-18,39.400001525878906,40.09000015258789,37.959999084472656,39.22000122070313,30.00925064086914,4463000.0,GD
2009-03-18,4.059999942779541,4.179999828338623,4.0399999618530265,4.139999866485597,3.6069126129150386,9700.0,GDEN
2009-03-18,12.0600004196167,12.34000015258789,11.960000038146973,12.270000457763672,5.2753424644470215,47500.0,GDL
2009-03-18,7.172675609588622,7.70398473739624,7.172675609588622,7.609107971191406,3.8746862411499023,247600.0,GDV
2009-03-18,9.548076629638672,10.27884578704834,9.326923370361328,9.923076629638672,7.027966499328612,207380600.0,GE
2009-03-18,10.5600004196167,10.68000030517578,9.84000015258789,10.199999809265137,10.199999809265137,7500.0,GEC
2009-03-18,31.25,32.240001678466804,30.54999923706055,32.130001068115234,21.486042022705078,445800.0,GEF
2009-03-18,10.300000190734863,10.350000381469727,9.800000190734863,9.979999542236328,4.506726741790772,107000.0,GEL
2009-03-18,9.449999809265137,9.770000457763672,9.270000457763672,9.539999961853027,9.539999961853027,59100.0,GEN
2009-03-18,4.5333333015441895,4.553333282470703,4.073333263397217,4.2066664695739755,4.2066664695739755,16200.0,GENC
2009-03-18,30.0,30.0,29.0,29.0,29.0,0.0,GENE
2009-03-18,9.25333309173584,9.333333015441896,8.9399995803833,9.133333206176758,3.670335292816162,689200.0,GEO
2009-03-18,6.050000190734862,6.420000076293945,5.945000171661378,6.40500020980835,6.40500020980835,56200.0,GEOS
2009-03-18,4.007561206817627,4.158790111541748,3.8941400051116943,4.064272403717041,4.064272403717041,1525900.0,GERN
2009-03-18,15.020000457763672,17.899999618530273,15.020000457763672,17.8700008392334,12.036529541015625,5308200.0,GES
2009-03-18,6.010000228881836,6.369999885559082,5.949999809265138,6.3499999046325675,2.9392781257629395,32700.0,GF
2009-03-18,4.8400001525878915,4.8400001525878915,4.829999923706055,4.829999923706055,4.321666240692139,1400.0,GFED
2009-03-18,7.380000114440918,7.6599998474121085,7.170000076293945,7.389999866485597,6.3316712379455575,290100.0,GFF
2009-03-18,9.974160194396973,10.73212718963623,9.457364082336426,10.62876796722412,8.92567253112793,20116900.0,GFI
2009-03-18,0.9800000190734864,1.0,0.9700000286102296,1.0,1.0,600.0,GFN
2009-03-18,10.579999923706056,10.649999618530273,10.539999961853027,10.550000190734863,5.921234607696532,34900.0,GFY
2009-03-18,1.8799999952316284,1.8799999952316284,1.690000057220459,1.7200000286102295,1.6479548215866089,153800.0,GGAL
2009-03-18,4.869999885559082,5.070000171661377,4.75,5.059999942779541,4.215836524963379,12888200.0,GGB
2009-03-18,5.8400001525878915,6.269999980926514,5.733333110809326,6.183333396911621,3.4896976947784424,3175500.0,GGG
2009-03-18,13.75,14.449999809265135,13.18000030517578,14.4399995803833,3.8508222103118896,84500.0,GGN
2009-03-18,2.983638048171997,3.166506290435791,2.974013566970825,3.1376323699951167,1.0790747404098509,42400.0,GGT
2009-03-18,211.4501495361328,216.3081512451172,210.77944946289062,215.75830078125,168.0040740966797,73800.0,GHC
2009-03-18,65.15000152587889,69.26999664306639,64.93000030517578,68.94999694824219,45.137001037597656,204400.0,GHL
2009-03-18,9.5600004196167,9.5600004196167,8.930000305175781,9.420000076293944,8.321908950805664,151900.0,GHM
2009-03-18,7.360000133514403,7.789999961853027,7.360000133514403,7.760000228881836,7.760000228881836,260700.0,GIB
2009-03-18,7.110000133514403,7.119999885559082,6.739999771118164,6.9099998474121085,6.2218570709228525,214800.0,GIFI
2009-03-18,5.670000076293945,5.9099998474121085,5.550000190734863,5.710000038146973,5.710000038146973,280900.0,GIGM
2009-03-18,2.1400001049041752,2.375,2.125,2.369999885559082,2.369999885559082,145600.0,GIII
2009-03-18,3.670000076293945,3.990000009536743,3.670000076293945,3.9700000286102295,3.406254529953003,2960800.0,GIL
2009-03-18,23.04999923706055,23.09499931335449,22.280000686645508,22.56999969482422,19.588382720947266,18901400.0,GILD
2009-03-18,3.109999895095825,3.140000104904175,3.0199999809265137,3.0999999046325684,2.944481611251831,32300.0,GILT
2009-03-18,7.199999809265138,7.389999866485597,7.0999999046325675,7.179999828338622,3.3174781799316406,433200.0,GIM
2009-03-18,25.03000068664551,25.03499984741211,23.540000915527344,23.815000534057614,15.81562614440918,37159600.0,GIS
2009-03-18,0.119999997317791,0.119999997317791,0.11500000208616255,0.11500000208616255,0.11500000208616255,70200.0,GIX
2009-03-18,4.75,5.010000228881836,4.75,5.010000228881836,2.379556179046631,1500.0,GJH
2009-03-18,17.0,17.0,17.0,17.0,13.816161155700685,0.0,GJO
2009-03-18,17.0,17.0,17.0,17.0,11.648344039916992,600.0,GJP
2009-03-18,11.100000381469727,12.140000343322756,10.800000190734863,11.0,9.346016883850098,20700.0,GJR
2009-03-18,9.899999618530273,9.899999618530273,9.899999618530273,9.899999618530273,7.842680931091309,0.0,GJS
2009-03-18,7.9000000953674325,8.600000381469728,7.9000000953674325,8.350000381469728,6.602316856384277,600.0,GJT
2009-03-18,11.04888916015625,12.591111183166506,10.831110954284668,12.497777938842773,10.560422897338867,6007600.0,GL
2009-03-18,7.300000190734862,7.889999866485597,7.21999979019165,7.889999866485597,2.7245314121246342,148900.0,GLAD
2009-03-18,152.0,152.0,152.0,152.0,130.59413146972656,0.0,GLBS
2009-03-18,8.5,8.75,8.5,8.75,5.619341850280762,7100.0,GLBZ
2009-03-18,3.289999961853028,3.5699999332427983,3.009999990463257,3.400000095367432,3.1470022201538086,84600.0,GLDD
2009-03-18,3.259999990463257,3.490000009536743,3.009999990463257,3.490000009536743,2.407933235168457,331000.0,GLNG
2009-03-18,8.529999732971191,8.989999771118164,8.529999732971191,8.9399995803833,2.941813945770264,146000.0,GLO
2009-03-18,11.5,11.789999961853027,11.25,11.279999732971193,4.211989402770996,12600.0,GLP
2009-03-18,8.920000076293945,9.4399995803833,8.920000076293945,9.380000114440918,3.220192670822144,52600.0,GLQ
2009-03-18,15.90999984741211,16.0,15.5,15.9399995803833,15.9399995803833,125500.0,GLRE
2009-03-18,5.460000038146973,6.070000171661378,5.300000190734863,6.0,4.435699462890625,306100.0,GLT
2009-03-18,12.890000343322756,13.350000381469727,12.890000343322756,13.300000190734865,6.626913547515869,6300.0,GLU
2009-03-18,0.6399999856948853,0.6499999761581421,0.5,0.5799999833106995,0.5799999833106995,483200.0,GLUU
2009-03-18,9.90999984741211,10.279999732971193,9.859999656677246,10.260000228881836,3.5240910053253174,25700.0,GLV
2009-03-18,12.300000190734865,12.699999809265135,11.90999984741211,12.5,9.860153198242188,15700100.0,GLW
2009-03-18,24.79999923706055,25.78000068664551,24.34000015258789,24.82999992370605,16.718046188354492,4689600.0,GME
2009-03-18,0.8700000047683716,0.8999999761581421,0.7799999713897705,0.8899999856948853,0.8899999856948853,423100.0,GMO
2009-03-18,0.1860000044107437,0.1860000044107437,0.1860000044107437,0.1860000044107437,0.12940984964370728,0.0,GNL
2009-03-18,4.375,4.614999771118164,4.375,4.550000190734863,3.5837767124176025,3843800.0,GNTX
2009-03-18,1.5800000429153442,1.9800000190734863,1.5199999809265137,1.919999957084656,1.919999957084656,34521600.0,GNW
2009-03-18,8.880000114440918,8.949999809265137,8.859999656677246,8.949999809265137,2.7968668937683105,10600.0,GOF
2009-03-18,74.0999984741211,76.1500015258789,71.0,74.5,40.655845642089844,37500.0,GOGL
2009-03-18,6.980000019073486,7.0999999046325675,6.800000190734862,6.9000000953674325,6.613401412963867,132000.0,GOL
2009-03-18,28.520000457763672,31.95000076293945,27.20000076293945,31.940000534057614,14.521631240844727,30031100.0,GOLD
2009-03-18,8.659999847412111,9.399999618530273,7.889999866485597,9.350000381469727,3.600834369659424,26300.0,GOOD
2009-03-18,166.7798614501953,169.36517333984375,163.41249084472656,165.9280548095703,165.9280548095703,10061900.0,GOOG
2009-03-18,167.57257080078125,170.170166015625,164.18919372558594,166.7167205810547,166.7167205810547,10014300.0,GOOGL
2009-03-18,3.5999999046325684,4.059999942779541,3.5699999332427983,3.849999904632568,3.1209440231323238,309500.0,GORO
2009-03-18,28.31999969482422,29.489999771118164,28.09000015258789,29.06999969482422,20.6058406829834,1637200.0,GPC
2009-03-18,11.600000381469727,13.25,11.239999771118164,13.18000030517578,11.742571830749512,894900.0,GPI
2009-03-18,0.9800000190734864,0.9800000190734864,0.8799999952316284,0.9700000286102296,0.8655602335929871,334600.0,GPK
2009-03-18,0.3700000047683716,0.3700000047683716,0.3100000023841858,0.36000001430511475,0.36000001430511475,52300.0,GPL
2009-03-18,7.050000190734862,7.25,6.980000019073486,7.139999866485597,2.037790060043335,78200.0,GPM
2009-03-18,15.649999618530273,16.299999237060547,15.585000038146973,16.059999465942386,15.670504570007324,1686200.0,GPN
2009-03-18,2.799999952316284,2.8499999046325684,2.650000095367432,2.759999990463257,2.759999990463257,115100.0,GPOR
2009-03-18,1.7400000095367432,1.75,1.7000000476837158,1.7100000381469729,1.4770119190216064,12700.0,GPRE
2009-03-18,12.050000190734865,12.6899995803833,12.029999732971193,12.449999809265135,9.0517578125,7863700.0,GPS
2009-03-18,2.630000114440918,3.0,2.5299999713897705,2.7799999713897705,2.7799999713897705,29400.0,GPX
2009-03-18,5.630000114440918,5.960000038146973,5.460000038146973,5.9000000953674325,5.595420837402344,797500.0,GRA
2009-03-18,1.100000023841858,1.100000023841858,1.100000023841858,1.100000023841858,1.100000023841858,0.0,GRAF
2009-03-18,4.308094024658203,4.9608354568481445,4.1775455474853525,4.308094024658203,4.308094024658203,2400.0,GRBK
2009-03-18,12.640000343322756,13.433600425720215,12.595199584960938,13.152000427246096,10.899367332458496,138200.0,GRC
2009-03-18,3.5499999523162837,3.5499999523162837,3.5499999523162837,3.5499999523162837,1.8451764583587649,0.0,GRF
2009-03-18,30.809999465942386,31.5,30.29999923706055,31.5,27.98043441772461,2300.0,GRIF
2009-03-18,20.31999969482422,20.770000457763672,19.84000015258789,20.770000457763672,12.958520889282227,2861800.0,GRMN
2009-03-18,23.38999938964844,24.0,21.850000381469727,23.26000022888184,23.26000022888184,2200.0,GRN
2009-03-18,3.9600000381469727,4.730000019073486,3.900000095367432,4.730000019073486,3.5624589920043945,63500.0,GROW
2009-03-18,5.8499999046325675,5.889999866485597,5.769999980926514,5.769999980926514,5.769999980926514,3600.0,GRU
2009-03-18,2.2799999713897705,2.5199999809265137,2.240000009536743,2.5199999809265137,2.5199999809265137,0.0,GRVY
2009-03-18,4.158140182495116,4.298302173614502,4.158140182495116,4.2048606872558585,2.672070264816284,7200.0,GRX
2009-03-18,97.58000183105469,106.79000091552734,96.6999969482422,105.25,90.43826293945312,34372900.0,GS
2009-03-18,0.2899999916553497,0.3199999928474426,0.2700000107288361,0.3100000023841858,0.3100000023841858,211000.0,GSAT
2009-03-18,0.6499999761581421,0.7699999809265137,0.6499999761581421,0.6700000166893005,0.38996422290802,31900.0,GSB
2009-03-18,11.06999969482422,11.449999809265135,11.010000228881836,11.25,8.085604667663574,16900.0,GSBC
2009-03-18,33.93000030517578,33.93000030517578,33.380001068115234,33.380001068115234,33.380001068115234,2500.0,GSC
2009-03-18,15.470000267028807,15.699999809265135,15.029999732971193,15.539999961853027,11.130754470825195,43700.0,GSH
2009-03-18,2.2799999713897705,2.390000104904175,2.2799999713897705,2.380000114440918,2.380000114440918,6200.0,GSIT
2009-03-18,28.59000015258789,29.690000534057614,28.5,29.34000015258789,16.608722686767578,2918300.0,GSK
2009-03-18,21.040000915527344,21.36000061035156,19.040000915527344,20.399999618530273,18.605520248413086,4700.0,GSL
2009-03-18,24.440000534057614,24.649999618530273,23.79999923706055,24.649999618530273,24.649999618530273,21600.0,GSP
2009-03-18,6.050000190734862,7.1500000953674325,5.6500000953674325,7.0,7.0,781000.0,GSS
2009-03-18,5.460000038146973,6.130000114440918,5.21999979019165,6.0900001525878915,5.412229061126709,4921600.0,GT
2009-03-18,2.8199999332427983,2.8499999046325684,2.640000104904175,2.8399999141693115,2.8399999141693115,1265400.0,GTE
2009-03-18,2.8499999046325684,2.8499999046325684,2.8499999046325684,2.8499999046325684,2.8499999046325684,0.0,GTIM
2009-03-18,7.369999885559082,7.389999866485597,6.8499999046325675,7.110000133514403,7.110000133514403,443700.0,GTLS
2009-03-18,0.3700000047683716,0.4099999964237213,0.3499999940395355,0.4099999964237213,0.4099999964237213,137200.0,GTN
2009-03-18,12.979999542236328,12.989999771118164,12.239999771118164,12.9399995803833,12.9399995803833,127300.0,GTS
2009-03-18,0.36000001430511475,0.36000001430511475,0.36000001430511475,0.36000001430511475,0.36000001430511475,0.0,GTT
2009-03-18,16.670000076293945,17.81999969482422,16.180000305175778,17.559999465942386,9.535374641418457,146800.0,GTY
2009-03-18,8.800000190734863,10.800000190734863,8.800000190734863,10.800000190734863,10.800000190734863,11500.0,GURE
2009-03-18,5.119999885559082,5.190000057220459,4.949999809265137,5.170000076293945,1.9269254207611084,40100.0,GUT
2009-03-18,0.25999999046325684,0.2700000107288361,0.25,0.2700000107288361,0.2700000107288361,2100.0,GV
2009-03-18,39.81999969482422,40.4900016784668,38.15999984741211,39.86000061035156,33.398101806640625,922300.0,GVA
2009-03-18,4.980000019073486,5.21999979019165,4.960000038146973,5.150000095367432,5.150000095367432,22100.0,GVP
2009-03-18,65.66999816894531,68.30000305175781,65.0,67.55999755859375,54.880714416503906,1323300.0,GWW
2009-03-18,14.0,15.5,14.0,15.5,10.210283279418944,2100.0,GYC
2009-03-18,239.44444274902344,258.66665649414057,239.44444274902344,258.66665649414057,26.23104286193848,0.0,GYRO
2009-03-18,3.1800000667572017,3.7000000476837163,3.0999999046325684,3.5799999237060547,3.4493699073791504,972200.0,HA
2009-03-18,27.42499923706055,28.35000038146973,27.42499923706055,28.03499984741211,28.03499984741211,391200.0,HAE
2009-03-18,9.119999885559082,9.359999656677246,8.399999618530272,9.119999885559082,7.528219223022461,35200.0,HAFC
2009-03-18,7.119999885559082,7.119999885559082,6.514999866485597,6.885000228881836,6.885000228881836,675800.0,HAIN
2009-03-18,17.180000305175778,17.610000610351562,16.479999542236328,17.40999984741211,14.499497413635256,20147100.0,HAL
2009-03-18,7.190000057220459,7.739999771118164,7.050000190734862,7.71999979019165,7.71999979019165,35200.0,HALL
2009-03-18,5.099999904632568,5.3400001525878915,4.940000057220459,5.099999904632568,5.099999904632568,205100.0,HALO
2009-03-18,23.32999992370605,23.940000534057614,22.8700008392334,23.70000076293945,17.365135192871097,2748500.0,HAS
2009-03-18,14.220000267028807,15.270000457763672,14.079999923706055,15.010000228881836,11.923622131347654,119700.0,HAYN
2009-03-18,1.7300000190734863,2.039999961853028,1.6799999475479126,2.0199999809265137,1.5276566743850708,22823600.0,HBAN
2009-03-18,9.600000381469727,9.6899995803833,9.329999923706056,9.59000015258789,8.760307312011719,9600.0,HBCP
2009-03-18,2.212500095367432,2.384999990463257,2.200000047683716,2.3675000667572017,1.853629469871521,7112000.0,HBI
2009-03-18,1.9939347505569456,2.047005414962769,1.9332827329635618,2.0090978145599365,2.0090978145599365,27500.0,HBIO
2009-03-18,4.46999979019165,4.519999980926514,4.46999979019165,4.5,4.162638187408446,6400.0,HBM
2009-03-18,8.300000190734862,8.300000190734862,8.300000190734862,8.300000190734862,8.300000190734862,300.0,HBMD
2009-03-18,2.212345600128174,2.2281482219696045,2.1985185146331787,2.2281482219696045,1.6674348115921018,49900.0,HBNC
2009-03-18,0.36000001430511475,0.44999998807907104,0.36000001430511475,0.4000000059604645,0.4000000059604645,14100.0,HBP
2009-03-18,7.480000019073486,8.130000114440918,7.1500000953674325,7.329999923706055,7.329999923706055,1900.0,HCCI
2009-03-18,5.349999904632568,5.349999904632568,5.0,5.0,3.5093653202056885,2100.0,HCI
2009-03-18,2.0,2.0199999809265137,1.8500000238418581,1.950000047683716,1.6713149547576904,475700.0,HCKT
2009-03-18,9.726666450500488,10.18000030517578,9.713333129882812,10.100000381469727,7.457015037536621,365500.0,HCSG
2009-03-18,21.299999237060547,22.84000015258789,21.049999237060547,22.57999992370605,17.252798080444336,31811800.0,HD
2009-03-18,5.343999862670898,5.598999977111816,5.168000221252441,5.598999977111816,4.148436546325684,6513000.0,HDB
2009-03-18,1.3300000429153442,1.350000023841858,1.2899999618530271,1.350000023841858,1.350000023841858,15100.0,HDSN
2009-03-18,13.43000030517578,13.75,13.050000190734865,13.720000267028807,8.391811370849611,1073400.0,HE
2009-03-18,5.8499999046325675,6.329999923706055,5.75,6.03000020980835,2.9875800609588623,99200.0,HEES
2009-03-18,5.068816184997559,5.158993721008301,4.953473091125488,5.0981764793396,4.779929161071777,1705600.0,HEI
2009-03-18,12.520000457763672,14.43000030517578,12.31999969482422,13.93000030517578,13.93000030517578,412300.0,HELE
2009-03-18,11.31999969482422,11.395000457763672,10.864999771118164,11.135000228881836,3.8428163528442383,68000.0,HEP
2009-03-18,61.09000015258789,61.099998474121094,57.88000106811523,60.22999954223633,51.9938850402832,7179600.0,HES
2009-03-18,6.050000190734862,6.050000190734862,6.050000190734862,6.050000190734862,4.911520481109619,500.0,HFBL
2009-03-18,11.5,11.524999618530273,10.574999809265137,11.354999542236328,6.677292823791504,3294400.0,HFC
2009-03-18,10.25,10.43000030517578,9.600000381469727,10.149999618530273,7.665957927703857,5400.0,HFWA
2009-03-18,0.029999999329447743,0.029999999329447743,0.029999999329447743,0.029999999329447743,0.029999999329447743,0.0,HGSH
2009-03-18,50.4000015258789,50.79999923706055,49.20000076293945,50.4000015258789,36.62747192382813,68400.0,HHS
2009-03-18,17.399999618530273,17.399999618530273,17.399999618530273,17.399999618530273,17.399999618530273,0.0,HHT
2009-03-18,16.850000381469727,16.950000762939453,15.949999809265135,16.030000686645508,11.603638648986815,405600.0,HI
2009-03-18,18.010000228881836,18.82999992370605,17.899999618530273,18.479999542236328,18.479999542236328,1099600.0,HIBB
2009-03-18,27.10000038146973,27.10000038146973,27.0,27.0,22.870927810668945,400.0,HIFS
2009-03-18,6.9000000953674325,9.260000228881836,6.800000190734862,8.859999656677246,7.28504753112793,51453700.0,HIG
2009-03-18,0.6600000262260437,0.6600000262260437,0.6600000262260437,0.6600000262260437,0.3251658976078033,0.0,HIHO
2009-03-18,3.119999885559082,3.2000000476837163,2.9800000190734863,3.0699999332427983,3.0699999332427983,272300.0,HIL
2009-03-18,1.950000047683716,2.359999895095825,1.9099999666213991,2.3399999141693115,1.4011762142181396,518700.0,HIMX
2009-03-18,4.0300002098083505,4.0900001525878915,3.890000104904175,4.0399999618530265,1.6309489011764526,181900.0,HIO
2009-03-18,20.450000762939453,21.93000030517578,19.709999084472656,21.84000015258789,12.784103393554688,2063700.0,HIW
2009-03-18,5.230000019073486,5.369999885559082,5.0900001525878915,5.260000228881836,1.7200548648834229,260800.0,HIX
2009-03-18,10.149999618530273,10.739999771118164,9.800000190734863,10.739999771118164,4.376404285430908,2600.0,HJV
2009-03-18,1.4600000381469729,1.7200000286102295,1.399999976158142,1.690000057220459,1.6241669654846191,5069400.0,HL
2009-03-18,3.3624999523162837,3.4375,3.3250000476837163,3.4100000858306885,3.087363719940185,2733200.0,HLF
2009-03-18,9.893333435058594,10.880000114440918,9.853333473205566,10.300000190734863,8.587505340576174,204100.0,HLIO
2009-03-18,5.889999866485597,6.360000133514403,5.730000019073486,6.320000171661378,6.320000171661378,939900.0,HLIT
2009-03-18,5.0,5.320000171661377,4.679999828338623,5.230000019073486,5.230000019073486,2701000.0,HLX
2009-03-18,23.1200008392334,24.34000015258789,23.01000022888184,24.04999923706055,17.657470703125,1597500.0,HMC
2009-03-18,2.809999942779541,2.809999942779541,2.809999942779541,2.809999942779541,1.6334753036499023,0.0,HMG
2009-03-18,0.020090000703930855,0.020090000703930855,0.017219999805092808,0.017219999805092808,0.017219999805092808,17419.0,HMI
2009-03-18,8.319999694824219,8.699999809265138,8.229999542236326,8.510000228881836,6.2390217781066895,619200.0,HMN
2009-03-18,3.25,3.9700000286102295,3.25,3.5,3.5,5300.0,HMNF
2009-03-18,11.716666221618652,11.776666641235352,11.313333511352539,11.31666660308838,11.31666660308838,1569300.0,HMSY
2009-03-18,10.9399995803833,11.859999656677244,10.520000457763672,11.800000190734865,10.881280899047852,5990300.0,HMY
2009-03-18,12.6899995803833,12.770000457763672,12.239999771118164,12.550000190734865,12.550000190734865,121000.0,HNGR
2009-03-18,9.850000381469727,10.649999618530273,9.520000457763672,10.279999732971193,7.328307151794434,290100.0,HNI
2009-03-18,1.2666666507720947,1.3333333730697632,1.2666666507720947,1.3333333730697632,0.9704844355583192,3000.0,HNNA
2009-03-18,29.01000022888184,29.85000038146973,28.38999938964844,29.43000030517578,18.066303253173828,522500.0,HNP
2009-03-18,2.9500000476837163,2.9500000476837163,2.9500000476837163,2.9500000476837163,2.164871454238892,0.0,HNRG
2009-03-18,12.279999732971193,12.390000343322756,12.199999809265135,12.289999961853027,4.257065773010254,24700.0,HNW
2009-03-18,7.269999980926514,9.0,7.269999980926514,8.619999885559082,6.472611904144287,30700.0,HOFT
2009-03-18,11.31999969482422,13.949999809265135,11.199999809265137,13.760000228881836,10.672940254211426,10224200.0,HOG
2009-03-18,2.799999952316284,2.9100000858306885,2.75,2.890000104904175,2.724740982055664,27600.0,HOLI
2009-03-18,11.5,12.59000015258789,11.5,12.390000343322756,12.390000343322756,4316100.0,HOLX
2009-03-18,3.922727346420288,4.204545497894287,3.8250000476837163,4.106818199157715,3.4065656661987305,677600.0,HOMB
2009-03-18,26.23672866821289,27.06616020202637,25.550302505493164,27.02802658081055,20.72021484375,8865100.0,HON
2009-03-18,2.9600000381469727,3.1800000667572017,2.789999961853028,3.119999885559082,2.524876594543457,221000.0,HOPE
2009-03-18,25.25,37.5,25.0,36.0,36.0,190400.0,HOV
2009-03-18,0.75,0.8999999761581421,0.6700000166893005,0.8999999761581421,0.8999999761581421,4600.0,HOVNP
2009-03-18,23.1200008392334,23.70000076293945,21.799999237060547,23.190000534057614,16.465787887573242,3100500.0,HP
2009-03-18,9.479999542236328,10.239999771118164,9.270000457763672,9.890000343322754,4.0436415672302255,77600.0,HPF
2009-03-18,9.1899995803833,9.75,9.109999656677246,9.6899995803833,3.998491048812866,159000.0,HPI
2009-03-18,13.328791618347168,13.55131721496582,12.870118141174315,13.165304183959961,8.782958030700684,70603600.0,HPQ
2009-03-18,19.63999938964844,21.11000061035156,19.32999992370605,20.899999618530273,20.899999618530273,916300.0,HPR
2009-03-18,8.020000457763674,8.569999694824219,7.789999961853027,8.340000152587889,3.383477210998535,52300.0,HPS
2009-03-18,9.850000381469727,9.979999542236328,9.600000381469727,9.899999618530273,4.12659215927124,50000.0,HQH
2009-03-18,1.7999999523162842,1.7999999523162842,1.7999999523162842,1.7999999523162842,1.7999999523162842,0.0,HQI
2009-03-18,7.8400001525878915,7.860000133514403,7.670000076293945,7.760000228881836,3.16587233543396,61300.0,HQL
2009-03-18,14.31999969482422,15.260000228881836,14.0600004196167,15.18000030517578,8.857562065124512,2467400.0,HR
2009-03-18,18.84000015258789,19.520000457763672,18.36000061035156,19.43000030517578,12.945597648620605,3367400.0,HRB
2009-03-18,9.489999771118164,9.84000015258789,9.40999984741211,9.770000457763672,8.484525680541992,401500.0,HRC
2009-03-18,7.860000133514403,9.0600004196167,7.829999923706055,8.90999984741211,8.90999984741211,277100.0,HRI
2009-03-18,7.670000076293945,7.809999942779541,7.637499809265138,7.7249999046325675,4.98566484451294,2306000.0,HRL
2009-03-18,30.0,40.0,30.0,40.0,40.0,100.0,HROW
2009-03-18,12.399999618530273,12.399999618530273,11.0,11.0,11.0,700.0,HRTX
2009-03-18,26.76000022888184,28.459999084472656,26.21999931335449,28.28000068664551,15.947795867919922,6784100.0,HSBC
2009-03-18,21.030000686645508,21.770000457763672,20.209999084472656,21.709999084472656,16.748746871948242,940000.0,HSC
2009-03-18,14.89411735534668,15.352941513061525,14.784314155578613,15.01568603515625,15.01568603515625,2832000.0,HSIC
2009-03-18,13.9399995803833,15.149999618530273,13.9399995803833,15.0600004196167,11.43106174468994,175100.0,HSII
2009-03-18,2.400000095367432,2.5,2.299999952316284,2.5,2.4294912815093994,1800.0,HSKA
2009-03-18,9.800000190734863,10.5,9.0,9.300000190734863,8.92575740814209,16000.0,HSON
2009-03-18,4.395496845245361,5.002447605133057,4.229074954986571,4.884973049163818,3.5203099250793457,23562400.0,HST
2009-03-18,1.940000057220459,2.049999952316284,1.830000042915344,2.0,1.9184006452560425,13500.0,HSTM
2009-03-18,34.939998626708984,35.689998626708984,34.40999984741211,35.20000076293945,26.910675048828125,2207200.0,HSY
2009-03-18,6.0,6.199999809265138,5.960000038146973,6.0,3.742908000946045,69100.0,HT
2009-03-18,5.099999904632568,6.260000228881836,4.5,6.179999828338622,5.03669023513794,37200.0,HTBK
2009-03-18,6.710000038146973,7.050000190734862,6.619999885559082,7.03000020980835,3.064550876617432,164100.0,HTD
2009-03-18,4.199999809265137,4.300000190734863,4.070000171661377,4.300000190734863,1.6813524961471558,169700.0,HTGC
2009-03-18,11.529999732971193,11.75,11.3100004196167,11.539999961853027,11.046207427978516,589700.0,HTH
2009-03-18,14.06999969482422,14.449999809265135,13.81999969482422,14.34000015258789,11.844732284545898,852300.0,HTLD
2009-03-18,12.300000190734865,13.899999618530273,12.300000190734865,13.699999809265135,11.322137832641602,23600.0,HTLF
2009-03-18,9.4399995803833,9.529999732971193,9.18000030517578,9.529999732971193,2.973052263259888,21200.0,HTY
2009-03-18,2.619999885559082,3.0199999809265137,2.609999895095825,2.970000028610229,2.970000028610229,831500.0,HTZ
2009-03-18,25.82999992370605,27.60000038146973,25.06999969482422,27.18000030517578,20.777341842651367,461100.0,HUBB
2009-03-18,17.639999389648438,18.229999542236328,16.870000839233402,18.229999542236328,18.229999542236328,603100.0,HUBG
2009-03-18,25.229999542236328,27.459999084472656,24.959999084472656,26.36000061035156,24.33165740966797,4994900.0,HUM
2009-03-18,3.0499999523162837,3.190000057220459,2.900000095367432,3.190000057220459,2.3141064643859863,4544100.0,HUN
2009-03-18,10.800000190734863,11.470000267028807,10.4399995803833,11.0,10.183266639709473,63700.0,HURC
2009-03-18,39.88999938964844,41.209999084472656,38.75,40.93999862670898,40.93999862670898,258400.0,HURN
2009-03-18,2.3299999237060547,2.390000104904175,2.200000047683716,2.369999885559082,2.3249361515045166,79900.0,HUSA
2009-03-18,8.399999618530272,9.079999923706056,8.300000190734862,9.020000457763672,7.388384819030763,90500.0,HVT
2009-03-18,9.032979011535645,10.72614860534668,9.024759292602539,9.024759292602539,7.227761268615723,1000.0,HWBK
2009-03-18,29.809999465942386,31.76000022888184,29.51000022888184,31.559999465942386,22.98339080810547,361400.0,HWC
2009-03-18,5.309999942779541,6.019999980926514,5.289999961853027,6.019999980926514,4.625123023986816,113000.0,HWCC
2009-03-18,14.550000190734865,14.5600004196167,13.510000228881836,14.5600004196167,11.614262580871582,4900.0,HWKN
2009-03-18,6.300000190734862,6.539999961853027,6.0,6.389999866485597,6.087359428405763,1077800.0,HXL
2009-03-18,4.8400001525878915,4.9099998474121085,4.78000020980835,4.9099998474121085,1.8028981685638428,34100.0,HYB
2009-03-18,6.139999866485597,6.300000190734862,6.0999999046325675,6.300000190734862,2.374072790145874,100100.0,HYT
2009-03-18,1.7899999618530271,1.950000047683716,1.690000057220459,1.870000004768372,1.870000004768372,132500.0,HZO
2009-03-18,0.5,0.5,0.5,0.5,0.5,12401522.0,IAA
2009-03-18,15.0,15.109999656677244,14.6899995803833,14.899999618530273,13.817131996154785,2483000.0,IAC
2009-03-18,10.420000076293944,10.699999809265137,10.34000015258789,10.699999809265137,3.4366240501403813,30000.0,IAE
2009-03-18,6.510000228881836,6.6500000953674325,6.309999942779541,6.619999885559082,1.951548457145691,47300.0,IAF
2009-03-18,6.8400001525878915,7.730000019073486,6.769999980926514,7.670000076293945,7.025435447692871,4031900.0,IAG
2009-03-18,11.024999618530273,11.354999542236328,10.859999656677246,11.225000381469727,11.225000381469727,468200.0,IART
2009-03-18,10.289999961853027,11.239999771118164,10.289999961853027,11.0,8.96957015991211,47600.0,IBA
2009-03-18,3.0999999046325684,3.0999999046325684,3.0999999046325684,3.0999999046325684,3.0999999046325684,0.0,IBIO
2009-03-18,46.2400016784668,47.61000061035156,45.4000015258789,47.56999969482422,36.26252746582031,358200.0,IBKC
2009-03-18,15.130000114440918,15.40999984741211,14.779999732971193,15.399999618530273,12.235106468200685,849300.0,IBKR
2009-03-18,89.45999908447266,92.9000015258789,89.41000366210938,91.9499969482422,65.69312286376953,17954300.0,IBM
2009-03-18,2.3636362552642822,2.5309090614318848,2.298181772232056,2.525454521179199,1.38868510723114,30451800.0,IBN
2009-03-18,8.710000038146973,8.9399995803833,8.100000381469728,8.75,6.761361598968506,1468500.0,IBOC
2009-03-18,4.349999904632568,4.349999904632568,3.650000095367432,4.199999809265137,4.199999809265137,20100.0,ICAD
2009-03-18,2.0,2.0,1.950000047683716,2.0,2.0,1900.0,ICCC
2009-03-18,14.204000473022461,15.675999641418455,14.045999526977539,15.552000045776367,12.18556022644043,19800500.0,ICE
2009-03-18,23.88999938964844,24.0,23.38999938964844,23.670000076293945,23.26270294189453,130200.0,ICFI
2009-03-18,7.75,7.75,7.75,7.75,1.83111584186554,1200.0,ICL
2009-03-18,17.200000762939453,17.309999465942386,17.020000457763672,17.15999984741211,17.15999984741211,343300.0,ICLR
2009-03-18,80.5,82.80000305175781,79.0999984741211,82.0999984741211,82.0999984741211,104100.0,ICON
2009-03-18,29.86000061035156,31.15999984741211,29.440000534057614,30.84000015258789,30.84000015258789,114700.0,ICUI
2009-03-18,23.10000038146973,23.93000030517578,22.729999542236328,23.8799991607666,17.048458099365234,496900.0,IDA
2009-03-18,23.479999542236328,24.270000457763672,23.32999992370605,24.149999618530273,20.241065979003906,1271400.0,IDCC
2009-03-18,11.25,11.25,11.25,11.25,11.25,0.0,IDEX
2009-03-18,8.640000343322754,9.199999809265137,8.640000343322754,9.199999809265137,9.199999809265137,500.0,IDN
2009-03-18,51.599998474121094,62.31999969482422,51.599998474121094,55.84000015258789,55.84000015258789,14800.0,IDRA
2009-03-18,1.1411665678024292,1.1411665678024292,1.0143702030181885,1.0397294759750366,0.3898116648197174,97300.0,IDT
2009-03-18,324.0,332.0,306.0,307.0,307.0,300.0,IDXG
2009-03-18,16.450000762939453,17.204999923706055,16.385000228881836,16.979999542236328,16.979999542236328,618400.0,IDXX
2009-03-18,1.2999999523162842,1.2999999523162842,1.2999999523162842,1.2999999523162842,1.2999999523162842,0.0,IEC
2009-03-18,25.04099082946777,26.10097694396973,23.65036392211914,25.964832305908203,12.473949432373047,14200.0,IEP
2009-03-18,8.489999771118164,8.590000152587889,7.730000019073486,8.010000228881836,8.010000228881836,51700.0,IESC
2009-03-18,19.899999618530273,21.1299991607666,19.489999771118164,20.940000534057614,17.61164093017578,830200.0,IEX
2009-03-18,28.770000457763672,29.239999771118164,28.01000022888184,29.10000038146973,23.19155120849609,651600.0,IFF
2009-03-18,14.710000038146973,15.270000457763672,14.710000038146973,15.199999809265135,5.497611999511719,394400.0,IFN
2009-03-18,10.800000190734863,11.149999618530273,10.670000076293944,10.899999618530273,3.5948331356048584,82000.0,IGA
2009-03-18,5.0,5.0,4.5,4.800000190734863,4.800000190734863,700.0,IGC
2009-03-18,8.569999694824219,8.920000076293945,8.489999771118164,8.869999885559082,2.5459153652191158,362600.0,IGD
2009-03-18,3.0799999237060547,3.25,3.0,3.1700000762939453,1.3666199445724487,375000.0,IGR
2009-03-18,9.359999656677246,10.029999732971193,9.15999984741211,9.880000114440918,6.105470180511475,3883500.0,IGT
2009-03-18,4.96999979019165,5.0,4.559999942779541,4.800000190734863,4.449471950531006,18000.0,IHC
2009-03-18,10.955610275268556,11.415929794311525,10.817514419555664,11.354554176330565,7.3219032287597665,85800.0,IHG
2009-03-18,1.3899999856948853,1.5299999713897705,1.350000023841858,1.350000023841858,1.2375521659851074,2200.0,IHT
2009-03-18,8.119999885559082,8.489999771118164,8.119999885559082,8.460000038146973,2.682755947113037,31500.0,IID
2009-03-18,11.489999771118164,11.859999656677244,11.329999923706055,11.729999542236328,6.389073848724365,259100.0,IIF
2009-03-18,2.8299999237060547,2.900000095367432,2.8299999237060547,2.8299999237060547,2.3556549549102783,20300.0,III
2009-03-18,6.1599998474121085,6.489999771118164,5.920000076293945,6.369999885559082,5.152499198913574,176900.0,IIIN
2009-03-18,11.609999656677244,11.729999542236328,11.479999542236328,11.6899995803833,6.360121726989746,36200.0,IIM
2009-03-18,3.150000095367432,3.3499999046325684,3.150000095367432,3.1700000762939453,3.1700000762939453,1200.0,IIN
2009-03-18,8.475000381469728,8.720000267028809,8.284999847412111,8.510000228881836,8.510000228881836,674800.0,IIVI
2009-03-18,4.25,4.25,4.25,4.25,3.7829670906066895,0.0,IKNX
2009-03-18,35.689998626708984,36.81999969482422,35.61999893188477,36.349998474121094,36.349998474121094,1291700.0,ILMN
2009-03-18,4.429999828338623,4.429999828338623,4.309999942779541,4.329999923706056,4.329999923706056,79800.0,IMAX
2009-03-18,4.199999809265137,4.5,3.900000095367432,4.199999809265137,4.199999809265137,31500.0,IMBI
2009-03-18,6.360000133514403,6.949999809265138,6.309999942779541,6.739999771118164,6.739999771118164,602300.0,IMGN
2009-03-18,0.17000000178813934,0.23000000417232516,0.17000000178813934,0.23000000417232516,0.23000000417232516,11600.0,IMH
2009-03-18,14.4399995803833,15.25,14.420000076293945,14.979999542236328,10.525691032409668,42800.0,IMKTA
2009-03-18,3.1600000858306885,3.1600000858306885,2.9800000190734863,3.039999961853028,3.039999961853028,216200.0,IMMR
2009-03-18,0.9800000190734864,1.0,0.9300000071525574,0.9700000286102296,0.9700000286102296,237400.0,IMMU
2009-03-18,33.43000030517578,34.330001831054695,32.700000762939446,33.810001373291016,28.20816993713379,774100.0,IMO
2009-03-18,1.0103399753570557,1.0851800441741943,0.9729200005531312,1.0851800441741943,0.6674553751945496,8100.0,IMOS
2009-03-18,5.653333187103272,5.653333187103272,5.653333187103272,5.653333187103272,5.168579578399658,0.0,INBK
2009-03-18,2.2300000190734863,2.390000104904175,2.190000057220459,2.3499999046325684,2.3499999046325684,897800.0,INCY
2009-03-18,14.270000457763672,16.319999694824222,14.270000457763672,16.200000762939453,12.074766159057615,99100.0,INDB
2009-03-18,8.550000190734862,8.609999656677246,8.140000343322754,8.609999656677246,8.609999656677246,45400.0,INFI
2009-03-18,7.480000019073486,7.989999771118164,7.480000019073486,7.960000038146973,7.960000038146973,575800.0,INFN
2009-03-18,2.25,2.25,2.25,2.25,2.25,0.0,INFU
2009-03-18,3.1375000476837163,3.307499885559082,3.1375000476837163,3.275000095367432,1.121872067451477,24007200.0,INFY
2009-03-18,4.670000076293945,5.25,4.510000228881836,5.03000020980835,3.971236944198608,2515200.0,ING
2009-03-18,18.799999237060547,19.56999969482422,18.790000915527344,19.020000457763672,15.179949760437012,809700.0,INGR
2009-03-18,6.4000000953674325,6.519999980926514,5.720099925994872,5.720099925994872,5.720099925994872,184012.0,INMD
2009-03-18,1.399999976158142,1.399999976158142,1.1200000047683716,1.1599999666213991,1.1599999666213991,28500.0,INO
2009-03-18,3.2300000190734863,3.380000114440918,3.2300000190734863,3.3399999141693115,3.3399999141693115,20300.0,INOD
2009-03-18,0.6399999856948853,0.6399999856948853,0.550000011920929,0.5799999833106995,0.5209883451461792,43700.0,INS
2009-03-18,5.440000057220459,5.800000190734862,5.429999828338623,5.800000190734862,5.800000190734862,384400.0,INSG
2009-03-18,14.0,14.199999809265135,13.65999984741211,14.0,7.489541053771973,16400.0,INSI
2009-03-18,9.399999618530273,9.5,9.199999809265137,9.199999809265137,9.199999809265137,32100.0,INSM
2009-03-18,15.005000114440918,15.479999542236328,14.649999618530273,15.1850004196167,14.150446891784668,2332800.0,INT
2009-03-18,14.899999618530273,15.40999984741211,14.720000267028807,15.239999771118164,10.875343322753906,91361600.0,INTC
2009-03-18,9.100000381469727,10.0,9.100000381469727,9.510000228881836,9.510000228881836,1100.0,INTG
2009-03-18,9.170000076293944,10.640000343322754,9.0600004196167,10.600000381469727,10.600000381469727,30300.0,INTL
2009-03-18,0.14000000059604645,0.1899999976158142,0.14000000059604645,0.1899999976158142,0.18371900916099548,5200.0,INTT
2009-03-18,25.70000076293945,26.989999771118164,25.59000015258789,26.690000534057614,24.377220153808594,6167600.0,INTU
2009-03-18,1.6000000238418581,1.7000000476837158,1.5,1.5,1.5,30900.0,INUV
2009-03-18,10.838033676147461,11.61160373687744,10.838033676147461,11.281225204467773,10.50330924987793,303100.0,INVA
2009-03-18,26.399999618530273,27.5,25.79999923706055,27.5,27.5,0.0,INVE
2009-03-18,3.140000104904175,4.110000133514403,3.140000104904175,4.0,4.0,184500.0,INWK
2009-03-18,24.60000038146973,24.60000038146973,21.600000381469727,24.0,24.0,60400.0,IO
2009-03-18,13.470000267028807,14.289999961853027,13.25,13.890000343322756,13.890000343322756,861600.0,IONS
2009-03-18,5.199999809265137,5.199999809265137,5.199999809265137,5.199999809265137,5.199999809265137,0.0,IOR
2009-03-18,3.7000000476837163,4.190000057220459,3.650000095367432,4.190000057220459,3.615626335144043,61300.0,IOSP
2009-03-18,7.218935012817383,7.712031364440918,6.893491268157959,7.662722110748291,5.369920253753662,12833300.0,IP
2009-03-18,5.139999866485597,5.28000020980835,4.949999809265137,5.260000228881836,4.268185615539552,71200.0,IPAR
2009-03-18,4.0,4.239999771118163,3.900000095367432,4.2100000381469735,3.2459826469421387,7946000.0,IPG
2009-03-18,8.0,8.210000038146973,7.8400001525878915,8.199999809265138,8.199999809265138,161800.0,IPGP
2009-03-18,15.640000343322756,15.979999542236328,15.300000190734865,15.899999618530273,15.372577667236328,1731600.0,IPI
2009-03-18,9.800000190734863,9.8100004196167,9.59000015258789,9.779999732971193,4.963247299194336,59600.0,IQI
2009-03-18,11.309904098510742,11.813098907470705,10.84664535522461,11.677316665649414,9.287747383117676,6975000.0,IR
2009-03-18,8.130000114440918,8.949999809265137,8.090000152587889,8.770000457763674,8.770000457763674,81500.0,IRBT
2009-03-18,5.5,5.5,4.019999980926514,4.019999980926514,1.846051812171936,1300.0,IRCP
2009-03-18,9.390000343322754,9.40999984741211,9.359999656677246,9.369999885559082,9.369999885559082,378900.0,IRDM
2009-03-18,99.8000030517578,99.9000015258789,96.0,99.9000015258789,87.61454772949219,28200.0,IRET
2009-03-18,0.8000000119209291,0.8299999833106995,0.8000000119209291,0.8100000023841858,0.8100000023841858,400.0,IRIX
2009-03-18,3.880000114440918,3.9800000190734863,3.829999923706055,3.9700000286102295,2.411251783370972,23300.0,IRL
2009-03-18,18.94639587402344,20.073936462402344,18.79852104187012,19.787429809570312,10.121728897094727,2241200.0,IRM
2009-03-18,12.899999618530273,13.0,12.649999618530273,12.970000267028807,3.828577041625977,60100.0,IRR
2009-03-18,3.7699999809265137,3.7699999809265137,3.670000076293945,3.7200000286102295,2.4218759536743164,3900.0,IRS
2009-03-18,3.2051784992218018,3.4601805210113525,3.1620242595672607,3.4562573432922363,2.93537712097168,1118700.0,ISBC
2009-03-18,0.10000000149011612,0.10000000149011612,0.10000000149011612,0.10000000149011612,0.08778257668018341,0.0,ISDR
2009-03-18,1.8899999856948853,2.0799999237060547,1.8799999952316284,2.009999990463257,1.04351806640625,20700.0,ISIG
2009-03-18,7.610000133514403,7.619999885559082,7.610000133514403,7.610000133514403,7.610000133514403,300.0,ISNS
2009-03-18,0.20999999344348907,0.2199999988079071,0.15000000596046448,0.2199999988079071,0.2199999988079071,68600.0,ISR
2009-03-18,33.91666793823242,34.733333587646484,33.036666870117195,33.93666839599609,33.93666839599609,5866800.0,ISRG
2009-03-18,3.9700000286102295,4.110000133514403,3.9500000476837163,4.110000133514403,2.864545583724976,26500.0,ISSC
2009-03-18,9.720000267028807,9.979999542236328,9.460000038146973,9.920000076293944,9.920000076293944,388400.0,IT
2009-03-18,6.0,6.131999969482423,6.0,6.131999969482423,2.2306716442108154,600.0,ITCB
2009-03-18,19.170000076293945,19.920000076293945,19.01000022888184,19.489999771118164,19.489999771118164,183000.0,ITGR
2009-03-18,1.0900000333786009,1.190000057220459,1.0900000333786009,1.190000057220459,1.190000057220459,36700.0,ITI
2009-03-18,23.5,25.75,23.5,25.75,21.13695526123047,4500.0,ITIC
2009-03-18,0.239999994635582,0.239999994635582,0.239999994635582,0.239999994635582,0.23332320153713226,0.0,ITP
2009-03-18,44.599998474121094,45.77999877929688,43.27999877929688,45.0099983215332,45.0099983215332,784600.0,ITRI
2009-03-18,6.940000057220459,7.050000190734862,6.730000019073486,6.949999809265138,-0.2001526653766632,19800.0,ITRN
2009-03-18,12.478108406066895,13.16120433807373,12.37862777709961,12.958928108215332,10.04037857055664,9156500.0,ITT
2009-03-18,5.444528102874756,5.735036373138428,5.274230003356934,5.6949663162231445,3.770653963088989,20929500.0,ITUB
2009-03-18,27.09000015258789,28.10000038146973,26.6299991607666,27.85000038146973,21.05691909790039,5292300.0,ITW
2009-03-18,5.349999904632568,5.5900001525878915,5.239999771118164,5.579999923706055,5.579999923706055,78600.0,IVAC
2009-03-18,15.25,15.489999771118164,15.010000228881836,15.25,14.64047145843506,205000.0,IVC
2009-03-18,12.210000038146973,13.229999542236328,11.710000038146973,13.229999542236328,8.845297813415527,6894100.0,IVZ
2009-03-18,15.0,15.960000038146973,14.520000457763672,15.850000381469727,12.57083797454834,135600.0,IX
2009-03-18,41.47000122070313,41.61999893188477,38.349998474121094,40.31999969482422,39.11177444458008,4448800.0,J
2009-03-18,21.149999618530273,22.979999542236328,21.01000022888184,22.61000061035156,20.508747100830078,1041500.0,JACK
2009-03-18,11.529999732971193,12.239999771118164,11.289999961853027,12.020000457763672,11.42227840423584,280800.0,JAKK
2009-03-18,6.5,7.699999809265138,6.0,6.75,6.75,4400.0,JAN
2009-03-18,1.0,1.0,0.8999999761581421,0.959999978542328,0.959999978542328,8600.0,JAZZ
2009-03-18,23.11000061035156,23.84000015258789,22.3799991607666,23.43000030517578,20.826679229736328,2484400.0,JBHT
2009-03-18,10.859999656677246,11.09000015258789,10.3100004196167,11.09000015258789,5.443739891052246,1500.0,JBK
2009-03-18,4.139999866485597,4.440000057220459,4.0300002098083505,4.260000228881837,3.581105947494507,3152000.0,JBL
2009-03-18,4.050000190734863,4.3400001525878915,3.9700000286102295,4.239999771118163,4.239999771118163,5787600.0,JBLU
2009-03-18,10.510000228881836,10.8100004196167,10.40999984741211,10.8100004196167,3.256509065628052,1600.0,JBN
2009-03-18,11.210000038146973,11.239999771118164,11.119999885559082,11.1899995803833,4.188368320465088,2200.0,JBR
2009-03-18,5.119999885559082,5.329999923706055,5.110000133514403,5.289999961853027,3.5359079837799072,16700.0,JBSS
2009-03-18,10.65999984741211,10.699999809265137,10.010000228881836,10.390000343322754,9.207045555114746,302000.0,JBT
2009-03-18,8.109999656677246,8.340000152587889,7.980000019073486,8.279999732971191,2.5841052532196045,26600.0,JCE
2009-03-18,10.275135040283203,10.712374687194824,10.129388809204102,10.566628456115724,6.022765159606934,23972600.0,JCI
2009-03-18,19.850000381469727,19.850000381469727,18.229999542236328,18.6200008392334,15.493852615356445,716900.0,JCOM
2009-03-18,16.549999237060547,18.440000534057614,16.5,17.959999084472656,16.43893814086914,6908000.0,JCP
2009-03-18,7.4099998474121085,8.170000076293945,7.260000228881836,8.050000190734862,4.749504566192627,5600.0,JCS
2009-03-18,1.2000000476837158,1.2000000476837158,1.2000000476837158,1.2000000476837158,1.2000000476837158,0.0,JCTCF
2009-03-18,4.949999809265137,5.099999904632568,4.820000171661377,5.050000190734863,1.8405016660690308,114200.0,JDD
2009-03-18,8.380000114440918,8.609999656677246,8.380000114440918,8.609999656677246,3.5771148204803467,1100.0,JE
2009-03-18,12.207841873168945,12.727518081665039,11.806687355041506,12.545175552368164,10.79397201538086,3662500.0,JEF
2009-03-18,3.9700000286102295,4.099999904632568,3.880000114440918,4.0900001525878915,2.932092428207397,43900.0,JEQ
2009-03-18,5.6599998474121085,5.829999923706055,5.630000114440918,5.699999809265138,2.6478917598724365,129400.0,JFR
2009-03-18,3.4200000762939453,3.4200000762939453,3.3299999237060547,3.3299999237060547,3.3299999237060547,806.0,JG
2009-03-18,12.789999961853027,13.020000457763672,12.68000030517578,13.020000457763672,5.106073379516602,14800.0,JHI
2009-03-18,9.850000381469727,9.920000076293944,9.739999771118164,9.920000076293944,4.8105125427246085,12100.0,JHS
2009-03-18,2.4719998836517334,2.4719998836517334,2.4719998836517334,2.4719998836517334,0.9011208415031432,0.0,JHX
2009-03-18,37.72999954223633,37.79999923706055,37.34000015258789,37.59000015258789,37.59000015258789,15900.0,JJA
2009-03-18,23.979999542236328,24.649999618530273,23.70000076293945,24.6299991607666,24.6299991607666,55200.0,JJC
2009-03-18,22.31999969482422,22.31999969482422,22.100000381469727,22.21999931335449,22.21999931335449,4700.0,JJE
2009-03-18,38.310001373291016,38.310001373291016,37.810001373291016,37.810001373291016,37.810001373291016,30600.0,JJG
2009-03-18,22.459999084472656,22.81999969482422,22.280000686645508,22.809999465942386,22.809999465942386,14700.0,JJM
2009-03-18,14.93000030517578,14.9399995803833,14.93000030517578,14.9399995803833,14.9399995803833,600.0,JJN
2009-03-18,46.540000915527344,48.5099983215332,45.5,48.5099983215332,48.5099983215332,6900.0,JJP
2009-03-18,34.459999084472656,34.459999084472656,34.459999084472656,34.459999084472656,34.459999084472656,0.0,JJS
2009-03-18,33.790000915527344,34.689998626708984,33.220001220703125,34.18000030517578,30.01757621765137,73700.0,JJSF
2009-03-18,25.229999542236328,25.229999542236328,25.229999542236328,25.229999542236328,25.229999542236328,0.0,JJT
2009-03-18,20.65999984741211,20.65999984741211,20.65999984741211,20.65999984741211,20.65999984741211,500.0,JJU
2009-03-18,15.029999732971193,16.469999313354492,15.0,16.350000381469727,14.09210205078125,618300.0,JKHY
2009-03-18,19.520000457763672,21.299999237060547,19.100000381469727,21.299999237060547,20.149904251098636,1044800.0,JLL
2009-03-18,5.71999979019165,6.050000190734862,5.550000190734863,6.050000190734862,2.849126100540161,12600.0,JMM
2009-03-18,4.110000133514403,4.400000095367432,4.070000171661377,4.300000190734863,2.834014177322388,32700.0,JMP
2009-03-18,50.68999862670898,51.58000183105469,50.25,50.65999984741211,36.33253860473633,16730400.0,JNJ
2009-03-18,15.149999618530273,16.030000686645508,15.100000381469727,15.550000190734865,13.79442024230957,16486300.0,JNPR
2009-03-18,34.900001525878906,34.939998626708984,34.709999084472656,34.939998626708984,34.939998626708984,2500.0,JO
2009-03-18,3.900000095367432,4.400000095367432,3.900000095367432,4.199999809265137,4.199999809265137,500.0,JOB
2009-03-18,3.0999999046325684,3.4249999523162837,3.0999999046325684,3.414999961853028,3.414999961853028,13800.0,JOBS
2009-03-18,15.460000038146973,15.9399995803833,15.4399995803833,15.84000015258789,15.84000015258789,7128800.0,JOE
2009-03-18,5.789999961853027,6.079999923706055,5.789999961853027,6.039999961853027,3.1298975944519043,108900.0,JOF
2009-03-18,5.1599998474121085,5.309999942779541,5.1599998474121085,5.300000190734863,4.966667175292969,1500.0,JOUT
2009-03-18,3.1800000667572017,3.4600000381469727,3.1800000667572017,3.380000114440918,1.361897110939026,304800.0,JPC
2009-03-18,24.81999969482422,27.32999992370605,24.18000030517578,27.11000061035156,20.938703536987305,142105800.0,JPM
2009-03-18,3.650000095367432,3.880000114440918,3.5499999523162837,3.740000009536743,1.5569252967834473,237800.0,JPS
2009-03-18,3.4200000762939453,3.690000057220459,3.369999885559082,3.539999961853028,1.3636995553970337,496300.0,JQC
2009-03-18,95.3000030517578,99.5,93.0999984741211,96.8000030517578,96.8000030517578,8700.0,JRJC
2009-03-18,5.079999923706055,5.210000038146973,5.079999923706055,5.130000114440918,2.2791552543640137,71500.0,JRO
2009-03-18,3.2000000476837163,3.5199999809265137,3.1800000667572017,3.5,1.3313966989517212,59500.0,JRS
2009-03-18,9.0,9.31999969482422,8.649999618530272,9.1899995803833,4.0837440490722665,20700.0,JSM
2009-03-18,5.809999942779541,6.230000019073486,5.809999942779541,6.110000133514403,2.422082662582397,40800.0,JTA
2009-03-18,6.519999980926514,6.789999961853027,6.429999828338622,6.789999961853027,2.757704973220825,40900.0,JTD
2009-03-18,0.8999999761581421,1.0,0.8999999761581421,1.0,0.9468504190444946,500.0,JVA
2009-03-18,15.380000114440918,15.989999771118164,14.789999961853027,15.539999961853027,10.881443977355957,9405100.0,JWN
2009-03-18,37.13999938964844,37.25,36.36999893188477,37.0099983215332,26.198060989379886,4451800.0,K
2009-03-18,9.010000228881836,10.100000381469727,8.699999809265138,9.899999618530273,9.031638145446776,62500.0,KAI
2009-03-18,18.21999931335449,18.950000762939453,17.719999313354492,18.90999984741211,14.795450210571287,267100.0,KALU
2009-03-18,11.6899995803833,12.699999809265135,11.6899995803833,12.399999618530273,10.093929290771484,186600.0,KAMN
2009-03-18,23.399999618530273,25.04999923706055,22.899999618530273,24.79999923706055,21.15610885620117,1203100.0,KB
2009-03-18,4.668228149414063,5.074160575866699,4.644808769226074,5.074160575866699,3.9423654079437256,140900.0,KBAL
2009-03-18,11.020000457763672,12.75,10.59000015258789,12.279999732971193,10.948731422424316,7764200.0,KBH
2009-03-18,14.40999984741211,14.779999732971193,13.920000076293945,14.539999961853027,12.507067680358887,2088800.0,KBR
2009-03-18,14.75,15.279999732971193,14.510000228881836,15.079999923706055,1.8410764932632449,1485600.0,KDP
2009-03-18,8.069999694824219,8.569999694824219,7.960000038146973,8.529999732971191,7.63372802734375,338200.0,KELYA
2009-03-18,12.5,12.5,12.5,12.5,11.189866065979004,0.0,KELYB
2009-03-18,0.41999998688697815,0.41999998688697815,0.33000001311302185,0.36000001430511475,0.35617899894714355,156000.0,KEM
2009-03-18,9.279999732971193,9.869999885559082,9.1899995803833,9.850000381469727,8.504622459411621,2001200.0,KEP
2009-03-18,8.439999580383299,8.739999771118164,8.149999618530272,8.149999618530272,5.8627381324768075,7700.0,KEQU
2009-03-18,25.479999542236328,26.38999938964844,24.60000038146973,26.11000061035156,26.11000061035156,496800.0,KEX
2009-03-18,8.010000228881836,9.199999809265137,7.5999999046325675,8.989999771118164,7.048067092895508,16273200.0,KEY
2009-03-18,20.729999542236328,21.770000457763672,20.540000915527344,21.770000457763672,12.416671752929688,72500.0,KF
2009-03-18,10.25,10.25,10.149999618530273,10.149999618530273,6.010263919830322,600.0,KFFB
2009-03-18,6.8499999046325675,6.8499999046325675,6.4099998474121085,6.699999809265138,5.424501895904541,224500.0,KFRC
2009-03-18,8.720000267028809,8.760000228881836,7.320000171661378,8.279999732971191,8.237778663635254,14300.0,KFS
2009-03-18,8.090000152587889,8.350000381469728,7.769999980926514,8.159999847412111,7.679202079772949,454600.0,KFY
2009-03-18,15.579999923706055,17.450000762939453,15.079999923706055,17.360000610351562,16.632585525512695,11763800.0,KGC
2009-03-18,0.10000000149011612,0.10000000149011612,0.10000000149011612,0.10000000149011612,0.0937984511256218,100.0,KGJI
2009-03-18,8.270000457763674,9.260000228881836,7.9099998474121085,9.109999656677246,4.87492036819458,10995000.0,KIM
2009-03-18,0.3400000035762787,0.3400000035762787,0.03999999910593033,0.03999999910593033,0.0314285084605217,400.0,KINS
2009-03-18,0.07000000029802322,0.07000000029802322,0.07000000029802322,0.07000000029802322,0.06932086497545242,0.0,KIQ
2009-03-18,3.0799999237060547,3.2300000190734863,3.0499999523162837,3.119999885559082,2.944915771484375,32600.0,KIRK
2009-03-18,5.800000190734862,6.0,5.360000133514403,5.949999809265138,5.847359657287598,182710.0,KL
2009-03-18,19.68000030517578,20.76000022888184,19.200000762939453,20.5,12.208860397338867,7438000.0,KLAC
2009-03-18,1.7599999904632568,1.7999999523162842,1.6200000047683716,1.75,1.677074909210205,306500.0,KLIC
2009-03-18,44.75551223754883,45.86769104003906,44.42953109741211,45.100669860839844,30.488468170166016,2976300.0,KMB
2009-03-18,11.920000076293945,12.84000015258789,11.630000114440918,12.84000015258789,9.440688133239746,816900.0,KMPR
2009-03-18,15.699999809265135,16.219999313354492,15.18000030517578,16.069999694824222,12.858293533325195,1126800.0,KMT
2009-03-18,11.699999809265135,12.220000267028807,11.380000114440918,12.18000030517578,12.18000030517578,5285600.0,KMX
2009-03-18,0.5699999928474426,0.8199999928474426,0.4900000095367432,0.6000000238418579,0.6000000238418579,7500.0,KNDI
2009-03-18,6.25,6.579999923706055,6.019999980926514,6.4099998474121085,4.863973140716553,358300.0,KNL
2009-03-18,14.449999809265135,14.869999885559082,14.0,14.630000114440918,13.048812866210938,1792100.0,KNX
2009-03-18,20.649999618530273,21.125,20.5,20.825000762939453,13.431632995605467,28792800.0,KO
2009-03-18,33.34999847412109,33.810001373291016,32.189998626708984,33.439998626708984,25.89050483703613,348300.0,KOF
2009-03-18,12.470000267028807,13.0600004196167,11.989999771118164,12.890000343322756,10.970824241638184,350100.0,KOP
2009-03-18,1.7599999904632568,1.8999999761581419,1.7000000476837158,1.8999999761581419,1.8999999761581419,387000.0,KOPN
2009-03-18,5.489999771118164,5.625,5.489999771118164,5.625,4.391977310180663,600.0,KOSS
2009-03-18,10.550000190734863,10.734999656677246,10.390000343322754,10.635000228881836,7.879513740539551,13239800.0,KR
2009-03-18,18.350000381469727,19.809999465942386,17.760000228881836,19.670000076293945,13.751769065856935,1540800.0,KRC
2009-03-18,11.84000015258789,11.84000015258789,10.800000190734863,11.399999618530273,7.20548152923584,82600.0,KRG
2009-03-18,7.222544193267822,7.823819160461426,7.1863226890563965,7.722399234771728,6.702959537506104,65400.0,KRNY
2009-03-18,3.375,3.619999885559082,3.2300000190734863,3.3250000476837163,2.0899412631988525,39000.0,KRO
2009-03-18,9.020000457763672,9.130000114440918,9.010000228881836,9.06999969482422,4.478704929351807,9400.0,KSM
2009-03-18,39.38000106811523,42.18000030517578,39.02000045776367,41.09000015258789,28.49756622314453,10198600.0,KSS
2009-03-18,14.899999618530273,15.229999542236328,14.40999984741211,15.029999732971193,13.601802825927734,3182200.0,KSU
2009-03-18,13.5,14.0,13.399999618530273,13.960000038146973,10.202537536621094,1019900.0,KT
2009-03-18,4.158239841461182,4.158239841461182,4.101789951324463,4.120610237121582,3.930411815643311,14549128.0,KTB
2009-03-18,0.9700000286102296,0.9800000190734864,0.9700000286102296,0.9700000286102296,0.9700000286102296,5500.0,KTCC
2009-03-18,9.170000076293944,9.369999885559082,9.15999984741211,9.329999923706056,4.71753454208374,48200.0,KTF
2009-03-18,25.0,25.0,24.5,24.5,11.993789672851562,1600.0,KTH
2009-03-18,15.850000381469727,16.59000015258789,15.850000381469727,16.559999465942386,7.715342044830322,1900.0,KTN
2009-03-18,9.0,9.100000381469727,8.899999618530273,9.0,9.0,4500.0,KTOS
2009-03-18,13.609999656677244,13.609999656677244,12.579999923706055,13.300000190734865,4.1733078956603995,2300.0,KTP
2009-03-18,5.130000114440918,5.139999866485597,5.0,5.050000190734863,5.050000190734863,9900.0,KVHI
2009-03-18,9.420000076293944,9.43000030517578,9.420000076293944,9.420000076293944,7.407898426055907,100100.0,KW
2009-03-18,6.809999942779541,7.070000171661378,6.809999942779541,6.989999771118164,5.596817970275879,108700.0,KWR
2009-03-18,18.0,18.440000534057614,17.25,17.950000762939453,6.9472312927246085,91800.0,KYN
2009-03-18,9.348255157470703,12.179064750671387,8.821593284606934,10.796576499938963,10.796576499938963,12800.0,KZIA
2009-03-18,21.479999542236328,22.46999931335449,20.40999984741211,22.450000762939453,20.981590270996094,6354500.0,L
2009-03-18,2.200000047683716,2.200000047683716,2.200000047683716,2.200000047683716,2.200000047683716,0.0,LAC
2009-03-18,2.900000095367432,2.9500000476837163,2.789999961853028,2.900000095367432,2.573932409286499,141200.0,LAD
2009-03-18,5.119999885559082,5.309999942779541,5.03000020980835,5.099999904632568,5.099999904632568,101800.0,LAKE
2009-03-18,6.989999771118164,7.510000228881836,6.710000038146973,7.210000038146973,5.29838752746582,1312200.0,LAMR
2009-03-18,41.63999938964844,42.7400016784668,41.58000183105469,42.41999816894531,30.38264083862305,316700.0,LANC
2009-03-18,9.468982696533203,9.475750923156738,9.103489875793457,9.103489875793457,5.566456317901611,800.0,LARK
2009-03-18,14.40999984741211,14.75,13.510000228881836,14.020000457763672,12.952299118041992,24100.0,LAWS
2009-03-18,27.149999618530273,28.309999465942386,26.270000457763672,27.95000076293945,20.184778213500977,2203800.0,LAZ
2009-03-18,8.390000343322754,8.649999618530272,8.170000076293945,8.550000190734862,4.4642062187194815,7753700.0,LB
2009-03-18,6.1073317527771,6.591080665588379,5.925925731658936,6.591080665588379,4.839005470275879,55500.0,LBAI
2009-03-18,0.20999999344348907,0.20999999344348907,0.20999999344348907,0.20999999344348907,0.20086349546909327,0.0,LBC
2009-03-18,6.305569648742676,6.6223812103271475,6.101175308227539,6.535513401031494,6.535513401031494,8113100.0,LBTYA
2009-03-18,5.713552474975586,5.713552474975586,5.713552474975586,5.713552474975586,5.713552474975586,0.0,LBTYB
2009-03-18,5.84499979019165,6.2150001525878915,5.690000057220459,6.1500000953674325,6.1500000953674325,2196200.0,LBTYK
2009-03-18,1.0,1.0199999809265137,0.9800000190734864,1.0099999904632568,0.903286337852478,65700.0,LBY
2009-03-18,4.960000038146973,5.099999904632568,4.9099998474121085,4.9099998474121085,4.9099998474121085,13600.0,LCI
2009-03-18,8.699999809265138,8.8100004196167,8.199999809265138,8.560000419616701,6.326230525970459,200500.0,LCII
2009-03-18,8.5,8.5,8.5,8.5,5.248299598693848,0.0,LCNB
2009-03-18,2.220000028610229,2.25,2.1300001144409184,2.150000095367432,2.150000095367432,52900.0,LCTX
2009-03-18,1.0,1.3200000524520874,1.0,1.100000023841858,0.9878156185150146,246300.0,LCUT
2009-03-18,35.06999969482422,35.06999969482422,34.740001678466804,35.0,35.0,3300.0,LD
2009-03-18,2.359999895095825,2.390000104904175,2.240000009536743,2.380000114440918,2.380000114440918,90300.0,LDL
2009-03-18,43.8271598815918,44.41975402832031,43.30864334106445,43.87654495239258,24.90559387207031,962500.0,LDOS
2009-03-18,15.4350004196167,16.270000457763672,15.104999542236328,16.190000534057614,13.014122009277346,637800.0,LECO
2009-03-18,0.33000001311302185,0.33000001311302185,0.25999999046325684,0.3199999928474426,0.3199999928474426,476100.0,LEE
2009-03-18,11.84000015258789,12.68000030517578,11.630000114440918,12.390000343322756,8.063743591308594,3475400.0,LEG
2009-03-18,8.289085388183594,9.577187538146973,7.777777671813965,9.183874130249023,8.622157096862793,10149900.0,LEN
2009-03-18,6.269999980926514,6.449999809265138,6.21999979019165,6.429999828338622,3.1939735412597656,60000.0,LEO
2009-03-18,1057.6922607421877,1123.6263427734377,1019.2307739257812,1109.89013671875,1109.89013671875,4600.0,LEU
2009-03-18,15.766666412353516,16.543333053588867,15.533333778381348,16.093334197998047,13.331583976745605,8691300.0,LFC
2009-03-18,10.270000457763672,10.600000381469727,9.949999809265137,10.149999618530273,9.167047500610352,186200.0,LFUS
2009-03-18,3.157000064849853,3.4300000667572017,2.7300000190734863,2.799999952316284,2.799999952316284,44800.0,LFVN
2009-03-18,9.109999656677246,9.5,9.109999656677246,9.359999656677246,3.927032470703125,23500.0,LGI
2009-03-18,0.981109082698822,0.981109082698822,0.9079829454421996,0.9079829454421996,0.9079829454421996,800.0,LGL
2009-03-18,17.399999618530273,17.639999389648438,16.739999771118164,16.979999542236328,16.979999542236328,143300.0,LGND
2009-03-18,57.59000015258789,59.099998474121094,57.36000061035156,57.81000137329102,57.81000137329102,1055900.0,LH
2009-03-18,21.8799991607666,22.25,21.290000915527344,21.739999771118164,21.739999771118164,285800.0,LHCG
2009-03-18,30.507591247558594,31.6413516998291,30.280839920043945,31.16895294189453,24.240388870239254,1367000.0,LHX
2009-03-18,25.25,26.649999618530273,24.53000068664551,26.32999992370605,22.56476593017578,1145400.0,LII
2009-03-18,63.54999923706055,64.56999969482422,62.66999816894531,64.33999633789061,50.73405456542969,3036800.0,LIN
2009-03-18,17.559999465942386,17.950000762939453,17.200000762939453,17.579999923706055,13.837797164916992,166300.0,LINC
2009-03-18,39.0,39.0,39.0,39.0,39.0,0.0,LIVE
2009-03-18,13.0600004196167,14.34666633605957,13.026666641235352,14.34666633605957,10.91627025604248,56400.0,LKFN
2009-03-18,7.0,7.230000019073486,6.8400001525878915,7.175000190734862,7.175000190734862,2692600.0,LKQ
2009-03-18,10.729999542236328,11.010000228881836,10.56999969482422,11.010000228881836,11.010000228881836,190200.0,LL
2009-03-18,2.9200000762939453,3.240000009536743,2.8499999046325684,3.240000009536743,3.240000009536743,122500.0,LLNW
2009-03-18,32.450000762939446,33.09999847412109,31.95000076293945,32.5,21.701805114746094,6519000.0,LLY
2009-03-18,13.84000015258789,15.489999771118164,13.270000457763672,15.220000267028807,12.06354522705078,7694100.0,LM
2009-03-18,2.0899999141693115,2.0999999046325684,2.009999990463257,2.0699999332427983,1.835033297538757,25900.0,LMAT
2009-03-18,12.25,12.25,12.25,12.25,10.721769332885742,0.0,LMNR
2009-03-18,17.370000839233402,17.979999542236328,17.239999771118164,17.90999984741211,17.240346908569336,304400.0,LMNX
2009-03-18,49.65986251831055,49.65986251831055,43.99092864990234,45.35147476196289,41.64226913452149,100.0,LMST
2009-03-18,65.41000366210939,67.87999725341797,64.16000366210939,66.83999633789061,46.16115951538086,3206900.0,LMT
2009-03-18,7.710000038146973,9.859999656677246,7.210000038146973,9.449999809265137,7.952218532562256,20927200.0,LNC
2009-03-18,5.610000133514403,5.920000076293945,5.510000228881836,5.869999885559082,5.869999885559082,137600.0,LNDC
2009-03-18,4.829999923706055,4.929999828338623,4.6599998474121085,4.929999828338623,4.929999828338623,478700.0,LNG
2009-03-18,26.63999938964844,27.59000015258789,25.6200008392334,26.90999984741211,23.89026069641113,252900.0,LNN
2009-03-18,11.31999969482422,11.885000228881836,11.204999923706056,11.789999961853027,7.631163597106934,2450200.0,LNT
2009-03-18,0.6700000166893005,0.6700000166893005,0.6700000166893005,0.6700000166893005,0.426745742559433,100.0,LOAN
2009-03-18,9.449999809265137,9.84000015258789,9.4399995803833,9.760000228881836,7.353577613830566,925700.0,LOGI
2009-03-18,9.0,9.0,9.0,9.0,9.0,0.0,LONE
2009-03-18,15.31999969482422,15.579999923706055,14.600000381469727,15.40999984741211,15.40999984741211,240200.0,LOPE
2009-03-18,16.229999542236328,16.84000015258789,15.890000343322756,16.610000610351562,8.92356014251709,60800.0,LORL
2009-03-18,2.3399999141693115,2.3399999141693115,2.25,2.25,2.25,31500.0,LOV
2009-03-18,16.329999923706055,17.5,16.030000686645508,17.190000534057614,14.069953918457033,24934900.0,LOW
2009-03-18,9.619999885559082,10.09000015258789,9.390000343322754,10.010000228881836,9.133637428283693,2880500.0,LPL
2009-03-18,1.809999942779541,1.8999999761581419,1.7400000095367432,1.8999999761581419,1.8999999761581419,14800.0,LPSN
2009-03-18,0.3100000023841858,0.44999998807907104,0.3100000023841858,0.4000000059604645,0.4000000059604645,10500.0,LPTH
2009-03-18,1.9099999666213991,2.0899999141693115,1.830000042915344,2.0899999141693115,1.9985017776489256,1248600.0,LPX
2009-03-18,7.210000038146973,7.28000020980835,6.820000171661378,7.0,7.0,86500.0,LQDT
2009-03-18,23.04999923706055,24.489999771118164,22.790000915527344,24.45000076293945,22.1776065826416,4967300.0,LRCX
2009-03-18,13.220000267028807,13.75,12.729999542236328,13.050000190734865,13.050000190734865,780800.0,LRN
2009-03-18,6.4099998474121085,6.4099998474121085,6.4099998474121085,6.4099998474121085,4.863122940063477,0.0,LSBK
2009-03-18,1.3300000429153442,1.440000057220459,1.2200000286102295,1.4299999475479126,1.4299999475479126,593800.0,LSCC
2009-03-18,20.799999237060547,21.1299991607666,19.36000061035156,21.1299991607666,13.09355354309082,510100.0,LSI
2009-03-18,32.720001220703125,33.86999893188477,31.81999969482422,33.5,29.94475555419922,540500.0,LSTR
2009-03-18,468.0,468.0,450.0,450.0,450.0,200.0,LTBR
2009-03-18,18.90999984741211,19.01000022888184,18.170000076293945,18.82999992370605,10.38575267791748,297800.0,LTC
2009-03-18,7.889999866485597,8.199999809265138,7.8499999046325675,8.159999847412111,7.525355815887451,370700.0,LTM
2009-03-18,3.0,3.0,2.700000047683716,2.700000047683716,2.700000047683716,500.0,LTRX
2009-03-18,4.0399999618530265,4.619999885559082,4.0399999618530265,4.619999885559082,4.619999885559082,60400.0,LUB
2009-03-18,3.0350000858306885,3.275000095367432,2.9749999046325684,3.240000009536743,3.240000009536743,574200.0,LULU
2009-03-18,1.149999976158142,1.1799999475479126,1.1299999952316284,1.1599999666213991,1.1599999666213991,9000.0,LUNA
2009-03-18,5.820000171661378,6.119999885559082,5.6500000953674325,5.880000114440918,5.446191787719727,11857100.0,LUV
2009-03-18,2.220000028610229,2.4300000667572017,2.049999952316284,2.3299999237060547,1.5539230108261108,28508700.0,LVS
2009-03-18,6.940000057220459,7.3400001525878915,6.8499999046325675,7.3400001525878915,7.255105972290039,7800.0,LWAY
2009-03-18,2.789999961853028,3.380000114440918,2.650000095367432,3.150000095367432,1.395491123199463,1880300.0,LXP
2009-03-18,7.3499999046325675,7.489999771118164,6.929999828338622,7.210000038146973,7.210000038146973,26400.0,LXRX
2009-03-18,8.199999809265138,9.100000381469727,8.199999809265138,8.960000038146973,8.960000038146973,174900.0,LXU
2009-03-18,2.7100000381469727,3.009999990463257,2.619999885559082,2.940000057220459,1.4207910299301147,1560400.0,LYG
2009-03-18,4.860000133514403,5.170000076293945,4.860000133514403,5.170000076293945,3.655027151107788,84700.0,LYTS
2009-03-18,2.740000009536743,2.9500000476837163,2.700000047683716,2.859999895095825,2.859999895095825,624800.0,LYV
2009-03-18,0.9900000095367432,1.1200000047683716,0.9499999880790709,1.1200000047683716,1.0096920728683472,345500.0,LZB
2009-03-18,8.069999694824219,9.260000228881836,8.069999694824219,9.09000015258789,6.192483901977539,18556300.0,M
2009-03-18,15.998000144958494,16.117000579833984,15.758999824523926,15.975000381469727,13.163551330566404,28081000.0,MA
2009-03-18,30.29999923706055,31.70000076293945,29.03000068664551,31.68000030517578,19.972841262817386,1298700.0,MAA
2009-03-18,7.925536632537843,8.499582290649414,7.221867561340332,8.342183113098145,4.5847649574279785,4538400.0,MAC
2009-03-18,4.239999771118163,4.53000020980835,4.150000095367432,4.5,4.5,53700.0,MAG
2009-03-18,3.890000104904175,4.429999828338623,3.7899999618530273,4.2100000381469735,4.2100000381469735,30000.0,MAGS
2009-03-18,9.5,9.989999771118164,9.270000457763672,9.270000457763672,3.772580862045288,5300.0,MAIN
2009-03-18,27.63999938964844,29.07999992370605,26.96999931335449,28.489999771118164,23.282161712646484,783800.0,MAN
2009-03-18,4.047500133514403,4.099999904632568,3.972500085830689,4.099999904632568,4.099999904632568,925600.0,MANH
2009-03-18,43.459999084472656,43.560001373291016,42.02999877929688,42.790000915527344,34.17185592651367,455800.0,MANT
2009-03-18,14.029841423034668,14.962056159973145,13.768820762634276,14.70103645324707,12.83562469482422,6002800.0,MAR
2009-03-18,0.8999999761581421,1.100000023841858,0.8999999761581421,1.100000023841858,1.100000023841858,13900.0,MARK
2009-03-18,15.5,16.959999084472653,15.5,16.959999084472653,6.695003986358643,300.0,MARPS
2009-03-18,4.710017681121826,5.439367294311523,4.578207492828369,5.342706680297852,4.3143043518066415,11054900.0,MAS
2009-03-18,27.0,27.489999771118164,26.649999618530273,27.13999938964844,23.52790641784668,585400.0,MASI
2009-03-18,11.460000038146973,11.880000114440918,11.239999771118164,11.699999809265135,8.090072631835938,3636500.0,MAT
2009-03-18,31.54999923706055,32.93000030517578,31.54999923706055,32.61999893188477,28.57192039489746,305500.0,MATW
2009-03-18,9.196809768676758,9.714670181274414,9.028985023498537,9.661925315856934,6.399307727813722,691500.0,MATX
2009-03-18,8.819999694824219,9.079999923706056,8.819999694824219,9.06999969482422,4.200426101684569,20500.0,MAV
2009-03-18,16.200000762939453,16.200000762939453,16.200000762939453,16.200000762939453,13.324562072753904,0.0,MAXR
2009-03-18,5.110000133514403,5.130000114440918,5.110000133514403,5.130000114440918,5.130000114440918,200.0,MAYS
2009-03-18,10.300000190734863,10.300000190734863,10.300000190734863,10.300000190734863,6.644883155822754,0.0,MBCN
2009-03-18,4.25,5.079999923706055,4.119999885559082,5.079999923706055,5.079999923706055,8052600.0,MBI
2009-03-18,28998.0,29160.0,26730.0,26730.0,26730.0,100.0,MBOT
2009-03-18,11.604000091552734,12.508000373840332,11.211999893188477,12.447999954223633,4.5646162033081055,6703700.0,MBT
2009-03-18,4.309999942779541,4.9099998474121085,4.309999942779541,4.849999904632568,3.457558870315552,10300.0,MBWM
2009-03-18,10.149999618530273,10.1899995803833,10.0,10.130000114440918,5.466040134429932,71600.0,MCA
2009-03-18,2.5199999809265137,2.940000057220459,2.5,2.940000057220459,2.5837972164154053,48100.0,MCBC
2009-03-18,53.43999862670898,55.54999923706055,53.41999816894531,55.41999816894531,39.503150939941406,12896800.0,MCD
2009-03-18,41.63000106811523,43.20000076293945,40.5,43.20000076293945,41.06877136230469,225500.0,MCF
2009-03-18,20.5,21.229999542236328,20.25,21.059999465942386,14.8286714553833,6381300.0,MCHP
2009-03-18,4.119999885559082,4.150000095367432,3.880000114440918,4.110000133514403,3.1027240753173833,120900.0,MCHX
2009-03-18,7.7750000953674325,8.244999885559082,7.75,8.244999885559082,3.494381189346313,13200.0,MCI
2009-03-18,35.65999984741211,36.7599983215332,35.2400016784668,35.970001220703125,32.74875259399414,4639800.0,MCK
2009-03-18,5.289999961853027,5.559999942779541,5.289999961853027,5.510000228881836,1.9700968265533447,40300.0,MCN
2009-03-18,18.770000457763672,19.75,18.350000381469727,19.68000030517578,16.834651947021484,4560000.0,MCO
2009-03-18,7.050000190734862,7.420000076293945,7.050000190734862,7.360000133514403,2.9101059436798096,156500.0,MCR
2009-03-18,4.809999942779541,4.9099998474121085,4.559999942779541,4.869999885559082,4.869999885559082,77600.0,MCRI
2009-03-18,7.989999771118164,8.890000343322754,7.989999771118164,8.430000305175781,6.53118371963501,154800.0,MCS
2009-03-18,27.040000915527344,28.61000061035156,26.459999084472656,28.57999992370605,16.055702209472653,534300.0,MCY
2009-03-18,14.210000038146973,14.479999542236328,13.9399995803833,14.210000038146973,14.210000038146973,449600.0,MD
2009-03-18,26.72222137451172,29.49073982238769,25.90740776062012,29.15740776062012,19.255468368530273,1909000.0,MDC
2009-03-18,1.7733333110809326,1.7999999523162842,1.7133333683013916,1.7999999523162842,1.3449751138687134,205000.0,MDCA
2009-03-18,70.34999847412111,70.34999847412111,64.40000152587889,70.34999847412111,70.34999847412111,6800.0,MDGL
2009-03-18,23.190000534057614,23.239999771118164,22.100000381469727,22.290000915527344,11.180261611938477,19882200.0,MDLZ
2009-03-18,15.170000076293945,16.110000610351562,15.170000076293945,15.789999961853027,10.072474479675293,446500.0,MDP
2009-03-18,8.850000381469727,9.449999809265137,8.689999580383299,9.270000457763672,9.270000457763672,2111800.0,MDRX
2009-03-18,28.3799991607666,29.809999465942386,28.31999969482422,29.229999542236328,22.800479888916016,9934500.0,MDT
2009-03-18,14.729999542236328,15.06999969482422,14.25,14.829999923706055,10.602842330932617,1973800.0,MDU
2009-03-18,4.8400001525878915,5.099999904632568,4.670000076293945,5.0900001525878915,4.470223903656006,80600.0,MED
2009-03-18,1.1299999952316284,1.1299999952316284,1.100000023841858,1.1299999952316284,1.1299999952316284,18300.0,MEET
2009-03-18,3.2100000381469727,3.3499999046325684,3.0999999046325684,3.240000009536743,2.6275908946990967,319500.0,MEI
2009-03-18,19.200000762939453,30.0,19.200000762939453,27.60000038146973,27.60000038146973,1800.0,MEIP
2009-03-18,16.799999237060547,17.149999618530273,16.649999618530273,16.889999389648438,16.366374969482422,292100.0,MELI
2009-03-18,8.220000267028809,8.510000228881836,8.170000076293945,8.319999694824219,4.328950881958009,31400.0,MEN
2009-03-18,6.880000114440918,7.230000019073486,6.880000114440918,7.210000038146973,5.298423767089844,730600.0,MEOH
2009-03-18,0.6899999976158142,0.7099999785423279,0.6299999952316284,0.699999988079071,0.560604453086853,62700.0,MERC
2009-03-18,19.527629852294922,23.823530197143555,18.939393997192386,22.78074836730957,16.295528411865234,34997500.0,MET
2009-03-18,5.869999885559082,6.0,5.619999885559082,6.0,1.4122822284698486,6422600.0,MFA
2009-03-18,10.789999961853027,12.229999542236328,10.380000114440918,11.9399995803833,7.473082542419434,7275800.0,MFC
2009-03-18,6.96999979019165,7.480000019073486,6.96999979019165,7.460000038146973,2.8351757526397705,47400.0,MFD
2009-03-18,4.0300002098083505,4.389999866485597,3.7000000476837163,4.369999885559082,2.750454425811768,450400.0,MFG
2009-03-18,6.670000076293945,7.519999980926514,6.619999885559082,7.46999979019165,4.039903163909912,87600.0,MFIN
2009-03-18,10.100000381469727,10.25,10.020000457763672,10.220000267028807,5.3167686462402335,73300.0,MFL
2009-03-18,4.900000095367432,4.96999979019165,4.800000190734863,4.949999809265137,2.4919028282165527,27700.0,MFM
2009-03-18,4.3400001525878915,4.400000095367432,3.75,4.400000095367432,3.580635070800781,12500.0,MFNC
2009-03-18,4.0,4.0399999618530265,3.75,3.75,2.8547453880310063,8700.0,MFSF
2009-03-18,9.880000114440918,10.079999923706056,9.8100004196167,10.079999923706056,5.241466522216797,9700.0,MFT
2009-03-18,3.7799999713897705,3.849999904632568,3.650000095367432,3.839999914169312,1.303512454032898,12800.0,MFV
2009-03-18,5.887499809265138,6.28000020980835,5.7775001525878915,6.244999885559082,4.429018020629883,5550800.0,MGA
2009-03-18,20.293333053588867,21.0,20.13333320617676,20.99333381652832,15.332352638244627,156600.0,MGEE
2009-03-18,6.8499999046325675,7.039999961853027,6.809999942779541,7.0,3.0449588298797607,83000.0,MGF
2009-03-18,10.31999969482422,10.31999969482422,8.960000038146973,9.359999656677246,9.359999656677246,31700.0,MGI
2009-03-18,1.1299999952316284,1.1699999570846558,1.0700000524520874,1.1200000047683716,0.696144700050354,18500.0,MGIC
2009-03-18,34.029998779296875,35.2400016784668,34.029998779296875,35.009998321533196,35.009998321533196,385600.0,MGLN
2009-03-18,2.900000095367432,3.1800000667572017,2.559999942779541,2.869999885559082,2.7134039402008057,8718600.0,MGM
2009-03-18,0.6299999952316284,0.6600000262260437,0.6000000238418579,0.6600000262260437,0.6022294163703918,25200.0,MGPI
2009-03-18,15.899999618530273,17.5,15.640000343322756,17.309999465942386,12.211338996887207,72400.0,MGRC
2009-03-18,8.960000038146973,9.1899995803833,8.90999984741211,9.0600004196167,4.4902071952819815,76600.0,MGU
2009-03-18,4.550000190734863,4.550000190734863,4.550000190734863,4.550000190734863,4.550000190734863,0.0,MGYR
2009-03-18,11.81999969482422,11.81999969482422,11.699999809265135,11.729999542236328,5.810624122619629,24800.0,MHD
2009-03-18,10.18000030517578,10.229999542236328,10.0600004196167,10.149999618530273,5.726273059844972,2700.0,MHE
2009-03-18,7.139999866485597,7.1500000953674325,7.03000020980835,7.03000020980835,4.0924739837646475,34200.0,MHF
2009-03-18,0.7599999904632568,0.7599999904632568,0.7599999904632568,0.7599999904632568,0.5484576225280762,2600.0,MHH
2009-03-18,9.279999732971193,9.5,9.210000038146973,9.449999809265137,4.532600402832031,46000.0,MHI
2009-03-18,22.18000030517578,25.15999984741211,21.920000076293945,24.1200008392334,24.1200008392334,2546700.0,MHK
2009-03-18,4.480000019073486,4.75,4.309999942779541,4.699999809265137,3.074796438217163,214500.0,MHLD
2009-03-18,9.899999618530273,9.920000076293944,9.670000076293944,9.859999656677246,5.295660972595215,40400.0,MHN
2009-03-18,6.8499999046325675,7.610000133514403,6.25,7.460000038146973,7.460000038146973,146100.0,MHO
2009-03-18,1.100000023841858,1.1699999570846558,1.100000023841858,1.149999976158142,0.6134989857673645,526300.0,MIC
2009-03-18,1.7400000095367432,2.150000095367432,1.7000000476837158,2.1300001144409184,2.0125041007995605,14100.0,MICR
2009-03-18,9.06666660308838,9.486666679382324,8.84666633605957,9.276666641235352,9.276666641235352,804900.0,MIDD
2009-03-18,6.239999771118164,6.3400001525878915,6.21999979019165,6.3400001525878915,2.3659090995788574,355700.0,MIN
2009-03-18,3.25,3.670000076293945,3.25,3.670000076293945,3.670000076293945,39400.0,MIND
2009-03-18,10.479999542236328,11.270000457763672,10.399999618530273,11.0600004196167,9.366935729980467,266800.0,MINI
2009-03-18,0.119999997317791,0.119999997317791,0.119999997317791,0.119999997317791,0.119999997317791,0.0,MITK
2009-03-18,9.899999618530273,9.979999542236328,9.850000381469727,9.970000267028807,5.227424144744873,21900.0,MIY
2009-03-18,32.81999969482422,32.81999969482422,32.02000045776367,32.299999237060554,25.51567649841309,812100.0,MKC
2009-03-18,243.27999877929688,248.4499969482422,236.0200042724609,248.4499969482422,248.4499969482422,118100.0,MKL
2009-03-18,14.130000114440918,14.739999771118164,13.81999969482422,14.729999542236328,12.6066312789917,294000.0,MKSI
2009-03-18,8.149999618530272,8.550000190734862,7.880000114440918,8.149999618530272,7.26378583908081,97800.0,MKTX
2009-03-18,17.0,17.0,17.0,17.0,15.37651252746582,500.0,MLAB
2009-03-18,3.130000114440918,3.380000114440918,3.0799999237060547,3.240000009536743,2.5827748775482178,331000.0,MLCO
2009-03-18,9.68000030517578,10.68000030517578,9.529999732971193,10.31999969482422,8.705130577087402,488100.0,MLHR
2009-03-18,9.795000076293944,10.44499969482422,9.595000267028807,10.260000228881836,7.7963619232177725,475000.0,MLI
2009-03-18,78.58000183105469,80.75,77.16999816894531,79.51000213623047,68.39411926269531,1049400.0,MLM
2009-03-18,8.829999923706055,9.020000457763672,8.75,8.979999542236328,8.979999542236328,62200.0,MLNX
2009-03-18,7.699999809265138,8.149999618530272,6.5,8.140000343322754,8.140000343322754,23100.0,MLP
2009-03-18,6.03000020980835,6.3400001525878915,5.670000076293945,6.199999809265138,4.682422161102295,29100.0,MLR
2009-03-18,0.550000011920929,0.550000011920929,0.550000011920929,0.550000011920929,0.550000011920929,4000.0,MLSS
2009-03-18,7.675846576690674,7.85262393951416,7.675846576690674,7.85262393951416,7.62416410446167,800.0,MLVF
2009-03-18,1.350000023841858,1.6000000238418581,1.350000023841858,1.5,1.5,3300.0,MMAC
2009-03-18,19.59000015258789,20.57999992370605,19.059999465942386,20.549999237060547,15.530512809753418,8201600.0,MMC
2009-03-18,16.780000686645508,18.21999931335449,16.780000686645508,17.530000686645508,5.305896759033203,14100.0,MMLP
2009-03-18,48.27000045776367,49.75,47.68999862670898,49.20000076293945,36.80744171142578,6244100.0,MMM
2009-03-18,15.15999984741211,15.404999732971193,14.65999984741211,15.255000114440918,7.0300655364990225,665600.0,MMP
2009-03-18,9.09000015258789,9.462499618530273,9.09000015258789,9.395000457763672,8.070906639099121,1356400.0,MMS
2009-03-18,9.80799961090088,10.071999549865724,9.600000381469727,9.95199966430664,9.95199966430664,258100.0,MMSI
2009-03-18,4.940000057220459,5.03000020980835,4.880000114440918,4.929999828338623,1.965695858001709,130400.0,MMT
2009-03-18,10.06999969482422,10.239999771118164,9.899999618530273,10.100000381469727,5.435739517211914,65200.0,MMU
2009-03-18,0.6800000071525574,0.7400000095367432,0.6800000071525574,0.7400000095367432,0.058214321732521064,14300.0,MNDO
2009-03-18,9.75,9.779999732971193,9.699999809265137,9.779999732971193,5.776466369628906,1800.0,MNE
2009-03-18,17.5,17.5,16.149999618530273,17.049999237060547,17.049999237060547,59900.0,MNKD
2009-03-18,1.8500000238418581,1.8799999952316284,1.8500000238418581,1.8799999952316284,1.8799999952316284,700.0,MNOV
2009-03-18,10.40999984741211,10.539999961853027,10.31999969482422,10.510000228881836,5.785569190979004,17400.0,MNP
2009-03-18,6.119999885559082,6.519999980926514,5.960000038146973,6.519999980926514,3.289149522781372,59100.0,MNR
2009-03-18,16.780000686645508,17.126667022705078,16.466667175292972,16.979999542236328,15.068585395812988,694300.0,MNRO
2009-03-18,3.5238094329833984,3.5238094329833984,3.5238094329833984,3.5238094329833984,3.5238094329833984,0.0,MNSB
2009-03-18,6.070000171661378,6.146666526794434,5.925000190734862,5.99833345413208,5.99833345413208,12915600.0,MNST
2009-03-18,8.470000267028809,9.420000076293944,8.470000267028809,9.329999923706056,9.329999923706056,336400.0,MNTA
2009-03-18,0.5,0.6800000071525574,0.479999989271164,0.5799999833106995,0.5799999833106995,21000.0,MNTX
2009-03-18,16.959999084472653,17.149999618530273,16.65999984741211,16.850000381469727,9.37755298614502,19289200.0,MO
2009-03-18,1.2999999523162842,1.7100000381469729,1.25,1.5900000333786009,1.5900000333786009,504800.0,MOD
2009-03-18,8.699999809265138,8.699999809265138,8.699999809265138,8.699999809265138,6.8387813568115225,1000.0,MOFG
2009-03-18,13.633333206176758,14.386666297912598,13.533333778381348,13.926666259765625,13.926666259765625,223200.0,MOH
2009-03-18,3.0,3.0,3.0,3.0,2.95426607131958,0.0,MOMO
2009-03-18,31.59000015258789,31.649999618530273,30.65999984741211,31.649999618530273,29.07238960266113,121800.0,MORN
2009-03-18,41.52999877929688,42.810001373291016,40.63000106811523,42.540000915527344,35.053157806396484,6601400.0,MOS
2009-03-18,290.0,310.0,290.0,308.0,308.0,0.0,MOSY
2009-03-18,6.75,7.4000000953674325,6.75,7.380000114440918,6.291256904602051,149600.0,MOV
2009-03-18,10.899999618530273,10.899999618530273,10.760000228881836,10.890000343322754,5.850633144378662,14900.0,MPA
2009-03-18,3.3499999046325684,3.7999999523162837,3.3499999046325684,3.7000000476837163,3.7000000476837163,20300.0,MPAA
2009-03-18,18.799999237060547,18.799999237060547,18.799999237060547,18.799999237060547,14.695809364318848,0.0,MPB
2009-03-18,8.199999809265138,8.229999542236326,8.100000381469728,8.180000305175781,3.499814510345459,2400.0,MPV
2009-03-18,4.0300002098083505,4.349999904632568,3.920000076293945,4.3400001525878915,1.9947307109832764,808400.0,MPW
2009-03-18,15.15999984741211,16.459999084472653,14.850000381469727,16.399999618530273,14.638053894042967,1059300.0,MPWR
2009-03-18,3.7799999713897705,4.2199997901916495,3.640000104904175,4.079999923706056,3.38135313987732,52700.0,MPX
2009-03-18,9.520000457763672,9.68000030517578,9.399999618530273,9.68000030517578,5.069833755493164,51800.0,MQT
2009-03-18,11.0600004196167,11.079999923706056,10.979999542236328,11.079999923706056,5.826506614685059,188100.0,MQY
2009-03-18,5.190000057220459,5.190000057220459,4.960000038146973,5.039999961853027,4.849067211151123,266400.0,MRCY
2009-03-18,26.29999923706055,27.5,26.1299991607666,26.959999084472656,18.20398712158203,21169400.0,MRK
2009-03-18,480.0,480.0,480.0,480.0,480.0,0.0,MRKR
2009-03-18,3.259999990463257,3.650000095367432,3.259999990463257,3.650000095367432,2.4371066093444824,800.0,MRLN
2009-03-18,0.08184000104665756,0.08590999990701675,0.0798799991607666,0.08590999990701675,0.08590999990701675,3199059.0,MRNS
2009-03-18,14.763375282287598,15.007940292358398,14.059505462646484,14.86478042602539,11.247671127319336,14897400.0,MRO
2009-03-18,7.1479997634887695,7.3520002365112305,7.01200008392334,7.248000144958496,6.4100661277771,393000.0,MRTN
2009-03-18,8.859999656677246,9.5,8.829999923706055,9.460000038146973,8.252277374267576,27449300.0,MRVL
2009-03-18,22.770000457763672,24.75,22.100000381469727,24.190000534057614,20.36301612854004,65672100.0,MS
2009-03-18,18.709999084472656,19.68000030517578,18.5,19.440000534057614,14.57431697845459,215300.0,MSA
2009-03-18,6.4000000953674325,7.010000228881836,6.320000171661378,6.8400001525878915,2.672547578811645,46700.0,MSB
2009-03-18,8.75,8.75,8.75,8.75,7.401362419128418,0.0,MSBF
2009-03-18,14.890000343322756,15.140000343322756,14.6899995803833,15.06999969482422,14.07708740234375,768900.0,MSCI
2009-03-18,7.0900001525878915,7.449999809265138,6.96999979019165,7.389999866485597,3.440129280090332,213200.0,MSD
2009-03-18,14.0,15.210000038146973,13.9399995803833,14.8100004196167,10.32383918762207,80400.0,MSEX
2009-03-18,17.030000686645508,17.219999313354492,16.600000381469727,16.959999084472653,13.09697151184082,70710700.0,MSFT
2009-03-18,15.240224838256836,16.938074111938473,15.199799537658693,16.776374816894528,14.120990753173828,5070000.0,MSI
2009-03-18,28.70000076293945,28.93000030517578,27.709999084472656,28.63999938964844,21.092750549316406,943500.0,MSM
2009-03-18,0.5,0.5199999809265137,0.5,0.5,0.14892426133155826,900.0,MSN
2009-03-18,0.75,0.8500000238418579,0.699999988079071,0.7200000286102295,0.7200000286102295,46900.0,MSON
2009-03-18,33.279998779296875,34.299999237060554,32.689998626708984,34.299999237060554,34.299999237060554,85700.0,MSTR
2009-03-18,3.5166239738464355,3.5166239738464355,3.5166239738464355,3.5166239738464355,2.8622837066650386,0.0,MSVB
2009-03-18,50.93999862670898,54.09000015258789,49.7400016784668,53.040000915527344,44.390811920166016,3250200.0,MT
2009-03-18,4.730000019073486,4.730000019073486,4.730000019073486,4.730000019073486,4.6843109130859375,10000.0,MTA
2009-03-18,39.38000106811523,42.11999893188477,37.72000122070313,41.91999816894531,30.86404800415039,2727000.0,MTB
2009-03-18,0.10000000149011612,0.10000000149011612,0.0949999988079071,0.0949999988079071,0.0949999988079071,18000.0,MTC
2009-03-18,48.2400016784668,49.9900016784668,47.45000076293945,49.52999877929688,49.52999877929688,525300.0,MTD
2009-03-18,14.630000114440918,15.510000228881836,13.859999656677244,13.970000267028807,13.970000267028807,2700.0,MTEM
2009-03-18,33.59999847412109,35.0,31.10000038146973,35.0,29.216960906982425,5800.0,MTEX
2009-03-18,1.1399999856948853,1.2899999618530271,1.0199999809265137,1.2599999904632568,1.2432782649993896,4723600.0,MTG
2009-03-18,11.380000114440918,13.81999969482422,10.600000381469727,13.300000190734865,13.300000190734865,1783600.0,MTH
2009-03-18,7.739999771118164,8.479999542236326,7.21999979019165,8.359999656677246,8.087912559509277,1686900.0,MTL
2009-03-18,19.1200008392334,20.75,18.6200008392334,20.600000381469727,16.879629135131836,334100.0,MTN
2009-03-18,0.75,0.9499999880790709,0.7400000095367432,0.9499999880790709,0.9499999880790709,1421700.0,MTOR
2009-03-18,25.35000038146973,26.25,23.0,25.0,10.029118537902832,4300.0,MTR
2009-03-18,12.949999809265135,13.579999923706055,12.800000190734865,13.520000457763672,12.447883605957033,484500.0,MTRN
2009-03-18,7.9000000953674325,8.409999847412111,7.690000057220459,8.210000038146973,8.210000038146973,330600.0,MTRX
2009-03-18,22.149999618530273,22.3700008392334,21.540000915527344,22.15999984741211,17.311882019042972,116100.0,MTSC
2009-03-18,1.919999957084656,1.919999957084656,1.919999957084656,1.919999957084656,1.919999957084656,0.0,MTSL
2009-03-18,3.7682523727416988,4.067176342010498,3.5780282020568848,3.949418544769287,3.7868826389312735,3845000.0,MTW
2009-03-18,15.835000038146973,16.860000610351562,15.800000190734865,16.665000915527347,15.828121185302734,368200.0,MTX
2009-03-18,11.649999618530273,11.949999809265135,11.399999618530273,11.720000267028807,11.720000267028807,618900.0,MTZ
2009-03-18,3.650000095367432,3.890000104904175,3.5699999332427983,3.7699999809265137,3.7699999809265137,25042900.0,MU
2009-03-18,9.90999984741211,10.239999771118164,9.850000381469727,10.220000267028807,5.560272216796875,25400.0,MUA
2009-03-18,9.960000038146973,10.140000343322754,9.960000038146973,10.140000343322754,5.493957996368408,67800.0,MUC
2009-03-18,10.15999984741211,10.31999969482422,10.050000190734863,10.31999969482422,5.362579822540283,69300.0,MUE
2009-03-18,4.989999771118164,5.110000133514403,4.820000171661377,5.099999904632568,3.6989688873291016,3149600.0,MUFG
2009-03-18,10.15999984741211,10.279999732971193,10.0,10.279999732971193,5.156398296356201,31200.0,MUH
2009-03-18,10.90999984741211,10.989999771118164,10.75,10.75,5.899837017059326,51000.0,MUI
2009-03-18,10.970000267028807,11.15999984741211,10.949999809265137,11.15999984741211,5.957040309906006,16900.0,MUJ
2009-03-18,40.12089920043945,41.22625350952149,38.89464569091797,40.967185974121094,29.194278717041016,3411600.0,MUR
2009-03-18,10.050000190734863,10.15999984741211,10.0,10.109999656677246,5.22798490524292,24600.0,MUS
2009-03-18,1.6499999761581419,2.0,1.6299999952316284,2.0,1.9540934562683103,1102700.0,MUX
2009-03-18,8.770000457763674,9.239999771118164,8.739999771118164,9.229999542236328,5.215749740600586,89800.0,MVC
2009-03-18,7.0999999046325675,7.25,6.940000057220459,7.1500000953674325,3.57262659072876,61700.0,MVF
2009-03-18,8.640000343322754,9.760000228881836,8.079999923706055,9.68000030517578,9.68000030517578,36800.0,MVIS
2009-03-18,11.119999885559082,11.75,10.850000381469727,11.06999969482422,3.191169023513794,44100.0,MVO
2009-03-18,10.489999771118164,10.529999732971193,10.399999618530273,10.510000228881836,5.221689224243164,20300.0,MVT
2009-03-18,2.900000095367432,2.9600000381469727,2.640000104904175,2.869999885559082,2.4373221397399902,1841000.0,MWA
2009-03-18,6.5,6.5,6.0,6.110000133514403,6.110000133514403,1100.0,MXC
2009-03-18,4.199999809265137,4.3400001525878915,4.099999904632568,4.2800002098083505,3.4584391117095947,26400.0,MXE
2009-03-18,12.350000381469727,12.760000228881836,12.039999961853027,12.68000030517578,5.142171859741211,96100.0,MXF
2009-03-18,12.390000343322756,13.1899995803833,12.31999969482422,13.140000343322756,8.964237213134766,6634000.0,MXIM
2009-03-18,10.300000190734863,10.470000267028807,10.149999618530273,10.369999885559082,5.333399772644043,73200.0,MYC
2009-03-18,10.770000457763672,10.770000457763672,10.510000228881836,10.68000030517578,5.391633987426758,27200.0,MYD
2009-03-18,3.75,4.300000190734863,3.75,4.2800002098083505,3.107309579849243,82300.0,MYE
2009-03-18,10.140000343322754,10.300000190734863,10.109999656677246,10.300000190734863,5.238460063934326,7200.0,MYF
2009-03-18,41.0,41.599998474121094,40.52999877929688,40.93000030517578,37.11653900146485,1215600.0,MYGN
2009-03-18,10.5,10.6899995803833,10.5,10.65999984741211,5.621442317962647,82700.0,MYI
2009-03-18,10.949999809265137,11.0,10.869999885559082,10.90999984741211,5.76775598526001,17700.0,MYJ
2009-03-18,13.369999885559082,13.850000381469727,13.210000038146973,13.56999969482422,13.56999969482422,7715100.0,MYL
2009-03-18,9.539999961853027,9.640000343322754,9.359999656677246,9.5,5.173508644104004,61600.0,MYN
2009-03-18,14.380000114440918,14.890000343322756,14.079999923706055,14.789999961853027,14.789999961853027,100700.0,MYRG
2009-03-18,9.029999732971193,9.050000190734863,8.930000305175781,9.050000190734863,5.026021957397461,23900.0,MZA
2009-03-18,10.170000076293944,10.34000015258789,10.079999923706056,10.260000228881836,5.302767753601074,27900.0,NAC
2009-03-18,10.699999809265137,10.789999961853027,10.609999656677246,10.720000267028807,5.526314735412598,33800.0,NAD
2009-03-18,5.75,6.199999809265138,5.75,6.059999942779541,6.059999942779541,8000.0,NAII
2009-03-18,5.440000057220459,6.320000171661378,5.369999885559082,6.300000190734862,6.300000190734862,854000.0,NAK
2009-03-18,10.899999618530273,10.899999618530273,10.649999618530273,10.81999969482422,5.975644588470459,8800.0,NAN
2009-03-18,25.72125244140625,26.29848861694336,24.66461563110352,25.965843200683594,11.392071723937988,682700.0,NAT
2009-03-18,11.970000267028807,13.489999771118164,11.970000267028807,13.479999542236328,8.092837333679201,2200.0,NATH
2009-03-18,11.633333206176758,12.146666526794435,11.526666641235352,12.020000457763672,9.487203598022461,598200.0,NATI
2009-03-18,29.709999084472656,32.27000045776367,29.10000038146973,31.68000030517578,31.68000030517578,779000.0,NAV
2009-03-18,11.0,11.0,10.199999809265137,11.0,11.0,1300.0,NAVB
2009-03-18,10.859999656677246,11.010000228881836,10.859999656677246,10.979999542236328,6.259377956390381,10400.0,NAZ
2009-03-18,12.010000228881836,12.199999809265135,11.979999542236328,12.199999809265135,6.633671760559082,11500.0,NBH
2009-03-18,3.9700000286102295,4.0,3.8199999332427983,3.920000076293945,3.920000076293945,126500.0,NBIX
2009-03-18,25.11000061035156,26.084999084472656,24.71999931335449,26.04999923706055,22.63049507141113,7278400.0,NBL
2009-03-18,8.710000038146973,8.710000038146973,8.710000038146973,8.710000038146973,7.1509361267089835,1000.0,NBN
2009-03-18,11.899999618530273,11.949999809265135,11.859999656677244,11.890000343322756,6.929535865783691,5100.0,NBO
2009-03-18,9.470000267028807,10.039999961853027,9.260000228881836,9.970000267028807,8.317899703979492,7913900.0,NBR
2009-03-18,19.57999992370605,21.09000015258789,19.31999969482422,20.979999542236328,14.36644458770752,137400.0,NBTB
2009-03-18,11.600000381469727,11.699999809265135,11.600000381469727,11.630000114440918,6.686365604400635,5400.0,NBW
2009-03-18,39.0,42.5,39.0,40.25,40.25,1200.0,NBY
2009-03-18,1.7183094024658203,1.9536120891571045,1.6995750665664673,1.9521132707595823,0.3042215704917908,621500.0,NC
2009-03-18,8.210000038146973,8.390000343322754,8.170000076293945,8.380000114440918,5.083824634552002,41400.0,NCA
2009-03-18,13.399999618530273,13.539999961853027,13.029999732971193,13.520000457763672,6.156698226928711,438000.0,NCMI
2009-03-18,8.569999694824219,9.329999923706056,8.569999694824219,9.199999809265137,9.199999809265137,4085000.0,NCR
2009-03-18,38.459999084472656,39.38999938964844,37.68000030517578,38.70000076293945,38.70000076293945,35900.0,NCTY
2009-03-18,4.179999828338623,4.320000171661377,4.0900001525878915,4.25,1.1048239469528198,319600.0,NCV
2009-03-18,3.7799999713897705,3.880000114440918,3.609999895095825,3.880000114440918,0.9844018220901488,326800.0,NCZ
2009-03-18,22.0,22.809999465942386,21.57999992370605,22.53000068664551,19.486352920532227,6495400.0,NDAQ
2009-03-18,11.914999961853027,12.90999984741211,11.914999961853027,12.90999984741211,11.400045394897461,497000.0,NDSN
2009-03-18,21.25874137878418,22.39510536193848,20.87412643432617,21.94930076599121,17.169105529785153,14454600.0,NE
2009-03-18,11.970000267028807,11.970000267028807,11.609999656677244,11.850000381469727,6.3974127769470215,27300.0,NEA
2009-03-18,47.790000915527344,49.9900016784668,47.13000106811523,49.93000030517578,34.67230224609375,3540800.0,NEE
2009-03-18,36.0,40.29999923706055,35.459999084472656,40.13999938964844,33.34836578369141,18763400.0,NEM
2009-03-18,16.66666603088379,16.66666603088379,16.66666603088379,16.66666603088379,9.525306701660156,0.0,NEN
2009-03-18,1.190000057220459,1.190000057220459,0.9900000095367432,1.0199999809265137,1.0199999809265137,39600.0,NEO
2009-03-18,6.8017005920410165,6.961740493774414,6.484954357147218,6.58497953414917,6.58497953414917,269200.0,NEOG
2009-03-18,7.5,7.5,7.5,7.5,7.5,0.0,NEON
2009-03-18,10.800000190734863,10.800000190734863,10.800000190734863,10.800000190734863,10.800000190734863,0.0,NEPH
2009-03-18,0.8399999737739563,0.8399999737739563,0.8399999737739563,0.8399999737739563,0.8399999737739563,0.0,NEPT
2009-03-18,6.0,6.0,6.0,6.0,6.0,533.0,NET
2009-03-18,10.0,10.0,10.0,10.0,10.0,0.0,NETE
2009-03-18,35.060001373291016,40.0,35.040000915527344,38.52000045776367,32.72960662841797,206300.0,NEU
2009-03-18,12.399999618530273,12.399999618530273,12.399999618530273,12.399999618530273,12.399999618530273,0.0,NEW
2009-03-18,1.5,1.950000047683716,1.5,1.950000047683716,0.948675572872162,700.0,NEWT
2009-03-18,7.235013008117676,7.484496593475343,7.092451572418213,7.413215637207031,5.856388568878174,127800.0,NFBK
2009-03-18,1007.6799926757812,1016.52001953125,981.1630249023438,1016.52001953125,1016.52001953125,282.0,NFE
2009-03-18,29.20000076293945,29.84000015258789,28.209999084472656,29.559999465942386,21.4079704284668,510000.0,NFG
2009-03-18,9.890000343322754,10.300000190734863,9.800000190734863,10.18000030517578,3.7999668121337886,799700.0,NFJ
2009-03-18,5.814285755157472,6.064285755157472,5.735714435577393,5.945714473724365,5.945714473724365,16355500.0,NFLX
2009-03-18,2.2699999809265137,2.5699999332427983,2.1099998950958248,2.509999990463257,2.509999990463257,2613800.0,NG
2009-03-18,1.6000000238418581,1.7699999809265137,1.5099999904632568,1.7699999809265137,1.7699999809265137,1987900.0,NGD
2009-03-18,44.13755416870117,45.68777465820313,43.56986999511719,45.64410400390625,22.90321922302246,185300.0,NGG
2009-03-18,8.170000076293945,8.479999542236326,7.53000020980835,8.340000152587889,8.340000152587889,119400.0,NGS
2009-03-18,40.20000076293945,42.83000183105469,39.70000076293945,41.290000915527344,29.784698486328125,39100.0,NHC
2009-03-18,18.36000061035156,18.71999931335449,18.0,18.63999938964844,3.954224586486816,30800.0,NHF
2009-03-18,25.0,26.6299991607666,24.559999465942386,26.3700008392334,14.182388305664062,229500.0,NHI
2009-03-18,5.099999904632568,7.0,5.099999904632568,7.0,7.0,600.0,NHLD
2009-03-18,6.699999809265138,6.800000190734862,6.550000190734862,6.75,2.5828254222869877,48100.0,NHS
2009-03-18,0.3499999940395355,0.3799999952316284,0.3100000023841858,0.3700000047683716,0.2624131143093109,18900.0,NHTC
2009-03-18,3.7053046226501465,3.815324068069458,3.634577512741089,3.787819147109986,1.637543797492981,10621800.0,NI
2009-03-18,38.52999877929688,39.15999984741211,38.5,39.099998474121094,39.099998474121094,4100.0,NIB
2009-03-18,24.85000038146973,25.26000022888184,24.26000022888184,25.07999992370605,23.769775390625,226600.0,NICE
2009-03-18,2.0,2.172727346420288,2.0,2.172727346420288,2.0133631229400635,8000.0,NICK
2009-03-18,10.859999656677246,11.289999961853027,10.84000015258789,11.1899995803833,4.8460187911987305,101600.0,NIE
2009-03-18,9.899999618530273,9.899999618530273,9.800000190734863,9.84000015258789,6.716891288757324,2600.0,NIM
2009-03-18,0.12771999835968018,0.12771999835968018,0.12771999835968018,0.12771999835968018,0.12771999835968018,0.0,NIU
2009-03-18,16.760000228881836,17.354999542236328,16.604999542236328,17.295000076293945,9.700193405151367,1047400.0,NJR
2009-03-18,11.487500190734865,11.63249969482422,11.234999656677246,11.479999542236328,7.991210460662843,23451600.0,NKE
2009-03-18,10.609999656677246,10.93000030517578,10.5,10.93000030517578,6.5222816467285165,19100.0,NKG
2009-03-18,19.229999542236328,19.229999542236328,19.229999542236328,19.229999542236328,13.361265182495115,0.0,NKSH
2009-03-18,4.849999904632568,4.980000019073486,4.760000228881836,4.920000076293945,4.920000076293945,582300.0,NKTR
2009-03-18,11.300000190734865,11.300000190734865,10.890000343322754,11.0,5.915366172790527,7300.0,NKX
2009-03-18,8.699999809265138,9.65999984741211,8.699999809265138,9.579999923706056,7.519911289215088,13800.0,NL
2009-03-18,0.6800000071525574,0.6899999976158142,0.6200000047683716,0.6499999761581421,0.6499999761581421,52400.0,NLS
2009-03-18,14.630000114440918,15.0,14.170000076293945,14.6899995803833,3.629004716873169,24624400.0,NLY
2009-03-18,23.0,25.5,22.79999923706055,25.0,18.03079032897949,54300.0,NM
2009-03-18,9.510000228881836,9.899999618530273,9.5,9.899999618530273,5.887991905212402,20700.0,NMI
2009-03-18,124.3499984741211,124.5,117.0,123.0,107.60848999023438,6800.0,NMM
2009-03-18,5.309999942779541,5.510000228881836,5.139999866485597,5.5,4.138113021850587,1003300.0,NMR
2009-03-18,11.789999961853027,11.829999923706055,11.789999961853027,11.829999923706055,6.849076271057129,600.0,NMT
2009-03-18,11.56999969482422,11.600000381469727,11.420000076293945,11.529999732971193,6.623142719268799,15300.0,NMY
2009-03-18,9.729999542236328,9.979999542236328,9.699999809265137,9.859999656677246,4.668293476104736,19300.0,NMZ
2009-03-18,135.89999389648438,135.89999389648438,135.89999389648438,135.89999389648438,104.27142333984376,100.0,NNA
2009-03-18,0.9800000190734864,1.0199999809265137,0.9399999976158142,1.0199999809265137,0.9089097380638124,118600.0,NNBR
2009-03-18,7.480000019073486,8.430000305175781,7.320000171661378,8.329999923706055,7.271959781646728,194300.0,NNI
2009-03-18,14.8100004196167,15.479999542236328,14.220000267028807,15.43000030517578,8.811423301696777,2140900.0,NNN
2009-03-18,46.20000076293945,46.9000015258789,44.79999923706055,46.9000015258789,46.9000015258789,600.0,NNVC
2009-03-18,9.010000228881836,9.109999656677246,8.899999618530273,9.109999656677246,5.78598690032959,12600.0,NNY
2009-03-18,2.200000047683716,2.609999895095825,2.200000047683716,2.4800000190734863,2.1465377807617188,188500.0,NOA
2009-03-18,34.558876037597656,35.50754928588867,33.55598831176758,35.07387161254883,26.91462516784668,3382100.0,NOC
2009-03-18,2.900000095367432,2.9600000381469727,2.619999885559082,2.9600000381469727,2.9600000381469727,229500.0,NOG
2009-03-18,11.31999969482422,11.84000015258789,11.270000457763672,11.84000015258789,7.950295925140381,24024300.0,NOK
2009-03-18,13.029999732971193,13.029999732971193,12.899999618530273,12.899999618530273,7.790067195892334,8800.0,NOM
2009-03-18,26.92515754699707,27.790802001953125,25.95130729675293,26.94319152832031,23.21416473388672,13625800.0,NOV
2009-03-18,2.4600000381469727,2.490000009536743,2.25,2.309999942779541,2.309999942779541,37900.0,NOVT
2009-03-18,3.5999999046325684,3.8199999332427983,3.539999961853028,3.7899999618530273,2.961707592010498,143100.0,NP
2009-03-18,0.02500000037252903,0.02500000037252903,0.02500000037252903,0.02500000037252903,0.02500000037252903,0.0,NPA
2009-03-18,54.72999954223633,55.88000106811523,53.22999954223633,55.75,27.840675354003906,30100.0,NPK
2009-03-18,14.84000015258789,16.209999084472653,14.84000015258789,16.110000610351562,14.933433532714846,215000.0,NPO
2009-03-18,13.199999809265135,13.420000076293945,13.050000190734865,13.050000190734865,7.6260032653808585,1000.0,NPV
2009-03-18,10.579999923706056,10.770000457763672,10.579999923706056,10.760000228881836,5.686073303222656,9600.0,NQP
2009-03-18,2.869999885559082,3.039999961853028,2.740000009536743,2.900000095367432,2.900000095367432,369100.0,NR
2009-03-18,17.8700008392334,18.100000381469727,16.959999084472653,17.90999984741211,15.955771446228027,2777500.0,NRG
2009-03-18,8.069999694824219,8.479999542236326,8.069999694824219,8.300000190734862,6.079407215118407,26200.0,NRIM
2009-03-18,11.899999618530273,11.899999618530273,10.859999656677246,11.039999961853027,6.225302696228027,3900.0,NRK
2009-03-18,1.0599999427795408,1.25,1.0299999713897705,1.1699999570846558,0.4927289485931397,254700.0,NRO
2009-03-18,211.1999969482422,213.5,204.8999938964844,211.5,150.89080810546875,18300.0,NRP
2009-03-18,27.290000915527344,27.79999923706055,26.21999931335449,26.3799991607666,9.801678657531738,29000.0,NRT
2009-03-18,47.11999893188477,47.59000015258789,45.93000030517578,47.29999923706055,18.219282150268555,170800.0,NS
2009-03-18,31.229999542236328,31.79999923706055,30.01000022888184,31.29999923706055,23.81017875671387,7324500.0,NSC
2009-03-18,5.869999885559082,5.869999885559082,5.869999885559082,5.869999885559082,4.438162803649902,0.0,NSEC
2009-03-18,2.5,2.9500000476837163,2.400000095367432,2.9200000762939453,2.9200000762939453,563900.0,NSIT
2009-03-18,3.2300000190734863,3.240000009536743,3.190000057220459,3.2000000476837163,1.4565144777297974,63700.0,NSL
2009-03-18,9.4399995803833,9.885000228881836,9.34000015258789,9.765000343322754,6.240184307098389,504000.0,NSP
2009-03-18,1.0299999713897705,1.0700000524520874,1.0299999713897705,1.0700000524520874,1.0700000524520874,27000.0,NSSC
2009-03-18,3.059999942779541,3.2300000190734863,2.759999990463257,3.059999942779541,3.059999942779541,8800.0,NSYS
2009-03-18,14.649999618530273,16.399999618530273,14.579999923706055,16.030000686645508,13.874067306518555,20601500.0,NTAP
2009-03-18,6.78000020980835,7.460000038146973,6.730000019073486,7.420000076293945,7.420000076293945,1076400.0,NTCT
2009-03-18,23.290000915527344,23.729999542236328,22.690000534057614,23.43000030517578,20.219621658325195,1049000.0,NTES
2009-03-18,6.569478988647461,6.712158679962157,6.563275337219237,6.612903118133545,6.612903118133545,673900.0,NTGR
2009-03-18,2.7799999713897705,2.994999885559082,2.775000095367432,2.994999885559082,2.8017518520355225,1000.0,NTIC
2009-03-18,0.5600000023841858,0.6000000238418579,0.5600000023841858,0.5899999737739563,0.489764004945755,10100.0,NTIP
2009-03-18,11.0,11.0,9.5,10.5,10.5,700.0,NTN
2009-03-18,3.4800000190734863,3.5,3.4100000858306885,3.4500000476837163,2.641467571258545,237400.0,NTP
2009-03-18,58.54999923706055,62.04999923706055,57.79999923706055,61.77000045776367,48.01142120361328,5535700.0,NTRS
2009-03-18,7.78000020980835,8.390000343322754,7.78000020980835,8.229999542236326,8.229999542236326,309800.0,NTUS
2009-03-18,3.5,3.5999999046325684,3.2999999523162837,3.2999999523162837,3.2999999523162837,6700.0,NTWK
2009-03-18,7.0,7.5999999046325675,6.6500000953674325,7.5,7.5,1200.0,NTZ
2009-03-18,8.29437255859375,8.865800857543945,8.086580276489258,8.78787899017334,8.78787899017334,2807600.0,NUAN
2009-03-18,32.709999084472656,35.72999954223633,32.549999237060554,35.5099983215332,24.844913482666016,11146700.0,NUE
2009-03-18,10.050000190734863,10.0600004196167,9.850000381469727,10.039999961853027,5.467957019805908,31700.0,NUM
2009-03-18,11.949999809265135,11.989999771118164,11.81999969482422,11.960000038146973,6.691576480865479,21100.0,NUO
2009-03-18,17510.400390625,19238.400390625,17510.400390625,19238.400390625,19238.400390625,0.0,NURO
2009-03-18,9.710000038146973,9.899999618530273,9.529999732971193,9.859999656677246,7.498757362365723,274200.0,NUS
2009-03-18,8.859999656677246,9.0,8.859999656677246,8.90999984741211,5.470063209533691,231400.0,NUV
2009-03-18,27.959999084472656,29.43000030517578,27.440000534057614,28.81999969482422,28.81999969482422,766200.0,NUVA
2009-03-18,15.119999885559082,15.119999885559082,15.0,15.010000228881836,8.72312068939209,24000.0,NUW
2009-03-18,16.0,16.399999618530273,15.0,16.399999618530273,16.399999618530273,3900.0,NVAX
2009-03-18,380.0,380.0,380.0,380.0,380.0,0.0,NVCN
2009-03-18,9.739999771118164,10.489999771118164,9.729999542236328,10.199999809265137,9.38786792755127,33989000.0,NVDA
2009-03-18,33.880001068115234,34.93000030517578,32.990001678466804,33.5,24.54660224914551,81000.0,NVEC
2009-03-18,11.670000076293945,12.140000343322756,11.670000076293945,12.020000457763672,6.37901782989502,40700.0,NVG
2009-03-18,19.75,20.0,19.75,20.0,20.0,7700.0,NVGS
2009-03-18,0.6499999761581421,0.6499999761581421,0.6499999761581421,0.6499999761581421,0.6499999761581421,0.0,NVMI
2009-03-18,9.501999855041504,9.64799976348877,9.362000465393066,9.59000015258789,5.433472156524658,2631000.0,NVO
2009-03-18,388.2900085449219,434.9800109863281,376.8399963378906,421.6099853515625,421.6099853515625,119500.0,NVR
2009-03-18,33.709678649902344,34.426525115966804,33.04659652709961,34.032257080078125,21.986572265625,2717100.0,NVS
2009-03-18,7.111111164093018,7.515555381774902,7.044444561004639,7.515555381774902,4.427135467529297,182200.0,NWBI
2009-03-18,20.170000076293945,21.3700008392334,20.170000076293945,21.21999931335449,13.726386070251465,263000.0,NWE
2009-03-18,13.909090995788574,13.909090995788574,13.909090995788574,13.909090995788574,7.454936981201173,700.0,NWFL
2009-03-18,6.389999866485597,7.059999942779541,6.3400001525878915,6.869999885559082,5.228446006774902,8906200.0,NWL
2009-03-18,106.3000030517578,106.66000366210938,103.0199966430664,105.6999969482422,103.52418518066406,16200.0,NWLI
2009-03-18,42.20000076293945,43.9900016784668,42.02999877929688,43.72000122070313,29.300323486328125,289500.0,NWN
2009-03-18,23.93000030517578,24.399999618530273,23.309999465942386,24.20000076293945,24.20000076293945,101400.0,NWPX
2009-03-18,6.079999923706055,6.730000019073486,5.980000019073486,6.610000133514403,5.887796401977539,110700.0,NX
2009-03-18,12.06999969482422,12.119999885559082,11.890000343322756,12.119999885559082,7.208145141601562,12400.0,NXC
2009-03-18,21.48500061035156,22.70000076293945,21.28499984741211,22.34000015258789,18.133419036865234,1043200.0,NXGN
2009-03-18,10.199999809265137,10.239999771118164,9.989999771118164,10.220000267028807,5.56010627746582,13700.0,NXJ
2009-03-18,13.0,13.100000381469727,13.0,13.050000190734865,8.19639778137207,2900.0,NXN
2009-03-18,13.640000343322756,13.81999969482422,13.609999656677244,13.8100004196167,8.543871879577638,16500.0,NXP
2009-03-18,13.0,13.100000381469727,12.859999656677244,12.880000114440918,8.027643203735353,36000.0,NXQ
2009-03-18,13.329999923706055,13.479999542236328,13.31999969482422,13.460000038146973,8.522865295410156,6200.0,NXR
2009-03-18,0.6100000143051147,0.6100000143051147,0.6000000238418579,0.6100000143051147,0.5356438755989075,9800.0,NXST
2009-03-18,9.890000343322754,10.779999732971193,9.600000381469727,10.779999732971193,5.378981113433838,8470800.0,NYCB
2009-03-18,2.4100000858306885,2.450000047683716,2.4100000858306885,2.450000047683716,0.4965393245220184,600.0,NYMT
2009-03-18,3.0699999332427983,3.130000114440918,3.0199999809265137,3.0699999332427983,3.0699999332427983,7400.0,NYMX
2009-03-18,4.1599998474121085,4.559999942779541,4.119999885559082,4.429999828338623,4.152231216430663,792000.0,NYT
2009-03-18,10.960000038146973,11.140000343322754,10.960000038146973,11.09000015258789,5.696381568908691,51800.0,NZF
2009-03-18,16.639999389648438,17.799999237060547,16.110000610351562,17.700000762939453,10.283041954040527,3898900.0,O
2009-03-18,5.449999809265137,6.449999809265138,5.050000190734863,6.449999809265138,6.449999809265138,1800.0,OBAS
2009-03-18,0.5,0.5,0.5,0.5,0.459361881017685,500.0,OBCI
2009-03-18,7.639999866485597,9.0,7.110000133514403,8.260000228881836,7.515401840209961,1254800.0,OC
2009-03-18,1.950000047683716,2.0699999332427983,1.950000047683716,2.0,1.8309265375137331,11900.0,OCC
2009-03-18,10.06999969482422,11.119999885559082,10.06999969482422,11.109999656677246,7.712210178375244,22900.0,OCFC
2009-03-18,6.144578456878662,6.620481967926025,6.07831335067749,6.608433723449707,6.608433723449707,1893300.0,OCN
2009-03-18,7.0900001525878915,7.28000020980835,7.0,7.28000020980835,2.311288833618164,33500.0,OCSL
2009-03-18,14.59000015258789,14.609999656677244,14.43000030517578,14.539999961853027,10.53453540802002,4000.0,ODC
2009-03-18,7.028148174285889,7.164444446563722,6.808888912200928,7.161481380462647,7.0575151443481445,2075000.0,ODFL
2009-03-18,1.1299999952316284,1.2899999618530271,1.0599999427795408,1.2300000190734863,1.0725530385971072,10282000.0,ODP
2009-03-18,4.199999809265137,4.25,4.0,4.139999866485597,4.139999866485597,48200.0,OESX
2009-03-18,24.270000457763672,25.809999465942386,23.3799991607666,25.6299991607666,15.580011367797852,1554400.0,OFC
2009-03-18,3.5999999046325684,4.239999771118163,3.4500000476837163,4.199999809265137,3.3172717094421387,510800.0,OFG
2009-03-18,15.34000015258789,16.299999237060547,15.34000015258789,16.239999771118164,16.239999771118164,81300.0,OFIX
2009-03-18,15.0,15.960000038146973,15.0,15.960000038146973,11.413333892822266,1800.0,OFLX
2009-03-18,11.395000457763672,12.029999732971193,11.204999923706056,11.904999732971193,6.882858276367188,2234000.0,OGE
2009-03-18,58.0,58.0,58.0,58.0,58.0,0.0,OGEN
2009-03-18,95.8823013305664,95.8823013305664,95.8823013305664,95.8823013305664,95.8823013305664,30.0,OGI
2009-03-18,13.670000076293945,14.43000030517578,13.100000381469727,14.399999618530273,6.5226192474365225,2321100.0,OHI
2009-03-18,11.829999923706055,12.5,11.449999809265135,12.380000114440918,12.133469581604006,4009900.0,OI
2009-03-18,5.130000114440918,5.28000020980835,5.130000114440918,5.239999771118164,2.74914026260376,16700.0,OIA
2009-03-18,17.6200008392334,18.25,17.010000228881836,18.01499938964844,15.924932479858398,2219800.0,OII
2009-03-18,3.1700000762939453,3.220000028610229,3.0799999237060547,3.2000000476837163,3.2000000476837163,52400.0,OIIM
2009-03-18,7.3371429443359375,7.760000228881836,7.182857036590576,7.679999828338622,7.679999828338622,755400.0,OIS
2009-03-18,9.324110984802246,9.704955101013184,9.118368148803713,9.578007698059082,4.936783313751222,2075800.0,OKE
2009-03-18,7.329999923706055,7.769999980926514,7.329999923706055,7.639999866485597,7.59030294418335,245400.0,OLED
2009-03-18,12.5,13.789999961853027,12.470000267028807,13.760000228881836,9.156031608581543,3289000.0,OLN
2009-03-18,3.2000000476837163,3.2000000476837163,3.059999942779541,3.0799999237060547,1.2476955652236938,77000.0,OLP
2009-03-18,7.21999979019165,7.559999942779541,6.929999828338622,7.539999961853027,4.495814323425293,45100.0,OMAB
2009-03-18,23.899999618530273,24.8700008392334,23.540000915527344,24.649999618530273,18.36162567138672,3356400.0,OMC
2009-03-18,8.079999923706055,8.5,7.8400001525878915,8.399999618530272,8.399999618530272,180600.0,OMCL
2009-03-18,41.63999938964844,43.43999862670898,40.91999816894531,43.43999862670898,43.43999862670898,15400.0,OMEX
2009-03-18,22.47333335876465,23.86666679382324,22.47333335876465,23.440000534057614,16.971708297729492,1041900.0,OMI
2009-03-18,4.440000057220459,4.610000133514403,4.190000057220459,4.599999904632568,4.599999904632568,14692800.0,ON
2009-03-18,10.100000381469727,11.220000267028807,9.949999809265137,11.210000038146973,8.04884147644043,976000.0,ONB
2009-03-18,752.5,753.9000244140625,697.2000122070312,725.2000122070312,725.2000122070312,4400.0,ONCT
2009-03-18,11.210000038146973,11.6850004196167,11.210000038146973,11.399999618530273,11.399999618530273,1900.0,ONCY
2009-03-18,1.100000023841858,1.100000023841858,1.100000023841858,1.100000023841858,1.0696767568588257,0.0,OPBK
2009-03-18,9.0,9.0,8.039999961853027,8.920000076293945,8.920000076293945,25300.0,OPCH
2009-03-18,580.5714111328125,646.09521484375,580.5714111328125,646.09521484375,646.09521484375,0.0,OPHC
2009-03-18,0.6899999976158142,0.8600000143051147,0.6700000166893005,0.8299999833106995,0.8299999833106995,283200.0,OPK
2009-03-18,15.399999618530273,15.399999618530273,15.399999618530273,15.399999618530273,12.530282020568848,100.0,OPOF
2009-03-18,12.0,12.0,12.0,12.0,12.0,100.0,OPRX
2009-03-18,1086.0,1100.0,1020.0,1100.0,1100.0,100.0,OPTT
2009-03-18,10.199999809265137,12.489999771118164,10.199999809265137,11.75,9.285435676574707,85000.0,OPY
2009-03-18,26.229999542236328,26.86000061035156,25.5,26.84000015258789,24.781349182128906,438600.0,ORA
2009-03-18,22.8799991607666,23.71999931335449,22.57999992370605,23.51000022888184,11.598614692687988,2083300.0,ORAN
2009-03-18,1.3799999952316284,1.559999942779541,1.1599999666213991,1.5399999618530271,1.5399999618530271,1038300.0,ORBC
2009-03-18,15.149999618530273,16.09000015258789,15.06999969482422,15.829999923706055,13.783183097839355,58521300.0,ORCL
2009-03-18,9.619999885559082,10.5600004196167,9.510000228881836,10.550000190734863,5.523496627807617,3480300.0,ORI
2009-03-18,35.169998168945305,35.34000015258789,34.049999237060554,35.0,35.0,2473700.0,ORLY
2009-03-18,3.0,3.5999999046325684,3.0,3.0,3.0,5300.0,ORMP
2009-03-18,11.880000114440918,12.34000015258789,11.630000114440918,12.25,12.25,224200.0,ORN
2009-03-18,24.0,24.0,24.0,24.0,19.689128875732425,0.0,ORRF
2009-03-18,5.6599998474121085,5.96999979019165,5.429999828338623,5.699999809265138,5.505965232849121,88900.0,OSBC
2009-03-18,17.399999618530273,17.489999771118164,16.430000305175778,16.75,16.75,191500.0,OSIS
2009-03-18,6.360000133514403,6.880000114440918,6.1599998474121085,6.78000020980835,6.188196659088135,1380300.0,OSK
2009-03-18,5.0,5.0,4.760000228881836,4.949999809265137,4.949999809265137,473800.0,OSPN
2009-03-18,9.489999771118164,9.93000030517578,9.09000015258789,9.640000343322754,9.640000343322754,87300.0,OSTK
2009-03-18,2.7100000381469727,2.900000095367432,2.690000057220459,2.859999895095825,2.859999895095825,103900.0,OSUR
2009-03-18,0.019999999552965164,0.019999999552965164,0.01899999938905239,0.01899999938905239,0.018954869359731674,0.0,OSW
2009-03-18,8.600000381469728,8.899999618530273,8.550000190734862,8.600000381469728,6.0479512214660645,20800.0,OTEL
2009-03-18,7.769999980926514,8.162500381469728,7.672500133514403,8.127499580383299,7.221344470977782,2610800.0,OTEX
2009-03-18,20.770000457763672,21.88999938964844,20.25,21.540000915527344,13.49866771697998,333000.0,OTTR
2009-03-18,7.55033540725708,7.55033540725708,7.55033540725708,7.55033540725708,6.425666809082031,100.0,OTTW
2009-03-18,21.790000915527344,22.290000915527344,21.790000915527344,22.290000915527344,15.017976760864258,200.0,OVBC
2009-03-18,4.25,4.25,4.050000190734863,4.099999904632568,3.629004716873169,4300.0,OVLY
2009-03-18,200.5,205.3500061035156,193.0,203.6999969482422,99.41384887695312,1028100.0,OVV
2009-03-18,4.900000095367432,5.579999923706055,4.900000095367432,5.389999866485597,4.476998329162598,99500.0,OXM
2009-03-18,3.0499999523162837,3.5299999713897705,2.900000095367432,3.240000009536743,0.7622495293617249,176800.0,OXSQ
2009-03-18,52.64547348022461,55.356788635253906,51.15089797973633,54.45621109008789,36.14899063110352,9701100.0,OXY
2009-03-18,5.28000020980835,5.5974998474121085,5.269999980926514,5.587500095367432,4.57105827331543,781600.0,OZK
2009-03-18,17.975000381469727,18.200000762939453,17.975000381469727,18.18000030517578,7.087557315826416,2552800.0,PAA
2009-03-18,14.140000343322756,15.84000015258789,13.800000190734865,15.670000076293945,13.225669860839846,1756400.0,PAAS
2009-03-18,17.260000228881836,17.809999465942386,17.129999160766598,17.559999465942386,9.712403297424316,186400.0,PAC
2009-03-18,13.109999656677244,13.720000267028807,12.84000015258789,13.59000015258789,9.232888221740724,627700.0,PACW
2009-03-18,0.13714000582695007,0.13714000582695007,0.1320600062608719,0.1320600062608719,0.1320600062608719,817050.0,PAE
2009-03-18,7.300000190734862,8.920000076293945,7.239999771118164,8.859999656677246,7.130190849304199,1522800.0,PAG
2009-03-18,9.739999771118164,10.050000190734863,9.739999771118164,9.789999961853027,5.450442314147949,19900.0,PAI
2009-03-18,5.0900001525878915,5.0900001525878915,4.809999942779541,5.0,5.0,19200.0,PAR
2009-03-18,0.1688888818025589,0.17777778208255768,0.1111111119389534,0.119999997317791,0.11883548647165297,19000.0,PATK
2009-03-18,0.009999999776482582,0.009999999776482582,0.009999999776482582,0.009999999776482582,0.009999999776482582,0.0,PAYS
2009-03-18,22.979999542236328,23.459999084472656,22.65999984741211,23.25,15.632927894592285,5549500.0,PAYX
2009-03-18,25.68000030517578,27.790000915527344,24.8700008392334,27.75,22.27368927001953,952500.0,PB
2009-03-18,3.24369740486145,3.361344575881958,3.24369740486145,3.361344575881958,2.928260803222656,1000.0,PBBI
2009-03-18,25.0,25.0,25.0,25.0,23.318952560424805,400.0,PBC
2009-03-18,17.209999084472653,17.950000762939453,16.879999160766598,17.780000686645508,10.980591773986816,8357000.0,PBCT
2009-03-18,4.150000095367432,4.25,4.099999904632568,4.25,4.25,484500.0,PBH
2009-03-18,2.8840315341949463,2.8840315341949463,2.8840315341949463,2.8840315341949463,2.4574315547943115,0.0,PBHC
2009-03-18,21.40999984741211,22.21999931335449,21.21999931335449,21.96999931335449,11.499662399291992,2208400.0,PBI
2009-03-18,11.758474349975586,11.938559532165527,11.758474349975586,11.927966117858887,10.1383638381958,214000.0,PBIP
2009-03-18,30.29999923706055,31.399999618530273,29.26000022888184,31.01000022888184,26.20604705810547,29803800.0,PBR
2009-03-18,9.9399995803833,10.0,9.420000076293944,9.850000381469727,4.5675015449523935,218700.0,PBT
2009-03-18,24.46999931335449,26.68000030517578,24.13999938964844,26.149999618530273,18.251543045043945,7708500.0,PCAR
2009-03-18,0.6899999976158142,0.6899999976158142,0.6600000262260437,0.6600000262260437,0.530242919921875,0.0,PCB
2009-03-18,4.9099998474121085,4.9099998474121085,4.730000019073486,4.869999885559082,2.580475091934204,37600.0,PCF
2009-03-18,37.43000030517578,39.040000915527344,37.22999954223633,38.43000030517578,27.39496612548828,3949400.0,PCG
2009-03-18,20.739999771118164,22.309999465942386,20.309999465942386,22.280000686645508,12.727378845214846,982500.0,PCH
2009-03-18,7.489999771118164,7.679999828338622,7.489999771118164,7.570000171661378,3.558591604232788,36500.0,PCK
2009-03-18,4.460000038146973,4.489999771118164,4.110000133514403,4.309999942779541,1.3725014925003052,26900.0,PCM
2009-03-18,6.630000114440918,7.4099998474121085,6.630000114440918,7.139999866485597,2.2543435096740723,301300.0,PCN
2009-03-18,10.739999771118164,10.739999771118164,10.399999618530273,10.399999618530273,5.27039098739624,21600.0,PCQ
2009-03-18,4.929999828338623,5.03000020980835,4.730000019073486,4.960000038146973,3.874568939208984,70600.0,PCTI
2009-03-18,1.3899999856948853,1.3899999856948853,1.3899999856948853,1.3899999856948853,1.3899999856948853,100.0,PCYG
2009-03-18,2.75,2.9300000667572017,2.5999999046325684,2.6800000667572017,2.6800000667572017,10800.0,PCYO
2009-03-18,11.479999542236328,12.010000228881836,11.119999885559082,11.68000030517578,11.68000030517578,272400.0,PDCE
2009-03-18,17.829999923706055,18.420000076293945,17.670000076293945,18.170000076293945,14.147244453430176,1363700.0,PDCO
2009-03-18,1.2000000476837158,1.2000000476837158,1.2000000476837158,1.2000000476837158,1.2000000476837158,100.0,PDEX
2009-03-18,1.100000023841858,1.1599999666213991,1.100000023841858,1.1200000047683716,1.1200000047683716,34900.0,PDFS
2009-03-18,6.46999979019165,6.760000228881836,6.3499999046325675,6.6500000953674325,2.6725292205810547,1926100.0,PDLI
2009-03-18,2.509999990463257,2.509999990463257,2.309999942779541,2.4600000381469727,2.245899200439453,1745000.0,PDS
2009-03-18,5.710000038146973,5.949999809265138,5.599999904632568,5.940000057220459,2.3974103927612305,91200.0,PDT
2009-03-18,16.812385559082028,17.93260383605957,16.038251876831055,17.877960205078125,9.495619773864746,10576900.0,PEAK
2009-03-18,5.090909004211426,5.090909004211426,5.090909004211426,5.090909004211426,4.128077983856201,0.0,PEBK
2009-03-18,9.5090913772583,11.027273178100586,9.090909004211426,10.827272415161133,7.8579139709472665,36100.0,PEBO
2009-03-18,319.20001220703125,369.6000061035156,319.20001220703125,369.6000061035156,369.6000061035156,0.0,PED
2009-03-18,26.21999931335449,27.75,25.79999923706055,27.63999938964844,17.86464500427246,6383200.0,PEG
2009-03-18,8.305000305175781,9.175000190734863,8.305000305175781,8.949999809265137,8.588593482971191,594400.0,PEGA
2009-03-18,3.5199999809265137,4.0399999618530265,3.3399999141693115,4.0399999618530265,1.8942117691040041,1054900.0,PEI
2009-03-18,33.59999847412109,33.59999847412109,28.35000038146973,32.549999237060554,32.549999237060554,2300.0,PEIX
2009-03-18,4.937825202941895,5.145828723907472,4.840605735778809,5.145828723907472,4.786643028259277,6655700.0,PENN
2009-03-18,17.950000762939453,18.010000228881836,17.459999084472653,17.889999389648438,9.516942024230957,72900.0,PEO
2009-03-18,48.209999084472656,49.90999984741211,48.209999084472656,49.47000122070313,35.472103118896484,9202800.0,PEP
2009-03-18,9.18000030517578,9.600000381469727,9.149999618530273,9.300000190734863,6.577258586883545,12700.0,PERI
2009-03-18,7.75,7.949999809265138,7.5999999046325675,7.6500000953674325,7.6500000953674325,25100.0,PESI
2009-03-18,15.4399995803833,16.270000457763672,15.149999618530273,16.100000381469727,10.480542182922363,449700.0,PETS
2009-03-18,26.5,27.0,24.25,26.95000076293945,24.428110122680664,2600.0,PFBC
2009-03-18,4.009527683258057,4.057165622711182,3.8269155025482178,3.8269155025482178,2.4833009243011475,1800.0,PFBI
2009-03-18,5.28000020980835,5.28000020980835,4.9099998474121085,5.179999828338623,2.1766023635864262,55800.0,PFD
2009-03-18,14.210000038146973,14.579999923706055,13.720000267028807,14.25,9.463988304138184,55577700.0,PFE
2009-03-18,8.0,9.149999618530273,7.800000190734862,8.899999618530273,6.3941001892089835,14205900.0,PFG
2009-03-18,11.399999618530273,13.5,11.199999809265137,13.5,3.9864580631256095,2200.0,PFH
2009-03-18,0.8000000119209291,0.8000000119209291,0.8000000119209291,0.8000000119209291,0.6896072030067444,200.0,PFIN
2009-03-18,17.75,18.5,17.5,17.510000228881836,12.448423385620115,3200.0,PFIS
2009-03-18,4.769999980926514,5.119999885559082,4.75,5.119999885559082,1.5737426280975342,105300.0,PFL
2009-03-18,4.269999980926514,4.5900001525878915,4.199999809265137,4.550000190734863,1.4291030168533323,137300.0,PFN
2009-03-18,3.9500000476837163,4.099999904632568,3.880000114440918,4.0900001525878915,1.6905725002288818,37600.0,PFO
2009-03-18,10.079999923706056,10.989999771118164,9.890000343322754,10.90999984741211,7.3837523460388175,647400.0,PFS
2009-03-18,0.8000000119209291,0.8899999856948853,0.8000000119209291,0.8899999856948853,0.8899999856948853,31800.0,PFSW
2009-03-18,47.75,48.75,46.9900016784668,48.02000045776367,34.01461410522461,16707400.0,PG
2009-03-18,16.428571701049805,18.4761905670166,15.714285850524902,18.180952072143555,16.037675857543945,29700.0,PGC
2009-03-18,25.649999618530273,26.01000022888184,25.20000076293945,26.01000022888184,26.01000022888184,61700.0,PGM
2009-03-18,5.599999904632568,6.0999999046325675,5.4099998474121085,5.980000019073486,5.980000019073486,216800.0,PGNX
2009-03-18,7.53000020980835,7.880000114440918,7.5,7.829999923706055,2.42126202583313,91100.0,PGP
2009-03-18,12.739999771118164,13.390000343322756,12.300000190734865,13.380000114440918,9.76124382019043,9993600.0,PGR
2009-03-18,0.9300000071525574,0.9300000071525574,0.8399999737739563,0.8999999761581421,0.8999999761581421,72400.0,PGTI
2009-03-18,31.170000076293945,32.68000030517578,30.56999969482422,32.34000015258789,26.345548629760746,2050700.0,PH
2009-03-18,7.03000020980835,7.050000190734862,6.929999828338622,7.010000228881836,3.2163991928100586,105800.0,PHD
2009-03-18,15.59000015258789,16.239999771118164,15.289999961853027,16.15999984741211,11.08825969696045,2809600.0,PHG
2009-03-18,39.4900016784668,39.88000106811523,39.02999877929688,39.349998474121094,21.854101181030273,224600.0,PHI
2009-03-18,5.039999961853027,5.6500000953674325,4.800000190734863,5.28000020980835,1.368229866027832,1058600.0,PHK
2009-03-18,10.09000015258789,11.399999618530273,9.649999618530273,10.949999809265137,9.902579307556152,10296100.0,PHM
2009-03-18,7.760000228881836,8.420000076293945,7.699999809265138,8.210000038146973,2.729857444763184,138900.0,PHT
2009-03-18,8.289999961853027,8.989999771118164,8.0,8.850000381469727,7.513869285583496,73800.0,PHX
2009-03-18,25.03000068664551,26.45000076293945,24.940000534057614,25.84000015258789,18.642229080200195,94000.0,PICO
2009-03-18,10.335000038146973,10.975000381469727,9.864999771118164,10.81999969482422,7.785489082336426,931200.0,PII
2009-03-18,4.099999904632568,4.170000076293944,4.0300002098083505,4.170000076293944,1.6912652254104614,194500.0,PIM
2009-03-18,12.0,14.43000030517578,12.0,13.390000343322756,4.022216320037842,4900.0,PIY
2009-03-18,0.14000000059604645,0.14000000059604645,0.14000000059604645,0.14000000059604645,0.1367272287607193,0.0,PJT
2009-03-18,3.2908830642700195,3.762783288955689,3.2660460472106934,3.762783288955689,3.305026769638061,8000.0,PKBK
2009-03-18,17.010000228881836,18.63999938964844,17.010000228881836,18.38999938964844,7.47853946685791,69300.0,PKE
2009-03-18,11.84000015258789,12.470000267028807,11.699999809265135,12.34000015258789,8.974947929382324,1084000.0,PKG
2009-03-18,12.050000190734865,12.270000457763672,11.850000381469727,12.09000015258789,11.08191967010498,858900.0,PKI
2009-03-18,14.56999969482422,15.350000381469727,14.010000228881836,15.079999923706055,4.607125759124756,45100.0,PKO
2009-03-18,3.380000114440918,3.849999904632568,3.2300000190734863,3.2999999523162837,3.0460097789764404,46100.0,PKOH
2009-03-18,62.41999816894531,64.38999938964844,60.0099983215332,64.26999664306639,47.60647964477539,1518600.0,PKX
2009-03-18,0.9300000071525574,1.0299999713897705,0.9200000166893004,1.0299999713897705,1.0299999713897705,120600.0,PLAB
2009-03-18,4.400000095367432,4.989999771118164,3.7999999523162837,4.78000020980835,4.524167060852051,3700.0,PLBC
2009-03-18,22.670000076293945,23.920000076293945,21.790000915527344,23.51000022888184,21.44339179992676,957400.0,PLCE
2009-03-18,13.039999961853027,14.729999542236328,12.8100004196167,14.5,9.737409591674805,6645100.0,PLD
2009-03-18,119.0,121.0,115.0,121.0,121.0,800.0,PLG
2009-03-18,0.5419580340385437,0.5856643319129944,0.49825173616409296,0.5681818127632141,0.5681818127632141,215900.0,PLM
2009-03-18,39.47999954223633,43.060001373291016,37.86999893188477,43.060001373291016,36.00638198852539,7500.0,PLPC
2009-03-18,9.199999809265137,9.979999542236328,9.170000076293944,9.81999969482422,8.661255836486816,586600.0,PLT
2009-03-18,8.5,9.100000381469727,8.300000190734862,9.100000381469727,9.100000381469727,24800.0,PLUG
2009-03-18,5.75,6.0250000953674325,5.75,6.0250000953674325,5.670921802520753,8400.0,PLUS
2009-03-18,22.899999618530273,23.20000076293945,21.700000762939453,22.299999237060547,22.299999237060547,3300.0,PLX
2009-03-18,13.390000343322756,13.890000343322756,12.970000267028807,13.739999771118164,13.739999771118164,279100.0,PLXS
2009-03-18,38.22000122070313,39.2599983215332,37.95000076293945,38.27999877929688,22.504547119140625,12208500.0,PM
2009-03-18,3.400000095367432,3.5499999523162837,3.400000095367432,3.5499999523162837,3.5499999523162837,4300.0,PMBC
2009-03-18,3.8199999332427983,4.070000171661377,3.8199999332427983,4.070000171661377,2.347133159637451,9400.0,PMD
2009-03-18,9.579999923706056,9.619999885559082,9.390000343322754,9.43000030517578,4.674627780914307,37100.0,PMF
2009-03-18,7.929999828338622,8.0,7.800000190734862,7.9099998474121085,3.9162728786468506,104100.0,PML
2009-03-18,5.349999904632568,5.429999828338623,5.320000171661377,5.400000095367432,2.7110185623168945,43400.0,PMM
2009-03-18,9.039999961853027,9.09000015258789,9.020000457763672,9.079999923706056,4.634458065032959,32100.0,PMO
2009-03-18,8.300000190734862,8.369999885559082,8.220000267028809,8.359999656677246,3.969189167022705,60800.0,PMX
2009-03-18,44.5,44.900001525878906,43.0,43.0,42.71249771118164,0.0,PNBK
2009-03-18,27.70000076293945,31.5,27.57999992370605,31.46999931335449,24.779600143432614,16768700.0,PNC
2009-03-18,8.100000381469728,8.229999542236326,8.0,8.229999542236326,4.34418249130249,34700.0,PNF
2009-03-18,19.93000030517578,21.280000686645508,19.65999984741211,21.13999938964844,19.80766487121582,319200.0,PNFP
2009-03-18,8.779999732971191,9.0,8.630000114440918,8.640000343322754,4.3675804138183585,23500.0,PNI
2009-03-18,7.960000038146973,8.75,7.880000114440918,8.689999580383299,6.222460746765138,1786400.0,PNM
2009-03-18,3.690000057220459,3.7699999809265137,3.670000076293945,3.75,0.9940038919448853,120600.0,PNNT
2009-03-18,13.498992919921875,14.392210006713867,13.384821891784668,14.22431182861328,10.328744888305664,1381700.0,PNR
2009-03-18,33.360000610351555,33.360000610351555,27.979999542236328,32.509998321533196,32.509998321533196,900.0,PNRG
2009-03-18,25.190000534057614,26.45000076293945,24.96999931335449,26.28000068664551,16.655895233154293,1359300.0,PNW
2009-03-18,3.0,3.2999999523162837,2.9500000476837163,3.2799999713897705,3.2799999713897705,174400.0,PODD
2009-03-18,1.950000047683716,2.150000095367432,1.8899999856948853,2.0899999141693115,1.814494490623474,530800.0,POL
2009-03-18,12.640000343322756,13.020000457763672,12.31999969482422,12.850000381469727,10.800436019897461,654800.0,POOL
2009-03-18,18.26000022888184,19.56999969482422,18.26000022888184,19.36000061035156,12.859950065612793,9800.0,POPE
2009-03-18,17.610000610351562,18.26000022888184,17.270000457763672,18.049999237060547,11.870342254638672,1237100.0,POR
2009-03-18,19.38999938964844,19.489999771118164,19.209999084472656,19.440000534057614,17.894935607910156,510600.0,POWI
2009-03-18,32.950000762939446,33.990001678466804,32.169998168945305,33.31999969482422,27.64096069335937,87800.0,POWL
2009-03-18,3.869999885559082,4.4099998474121085,3.849999904632568,4.010000228881837,3.8671283721923833,25700.0,PPBI
2009-03-18,1.2000000476837158,1.5499999523162842,1.149999976158142,1.3899999856948853,1.0506633520126345,774800.0,PPC
2009-03-18,17.040000915527347,17.655000686645508,16.65999984741211,17.495000839233402,12.11849594116211,4602200.0,PPG
2009-03-18,5.5,5.699999809265138,5.5,5.519999980926514,5.519999980926514,800.0,PPIH
2009-03-18,24.79386711120605,26.21891021728516,24.495819091796875,26.17234039306641,15.012852668762207,3628000.0,PPL
2009-03-18,3.440000057220459,3.470000028610229,3.380000114440918,3.390000104904175,1.697376012802124,433000.0,PPR
2009-03-18,4.070000171661377,4.179999828338623,4.059999942779541,4.1599998474121085,1.7518733739852903,448400.0,PPT
2009-03-18,22.63500022888184,23.434999465942386,22.3700008392334,23.38500022888184,18.578929901123047,564800.0,PRA
2009-03-18,7.9000000953674325,8.313333511352539,7.683333396911621,8.313333511352539,8.313333511352539,296100.0,PRAA
2009-03-18,2.6600000858306885,2.6700000762939453,2.490000009536743,2.5999999046325684,2.410152673721313,12100.0,PRCP
2009-03-18,4.559999942779541,4.900000095367432,4.5,4.900000095367432,4.900000095367432,157600.0,PRFT
2009-03-18,23.29999923706055,23.88999938964844,22.93000030517578,23.29999923706055,21.63937759399414,1269300.0,PRGO
2009-03-18,11.393333435058596,11.786666870117188,11.279999732971193,11.673333168029785,11.05016803741455,443100.0,PRGS
2009-03-18,2.970000028610229,3.130000114440918,2.9100000858306885,3.119999885559082,3.119999885559082,57800.0,PRGX
2009-03-18,3.660000085830689,3.990000009536743,3.3499999046325684,3.7000000476837163,3.2906482219696045,30800.0,PRIM
2009-03-18,53.25,55.790000915527344,51.25,55.790000915527344,32.730262756347656,115500.0,PRK
2009-03-18,4.349999904632568,4.940000057220459,4.3400001525878915,4.929999828338623,4.929999828338623,70300.0,PRO
2009-03-18,4.789999961853027,5.9099998474121085,4.789999961853027,5.3400001525878915,4.206011772155762,1500.0,PROV
2009-03-18,4.179999828338623,4.3400001525878915,4.179999828338623,4.320000171661377,2.615814685821533,1700.0,PRPH
2009-03-18,4.75,5.260000228881836,4.070000171661377,5.139999866485597,5.139999866485597,98000.0,PRSC
2009-03-18,2.0199999809265137,2.0799999237060547,1.9800000190734863,2.0,1.6138545274734497,18899.0,PRT
2009-03-18,36.0,36.0,36.0,36.0,8.757902145385742,200.0,PRTK
2009-03-18,1.5499999523162842,1.5900000333786009,1.399999976158142,1.5900000333786009,1.5900000333786009,283300.0,PRTS
2009-03-18,20.5,25.29999923706055,20.0,24.920000076293945,17.883331298828125,21552600.0,PRU
2009-03-18,3.940000057220459,4.0,3.920000076293945,4.0,4.0,2234800.0,PS
2009-03-18,56.31000137329102,59.22999954223633,54.65999984741211,58.66999816894531,40.57769775390625,6041400.0,PSA
2009-03-18,34.549999237060554,37.36999893188477,33.689998626708984,37.0,27.0241813659668,148800.0,PSB
2009-03-18,7.619999885559082,8.729999542236326,7.570000171661378,8.720000267028809,2.2158794403076167,221600.0,PSEC
2009-03-18,18.020000457763672,18.940000534057614,18.020000457763672,18.8700008392334,16.670198440551758,74100.0,PSMT
2009-03-18,9.619999885559082,10.029999732971193,9.579999923706056,9.960000038146973,6.193043231964111,341300.0,PSO
2009-03-18,14.300000190734865,14.300000190734865,13.600000381469727,13.600000381469727,13.600000381469727,3400.0,PSTI
2009-03-18,12750.0,14175.0,12750.0,13950.0,13950.0,0.0,PSTV
2009-03-18,8.779999732971191,9.34000015258789,8.5,9.279999732971193,9.279999732971193,1096000.0,PTC
2009-03-18,47.88000106811523,56.70000076293945,47.88000106811523,52.5,37.02631378173828,7000.0,PTE
2009-03-18,9.5,10.229999542236328,9.229999542236328,10.0600004196167,8.76492977142334,7703100.0,PTEN
2009-03-18,1.8999999761581419,2.299999952316284,1.8600000143051147,2.299999952316284,0.4762861728668213,133500.0,PTMN
2009-03-18,0.8000000119209291,0.8000000119209291,0.699999988079071,0.8000000119209291,0.8000000119209291,11300.0,PTN
2009-03-18,14.09000015258789,14.479999542236328,13.93000030517578,14.470000267028807,9.433399200439453,124100.0,PTNR
2009-03-18,77.11000061035156,79.5,75.25,78.33000183105469,54.83559799194336,853700.0,PTR
2009-03-18,5.6500000953674325,6.039999961853027,5.300000190734863,5.75,4.795685768127441,67000.0,PTSI
2009-03-18,17.149999618530273,17.149999618530273,17.149999618530273,17.149999618530273,10.293486595153807,700.0,PTVCA
2009-03-18,18.399999618530273,19.25,18.040000915527344,19.25,11.67889404296875,17500.0,PTVCB
2009-03-18,6.820000171661378,7.3499999046325675,6.809999942779541,7.230000019073486,2.030449390411377,275100.0,PTY
2009-03-18,7.03000020980835,7.800000190734862,6.789999961853027,7.630000114440918,4.553509712219238,501600.0,PUK
2009-03-18,17.209999084472653,18.65999984741211,17.120000839233402,18.440000534057614,18.02577781677246,1050200.0,PVH
2009-03-18,10.789999961853027,10.789999961853027,10.25,10.4399995803833,8.906292915344238,700.0,PW
2009-03-18,23.25,24.459999084472656,23.25,24.0,16.542123794555664,400.0,PWOD
2009-03-18,21.96999931335449,21.989999771118164,20.270000457763672,21.420000076293945,21.298189163208008,3920400.0,PWR
2009-03-18,15.93000030517578,16.360000610351562,15.050000190734865,16.260000228881836,15.82073211669922,3458300.0,PXD
2009-03-18,0.4099999964237213,0.5,0.4099999964237213,0.5,0.5,9800.0,PXLW
2009-03-18,7.869999885559082,7.949999809265138,7.320000171661378,7.579999923706055,3.864377498626709,40400.0,PYN
2009-03-18,9.75,10.0,9.399999618530273,9.399999618530273,4.0870089530944815,4300.0,PYS
2009-03-18,9.6899995803833,9.6899995803833,9.6899995803833,9.6899995803833,6.330070018768311,0.0,PYT
2009-03-18,39.20000076293945,41.400001525878906,37.20000076293945,40.0,40.0,106100.0,PYX
2009-03-18,7.1599998474121085,7.320000171661378,7.1599998474121085,7.260000228881836,3.5751304626464844,67600.0,PZC
2009-03-18,0.75,0.8199999928474426,0.75,0.8199999928474426,0.8199999928474426,18500.0,PZG
2009-03-18,1.8400000333786009,2.049999952316284,1.7899999618530271,1.8999999761581419,1.1567951440811155,210000.0,PZN
2009-03-18,12.395000457763672,12.625,12.175000190734865,12.550000190734865,11.462440490722654,982600.0,PZZA
2009-03-18,23.70000076293945,28.29999923706055,23.70000076293945,27.899999618530273,21.7469425201416,1900.0,QADB
2009-03-18,9.779999732971193,10.140000343322754,9.65999984741211,10.140000343322754,9.332237243652344,400.0,QBAK
2009-03-18,36.75,38.599998474121094,36.72999954223633,37.95000076293945,28.41325187683105,26388400.0,QCOM
2009-03-18,8.300000190734862,8.399999618530272,8.100000381469728,8.399999618530272,7.824637413024902,22000.0,QCRH
2009-03-18,7.989999771118164,8.220000267028809,7.809999942779541,8.170000076293945,8.170000076293945,449300.0,QDEL
2009-03-18,16.548856735229492,16.735967636108402,16.434511184692386,16.580041885375973,15.947972297668455,1435000.0,QGEN
2009-03-18,3.039999961853028,3.5999999046325684,3.039999961853028,3.5999999046325684,3.5999999046325684,124900.0,QMCO
2009-03-18,9.649999618530273,9.649999618530273,9.15999984741211,9.470000267028807,3.7657978534698486,53300.0,QQQX
2009-03-18,2.588832378387451,2.631133556365967,2.4619288444519043,2.622673511505127,2.622673511505127,3879000.0,QRTEA
2009-03-18,2.4640135765075684,2.4640135765075684,2.4640135765075684,2.4640135765075684,2.4640135765075684,0.0,QRTEB
2009-03-18,27.29999923706055,27.29999923706055,19.600000381469727,22.26000022888184,22.26000022888184,28500.0,QUIK
2009-03-18,13.630000114440918,14.0,12.880000114440918,13.989999771118164,12.673340797424315,27100.0,QUMU
2009-03-18,25.59000015258789,27.34000015258789,25.059999465942386,27.170000076293945,20.396059036254886,1484600.0,R
2009-03-18,5.599999904632568,6.0,5.400000095367432,6.0,6.0,104900.0,RAD
2009-03-18,1.7200000286102295,2.380000114440918,1.7200000286102295,2.200000047683716,2.200000047683716,2900.0,RADA
2009-03-18,16.5,17.010000228881836,16.120000839233402,16.930000305175778,15.33417510986328,178700.0,RAIL
2009-03-18,3.5999999046325684,3.5999999046325684,3.5999999046325684,3.5999999046325684,3.5999999046325684,0.0,RAND
2009-03-18,1.0599999427795408,1.1200000047683716,1.0399999618530271,1.1200000047683716,1.1200000047683716,95500.0,RAVE
2009-03-18,10.145000457763672,10.6899995803833,9.954999923706056,10.600000381469727,8.396212577819824,151000.0,RAVN
2009-03-18,16.979999542236328,18.309999465942386,16.760000228881836,18.07999992370605,14.01742172241211,698300.0,RBA
2009-03-18,9.0,10.0,8.949999809265137,9.75,9.75,429800.0,RBBN
2009-03-18,28.709999084472656,31.40999984741211,28.40999984741211,31.20000076293945,26.84903717041016,657800.0,RBC
2009-03-18,18.229999542236328,18.940000534057614,17.950000762939453,18.59000015258789,13.705881118774414,35000.0,RBCAA
2009-03-18,53.29999923706055,61.79999923706055,53.29999923706055,58.9000015258789,58.9000015258789,10600.0,RBCN
2009-03-18,6.46999979019165,7.110000133514403,6.3499999046325675,7.0,5.852731227874756,513100.0,RBS
2009-03-18,8.386500358581543,8.386500358581543,8.386500358581543,8.386500358581543,8.136754989624022,517260.0,RCB
2009-03-18,2.7300000190734863,2.7300000190734863,2.7300000190734863,2.7300000190734863,2.7300000190734863,500.0,RCG
2009-03-18,23.459999084472656,24.35000038146973,23.26000022888184,24.07999992370605,15.460996627807615,929100.0,RCI
2009-03-18,18.489999771118164,18.920000076293945,18.209999084472656,18.65999984741211,15.243881225585938,2334600.0,RCII
2009-03-18,3.2300000190734863,3.289999961853028,3.140000104904175,3.190000057220459,2.6180572509765625,5200.0,RCKY
2009-03-18,7.920000076293945,8.600000381469728,7.75,8.279999732971191,6.8755364418029785,4042300.0,RCL
2009-03-18,1.0299999713897705,1.100000023841858,1.0199999809265137,1.0499999523162842,0.36692649126052856,4300.0,RCMT
2009-03-18,0.10000000149011612,0.10000000149011612,0.10000000149011612,0.10000000149011612,0.08944344520568848,25800.0,RCP
2009-03-18,7.119999885559082,7.4000000953674325,7.0999999046325675,7.3499999046325675,2.269406318664551,64200.0,RCS
2009-03-18,0.6399999856948853,0.6399999856948853,0.550000011920929,0.6100000143051147,0.6100000143051147,1800.0,RDCM
2009-03-18,3.5299999713897705,3.5299999713897705,3.130000114440918,3.4500000476837163,3.4500000476837163,2400.0,RDI
2009-03-18,1.7400000095367432,1.9700000286102293,1.6399999856948853,1.8400000333786009,1.8063499927520752,1365500.0,RDN
2009-03-18,1.3400000333786009,1.5499999523162842,1.2999999523162842,1.4500000476837158,1.4500000476837158,434300.0,RDNT
2009-03-18,2.9049999713897705,2.9049999713897705,2.6700000762939453,2.740000009536743,2.740000009536743,138400.0,RDWR
2009-03-18,8.899999618530273,9.09000015258789,8.760000228881836,9.039999961853027,8.19507884979248,148500.0,RDY
2009-03-18,66.47000122070311,69.51000213623047,66.23999786376953,69.51000213623047,54.603858947753906,890800.0,RE
2009-03-18,1.1399999856948853,1.1399999856948853,0.9700000286102296,1.0399999618530271,1.0399999618530271,27500.0,REED
2009-03-18,3.990000009536743,3.990000009536743,3.4800000190734863,3.640000104904175,3.640000104904175,17700.0,REFR
2009-03-18,27.20000076293945,30.239999771118164,27.190000534057614,29.489999771118164,19.403615951538086,3720800.0,REG
2009-03-18,14.18000030517578,14.869999885559082,13.779999732971193,14.449999809265135,14.449999809265135,388800.0,REGN
2009-03-18,3.0,3.0,3.0,3.0,3.0,1300.0,REI
2009-03-18,2.890000104904175,3.109999895095825,2.740000009536743,2.859999895095825,2.1328647136688232,35700.0,RELL
2009-03-18,27.51000022888184,27.51000022888184,26.040000915527344,27.09000015258789,26.694324493408203,1000.0,RELV
2009-03-18,7.139999866485597,7.420000076293945,7.077499866485597,7.375,2.5118632316589355,183600.0,RELX
2009-03-18,2.8977777957916264,3.004444360733032,2.777777671813965,3.0,2.4876809120178223,385800.0,RES
2009-03-18,2.799999952316284,3.130000114440918,2.7300000190734863,3.0299999713897705,3.001652240753174,173700.0,REV
2009-03-18,9.850000381469727,11.489999771118164,9.850000381469727,10.949999809265137,10.949999809265137,95900.0,REX
2009-03-18,84.0,100.8000030517578,84.0,100.8000030517578,100.8000030517578,300.0,REXN
2009-03-18,4.0300002098083505,4.949999809265137,3.910000085830689,4.949999809265137,4.056502819061278,26273600.0,RF
2009-03-18,5.119999885559082,5.800000190734862,5.119999885559082,5.449999809265137,2.1438124179840092,86000.0,RFI
2009-03-18,1.6950000524520874,1.6950000524520874,1.5,1.6000000238418581,1.0356696844100952,66800.0,RFIL
2009-03-18,0.7699999809265137,0.7699999809265137,0.7599999904632568,0.7699999809265137,0.7699999809265137,0.0,RFM
2009-03-18,27.989999771118164,29.31999969482422,27.709999084472656,28.989999771118164,24.7336540222168,1574900.0,RGA
2009-03-18,7.800000190734862,7.800000190734862,7.666666507720947,7.683333396911621,3.554633378982544,2100.0,RGCO
2009-03-18,4.269999980926514,4.389999866485597,4.25,4.389999866485597,4.389999866485597,83700.0,RGEN
2009-03-18,38.47000122070313,42.34000015258789,37.599998474121094,42.209999084472656,37.19398880004883,1222300.0,RGLD
2009-03-18,10.489999771118164,10.65999984741211,10.079999923706056,10.520000457763672,8.022192001342772,200600.0,RGR
2009-03-18,13.09000015258789,14.100000381469727,12.93000030517578,14.079999923706055,13.015488624572756,565600.0,RGS
2009-03-18,16.639999389648438,17.579999923706055,16.450000762939453,17.370000839233402,14.215435028076172,2297900.0,RHI
2009-03-18,7.46999979019165,8.180000305175781,7.3499999046325675,8.100000381469728,4.578173637390137,418800.0,RHP
2009-03-18,48.0,48.0,42.0,44.0,44.0,2400.0,RIBT
2009-03-18,3.0,3.220000028610229,2.970000028610229,3.220000028610229,3.121678113937378,61700.0,RICK
2009-03-18,7.579403400421143,7.723773002624513,7.5649662017822275,7.723773002624513,3.8098206520080566,3000.0,RIF
2009-03-18,57.4900016784668,60.13999938964844,56.13000106811523,59.29999923706055,47.15428924560547,9347300.0,RIG
2009-03-18,6.4099998474121085,6.800000190734862,6.1599998474121085,6.690000057220459,6.690000057220459,308000.0,RIGL
2009-03-18,189.70297241210938,190.09901428222656,189.3069305419922,189.50494384765625,165.03955078125,1600.0,RILY
2009-03-18,26.522499084472656,27.774999618530273,25.50749969482422,27.497499465942386,14.42396354675293,6026400.0,RIO
2009-03-18,6.920000076293945,6.960000038146973,6.800000190734862,6.929999828338622,6.929999828338622,118800.0,RJA
2009-03-18,17.5,20.0,17.040000915527347,19.5,16.45166015625,3066400.0,RJF
2009-03-18,5.920000076293945,6.0,5.71999979019165,5.989999771118164,5.989999771118164,172800.0,RJI
2009-03-18,4.75,4.789999961853027,4.550000190734863,4.769999980926514,4.769999980926514,56000.0,RJN
2009-03-18,6.0999999046325675,6.199999809265138,5.989999771118164,6.199999809265138,6.199999809265138,8300.0,RJZ
2009-03-18,37.150001525878906,40.59000015258789,37.0099983215332,40.16999816894531,34.1461181640625,4006900.0,RL
2009-03-18,0.14000000059604645,0.14000000059604645,0.14000000059604645,0.14000000059604645,0.14000000059604645,0.0,RLGT
2009-03-18,2.7799999713897705,2.8499999046325684,2.6600000858306885,2.8399999141693115,2.8399999141693115,24400.0,RLH
2009-03-18,25.22500038146973,25.61000061035156,24.739999771118164,25.524999618530273,19.236888885498047,432800.0,RLI
2009-03-18,9.59000015258789,10.710000038146973,9.510000228881836,10.600000381469727,10.600000381469727,2687900.0,RMBS
2009-03-18,5.199999809265137,5.199999809265137,5.179999828338623,5.199999809265137,3.2112762928009038,4100.0,RMCF
2009-03-18,16.905000686645508,17.399999618530273,16.889999389648438,17.264999389648438,15.186059951782227,2829800.0,RMD
2009-03-18,0.2639999985694885,0.2639999985694885,0.23100000619888306,0.23100000619888306,0.23100000619888306,0.0,RMG
2009-03-18,4.480000019073486,4.889999866485597,4.400000095367432,4.75,1.7600102424621582,86200.0,RMT
2009-03-18,4.190000057220459,4.300000190734863,4.1599998474121085,4.239999771118163,4.239999771118163,11400.0,RMTI
2009-03-18,3.5199999809265137,3.7899999618530273,3.4800000190734863,3.7899999618530273,1.6403851509094238,156300.0,RNP
2009-03-18,46.97999954223633,50.25,46.54999923706055,50.20000076293945,43.80500030517578,1443000.0,RNR
2009-03-18,12.399999618530273,13.489999771118164,12.0,13.43000030517578,9.640738487243652,120300.0,RNST
2009-03-18,8.920000076293945,8.920000076293945,8.520000457763674,8.84000015258789,5.94163990020752,308400.0,RNWK
2009-03-18,18.07999992370605,19.34000015258789,17.649999618530273,18.8799991607666,18.8799991607666,159300.0,ROG
2009-03-18,22.71999931335449,24.26000022888184,22.309999465942386,23.85000038146973,18.576068878173828,1858100.0,ROK
2009-03-18,4.755555629730225,4.8888888359069815,4.672592639923097,4.829629421234131,3.5355453491210938,529800.0,ROL
2009-03-18,15.539999961853027,16.350000381469727,15.100000381469727,16.25,15.729999542236328,176000.0,ROLL
2009-03-18,42.5,44.790000915527344,41.959999084472656,44.16999816894531,41.31721115112305,741100.0,ROP
2009-03-18,4.269999980926514,4.4099998474121085,3.890000104904175,4.300000190734863,4.300000190734863,850978.0,ROSE
2009-03-18,8.185000419616701,8.592499732971191,8.185000419616701,8.524999618530272,7.61326265335083,12530400.0,ROST
2009-03-18,10.960000038146973,11.579999923706055,10.960000038146973,11.550000190734865,8.34400749206543,984300.0,RPM
2009-03-18,4.989999771118164,5.190000057220459,4.800000190734863,5.099999904632568,2.8308682441711426,191900.0,RPT
2009-03-18,2.0299999713897705,2.2100000381469727,1.950000047683716,2.2100000381469727,0.9657720923423768,171800.0,RQI
2009-03-18,40.72999954223633,41.86000061035156,38.43999862670898,41.16999816894531,39.33141326904297,4247500.0,RRC
2009-03-18,7.170000076293945,7.480000019073486,7.010000228881836,7.320000171661378,3.741934776306152,1926500.0,RRD
2009-03-18,15.5,17.270000457763672,15.5,17.219999313354492,17.219999313354492,594600.0,RRGB
2009-03-18,22.26000022888184,24.149999618530273,21.809999465942386,23.770000457763672,19.233213424682614,2082300.0,RS
2009-03-18,17.100000381469727,17.809999465942386,16.709999084472653,17.520000457763672,12.953617095947266,3701200.0,RSG
2009-03-18,3.0999999046325684,3.220000028610229,3.009999990463257,3.0999999046325684,3.0999999046325684,137300.0,RTIX
2009-03-18,35.31999969482422,36.63000106811523,34.860000610351555,36.33000183105469,27.22562599182129,4754700.0,RTN
2009-03-18,8.020000457763674,9.239999771118164,7.480000019073486,9.220000267028807,9.029946327209473,242700.0,RUSHA
2009-03-18,7.110000133514403,8.109999656677246,7.110000133514403,8.109999656677246,7.942967891693115,18400.0,RUSHB
2009-03-18,1.100000023841858,1.3899999856948853,1.0399999618530271,1.2400000095367432,1.0958802700042725,515100.0,RUTH
2009-03-18,0.550000011920929,0.5899999737739563,0.550000011920929,0.5899999737739563,0.5899999737739563,1900.0,RVP
2009-03-18,3.130000114440918,3.890000104904175,3.0,3.890000104904175,3.564661026000977,42500.0,RVSB
2009-03-18,5.857933521270753,6.346863269805907,5.848708629608153,6.125461101531982,2.9414730072021484,160800.0,RVT
2009-03-18,14.550000190734865,15.90999984741211,14.40999984741211,15.539999961853027,7.018041133880615,1662900.0,RWT
2009-03-18,28.59000015258789,29.489999771118164,27.70000076293945,29.270000457763672,17.595239639282227,3709300.0,RY
2009-03-18,23.38461494445801,25.05640983581543,23.37435913085937,24.574359893798828,19.916994094848636,703800.0,RYAAY
2009-03-18,13.681852340698242,14.573064804077148,13.39805793762207,14.533233642578125,8.17512035369873,5672100.0,RYN
2009-03-18,18.780000686645508,21.309999465942386,18.06999969482422,21.25,21.25,550500.0,SA
2009-03-18,3.0,3.25,3.0,3.0999999046325684,2.82778000831604,1826700.0,SAF
2009-03-18,33.97999954223633,34.450000762939446,32.889999389648445,34.02000045776367,29.023651123046875,293800.0,SAFM
2009-03-18,32.02000045776367,34.02000045776367,31.229999542236328,34.02000045776367,20.81732177734375,146700.0,SAFT
2009-03-18,1.3600000143051147,1.5299999713897705,1.25,1.4900000095367432,1.3704254627227783,949900.0,SAH
2009-03-18,6.886666774749756,7.426666736602782,6.746666431427003,7.326666831970215,7.326666831970215,222700.0,SAIA
2009-03-18,23.5,24.54999923706055,23.5,24.54999923706055,16.164728164672848,1200.0,SAL
2009-03-18,0.4099999964237213,0.8000000119209291,0.3700000047683716,0.5799999833106995,0.3576165437698364,38900.0,SALM
2009-03-18,19.40999984741211,19.940000534057614,19.11000061035156,19.709999084472656,19.709999084472656,88100.0,SAM
2009-03-18,6.630000114440918,7.0900001525878915,6.480000019073486,7.070000171661378,3.3481369018554688,1722700.0,SAN
2009-03-18,1.5,1.559999942779541,1.3799999952316284,1.559999942779541,1.559999942779541,1001600.0,SANM
2009-03-18,34.709999084472656,36.7400016784668,34.540000915527344,36.2599983215332,29.942066192626953,2892600.0,SAP
2009-03-18,18.5,18.899999618530273,16.200000762939453,17.899999618530273,6.132465362548827,2400.0,SAR
2009-03-18,11.600000381469727,12.130000114440918,11.449999809265135,12.130000114440918,9.071831703186037,71100.0,SASR
2009-03-18,11.636953353881836,11.742300987243652,11.32901096343994,11.620745658874512,11.620745658874512,307700.0,SATS
2009-03-18,29.399999618530273,29.88999938964844,29.04999923706055,29.81999969482422,17.378307342529293,22700.0,SAVA
2009-03-18,3.0999999046325684,3.0999999046325684,2.9500000476837163,2.990000009536743,2.068888664245605,113700.0,SB
2009-03-18,22.989999771118164,23.5,22.51000022888184,23.35000038146973,23.35000038146973,1860100.0,SBAC
2009-03-18,3.220000028610229,3.220000028610229,3.220000028610229,3.220000028610229,2.989793539047241,0.0,SBBX
2009-03-18,15.699999809265135,18.549999237060547,15.649999618530273,18.100000381469727,18.100000381469727,27200.0,SBCF
2009-03-18,7.820000171661378,7.889999866485597,7.710000038146973,7.889999866485597,6.675973415374756,600.0,SBFG
2009-03-18,0.9200000166893004,0.9700000286102296,0.8999999761581421,0.9399999976158142,0.6315447688102722,675000.0,SBGI
2009-03-18,5.210000038146973,5.260000228881836,4.980000019073486,5.260000228881836,5.260000228881836,796800.0,SBH
2009-03-18,7.8499999046325675,7.889999866485597,7.800000190734862,7.889999866485597,4.741076946258545,9800.0,SBI
2009-03-18,168.75,178.5,163.5,171.0,127.65338134765624,9900.0,SBLK
2009-03-18,25.84000015258789,26.25,24.899999618530273,26.25,25.431867599487305,584300.0,SBNY
2009-03-18,34.72999954223633,34.830001831054695,32.97999954223633,34.75,16.712255477905273,23600.0,SBR
2009-03-18,29.61000061035156,29.96999931335449,27.899999618530273,28.649999618530273,12.264426231384276,239900.0,SBRA
2009-03-18,3.5,3.683333396911621,3.4200000762939453,3.6633334159851074,2.5392529964447017,2748000.0,SBS
2009-03-18,13.306536674499512,13.991539001464846,12.752704620361328,13.95510196685791,9.088844299316406,66700.0,SBSI
2009-03-18,2870.0,2870.0,2870.0,2870.0,2844.567626953125,35.0,SBT
2009-03-18,5.5349998474121085,5.815000057220459,5.480000019073486,5.75,4.882342338562012,24836200.0,SBUX
2009-03-18,15.890000343322756,16.780000686645508,15.09000015258789,16.690000534057614,11.098007202148438,6205900.0,SCCO
2009-03-18,6.800000190734862,7.03000020980835,6.75,6.929999828338622,2.8599507808685303,80200.0,SCD
2009-03-18,11.539999961853027,12.40999984741211,11.380000114440918,12.010000228881836,10.069185256958008,253800.0,SCHL
2009-03-18,24.190000534057614,26.60000038146973,23.63999938964844,26.60000038146973,20.961013793945312,808100.0,SCHN
2009-03-18,13.84000015258789,15.199999809265135,13.649999618530273,15.199999809265135,13.209224700927734,23619600.0,SCHW
2009-03-18,3.220000028610229,3.25,3.0699999332427983,3.240000009536743,2.638284921646118,1154600.0,SCI
2009-03-18,1.7400000095367432,1.7400000095367432,1.7200000286102295,1.7200000286102295,1.7200000286102295,1000.0,SCKT
2009-03-18,14.05500030517578,14.635000228881836,13.774999618530273,14.56999969482422,11.802582740783693,87400.0,SCL
2009-03-18,1656.0,1800.0,1656.0,1764.0,1764.0,0.0,SCON
2009-03-18,9.989999771118164,10.479999542236328,9.789999961853027,10.399999618530273,10.399999618530273,119500.0,SCOR
2009-03-18,4.650000095367432,5.019999980926514,4.53000020980835,4.829999923706055,3.376485109329224,356700.0,SCS
2009-03-18,17.8799991607666,18.600000381469727,17.469999313354492,18.46999931335449,18.46999931335449,139900.0,SCSC
2009-03-18,57.70000076293945,61.0,57.70000076293945,60.4000015258789,48.8443717956543,16600.0,SCU
2009-03-18,5.3466668128967285,5.486666679382324,5.333333492279053,5.446666717529297,4.772462368011475,34300.0,SCVL
2009-03-18,5.949999809265138,6.21999979019165,5.800000190734862,5.929999828338622,4.395397663116455,37600.0,SCX
2009-03-18,2035.052001953125,2142.159912109375,2035.052001953125,2142.159912109375,1409.641357421875,0.0,SDRL
2009-03-18,5.820000171661378,5.980000019073486,5.519999980926514,5.929999828338622,5.929999828338622,212000.0,SEAC
2009-03-18,876.4199829101562,937.4000244140624,876.4199829101562,930.9000244140624,917.337890625,1500.0,SEB
2009-03-18,12.529999732971193,13.25,12.460000038146973,13.079999923706055,10.625935554504396,2468900.0,SEE
2009-03-18,26.60000038146973,32.5,26.399999618530273,29.5,29.5,61500.0,SEED
2009-03-18,405.0,405.0,360.0,405.0,405.0,0.0,SEEL
2009-03-18,11.9399995803833,11.989999771118164,11.489999771118164,11.859999656677244,10.432271957397461,2846100.0,SEIC
2009-03-18,2.380000114440918,2.380000114440918,2.380000114440918,2.380000114440918,1.1263206005096436,3600.0,SELF
2009-03-18,21.200000762939453,21.200000762939453,20.940000534057614,20.940000534057614,20.940000534057614,1000.0,SENEA
2009-03-18,21.030000686645508,21.030000686645508,21.030000686645508,21.030000686645508,21.030000686645508,0.0,SENEB
2009-03-18,30.71999931335449,30.71999931335449,28.15999984741211,30.71999931335449,30.71999931335449,1200.0,SES
2009-03-18,23.226667404174805,25.36000061035156,22.913333892822266,25.36000061035156,24.70710182189941,823800.0,SF
2009-03-18,5.9000000953674325,5.9000000953674325,5.9000000953674325,5.9000000953674325,5.196103096008301,0.0,SFBC
2009-03-18,2.759999990463257,2.8199999332427983,2.5199999809265137,2.700000047683716,2.4781429767608643,41200.0,SFE
2009-03-18,6.5,6.989999771118164,6.25,6.800000190734862,2.189965009689331,935500.0,SFL
2009-03-18,11.75,12.5,11.489999771118164,12.494999885559082,9.460663795471193,143400.0,SFNC
2009-03-18,5.071374893188477,5.627347946166992,4.883546352386475,5.146506309509277,5.146506309509277,17000.0,SFST
2009-03-18,13.75,13.75,13.75,13.75,13.75,4.0,SG
2009-03-18,2.302500009536743,2.302500009536743,2.25,2.302500009536743,1.7901859283447266,2100.0,SGA
2009-03-18,9.0,9.539999961853027,9.0,9.4399995803833,7.704533576965332,700.0,SGB
2009-03-18,2.5550000667572017,2.575000047683716,2.5550000667572017,2.575000047683716,1.37010657787323,800.0,SGC
2009-03-18,9.170000076293944,9.829999923706056,8.989999771118164,9.649999618530273,9.649999618530273,287600.0,SGEN
2009-03-18,44.54999923706055,45.08000183105469,44.43000030517578,45.08000183105469,45.08000183105469,3600.0,SGG
2009-03-18,1.3799999952316284,1.3799999952316284,1.350000023841858,1.3600000143051147,1.3600000143051147,800.0,SGMA
2009-03-18,4.1599998474121085,4.380000114440918,3.859999895095825,4.309999942779541,4.309999942779541,158800.0,SGMO
2009-03-18,14.369999885559082,14.68000030517578,13.949999809265135,14.399999618530273,14.399999618530273,1820700.0,SGMS
2009-03-18,29.84000015258789,29.84000015258789,29.84000015258789,29.84000015258789,29.84000015258789,0.0,SGOC
2009-03-18,0.550000011920929,0.550000011920929,0.550000011920929,0.550000011920929,0.550000011920929,1000.0,SGRP
2009-03-18,2.650000095367432,2.7300000190734863,2.619999885559082,2.640000104904175,1.4128473997116089,98200.0,SGU
2009-03-18,16.899999618530273,18.71999931335449,16.899999618530273,18.71999931335449,16.185895919799805,16300.0,SHBI
2009-03-18,9.824999809265137,10.954999923706056,9.704999923706056,10.904999732971193,8.243951797485353,170000.0,SHEN
2009-03-18,18.049999237060547,18.645000457763672,17.795000076293945,18.63999938964844,14.96689224243164,544800.0,SHG
2009-03-18,16.446666717529293,16.540000915527347,15.81999969482422,16.293333053588867,10.666766166687012,45000.0,SHI
2009-03-18,4455.0,4725.0,4387.5,4500.0,4500.0,0.0,SHIP
2009-03-18,1.75,2.0,1.75,1.7999999523162842,1.6622623205184937,4300.0,SHLO
2009-03-18,2.740000009536743,2.9500000476837163,2.5,2.8299999237060547,2.1105115413665767,1236600.0,SHO
2009-03-18,3.1644444465637207,3.4133334159851074,3.063703775405884,3.3204939365386963,3.1970202922821045,1525600.0,SHOO
2009-03-18,46.209999084472656,47.5,45.0099983215332,46.93000030517578,40.68512344360352,3195600.0,SHW
2009-03-18,6.960000038146973,7.65500020980835,6.764999866485597,7.4650001525878915,3.884111881256104,14424400.0,SID
2009-03-18,1.4099999666213991,1.4099999666213991,1.4099999666213991,1.4099999666213991,1.2168492078781128,600.0,SIEB
2009-03-18,5.730000019073486,5.730000019073486,5.599999904632568,5.71999979019165,5.409521579742432,7000.0,SIF
2009-03-18,0.6499999761581421,1.4299999475479126,0.6399999856948853,1.3899999856948853,1.2873544692993164,887500.0,SIFY
2009-03-18,9.350000381469727,9.899999618530273,9.300000190734863,9.899999618530273,8.246742248535156,77700.0,SIG
2009-03-18,5.0,5.460000038146973,5.0,5.329999923706055,5.329999923706055,355200.0,SIGA
2009-03-18,12.899999618530273,13.170000076293945,12.4399995803833,13.170000076293945,10.362558364868164,553700.0,SIGI
2009-03-18,6.789999961853027,6.800000190734862,6.460000038146973,6.6500000953674325,5.713029384613037,18500.0,SILC
2009-03-18,2.8722400665283203,2.938349962234497,2.754709959030152,2.9310100078582764,2.9310100078582764,485306.0,SILK
2009-03-18,4.230000019073486,4.579999923706055,4.1599998474121085,4.550000190734863,4.2455196380615225,238700.0,SIM
2009-03-18,2.900000095367432,3.0999999046325684,2.859999895095825,2.9600000381469727,2.412019968032837,283900.0,SIMO
2009-03-18,20.86000061035156,21.11000061035156,19.920000076293945,20.739999771118164,20.739999771118164,1495400.0,SINA
2009-03-18,1.9800000190734863,2.1600000858306885,1.9800000190734863,2.1600000858306885,2.1600000858306885,1100.0,SINO
2009-03-18,0.3899999856948853,0.4300000071525574,0.3700000047683716,0.3700000047683716,0.35356259346008295,162637600.0,SIRI
2009-03-18,3.3487799167633057,4.253429889678955,3.1265900135040283,4.253429889678955,4.253429889678955,6304265.0,SITC
2009-03-18,18.059999465942386,20.170000076293945,18.059999465942386,20.170000076293945,20.170000076293945,1337200.0,SIVB
2009-03-18,17.184999465942386,17.495000839233402,16.905000686645508,17.495000839233402,9.872397422790527,482000.0,SJI
2009-03-18,36.88999938964844,37.11000061035156,36.25,36.63000106811523,27.650243759155273,1119200.0,SJM
2009-03-18,15.3100004196167,15.850000381469727,15.15999984741211,15.81999969482422,8.804162979125977,296400.0,SJR
2009-03-18,14.800000190734865,15.09000015258789,14.100000381469727,14.829999923706055,7.644829750061035,188100.0,SJT
2009-03-18,22.790000915527344,24.65999984741211,22.559999465942386,24.11000061035156,18.25303840637207,114700.0,SJW
2009-03-18,14.5,14.890000343322756,14.279999732971193,14.859999656677244,9.331155776977539,1683400.0,SKM
2009-03-18,14.414999961853027,15.25,13.895000457763672,15.010000228881836,8.874343872070312,1888800.0,SKT
2009-03-18,2.0799999237060547,2.0933332443237305,1.950000047683716,2.0166666507720947,2.0166666507720947,3078900.0,SKX
2009-03-18,17.420000076293945,18.1299991607666,16.600000381469727,17.0,14.923221588134766,93600.0,SKY
2009-03-18,12.25,13.640000343322756,11.779999732971193,12.829999923706055,11.337143898010256,1098700.0,SKYW
2009-03-18,25.95000076293945,27.520000457763672,25.32999992370605,27.32999992370605,27.32999992370605,1136400.0,SLAB
2009-03-18,41.77999877929688,43.52999877929688,40.18999862670898,42.90999984741211,32.5501708984375,14788300.0,SLB
2009-03-18,4.489999771118164,4.5,4.0,4.099999904632568,4.099999904632568,1700.0,SLCT
2009-03-18,17.829999923706055,19.190000534057614,17.180000305175778,18.850000381469727,10.86663818359375,1914300.0,SLF
2009-03-18,12.18000030517578,13.59000015258789,11.520000457763672,13.09000015258789,10.02547550201416,4666500.0,SLG
2009-03-18,12.350000381469727,12.56999969482422,12.012499809265135,12.56999969482422,10.888787269592283,1094800.0,SLGN
2009-03-18,1.5725518465042114,1.6761972904205322,1.5010721683502195,1.6761972904205322,1.5138708353042605,31382900.0,SLM
2009-03-18,10.25,11.75,10.0,11.75,7.322269916534424,3500.0,SLMBP
2009-03-18,0.9900000095367432,1.0,0.9100000262260436,0.9700000286102296,0.7683114409446716,11100.0,SLP
2009-03-18,130200.0,130200.0,112800.0,114300.0,114300.0,0.0,SLS
2009-03-18,12.550000190734865,13.34000015258789,11.84000015258789,13.239999771118164,12.769165992736815,1696300.0,SM
2009-03-18,4.679999828338623,4.679999828338623,4.675000190734863,4.675000190734863,3.1841964721679688,1000.0,SMBC
2009-03-18,19.72549057006836,19.72549057006836,19.72549057006836,19.72549057006836,19.53888511657715,0.0,SMBK
2009-03-18,5.329999923706055,5.420000076293945,5.0900001525878915,5.199999809265137,5.199999809265137,89500.0,SMCI
2009-03-18,3.2999999523162837,3.400000095367432,3.2999999523162837,3.400000095367432,3.400000095367432,4300.0,SMED
2009-03-18,6.860000133514403,7.199999809265138,6.639999866485597,7.139999866485597,5.006872177124023,334800.0,SMFG
2009-03-18,33.06999969482422,34.509998321533196,32.580001831054695,33.689998626708984,24.77834129333496,1386300.0,SMG
2009-03-18,2.75,2.75,2.5999999046325684,2.5999999046325684,2.5999999046325684,500.0,SMIT
2009-03-18,7.5,7.5,7.0,7.0,6.131709098815918,500.0,SMMF
2009-03-18,2.299999952316284,2.369999885559082,2.0999999046325684,2.309999942779541,1.9246536493301392,26400.0,SMP
2009-03-18,1.440000057220459,1.6399999856948853,1.440000057220459,1.6000000238418581,0.8131791949272156,158700.0,SMRT
2009-03-18,19.399999618530273,21.07999992370605,19.399999618530273,20.63999938964844,20.63999938964844,47700.0,SMSI
2009-03-18,13.15999984741211,13.859999656677244,13.020000457763672,13.770000457763672,13.770000457763672,771000.0,SMTC
2009-03-18,0.41999998688697815,0.41999998688697815,0.41999998688697815,0.41999998688697815,0.4070049226284027,0.0,SMTS
2009-03-18,0.4099999964237213,0.4099999964237213,0.33000001311302185,0.3499999940395355,0.3499999940395355,10700.0,SMTX
2009-03-18,24.959999084472656,26.649999618530273,24.79999923706055,26.479999542236328,21.02206802368164,631300.0,SNA
2009-03-18,0.30000001192092896,0.3100000023841858,0.25999999046325684,0.3100000023841858,0.3100000023841858,151800.0,SNBR
2009-03-18,11.449999809265135,12.170000076293945,11.119999885559082,12.06999969482422,12.06999969482422,498700.0,SNCR
2009-03-18,20.1200008392334,21.1200008392334,19.93000030517578,20.8700008392334,18.768043518066406,1975200.0,SNE
2009-03-18,1.218310832977295,1.218310832977295,1.218310832977295,1.218310832977295,1.218310832977295,0.0,SNFCA
2009-03-18,22.0,24.0,22.0,24.0,24.0,600.0,SNGX
2009-03-18,17.700000762939453,18.200000762939453,16.100000381469727,16.799999237060547,8.946542739868164,9000.0,SNMP
2009-03-18,13.409363746643065,13.861544609069824,13.36934757232666,13.693477630615234,9.329014778137207,495800.0,SNN
2009-03-18,340.20001220703125,371.70001220703125,340.20001220703125,355.95001220703125,355.95001220703125,0.0,SNOA
2009-03-18,41.76153945922852,43.26153945922852,40.9538459777832,42.69230651855469,23.21159553527832,760700.0,SNP
2009-03-18,19.01000022888184,19.459999084472656,18.96999931335449,19.350000381469727,19.350000381469727,1257700.0,SNPS
2009-03-18,0.02463999949395657,0.02463999949395657,0.02463999949395657,0.02463999949395657,0.014810252003371716,0.0,SNR
2009-03-18,7.559999942779541,7.559999942779541,7.199999809265138,7.199999809265138,7.199999809265138,100.0,SNSS
2009-03-18,22.68000030517578,24.56999969482422,21.0,24.56999969482422,21.38878059387207,1128400.0,SNV
2009-03-18,16.469999313354492,17.040000915527347,16.430000305175778,16.889999389648438,15.886752128601074,161700.0,SNX
2009-03-18,27.690000534057614,28.739999771118164,27.399999618530273,28.31999969482422,17.756567001342773,4050600.0,SNY
2009-03-18,28.770000457763672,29.770000457763672,28.53000068664551,29.729999542236328,17.490055084228516,7524200.0,SO
2009-03-18,1.149999976158142,1.1699999570846558,1.149999976158142,1.1699999570846558,0.6981815695762634,1000.0,SOHO
2009-03-18,46.52000045776367,47.099998474121094,44.400001525878906,44.52999877929688,44.52999877929688,4176100.0,SOHU
2009-03-18,11.25,11.600000381469727,10.75,11.399999618530273,11.399999618530273,145500.0,SOL
2009-03-18,20.18000030517578,21.540000915527344,20.13999938964844,21.46999931335449,14.69708251953125,681200.0,SON
2009-03-18,4.449999809265137,4.849999904632568,4.449999809265137,4.849999904632568,4.017271995544434,1000.0,SONA
2009-03-18,27.6299991607666,28.5,26.649999618530273,27.57999992370605,7.4246273040771475,9900.0,SOR
2009-03-18,1.5,1.75,1.5,1.6499999761581419,1.6499999761581419,28200.0,SORL
2009-03-18,17.299999237060547,17.6200008392334,17.0,17.5,17.5,19300.0,SP
2009-03-18,3.4500000476837163,3.7799999713897705,3.240000009536743,3.7799999713897705,3.1554858684539795,156800.0,SPAR
2009-03-18,36.04938125610352,38.456790924072266,36.04938125610352,37.0987663269043,30.69435310363769,200.0,SPB
2009-03-18,1.0199999809265137,1.0199999809265137,1.0199999809265137,1.0199999809265137,1.0199999809265137,0.0,SPCB
2009-03-18,11.15999984741211,11.359999656677244,11.15999984741211,11.270000457763672,5.1592445373535165,36100.0,SPE
2009-03-18,0.08500000089406967,0.08500000089406967,0.08500000089406967,0.08500000089406967,0.08458530902862549,0.0,SPFI
2009-03-18,31.102073669433594,33.14398956298828,29.700578689575195,32.83769989013672,21.8196964263916,14784400.0,SPG
2009-03-18,19.790000915527344,20.34000015258789,19.36000061035156,20.049999237060547,15.776532173156738,3119900.0,SPGI
2009-03-18,36.86999893188477,37.61000061035156,36.22000122070313,37.310001373291016,14.026988983154295,78600.0,SPH
2009-03-18,1.149999976158142,1.149999976158142,0.8600000143051147,0.8600000143051147,0.757739782333374,600.0,SPNS
2009-03-18,9.34000015258789,9.5,9.119999885559082,9.300000190734863,5.1752896308898935,268700.0,SPOK
2009-03-18,1.440000057220459,1.5199999809265137,1.440000057220459,1.5,1.4799822568893433,83600.0,SPPI
2009-03-18,9.479999542236328,9.8100004196167,8.989999771118164,9.800000190734863,9.611974716186523,1066800.0,SPR
2009-03-18,5.519999980926514,5.8499999046325675,4.739999771118164,5.099999904632568,2.6362316608428955,308600.0,SPRT
2009-03-18,0.06499999761581421,0.06499999761581421,0.06499999761581421,0.06499999761581421,0.06499999761581421,0.0,SPT
2009-03-18,13.420000076293945,13.880000114440918,13.170000076293945,13.640000343322756,10.422399520874023,174000.0,SPTN
2009-03-18,21.290000915527344,21.899999618530273,20.950000762939453,21.649999618530273,21.649999618530273,2445100.0,SPWR
2009-03-18,12.404935836791992,13.0899019241333,12.105262756347654,13.006799697875975,11.809642791748047,5849200.0,SPXC
2009-03-18,9.140000343322754,9.579999923706056,9.130000114440918,9.529999732971193,4.105188846588135,83900.0,SPXX
2009-03-18,2.25,2.25,2.25,2.25,2.25,10400.0,SQBG
2009-03-18,25.929893493652344,26.56280517578125,25.219083786010746,26.30963897705078,18.392459869384766,946400.0,SQM
2009-03-18,36.959999084472656,38.38000106811523,36.75,37.93000030517578,23.212387084960934,192000.0,SR
2009-03-18,19.09000015258789,21.15999984741211,18.56999969482422,20.850000381469727,15.753203392028807,53800.0,SRCE
2009-03-18,48.4000015258789,48.6500015258789,47.06000137329102,48.27000045776367,48.27000045776367,1138000.0,SRCL
2009-03-18,18.38999938964844,18.979999542236328,18.38999938964844,18.809999465942386,18.809999465942386,80800.0,SRDX
2009-03-18,42.0099983215332,43.68000030517578,41.61000061035156,43.25,30.7845458984375,1952400.0,SRE
2009-03-18,2.4800000190734863,2.5999999046325684,2.450000047683716,2.5299999713897705,2.5299999713897705,66200.0,SRI
2009-03-18,41.150001525878906,42.70000076293945,40.0,40.599998474121094,26.50932693481445,39800.0,SRL
2009-03-18,2.5,2.5,2.5,2.5,2.5,0.0,SRNE
2009-03-18,4.5,4.739999771118164,4.380000114440918,4.5,4.5,36100.0,SRPT
2009-03-18,3.7300000190734863,3.990000009536743,3.7300000190734863,3.990000009536743,3.990000009536743,22700.0,SRT
2009-03-18,25.399999618530273,25.399999618530273,22.70000076293945,24.70000076293945,8.065032005310059,6800.0,SRV
2009-03-18,21.56999969482422,23.020000457763672,20.76000022888184,22.68000030517578,18.441614151000977,38100.0,SSB
2009-03-18,3.5999999046325684,3.5999999046325684,3.5999999046325684,3.5999999046325684,1.9765172004699707,0.0,SSBI
2009-03-18,16.040000915527347,17.100000381469727,15.6899995803833,17.09000015258789,14.260480880737305,510100.0,SSD
2009-03-18,8.199999809265138,9.220000267028807,8.199999809265138,9.199999809265137,5.532472133636475,363600.0,SSI
2009-03-18,225.5,226.5,211.5,215.0,215.0,1600.0,SSKN
2009-03-18,26.6200008392334,27.26000022888184,25.38999938964844,27.10000038146973,18.239635467529297,732400.0,SSL
2009-03-18,1.339840292930603,1.7125110626220703,1.3309671878814695,1.7125110626220703,1.5910608768463137,711500.0,SSP
2009-03-18,12.800000190734865,14.399999618530273,12.050000190734865,14.350000381469727,14.350000381469727,1475800.0,SSRM
2009-03-18,0.8399999737739563,0.8399999737739563,0.8399999737739563,0.8399999737739563,0.8399999737739563,0.0,SSY
2009-03-18,8.189999580383299,8.350000381469728,8.050000190734862,8.199999809265138,8.199999809265138,230400.0,SSYS
2009-03-18,1.1399999856948853,1.2100000381469729,1.0099999904632568,1.0399999618530271,1.0399999618530271,50700.0,STAA
2009-03-18,2.299999952316284,2.5699999332427983,2.049999952316284,2.3199999332427983,2.182239294052124,6351100.0,STAR
2009-03-18,22.459999084472656,24.28000068664551,22.229999542236328,23.85000038146973,17.22918701171875,264000.0,STBA
2009-03-18,16.399999618530273,18.799999237060547,15.960000038146973,17.639999389648438,14.853290557861328,236500.0,STC
2009-03-18,2.299999952316284,2.75,2.299999952316284,2.700000047683716,2.3253648281097408,287900.0,STCN
2009-03-18,21.38999938964844,22.6299991607666,21.38999938964844,22.190000534057614,18.6213493347168,679600.0,STE
2009-03-18,17.370000839233402,18.190000534057614,16.950000762939453,17.950000762939453,13.787835121154785,96300.0,STFC
2009-03-18,16.100000381469727,16.100000381469727,16.100000381469727,16.100000381469727,16.100000381469727,0.0,STG
2009-03-18,1.2000000476837158,1.25,1.1699999570846558,1.2200000286102295,1.2200000286102295,402300.0,STKL
2009-03-18,8.550000190734862,9.31999969482422,8.270000457763674,9.18000030517578,7.289794921875,162100.0,STL
2009-03-18,6.820000171661378,7.460000038146973,6.630000114440918,7.440000057220459,5.564504623413086,8847200.0,STLD
2009-03-18,4.460000038146973,4.71999979019165,4.460000038146973,4.71999979019165,3.20376205444336,2183700.0,STM
2009-03-18,9.020000457763672,9.109999656677246,8.590000152587889,9.029999732971193,7.833973407745361,59400.0,STMP
2009-03-18,8.335000038146973,8.880000114440918,8.180000305175781,8.760000228881836,7.205794811248778,26600.0,STN
2009-03-18,10.5,10.68000030517578,10.449999809265137,10.670000076293944,4.6744561195373535,216800.0,STON
2009-03-18,160.32000732421875,163.5,157.9199981689453,161.75,137.59408569335938,518300.0,STRA
2009-03-18,17.989999771118164,18.11000061035156,17.200000762939453,17.430000305175778,17.430000305175778,176000.0,STRL
2009-03-18,1.440000057220459,1.4900000095367432,1.440000057220459,1.440000057220459,1.440000057220459,1400.0,STRM
2009-03-18,6.050000190734862,6.6599998474121085,5.559999942779541,6.6599998474121085,6.421717166900635,4400.0,STRS
2009-03-18,6.75,7.4000000953674325,6.699999809265138,7.0,5.91958475112915,23500.0,STRT
2009-03-18,25.170000076293945,29.190000534057614,24.81999969482422,29.04999923706055,23.88827705383301,17068500.0,STT
2009-03-18,4.5,4.809999942779541,4.400000095367432,4.699999809265137,2.946913957595825,9077000.0,STX
2009-03-18,36.04014587402344,37.68247985839844,35.21897888183594,36.58759307861328,36.58759307861328,15200.0,STXS
2009-03-18,13.15999984741211,13.5,12.9399995803833,13.350000381469727,12.571718215942385,2854700.0,STZ
2009-03-18,25.75,25.8700008392334,23.90999984741211,25.13999938964844,17.818422317504886,16961300.0,SU
2009-03-18,10.15999984741211,11.239999771118164,10.0,10.729999542236328,5.587864398956299,300200.0,SUI
2009-03-18,16.559999465942386,16.649999618530273,16.559999465942386,16.649999618530273,16.649999618530273,100.0,SUMR
2009-03-18,23.545499801635746,23.545499801635746,21.91469955444336,23.10449981689453,12.254075050354006,3997272.0,SUN
2009-03-18,11.0,11.880000114440918,10.989999771118164,11.550000190734865,7.704413414001465,361000.0,SUP
2009-03-18,3.839999914169312,3.839999914169312,3.839999914169312,3.839999914169312,2.9413945674896236,0.0,SUZ
2009-03-18,3.2799999713897705,3.289999961853028,3.2799999713897705,3.289999961853028,3.0822136402130127,1000.0,SVBI
2009-03-18,11.1899995803833,12.3100004196167,10.949999809265137,12.25,5.779764175415039,3448100.0,SVC
2009-03-18,5.300000190734863,5.300000190734863,5.300000190734863,5.300000190734863,4.247879981994629,200.0,SVT
2009-03-18,2.900000095367432,2.9800000190734863,2.7799999713897705,2.970000028610229,2.970000028610229,257100.0,SWIR
2009-03-18,28.21999931335449,29.86000061035156,27.489999771118164,29.46999931335449,23.009653091430664,1175100.0,SWK
2009-03-18,6.4000000953674325,6.4000000953674325,6.199999809265138,6.4000000953674325,6.4000000953674325,2400.0,SWKH
2009-03-18,7.610000133514403,8.090000152587889,7.519999980926514,8.069999694824219,7.416992664337157,4105500.0,SWKS
2009-03-18,8.479999542236326,9.21500015258789,8.479999542236326,9.015000343322754,6.048210144042969,116200.0,SWM
2009-03-18,30.149999618530273,31.3799991607666,29.11000061035156,30.88999938964844,30.88999938964844,6741800.0,SWN
2009-03-18,19.309999465942386,20.020000457763672,19.200000762939453,19.899999618530273,14.433967590332033,495900.0,SWX
2009-03-18,8.510000228881836,8.869999885559082,8.409999847412111,8.869999885559082,3.0017895698547363,77100.0,SWZ
2009-03-18,9.59000015258789,10.59000015258789,9.359999656677246,10.59000015258789,9.69456958770752,117100.0,SXI
2009-03-18,22.670000076293945,23.309999465942386,22.420000076293945,22.95000076293945,18.166893005371094,536800.0,SXT
2009-03-18,14.58666706085205,15.853333473205565,14.24666690826416,15.720000267028807,11.407504081726074,81000.0,SYBT
2009-03-18,33.299999237060554,33.59999847412109,32.77000045776367,33.200000762939446,28.7175407409668,3022500.0,SYK
2009-03-18,15.329999923706055,16.100000381469727,15.020000457763672,15.90999984741211,15.90999984741211,235700.0,SYKE
2009-03-18,5.949999809265138,5.949999809265138,5.599999904632568,5.949999809265138,5.949999809265138,200.0,SYN
2009-03-18,24.10000038146973,25.0,23.81999969482422,24.86000061035156,24.86000061035156,1154400.0,SYNA
2009-03-18,4.699999809265137,4.9099998474121085,4.2100000381469735,4.690000057220459,3.8441357612609854,14300.0,SYNL
2009-03-18,0.6600000262260437,0.699999988079071,0.6600000262260437,0.6899999976158142,0.6473108530044556,4600.0,SYPR
2009-03-18,11.770000457763672,12.350000381469727,11.729999542236328,12.130000114440918,7.380084991455077,48900.0,SYX
2009-03-18,22.53000068664551,23.07999992370605,22.280000686645508,22.899999618530273,16.079519271850586,5362500.0,SYY
2009-03-18,25.25,26.25,25.11000061035156,25.70000076293945,13.97178840637207,37357300.0,T
2009-03-18,8.449999809265138,9.5,8.25,8.75,8.75,9800.0,TA
2009-03-18,16.170000076293945,16.690000534057614,15.140000343322756,15.960000038146973,8.64816951751709,203500.0,TAC
2009-03-18,2.4100000858306885,2.4100000858306885,2.2699999809265137,2.3399999141693115,1.7947393655776978,15000.0,TACT
2009-03-18,0.8999999761581421,0.8999999761581421,0.8999999761581421,0.8999999761581421,0.6584691405296326,0.0,TAIT
2009-03-18,5.480000019073486,5.599999904632568,5.119999885559082,5.559999942779541,5.559999942779541,29900.0,TAOP
2009-03-18,31.649999618530273,33.72999954223633,31.3700008392334,33.139999389648445,25.11119270324707,4122900.0,TAP
2009-03-18,9.0,9.050000190734863,9.0,9.050000190734863,7.903421878814697,3600.0,TARO
2009-03-18,3.0899999141693115,3.220000028610229,3.0199999809265137,3.190000057220459,0.8419228792190552,130200.0,TAST
2009-03-18,7.300000190734862,7.300000190734862,7.300000190734862,7.300000190734862,7.300000190734862,0.0,TAT
2009-03-18,4.96999979019165,5.050000190734863,4.8400001525878915,5.0,2.904313325881958,1500.0,TATT
2009-03-18,2.3399999141693115,2.3399999141693115,2.3199999332427983,2.3199999332427983,2.3199999332427983,400.0,TAYD
2009-03-18,2.990000009536743,3.0299999713897705,2.9800000190734863,3.0,3.0,22400.0,TBBK
2009-03-18,6.809999942779541,7.429999828338622,6.6599998474121085,7.239999771118164,7.239999771118164,287400.0,TBI
2009-03-18,9.399999618530273,10.369999885559082,9.220000267028807,10.119999885559082,10.119999885559082,289000.0,TCBI
2009-03-18,14.489999771118164,15.800000190734865,14.079999923706055,15.619999885559082,12.266874313354492,99400.0,TCBK
2009-03-18,3.7000000476837163,3.900000095367432,3.7000000476837163,3.900000095367432,2.757254838943481,1600.0,TCCO
2009-03-18,19.06999969482422,20.700000762939453,18.959999084472656,20.59000015258789,13.0152006149292,81400.0,TCF
2009-03-18,15.0,15.0,15.0,15.0,12.234054565429688,0.0,TCFC
2009-03-18,11.350000381469727,11.350000381469727,11.350000381469727,11.350000381469727,11.350000381469727,0.0,TCI
2009-03-18,16.110000610351562,17.709999084472656,16.030000686645508,17.399999618530273,11.38843059539795,2655800.0,TCO
2009-03-18,6.670000076293945,6.90500020980835,6.605000019073486,6.894999980926514,6.894999980926514,5329600.0,TCOM
2009-03-18,28.40999984741211,28.84000015258789,28.10000038146973,28.51000022888184,13.327363967895508,77300.0,TCP
2009-03-18,1.399999976158142,1.440000057220459,1.399999976158142,1.440000057220459,1.440000057220459,9900.0,TCX
2009-03-18,16.995000839233402,17.559999465942386,16.495000839233402,17.264999389648438,8.685955047607424,8708600.0,TD
2009-03-18,16.520000457763672,17.100000381469727,16.489999771118164,16.790000915527347,16.790000915527347,1995000.0,TDC
2009-03-18,16.100000381469727,16.680000305175778,15.979999542236328,16.510000228881836,5.7232303619384775,105600.0,TDF
2009-03-18,33.299999237060554,34.310001373291016,33.09000015258789,33.84999847412109,14.793456077575685,853000.0,TDG
2009-03-18,14.199999809265135,14.199999809265135,13.609999656677244,14.199999809265135,6.850034713745117,15500.0,TDI
2009-03-18,24.158233642578125,24.89420509338379,23.67985343933105,24.68261337280273,19.63553810119629,389600.0,TDS
2009-03-18,1182.258056640625,1249.0322265625,1160.6451416015625,1231.290283203125,1025.9151611328123,42100.0,TDW
2009-03-18,24.770000457763672,26.770000457763672,24.31999969482422,26.420000076293945,26.420000076293945,436600.0,TDY
2009-03-18,19.899999618530273,20.82999992370605,19.559999465942386,20.6200008392334,20.6200008392334,579500.0,TECD
2009-03-18,52.099998474121094,53.25,51.7599983215332,52.66999816894531,45.54147338867188,167300.0,TECH
2009-03-18,4.130000114440918,4.150000095367432,3.829999923706055,4.079999923706056,3.2934839725494385,6334400.0,TECK
2009-03-18,19.80666732788086,20.66666603088379,19.600000381469727,20.51000022888184,7.9789137840271,1714500.0,TEF
2009-03-18,8.770000457763674,9.210000038146973,8.770000457763674,9.109999656677246,3.667211771011353,287800.0,TEI
2009-03-18,9.119999885559082,10.029999732971193,9.050000190734863,9.90999984741211,7.756453990936278,5096800.0,TEL
2009-03-18,5.760000228881836,5.760000228881836,5.360000133514403,5.519999980926514,5.519999980926514,4300.0,TELL
2009-03-18,1.9900000095367432,2.1099998950958248,1.8899999856948853,2.0699999332427983,1.9735918045043943,571100.0,TEN
2009-03-18,1500.0,1500.0,1266.0,1320.0,1320.0,100.0,TENX
2009-03-18,7.0999999046325675,7.289999961853027,6.880000114440918,7.119999885559082,4.095518112182616,171900.0,TEO
2009-03-18,4.2800002098083505,4.550000190734863,4.179999828338623,4.510000228881836,4.25177001953125,3253400.0,TER
2009-03-18,4.2066664695739755,4.246666431427002,4.2066664695739755,4.2066664695739755,2.6500651836395264,3700.0,TESS
2009-03-18,17.5,17.5,17.5,17.5,17.5,300.0,TEUM
2009-03-18,45.31000137329102,45.72000122070313,44.59000015258789,44.9900016784668,36.42791366577149,6178300.0,TEVA
2009-03-18,9.739999771118164,10.210000038146973,9.34000015258789,10.06999969482422,9.392803192138672,4432800.0,TEX
2009-03-18,17.139999389648438,19.56999969482422,16.799999237060547,19.229999542236328,13.807624816894533,19878400.0,TFC
2009-03-18,3.839999914169312,3.990000009536743,3.7799999713897705,3.990000009536743,3.931443452835083,96766.0,TFII
2009-03-18,12.239999771118164,12.359999656677244,12.010000228881836,12.3100004196167,9.622148513793944,2435000.0,TFSL
2009-03-18,43.84000015258789,44.20000076293945,42.86999893188477,43.5,37.19392013549805,727400.0,TFX
2009-03-18,16.90999984741211,17.690000534057614,16.719999313354492,17.319999694824222,13.643381118774414,171300.0,TG
2009-03-18,2.6600000858306885,2.7699999809265137,2.630000114440918,2.720000028610229,2.290321588516236,174600.0,TGA
2009-03-18,0.9300000071525574,0.9800000190734864,0.8899999856948853,0.9800000190734864,0.9800000190734864,619400.0,TGB
2009-03-18,4.699999809265137,4.699999809265137,4.199999809265137,4.400000095367432,4.400000095367432,11000.0,TGC
2009-03-18,5.940000057220459,6.239999771118164,5.75,6.170000076293945,4.078351020812988,36800.0,TGH
2009-03-18,18.315000534057614,19.1299991607666,17.93000030517578,18.8799991607666,17.93976402282715,316000.0,TGI
2009-03-18,1.2712204456329346,1.3915417194366455,1.2346009016036987,1.286914587020874,0.8119938373565674,12815900.0,TGNA
2009-03-18,19.93000030517578,19.93000030517578,19.049999237060547,19.479999542236328,9.78919506072998,91900.0,TGP
2009-03-18,1.9900000095367432,2.049999952316284,1.919999957084656,2.0,0.9219480752944946,5200.0,TGS
2009-03-18,30.290000915527344,32.810001373291016,29.93000030517578,31.57999992370605,23.42190170288086,18579200.0,TGT
2009-03-18,0.2529399991035461,0.2529399991035461,0.2529399991035461,0.2529399991035461,0.2529399991035461,0.0,TH
2009-03-18,4.199999809265137,4.2800002098083505,4.0,4.079999923706056,4.079999923706056,786900.0,THC
2009-03-18,38.34000015258789,39.599998474121094,36.68000030517578,39.400001525878906,28.214689254760746,40100.0,THFF
2009-03-18,29.940000534057614,31.07999992370605,29.60000038146973,31.04999923706055,22.547588348388672,1492300.0,THG
2009-03-18,2.150000095367432,2.380000114440918,2.1199998855590816,2.3399999141693115,2.3399999141693115,110400.0,THM
2009-03-18,13.649999618530273,14.5,13.289999961853027,13.989999771118164,11.303427696228027,462600.0,THO
2009-03-18,3.400000095367432,3.400000095367432,3.1800000667572017,3.3499999046325684,3.3499999046325684,92500.0,THRM
2009-03-18,28.899999618530273,28.93000030517578,27.96999931335449,28.04999923706055,28.04999923706055,443400.0,THS
2009-03-18,1.3200000524520874,1.350000023841858,1.309999942779541,1.350000023841858,1.350000023841858,3300.0,THTX
2009-03-18,20.040000915527344,21.3700008392334,19.8799991607666,21.13999938964844,17.012107849121097,3274300.0,TIF
2009-03-18,2.200000047683716,2.400000095367432,2.009999990463257,2.049999952316284,1.846293807029724,900400.0,TILE
2009-03-18,12.40999984741211,12.670000076293945,12.119999885559082,12.600000381469727,12.600000381469727,135000.0,TISI
2009-03-18,8.5,8.989999771118164,8.350000381469728,8.789999961853027,8.789999961853027,250000.0,TITN
2009-03-18,16.430000305175778,16.719999313354492,16.229999542236328,16.680000305175778,14.25364589691162,1463100.0,TIVO
2009-03-18,6.110000133514403,6.422500133514403,6.09499979019165,6.315000057220459,4.458585262298584,20570800.0,TJX
2009-03-18,15.539999961853027,16.200000762939453,15.149999618530273,15.970000267028807,10.896566390991213,758700.0,TK
2009-03-18,11.600000381469727,11.920000076293945,11.06999969482422,11.880000114440918,7.478645324707031,908700.0,TKC
2009-03-18,9.821044921875,10.637079238891602,9.742304801940918,10.52254867553711,7.977235794067383,1711400.0,TKR
2009-03-18,1.870000004768372,2.0,1.870000004768372,2.0,1.592790603637695,9700.0,TLF
2009-03-18,0.7200000286102295,0.7599999904632568,0.699999988079071,0.699999988079071,0.699999988079071,1200.0,TLGT
2009-03-18,6.5999999046325675,6.610000133514403,6.489999771118164,6.5999999046325675,3.085165739059448,22000.0,TLI
2009-03-18,11.020000457763672,11.279999732971193,10.800000190734863,11.15999984741211,7.485244750976562,347600.0,TLK
2009-03-18,14.369999885559082,15.5,14.199999809265135,15.079999923706055,10.636835098266602,1334100.0,TLRD
2009-03-18,61.72999954223633,63.9000015258789,60.38000106811523,63.27000045776367,47.20645141601562,1034200.0,TM
2009-03-18,35.009998321533196,35.31999969482422,33.77000045776367,34.09000015258789,32.76401138305664,8063600.0,TMO
2009-03-18,38.57272720336914,41.92727279663086,38.57272720336914,41.890907287597656,29.922008514404297,33100.0,TMP
2009-03-18,33.360000610351555,34.639999389648445,33.0,34.439998626708984,28.0045223236084,1591100.0,TMUS
2009-03-18,8.140000343322754,8.829999923706055,8.060000419616701,8.770000457763674,7.445619583129883,237700.0,TNC
2009-03-18,76.55999755859375,82.55999755859375,74.63999938964844,81.83999633789062,40.60034942626953,13900.0,TNK
2009-03-18,15.119999885559082,15.800000190734865,14.779999732971193,15.600000381469727,9.113508224487305,193800.0,TNP
2009-03-18,16.950000762939453,18.65999984741211,16.329999923706055,18.040000915527344,17.486160278320312,7340700.0,TOL
2009-03-18,2646000128.0,2646000128.0,2091600000.0,2242800128.0,2242800128.0,0.0,TOPS
2009-03-18,49.02999877929688,50.97000122070313,48.08000183105469,50.66999816894531,27.09649085998535,3558200.0,TOT
2009-03-18,13.91262149810791,15.572815895080565,13.728155136108398,14.68932056427002,11.179532051086426,81800.0,TOWN
2009-03-18,13.130000114440918,13.699999809265135,12.720000267028807,13.40999984741211,12.837900161743164,707300.0,TPC
2009-03-18,20.25,21.0,20.0,20.5,19.02395820617676,9300.0,TPL
2009-03-18,15.170000076293945,16.100000381469727,14.970000267028807,15.800000190734865,11.447953224182127,7863100.0,TPR
2009-03-18,6.139999866485597,6.929999828338622,6.130000114440918,6.5,6.5,677500.0,TPX
2009-03-18,18.441402435302734,18.50002670288086,18.022661209106445,18.273906707763672,15.93828010559082,193900.0,TR
2009-03-18,19.96365165710449,21.065418243408203,19.96365165710449,20.64166259765625,20.64166259765625,60100.0,TRC
2009-03-18,1.100000023841858,1.100000023841858,0.959999978542328,1.0,1.0,6400.0,TREC
2009-03-18,4.5,4.869999885559082,4.099999904632568,4.789999961853027,4.514712333679199,74800.0,TREE
2009-03-18,1.6150000095367432,2.087500095367432,1.6150000095367432,2.0225000381469727,2.0225000381469727,1703200.0,TREX
2009-03-18,24.95000076293945,25.75,24.65999984741211,25.6299991607666,17.643789291381836,479100.0,TRI
2009-03-18,1.6599999666213991,1.6599999666213991,1.4500000476837158,1.5499999523162842,1.4197304248809814,4700.0,TRIB
2009-03-18,7.2249999046325675,7.695000171661378,7.210000038146973,7.585000038146973,7.585000038146973,1709200.0,TRMB
2009-03-18,18.15999984741211,19.479999542236328,17.899999618530273,19.13999938964844,12.737175941467285,1252600.0,TRMK
2009-03-18,3.0561554431915283,3.3477320671081543,2.9517638683319087,3.3333332538604736,2.3120100498199463,5872100.0,TRN
2009-03-18,4.5,4.5,4.5,4.5,4.5,0.0,TRNS
2009-03-18,19500.0,21000.0,19500.0,21000.0,21000.0,0.0,TRNX
2009-03-18,159.83999633789062,164.16000366210938,159.83999633789062,164.16000366210938,164.16000366210938,0.0,TROV
2009-03-18,26.0,28.54999923706055,25.40999984741211,28.399999618530273,20.81681060791016,6060900.0,TROW
2009-03-18,25.07999992370605,25.51000022888184,24.459999084472656,25.239999771118164,13.70905303955078,864800.0,TRP
2009-03-18,3.564280271530152,3.826020002365112,3.4257121086120605,3.772132396697998,3.772132396697998,2254600.0,TRQ
2009-03-18,1.2749004364013672,1.2749004364013672,1.1553784608840942,1.2350597381591797,1.2350597381591797,33700.0,TRS
2009-03-18,5.800000190734862,6.25,5.4099998474121085,6.230000019073486,3.986262798309326,701800.0,TRST
2009-03-18,1.399999976158142,1.399999976158142,1.3700000047683716,1.399999976158142,1.399999976158142,1800.0,TRT
2009-03-18,7.039999961853027,7.239999771118164,6.800000190734862,7.179999828338622,3.3373732566833496,179500.0,TRTN
2009-03-18,39.72000122070313,41.16999816894531,38.36000061035156,41.15999984741211,31.373554229736328,11889500.0,TRV
2009-03-18,3.940000057220459,4.5,3.7899999618530273,4.489999771118164,4.489999771118164,408100.0,TRX
2009-03-18,42.25,42.25,42.25,42.25,42.25,0.0,TRXC
2009-03-18,18.520000457763672,19.540000915527344,18.149999618530273,19.43000030517578,14.8096342086792,2948700.0,TS
2009-03-18,4.789999961853027,4.929999828338623,4.550000190734863,4.829999923706055,4.025519847869873,1800.0,TSBK
2009-03-18,8.715000152587889,8.914999961853027,8.592499732971191,8.8125,7.891002178192139,2890400.0,TSCO
2009-03-18,2.8499999046325684,2.8499999046325684,2.400000095367432,2.549999952316284,2.549999952316284,14000.0,TSEM
2009-03-18,3.130000114440918,3.2300000190734863,3.0899999141693115,3.2100000381469727,1.2514969110488892,71300.0,TSI
2009-03-18,8.706467628479004,9.174129486083984,8.636816024780272,9.034826278686523,6.091626167297362,28117500.0,TSM
2009-03-18,9.479999542236328,9.65999984741211,9.279999732971193,9.43000030517578,8.198641777038574,7361500.0,TSN
2009-03-18,3.2000000476837163,3.2000000476837163,3.2000000476837163,3.2000000476837163,2.0233080387115483,0.0,TSRI
2009-03-18,13.649999618530273,13.8100004196167,13.5,13.6899995803833,10.61386489868164,653200.0,TSU
2009-03-18,2.918529987335205,2.9586200714111333,2.8784399032592773,2.886460065841675,2.859412670135498,185074.0,TT
2009-03-18,6.417500019073486,6.6525001525878915,6.204999923706055,6.579999923706055,4.563155174255371,2125200.0,TTC
2009-03-18,10.109999656677246,10.239999771118164,9.90999984741211,10.140000343322754,9.315897941589355,621100.0,TTEC
2009-03-18,22.229999542236328,22.38999938964844,21.459999084472656,21.81999969482422,20.611970901489254,934800.0,TTEK
2009-03-18,2.8299999237060547,2.9600000381469727,2.5999999046325684,2.9600000381469727,2.9600000381469727,52200.0,TTGT
2009-03-18,2.9300000667572017,3.490000009536743,2.9100000858306885,3.4600000381469727,3.042973279953003,938600.0,TTI
2009-03-18,4.320000171661377,4.440000057220459,4.059999942779541,4.440000057220459,4.096756935119629,1499200.0,TTM
2009-03-18,4.989999771118164,5.619999885559082,4.96999979019165,5.610000133514403,5.610000133514403,270500.0,TTMI
2009-03-18,0.9944751262664796,0.9944751262664796,0.9944751262664796,0.9944751262664796,0.9944751262664796,300.0,TTNP
2009-03-18,7.489999771118164,7.989999771118164,7.389999866485597,7.940000057220459,7.940000057220459,1256100.0,TTWO
2009-03-18,6.40500020980835,6.6599998474121085,6.262499809265138,6.5875000953674325,3.863846778869629,810400.0,TU
2009-03-18,0.75,1.0299999713897705,0.7400000095367432,1.0199999809265137,1.0199999809265137,175800.0,TUES
2009-03-18,14.0,14.5,13.609999656677244,13.9399995803833,9.329598426818848,1878500.0,TUP
2009-03-18,3.5299999713897705,3.75,3.5,3.75,3.75,56000.0,TURN
2009-03-18,13.350000381469727,13.470000267028807,13.0600004196167,13.34000015258789,11.908552169799805,4730300.0,TV
2009-03-18,26.0,26.290000915527344,25.79999923706055,26.20000076293945,17.04738426208496,14100.0,TVC
2009-03-18,25.36000061035156,25.46999931335449,25.20000076293945,25.32999992370605,16.97036361694336,12400.0,TVE
2009-03-18,7.920000076293945,8.579999923706055,7.920000076293945,8.270000457763674,8.270000457763674,435700.0,TVTY
2009-03-18,4.3400001525878915,4.610000133514403,4.190000057220459,4.400000095367432,4.282470226287842,573300.0,TWI
2009-03-18,6.0900001525878915,6.929999828338622,6.0900001525878915,6.559999942779541,5.734732151031494,37100.0,TWIN
2009-03-18,12.600000381469727,12.600000381469727,10.600000381469727,11.199999809265137,8.724210739135742,500.0,TWMC
2009-03-18,9.289999961853027,9.420000076293944,9.210000038146973,9.359999656677246,6.172878742218018,110100.0,TWN
2009-03-18,6.639999866485597,7.059999942779541,6.519999980926514,6.960000038146973,4.977529525756836,264800.0,TX
2009-03-18,4.0,4.0,4.0,4.0,4.0,0.0,TXG
2009-03-18,33.66666793823242,33.66666793823242,33.66666793823242,33.66666793823242,33.66666793823242,0.0,TXMD
2009-03-18,16.379999160766598,17.100000381469727,16.280000686645508,16.879999160766598,12.800538063049315,20669000.0,TXN
2009-03-18,8.850000381469727,10.079999923706056,8.850000381469727,9.800000190734863,8.131545066833496,2844200.0,TXRH
2009-03-18,5.8499999046325675,6.639999866485597,5.71999979019165,6.610000133514403,6.42007303237915,5153500.0,TXT
2009-03-18,8.310000419616701,8.560000419616701,8.079999923706055,8.390000343322754,5.609266757965088,28200.0,TY
2009-03-18,20.190000534057614,20.729999542236328,19.88999938964844,20.38999938964844,8.912396430969238,95200.0,TYG
2009-03-18,12.350000381469727,13.199999809265135,12.300000190734865,12.920000076293945,12.920000076293945,559100.0,TYL
2009-03-18,6.449999809265138,6.480000019073486,6.059999942779541,6.4099998474121085,6.4099998474121085,11500.0,TZOO
2009-03-18,2.039999961853028,2.28125,2.0,2.212500095367432,2.212500095367432,10480800.0,UAA
2009-03-18,17.850000381469727,17.850000381469727,17.850000381469727,17.850000381469727,17.850000381469727,0.0,UAG
2009-03-18,5.679999828338622,6.190000057220459,5.389999866485597,6.019999980926514,6.019999980926514,5415400.0,UAL
2009-03-18,0.239999994635582,0.239999994635582,0.239999994635582,0.239999994635582,0.239999994635582,0.0,UAMY
2009-03-18,131.25,562.5,131.25,525.0,525.0,0.0,UAVS
2009-03-18,12.899999618530273,13.43000030517578,12.56999969482422,13.300000190734865,7.222331523895264,107200.0,UBA
2009-03-18,8.689999580383299,8.739999771118164,8.680000305175781,8.680000305175781,5.002624988555908,300.0,UBCP
2009-03-18,4.932852745056152,5.800520420074463,4.932852745056152,5.800520420074463,5.2237958908081055,19300.0,UBFO
2009-03-18,24.84000015258789,24.84000015258789,24.84000015258789,24.84000015258789,24.84000015258789,0.0,UBG
2009-03-18,8.694355964660645,8.694355964660645,8.445945739746094,8.694355964660645,6.6716856956481925,700.0,UBOH
2009-03-18,12.0,12.199999809265135,11.31999969482422,11.770000457763672,6.1879615783691415,9200.0,UBP
2009-03-18,9.9399995803833,10.789999961853027,9.770000457763672,10.789999961853027,7.8495869636535645,5986900.0,UBS
2009-03-18,16.069999694824222,16.850000381469727,15.460000038146973,16.65999984741211,10.462957382202148,1166900.0,UBSI
2009-03-18,16.076213836669922,17.366279602050778,15.62965202331543,17.366279602050778,15.66685676574707,69900.0,UCBI
2009-03-18,14.0600004196167,14.0600004196167,14.0600004196167,14.0600004196167,14.0600004196167,0.0,UCI
2009-03-18,1.1599999666213991,1.309999942779541,1.1299999952316284,1.25,1.25,31100.0,UCTT
2009-03-18,8.359999656677246,8.979999542236328,7.8499999046325675,8.9399995803833,5.792500972747803,6457600.0,UDR
2009-03-18,0.5699999928474426,0.6200000047683716,0.5299999713897705,0.6000000238418579,0.6000000238418579,380700.0,UEC
2009-03-18,17.149999618530273,17.700000762939453,16.690000534057614,17.5,17.5,79000.0,UEIC
2009-03-18,13.93000030517578,14.119999885559082,13.699999809265135,14.050000190734865,14.050000190734865,484400.0,UEPS
2009-03-18,18.82999992370605,21.1299991607666,18.82999992370605,21.09000015258789,14.859150886535645,144500.0,UFCS
2009-03-18,1.8899999856948853,2.039999961853028,1.7999999523162842,2.039999961853028,2.039999961853028,74200.0,UFI
2009-03-18,7.993333339691162,8.563333511352539,7.7866668701171875,8.456666946411133,7.4925880432128915,505800.0,UFPI
2009-03-18,4.119999885559082,4.300000190734863,4.119999885559082,4.300000190734863,4.300000190734863,17300.0,UFPT
2009-03-18,4.800000190734863,5.460000038146973,4.619999885559082,5.1599998474121085,3.2563843727111816,617400.0,UFS
2009-03-18,6.6500000953674325,6.699999809265138,6.6500000953674325,6.699999809265138,3.971334218978882,700.0,UG
2009-03-18,15.386666297912598,15.59333324432373,15.119999885559082,15.380000114440918,10.38259506225586,1758100.0,UGI
2009-03-18,3.0550000667572017,3.221250057220459,2.9987499713897705,3.1875,1.2332706451416016,1104000.0,UGP
2009-03-18,27.51000022888184,29.75,27.51000022888184,29.540000915527344,26.83954429626465,48600.0,UHAL
2009-03-18,17.489999771118164,18.030000686645508,17.450000762939453,17.68000030517578,16.714178085327152,1366400.0,UHS
2009-03-18,27.90999984741211,29.71999931335449,27.15999984741211,28.920000076293945,16.062381744384766,102300.0,UHT
2009-03-18,3.0,3.0,3.0,3.0,2.51186203956604,0.0,UIHC
2009-03-18,4.400000095367432,5.599999904632568,4.199999809265137,5.300000190734863,5.300000190734863,539100.0,UIS
2009-03-18,18.229999542236328,18.649999618530273,17.969999313354492,18.479999542236328,12.56620979309082,1170900.0,UL
2009-03-18,9.199999809265137,9.520000457763672,8.84000015258789,9.31999969482422,9.31999969482422,153400.0,ULBI
2009-03-18,12.119999885559082,12.619999885559082,11.8100004196167,12.619999885559082,9.74290943145752,8800.0,ULH
2009-03-18,6.110000133514403,6.53000020980835,5.889999866485597,6.449999809265138,6.378626823425293,157600.0,ULTA
2009-03-18,42.27999877929688,44.22000122070313,41.47999954223633,44.18000030517578,36.3716049194336,381200.0,UMBF
2009-03-18,2.0999999046325684,2.3299999237060547,2.0999999046325684,2.289999961853028,1.5795979499816897,11123600.0,UMC
2009-03-18,5.300000190734863,5.400000095367432,5.269999980926514,5.28000020980835,2.422666311264038,11400.0,UMH
2009-03-18,9.56999969482422,11.600000381469727,9.56999969482422,11.4399995803833,7.7404398918151855,935700.0,UMPQ
2009-03-18,18.51000022888184,19.020000457763672,18.21999931335449,18.86000061035156,12.762988090515135,5220000.0,UN
2009-03-18,7.300000190734862,7.300000190734862,7.239999771118164,7.25,6.067126274108888,13600.0,UNAM
2009-03-18,16.950000762939453,16.950000762939453,16.950000762939453,16.950000762939453,10.520865440368652,0.0,UNB
2009-03-18,24.61000061035156,26.459999084472656,24.29999923706055,26.06999969482422,25.42573165893555,102700.0,UNF
2009-03-18,16.809999465942386,17.190000534057614,16.629999160766598,17.049999237060547,17.049999237060547,430100.0,UNFI
2009-03-18,21.31999969482422,22.88999938964844,21.280000686645508,21.950000762939453,18.69346237182617,11402800.0,UNH
2009-03-18,11.329999923706055,12.81999969482422,10.899999618530273,12.800000190734865,10.12453842163086,10246200.0,UNM
2009-03-18,19.905000686645508,20.114999771118164,18.86000061035156,19.80500030517578,14.236261367797852,15036000.0,UNP
2009-03-18,20.93000030517578,21.729999542236328,20.25,21.56999969482422,21.56999969482422,1055800.0,UNT
2009-03-18,2.727272748947144,2.727272748947144,2.727272748947144,2.727272748947144,2.4876940250396733,0.0,UNTY
2009-03-18,0.550000011920929,0.550000011920929,0.550000011920929,0.550000011920929,0.550000011920929,100.0,UONE
2009-03-18,0.3899999856948853,0.4000000059604645,0.36000001430511475,0.36000001430511475,0.36000001430511475,92400.0,UONEK
2009-03-18,45.66999816894531,47.34000015258789,44.54999923706055,46.52000045776367,33.324661254882805,8582500.0,UPS
2009-03-18,18.0,19.040000915527344,17.850000381469727,18.6299991607666,18.6299991607666,5995200.0,URBN
2009-03-18,0.5099999904632568,0.5099999904632568,0.4900000095367432,0.5,0.5,183800.0,URG
2009-03-18,3.690000057220459,4.010000228881837,3.690000057220459,3.940000057220459,3.940000057220459,1119300.0,URI
2009-03-18,28.540000915527344,30.20000076293945,28.51000022888184,30.170000076293945,30.170000076293945,65200.0,URR
2009-03-18,2.799999952316284,2.880000114440918,2.7300000190734863,2.8199999332427983,1.1279212236404421,369200.0,USA
2009-03-18,13.0600004196167,13.239999771118164,12.640000343322756,12.989999771118164,12.989999771118164,11400.0,USAK
2009-03-18,10.5,10.59000015258789,10.010000228881836,10.260000228881836,10.260000228881836,30600.0,USAP
2009-03-18,2.640000104904175,2.640000104904175,2.640000104904175,2.640000104904175,2.640000104904175,0.0,USAS
2009-03-18,89.27999877929688,91.44000244140624,89.27999877929688,89.27999877929688,89.27999877929688,100.0,USAU
2009-03-18,14.289999961853027,15.850000381469727,13.789999961853027,15.829999923706055,12.360109329223633,52197400.0,USB
2009-03-18,105.5999984741211,109.8000030517578,105.5999984741211,109.1999969482422,109.1999969482422,300.0,USEG
2009-03-18,0.44999998807907104,0.44999998807907104,0.44999998807907104,0.44999998807907104,0.44999998807907104,0.0,USIO
2009-03-18,22.61000061035156,24.1299991607666,22.60000038146973,24.1299991607666,21.76898765563965,1300.0,USLM
2009-03-18,34.990001678466804,36.11000061035156,34.560001373291016,35.529998779296875,30.474380493164066,262300.0,USM
2009-03-18,10.505000114440918,10.824999809265137,10.335000038146973,10.68000030517578,10.68000030517578,85000.0,USNA
2009-03-18,9.25,9.760000228881836,9.0,9.5600004196167,8.492868423461914,217000.0,USPH
2009-03-18,18.21999931335449,18.21999931335449,18.21999931335449,18.21999931335449,18.21999931335449,0.0,USV
2009-03-18,8.340000152587889,8.649999618530272,8.149999618530272,8.630000114440918,3.581268310546875,136300.0,UTF
2009-03-18,9.289999961853027,10.0,9.289999961853027,9.899999618530273,4.655237674713135,79100.0,UTG
2009-03-18,31.31999969482422,32.549999237060554,30.96999931335449,31.53499984741211,31.53499984741211,1319600.0,UTHR
2009-03-18,10.329999923706056,10.550000190734863,10.100000381469727,10.470000267028807,8.550556182861326,274800.0,UTI
2009-03-18,19.770000457763672,20.299999237060547,19.600000381469727,20.270000457763672,12.53053092956543,22300.0,UTL
2009-03-18,23.489999771118164,23.5,21.82999992370605,23.0,17.56532859802246,8500.0,UTMD
2009-03-18,2.1600000858306885,2.369999885559082,2.0999999046325684,2.369999885559082,2.369999885559082,137100.0,UTSI
2009-03-18,41.4900016784668,42.47999954223633,40.47000122070313,41.88000106811523,32.326255798339844,8683600.0,UTX#
2009-03-18,41.4900016784668,42.47999954223633,40.47000122070313,41.88000106811523,32.326255798339844,8683600.0,UTX
2009-03-18,3.390000104904175,3.670000076293945,3.390000104904175,3.5,3.5,4500.0,UUU
2009-03-18,8.0,8.0,8.0,8.0,8.0,0.0,UUUU
2009-03-18,3.3499999046325684,3.490000009536743,3.3499999046325684,3.400000095367432,2.0608906745910645,38600.0,UVE
2009-03-18,18.36000061035156,19.75,18.06999969482422,19.100000381469727,12.335579872131348,33600.0,UVSP
2009-03-18,30.5,31.11000061035156,29.78000068664551,30.670000076293945,18.34970092773437,884200.0,UVV
2009-03-18,13.612500190734865,14.125,13.364999771118164,14.077500343322756,11.368589401245115,45296400.0,V
2009-03-18,109.16000366210938,113.44000244140624,103.87999725341795,111.55999755859376,87.86743927001953,1165700.0,VAL
2009-03-18,13.609999656677244,14.199999809265135,12.9399995803833,13.850000381469727,9.93059539794922,58338100.0,VALE
2009-03-18,27.1200008392334,27.709999084472656,27.04999923706055,27.57999992370605,13.81851577758789,2900.0,VALU
2009-03-18,27.17513084411621,27.385587692260746,26.37715148925781,26.9471378326416,26.9471378326416,2227300.0,VAR
2009-03-18,16.850000381469727,16.899999618530273,16.5,16.670000076293945,8.828553199768066,57700.0,VBF
2009-03-18,65.12000274658203,73.5999984741211,65.12000274658203,73.5999984741211,73.5999984741211,0.0,VBFC
2009-03-18,65.59999847412111,65.59999847412111,59.20000076293945,62.4000015258789,62.4000015258789,7400.0,VCEL
2009-03-18,10.75,10.8100004196167,10.6899995803833,10.8100004196167,6.434396743774414,3700.0,VCF
2009-03-18,9.93000030517578,10.15999984741211,9.90999984741211,9.960000038146973,5.039109706878662,29200.0,VCV
2009-03-18,5.329999923706055,5.820000171661378,5.28000020980835,5.630000114440918,5.630000114440918,131400.0,VECO
2009-03-18,9.515859603881836,9.933221817016602,9.21535873413086,9.716193199157717,6.507500648498535,649000.0,VEDL
2009-03-18,5.940000057220459,6.329999923706055,5.9000000953674325,6.1599998474121085,3.311262369155884,12296200.0,VEON
2009-03-18,0.014999999664723871,0.014999999664723871,0.014999999664723871,0.014999999664723871,0.00835113599896431,5500.0,VER
2009-03-18,3.75,3.849999904632568,3.670000076293945,3.7300000190734863,3.1379854679107666,10100.0,VERU
2009-03-18,12.76600742340088,13.434557914733887,12.63888931274414,13.25564956665039,6.727510452270508,6872800.0,VFC
2009-03-18,10.5,10.5,10.5,10.5,6.131343364715576,1200.0,VFL
2009-03-18,0.4399999976158142,0.4399999976158142,0.3899999856948853,0.4399999976158142,0.4399999976158142,228500.0,VG
2009-03-18,10.619999885559082,10.800000190734863,10.59000015258789,10.75,5.262001037597656,72400.0,VGM
2009-03-18,7.975025653839111,8.039340019226074,7.723613262176514,7.863936424255371,2.127643823623657,542500.0,VGR
2009-03-18,1.6599999666213991,2.0,1.559999942779541,1.9700000286102293,1.9700000286102293,550700.0,VGZ
2009-03-18,1.1599999666213991,1.1599999666213991,1.149999976158142,1.149999976158142,1.0616743564605713,2600.0,VHC
2009-03-18,2.9233334064483643,3.0166666507720947,2.776666641235352,2.946666717529297,1.9915527105331419,261900.0,VHI
2009-03-18,4.119999885559082,4.579999923706055,4.010000228881837,4.3400001525878915,4.257825851440431,16410000.0,VIAC
2009-03-18,1.769055724143982,1.8828214406967163,1.7349261045455933,1.8657565116882324,1.8657565116882324,5560500.0,VIAV
2009-03-18,4.300000190734863,4.5900001525878915,4.239999771118163,4.5900001525878915,4.440245151519775,33500.0,VICR
2009-03-18,2.049999952316284,2.0699999332427983,1.9800000190734863,2.0199999809265137,1.8466752767562864,5100.0,VIRC
2009-03-18,19.75,20.11000061035156,19.450000762939453,19.90999984741211,9.598126411437988,75300.0,VIV
2009-03-18,17.899999618530273,18.40999984741211,17.700000762939453,18.11000061035156,12.415899276733398,208600.0,VIVO
2009-03-18,9.329999923706056,9.390000343322754,9.229999542236328,9.359999656677246,4.583280563354492,46100.0,VKI
2009-03-18,10.43000030517578,10.699999809265137,10.31999969482422,10.449999809265137,5.217179775238037,61500.0,VKQ
2009-03-18,29.21999931335449,31.229999542236328,28.32999992370605,30.649999618530273,19.547645568847656,30200.0,VLGEA
2009-03-18,16.97440528869629,17.129798889160153,16.297988891601562,16.919561386108402,12.3557710647583,14578700.0,VLO
2009-03-18,8.800000190734863,9.0,8.75,8.800000190734863,3.461145639419556,7500.0,VLT
2009-03-18,9.041500091552734,9.559803009033203,8.802916526794434,9.53512191772461,5.536971092224121,3149800.0,VLY
2009-03-18,40.90999984741211,40.91999816894531,39.88000106811523,40.61000061035156,36.27999114990234,2161600.0,VMC
2009-03-18,50.0,52.22999954223633,48.68000030517578,51.65999984741211,46.01155853271485,281500.0,VMI
2009-03-18,11.300000190734865,11.380000114440918,11.199999809265137,11.380000114440918,7.004212379455566,5000.0,VMM
2009-03-18,10.609999656677246,10.81999969482422,10.449999809265137,10.800000190734863,5.317338466644287,36600.0,VMO
2009-03-18,23.60000038146973,25.70000076293945,23.26000022888184,25.25,20.975770950317386,4052000.0,VMW
2009-03-18,0.8500000238418579,0.8500000238418579,0.8100000023841858,0.8100000023841858,0.8100000023841858,62900.0,VNDA
2009-03-18,26.58666038513184,29.32287788391113,25.61362075805664,28.81075096130371,17.96779441833496,11947300.0,VNO
2009-03-18,17.461772918701172,18.307849884033203,17.288480758666992,18.13455581665039,9.184684753417967,3140500.0,VOD
2009-03-18,7.449999809265138,7.6500000953674325,7.119999885559082,7.170000076293945,7.170000076293945,265600.0,VOLT
2009-03-18,2.6700000762939453,2.940000057220459,2.559999942779541,2.940000057220459,2.940000057220459,68800.0,VOXX
2009-03-18,10.649999618530273,11.010000228881836,10.479999542236328,10.510000228881836,5.385454177856445,9500.0,VPV
2009-03-18,0.6499999761581421,0.6499999761581421,0.6499999761581421,0.6499999761581421,0.6499999761581421,300.0,VRML
2009-03-18,3.2999999523162837,3.4600000381469727,3.2000000476837163,3.400000095367432,3.400000095367432,42100.0,VRNT
2009-03-18,19.51000022888184,20.420000076293945,19.5,20.1299991607666,17.09341049194336,4562300.0,VRSN
2009-03-18,3.0899999141693115,3.400000095367432,3.0899999141693115,3.400000095367432,3.400000095367432,206.0,VRT
2009-03-18,6.699999809265138,7.800000190734862,6.539999961853027,6.9099998474121085,6.2264461517333975,102800.0,VRTS
2009-03-18,6.429999828338622,6.710000038146973,6.300000190734862,6.5999999046325675,6.5999999046325675,26500.0,VRTU
2009-03-18,28.899999618530273,29.79999923706055,28.35000038146973,29.5,29.5,4144800.0,VRTX
2009-03-18,18.530000686645508,19.32999992370605,18.239999771118164,19.13999938964844,19.13999938964844,246100.0,VSAT
2009-03-18,11.859999656677244,12.6899995803833,11.6850004196167,12.53499984741211,11.459951400756836,31800.0,VSEC
2009-03-18,2.700000047683716,2.890000104904175,2.630000114440918,2.880000114440918,2.277211427688598,1221400.0,VSH
2009-03-18,1.0395300388336182,1.0494300127029421,1.0197299718856812,1.0494300127029421,0.8743992447853088,658088.0,VST
2009-03-18,6.449999809265138,6.5999999046325675,6.269999980926514,6.53000020980835,2.7245752811431885,161000.0,VTA
2009-03-18,10.449999809265137,10.600000381469727,10.449999809265137,10.579999923706056,5.4641876220703125,10300.0,VTN
2009-03-18,0.6000000238418579,0.6000000238418579,0.6000000238418579,0.6000000238418579,0.6000000238418579,0.0,VTNR
2009-03-18,27.37238693237305,29.233755111694336,26.721479415893555,29.1309814453125,17.64179229736328,3933700.0,VTR
2009-03-18,11.872966766357422,12.146892547607422,11.402156829833984,11.778804779052734,8.744590759277344,196700.0,VVI
2009-03-18,2.3199999332427983,2.3499999046325684,2.289999961853028,2.309999942779541,1.0999619960784912,326400.0,VVR
2009-03-18,33.900001525878906,36.0,33.0,35.20000076293945,35.20000076293945,42800.0,VVUS
2009-03-18,251.4600067138672,270.60000610351557,251.4600067138672,266.6400146484375,239.28472900390625,1700.0,VXRT
2009-03-18,408.0,414.3200073242188,405.2799987792969,411.67999267578125,411.67999267578125,19800.0,VXZ
2009-03-18,27.742755889892575,29.07455825805664,27.742755889892575,28.858844757080078,16.84959602355957,30188100.0,VZ
2009-03-18,13.005000114440918,13.6899995803833,12.78499984741211,13.489999771118164,12.900994300842285,1271800.0,WAB
2009-03-18,41.08000183105469,43.790000915527344,40.36000061035156,43.52000045776367,31.339900970458984,481600.0,WABC
2009-03-18,12.300000190734865,13.380000114440918,12.0600004196167,13.380000114440918,10.713150024414062,1881500.0,WAFD
2009-03-18,5.730000019073486,6.53000020980835,5.6599998474121085,6.199999809265138,6.107192993164063,157400.0,WAL
2009-03-18,14.479999542236328,17.329999923706055,14.479999542236328,16.850000381469727,11.078914642333984,62200.0,WASH
2009-03-18,32.490001678466804,32.959999084472656,32.22999954223633,32.389999389648445,32.389999389648445,1866200.0,WAT
2009-03-18,24.190000534057614,24.36000061035156,23.6200008392334,24.020000457763672,18.75079727172852,8838300.0,WBA
2009-03-18,10.56999969482422,11.93000030517578,10.56999969482422,11.600000381469727,11.600000381469727,1362600.0,WBC
2009-03-18,11.81999969482422,12.338000297546387,11.541999816894533,12.229999542236328,1.8587419986724851,98000.0,WBK
2009-03-18,4.389999866485597,4.730000019073486,4.190000057220459,4.730000019073486,3.81911563873291,1467300.0,WBS
2009-03-18,16.100000381469727,17.290000915527347,15.960000038146973,17.110000610351562,17.110000610351562,645100.0,WCC
2009-03-18,10.333333015441896,10.69777774810791,10.128889083862305,10.533333778381348,9.249942779541016,1277500.0,WCN
2009-03-18,17.100000381469727,17.8799991607666,16.780000686645508,17.6200008392334,14.015681266784668,5316800.0,WDC
2009-03-18,24.040000915527344,25.07999992370605,23.53000068664551,24.63999938964844,19.56562614440918,63200.0,WDFC
2009-03-18,15.0600004196167,16.280000686645508,14.90999984741211,16.229999542236328,9.078605651855467,2259200.0,WDR
2009-03-18,8.430000305175781,8.649999618530272,8.430000305175781,8.579999923706055,3.5769655704498287,45200.0,WEA
2009-03-18,19.125,19.899999618530273,18.94499969482422,19.81999969482422,12.689441680908205,3129800.0,WEC
2009-03-18,0.1599999964237213,0.1599999964237213,0.1599999964237213,0.1599999964237213,0.1599999964237213,0.0,WEI
2009-03-18,31.809999465942386,33.540000915527344,30.82999992370605,33.450000762939446,18.8409481048584,3756900.0,WELL
2009-03-18,5.019999980926514,5.46999979019165,5.0,5.360000133514403,4.290818214416504,10142900.0,WEN
2009-03-18,13.989999771118164,14.779999732971193,13.989999771118164,14.649999618530273,9.343657493591307,1272500.0,WERN
2009-03-18,14.149999618530273,14.460000038146973,13.65999984741211,14.350000381469727,8.250371932983397,106500.0,WES
2009-03-18,0.6100000143051147,0.6800000071525574,0.6100000143051147,0.6800000071525574,0.5915888547897339,19700.0,WETF
2009-03-18,15.869999885559082,16.100000381469727,15.59000015258789,15.979999542236328,15.979999542236328,524100.0,WEX
2009-03-18,24.979999542236328,26.85000038146973,24.53000068664551,26.18000030517578,18.878742218017575,25800.0,WEYS
2009-03-18,17.89034652709961,19.439809799194336,17.497020721435547,19.368295669555664,15.47253704071045,6400.0,WF
2009-03-18,14.399999618530273,17.309999465942386,14.15999984741211,17.219999313354492,13.044652938842773,232658000.0,WFC
2009-03-18,5.289999961853027,6.019999980926514,5.1599998474121085,5.440000057220459,4.994229316711426,205500.0,WGO
2009-03-18,38.45000076293945,40.56999969482422,37.16999816894531,38.97999954223633,23.745880126953125,24700.0,WHG
2009-03-18,2.5999999046325684,2.5999999046325684,2.5999999046325684,2.5999999046325684,2.5999999046325684,0.0,WHLM
2009-03-18,25.309999465942386,28.20000076293945,24.85000038146973,27.61000061035156,20.85497283935547,2439900.0,WHR
2009-03-18,10.800000190734863,11.100000381469727,10.75,11.050000190734863,7.514246463775635,77600.0,WIA
2009-03-18,1.0599999427795408,1.0900000333786009,0.9900000095367432,1.0199999809265137,0.9566896557807922,20600.0,WILC
2009-03-18,9.170000076293944,9.4399995803833,9.149999618530273,9.4399995803833,8.604391098022461,2900.0,WINA
2009-03-18,18.8700008392334,19.940000534057614,18.290000915527344,19.649999618530273,19.126379013061523,174500.0,WIRE
2009-03-18,1.7475467920303345,1.7876895666122437,1.6833184957504272,1.7823371887207031,1.372333526611328,2930400.0,WIT
2009-03-18,10.239999771118164,10.550000190734863,10.229999542236328,10.520000457763672,6.955681800842285,167800.0,WIW
2009-03-18,1.559999942779541,1.5700000524520874,1.5399999618530271,1.5499999523162842,1.5499999523162842,2500.0,WLDN
2009-03-18,7.690000057220459,8.5,7.690000057220459,8.5,8.5,1200.0,WLFC
2009-03-18,6.855000019073486,7.045000076293945,6.690000057220459,6.96999979019165,5.96857500076294,668400.0,WLK
2009-03-18,50.63999938964844,52.20000076293945,48.599998474121094,52.15999984741211,52.15999984741211,769600.0,WLL
2009-03-18,57.35099411010742,60.55628967285156,57.13907241821289,60.50331115722656,45.80748748779297,389000.0,WLTW
2009-03-18,24.95000076293945,25.79999923706055,24.440000534057614,25.25,17.963106155395508,4725400.0,WM
2009-03-18,9.260671615600586,9.480775833129883,8.926440238952637,9.399255752563477,5.56532096862793,12125600.0,WMB
2009-03-18,27.479999542236328,28.520000457763672,27.479999542236328,28.29999923706055,20.12380027770996,140800.0,WMK
2009-03-18,20.700000762939453,22.059999465942386,20.1200008392334,21.82999992370605,19.99623107910156,1333648.0,WMS
2009-03-18,48.95000076293945,51.099998474121094,48.95000076293945,50.43999862670898,38.56603622436523,20190900.0,WMT
2009-03-18,0.6000000238418579,0.6100000143051147,0.5199999809265137,0.6100000143051147,0.5706555843353271,641000.0,WNC
2009-03-18,8.970000267028809,9.170000076293944,8.529999732971191,9.029999732971193,6.05006742477417,110500.0,WNEB
2009-03-18,4.0399999618530265,4.5,3.990000009536743,4.2899999618530265,4.2899999618530265,157400.0,WNS
2009-03-18,7.639999866485597,8.300000190734862,7.309999942779541,8.210000038146973,6.350912094116211,1074600.0,WOR
2009-03-18,22.86000061035156,23.6299991607666,22.79999923706055,23.59000015258789,11.98910903930664,63800.0,WPC
2009-03-18,6.25,7.210000038146973,6.1500000953674325,7.190000057220459,6.323441028594972,11441000.0,WPM
2009-03-18,27.76000022888184,29.04999923706055,27.540000915527344,28.899999618530273,19.59763526916504,118000.0,WPP
2009-03-18,4.550000190734863,5.130000114440918,4.440000057220459,5.110000133514403,5.110000133514403,123100.0,WPRT
2009-03-18,14.56666660308838,15.233333587646484,14.020000457763672,15.206666946411133,12.229633331298828,5118700.0,WRB
2009-03-18,17.760000228881836,18.6200008392334,16.709999084472653,18.600000381469727,10.881060600280762,1707800.0,WRE
2009-03-18,9.699999809265137,10.640000343322754,9.399999618530273,10.59000015258789,5.773556232452393,3182100.0,WRI
2009-03-18,14.949999809265135,16.200000762939453,14.630000114440918,16.100000381469727,16.100000381469727,160600.0,WRLD
2009-03-18,0.33000001311302185,0.33000001311302185,0.33000001311302185,0.33000001311302185,0.33000001311302185,0.0,WRN
2009-03-18,18.809999465942386,20.459999084472656,18.21999931335449,20.38999938964844,14.34013843536377,110600.0,WSBC
2009-03-18,1.9048486948013303,2.1691577434539795,1.8319358825683596,1.932191014289856,1.4963382482528689,10500.0,WSBF
2009-03-18,8.40333366394043,9.186666488647461,8.336667060852049,9.15999984741211,8.205355644226074,178800.0,WSFS
2009-03-18,9.350000381469727,10.3100004196167,9.289999961853027,10.149999618530273,7.73320722579956,2661300.0,WSM
2009-03-18,32.639999389648445,33.509998321533196,31.649999618530273,33.36999893188477,23.85249900817871,320700.0,WSO
2009-03-18,15.40999984741211,16.094999313354492,15.1850004196167,15.90999984741211,13.187688827514648,461600.0,WST
2009-03-18,6.6500000953674325,6.949999809265138,6.6500000953674325,6.949999809265138,3.970420837402344,1600.0,WSTG
2009-03-18,1.0800000429153442,1.2000000476837158,1.0399999618530271,1.1599999666213991,1.1599999666213991,13100.0,WSTL
2009-03-18,6.670000076293945,6.920000076293945,6.46999979019165,6.889999866485597,5.053776741027832,37600.0,WTBA
2009-03-18,13.260000228881836,13.890000343322756,12.710000038146973,13.539999961853027,12.408660888671875,535100.0,WTFC
2009-03-18,5.769999980926514,6.03000020980835,5.4099998474121085,5.96999979019165,4.738090515136719,856500.0,WTI
2009-03-18,173.0,185.75,170.86000061035156,183.9499969482422,180.5603485107422,69700.0,WTM
2009-03-18,17.739999771118164,18.81999969482422,17.530000686645508,18.5,16.254524230957028,230500.0,WTS
2009-03-18,0.2800000011920929,0.30000001192092896,0.2800000011920929,0.30000001192092896,0.30000001192092896,23800.0,WTT
2009-03-18,12.420000076293945,12.520000457763672,12.100000381469727,12.43000030517578,9.14472198486328,6082800.0,WU
2009-03-18,15.0,15.0,15.0,15.0,11.854385375976562,900.0,WVFC
2009-03-18,2.1199998855590816,2.5299999713897705,2.1099998950958248,2.5299999713897705,2.5299999713897705,9400.0,WVVI
2009-03-18,19.920000076293945,20.059999465942386,19.25,19.61000061035156,17.93762969970703,438900.0,WW
2009-03-18,9.5,9.789999961853027,9.119999885559082,9.670000076293944,8.845254898071289,1287800.0,WWD
2009-03-18,10.960000038146973,11.1899995803833,10.739999771118164,11.020000457763672,6.953203201293945,206400.0,WWE
2009-03-18,3480.0,3600.0,3120.0,3600.0,3600.0,0.0,WWR
2009-03-18,7.264999866485597,7.505000114440918,7.204999923706055,7.454999923706055,6.073665142059326,1389600.0,WWW
2009-03-18,26.559999465942386,27.899999618530273,26.309999465942386,27.85000038146973,19.530250549316406,3808000.0,WY
2009-03-18,1.864559769630432,2.0135440826416016,1.8194130659103396,1.9729119539260864,1.2062439918518066,9733800.0,WYND
2009-03-18,20.600000381469727,21.40999984741211,19.350000381469727,21.170000076293945,13.078553199768065,3566500.0,WYNN
2009-03-18,0.25999999046325684,0.2700000107288361,0.25999999046325684,0.25999999046325684,0.25999999046325684,18200.0,WYY
2009-03-18,17.549999237060547,19.56999969482422,17.149999618530273,19.170000076293945,17.482940673828125,20060900.0,X
2009-03-18,10.760000228881836,11.84000015258789,10.479999542236328,11.520000457763672,5.656279563903809,29100.0,XAN
2009-03-18,18.850000381469727,19.399999618530273,18.049999237060547,19.21999931335449,17.891298294067386,2159500.0,XEC
2009-03-18,17.290000915527347,17.739999771118164,16.969999313354492,17.709999084472656,11.514939308166506,5048300.0,XEL
2009-03-18,4.96999979019165,5.360000133514403,4.9099998474121085,5.230000019073486,3.0097217559814453,223800.0,XIN
2009-03-18,19.61000061035156,20.420000076293945,19.309999465942386,20.11000061035156,15.549068450927734,17826900.0,XLNX
2009-03-18,68.51000213623047,70.0,66.86000061035156,69.16999816894531,48.48395919799805,41888000.0,XOM
2009-03-18,129.0,129.0,120.0,120.0,120.0,2600.0,XOMA
2009-03-18,12.609999656677244,13.050000190734865,12.43000030517578,12.720000267028807,9.690058708190918,662900.0,XPER
2009-03-18,1.2999999523162842,1.3600000143051147,1.100000023841858,1.2400000095367432,1.2400000095367432,19400.0,XPL
2009-03-18,3.1600000858306885,3.1600000858306885,2.9600000381469727,3.039999961853028,3.039999961853028,9500.0,XPO
2009-03-18,24.6299991607666,25.290000915527344,24.239999771118164,24.84000015258789,23.12978935241699,2119600.0,XRAY
2009-03-18,13.596837997436525,14.44005298614502,13.30698299407959,14.17654800415039,11.917500495910645,2077200.0,XRX
2009-03-18,4.0,4.5,4.0,4.0,4.0,4500.0,XTLB
2009-03-18,266.53585815429693,272.31231689453125,256.8770751953125,272.0955810546875,261.81253051757807,76900.0,Y
2009-03-18,11.859999656677244,12.34000015258789,11.579999923706055,11.59000015258789,8.726353645324707,7500.0,YORW
2009-03-18,18.489999771118164,19.299999237060547,18.489999771118164,19.299999237060547,14.040528297424315,3300.0,YPF
2009-03-18,23850.0,26775.0,23625.0,26625.0,26625.0,200.0,YRCW
2009-03-18,16680.0,18480.0,15408.0,17040.0,17040.0,100.0,YTEN
2009-03-18,19.597412109375,20.028757095336914,19.34579467773437,19.85621833801269,14.960681915283205,8287500.0,YUM
2009-03-18,975.0,984.0,915.0,960.0,959.7902221679688,100.0,YUMA
2009-03-18,1.5,1.75,1.5,1.5,1.5,1200.0,YVR
2009-03-18,1.6200000047683716,1.6299999952316284,1.5800000429153442,1.6000000238418581,1.6000000238418581,49500.0,ZAGG
2009-03-18,36.2400016784668,37.41999816894531,36.15999984741211,36.90999984741211,34.318050384521484,2441400.0,ZBH
2009-03-18,18.71999931335449,19.270000457763672,18.3799991607666,19.209999084472656,19.209999084472656,791500.0,ZBRA
2009-03-18,11.510000228881836,13.93000030517578,11.020000457763672,13.739999771118164,13.111272811889648,385700.0,ZEUS
2009-03-18,10.3100004196167,11.960000038146973,10.270000457763672,11.729999542236328,10.595402717590332,6542400.0,ZION
2009-03-18,0.6800000071525574,0.6800000071525574,0.6600000262260437,0.6700000166893005,0.6700000166893005,8100.0,ZIOP
2009-03-18,1.1299999952316284,1.1799999475479126,1.0800000429153442,1.1599999666213991,1.1599999666213991,137900.0,ZIXI
2009-03-18,11.510000228881836,12.279999732971193,11.5,11.75,11.75,67500.0,ZN
2009-03-18,8.300000190734862,8.550000190734862,8.109999656677246,8.520000457763674,7.1100850105285645,56600.0,ZNH
2009-03-18,11.5600004196167,12.359999656677244,11.5600004196167,12.359999656677244,3.1621673107147217,139900.0,ZTR
2009-03-18,7.630000114440918,8.300000190734862,7.550000190734862,8.210000038146973,8.210000038146973,369700.0,ZUMZ
2009-03-18,1.100000023841858,1.149999976158142,1.0900000333786009,1.1200000047683716,0.6093495488166809,7400.0,ZYXI
