Date,Open,High,Low,Close,Adj Close,Volume,stock
2015-09-30,34.080001831054695,34.43000030517578,33.669998168945305,34.330001831054695,32.889514923095696,2545700.0,A
2015-09-30,23.092830657958984,23.3331298828125,22.660289764404297,23.212980270385746,22.815954208374023,17459500.0,AA
2015-09-30,39.18000030517578,39.68000030517578,37.72000122070313,38.83000183105469,37.02786254882813,15823700.0,AAL
2015-09-30,24.0,24.0,22.79999923706055,23.95000076293945,23.95000076293945,10900.0,AAMC
2015-09-30,4.0399999618530265,4.050000190734863,4.010000228881837,4.0399999618530265,3.9472286701202393,4600.0,AAME
2015-09-30,35.88999938964844,36.2599983215332,35.540000915527344,36.11000061035156,35.5562858581543,751300.0,AAN
2015-09-30,17.100000381469727,18.920000076293945,16.889999389648438,18.780000686645508,18.780000686645508,468700.0,AAOI
2015-09-30,19.32999992370605,19.489999771118164,19.15999984741211,19.3799991607666,18.706445693969727,101800.0,AAON
2015-09-30,183.4900054931641,192.5,183.47999572753903,189.52999877929688,187.62771606445312,4119700.0,AAP
2015-09-30,110.16999816894531,111.54000091552734,108.7300033569336,110.3000030517578,102.3899917602539,66473000.0,AAPL
2015-09-30,41.02000045776367,41.310001373291016,40.52000045776367,40.86000061035156,36.27981567382813,486200.0,AAT
2015-09-30,0.5600000023841858,0.6000000238418579,0.5600000023841858,0.5799999833106995,0.5799999833106995,25600.0,AAU
2015-09-30,34.47999954223633,34.970001220703125,34.139999389648445,34.560001373291016,34.560001373291016,237300.0,AAWW
2015-09-30,21.88999938964844,22.229999542236328,21.61000061035156,22.030000686645508,22.030000686645508,1459200.0,AAXN
2015-09-30,26.21999931335449,26.84000015258789,26.1200008392334,26.60000038146973,17.898977279663086,180300.0,AB
2015-09-30,17.670000076293945,17.739999771118164,17.510000228881836,17.670000076293945,14.56809902191162,1755500.0,ABB
2015-09-30,53.540000915527344,54.5,53.36000061035156,54.40999984741211,44.35860061645508,11895500.0,ABBV
2015-09-30,96.08000183105469,96.68000030517578,94.06999969482422,94.98999786376952,87.80905151367188,2381200.0,ABC
2015-09-30,28.6200008392334,28.81999969482422,28.38999938964844,28.75,27.42080307006836,331100.0,ABCB
2015-09-30,4.0399999618530265,4.320000171661377,3.849999904632568,4.050000190734863,4.050000190734863,115800.0,ABEO
2015-09-30,4.920000076293945,4.949999809265137,4.849999904632568,4.900000095367432,4.3022871017456055,15789500.0,ABEV
2015-09-30,80.91000366210938,83.83000183105469,79.29000091552734,81.1500015258789,81.1500015258789,424200.0,ABG
2015-09-30,88.19999694824219,90.36000061035156,87.66000366210938,89.27999877929688,89.27999877929688,2900.0,ABIO
2015-09-30,27.88999938964844,27.95000076293945,26.95000076293945,27.309999465942386,24.963777542114254,990700.0,ABM
2015-09-30,90.3000030517578,93.1999969482422,89.83999633789062,92.76000213623048,92.76000213623048,764900.0,ABMD
2015-09-30,6.429999828338622,6.429999828338622,6.28000020980835,6.360000133514403,4.247579574584962,110500.0,ABR
2015-09-30,39.84000015258789,40.43000030517578,39.54999923706055,40.22000122070313,36.66899490356445,10750300.0,ABT
2015-09-30,6.110000133514403,6.170000076293945,5.75,6.0900001525878915,6.0900001525878915,521400.0,ABUS
2015-09-30,750.0,767.0,743.0,767.0,749.6051025390625,485260.0,AC
2015-09-30,31.25,33.40999984741211,31.25,33.06999969482422,33.06999969482422,1765700.0,ACAD
2015-09-30,0.2840000092983246,0.2899999916553497,0.2840000092983246,0.2899999916553497,0.2899999916553497,8600.0,ACB
2015-09-30,36.95000076293945,36.95000076293945,36.150001525878906,36.2400016784668,30.308818817138672,1396800.0,ACC
2015-09-30,6.920000076293945,7.1500000953674325,6.9099998474121085,7.070000171661378,6.6414241790771475,1021200.0,ACCO
2015-09-30,25.52083396911621,44.16666793823242,25.52083396911621,32.60416793823242,32.60416793823242,143300.0,ACER
2015-09-30,24.483333587646484,24.709999084472656,24.46999931335449,24.489999771118164,24.489999771118164,4664400.0,ACGL
2015-09-30,7.800000190734862,7.800000190734862,7.670000076293945,7.760000228881836,7.760000228881836,36500.0,ACH
2015-09-30,64.06999969482422,67.16000366210939,64.06999969482422,66.26999664306639,66.26999664306639,1237700.0,ACHC
2015-09-30,246.3999938964844,262.89999389648443,232.1000061035156,245.3000030517578,245.3000030517578,5000.0,ACHV
2015-09-30,21.21999931335449,21.40999984741211,20.940000534057614,21.1200008392334,21.1200008392334,546500.0,ACIW
2015-09-30,10.880000114440918,10.920000076293944,10.5600004196167,10.68000030517578,10.68000030517578,201300.0,ACLS
2015-09-30,27.1200008392334,27.540000915527344,27.020000457763672,27.51000022888184,27.51000022888184,1421900.0,ACM
2015-09-30,97.63999938964844,98.37999725341795,97.3499984741211,98.26000213623048,90.25872802734376,3704100.0,ACN
2015-09-30,20.899999618530273,20.899999618530273,20.899999618530273,20.899999618530273,18.34861183166504,600.0,ACNB
2015-09-30,26.10000038146973,27.1299991607666,25.81999969482422,26.51000022888184,26.51000022888184,1089600.0,ACOR
2015-09-30,12.426900863647461,12.553606033325195,12.280701637268065,12.52436637878418,7.367339134216309,98400.0,ACP
2015-09-30,11.75,12.029999732971193,11.59000015258789,11.989999771118164,8.038166999816895,204400.0,ACRE
2015-09-30,3.0799999237060547,3.190000057220459,2.9500000476837163,3.0499999523162837,3.0499999523162837,424200.0,ACRX
2015-09-30,2.900000095367432,2.900000095367432,2.5999999046325684,2.700000047683716,2.700000047683716,4300.0,ACST
2015-09-30,9.68000030517578,9.770000457763672,9.029999732971193,9.079999923706056,8.915745735168457,518000.0,ACTG
2015-09-30,17.229999542236328,17.229999542236328,17.229999542236328,17.229999542236328,15.736435890197756,200.0,ACU
2015-09-30,17.459999084472653,17.5,17.229999542236328,17.430000305175778,11.326842308044435,66400.0,ACV
2015-09-30,10.4399995803833,10.4399995803833,10.039999961853027,10.039999961853027,10.039999961853027,3600.0,ACY
2015-09-30,11.800000190734865,12.56999969482422,11.5,11.970000267028807,11.970000267028807,194300.0,ADAP
2015-09-30,80.87999725341797,82.37000274658203,80.37999725341797,82.22000122070312,82.22000122070312,3653800.0,ADBE
2015-09-30,29.979999542236328,29.979999542236328,29.61000061035156,29.85000038146973,24.877798080444336,95900.0,ADC
2015-09-30,6.4000000953674325,6.6500000953674325,6.4000000953674325,6.5999999046325675,4.99689245223999,347200.0,ADES
2015-09-30,55.02000045776367,56.540000915527344,54.83000183105469,56.40999984741211,50.94542694091797,3340700.0,ADI
2015-09-30,41.4900016784668,41.77000045776367,41.22000122070313,41.45000076293945,36.00107192993164,4722500.0,ADM
2015-09-30,8.199999809265138,8.739999771118164,8.010000228881836,8.359999656677246,8.359999656677246,56000.0,ADMA
2015-09-30,3.619999885559082,3.890000104904175,3.5299999713897705,3.869999885559082,3.869999885559082,56100.0,ADMP
2015-09-30,16.520000457763672,17.25,16.379999160766598,16.739999771118164,16.739999771118164,141000.0,ADMS
2015-09-30,80.13999938964844,80.43000030517578,79.29000091552734,80.36000061035156,72.73416900634766,2674400.0,ADP
2015-09-30,19.420000076293945,19.81999969482422,18.31999969482422,19.3700008392334,19.3700008392334,343300.0,ADRO
2015-09-30,254.44000244140625,259.83999633789057,254.44000244140625,258.98001098632807,247.18875122070312,603800.0,ADS
2015-09-30,45.38999938964844,45.97999954223633,43.900001525878906,44.13999938964844,44.13999938964844,6358000.0,ADSK
2015-09-30,14.640000343322756,14.869999885559082,14.550000190734865,14.600000381469727,13.132772445678713,552800.0,ADTN
2015-09-30,31.84000015258789,31.84000015258789,30.45000076293945,31.149999618530273,31.149999618530273,89500.0,ADUS
2015-09-30,8.199999809265138,8.430000305175781,7.860000133514403,8.239999771118164,8.239999771118164,654100.0,ADVM
2015-09-30,12.649999618530273,13.010000228881836,12.539999961853027,12.75,9.140389442443848,188800.0,ADX
2015-09-30,156.89999389648438,173.6999969482422,150.0,153.4499969482422,153.4499969482422,190200.0,ADXS
2015-09-30,41.0,41.0,41.0,41.0,36.811222076416016,2300.0,AE
2015-09-30,24.290000915527344,24.290000915527344,24.1299991607666,24.13999938964844,20.83536148071289,9200.0,AEB
2015-09-30,41.900001525878906,42.290000915527344,41.63000106811523,42.27000045776367,36.833927154541016,1522200.0,AEE
2015-09-30,5.920000076293945,5.989999771118164,5.9099998474121085,5.980000019073486,4.334867000579834,18200.0,AEF
2015-09-30,5.71999979019165,5.75,5.690000057220459,5.75,4.355154037475587,739100.0,AEG
2015-09-30,16.190000534057614,16.559999465942386,16.030000686645508,16.479999542236328,16.479999542236328,261900.0,AEGN
2015-09-30,2.2100000381469727,2.5699999332427983,2.2100000381469727,2.549999952316284,2.549999952316284,12600.0,AEHR
2015-09-30,25.6200008392334,26.35000038146973,25.6200008392334,26.29999923706055,26.29999923706055,447700.0,AEIS
2015-09-30,23.43000030517578,23.63999938964844,22.959999084472656,23.309999465942386,22.24333000183105,740500.0,AEL
2015-09-30,24.290000915527344,25.34000015258789,24.209999084472656,25.31999969482422,24.07738304138184,3272000.0,AEM
2015-09-30,103.8000030517578,115.5,103.8000030517578,107.4000015258789,107.4000015258789,11800.0,AEMD
2015-09-30,15.59000015258789,15.739999771118164,15.449999809265135,15.630000114440918,13.457707405090332,4329800.0,AEO
2015-09-30,56.349998474121094,56.97000122070313,56.0099983215332,56.86000061035156,48.70154190063477,2785200.0,AEP
2015-09-30,38.209999084472656,38.459999084472656,37.810001373291016,38.2400016784668,38.2400016784668,4311800.0,AER
2015-09-30,17.350000381469727,18.100000381469727,16.600000381469727,17.739999771118164,17.739999771118164,1360800.0,AERI
2015-09-30,9.529999732971193,9.81999969482422,9.470000267028807,9.789999961853027,8.149552345275879,11244700.0,AES
2015-09-30,2.240000009536743,2.289999961853028,2.240000009536743,2.240000009536743,2.240000009536743,700.0,AEY
2015-09-30,1.25,1.5,1.25,1.5,1.5,1400.0,AEYE
2015-09-30,9.0,10.0,9.0,9.0,9.0,218500.0,AEZS
2015-09-30,13.270000457763672,13.289999961853027,13.260000228881836,13.289999961853027,10.793853759765623,49500.0,AFB
2015-09-30,25.020000457763672,25.13999938964844,25.01000022888184,25.01000022888184,18.48080062866211,15300.0,AFC
2015-09-30,69.37999725341797,69.68000030517578,68.62000274658203,68.91000366210939,57.09545516967773,323400.0,AFG
2015-09-30,18.09000015258789,18.549999237060547,18.030000686645508,18.5,18.5,204300.0,AFH
2015-09-30,29.149999618530273,29.35000038146973,28.90500068664551,29.065000534057614,24.691909790039066,3936800.0,AFL
2015-09-30,6.170000076293945,6.510000228881836,6.070000171661378,6.170000076293945,6.170000076293945,258400.0,AFMD
2015-09-30,15.710000038146973,15.760000228881836,15.489999771118164,15.68000030517578,11.05282497406006,155400.0,AFT
2015-09-30,2.9600000381469727,3.2100000381469727,2.940000057220459,3.2000000476837163,3.2000000476837163,1652200.0,AG
2015-09-30,46.83000183105469,47.13999938964844,46.1500015258789,46.63000106811523,44.6852912902832,1771600.0,AGCO
2015-09-30,8.529999732971191,8.579999923706055,8.5,8.550000190734862,5.896681308746338,52500.0,AGD
2015-09-30,4.650000095367432,4.769999980926514,4.349999904632568,4.599999904632568,4.599999904632568,2077700.0,AGEN
2015-09-30,7.679999828338622,8.100000381469728,7.369999885559082,7.940000057220459,7.940000057220459,386100.0,AGFS
2015-09-30,3.509999990463257,3.7200000286102295,3.509999990463257,3.690000057220459,3.6069819927215576,681100.0,AGI
2015-09-30,69.11000061035156,72.05000305175781,68.62999725341797,70.58999633789062,70.58999633789062,915700.0,AGIO
2015-09-30,26.899999618530273,26.899999618530273,26.899999618530273,26.899999618530273,23.181455612182614,0.0,AGM-A
2015-09-30,26.59000015258789,26.59000015258789,25.84000015258789,25.93000030517578,22.704030990600586,77800.0,AGM
2015-09-30,258.47000122070307,273.0599975585937,256.70999145507807,271.8099975585937,257.74240112304693,6873200.0,AGN
2015-09-30,18.649999618530273,18.799999237060547,18.46999931335449,18.700000762939453,11.073465347290039,4579000.0,AGNC
2015-09-30,25.28000068664551,25.36000061035156,24.8700008392334,25.0,23.169042587280273,2448700.0,AGO
2015-09-30,8.0,8.069999694824219,7.920000076293945,7.960000038146973,7.960000038146973,146800.0,AGRO
2015-09-30,6.269999980926514,6.760000228881836,6.070000171661378,6.739999771118164,6.739999771118164,96100.0,AGRX
2015-09-30,13.050000190734865,13.890000343322756,12.770000457763672,13.140000343322756,13.140000343322756,114000.0,AGTC
2015-09-30,34.0,34.75,33.610000610351555,34.68000030517578,31.32502746582031,141100.0,AGX
2015-09-30,11.199999809265137,11.279999732971193,11.050000190734863,11.119999885559082,11.119999885559082,60300.0,AGYS
2015-09-30,4.730000019073486,4.940000057220459,4.690000057220459,4.929999828338623,3.6226897239685063,41200.0,AHC
2015-09-30,9.720000267028807,9.800000190734863,9.59000015258789,9.770000457763672,7.5583152770996085,332500.0,AHH
2015-09-30,2.2799999713897705,2.380000114440918,2.2799999713897705,2.299999952316284,2.299999952316284,700.0,AHPI
2015-09-30,6.057312488555907,6.106719493865968,5.938735008239746,6.027667999267577,4.248863697052002,1736800.0,AHT
2015-09-30,14.09000015258789,14.09000015258789,13.710000038146973,14.050000190734865,6.8308305740356445,466800.0,AI
2015-09-30,22.030000686645508,22.049999237060547,21.71999931335449,21.71999931335449,15.94082260131836,3400.0,AIC
2015-09-30,14.420000076293945,14.529999732971193,14.359999656677244,14.489999771118164,9.519041061401367,70600.0,AIF
2015-09-30,56.540000915527344,56.83000183105469,56.04999923706055,56.81999969482422,50.82341384887695,7412400.0,AIG
2015-09-30,91.34549713134766,92.40149688720705,89.2333984375,90.02539825439453,90.02539825439453,301.0,AIM
2015-09-30,23.290000915527344,23.45000076293945,22.79999923706055,23.1200008392334,21.093284606933594,133800.0,AIMC
2015-09-30,24.38999938964844,26.5,24.29999923706055,25.31999969482422,25.31999969482422,2117700.0,AIMT
2015-09-30,28.57999992370605,28.81999969482422,28.190000534057614,28.61000061035156,26.929542541503906,162100.0,AIN
2015-09-30,62.4000015258789,63.5,62.4000015258789,63.45000076293945,63.45000076293945,20200.0,AINC
2015-09-30,16.200000762939453,16.59000015258789,16.079999923706055,16.440000534057614,9.668421745300293,1057900.0,AINV
2015-09-30,18.920000076293945,19.100000381469727,18.690000534057614,18.96999931335449,18.153379440307614,483000.0,AIR
2015-09-30,8.310000419616701,8.850000381469727,8.310000419616701,8.850000381469727,8.691965103149414,1800.0,AIRI
2015-09-30,11.786666870117188,12.0,11.473333358764648,11.866666793823242,11.866666793823242,6000.0,AIRT
2015-09-30,38.900001525878906,39.349998474121094,37.95000076293945,38.150001525878906,34.73107147216797,314400.0,AIT
2015-09-30,36.95000076293945,37.09000015258789,36.72999954223633,37.02000045776367,31.90424346923828,1700800.0,AIV
2015-09-30,23.09000015258789,23.270000457763672,23.09000015258789,23.270000457763672,17.261186599731445,300.0,AIW
2015-09-30,78.33000183105469,79.18000030517578,77.66000366210938,79.01000213623047,71.32380676269531,793500.0,AIZ
2015-09-30,40.90999984741211,41.34000015258789,40.70000076293945,41.27999877929688,36.5706901550293,1237900.0,AJG
2015-09-30,16.15999984741211,16.34000015258789,15.890000343322756,16.180000305175778,16.180000305175778,589500.0,AJRD
2015-09-30,12.359999656677244,12.579999923706055,12.300000190734865,12.369999885559082,8.36903190612793,22100.0,AJX
2015-09-30,68.68000030517578,69.16000366210939,68.34999847412111,69.05999755859375,69.05999755859375,2200700.0,AKAM
2015-09-30,9.760000228881836,9.90999984741211,9.329999923706056,9.65999984741211,9.65999984741211,383000.0,AKBA
2015-09-30,572.1599731445312,670.0800170898438,568.3200073242188,604.7999877929688,604.7999877929688,100.0,AKER
2015-09-30,1.4199999570846558,1.4900000095367432,1.4099999666213991,1.4700000286102295,1.4700000286102295,118700.0,AKG
2015-09-30,30.28000068664551,30.489999771118164,30.06999969482422,30.06999969482422,25.127796173095703,405700.0,AKR
2015-09-30,27.07999992370605,28.57999992370605,26.989999771118164,28.51000022888184,28.51000022888184,2186700.0,AKRX
2015-09-30,4.25,4.25,4.25,4.25,4.25,0.0,AKTS
2015-09-30,23.29999923706055,24.5,22.0,23.9950008392334,23.9950008392334,8700.0,AKTX
2015-09-30,30.60000038146973,30.989999771118164,30.31999969482422,30.920000076293945,29.28373718261719,600000.0,AL
2015-09-30,43.02999877929688,44.38999938964844,42.97000122070313,44.099998474121094,41.00280380249024,1366800.0,ALB
2015-09-30,15.899999618530273,15.899999618530273,11.699999809265135,13.199999809265135,13.199999809265135,44200.0,ALBO
2015-09-30,4.510000228881836,4.889999866485597,4.25,4.570000171661377,4.570000171661377,311611.0,ALC
2015-09-30,40.900001525878906,41.59000015258789,40.52999877929688,40.59000015258789,39.09788131713867,16600.0,ALCO
2015-09-30,7.329999923706055,7.329999923706055,5.349999904632568,5.829999923706055,5.829999923706055,34200.0,ALDX
2015-09-30,49.47000122070313,50.6500015258789,49.38000106811523,50.4900016784668,43.79646682739258,290500.0,ALE
2015-09-30,34.639999389648445,34.81999969482422,33.97999954223633,34.330001831054695,21.022781372070312,210000.0,ALEX
2015-09-30,46.4900016784668,47.540000915527344,45.58000183105469,46.75,45.68577194213867,109300.0,ALG
2015-09-30,56.2400016784668,56.93999862670898,55.5099983215332,56.7599983215332,56.7599983215332,847200.0,ALGN
2015-09-30,212.4900054931641,217.4499969482422,211.3000030517578,216.25,197.4690093994141,202900.0,ALGT
2015-09-30,2.150000095367432,2.2300000190734863,2.0899999141693115,2.2100000381469727,2.2100000381469727,158400.0,ALIM
2015-09-30,3.650000095367432,4.0,3.650000095367432,3.9500000476837163,3.9500000476837163,22100.0,ALJJ
2015-09-30,79.06999969482422,80.1500015258789,78.31999969482422,79.44999694824219,73.04554748535156,1537800.0,ALK
2015-09-30,55.7400016784668,59.68000030517578,55.72999954223633,58.66999816894531,58.66999816894531,1478400.0,ALKS
2015-09-30,58.86999893188477,58.97000122070313,57.790000915527344,58.2400016784668,53.4732437133789,3898000.0,ALL
2015-09-30,56.52000045776367,57.7400016784668,56.31000137329102,57.65999984741211,55.39463806152344,575300.0,ALLE
2015-09-30,4.769999980926514,4.949999809265137,4.769999980926514,4.9099998474121085,4.9099998474121085,119100.0,ALLT
2015-09-30,20.07999992370605,20.38999938964844,19.8799991607666,20.3799991607666,18.89519691467285,3288300.0,ALLY
2015-09-30,79.1500015258789,81.88999938964844,78.70999908447266,80.36000061035156,80.36000061035156,1730500.0,ALNY
2015-09-30,2.5,2.5,2.400000095367432,2.5,2.5,40100.0,ALO
2015-09-30,13.350000381469727,13.859999656677244,13.279999732971193,13.859999656677244,12.694710731506348,1600.0,ALOT
2015-09-30,51.4000015258789,55.01599884033203,50.540000915527344,51.88000106811523,51.88000106811523,188600.0,ALPN
2015-09-30,11.619999885559082,12.220000267028807,11.420000076293945,11.65999984741211,11.65999984741211,1724100.0,ALRM
2015-09-30,20.25,20.25,20.25,20.25,18.050607681274414,100.0,ALRS
2015-09-30,2.1400001049041752,2.220000028610229,2.1400001049041752,2.190000057220459,2.190000057220459,114300.0,ALSK
2015-09-30,26.54999923706055,26.709999084472656,26.21999931335449,26.690000534057614,24.7601261138916,1338400.0,ALSN
2015-09-30,14.25,15.0,14.25,14.5,14.5,26280.0,ALT
2015-09-30,77.17578887939453,78.68875885009766,76.8587875366211,78.53746032714844,68.68015289306639,1224700.0,ALV
2015-09-30,368.0,378.1000061035156,368.0,374.0,304.9662170410156,4200.0,ALX
2015-09-30,150.72000122070312,156.58999633789062,150.02000427246094,156.38999938964844,156.38999938964844,3029600.0,ALXN
2015-09-30,7.199999809265138,7.329999923706055,7.0999999046325675,7.329999923706055,5.431463718414307,15700.0,ALYA
2015-09-30,16.860000610351562,18.0,16.719999313354492,17.860000610351562,13.807016372680664,592100.0,AM
2015-09-30,39.20000076293945,40.41999816894531,38.65999984741211,39.72999954223633,39.72999954223633,981700.0,AMAG
2015-09-30,14.6899995803833,14.869999885559082,14.59000015258789,14.6899995803833,13.679605484008787,22366300.0,AMAT
2015-09-30,56.95000076293945,58.349998474121094,56.40999984741211,57.790000915527344,57.790000915527344,2188400.0,AMBA
2015-09-30,14.600000381469727,14.600000381469727,14.220000267028807,14.470000267028807,14.470000267028807,294600.0,AMBC
2015-09-30,24.54999923706055,25.25,24.54999923706055,25.190000534057614,18.950565338134766,182100.0,AMC
2015-09-30,0.4900000095367432,0.4900000095367432,0.4900000095367432,0.4900000095367432,0.4900000095367432,0.0,AMCI
2015-09-30,9.399999618530273,9.399999618530273,9.399999618530273,9.399999618530273,7.7967000007629395,0.0,AMCR
2015-09-30,71.1500015258789,73.61000061035156,71.1500015258789,73.16999816894531,73.16999816894531,672600.0,AMCX
2015-09-30,1.7000000476837158,1.7200000286102295,1.6799999475479126,1.7200000286102295,1.7200000286102295,5739500.0,AMD
2015-09-30,51.72000122070313,52.38999938964844,51.63000106811523,52.31999969482422,50.7258415222168,2361600.0,AME
2015-09-30,37.2599983215332,38.36999893188477,36.61999893188477,37.97000122070313,37.97000122070313,330200.0,AMED
2015-09-30,6.0999999046325675,6.0999999046325675,6.0999999046325675,6.0999999046325675,6.0999999046325675,0.0,AMEH
2015-09-30,168.74000549316406,171.9499969482422,168.42999267578125,170.99000549316406,165.8184814453125,563800.0,AMG
2015-09-30,136.66000366210938,139.25,135.86000061035156,138.32000732421878,122.10706329345705,6209500.0,AMGN
2015-09-30,16.010000228881836,16.120000839233402,15.789999961853027,16.079999923706055,15.408490180969238,1587800.0,AMH
2015-09-30,28.32999992370605,30.60000038146973,28.29999923706055,30.38999938964844,21.85962677001953,7153100.0,AMJ
2015-09-30,4.349999904632568,4.519999980926514,4.300000190734863,4.489999771118164,4.489999771118164,1737600.0,AMKR
2015-09-30,30.25,30.90999984741211,29.28000068664551,30.01000022888184,30.01000022888184,1351500.0,AMN
2015-09-30,23.28000068664551,23.57999992370605,23.190000534057614,23.45000076293945,20.494176864624023,11100.0,AMNB
2015-09-30,16.920000076293945,18.049999237060547,16.860000610351562,17.770000457763672,17.473371505737305,116900.0,AMOT
2015-09-30,16.5,16.579999923706055,16.149999618530273,16.579999923706055,14.472068786621096,9800.0,AMOV
2015-09-30,107.6500015258789,109.3000030517578,107.0999984741211,109.12999725341795,96.76705932617188,1602500.0,AMP
2015-09-30,2.809999942779541,2.940000057220459,2.75,2.890000104904175,2.890000104904175,391400.0,AMPE
2015-09-30,11.029999732971193,11.739999771118164,10.970000267028807,11.6899995803833,11.6899995803833,459700.0,AMPH
2015-09-30,6.070000171661378,6.4000000953674325,6.0,6.1500000953674325,2.340643882751465,188000.0,AMPY
2015-09-30,9.520000457763672,9.6899995803833,9.449999809265137,9.619999885559082,9.160873413085938,5800.0,AMRB
2015-09-30,5.929999828338622,5.96999979019165,5.769999980926514,5.880000114440918,5.880000114440918,61300.0,AMRC
2015-09-30,135.75,135.75,127.5,135.75,135.75,200.0,AMRH
2015-09-30,11.449999809265135,11.579999923706055,11.130000114440918,11.5600004196167,11.040504455566406,12800.0,AMRK
2015-09-30,1.9700000286102293,2.0,1.8899999856948853,1.9299999475479128,1.9299999475479128,1232600.0,AMRN
2015-09-30,32.09999847412109,32.25,29.85000038146973,30.149999618530273,30.149999618530273,12100.0,AMRS
2015-09-30,1.919999957084656,1.919999957084656,1.919999957084656,1.919999957084656,1.919999957084656,0.0,AMS
2015-09-30,4.329999923706056,4.420000076293945,4.239999771118163,4.329999923706056,4.329999923706056,38700.0,AMSC
2015-09-30,50.52000045776367,50.61000061035156,49.68999862670898,49.72999954223633,35.63941955566406,94000.0,AMSF
2015-09-30,9.5,9.5,8.899999618530273,9.420000076293944,7.627205848693848,54700.0,AMSWA
2015-09-30,87.95999908447266,88.04000091552734,87.08000183105469,87.9800033569336,80.65575408935547,2234900.0,AMT
2015-09-30,31.479999542236328,31.8799991607666,31.34000015258789,31.84000015258789,29.03043937683105,3384100.0,AMTD
2015-09-30,2.7300000190734863,2.759999990463257,2.700000047683716,2.75,2.75,11100.0,AMTX
2015-09-30,17.709999084472656,19.200000762939453,17.709999084472656,19.100000381469727,13.713543891906738,484300.0,AMU
2015-09-30,62.63999938964844,65.15000152587889,61.4900016784668,64.87000274658203,64.87000274658203,254000.0,AMWD
2015-09-30,16.600000381469727,16.690000534057614,16.440000534057614,16.549999237060547,15.052623748779295,14783900.0,AMX
2015-09-30,505.4400024414063,512.7999877929689,501.6700134277344,511.8900146484375,511.8900146484375,4004700.0,AMZN
2015-09-30,57.43000030517578,58.27000045776367,57.22999954223633,58.18000030517578,58.18000030517578,822700.0,AN
2015-09-30,97.83000183105469,97.97000122070312,97.23999786376952,97.63999938964844,85.00910949707031,66300.0,ANAT
2015-09-30,33.90999984741211,34.209999084472656,33.029998779296875,34.060001373291016,30.7640323638916,224800.0,ANDE
2015-09-30,61.20000076293945,61.54999923706055,60.4900016784668,61.18999862670898,61.18999862670898,500800.0,ANET
2015-09-30,21.31999969482422,21.3799991607666,20.670000076293945,21.190000534057614,17.273780822753903,2103600.0,ANF
2015-09-30,5.019999980926514,5.130000114440918,4.980000019073486,5.039999961853027,5.039999961853027,359200.0,ANGI
2015-09-30,13.34000015258789,13.399999618530273,13.100000381469727,13.1899995803833,13.1899995803833,122100.0,ANGO
2015-09-30,4.949999809265137,4.980000019073486,4.900000095367432,4.940000057220459,3.006403923034668,1135000.0,ANH
2015-09-30,31.489999771118164,32.299999237060554,31.26000022888184,31.82999992370605,31.82999992370605,123900.0,ANIK
2015-09-30,38.5099983215332,40.0,37.810001373291016,39.5099983215332,39.5099983215332,522500.0,ANIP
2015-09-30,4.96999979019165,4.96999979019165,4.75,4.75,4.75,2300.0,ANIX
2015-09-30,87.98999786376953,88.52999877929688,86.83000183105469,88.13999938964844,88.13999938964844,696000.0,ANSS
2015-09-30,26.5,27.10000038146973,26.35000038146973,26.85000038146973,26.85000038146973,1396900.0,ANTE
2015-09-30,138.89999389648438,141.42999267578125,138.38999938964844,140.0,131.14570617675778,1812600.0,ANTM
2015-09-30,410.0,430.0,392.0,422.0,422.0,1900.0,ANY
2015-09-30,16.879999160766598,17.059999465942386,16.700000762939453,16.870000839233402,16.870000839233402,594900.0,AOBC
2015-09-30,7.550000190734862,7.570000171661378,7.5,7.5,5.111794471740723,430000.0,AOD
2015-09-30,89.41000366210938,89.77999877929688,87.83000183105469,88.61000061035156,84.12018585205078,1960200.0,AON
2015-09-30,32.06999969482422,32.689998626708984,31.78499984741211,32.595001220703125,30.2629337310791,2910600.0,AOS
2015-09-30,8.0,8.050000190734862,7.78000020980835,7.789999961853027,7.789999961853027,123900.0,AOSL
2015-09-30,10.970000267028807,11.0,10.550000190734863,10.90999984741211,10.210553169250488,27200.0,AP
2015-09-30,37.47000122070313,39.290000915527344,37.34000015258789,39.15999984741211,34.96862030029297,6992900.0,APA
2015-09-30,35.25,35.7599983215332,34.93000030517578,35.22999954223633,24.534526824951172,389300.0,APAM
2015-09-30,117.74282836914062,118.61239624023438,116.54949188232422,118.02035522460938,104.09098052978516,1856200.0,APD
2015-09-30,207.6000061035156,216.8000030517578,202.3999938964844,204.8000030517578,204.8000030517578,2900.0,APDN
2015-09-30,23.82999992370605,23.82999992370605,23.40999984741211,23.45000076293945,23.45000076293945,161900.0,APEI
2015-09-30,16.170000076293945,16.170000076293945,14.630000114440918,14.630000114440918,14.630000114440918,1800.0,APEN
2015-09-30,49.290000915527344,49.290000915527344,46.43999862670898,46.56000137329102,46.56000137329102,32800.0,APEX
2015-09-30,50.54999923706055,51.06000137329102,50.099998474121094,50.959999084472656,48.79034805297852,1564600.0,APH
2015-09-30,0.6499999761581421,0.6499999761581421,0.6499999761581421,0.6499999761581421,0.6499999761581421,0.0,APHA
2015-09-30,18.43000030517578,18.709999084472656,18.15999984741211,18.56999969482422,13.693599700927734,1460400.0,APLE
2015-09-30,16.790000915527347,17.209999084472653,16.719999313354492,17.180000305175778,12.664605140686035,809600.0,APO
2015-09-30,44.06999969482422,44.91999816894531,43.90999984741211,44.650001525878906,41.90781784057617,347600.0,APOG
2015-09-30,17.270000457763672,17.389999389648438,16.530000686645508,16.850000381469727,16.850000381469727,869100.0,APPF
2015-09-30,1.8600000143051147,1.870000004768372,1.6499999761581419,1.809999942779541,1.809999942779541,350300.0,APPS
2015-09-30,2.059999942779541,2.059999942779541,1.9700000286102293,1.9900000095367432,1.9900000095367432,18200.0,APT
2015-09-30,4.320000171661377,4.599999904632568,4.269999980926514,4.309999942779541,4.309999942779541,40000.0,APTO
2015-09-30,10.630000114440918,10.9399995803833,10.550000190734863,10.880000114440918,8.059459686279299,119700.0,APTS
2015-09-30,62.53143310546875,63.81391525268555,62.35540771484375,63.73847579956055,59.79259490966797,3125800.0,APTV
2015-09-30,1.3600000143051147,1.3600000143051147,1.3600000143051147,1.3600000143051147,1.2762821912765503,0.0,APWC
2015-09-30,5.0,5.199999809265137,4.989999771118164,5.070000171661377,5.070000171661377,37100.0,AQMS
2015-09-30,6.8499999046325675,6.8499999046325675,6.8499999046325675,6.8499999046325675,5.561953067779541,100.0,AQN
2015-09-30,20.799999237060547,21.170000076293945,20.309999465942386,21.15999984741211,20.501850128173828,2521800.0,AR
2015-09-30,0.009999999776482582,0.009999999776482582,0.009999999776482582,0.009999999776482582,0.009999999776482582,0.0,ARA
2015-09-30,68.94000244140625,71.22000122070312,65.76000213623047,69.18000030517578,69.18000030517578,49400.0,ARAV
2015-09-30,4.980000019073486,5.050000190734863,4.869999885559082,5.0,5.0,1375600.0,ARAY
2015-09-30,5.260000228881836,5.949999809265138,5.230000019073486,5.949999809265138,5.904923915863037,348500.0,ARC
2015-09-30,25.739999771118164,26.020000457763672,25.399999618530273,25.770000457763672,24.41934967041016,312700.0,ARCB
2015-09-30,14.369999885559082,14.670000076293945,14.369999885559082,14.479999542236328,9.396161079406738,3475500.0,ARCC
2015-09-30,2.8499999046325684,2.859999895095825,2.720000028610229,2.720000028610229,2.64284348487854,314400.0,ARCO
2015-09-30,42.27999877929688,44.02999877929688,40.810001373291016,42.27999877929688,42.27999877929688,17200.0,ARCT
2015-09-30,13.960000038146973,14.0,13.800000190734865,13.970000267028807,9.38592529296875,92700.0,ARDC
2015-09-30,16.940000534057614,17.360000610351562,16.239999771118164,17.280000686645508,17.280000686645508,194600.0,ARDX
2015-09-30,86.05999755859375,86.27999877929688,84.2300033569336,84.66999816894531,74.03685760498047,716500.0,ARE
2015-09-30,17.8700008392334,17.8799991607666,17.479999542236328,17.479999542236328,13.600019454956055,149300.0,ARES
2015-09-30,25.20000076293945,25.28000068664551,24.54999923706055,25.149999618530273,19.497032165527344,10600.0,ARGD
2015-09-30,44.79841995239258,45.154151916503906,44.60079193115234,44.73517608642578,41.19466781616211,269400.0,ARGO
2015-09-30,15.789999961853027,15.850000381469727,15.529999732971193,15.710000038146973,9.69015121459961,676900.0,ARI
2015-09-30,23.059999465942386,23.739999771118164,22.290000915527344,22.85000038146973,18.62102508544922,19600.0,ARKR
2015-09-30,7.1500000953674325,7.1599998474121085,7.0,7.0,7.0,2300.0,ARL
2015-09-30,22.1200008392334,22.68000030517578,21.850000381469727,22.26000022888184,13.198716163635256,468100.0,ARLP
2015-09-30,29.06999969482422,29.790000915527344,28.70000076293945,29.63999938964844,28.16170692443848,2754700.0,ARMK
2015-09-30,617.4000244140625,644.0,530.5999755859375,553.0,553.0,300.0,ARMP
2015-09-30,19.5,20.600000381469727,18.600000381469727,19.100000381469727,19.100000381469727,379700.0,ARNA
2015-09-30,21.611677169799805,21.836565017700195,21.206880569458008,21.72412109375,20.808135986328125,41445800.0,ARNC
2015-09-30,17.180000305175778,18.100000381469727,17.0,18.0,14.159985542297365,1875300.0,AROC
2015-09-30,24.480039596557614,24.6356143951416,24.21464920043945,24.434282302856445,21.28043937683105,19800.0,AROW
2015-09-30,19.950000762939453,20.100000381469727,19.6299991607666,20.040000915527344,11.806121826171875,834700.0,ARR
2015-09-30,24.270000457763672,24.270000457763672,24.01000022888184,24.13999938964844,21.28608703613281,39900.0,ARTNA
2015-09-30,3.740000009536743,3.740000009536743,3.5499999523162837,3.7300000190734863,3.7300000190734863,1300.0,ARTW
2015-09-30,53.09000015258789,55.33000183105469,53.09000015258789,55.27999877929688,55.27999877929688,827700.0,ARW
2015-09-30,5.789999961853027,5.939000129699707,5.288000106811523,5.760000228881836,5.760000228881836,3547600.0,ARWR
2015-09-30,7.440000057220459,7.820000171661378,7.0,7.820000171661378,7.709846019744872,29600.0,ASA
2015-09-30,18.049999237060547,18.07999992370605,17.81999969482422,17.969999313354492,15.990056037902832,933300.0,ASB
2015-09-30,12.020000457763672,12.149999618530273,11.869999885559082,12.079999923706055,10.936639785766602,180300.0,ASC
2015-09-30,8.600000381469728,8.619999885559082,8.5,8.529999732971191,3.9168367385864262,11100.0,ASFI
2015-09-30,4.579999923706055,4.599999904632568,4.5,4.539999961853027,3.114060163497925,60400.0,ASG
2015-09-30,36.65999984741211,36.97999954223633,36.22999954223633,36.900001525878906,36.900001525878906,460200.0,ASGN
2015-09-30,49.02642059326172,49.59882736206055,48.8062629699707,49.22700500488281,44.95710372924805,1704000.0,ASH
2015-09-30,0.9200000166893004,0.9399999976158142,0.8899999856948853,0.9200000166893004,0.9200000166893004,166700.0,ASM
2015-09-30,9.760000228881836,10.18000030517578,9.34000015258789,9.5600004196167,9.5600004196167,103400.0,ASMB
2015-09-30,86.97000122070312,88.06999969482422,86.62999725341797,87.9800033569336,83.98368072509766,2466400.0,ASML
2015-09-30,272.79998779296875,281.20001220703125,270.0,278.20001220703125,278.20001220703125,473000.0,ASNA
2015-09-30,17.0,17.940000534057614,16.829999923706055,17.700000762939453,17.700000762939453,106600.0,ASND
2015-09-30,7.4000000953674325,7.559999942779541,7.380000114440918,7.5,7.5,113900.0,ASPN
2015-09-30,23.59000015258789,24.82999992370605,23.54999923706055,23.84000015258789,23.84000015258789,328800.0,ASPS
2015-09-30,1.4040000438690186,1.4639999866485596,1.3799999952316284,1.4160000085830688,1.4160000085830688,22500.0,ASPU
2015-09-30,149.77999877929688,152.80999755859375,148.33999633789062,152.27000427246094,138.81327819824222,122700.0,ASR
2015-09-30,16.270000457763672,18.8700008392334,16.139999389648438,18.850000381469727,18.850000381469727,4380000.0,ASRT
2015-09-30,3.2300000190734863,3.25,3.2000000476837163,3.240000009536743,2.99085021018982,3900.0,ASRV
2015-09-30,27.5,27.5,27.5,27.5,19.506595611572266,300.0,ASRVP
2015-09-30,10.399999618530273,10.75,10.050000190734863,10.350000381469727,10.350000381469727,3100.0,ASTC
2015-09-30,33.81999969482422,33.939998626708984,33.279998779296875,33.509998321533196,32.117202758789055,217600.0,ASTE
2015-09-30,5.519999980926514,5.619999885559082,5.400000095367432,5.619999885559082,5.619999885559082,2500.0,ASUR
2015-09-30,5.300000190734863,5.489999771118164,5.300000190734863,5.489999771118164,4.515624046325684,2096600.0,ASX
2015-09-30,4.369999885559082,4.449999809265137,4.269999980926514,4.300000190734863,4.300000190734863,27900.0,ASYS
2015-09-30,1.8799999952316284,1.919999957084656,1.8400000333786009,1.8600000143051147,1.8117034435272217,445400.0,AT
2015-09-30,5.230000019073486,5.239999771118164,5.179999828338623,5.199999809265137,3.586647748947144,47000.0,ATAX
2015-09-30,0.9439250230789183,0.9439250230789183,0.9439250230789183,0.9439250230789183,0.9439250230789183,57.0,ATCO
2015-09-30,4.079999923706056,4.320000171661377,3.9600000381469727,3.9600000381469727,3.9600000381469727,20200.0,ATEC
2015-09-30,5.8499999046325675,6.0999999046325675,5.690000057220459,5.989999771118164,5.989999771118164,662500.0,ATEN
2015-09-30,29.770000457763672,30.32999992370605,28.63999938964844,29.899999618530273,29.899999618530273,82100.0,ATEX
2015-09-30,27.38999938964844,27.45000076293945,26.8700008392334,27.209999084472656,26.574451446533203,488000.0,ATGE
2015-09-30,5.460000038146973,5.460000038146973,5.099999904632568,5.400000095367432,5.400000095367432,19400.0,ATHE
2015-09-30,30.709999084472656,34.189998626708984,30.709999084472656,32.529998779296875,32.18499755859375,1427100.0,ATHM
2015-09-30,1.1799999475479126,1.2200000286102295,1.0700000524520874,1.100000023841858,1.100000023841858,308800.0,ATHX
2015-09-30,14.380000114440918,14.449999809265135,13.739999771118164,14.18000030517578,13.84597110748291,1815700.0,ATI
2015-09-30,3.5299999713897705,3.7300000190734863,3.4200000762939453,3.7200000286102295,3.7200000286102295,6600.0,ATLC
2015-09-30,23.0,23.170000076293945,22.78000068664551,22.93000030517578,19.686634063720703,11700.0,ATLO
2015-09-30,19.5,20.744199752807614,19.450000762939453,20.709999084472656,16.63279914855957,276758.0,ATMP
2015-09-30,73.19000244140625,74.73999786376953,72.33000183105469,73.93000030517578,69.34049224853516,116500.0,ATNI
2015-09-30,1.7400000095367432,1.919999957084656,1.6699999570846558,1.7699999809265137,1.7699999809265137,408600.0,ATNM
2015-09-30,57.15999984741211,58.29999923706055,57.11000061035156,58.18000030517578,52.630287170410156,788400.0,ATO
2015-09-30,136.80000305175778,144.0,135.0,138.60000610351562,138.60000610351562,100.0,ATOS
2015-09-30,65.51000213623047,66.27999877929689,65.30999755859375,65.95999908447266,61.77054214477539,311400.0,ATR
2015-09-30,33.5,34.34000015258789,30.489999771118164,31.440000534057614,31.440000534057614,493100.0,ATRA
2015-09-30,20.899999618530273,22.149999618530273,20.739999771118164,21.90999984741211,21.90999984741211,401300.0,ATRC
2015-09-30,372.0,378.0,370.5700073242188,374.9599914550781,361.4012145996094,13700.0,ATRI
2015-09-30,26.37546730041504,26.94481468200684,25.78693008422852,25.86369514465332,25.86369514465332,515400.0,ATRO
2015-09-30,1.7100000381469729,1.7599999904632568,1.6399999856948853,1.7000000476837158,1.7000000476837158,1323100.0,ATRS
2015-09-30,8.489999771118164,8.600000381469728,8.439999580383299,8.550000190734862,8.550000190734862,233900.0,ATSG
2015-09-30,9.779999732971193,10.550000190734863,9.739999771118164,10.550000190734863,10.20546817779541,30600.0,ATTO
2015-09-30,4.599999904632568,5.866666793823242,3.7999999523162837,4.666666507720947,2.1926605701446533,5900.0,ATV
2015-09-30,31.01000022888184,31.239999771118164,30.43000030517578,30.88999938964844,30.05655670166016,9411500.0,ATVI
2015-09-30,7.570000171661378,8.220000267028809,7.570000171661378,8.189999580383299,7.974818229675293,3964200.0,AU
2015-09-30,24.190000534057614,24.309999465942386,23.90999984741211,24.0,21.311033248901367,187000.0,AUB
2015-09-30,26.46999931335449,26.46999931335449,26.46999931335449,26.46999931335449,23.44025421142578,0.0,AUBN
2015-09-30,3.25,3.2999999523162837,3.2300000190734863,3.25,3.0580685138702397,52300.0,AUDC
2015-09-30,0.9200000166893004,0.9200000166893004,0.9200000166893004,0.9200000166893004,0.9200000166893004,0.0,AUG
2015-09-30,0.2800000011920929,0.2800000011920929,0.25,0.2800000011920929,0.2800000011920929,62200.0,AUMN
2015-09-30,2.9100000858306885,2.9100000858306885,2.799999952316284,2.8399999141693115,2.8399999141693115,16200.0,AUPH
2015-09-30,15.729999542236328,16.899999618530273,15.619999885559082,16.770000457763672,16.770000457763672,154300.0,AUTO
2015-09-30,1.6299999952316284,1.7000000476837158,1.5900000333786009,1.7000000476837158,1.6293679475784302,11078600.0,AUY
2015-09-30,32.709999084472656,33.310001373291016,32.580001831054695,33.25,28.677568435668945,283900.0,AVA
2015-09-30,7.639999866485597,7.710000038146973,7.53000020980835,7.6599998474121085,5.928062438964844,65600.0,AVAL
2015-09-30,19.93000030517578,20.15999984741211,19.770000457763672,20.040000915527344,20.040000915527344,200900.0,AVAV
2015-09-30,174.30999755859375,174.85000610351562,172.80999755859375,174.82000732421875,151.63519287109375,1099400.0,AVB
2015-09-30,11.140000343322754,11.68000030517578,11.039999961853027,11.5600004196167,11.378148078918455,450200.0,AVD
2015-09-30,15.729999542236328,16.610000610351562,15.729999542236328,16.309999465942386,16.309999465942386,415400.0,AVDL
2015-09-30,11.899999618530273,12.399999618530273,11.5,12.100000381469727,12.100000381469727,44100.0,AVEO
2015-09-30,121.79000091552734,125.2300033569336,121.0,125.01000213623048,110.42245483398438,4395500.0,AVGO
2015-09-30,5844.0,5884.0,5652.0,5884.0,5884.0,100.0,AVGR
2015-09-30,4.690000057220459,4.820000171661377,4.5900001525878915,4.739999771118164,3.7390258312225337,234500.0,AVH
2015-09-30,7.9000000953674325,8.010000228881836,7.8400001525878915,7.960000038146973,7.960000038146973,253900.0,AVID
2015-09-30,13.149999618530273,13.220000267028807,13.0600004196167,13.170000076293945,8.856393814086914,159400.0,AVK
2015-09-30,28.290000915527344,28.53000068664551,27.96999931335449,28.440000534057614,28.440000534057614,453100.0,AVNS
2015-09-30,12.720000267028807,12.720000267028807,12.359999656677244,12.479999542236328,12.479999542236328,9100.0,AVNW
2015-09-30,41.5,42.77000045776367,41.5,42.68000030517578,39.32341003417969,1410400.0,AVT
2015-09-30,5.539999961853027,5.760000228881836,5.400000095367432,5.639999866485597,5.639999866485597,559300.0,AVXL
2015-09-30,56.290000915527344,56.61999893188477,55.56999969482422,56.56999969482422,51.65544891357422,997400.0,AVY
2015-09-30,11.039999961853027,11.109999656677246,10.9399995803833,11.06999969482422,7.832188129425049,274400.0,AWF
2015-09-30,47.0,47.81000137329102,46.599998474121094,47.7400016784668,47.12760543823242,932600.0,AWI
2015-09-30,54.54999923706055,55.099998474121094,54.38000106811523,55.08000183105469,50.39633178710938,1109500.0,AWK
2015-09-30,5.6500000953674325,5.679999828338622,5.579999923706055,5.579999923706055,3.560576677322388,494900.0,AWP
2015-09-30,41.310001373291016,41.59000015258789,41.060001373291016,41.400001525878906,38.0408821105957,170500.0,AWR
2015-09-30,3.309999942779541,3.380000114440918,3.259999990463257,3.3499999046325684,3.3499999046325684,10400.0,AWRE
2015-09-30,1.919999957084656,1.919999957084656,1.919999957084656,1.919999957084656,1.919999957084656,100.0,AWX
2015-09-30,31.26250076293945,32.3125,31.26250076293945,32.20750045776367,32.20750045776367,1331200.0,AX
2015-09-30,1.2999999523162842,1.3300000429153442,1.2599999904632568,1.2799999713897705,1.2799999713897705,928500.0,AXAS
2015-09-30,15.579999923706055,16.239999771118164,15.460000038146973,16.180000305175778,16.180000305175778,117800.0,AXDX
2015-09-30,58.13000106811523,58.13000106811523,56.88999938964844,57.77999877929688,57.77999877929688,260200.0,AXE
2015-09-30,4.139999866485597,4.300000190734863,3.829999923706055,4.119999885559082,4.119999885559082,123500.0,AXGN
2015-09-30,98.4000015258789,105.5999984741211,96.8000030517578,103.36000061035156,103.36000061035156,266100.0,AXGT
2015-09-30,19.690000534057614,20.09000015258789,19.649999618530273,19.940000534057614,19.940000534057614,1313700.0,AXL
2015-09-30,1.1579999923706057,1.1579999923706057,1.1579999923706057,1.1579999923706057,0.9794077873229979,0.0,AXO
2015-09-30,73.88999938964844,74.19000244140625,73.30000305175781,74.12999725341797,68.63607025146484,4912200.0,AXP
2015-09-30,4.900000095367432,4.900000095367432,4.900000095367432,4.900000095367432,4.900000095367432,0.0,AXR
2015-09-30,54.27000045776367,54.59000015258789,53.54999923706055,53.72000122070313,47.43959045410156,708800.0,AXS
2015-09-30,25.36000061035156,25.479999542236328,24.940000534057614,25.34000015258789,25.34000015258789,2372100.0,AXTA
2015-09-30,1.950000047683716,2.0,1.9099999666213991,1.919999957084656,1.919999957084656,37900.0,AXTI
2015-09-30,0.4300000071525574,0.4399999976158142,0.3799999952316284,0.4000000059604645,0.4000000059604645,383700.0,AXU
2015-09-30,16.09000015258789,16.629999160766598,15.859999656677244,16.549999237060547,12.725057601928713,1215100.0,AY
2015-09-30,171.88999938964844,175.7899932861328,171.77999877929688,175.5800018310547,173.0452117919922,649100.0,AYI
2015-09-30,22800.0,22800.0,22800.0,22800.0,22800.0,0.0,AYTU
2015-09-30,31.86000061035156,31.979999542236328,31.57999992370605,31.81999969482422,26.429157257080078,1818000.0,AZN
2015-09-30,730.9199829101562,732.6699829101562,721.3400268554688,723.8300170898438,723.8300170898438,403600.0,AZO
2015-09-30,37.4900016784668,38.150001525878906,37.09000015258789,37.90999984741211,37.90999984741211,597300.0,AZPN
2015-09-30,51.88000106811523,51.88000106811523,47.7599983215332,48.68999862670898,45.68740463256836,364100.0,AZZ
2015-09-30,35.900001525878906,36.16999816894531,35.599998474121094,36.04999923706055,34.262237548828125,159900.0,B
2015-09-30,130.27000427246094,131.41000366210938,129.6199951171875,130.94999694824222,115.8239974975586,3062500.0,BA
2015-09-30,58.86999893188477,60.08000183105469,58.349998474121094,58.97000122070313,58.97000122070313,16767100.0,BABA
2015-09-30,15.550000190734865,15.600000381469727,15.31999969482422,15.579999923706055,14.366439819335938,71347100.0,BAC
2015-09-30,14.06999969482422,14.06999969482422,13.979999542236328,13.979999542236328,11.01112461090088,22400.0,BAF
2015-09-30,26.559999465942386,26.68000030517578,25.920000076293945,26.209999084472656,24.198923110961914,1617000.0,BAH
2015-09-30,8.270000457763674,8.475000381469728,8.159999847412111,8.430000305175781,6.8395934104919425,771389.0,BAK
2015-09-30,40.91999816894531,40.91999816894531,40.11999893188477,40.22000122070313,40.22000122070313,13000.0,BAL
2015-09-30,29.99015808105469,31.04330635070801,29.84251976013184,30.944881439208984,28.74234390258789,3063000.0,BAM
2015-09-30,12.449999809265135,12.489999771118164,12.09000015258789,12.270000457763672,10.925264358520508,215300.0,BANC
2015-09-30,31.65999984741211,31.684999465942386,30.989999771118164,31.54999923706055,28.70857810974121,71200.0,BANF
2015-09-30,26.21999931335449,26.26000022888184,26.20000076293945,26.229999542236328,19.488109588623047,1500.0,BANFP
2015-09-30,47.75,48.0,47.209999084472656,47.77000045776367,41.37905502319336,124600.0,BANR
2015-09-30,16.899999618530273,17.440000534057614,16.34000015258789,16.819999694824222,11.857324600219727,30700.0,BANX
2015-09-30,105.04000091552734,106.6500015258789,104.97000122070312,106.36000061035156,86.37127685546875,567100.0,BAP
2015-09-30,1.7999999523162842,1.7999999523162842,1.6200000047683716,1.690000057220459,1.690000057220459,1200.0,BASI
2015-09-30,33.110000610351555,33.25,32.56999969482422,32.84999847412109,31.296260833740234,6117600.0,BAX
2015-09-30,6.070000171661378,6.199999809265138,5.989999771118164,6.130000114440918,6.130000114440918,9307600.0,BB
2015-09-30,15.510000228881836,15.880000114440918,15.5,15.510000228881836,14.256220817565918,183700.0,BBAR
2015-09-30,56.83000183105469,57.209999084472656,56.4000015258789,57.02000045776367,49.45798873901367,2958100.0,BBBY
2015-09-30,3.705234050750733,3.7121212482452393,3.5881543159484863,3.691460132598877,2.843925952911377,27543300.0,BBD
2015-09-30,15.979999542236328,16.610000610351562,15.829999923706055,16.479999542236328,9.98276424407959,392000.0,BBDC
2015-09-30,5.809999942779541,6.179999828338622,5.809999942779541,6.179999828338622,4.967592716217041,3200.0,BBDO
2015-09-30,13.600000381469727,13.600000381469727,13.539999961853027,13.59000015258789,10.58694553375244,12600.0,BBF
2015-09-30,4.0900001525878915,4.0900001525878915,4.0900001525878915,4.0900001525878915,3.403674602508545,0.0,BBGI
2015-09-30,32.900001525878906,34.299999237060554,29.399999618530273,32.200000762939446,32.200000762939446,4300.0,BBI
2015-09-30,15.5,15.539999961853027,15.470000267028807,15.539999961853027,11.99967098236084,10100.0,BBK
2015-09-30,30.270000457763672,30.71999931335449,30.170000076293945,30.670000076293945,23.38718414306641,1222700.0,BBL
2015-09-30,20.100000381469727,20.18000030517578,20.020000457763672,20.18000030517578,14.941238403320312,178100.0,BBN
2015-09-30,12.020000457763672,12.960000038146973,12.020000457763672,12.90999984741211,12.90999984741211,37300.0,BBQ
2015-09-30,38.66999816894531,43.459999084472656,38.66999816894531,42.93000030517578,39.73286819458008,199400.0,BBSI
2015-09-30,8.409999847412111,8.430000305175781,8.289999961853027,8.369999885559082,6.831419467926025,1581000.0,BBVA
2015-09-30,17.729999542236328,18.899999618530273,17.729999542236328,18.88999938964844,18.88999938964844,288000.0,BBW
2015-09-30,2.8199999332427983,2.940000057220459,2.789999961853028,2.940000057220459,2.8695333003997803,1054100.0,BBX
2015-09-30,36.45000076293945,37.22999954223633,36.38000106811523,37.11999893188477,32.71417236328125,6084700.0,BBY
2015-09-30,47.04999923706055,48.04999923706055,46.86999893188477,47.88999938964844,44.959632873535156,1011000.0,BC
2015-09-30,9.899999618530273,10.029999732971193,9.859999656677246,10.0,8.193092346191406,3200.0,BCBP
2015-09-30,25.21999931335449,25.649999618530273,24.920000076293945,25.21999931335449,24.04442977905273,465900.0,BCC
2015-09-30,8.640000343322754,8.640000343322754,7.559999942779541,8.640000343322754,8.640000343322754,500.0,BCDA
2015-09-30,40.849998474121094,40.97000122070313,40.59000015258789,40.959999084472656,30.62843132019043,964400.0,BCE
2015-09-30,470.9013671875,485.4078063964844,438.54083251953125,454.16314697265625,454.16314697265625,14800.0,BCEI
2015-09-30,20.24519920349121,20.48974609375,20.22889518737793,20.476703643798828,16.665178298950195,99000.0,BCH
2015-09-30,2.1700000762939453,2.359999895095825,2.1700000762939453,2.289999961853028,2.289999961853028,304000.0,BCLI
2015-09-30,26.75,26.75,26.70000076293945,26.70000076293945,26.70000076293945,8300.0,BCM
2015-09-30,12.029999732971193,12.029999732971193,12.029999732971193,12.029999732971193,12.029999732971193,1000.0,BCML
2015-09-30,26.690000534057614,27.040000915527344,26.6200008392334,27.01000022888184,25.8457088470459,831100.0,BCO
2015-09-30,19.11000061035156,19.11000061035156,19.049999237060547,19.049999237060547,7.973869323730469,1100.0,BCOM
2015-09-30,13.520000457763672,13.789999961853027,13.5,13.770000457763672,13.770000457763672,240800.0,BCOR
2015-09-30,5.03000020980835,5.099999904632568,4.829999923706055,4.920000076293945,4.920000076293945,104400.0,BCOV
2015-09-30,60.349998474121094,61.38000106811523,60.22999954223633,60.77000045776367,59.17485427856445,136600.0,BCPC
2015-09-30,11.239999771118164,11.640000343322756,10.979999542236328,11.399999618530273,11.399999618530273,1229600.0,BCRX
2015-09-30,14.829999923706055,14.850000381469727,14.640000343322756,14.779999732971193,12.720507621765135,3533600.0,BCS
2015-09-30,8.181507110595701,8.181507110595701,8.181507110595701,8.181507110595701,7.479053974151611,0.0,BCTF
2015-09-30,18.899999618530273,18.899999618530273,18.6200008392334,18.700000762939453,13.427740097045898,30900.0,BCV
2015-09-30,6.960000038146973,7.0999999046325675,6.889999866485597,7.0999999046325675,4.992944717407227,659500.0,BCX
2015-09-30,46.43999862670898,46.95000076293945,45.81999969482422,46.68999862670898,46.00065994262695,296400.0,BDC
2015-09-30,19.799999237060547,19.88999938964844,19.76000022888184,19.88999938964844,13.535232543945312,4600.0,BDCS
2015-09-30,26.739999771118164,26.739999771118164,26.40999984741211,26.709999084472656,23.38192367553711,44500.0,BDGE
2015-09-30,7.170000076293945,7.199999809265138,7.0999999046325675,7.199999809265138,5.295608997344972,923500.0,BDJ
2015-09-30,27.95000076293945,27.979999542236328,27.54999923706055,27.940000534057614,26.129865646362305,1000.0,BDL
2015-09-30,12.5,12.5,12.1899995803833,12.31999969482422,10.089245796203613,1939300.0,BDN
2015-09-30,0.6399999856948853,0.6499999761581421,0.6200000047683716,0.6499999761581421,0.6499999761581421,14300.0,BDR
2015-09-30,5.550000190734863,5.829999923706055,5.510000228881836,5.559999942779541,5.559999942779541,2298300.0,BDSI
2015-09-30,132.27999877929688,133.66999816894528,131.39999389648438,132.66000366210938,124.41943359375,1004400.0,BDX
2015-09-30,11.6899995803833,12.350000381469727,11.59000015258789,12.239999771118164,12.239999771118164,665700.0,BEAT
2015-09-30,32.650001525878906,32.90999984741211,32.169998168945305,32.490001678466804,32.490001678466804,415600.0,BECN
2015-09-30,16.510000228881836,16.510000228881836,16.510000228881836,16.510000228881836,15.503569602966307,100.0,BELFA
2015-09-30,18.899999618530273,19.61000061035156,18.780000686645508,19.440000534057614,18.22368812561035,71100.0,BELFB
2015-09-30,36.90999984741211,37.31999969482422,36.61999893188477,37.2599983215332,32.88238906860352,3748200.0,BEN
2015-09-30,27.020000457763672,27.5,27.020000457763672,27.489999771118164,19.561628341674805,84300.0,BEP
2015-09-30,29.1299991607666,30.18000030517578,29.1299991607666,30.06999969482422,30.06999969482422,2334100.0,BERY
2015-09-30,64.22000122070311,64.48000335693361,63.13999938964844,64.23999786376953,64.23999786376953,381400.0,BFAM
2015-09-30,24.79999923706055,24.79999923706055,24.04999923706055,24.04999923706055,22.379547119140625,600.0,BFC
2015-09-30,12.260000228881836,12.470000267028807,12.100000381469727,12.43000030517578,11.259332656860352,924700.0,BFIN
2015-09-30,14.0,14.020000457763672,13.970000267028807,14.0,10.959057807922363,39400.0,BFK
2015-09-30,14.890000343322756,14.899999618530273,14.859999656677244,14.890000343322756,13.497308731079102,4200.0,BFO
2015-09-30,51.540000915527344,52.22999954223633,51.4000015258789,51.75,43.310325622558594,55400.0,BFS
2015-09-30,14.25,14.300000190734865,14.210000038146973,14.300000190734865,11.538844108581545,4200.0,BFY
2015-09-30,15.06999969482422,15.079999923706055,15.020000457763672,15.0600004196167,12.03208065032959,21500.0,BFZ
2015-09-30,73.08999633789062,73.66000366210938,72.6500015258789,73.30000305175781,64.1690673828125,1498900.0,BG
2015-09-30,14.31999969482422,14.329999923706055,14.1899995803833,14.210000038146973,9.469600677490234,155400.0,BGB
2015-09-30,5.305466175079347,5.324759006500244,5.183279514312744,5.2861738204956055,3.788559913635254,2765500.0,BGCP
2015-09-30,10.5,10.539999961853027,10.229999542236328,10.380000114440918,7.690654754638673,177100.0,BGFV
2015-09-30,19.5,19.520000457763672,19.149999618530273,19.309999465942386,16.945098876953125,396400.0,BGG
2015-09-30,17.190000534057614,17.34000015258789,17.030000686645508,17.34000015258789,10.876785278320312,161600.0,BGH
2015-09-30,0.8299999833106995,0.8299999833106995,0.8299999833106995,0.8299999833106995,0.8299999833106995,0.0,BGI
2015-09-30,13.539999961853027,13.779999732971193,13.460000038146973,13.779999732971193,9.807666778564453,150800.0,BGR
2015-09-30,35.70000076293945,36.56999969482422,35.68000030517578,36.45000076293945,27.292490005493164,533600.0,BGS
2015-09-30,12.720000267028807,12.720000267028807,12.720000267028807,12.720000267028807,9.692163467407227,0.0,BGSF
2015-09-30,12.56999969482422,12.649999618530273,12.43000030517578,12.4399995803833,9.552261352539062,96900.0,BGT
2015-09-30,14.260000228881836,14.289999961853027,14.18000030517578,14.25,14.25,43916.0,BGX
2015-09-30,6.039999961853027,6.070000171661378,6.019999980926514,6.070000171661378,4.241419792175293,552700.0,BGY
2015-09-30,369.0,372.0,362.0,365.739990234375,365.739990234375,6000.0,BH
2015-09-30,517.739990234375,517.739990234375,517.739990234375,517.739990234375,517.739990234375,0.0,BHAT
2015-09-30,20.100000381469727,21.47333335876465,19.946666717529297,21.3266658782959,18.13985252380371,17500.0,BHB
2015-09-30,168.47000122070312,180.0500030517578,160.50999450683594,178.3800048828125,178.3800048828125,11676100.0,BHC
2015-09-30,21.40999984741211,21.780000686645508,21.3700008392334,21.76000022888184,20.62368392944336,408900.0,BHE
2015-09-30,12.890000343322756,12.9399995803833,12.800000190734865,12.920000076293945,9.902997016906738,116000.0,BHK
2015-09-30,27.63999938964844,27.670000076293945,27.38999938964844,27.540000915527344,24.38903617858887,106800.0,BHLB
2015-09-30,31.07999992370605,31.670000076293945,31.06999969482422,31.6200008392334,24.963794708251953,3247500.0,BHP
2015-09-30,13.88118839263916,14.0,13.792078971862793,13.89108943939209,8.983192443847656,253300.0,BHR
2015-09-30,16.530000686645508,16.530000686645508,16.530000686645508,16.530000686645508,13.66530990600586,0.0,BHV
2015-09-30,136.86000061035156,139.60000610351562,136.00999450683594,137.41000366210938,137.41000366210938,2625600.0,BIDU
2015-09-30,7.360000133514403,7.489999771118164,7.320000171661378,7.449999809265138,6.169878959655763,102400.0,BIF
2015-09-30,47.849998474121094,48.06000137329102,47.16999816894531,47.91999816894531,41.54237365722656,1657800.0,BIG
2015-09-30,283.9800109863281,292.0,283.05999755859375,291.80999755859375,291.80999755859375,2935600.0,BIIB
2015-09-30,1.190000057220459,1.2300000190734863,1.190000057220459,1.2300000190734863,1.2300000190734863,200.0,BIMI
2015-09-30,134.07000732421878,135.71000671386722,133.46000671386722,134.30999755859378,134.30999755859378,167500.0,BIO
2015-09-30,213.3000030517578,227.6999969482422,204.3000030517578,207.0,207.0,2200.0,BIOC
2015-09-30,4.349999904632568,4.699999809265137,4.25,4.5,4.5,29700.0,BIOL
2015-09-30,24.61333274841309,24.899999618530273,24.440000534057614,24.51333427429199,19.3150691986084,386500.0,BIP
2015-09-30,15.779999732971193,15.850000381469727,15.56999969482422,15.710000038146973,10.359508514404297,326100.0,BIT
2015-09-30,29.8700008392334,31.26000022888184,29.10000038146973,29.770000457763672,29.770000457763672,1562800.0,BITA
2015-09-30,42.65999984741211,43.11000061035156,42.040000915527344,43.02999877929688,41.868736267089844,234200.0,BJRI
2015-09-30,39.040000915527344,39.18999862670898,38.68000030517578,39.150001525878906,35.76607894897461,6191500.0,BK
2015-09-30,8.520000457763674,8.899999618530273,8.5,8.859999656677246,5.37449836730957,707600.0,BKCC
2015-09-30,22.36000061035156,22.989999771118164,22.31999969482422,22.959999084472656,22.959999084472656,4125500.0,BKD
2015-09-30,37.22000122070313,37.22000122070313,36.36999893188477,36.97000122070313,28.91892433166504,287100.0,BKE
2015-09-30,5.559999942779541,5.989999771118164,5.4099998474121085,5.6500000953674325,3.390468120574951,134400.0,BKEP
2015-09-30,7.0,7.0,6.75,6.75,4.135211944580078,1300.0,BKEPP
2015-09-30,40.70000076293945,41.45000076293945,40.43000030517578,41.34000015258789,36.15652847290039,385600.0,BKH
2015-09-30,31.78000068664551,33.169998168945305,31.60000038146973,32.549999237060554,32.549999237060554,417000.0,BKI
2015-09-30,15.68000030517578,15.710000038146973,15.630000114440918,15.710000038146973,13.78744411468506,22200.0,BKK
2015-09-30,14.890000343322756,14.9399995803833,14.859999656677244,14.899999618530273,11.53420639038086,58900.0,BKN
2015-09-30,1217.47998046875,1238.5999755859375,1211.8800048828125,1236.8599853515625,1236.8599853515625,794500.0,BKNG
2015-09-30,50.849998474121094,52.13999938964844,50.81999969482422,52.040000915527344,32.905731201171875,4118900.0,BKR
2015-09-30,14.618182182312012,15.600000381469727,14.35454559326172,14.627272605895994,12.59263801574707,7000.0,BKSC
2015-09-30,6.329999923706055,6.3400001525878915,6.28000020980835,6.309999942779541,4.837257385253906,169600.0,BKT
2015-09-30,4.4099998474121085,5.96999979019165,3.829999923706055,4.400000095367432,3.7475814819335938,159700.0,BKTI
2015-09-30,35.41999816894531,35.779998779296875,35.25,35.75,32.23574066162109,681100.0,BKU
2015-09-30,1.440000057220459,1.919999957084656,1.440000057220459,1.6799999475479126,1.6799999475479126,17800.0,BKYI
2015-09-30,10.0,10.06999969482422,9.800000190734863,9.960000038146973,9.960000038146973,30900.0,BLBD
2015-09-30,145.39999389648438,149.8000030517578,140.0,145.3000030517578,145.3000030517578,29800.0,BLCM
2015-09-30,30.209999084472656,31.13999938964844,30.0,30.96999931335449,30.96999931335449,325000.0,BLD
2015-09-30,1.149999976158142,1.2400000095367432,1.1200000047683716,1.2000000476837158,1.2000000476837158,1057800.0,BLDP
2015-09-30,12.59000015258789,12.850000381469727,12.510000228881836,12.68000030517578,12.68000030517578,2639700.0,BLDR
2015-09-30,14.510000228881836,14.539999961853027,14.479999542236328,14.529999732971193,11.367507934570312,35700.0,BLE
2015-09-30,2.1600000858306885,2.1600000858306885,2.1099998950958248,2.1099998950958248,2.1099998950958248,46600.0,BLFS
2015-09-30,317.5,335.0,305.0,305.0,305.0,0.0,BLIN
2015-09-30,301.0,301.6700134277344,294.5799865722656,297.4700012207031,264.50830078125,756200.0,BLK
2015-09-30,55.72999954223633,56.43000030517578,55.349998474121094,56.11999893188477,54.56608581542969,295300.0,BLKB
2015-09-30,30.60000038146973,31.15999984741211,30.60000038146973,31.10000038146973,29.60861587524414,2075200.0,BLL
2015-09-30,18.61000061035156,18.81999969482422,18.149999618530273,18.18000030517578,16.715198516845707,3445300.0,BLMN
2015-09-30,10.5,11.5,10.5,11.5,11.5,200.0,BLNK
2015-09-30,66.75,90.75,63.75,77.8499984741211,77.8499984741211,300900.0,BLPH
2015-09-30,22.5,24.29999923706055,22.5,22.95000076293945,22.95000076293945,8800.0,BLRX
2015-09-30,2.293560028076172,2.545559883117676,2.293560028076172,2.5199999809265137,2.5199999809265137,2811.0,BLU
2015-09-30,89.44999694824219,92.4499969482422,82.05000305175781,85.55000305175781,85.55000305175781,1843900.0,BLUE
2015-09-30,14.31999969482422,14.4399995803833,14.300000190734865,14.4399995803833,10.330802917480467,142600.0,BLW
2015-09-30,23.229999542236328,23.43000030517578,22.95000076293945,23.149999618530273,17.005905151367188,299000.0,BLX
2015-09-30,38.45000076293945,39.0,37.70000076293945,38.400001525878906,34.794143676757805,70000.0,BMA
2015-09-30,17.379999160766598,17.649999618530273,17.149999618530273,17.610000610351562,17.610000610351562,63500.0,BMCH
2015-09-30,37.70000076293945,38.86000061035156,37.52999877929688,37.560001373291016,24.588117599487305,45400.0,BME
2015-09-30,29.1299991607666,29.354999542236328,28.96999931335449,29.03000068664551,27.20546531677246,147400.0,BMI
2015-09-30,53.13000106811523,54.61000061035156,53.11999893188477,54.54999923706055,42.79513549804688,768100.0,BMO
2015-09-30,0.8500000238418579,0.8500000238418579,0.8500000238418579,0.8500000238418579,0.8500000238418579,3800.0,BMRA
2015-09-30,24.114999771118164,24.125,23.97500038146973,23.9950008392334,22.1075382232666,48000.0,BMRC
2015-09-30,99.5,109.55999755859376,99.5,105.31999969482422,105.31999969482422,3346800.0,BMRN
2015-09-30,31.229999542236328,31.229999542236328,31.0,31.06999969482422,27.81037712097168,40400.0,BMTC
2015-09-30,59.43999862670898,59.61000061035156,58.61000061035156,59.20000076293945,52.1895523071289,11274700.0,BMY
2015-09-30,12.84000015258789,12.958000183105467,12.68000030517578,12.710000038146973,12.710000038146973,312600.0,BNED
2015-09-30,29.61000061035156,31.43000030517578,29.61000061035156,31.25,31.25,182300.0,BNFT
2015-09-30,43.63999938964844,44.08000183105469,43.43000030517578,44.08000183105469,33.514598846435554,994500.0,BNS
2015-09-30,1.2999999523162842,1.2999999523162842,1.190000057220459,1.2699999809265137,1.2699999809265137,3700.0,BNSO
2015-09-30,63.70000076293945,72.0,60.0,61.5,61.43037796020508,3400.0,BNTC
2015-09-30,14.550000190734865,14.640000343322756,14.550000190734865,14.630000114440918,11.917597770690918,13100.0,BNY
2015-09-30,5.789999961853027,5.820000171661378,5.769999980926514,5.78000020980835,5.393651008605957,23900.0,BOCH
2015-09-30,12.130000114440918,12.1899995803833,12.029999732971193,12.100000381469727,7.669094562530518,231800.0,BOE
2015-09-30,63.18999862670898,63.56000137329102,62.790000915527344,63.4900016784668,55.97933578491211,249200.0,BOH
2015-09-30,64.27999877929689,64.87000274658203,64.08000183105469,64.70999908447266,58.1738395690918,230000.0,BOKF
2015-09-30,9.56999969482422,9.609999656677246,9.350000381469727,9.539999961853027,9.257145881652832,90300.0,BOOM
2015-09-30,18.270000457763672,18.51000022888184,17.829999923706055,18.43000030517578,18.43000030517578,312600.0,BOOT
2015-09-30,2.369999885559082,2.369999885559082,2.25,2.309999942779541,2.309999942779541,8700.0,BOSC
2015-09-30,11.210000038146973,11.210000038146973,11.210000038146973,11.210000038146973,10.347336769104004,600.0,BOTJ
2015-09-30,12.43000030517578,12.619999885559082,12.09000015258789,12.579999923706055,12.579999923706055,922000.0,BOX
2015-09-30,30.18000030517578,30.56999969482422,30.07999992370605,30.559999465942386,22.82208824157715,6143700.0,BP
2015-09-30,11.850000381469727,11.859999656677244,11.579999923706055,11.699999809265135,10.01144790649414,719200.0,BPFH
2015-09-30,21.270000457763672,21.700000762939453,19.520000457763672,21.34000015258789,21.34000015258789,268500.0,BPMC
2015-09-30,25.5,28.5,24.5,25.75,25.75,800.0,BPMX
2015-09-30,30.520000457763672,30.71999931335449,29.940000534057614,30.229999542236328,27.194988250732425,831900.0,BPOP
2015-09-30,18.84000015258789,18.979999542236328,18.780000686645508,18.979999542236328,14.36401653289795,1300.0,BPOPM
2015-09-30,19.8799991607666,20.450000762939453,19.71999931335449,20.34000015258789,14.871994018554688,7700.0,BPOPN
2015-09-30,40.18000030517578,41.5,39.77000045776367,41.09000015258789,21.75878143310547,134000.0,BPT
2015-09-30,216.0,228.0,216.0,228.0,228.0,400.0,BPTH
2015-09-30,21.3700008392334,21.600000381469727,21.350000381469727,21.459999084472656,16.050958633422848,157600.0,BPY
2015-09-30,13.770000457763672,13.90999984741211,13.770000457763672,13.90999984741211,11.354240417480467,1000.0,BQH
2015-09-30,55.47999954223633,55.959999084472656,54.9900016784668,55.349998474121094,51.03594589233398,790200.0,BR
2015-09-30,10.739999771118164,10.739999771118164,10.739999771118164,10.739999771118164,9.331055641174316,0.0,BRBS
2015-09-30,20.07999992370605,20.229999542236328,19.61000061035156,19.65999984741211,17.71200180053711,357100.0,BRC
2015-09-30,8.0,8.029999732971191,7.9000000953674325,7.96999979019165,7.96999979019165,23700.0,BREW
2015-09-30,17.780000686645508,17.950000762939453,17.610000610351562,17.790000915527344,17.31427001953125,3110600.0,BRFS
2015-09-30,11.670000076293945,12.050000190734865,11.59000015258789,11.979999542236328,8.024625778198242,140100.0,BRG
2015-09-30,8.850000381469727,9.93000030517578,8.520000457763674,8.520000457763674,8.520000457763674,25800.0,BRID
2015-09-30,10.18000030517578,10.239999771118164,10.079999923706056,10.140000343322754,8.95925521850586,323500.0,BRKL
2015-09-30,16.530000686645508,16.760000228881836,16.219999313354492,16.430000305175778,16.07598876953125,1001100.0,BRKR
2015-09-30,11.220000267028807,11.800000190734865,10.949999809265137,11.710000038146973,10.753450393676758,402900.0,BRKS
2015-09-30,1.8899999856948853,1.8999999761581419,1.8600000143051147,1.8600000143051147,1.8600000143051147,1500.0,BRN
2015-09-30,15.510000228881836,15.510000228881836,15.289999961853027,15.484999656677244,14.187023162841795,1994400.0,BRO
2015-09-30,7.0900001525878915,7.0900001525878915,7.0900001525878915,7.0900001525878915,5.9052677154541025,300.0,BRT
2015-09-30,23.53000068664551,23.739999771118164,23.3700008392334,23.479999542236328,18.42620086669922,1173500.0,BRX
2015-09-30,0.25999999046325684,0.25999999046325684,0.239999994635582,0.239999994635582,0.21672390401363373,32000.0,BRY
2015-09-30,18.239999771118164,18.309999465942386,18.06999969482422,18.21999931335449,15.241619110107422,638500.0,BSAC
2015-09-30,3.2300000190734863,3.2300000190734863,3.119999885559082,3.150000095367432,2.6761739253997803,2616400.0,BSBR
2015-09-30,13.539999961853027,13.56999969482422,13.479999542236328,13.56999969482422,10.631369590759276,6100.0,BSD
2015-09-30,12.949999809265135,13.020000457763672,12.9399995803833,12.949999809265135,10.664082527160645,6000.0,BSE
2015-09-30,28.03000068664551,28.21999931335449,27.45000076293945,27.85000038146973,24.75031471252441,155700.0,BSET
2015-09-30,3.5499999523162837,3.625,2.8250000476837163,3.5,3.5,11800.0,BSGM
2015-09-30,15.1899995803833,15.699999809265135,14.989999771118164,15.420000076293945,13.502959251403807,283000.0,BSIG
2015-09-30,16.030000686645508,16.030000686645508,15.81999969482422,15.859999656677244,11.387945175170898,49200.0,BSL
2015-09-30,14.079999923706055,14.095000267028807,13.375,13.800000190734865,9.448697090148926,106100.0,BSM
2015-09-30,7.429999828338622,7.440000057220459,7.320000171661378,7.3400001525878915,5.64500904083252,1760800.0,BSMX
2015-09-30,6.619999885559082,6.800000190734862,6.579999923706055,6.610000133514403,6.610000133514403,198700.0,BSQR
2015-09-30,15.960000038146973,16.100000381469727,15.899999618530273,15.960000038146973,14.26050090789795,28200.0,BSRR
2015-09-30,15.6899995803833,15.899999618530273,15.550000190734865,15.850000381469727,11.54326629638672,154800.0,BST
2015-09-30,42.34000015258789,44.09000015258789,42.09000015258789,43.540000915527344,43.540000915527344,99400.0,BSTC
2015-09-30,16.190000534057614,16.459999084472653,16.110000610351562,16.40999984741211,16.40999984741211,14058400.0,BSX
2015-09-30,11.039999961853027,11.039999961853027,11.0,11.010000228881836,8.603724479675293,40100.0,BTA
2015-09-30,3.009999990463257,3.2300000190734863,2.990000009536743,3.2000000476837163,3.2000000476837163,1527700.0,BTE
2015-09-30,1.0299999713897705,1.0700000524520874,1.0,1.0499999523162842,1.0417901277542114,1157500.0,BTG
2015-09-30,55.09000015258789,55.23500061035156,54.75500106811523,55.040000915527344,42.12701797485352,624800.0,BTI
2015-09-30,4.699999809265137,4.699999809265137,4.650000095367432,4.699999809265137,4.699999809265137,2100.0,BTN
2015-09-30,24.46999931335449,25.32999992370605,24.38999938964844,25.29999923706055,19.85321617126465,67100.0,BTO
2015-09-30,20.600000381469727,20.600000381469727,20.3799991607666,20.3799991607666,17.167411804199222,144800.0,BTT
2015-09-30,12.149999618530273,12.170000076293945,12.109999656677244,12.170000076293945,8.965619087219238,287900.0,BTZ
2015-09-30,106.43000030517578,106.54000091552734,105.4499969482422,106.31999969482422,92.08763122558594,1706600.0,BUD
2015-09-30,16.299999237060547,16.350000381469727,15.949999809265135,16.260000228881836,11.78955364227295,115200.0,BUI
2015-09-30,50.02999877929688,51.13000106811523,49.77999877929688,51.040000915527344,51.040000915527344,2321200.0,BURL
2015-09-30,19.559999465942386,19.940000534057614,19.51000022888184,19.8700008392334,17.426336288452152,118900.0,BUSE
2015-09-30,5.829999923706055,6.03000020980835,5.769999980926514,5.960000038146973,5.836838245391847,1684600.0,BVN
2015-09-30,5.809999942779541,6.050000190734862,5.800000190734862,6.0,6.0,6200.0,BVSN
2015-09-30,3.609999895095825,3.7000000476837163,3.609999895095825,3.670000076293945,3.670000076293945,10900.0,BVXV
2015-09-30,165.3000030517578,170.10000610351562,165.0,168.0,168.0,35500.0,BW
2015-09-30,41.20000076293945,42.15999984741211,41.0,41.59000015258789,38.76591491699219,3039800.0,BWA
2015-09-30,2.0,2.0899999141693115,1.7999999523162842,2.0699999332427983,2.0699999332427983,328400.0,BWEN
2015-09-30,18.38999938964844,18.38999938964844,18.280000686645508,18.280000686645508,17.221477508544922,500.0,BWFG
2015-09-30,11.710000038146973,11.8100004196167,11.460000038146973,11.609999656677244,7.9666876792907715,90000.0,BWG
2015-09-30,26.32999992370605,26.38999938964844,25.979999542236328,26.36000061035156,25.14064979553223,826500.0,BWXT
2015-09-30,30.54999923706055,31.75,29.809999465942386,31.670000076293945,22.478286743164066,7845600.0,BX
2015-09-30,6.0,7.199999809265138,5.800000190734862,7.0,7.0,12300.0,BXC
2015-09-30,27.170000076293945,27.540000915527344,26.940000534057614,27.440000534057614,19.048402786254886,1248300.0,BXMT
2015-09-30,12.050000190734865,12.170000076293945,12.039999961853027,12.09000015258789,8.772761344909668,360300.0,BXMX
2015-09-30,118.66000366210938,119.5999984741211,117.25,118.4000015258789,105.09529113769531,1008800.0,BXP
2015-09-30,23.78000068664551,23.86000061035156,23.53000068664551,23.770000457763672,21.696414947509766,806000.0,BXS
2015-09-30,15.279999732971193,16.350000381469727,15.149999618530273,16.299999237060547,15.929067611694336,2957400.0,BYD
2015-09-30,1.1699999570846558,1.2100000381469729,1.1699999570846558,1.2100000381469729,1.2100000381469729,900.0,BYFC
2015-09-30,13.920000076293945,13.920000076293945,13.800000190734865,13.800000190734865,11.005106925964355,37700.0,BYM
2015-09-30,13.460000038146973,13.65999984741211,13.010000228881836,13.329999923706055,13.329999923706055,1155200.0,BZH
2015-09-30,14.289999961853027,14.380000114440918,14.25,14.380000114440918,11.990017890930176,8300.0,BZM
2015-09-30,4.849999904632568,5.119999885559082,4.71999979019165,4.820000171661377,4.820000171661377,122200.0,BZUN
2015-09-30,49.81000137329102,49.84000015258789,48.9000015258789,49.61000061035156,45.74474334716797,17629000.0,C
2015-09-30,4.989999771118164,5.349999904632568,4.989999771118164,5.349999904632568,5.349999904632568,25300.0,CAAS
2015-09-30,430.45001220703125,435.0,418.0,419.4200134277344,401.6304321289063,48500.0,CABO
2015-09-30,26.3799991607666,27.30666732788086,26.3799991607666,26.933332443237305,23.94194984436035,20800.0,CAC
2015-09-30,195.08999633789062,196.9199981689453,194.6000061035156,196.8699951171875,196.8699951171875,226900.0,CACC
2015-09-30,74.61000061035156,75.04000091552734,73.37999725341797,73.97000122070312,73.97000122070312,154300.0,CACI
2015-09-30,10.279999732971193,10.619999885559082,10.279999732971193,10.619999885559082,9.69286823272705,29500.0,CAE
2015-09-30,21.850000381469727,22.46999931335449,21.799999237060547,22.440000534057614,12.595847129821776,328000.0,CAF
2015-09-30,31.509727478027344,31.71206283569336,31.284046173095703,31.52529144287109,27.93264198303223,4392200.0,CAG
2015-09-30,77.62999725341797,78.16000366210938,76.11000061035156,76.81999969482422,65.92030334472656,2106800.0,CAH
2015-09-30,10.09000015258789,10.3100004196167,10.0,10.079999923706056,10.079999923706056,137800.0,CAI
2015-09-30,28.86000061035156,29.03000068664551,28.68000030517578,28.96999931335449,23.43742179870605,252500.0,CAJ
2015-09-30,53.93000030517578,54.27999877929688,53.4900016784668,53.959999084472656,48.33149719238281,476100.0,CAKE
2015-09-30,30.10000038146973,30.68000030517578,29.82999992370605,30.53000068664551,28.659822463989254,284000.0,CAL
2015-09-30,5.050000190734863,5.5,5.010000228881836,5.429999828338623,5.429999828338623,234600.0,CALA
2015-09-30,52.90999984741211,55.22999954223633,52.75,54.61000061035156,51.39910888671875,1556700.0,CALM
2015-09-30,7.4000000953674325,7.800000190734862,7.4000000953674325,7.789999961853027,7.789999961853027,254600.0,CALX
2015-09-30,16.209999084472653,16.479999542236328,15.779999732971193,16.09000015258789,16.09000015258789,633800.0,CAMP
2015-09-30,2.5799999237060547,2.6600000858306885,2.490000009536743,2.5799999237060547,2.2916550636291504,30400.0,CAMT
2015-09-30,63.1500015258789,67.05000305175781,59.25,62.099998474121094,62.099998474121094,99500.0,CANF
2015-09-30,73.9000015258789,73.9000015258789,73.68000030517578,73.68000030517578,73.68000030517578,800.0,CAPE
2015-09-30,21.68000030517578,23.0,21.26000022888184,22.81999969482422,14.061933517456055,98400.0,CAPL
2015-09-30,39.5,41.099998474121094,39.5,40.5,40.5,800.0,CAPR
2015-09-30,43.04999923706055,43.95000076293945,42.93000030517578,43.68000030517578,43.68000030517578,1760100.0,CAR
2015-09-30,12.56999969482422,14.43000030517578,12.550000190734865,14.289999961853027,14.289999961853027,1153300.0,CARA
2015-09-30,12.56999969482422,12.600000381469727,12.56999969482422,12.600000381469727,12.127544403076172,1400.0,CARE
2015-09-30,15.149999618530273,15.350000381469727,15.06999969482422,15.28499984741211,14.75345230102539,4100.0,CARO
2015-09-30,28.90819931030273,28.90819931030273,28.90819931030273,28.90819931030273,28.90819931030273,0.0,CARR#
2015-09-30,6.880000114440918,6.889999866485597,6.579999923706055,6.6500000953674325,6.6500000953674325,9200.0,CARV
2015-09-30,14.16333293914795,14.396666526794435,13.859999656677244,13.923333168029785,13.356108665466307,277800.0,CASH
2015-09-30,1.0700000524520874,1.149999976158142,1.0700000524520874,1.0700000524520874,1.0700000524520874,9400.0,CASI
2015-09-30,37.71212005615234,37.94696807861328,36.06060791015625,37.21969604492188,34.419830322265625,101800.0,CASS
2015-09-30,104.05999755859376,104.97000122070312,102.58000183105469,102.91999816894531,98.75421142578124,539000.0,CASY
2015-09-30,64.94999694824219,65.63999938964844,64.15000152587889,65.36000061035156,56.182029724121094,7850300.0,CAT
2015-09-30,77.19999694824219,87.4000015258789,77.0,80.9000015258789,80.9000015258789,51800.0,CATB
2015-09-30,47.75,48.0,47.75,48.0,42.20307540893555,1800.0,CATC
2015-09-30,32.5,32.990001678466804,32.40999984741211,32.700000762939446,32.700000762939446,319200.0,CATM
2015-09-30,33.709999084472656,34.139999389648445,33.09999847412109,34.029998779296875,24.91706657409668,161000.0,CATO
2015-09-30,4.739999771118164,4.739999771118164,4.199999809265137,4.739999771118164,4.739999771118164,500.0,CATS
2015-09-30,29.940000534057614,30.04999923706055,29.6200008392334,29.959999084472656,26.54007339477539,721900.0,CATY
2015-09-30,102.38999938964844,103.5500030517578,102.13999938964844,103.4000015258789,93.36815643310548,2993300.0,CB
2015-09-30,8.899999618530273,8.899999618530273,8.899999618530273,8.899999618530273,8.513178825378418,0.0,CBAN
2015-09-30,2.240000009536743,2.3499999046325684,2.190000057220459,2.309999942779541,2.309999942779541,8900.0,CBAT
2015-09-30,1.9700000286102293,2.0580000877380367,1.809999942779541,1.940000057220459,1.940000057220459,216300.0,CBAY
2015-09-30,15.600000381469727,15.899999618530273,15.5,15.600000381469727,15.600000381469727,241100.0,CBB
2015-09-30,12.4399995803833,12.59000015258789,12.34000015258789,12.539999961853027,12.11945343017578,1028100.0,CBD
2015-09-30,21.61000061035156,21.61000061035156,21.040000915527344,21.149999618530273,18.075321197509766,1000.0,CBFV
2015-09-30,0.07999999821186066,0.07999999821186066,0.07999999821186066,0.07999999821186066,0.06861244142055511,0.0,CBH
2015-09-30,71.55000305175781,75.30000305175781,68.09999847412111,69.90000152587889,69.90000152587889,100.0,CBIO
2015-09-30,14.020000457763672,14.0600004196167,13.649999618530273,13.75,8.51113224029541,2331100.0,CBL
2015-09-30,4.230000019073486,4.46999979019165,4.179999828338623,4.3400001525878915,4.3400001525878915,40000.0,CBLI
2015-09-30,16.280000686645508,17.579999923706055,16.200000762939453,16.930000305175778,16.930000305175778,82100.0,CBMG
2015-09-30,66.30000305175781,67.22000122070311,65.94999694824219,67.08000183105469,63.48670959472656,717900.0,CBOE
2015-09-30,84.68000030517578,90.23999786376952,84.68000030517578,89.81999969482422,89.81999969482422,185400.0,CBPO
2015-09-30,31.739999771118164,32.029998779296875,31.5,32.0,32.0,2458300.0,CBRE
2015-09-30,146.00999450683594,149.8699951171875,145.52999877929688,147.27999877929688,117.99630737304688,708000.0,CBRL
2015-09-30,41.26077270507813,41.35147476196289,40.78911590576172,41.32426452636719,38.35002136230469,626200.0,CBSH
2015-09-30,26.149999618530273,26.149999618530273,25.79999923706055,25.959999084472656,19.541719436645508,3200.0,CBSHP
2015-09-30,31.26000022888184,31.68000030517578,31.040000915527344,31.559999465942386,28.13977813720703,344700.0,CBT
2015-09-30,37.16999816894531,37.27999877929688,36.65999984741211,37.16999816894531,32.756614685058594,200000.0,CBU
2015-09-30,9.859999656677246,9.9399995803833,9.779999732971193,9.81999969482422,9.81999969482422,286400.0,CBZ
2015-09-30,6.25,6.489999771118164,5.940000057220459,6.46999979019165,5.787204265594482,4616600.0,CC
2015-09-30,14.859999656677244,15.100000381469727,14.720000267028807,14.920000076293945,13.972543716430664,22400.0,CCBG
2015-09-30,6.079999923706055,6.239999771118164,6.0,6.239999771118164,6.239999771118164,2700.0,CCCL
2015-09-30,17.780000686645508,18.299999237060547,17.780000686645508,18.18000030517578,11.427050590515135,119500.0,CCD
2015-09-30,48.18999862670898,48.43999862670898,47.93999862670898,48.349998474121094,31.53083610534668,2447500.0,CCEP
2015-09-30,38.59000015258789,39.38999938964844,38.16999816894531,39.38999938964844,37.58336639404297,8800.0,CCF
2015-09-30,78.11000061035156,78.93000030517578,77.79000091552734,78.87000274658203,66.48827362060547,2400300.0,CCI
2015-09-30,12.039999961853027,12.199999809265135,11.850000381469727,12.170000076293945,10.984230041503906,1681200.0,CCJ
2015-09-30,45.52000045776367,45.81000137329102,45.1500015258789,45.75,45.75,957500.0,CCK
2015-09-30,49.81000137329102,49.93999862670898,48.90999984741211,49.70000076293945,42.82295227050781,5182200.0,CCL
2015-09-30,12.34000015258789,12.760000228881836,11.6899995803833,12.510000228881836,7.669242858886719,183700.0,CCLP
2015-09-30,4.71999979019165,4.75,4.650000095367432,4.650000095367432,3.809945344924927,5500.0,CCM
2015-09-30,38.61000061035156,39.27999877929688,38.02000045776367,38.7400016784668,36.51106262207031,165800.0,CCMP
2015-09-30,18.239999771118164,18.420000076293945,18.020000457763672,18.170000076293945,16.062984466552734,19400.0,CCNE
2015-09-30,7.1599998474121085,7.190000057220459,7.010000228881836,7.130000114440918,3.744755744934082,64300.0,CCO
2015-09-30,26.75,27.190000534057614,26.40999984741211,27.15999984741211,22.51235008239746,744100.0,CCOI
2015-09-30,11.670000076293945,11.670000076293945,10.68000030517578,11.25,5.858599185943604,179700.0,CCR
2015-09-30,13.4399995803833,13.699999809265135,13.220000267028807,13.609999656677244,13.609999656677244,417500.0,CCRN
2015-09-30,19.489999771118164,19.950000762939453,19.31999969482422,19.850000381469727,19.850000381469727,223100.0,CCS
2015-09-30,22.11000061035156,22.190000534057614,21.989999771118164,22.149999618530273,19.52175712585449,91200.0,CCU
2015-09-30,781.010009765625,781.010009765625,781.010009765625,781.010009765625,781.010009765625,0.0,CCX
2015-09-30,5.9099998474121085,6.1500000953674325,5.400000095367432,6.050000190734862,6.050000190734862,186900.0,CCXI
2015-09-30,45.11000061035156,45.11000061035156,45.11000061035156,45.11000061035156,40.59325408935547,200.0,CCZ
2015-09-30,2.720000028610229,2.890000104904175,2.720000028610229,2.8199999332427983,2.8199999332427983,1873400.0,CDE
2015-09-30,47.68000030517578,49.56999969482422,46.9900016784668,47.77999877929688,45.59663772583008,1141100.0,CDK
2015-09-30,7.210000038146973,7.28000020980835,6.789999961853027,7.139999866485597,5.385753154754639,209100.0,CDMO
2015-09-30,19.68000030517578,19.96999931335449,19.68000030517578,19.96999931335449,11.93758487701416,700.0,CDMOP
2015-09-30,4.199999809265137,4.260000228881837,4.0399999618530265,4.170000076293944,4.170000076293944,38200.0,CDNA
2015-09-30,20.670000076293945,20.799999237060547,20.489999771118164,20.68000030517578,20.68000030517578,3343500.0,CDNS
2015-09-30,9.869280815124512,11.633986473083494,9.869280815124512,10.0,7.98672342300415,900.0,CDOR
2015-09-30,6.329999923706055,6.360000133514403,6.199999809265138,6.210000038146973,5.024451732635498,359800.0,CDR
2015-09-30,12.40999984741211,13.40999984741211,12.399999618530273,12.720000267028807,12.720000267028807,79600.0,CDTX
2015-09-30,40.38999938964844,40.95000076293945,40.18000030517578,40.86000061035156,38.748329162597656,1264200.0,CDW
2015-09-30,3.4200000762939453,3.4200000762939453,3.240000009536743,3.3299999237060547,3.3299999237060547,13800.0,CDXC
2015-09-30,3.2300000190734863,3.4100000858306885,3.1600000858306885,3.390000104904175,3.390000104904175,20900.0,CDXS
2015-09-30,7.369999885559082,7.369999885559082,7.239999771118164,7.260000228881836,7.260000228881836,25900.0,CDZI
2015-09-30,57.31000137329102,59.290000915527344,56.599998474121094,59.16999816894531,54.0409049987793,1466600.0,CE
2015-09-30,29.88999938964844,30.07999992370605,29.35000038146973,29.920000076293945,28.7783203125,62600.0,CEA
2015-09-30,8.329999923706055,8.409999847412111,7.929999828338622,8.189999580383299,7.683940410614014,390700.0,CECE
2015-09-30,17.950000762939453,18.0,17.889999389648438,17.889999389648438,15.188690185546875,11800.0,CEE
2015-09-30,1695312.5,1757812.5,1671875.0,1679687.5,1679687.5,0.0,CEI
2015-09-30,6.380000114440918,6.380000114440918,6.210000038146973,6.21999979019165,6.21999979019165,19000.0,CEL
2015-09-30,2.1700000762939453,2.1700000762939453,1.8600000143051147,2.0999999046325684,2.0999999046325684,48500.0,CELH
2015-09-30,11.18000030517578,11.850000381469727,10.380000114440918,10.949999809265137,6.294169902801514,54600.0,CELP
2015-09-30,16.84000015258789,17.469999313354492,16.469999313354492,17.319999694824222,11.069377899169922,495900.0,CEM
2015-09-30,3.990000009536743,4.0300002098083505,3.920000076293945,4.0300002098083505,4.0300002098083505,26500.0,CEMI
2015-09-30,11.68000030517578,11.949999809265135,11.489999771118164,11.670000076293945,6.0206499099731445,239100.0,CEN
2015-09-30,15.5,15.619999885559082,15.0,15.470000267028807,15.470000267028807,190100.0,CENT
2015-09-30,16.270000457763672,16.34000015258789,15.739999771118164,16.110000610351562,16.110000610351562,485600.0,CENTA
2015-09-30,4.480000019073486,4.6599998474121085,4.309999942779541,4.599999904632568,4.599999904632568,3205400.0,CENX
2015-09-30,102.01000213623048,103.33000183105469,101.4499969482422,103.08000183105469,85.4140396118164,466400.0,CEO
2015-09-30,23.60000038146973,24.70000076293945,22.200000762939453,22.79999923706055,14.139177322387695,914700.0,CEQP
2015-09-30,59.9900016784668,61.27999877929688,59.52000045776367,59.959999084472656,59.50708389282226,3379000.0,CERN
2015-09-30,4.579999923706055,4.619999885559082,4.429999828338623,4.539999961853027,4.539999961853027,741800.0,CERS
2015-09-30,19.68000030517578,19.81999969482422,19.68000030517578,19.76000022888184,16.828754425048828,5600.0,CET
2015-09-30,2.1400001049041752,2.1700000762939453,2.059999942779541,2.1600000858306885,2.1600000858306885,315300.0,CETV
2015-09-30,28.920000076293945,29.1200008392334,26.68000030517578,27.440000534057614,27.273696899414066,17200.0,CETX
2015-09-30,13.0600004196167,13.15999984741211,13.010000228881836,13.119999885559082,10.85330295562744,6800.0,CEV
2015-09-30,18.309999465942386,18.690000534057614,18.25,18.56999969482422,18.56999969482422,166500.0,CEVA
2015-09-30,44.86999893188477,45.52999877929688,43.97999954223633,44.900001525878906,38.17853546142578,3822400.0,CF
2015-09-30,0.045000001788139336,0.05000000074505806,0.045000001788139336,0.05000000074505806,0.05000000074505806,42000.0,CFB
2015-09-30,7.40331506729126,7.40331506729126,7.40331506729126,7.40331506729126,7.40331506729126,0.0,CFBK
2015-09-30,36.099998474121094,36.47999954223633,36.099998474121094,36.47999954223633,32.0343017578125,1300.0,CFFI
2015-09-30,12.1899995803833,12.220000267028807,12.06999969482422,12.119999885559082,8.970149040222168,621900.0,CFFN
2015-09-30,23.65999984741211,25.229999542236328,23.38999938964844,23.86000061035156,21.289525985717773,5608500.0,CFG
2015-09-30,18.729999542236328,18.979999542236328,17.639999389648438,18.059999465942386,18.059999465942386,1930400.0,CFMS
2015-09-30,63.5,63.7400016784668,62.95000076293945,63.58000183105469,55.98147583007813,425400.0,CFR
2015-09-30,42.5,44.70000076293945,40.0,44.5,44.5,5900.0,CFRX
2015-09-30,29.82999992370605,30.020000457763672,29.520000457763672,29.90999984741211,29.90999984741211,1847800.0,CFX
2015-09-30,17.09000015258789,17.110000610351562,16.600000381469727,16.799999237060547,11.98050308227539,885700.0,CG
2015-09-30,20.040000915527344,21.0,19.799999237060547,20.520000457763672,20.520000457763672,2600.0,CGA
2015-09-30,1.1799999475479126,1.256999969482422,1.1799999475479126,1.2100000381469729,1.2100000381469729,22000.0,CGC
2015-09-30,4.829999923706055,5.199999809265137,4.829999923706055,5.170000076293945,5.170000076293945,167600.0,CGEN
2015-09-30,247.8000030517578,249.3000030517578,227.1000061035156,234.6000061035156,234.6000061035156,3100.0,CGIX
2015-09-30,16.78499984741211,17.229999542236328,16.75,17.184999465942386,16.830110549926758,1330200.0,CGNX
2015-09-30,11.130000114440918,11.25,11.130000114440918,11.149999618530273,7.185526371002197,53500.0,CGO
2015-09-30,48.13999938964844,48.59000015258789,47.93999862670898,48.56000137329102,43.17004013061523,38600.0,CHA
2015-09-30,4.199999809265137,4.199999809265137,3.3499999046325684,3.539999961853028,3.539999961853028,5600.0,CHCI
2015-09-30,49.47000122070313,49.47000122070313,48.81999969482422,49.29999923706055,42.82367706298828,44500.0,CHCO
2015-09-30,16.180000305175778,16.299999237060547,15.609999656677244,15.899999618530273,12.145862579345705,120400.0,CHCT
2015-09-30,42.584999084472656,43.0,41.89500045776367,41.95000076293945,38.62346267700195,3490200.0,CHD
2015-09-30,44.0099983215332,44.7066650390625,43.83333206176758,44.60333251953125,43.122642517089844,280800.0,CHDN
2015-09-30,134.25,135.14999389648438,131.77000427246094,133.47000122070312,130.32308959960938,261800.0,CHE
2015-09-30,14.15999984741211,14.380000114440918,14.079999923706055,14.15999984741211,14.15999984741211,87300.0,CHEF
2015-09-30,30.0,33.47999954223633,29.399999618530273,33.47999954223633,33.47999954223633,100.0,CHEK
2015-09-30,18312.0,18480.0,16800.0,18480.0,18480.0,0.0,CHFS
2015-09-30,7.1500000953674325,7.25,7.0999999046325675,7.210000038146973,7.210000038146973,469100.0,CHGG
2015-09-30,46.93999862670898,47.77999877929688,46.86999893188477,47.6500015258789,44.95342254638672,236900.0,CHH
2015-09-30,9.869999885559082,9.920000076293944,9.800000190734863,9.890000343322754,6.243618965148926,398000.0,CHI
2015-09-30,6.880000114440918,7.329999923706055,6.8400001525878915,7.329999923706055,7.329999923706055,18241500.0,CHK
2015-09-30,79.23999786376953,79.69999694824219,77.62999725341797,79.33000183105469,79.33000183105469,1291400.0,CHKP
2015-09-30,59.59000015258789,60.709999084472656,58.97999954223633,59.5,51.10615539550781,824200.0,CHL
2015-09-30,19.020000457763672,20.45800018310547,17.129999160766598,19.8799991607666,19.8799991607666,1874200.0,CHMA
2015-09-30,28.479999542236328,28.5,28.03000068664551,28.03000068664551,24.692785263061523,900.0,CHMG
2015-09-30,15.15999984741211,15.350000381469727,14.9399995803833,15.229999542236328,9.131814956665039,31300.0,CHMI
2015-09-30,15.9399995803833,16.049999237060547,15.84000015258789,15.90999984741211,12.441761016845705,26900.0,CHN
2015-09-30,1.5299999713897705,1.5299999713897705,1.3400000333786009,1.5199999809265137,1.5199999809265137,7200.0,CHNR
2015-09-30,20.149999618530273,20.959999084472656,19.790000915527344,20.040000915527344,20.040000915527344,249400.0,CHRS
2015-09-30,67.58000183105469,68.36000061035156,67.41000366210939,67.77999877929689,60.8731918334961,2064200.0,CHRW
2015-09-30,15.739999771118164,15.789999961853027,15.43000030517578,15.729999542236328,12.276238441467285,1788400.0,CHS
2015-09-30,26.68000030517578,26.709999084472656,26.5,26.5,19.53564453125,63000.0,CHSCL
2015-09-30,25.96999931335449,26.27700042724609,25.90999984741211,25.90999984741211,19.47373962402344,40400.0,CHSCM
2015-09-30,26.790000915527344,26.790000915527344,26.540000915527344,26.559999465942386,19.831674575805664,18100.0,CHSCN
2015-09-30,28.5,28.5,28.270000457763672,28.270000457763672,20.668027877807614,14500.0,CHSCO
2015-09-30,30.70000076293945,30.70000076293945,29.8799991607666,29.8799991607666,22.16722297668457,15300.0,CHSCP
2015-09-30,30.13999938964844,30.270000457763672,30.06999969482422,30.21999931335449,25.329444885253906,429600.0,CHT
2015-09-30,169.0,176.25,169.0,175.85000610351562,175.85000610351562,2218300.0,CHTR
2015-09-30,12.789999961853027,12.920000076293945,12.68000030517578,12.770000457763672,12.18123722076416,664900.0,CHU
2015-09-30,27.34000015258789,28.940000534057614,27.28000068664551,28.399999618530273,28.399999618530273,345900.0,CHUY
2015-09-30,6.920000076293945,7.039999961853027,6.889999866485597,6.960000038146973,4.320338726043701,375000.0,CHW
2015-09-30,10.779999732971193,10.920000076293944,10.779999732971193,10.869999885559082,6.870930194854736,335300.0,CHY
2015-09-30,133.19000244140622,135.91000366210938,133.19000244140622,135.02000427246094,134.85392761230472,1964500.0,CI
2015-09-30,7.369999885559082,7.489999771118164,7.329999923706055,7.420000076293945,7.420000076293945,101200.0,CIA
2015-09-30,31.95000076293945,32.360000610351555,31.95000076293945,32.200000762939446,27.94461441040039,164300.0,CIB
2015-09-30,5.199999809265137,5.599999904632568,5.099999904632568,5.599999904632568,5.599999904632568,9100.0,CIDM
2015-09-30,20.549999237060547,20.799999237060547,20.31999969482422,20.71999931335449,20.71999931335449,2755500.0,CIEN
2015-09-30,2.289999961853028,2.289999961853028,2.2699999809265137,2.2699999809265137,1.4545434713363647,27300.0,CIF
2015-09-30,1.7300000190734863,1.809999942779541,1.7100000381469729,1.7799999713897705,1.3097144365310671,7325200.0,CIG
2015-09-30,41.52999877929688,41.52999877929688,40.25,40.59000015258789,40.24678039550781,41300.0,CIGI
2015-09-30,285.0,285.0,285.0,285.0,285.0,0.0,CIH
2015-09-30,13.020000457763672,13.140000343322756,12.989999771118164,13.130000114440918,9.575807571411133,258500.0,CII
2015-09-30,2.809999942779541,2.8299999237060547,2.799999952316284,2.8299999237060547,1.9209965467453003,190400.0,CIK
2015-09-30,13.300000190734865,13.449999809265135,13.1899995803833,13.369999885559082,7.491780757904053,2503300.0,CIM
2015-09-30,53.6500015258789,53.88999938964844,53.31000137329102,53.79999923706055,47.03633117675781,776300.0,CINF
2015-09-30,19.729999542236328,20.649999618530273,19.530000686645508,19.61000061035156,13.254243850708008,120400.0,CINR
2015-09-30,11.1899995803833,11.380000114440918,11.109999656677246,11.359999656677244,8.06658935546875,33000.0,CIO
2015-09-30,40.91999816894531,41.18000030517578,40.0099983215332,40.11999893188477,39.84969711303711,101000.0,CIR
2015-09-30,40.099998474121094,40.27999877929688,39.43000030517578,40.02999877929688,36.55871963500977,1338900.0,CIT
2015-09-30,10.0,10.229999542236328,10.0,10.130000114440918,9.422769546508787,7400.0,CIVB
2015-09-30,10.760000228881836,10.989999771118164,10.760000228881836,10.989999771118164,10.191354751586914,1500.0,CIX
2015-09-30,22.1299991607666,22.299999237060547,21.540000915527344,22.25,18.295448303222656,8000.0,CIZN
2015-09-30,1.7100000381469729,1.8200000524520876,1.7100000381469729,1.8200000524520876,1.8200000524520876,1200.0,CJJD
2015-09-30,58.02708053588867,58.04642105102539,57.021278381347656,57.84332656860352,57.84332656860352,233700.0,CKH
2015-09-30,11.149999618530273,11.149999618530273,10.760000228881836,10.760000228881836,10.546751022338867,3900.0,CKX
2015-09-30,63.65999984741211,63.9900016784668,63.09000015258789,63.459999084472656,57.11535263061523,3529400.0,CL
2015-09-30,6.360000133514403,6.460000038146973,6.239999771118164,6.28000020980835,6.187935829162598,150000.0,CLAR
2015-09-30,98.5500030517578,99.9499969482422,96.5,99.8000030517578,87.78968048095703,1045600.0,CLB
2015-09-30,15.399999618530273,15.699999809265135,14.699999809265135,14.899999618530273,14.899999618530273,23400.0,CLBS
2015-09-30,14.81999969482422,15.100000381469727,14.699999809265135,15.079999923706055,11.850531578063965,32600.0,CLCT
2015-09-30,14.3100004196167,14.3100004196167,14.3100004196167,14.3100004196167,12.978555679321287,1000.0,CLDB
2015-09-30,21.229999542236328,21.479999542236328,20.940000534057614,21.479999542236328,15.986538887023926,317700.0,CLDT
2015-09-30,160.9499969482422,167.6999969482422,152.6999969482422,158.10000610351562,158.10000610351562,154200.0,CLDX
2015-09-30,2.4100000858306885,2.5899999141693115,2.390000104904175,2.440000057220459,2.3311989307403564,3620100.0,CLF
2015-09-30,13.550000190734865,13.5600004196167,13.199999809265135,13.43000030517578,13.43000030517578,51500.0,CLFD
2015-09-30,37.16999816894531,37.349998474121094,36.77999877929688,37.22999954223633,37.04401779174805,359300.0,CLGX
2015-09-30,43.81999969482422,44.06999969482422,43.63000106811523,43.97000122070313,43.97000122070313,368800.0,CLH
2015-09-30,19.200000762939453,19.26000022888184,18.46999931335449,18.8799991607666,16.111930847167972,2091200.0,CLI
2015-09-30,5.489999771118164,6.320000171661378,5.329999923706055,6.190000057220459,6.190000057220459,122100.0,CLIR
2015-09-30,27.309999465942386,27.309999465942386,26.03000068664551,26.36000061035156,26.36000061035156,161400.0,CLLS
2015-09-30,15.40999984741211,15.920000076293945,15.40999984741211,15.720000267028807,6.079392433166504,156900.0,CLM
2015-09-30,22.82999992370605,24.479999542236328,22.82999992370605,24.28000068664551,22.77989959716797,403800.0,CLMT
2015-09-30,4.300000190734863,4.639999866485597,4.269999980926514,4.5,4.5,1154400.0,CLNE
2015-09-30,13.800000190734865,14.369999885559082,13.5,14.359999656677244,8.010428428649902,2780000.0,CLNY
2015-09-30,28.31999969482422,29.239999771118164,27.989999771118164,28.96999931335449,28.87371253967285,3275100.0,CLR
2015-09-30,200.0,200.0,195.0,197.0,197.0,0.0,CLRB
2015-09-30,11.899999618530273,11.960000038146973,11.649999618530273,11.779999732971193,11.050426483154297,38600.0,CLRO
2015-09-30,12.670000076293945,12.899999618530273,12.619999885559082,12.890000343322756,12.890000343322756,190400.0,CLS
2015-09-30,35.20000076293945,35.20000076293945,35.20000076293945,35.20000076293945,35.20000076293945,0.0,CLSK
2015-09-30,24.63999938964844,24.63999938964844,22.81999969482422,23.3799991607666,23.3799991607666,14700.0,CLSN
2015-09-30,2.630000114440918,2.650000095367432,2.5,2.630000114440918,2.630000114440918,17500.0,CLUB
2015-09-30,91.7699966430664,94.76000213623048,89.41999816894531,91.95999908447266,91.95999908447266,1162000.0,CLVS
2015-09-30,47.65999984741211,47.75,46.290000915527344,47.2400016784668,47.2400016784668,183800.0,CLW
2015-09-30,2.4100000858306885,2.5999999046325684,2.4100000858306885,2.5999999046325684,2.1036362648010254,3600.0,CLWT
2015-09-30,115.51000213623048,116.19000244140624,115.25,115.52999877929688,102.77151489257812,1274700.0,CLX
2015-09-30,70.48999786376953,72.06999969482422,70.47000122070312,71.95999908447266,52.55266189575195,307800.0,CM
2015-09-30,41.2599983215332,41.43000030517578,40.54999923706055,41.099998474121094,36.61134719848633,2496400.0,CMA
2015-09-30,13.65999984741211,13.670000076293945,13.350000381469727,13.550000190734865,12.043609619140625,912000.0,CMC
2015-09-30,2.9500000476837163,2.9500000476837163,2.9500000476837163,2.9500000476837163,2.5891187191009517,100.0,CMCL
2015-09-30,14.210000038146973,15.199999809265135,14.020000457763672,14.460000038146973,12.762816429138185,1911200.0,CMCM
2015-09-30,18.149999618530273,18.520000457763672,18.040000915527344,18.15999984741211,17.621158599853516,61500.0,CMCO
2015-09-30,27.82999992370605,28.48500061035156,27.770000457763672,28.440000534057614,25.9838924407959,24205400.0,CMCSA
2015-09-30,55.13999938964844,55.13999938964844,54.93000030517578,55.11000061035156,29.42392921447754,600.0,CMCT
2015-09-30,55.18000030517578,57.2599983215332,54.72000122070313,56.70000076293945,56.10747909545898,292100.0,CMD
2015-09-30,91.36000061035156,92.80999755859376,90.44000244140624,92.73999786376952,76.8443374633789,1421600.0,CME
2015-09-30,714.8900146484375,720.7100219726562,710.0,720.25,720.25,355400.0,CMG
2015-09-30,109.0199966430664,109.37999725341795,106.6999969482422,108.58000183105469,94.5253677368164,2377800.0,CMI
2015-09-30,9.9399995803833,9.989999771118164,9.710000038146973,9.890000343322754,6.9332146644592285,1844500.0,CMO
2015-09-30,78.30000305175781,78.69000244140625,77.12999725341797,78.37000274658203,63.98052597045898,275900.0,CMP
2015-09-30,75.95999908447266,77.5199966430664,75.66999816894531,76.11000061035156,76.11000061035156,475100.0,CMPR
2015-09-30,11.8100004196167,12.760000228881836,11.739999771118164,12.270000457763672,8.613053321838379,238600.0,CMRE
2015-09-30,37.18999862670898,38.7400016784668,36.59000015258789,38.20000076293945,38.20000076293945,662100.0,CMRX
2015-09-30,34.68000030517578,35.349998474121094,34.509998321533196,35.31999969482422,30.98210334777832,2784000.0,CMS
2015-09-30,18.68000030517578,18.920000076293945,17.370000839233402,18.450000762939453,18.248804092407227,67300.0,CMT
2015-09-30,21.459999084472656,21.459999084472656,20.299999237060547,20.61000061035156,17.726194381713867,450200.0,CMTL
2015-09-30,4.349999904632568,4.369999885559082,4.3400001525878915,4.369999885559082,3.397957801818848,109600.0,CMU
2015-09-30,34.509998321533196,34.959999084472656,34.509998321533196,34.93000030517578,29.65559387207031,173700.0,CNA
2015-09-30,4.599999904632568,4.650000095367432,4.2800002098083505,4.449999809265137,4.449999809265137,541800.0,CNAT
2015-09-30,40.77000045776367,40.77000045776367,40.75,40.7599983215332,39.3909797668457,2700.0,CNBKA
2015-09-30,26.95499992370605,27.84499931335449,26.84499931335449,27.114999771118164,27.114999771118164,3949800.0,CNC
2015-09-30,17.989999771118164,18.86000061035156,17.8799991607666,18.770000457763672,18.770000457763672,498000.0,CNCE
2015-09-30,2.174999952316284,2.2249999046325684,2.025000095367432,2.075000047683716,2.075000047683716,7000.0,CNET
2015-09-30,0.023000000044703484,0.023000000044703484,0.023000000044703484,0.023000000044703484,0.023000000044703484,0.0,CNF
2015-09-30,9.960000038146973,9.960000038146973,9.75,9.75,9.75,53600.0,CNFR
2015-09-30,6.46999979019165,6.519999980926514,6.440000057220459,6.519999980926514,6.116606712341309,964100.0,CNHI
2015-09-30,56.04999923706055,56.77000045776367,55.7400016784668,56.7599983215332,51.15984344482422,1771300.0,CNI
2015-09-30,31.899999618530273,32.59999847412109,31.85000038146973,32.490001678466804,27.873401641845703,643600.0,CNK
2015-09-30,47.52999877929688,48.06999969482422,47.22999954223633,47.7400016784668,44.80742645263672,180200.0,CNMD
2015-09-30,18.959999084472656,19.030000686645508,18.61000061035156,18.809999465942386,17.188047409057614,1863000.0,CNO
2015-09-30,19.01000022888184,19.36000061035156,18.959999084472656,19.299999237060547,18.077367782592773,202700.0,CNOB
2015-09-30,17.639999389648438,18.049999237060547,17.569999694824222,18.040000915527344,14.869427680969238,3367400.0,CNP
2015-09-30,19.63999938964844,19.90999984741211,19.06999969482422,19.450000762939453,15.738991737365724,4606000.0,CNQ
2015-09-30,10.25,10.619999885559082,10.199999809265137,10.56999969482422,10.56999969482422,347700.0,CNR
2015-09-30,27.1299991607666,27.84000015258789,26.8799991607666,27.45000076293945,23.468690872192386,247300.0,CNS
2015-09-30,19.34000015258789,19.3799991607666,19.049999237060547,19.270000457763672,13.314780235290527,340100.0,CNSL
2015-09-30,5.8499999046325675,6.179999828338622,5.639999866485597,6.1500000953674325,6.1500000953674325,29300.0,CNTY
2015-09-30,7.9749999046325675,8.316666603088379,7.7750000953674325,8.166666984558105,8.145415306091309,7985000.0,CNX
2015-09-30,9.210000038146973,9.93000030517578,9.210000038146973,9.93000030517578,7.086510181427003,202800.0,CNXM
2015-09-30,19.940000534057614,20.799999237060547,19.809999465942386,20.729999542236328,19.527482986450195,171200.0,CNXN
2015-09-30,6.019999980926514,6.079999923706055,5.920000076293945,6.019999980926514,5.899876117706299,231000.0,CO
2015-09-30,18.600000381469727,19.200000762939453,17.700000762939453,19.200000762939453,19.200000762939453,4200.0,COCP
2015-09-30,1.3300000429153442,1.3300000429153442,1.3300000429153442,1.3300000429153442,1.3300000429153442,700.0,CODA
2015-09-30,16.100000381469727,16.209999084472653,15.869999885559082,16.120000839233402,11.11068344116211,135400.0,CODI
2015-09-30,72.72000122070312,72.86000061035156,71.76000213623047,72.5199966430664,65.84416198730469,2689600.0,COF
2015-09-30,21.33333396911621,21.57823181152344,20.861677169799805,20.861677169799805,17.93382453918457,4500.0,COFS
2015-09-30,21.75,22.030000686645508,21.31999969482422,21.86000061035156,20.886716842651367,5750900.0,COG
2015-09-30,15.0,15.0,14.199999809265135,14.899999618530273,11.175751686096193,0.0,COHN
2015-09-30,54.599998474121094,55.1500015258789,54.38999938964844,54.70000076293945,54.70000076293945,117500.0,COHR
2015-09-30,9.59000015258789,9.970000267028807,9.59000015258789,9.859999656677246,9.222167015075684,97800.0,COHU
2015-09-30,195.6499938964844,199.8699951171875,192.91000366210938,193.3800048828125,188.9575500488281,131600.0,COKE
2015-09-30,31.03000068664551,31.290000915527344,30.65999984741211,31.209999084472656,26.40472984313965,216500.0,COLB
2015-09-30,19.770000457763672,22.18000030517578,19.280000686645508,22.11000061035156,22.11000061035156,302000.0,COLL
2015-09-30,59.68999862670898,60.29999923706055,58.22000122070313,58.790000915527344,55.82258987426758,185400.0,COLM
2015-09-30,29.53000068664551,30.13999938964844,29.31999969482422,30.03000068664551,30.03000068664551,1351600.0,COMM
2015-09-30,32.310001373291016,32.84000015258789,32.200000762939446,32.65999984741211,28.220176696777344,928800.0,CONE
2015-09-30,24.45000076293945,24.479999542236328,23.78000068664551,24.040000915527344,24.040000915527344,358000.0,CONN
2015-09-30,147.1199951171875,149.8000030517578,145.22999572753906,148.86000061035156,148.6767578125,865700.0,COO
2015-09-30,32.15999984741211,32.15999984741211,30.60000038146973,31.20000076293945,31.20000076293945,19300.0,COOP
2015-09-30,46.91999816894531,48.0,46.9000015258789,47.959999084472656,43.053199768066406,8814400.0,COP
2015-09-30,50.97000122070313,51.45000076293945,50.63000106811523,51.43999862670898,43.41832733154297,257400.0,COR
2015-09-30,33.470001220703125,33.60499954223633,32.685001373291016,32.72499847412109,30.887651443481445,523200.0,CORE
2015-09-30,21.950000762939453,22.299999237060547,21.850000381469727,22.100000381469727,14.802037239074707,72500.0,CORR
2015-09-30,3.609999895095825,3.829999923706055,3.5699999332427983,3.759999990463257,3.759999990463257,590500.0,CORT
2015-09-30,8.5,8.739999771118164,8.350000381469728,8.439999580383299,8.439999580383299,29300.0,CORV
2015-09-30,143.5399932861328,144.9499969482422,142.88999938964844,144.57000732421875,132.43359375,2549200.0,COST
2015-09-30,26.059999465942386,27.11000061035156,26.01000022888184,27.059999465942386,23.53734588623047,1642000.0,COTY
2015-09-30,25.18000030517578,25.420000076293945,24.790000915527344,24.790000915527344,24.790000915527344,3200.0,COW
2015-09-30,18.280000686645508,18.36000061035156,17.440000534057614,18.239999771118164,2.6457245349884038,261600.0,COWN
2015-09-30,141.05999755859375,143.64999389648438,140.72000122070312,143.57000732421875,135.02320861816406,2016000.0,CP
2015-09-30,42.209999084472656,43.47999954223633,41.47000122070313,41.93000030517578,36.52251434326172,905800.0,CPA
2015-09-30,6.0999999046325675,6.139999866485597,5.889999866485597,5.96999979019165,4.548130989074707,30800.0,CPAC
2015-09-30,3.900000095367432,4.099999904632568,3.5,4.0,4.0,2100.0,CPAH
2015-09-30,51.0,51.22000122070313,50.43000030517578,50.68000030517578,44.19475173950195,1882300.0,CPB
2015-09-30,6.860000133514403,7.300000190734862,6.78000020980835,7.289999961853027,7.289999961853027,3693000.0,CPE
2015-09-30,21.040000915527344,21.1299991607666,20.649999618530273,20.96999931335449,18.55413627624512,413400.0,CPF
2015-09-30,11.220000267028807,11.600000381469727,11.06999969482422,11.43000030517578,9.280529022216797,601500.0,CPG
2015-09-30,9.960000038146973,9.960000038146973,9.300000190734863,9.720000267028807,8.861700057983398,800.0,CPHC
2015-09-30,0.20000000298023224,0.20000000298023224,0.1899999976158142,0.20000000298023224,0.20000000298023224,19500.0,CPHI
2015-09-30,5.599999904632568,5.829999923706055,5.599999904632568,5.769999980926514,5.769999980926514,16400.0,CPIX
2015-09-30,52.099998474121094,53.36000061035156,51.61999893188477,53.08000183105469,48.94583511352539,73100.0,CPK
2015-09-30,42.209999084472656,44.099998474121094,41.650001525878906,43.11999893188477,26.353551864624023,79600.0,CPLP
2015-09-30,41.15999984741211,42.290000915527344,40.93000030517578,42.2400016784668,42.2400016784668,2534000.0,CPRI
2015-09-30,16.850000381469727,16.915000915527347,16.424999237060547,16.450000762939453,16.450000762939453,1920600.0,CPRT
2015-09-30,3.150000095367432,3.190000057220459,2.9300000667572017,3.0,3.0,1554400.0,CPRX
2015-09-30,57.849998474121094,58.88000106811523,57.72000122070313,58.0,58.0,104500.0,CPS
2015-09-30,2.200000047683716,2.299999952316284,2.200000047683716,2.289999961853028,2.289999961853028,16100.0,CPSH
2015-09-30,42.02999877929688,42.25,41.86000061035156,42.13000106811523,37.20949935913086,156500.0,CPSI
2015-09-30,5.050000190734863,5.139999866485597,4.869999885559082,4.980000019073486,4.980000019073486,85400.0,CPSS
2015-09-30,68.0,70.0,66.0,68.0,68.0,2400.0,CPST
2015-09-30,73.63999938964844,74.12999725341797,73.30999755859375,73.9000015258789,60.25497817993164,992300.0,CPT
2015-09-30,12.56999969482422,13.149999618530273,12.56999969482422,12.970000267028807,7.122313022613525,122700.0,CPTA
2015-09-30,26.239999771118164,26.690000534057614,25.3799991607666,26.34000015258789,19.993297576904297,587600.0,CQP
2015-09-30,46.2400016784668,46.75,45.90999984741211,46.61000061035156,42.51776885986328,295700.0,CR
2015-09-30,21.459999084472656,21.670000076293945,21.170000076293945,21.57999992370605,20.382078170776367,37600.0,CRAI
2015-09-30,1.6000000238418581,1.6000000238418581,1.4490000009536743,1.5700000524520874,1.5700000524520874,206500.0,CRBP
2015-09-30,24.10000038146973,26.399999618530273,22.60000038146973,26.0,26.0,440700.0,CRC
2015-09-30,24.209999084472656,24.540000915527344,23.65999984741211,24.229999542236328,24.229999542236328,2293400.0,CREE
2015-09-30,4.800000190734863,5.0,4.800000190734863,5.0,5.0,1000.0,CREG
2015-09-30,9.479999542236328,9.859999656677246,9.34000015258789,9.779999732971193,9.585869789123537,47300.0,CRESY
2015-09-30,6.0,6.9000000953674325,6.0,6.9000000953674325,6.9000000953674325,1100.0,CREX
2015-09-30,15.59000015258789,16.09000015258789,15.59000015258789,16.069999694824222,6.34867525100708,67900.0,CRF
2015-09-30,26.25,26.540000915527344,26.10000038146973,26.540000915527344,23.56113624572754,596000.0,CRH
2015-09-30,3.2000000476837163,3.3299999237060547,3.1600000858306885,3.2000000476837163,3.2000000476837163,32500.0,CRHM
2015-09-30,88.5,90.86000061035156,88.19000244140625,90.63999938964844,83.86222076416016,585800.0,CRI
2015-09-30,9.600000381469727,10.25,9.449999809265137,10.100000381469727,10.100000381469727,90300.0,CRIS
2015-09-30,9.300000190734863,10.449999809265137,8.550000190734862,9.550000190734863,9.550000190734863,297800.0,CRK
2015-09-30,63.54999923706055,64.48000335693361,62.20000076293945,63.52000045776367,63.52000045776367,536000.0,CRL
2015-09-30,69.08000183105469,69.62000274658203,67.81999969482422,69.43000030517578,69.43000030517578,4080100.0,CRM
2015-09-30,9.300000190734863,10.100000381469727,9.149999618530273,9.949999809265137,9.949999809265137,105900.0,CRMD
2015-09-30,33.240001678466804,33.939998626708984,32.630001068115234,33.09000015258789,33.09000015258789,41200.0,CRMT
2015-09-30,1.5700000524520874,1.5700000524520874,1.5399999618530271,1.559999942779541,1.559999942779541,144900.0,CRNT
2015-09-30,64.43000030517578,64.61000061035156,64.33999633789061,64.52999877929689,64.52999877929689,1400.0,CROC
2015-09-30,12.65999984741211,13.380000114440918,12.520000457763672,12.93000030517578,12.93000030517578,4249000.0,CROX
2015-09-30,30.15999984741211,30.239999771118164,29.29999923706055,29.770000457763672,27.52107810974121,483200.0,CRS
2015-09-30,15.56999969482422,15.949999809265135,15.300000190734865,15.479999542236328,10.596056938171387,16900.0,CRT
2015-09-30,37.27999877929688,38.88000106811523,36.86999893188477,37.540000915527344,37.540000915527344,666700.0,CRTO
2015-09-30,30.81999969482422,31.63999938964844,30.399999618530273,31.51000022888184,31.51000022888184,2368700.0,CRUS
2015-09-30,33.389999389648445,33.61999893188477,32.139999389648445,32.299999237060554,32.299999237060554,84200.0,CRVL
2015-09-30,8.189999580383299,8.25,8.109999656677246,8.199999809265138,5.882156848907472,5800.0,CRWS
2015-09-30,9.970000267028807,9.970000267028807,9.699999809265137,9.729999542236328,9.702435493469238,108500.0,CRY
2015-09-30,23.96999931335449,24.059999465942386,23.79999923706055,24.03000068664551,19.798940658569336,1089600.0,CS
2015-09-30,5.349999904632568,5.349999904632568,5.349999904632568,5.349999904632568,5.349999904632568,0.0,CSBR
2015-09-30,26.0,26.3799991607666,25.8799991607666,26.25,22.76481628417969,32093700.0,CSCO
2015-09-30,14.949999809265135,15.0,14.56999969482422,14.699999809265135,13.859735488891602,294800.0,CSFL
2015-09-30,165.86000061035156,174.58999633789062,165.86000061035156,173.05999755859375,173.05999755859375,301100.0,CSGP
2015-09-30,30.46999931335449,30.8700008392334,30.20000076293945,30.79999923706055,28.23466873168945,253900.0,CSGS
2015-09-30,15.119999885559082,16.0,15.0600004196167,15.84000015258789,15.84000015258789,477500.0,CSII
2015-09-30,16.190000534057614,16.719999313354492,16.120000839233402,16.620000839233402,16.620000839233402,1606800.0,CSIQ
2015-09-30,87.55999755859375,87.94999694824219,86.94000244140625,87.37999725341797,82.24991607666016,850300.0,CSL
2015-09-30,4.0300002098083505,4.269999980926514,4.0300002098083505,4.199999809265137,4.199999809265137,974700.0,CSLT
2015-09-30,33.06999969482422,33.439998626708984,32.36999893188477,33.0,33.0,1130100.0,CSOD
2015-09-30,5.5900001525878915,5.760000228881836,5.309999942779541,5.46999979019165,4.384962081909181,1800.0,CSPI
2015-09-30,9.260000228881836,9.350000381469727,9.199999809265137,9.289999961853027,6.264772891998291,435500.0,CSQ
2015-09-30,29.60000038146973,31.10000038146973,29.149999618530273,30.399999618530273,29.192325592041016,1877600.0,CSTE
2015-09-30,6.480000019073486,6.5900001525878915,6.039999961853027,6.059999942779541,6.059999942779541,1200000.0,CSTM
2015-09-30,19.59000015258789,20.190000534057614,19.36000061035156,20.049999237060547,20.049999237060547,565100.0,CSU
2015-09-30,21.0,21.82999992370605,21.0,21.59000015258789,20.59979057312012,184800.0,CSV
2015-09-30,47.599998474121094,47.83000183105469,46.77999877929688,47.4000015258789,32.64862823486328,129800.0,CSWC
2015-09-30,30.0,30.0,30.0,30.0,29.7683219909668,200.0,CSWI
2015-09-30,26.35000038146973,27.0,26.26000022888184,26.899999618530273,24.883005142211914,12728300.0,CSX
2015-09-30,8.557999610900879,8.557999610900879,8.557999610900879,8.557999610900879,7.06773042678833,0.0,CTAA
2015-09-30,85.44999694824219,86.33999633789062,84.76000213623047,85.75,81.06620788574219,849000.0,CTAS
2015-09-30,38.68999862670898,39.59000015258789,38.5099983215332,39.5099983215332,37.25432968139648,736800.0,CTB
2015-09-30,35.29999923706055,35.81999969482422,35.06999969482422,35.5099983215332,30.650150299072266,34800.0,CTBI
2015-09-30,2.970000028610229,2.970000028610229,2.880000114440918,2.970000028610229,2.970000028610229,1100.0,CTEK
2015-09-30,6.329999923706055,6.329999923706055,6.1599998474121085,6.190000057220459,5.911026477813722,21400.0,CTG
2015-09-30,1.309999942779541,1.3200000524520874,1.2100000381469729,1.3200000524520874,1.3200000524520874,15700.0,CTHR
2015-09-30,3.7000000476837163,3.75,3.7000000476837163,3.75,3.75,2200.0,CTIB
2015-09-30,14.300000190734865,14.800000190734865,14.300000190734865,14.600000381469727,14.600000381469727,206500.0,CTIC
2015-09-30,10.0,10.0,10.0,10.0,10.0,15000.0,CTK
2015-09-30,24.90999984741211,25.229999542236328,24.82999992370605,25.1200008392334,16.398685455322266,5522900.0,CTL
2015-09-30,24.8700008392334,25.20000076293945,24.04999923706055,24.29999923706055,24.29999923706055,1151800.0,CTLT
2015-09-30,50.36999893188477,50.4900016784668,49.5,49.79999923706055,48.63771057128906,18100.0,CTO
2015-09-30,13.869999885559082,14.43000030517578,13.470000267028807,13.75,8.754392623901367,571100.0,CTR
2015-09-30,8.699999809265138,11.100000381469727,8.399999618530272,10.800000190734863,10.800000190734863,62400.0,CTRC
2015-09-30,11.270000457763672,11.399999618530273,11.130000114440918,11.350000381469727,8.969213485717773,479600.0,CTRE
2015-09-30,23.45000076293945,23.86000061035156,22.88999938964844,23.3799991607666,21.774118423461914,141600.0,CTRN
2015-09-30,18.530000686645508,18.59000015258789,18.270000457763672,18.51000022888184,17.961204528808594,94400.0,CTS
2015-09-30,61.5099983215332,62.70000076293945,61.099998474121094,62.61000061035156,60.43461227416992,4033600.0,CTSH
2015-09-30,6.369999885559082,6.519999980926514,6.300000190734862,6.309999942779541,6.309999942779541,39400.0,CTSO
2015-09-30,10.229999542236328,10.43000030517578,10.039999961853027,10.279999732971193,8.245695114135742,221600.0,CTT
2015-09-30,25.46999931335449,25.511999130249023,25.29999923706055,25.29999923706055,18.431983947753906,86300.0,CTV
2015-09-30,25.5,25.5,25.5,25.5,25.5,0.0,CTXR
2015-09-30,54.30801010131836,55.26357650756836,53.86207962036133,55.16802215576172,54.0536994934082,2368800.0,CTXS
2015-09-30,24.18000030517578,24.209999084472656,24.0,24.0,18.182348251342773,115700.0,CTY
2015-09-30,24.899999618530273,24.95000076293945,24.82999992370605,24.95000076293945,18.982147216796875,356000.0,CTZ
2015-09-30,41.7400016784668,42.06999969482422,41.52999877929688,41.93999862670898,40.99017333984375,133600.0,CUB
2015-09-30,7.039999961853027,7.230000019073486,7.0,7.010000228881836,5.170841693878174,32300.0,CUBA
2015-09-30,27.28000068664551,27.479999542236328,27.01000022888184,27.209999084472656,22.873390197753906,3345700.0,CUBE
2015-09-30,25.270000457763672,26.0,25.270000457763672,25.70000076293945,25.70000076293945,250900.0,CUBI
2015-09-30,5.150000095367432,5.199999809265137,5.019999980926514,5.170000076293945,5.170000076293945,70500.0,CUI
2015-09-30,51.959999084472656,52.06000137329102,51.0099983215332,51.72999954223633,44.82003402709961,353500.0,CUK
2015-09-30,31.06999969482422,32.130001068115234,30.739999771118164,32.06999969482422,30.11913108825684,165100.0,CULP
2015-09-30,15.25,15.25,15.25,15.25,15.25,100.0,CUO
2015-09-30,13.109999656677244,13.329999923706055,12.93000030517578,13.079999923706055,13.079999923706055,61600.0,CUTR
2015-09-30,25.913902282714844,26.42201805114746,25.65984535217285,26.026817321777344,24.29585266113281,558000.0,CUZ
2015-09-30,17.290000915527347,17.459999084472653,17.180000305175778,17.450000762939453,12.93663501739502,1165600.0,CVA
2015-09-30,16.729999542236328,16.930000305175778,16.59000015258789,16.700000762939453,14.75830364227295,733300.0,CVBF
2015-09-30,68.73999786376953,68.73999786376953,67.48999786376953,68.08999633789061,68.08999633789061,31500.0,CVCO
2015-09-30,12.100000381469727,12.100000381469727,12.079999923706055,12.100000381469727,11.198820114135742,2300.0,CVCY
2015-09-30,15.34000015258789,15.43000030517578,14.829999923706055,15.15999984741211,13.594796180725098,3148100.0,CVE
2015-09-30,1.5,1.559999942779541,1.4500000476837158,1.4800000190734863,1.4800000190734863,1341700.0,CVEO
2015-09-30,4.0900001525878915,4.230000019073486,4.0,4.0300002098083505,4.0300002098083505,126600.0,CVGI
2015-09-30,45.31999969482422,45.6500015258789,43.68999862670898,44.63999938964844,41.77776718139648,137100.0,CVGW
2015-09-30,39.310001373291016,41.08000183105469,39.310001373291016,41.04999923706055,27.339445114135746,410600.0,CVI
2015-09-30,34.22999954223633,34.509998321533196,33.700000762939446,33.959999084472656,33.959999084472656,651100.0,CVLT
2015-09-30,18.54875373840332,18.54875373840332,18.42176818847656,18.42176818847656,16.47041130065918,600.0,CVLY
2015-09-30,14.5,16.0,14.25,15.0,15.0,7300.0,CVM
2015-09-30,25.29999923706055,25.29999923706055,25.0,25.0,22.03579330444336,1300.0,CVR
2015-09-30,96.33000183105469,96.88999938964844,95.58000183105469,96.4800033569336,85.96549224853516,5904400.0,CVS
2015-09-30,18.100000381469727,18.670000076293945,17.950000762939453,17.969999313354492,17.969999313354492,162600.0,CVTI
2015-09-30,8.75,8.869999885559082,8.699999809265138,8.8100004196167,8.8100004196167,7400.0,CVU
2015-09-30,11.029999732971193,11.210000038146973,10.949999809265137,11.0,11.0,16900.0,CVV
2015-09-30,77.1500015258789,79.0199966430664,77.0,78.87999725341797,65.62541961669922,14108800.0,CVX
2015-09-30,62.4000015258789,63.02999877929688,61.93000030517578,62.41999816894531,60.85046768188477,190000.0,CW
2015-09-30,6.989999771118164,6.989999771118164,6.949999809265138,6.949999809265138,6.3881611824035645,800.0,CWBC
2015-09-30,1.1799999475479126,1.1799999475479126,1.1799999475479126,1.1799999475479126,1.1799999475479126,0.0,CWBR
2015-09-30,11.449999809265135,11.630000114440918,11.420000076293945,11.600000381469727,10.315726280212402,48300.0,CWCO
2015-09-30,11.529999732971193,11.970000267028807,10.789999961853027,11.609999656677244,8.919706344604492,2814700.0,CWEN
2015-09-30,5.8499999046325675,5.880000114440918,5.800000190734862,5.800000190734862,5.800000190734862,105500.0,CWST
2015-09-30,22.1299991607666,22.229999542236328,21.899999618530273,22.1200008392334,20.249948501586914,260900.0,CWT
2015-09-30,6.388683319091798,6.462647914886475,6.21301794052124,6.462647914886475,6.299973487854004,14650600.0,CX
2015-09-30,4.440000057220459,4.440000057220459,4.099999904632568,4.179999828338623,4.179999828338623,172100.0,CXDC
2015-09-30,4.710000038146973,4.75,4.690000057220459,4.75,3.692939758300781,43600.0,CXE
2015-09-30,9.720000267028807,9.829999923706056,9.65999984741211,9.75,7.857877731323242,16500.0,CXH
2015-09-30,97.56999969482422,100.16999816894531,95.77999877929688,98.3000030517578,97.4421157836914,1359600.0,CXO
2015-09-30,23.26000022888184,23.26000022888184,22.93000030517578,23.20000076293945,18.94572257995605,773500.0,CXP
2015-09-30,29.770000457763672,30.059999465942386,29.3700008392334,29.540000915527344,20.100313186645508,950300.0,CXW
2015-09-30,8.399999618530272,8.590000152587889,8.310000419616701,8.520000457763674,7.3890743255615225,8533500.0,CY
2015-09-30,41.13999938964844,44.0,39.060001373291016,41.849998474121094,41.849998474121094,47600.0,CYAD
2015-09-30,5.940000057220459,5.940000057220459,5.940000057220459,5.940000057220459,5.940000057220459,600.0,CYAN
2015-09-30,6.739999771118164,6.739999771118164,6.019999980926514,6.320000171661378,6.320000171661378,9000.0,CYBE
2015-09-30,48.9900016784668,50.23400115966797,47.35300064086914,50.13999938964844,50.13999938964844,1285100.0,CYBR
2015-09-30,6.119999885559082,6.360000133514403,5.880000114440918,6.119999885559082,6.119999885559082,5800.0,CYCC
2015-09-30,4.699999809265137,4.699999809265137,4.699999809265137,4.699999809265137,2.9160025119781494,300.0,CYCCP
2015-09-30,12.270000457763672,12.489999771118164,12.1899995803833,12.369999885559082,9.293097496032717,31100.0,CYD
2015-09-30,34.280990600585945,35.41322326660156,34.19008255004883,35.34710693359375,35.34710693359375,3157600.0,CYH
2015-09-30,17.809999465942386,18.09000015258789,17.25,17.799999237060547,5.918741703033447,67900.0,CYOU
2015-09-30,1.7599999904632568,1.7799999713897705,1.7000000476837158,1.7799999713897705,1.7799999713897705,39500.0,CYRN
2015-09-30,2.359999895095825,2.490000009536743,2.3499999046325684,2.359999895095825,2.359999895095825,28000.0,CYRX
2015-09-30,6.539999961853027,6.75,6.4099998474121085,6.690000057220459,6.690000057220459,532800.0,CYTK
2015-09-30,19.530000686645508,19.700000762939453,19.420000076293945,19.520000457763672,15.918314933776855,21400.0,CZNC
2015-09-30,6.760000228881836,6.869999885559082,5.599999904632568,5.889999866485597,5.889999866485597,2703800.0,CZR
2015-09-30,8.84000015258789,8.84000015258789,8.84000015258789,8.84000015258789,8.200178146362305,600.0,CZWI
2015-09-30,2.9500000476837163,3.0499999523162837,2.809999942779541,2.890000104904175,2.7934842109680176,4138200.0,CZZ
2015-09-30,69.51000213623047,70.47000122070312,69.37999725341797,70.37999725341797,58.15321731567383,2741000.0,D
2015-09-30,87.91999816894531,90.0199966430664,85.12000274658203,85.26000213623047,85.26000213623047,2800.0,DAC
2015-09-30,2.5,2.5,2.289999961853028,2.3299999237060547,2.3299999237060547,11400.0,DAIO
2015-09-30,8.579999923706055,8.720000267028809,8.479999542236326,8.670000076293945,7.398123264312744,230200.0,DAKT
2015-09-30,44.72000122070313,45.040000915527344,43.86000061035156,44.86999893188477,40.67369842529297,9525700.0,DAL
2015-09-30,15.75,15.970000267028807,15.630000114440918,15.880000114440918,14.623690605163574,3076700.0,DAN
2015-09-30,21.26499938964844,21.26499938964844,21.26499938964844,21.26499938964844,21.26499938964844,0.0,DAO
2015-09-30,11.3100004196167,11.399999618530273,11.06999969482422,11.239999771118164,11.239999771118164,1986400.0,DAR
2015-09-30,38.400001525878906,38.400001525878906,35.20000076293945,36.599998474121094,36.599998474121094,4800.0,DARE
2015-09-30,26.979999542236328,27.06999969482422,26.6299991607666,26.959999084472656,25.92607307434082,2413200.0,DB
2015-09-30,29.809999465942386,30.1299991607666,29.43000030517578,29.770000457763672,27.673627853393555,349600.0,DBD
2015-09-30,24.920000076293945,25.45000076293945,24.6299991607666,25.309999465942386,20.854907989501953,1795000.0,DBI
2015-09-30,24.86000061035156,25.040000915527344,24.65999984741211,24.8799991607666,17.074148178100586,68900.0,DBL
2015-09-30,35.9900016784668,36.33000183105469,34.360000610351555,35.59000015258789,35.59000015258789,211800.0,DBVT
2015-09-30,32.400001525878906,37.91999816894531,32.15999984741211,33.11999893188477,33.11999893188477,16400.0,DCAR
2015-09-30,4.0,4.0,3.7999999523162837,3.7999999523162837,3.215829610824585,45860.0,DCF
2015-09-30,26.5,28.20000076293945,26.36000061035156,28.07999992370605,26.004505157470703,2221500.0,DCI
2015-09-30,19.280000686645508,20.26000022888184,19.21999931335449,20.06999969482422,20.06999969482422,54800.0,DCO
2015-09-30,16.950000762939453,16.989999771118164,16.75,16.899999618530273,14.773103713989258,216600.0,DCOM
2015-09-30,22.399999618530273,24.68000030517578,22.3799991607666,24.18000030517578,14.984780311584473,994500.0,DCP
2015-09-30,58.52485275268555,60.63129043579102,58.52485275268555,60.34663772583008,55.01264572143555,25213400.0,DD
2015-09-30,11.100000381469727,11.619999885559082,10.850000381469727,11.550000190734865,11.550000190734865,2917500.0,DDD
2015-09-30,8.350000381469728,8.380000114440918,8.25,8.369999885559082,5.859337329864503,30900.0,DDF
2015-09-30,88.05000305175781,88.58999633789062,86.8499984741211,87.38999938964844,84.9721450805664,694400.0,DDS
2015-09-30,26.479999542236328,26.479999542236328,26.399999618530273,26.440000534057614,19.14694595336914,3300.0,DDT
2015-09-30,74.20999908447266,74.55000305175781,73.37000274658203,74.0,67.12537384033203,3247000.0,DE
2015-09-30,16.030000686645508,16.110000610351562,15.895000457763672,15.949999809265135,12.712746620178224,70400.0,DEA
2015-09-30,58.29999923706055,59.06999969482422,57.2400016784668,58.06000137329102,58.06000137329102,703900.0,DECK
2015-09-30,28.81999969482422,28.96999931335449,28.489999771118164,28.71999931335449,25.465709686279297,1394900.0,DEI
2015-09-30,11.079999923706056,11.229999542236328,10.989999771118164,11.029999732971193,11.029999732971193,501900.0,DENN
2015-09-30,107.06999969482422,108.0,106.58000183105469,107.79000091552734,96.53265380859376,741800.0,DEO
2015-09-30,9.220000267028807,9.300000190734863,9.199999809265137,9.260000228881836,6.1412391662597665,52800.0,DEX
2015-09-30,121.5,135.0,120.0,135.0,135.0,0.0,DFFN
2015-09-30,22.36000061035156,22.459999084472656,22.13999938964844,22.3799991607666,15.904807090759276,76700.0,DFP
2015-09-30,51.56999969482422,52.0,51.38999938964844,51.9900016784668,47.30873107910156,3424400.0,DFS
2015-09-30,66.97000122070311,66.97000122070311,66.97000122070311,66.97000122070311,66.97000122070311,0.0,DFVL
2015-09-30,29.959999084472656,29.959999084472656,29.959999084472656,29.959999084472656,29.959999084472656,0.0,DFVS
2015-09-30,71.16999816894531,72.58999633789062,71.04000091552734,72.44000244140625,68.95085906982422,4210500.0,DG
2015-09-30,737.0,799.0,737.0,782.0,782.0,78600.0,DGAZ
2015-09-30,13.869999885559082,14.100000381469727,13.760000228881836,14.0600004196167,11.84522533416748,24500.0,DGICA
2015-09-30,18.540000915527344,18.540000915527344,18.540000915527344,18.540000915527344,15.854348182678224,200.0,DGICB
2015-09-30,11.579999923706055,11.9399995803833,11.5,11.789999961853027,11.789999961853027,141900.0,DGII
2015-09-30,84.0,84.86000061035156,83.91000366210938,84.18000030517578,84.18000030517578,8300.0,DGLD
2015-09-30,5.9000000953674325,6.329999923706055,5.9000000953674325,6.230000019073486,6.230000019073486,64800.0,DGLY
2015-09-30,20.25,20.34000015258789,20.170000076293945,20.299999237060547,20.299999237060547,41000.0,DGP
2015-09-30,61.27000045776367,61.72999954223633,60.70000076293945,61.47000122070313,55.74539184570313,1285800.0,DGX
2015-09-30,16.360000610351562,16.389999389648438,16.319999694824222,16.329999923706055,16.329999923706055,19400.0,DGZ
2015-09-30,16.280000686645508,16.360000610351562,16.100000381469727,16.200000762939453,15.90504264831543,1718700.0,DHC
2015-09-30,24.520000457763672,24.739999771118164,24.520000457763672,24.53000068664551,19.158586502075195,23600.0,DHCNI
2015-09-30,3.109999895095825,3.109999895095825,3.0,3.059999942779541,2.0045421123504643,535300.0,DHF
2015-09-30,29.290000915527344,29.540000915527344,28.65999984741211,29.36000061035156,27.78547096252441,5843500.0,DHI
2015-09-30,188.6000061035156,188.6000061035156,182.63999938964844,186.0399932861328,153.16891479492188,24200.0,DHIL
2015-09-30,63.76800537109375,64.66262054443361,63.55572509765625,64.60197448730469,42.8154411315918,7109400.0,DHR
2015-09-30,7.360000133514403,7.460000038146973,7.199999809265138,7.420000076293945,5.414406776428223,1569500.0,DHT
2015-09-30,7.28000020980835,7.369999885559082,7.269999980926514,7.309999942779541,7.309999942779541,289600.0,DHX
2015-09-30,2.2799999713897705,2.299999952316284,2.2300000190734863,2.2699999809265137,1.4424790143966677,1171600.0,DHY
2015-09-30,13.369999885559082,13.479999542236328,13.34000015258789,13.479999542236328,9.906627655029297,158400.0,DIAX
2015-09-30,91.3000030517578,91.94000244140624,90.70999908447266,91.66000366210938,71.38524627685547,103200.0,DIN
2015-09-30,21.190000534057614,21.799999237060547,21.190000534057614,21.3700008392334,21.3700008392334,536000.0,DIOD
2015-09-30,100.77999877929688,102.43000030517578,100.5,102.1999969482422,95.80575561523438,9190000.0,DIS
2015-09-30,26.45000076293945,26.770000457763672,25.270000457763672,26.03000068664551,26.03000068664551,6528900.0,DISCA
2015-09-30,26.420000076293945,26.420000076293945,23.8799991607666,26.040000915527344,26.040000915527344,700.0,DISCB
2015-09-30,24.76000022888184,25.03000068664551,23.76000022888184,24.290000915527344,24.290000915527344,5910600.0,DISCK
2015-09-30,56.88999938964844,59.040000915527344,56.88999938964844,58.34000015258789,58.34000015258789,2432500.0,DISH
2015-09-30,81.5,81.5,80.0,80.0,75.8749008178711,500.0,DIT
2015-09-30,23.31999969482422,23.399999618530273,23.31999969482422,23.399999618530273,23.399999618530273,31000.0,DIVC
2015-09-30,16.030000686645508,16.030000686645508,16.030000686645508,16.030000686645508,16.030000686645508,900.0,DJCI
2015-09-30,190.0,190.0,184.5500030517578,186.1999969482422,186.1999969482422,3600.0,DJCO
2015-09-30,24.3799991607666,24.60000038146973,24.36000061035156,24.45000076293945,24.45000076293945,1393900.0,DJP
2015-09-30,27.84000015258789,28.11000061035156,27.35000038146973,27.70000076293945,24.07009315490723,2113900.0,DK
2015-09-30,30.6200008392334,32.56999969482422,29.290000915527344,30.20000076293945,19.641817092895508,110600.0,DKL
2015-09-30,49.38000106811523,49.83000183105469,48.97000122070313,49.61000061035156,44.24711227416992,1373800.0,DKS
2015-09-30,12.970000267028807,13.300000190734865,12.140000343322756,12.779999732971193,10.039660453796387,67400.0,DL
2015-09-30,17.270000457763672,17.649999618530273,16.969999313354492,17.6299991607666,17.6299991607666,30900.0,DLA
2015-09-30,32.0,32.68000030517578,31.8799991607666,32.59999847412109,30.96115493774414,448700.0,DLB
2015-09-30,2.759999990463257,2.8499999046325684,2.759999990463257,2.8399999141693115,2.8399999141693115,6200.0,DLHC
2015-09-30,13.220000267028807,13.510000228881836,12.869999885559082,13.300000190734865,8.336146354675293,35600.0,DLNG
2015-09-30,74.5999984741211,76.12999725341797,74.38999938964844,76.04000091552734,71.85517120361328,2568800.0,DLPH
2015-09-30,1.2000000476837158,1.2000000476837158,1.2000000476837158,1.2000000476837158,1.2000000476837158,0.0,DLPN
2015-09-30,64.05000305175781,65.5,63.709999084472656,65.31999969482422,54.90052795410156,1210500.0,DLR
2015-09-30,67.12999725341797,67.23999786376953,66.05000305175781,66.66000366210939,66.66000366210939,4204300.0,DLTR
2015-09-30,54.81000137329102,55.91999816894531,54.36000061035156,55.7400016784668,50.68073654174805,589000.0,DLX
2015-09-30,1.694000005722046,1.694000005722046,1.694000005722046,1.694000005722046,1.694000005722046,0.0,DMAC
2015-09-30,11.800000190734865,11.880000114440918,11.779999732971193,11.859999656677244,9.427227020263672,78200.0,DMB
2015-09-30,9.300000190734863,9.449999809265137,9.289999961853027,9.449999809265137,7.450488090515138,104500.0,DMF
2015-09-30,14.760000228881836,15.789999961853027,14.43000030517578,14.460000038146973,9.915501594543457,90400.0,DMLP
2015-09-30,24.71999931335449,25.0,24.65999984741211,24.940000534057614,13.514183044433596,41000.0,DMO
2015-09-30,7.199999809265138,7.679999828338622,6.9000000953674325,7.679999828338622,7.679999828338622,3500.0,DMPI
2015-09-30,31.6299991607666,31.85000038146973,29.8799991607666,30.54999923706055,30.54999923706055,155100.0,DMRC
2015-09-30,10.800000190734863,10.850000381469727,10.729999542236328,10.850000381469727,7.904914379119872,112400.0,DNI
2015-09-30,48.68000030517578,49.11999893188477,48.16999816894531,49.0,44.25262451171875,1840500.0,DNKN
2015-09-30,0.3700000047683716,0.4000000059604645,0.3700000047683716,0.3799999952316284,0.3799999952316284,636200.0,DNN
2015-09-30,15.220000267028807,15.369999885559082,14.5,14.800000190734865,14.800000190734865,1341400.0,DNOW
2015-09-30,9.149999618530273,9.229999542236328,8.979999542236328,8.979999542236328,6.509897232055664,1187800.0,DNP
2015-09-30,2.539999961853028,2.619999885559082,2.369999885559082,2.440000057220459,2.440000057220459,15271800.0,DNR
2015-09-30,17.8799991607666,18.149999618530273,16.969999313354492,17.299999237060547,17.206626892089847,4430300.0,DO
2015-09-30,15.119999885559082,15.119999885559082,14.949999809265135,15.09000015258789,11.7794189453125,469700.0,DOC
2015-09-30,19.780000686645508,19.780000686645508,19.780000686645508,19.780000686645508,19.35835266113281,0.0,DOOO
2015-09-30,61.41999816894531,61.52999877929688,59.83000183105469,60.58000183105469,60.58000183105469,330700.0,DOOR
2015-09-30,50.61999893188477,51.0099983215332,50.06999969482422,50.88999938964844,50.88999938964844,190700.0,DORM
2015-09-30,46.15509033203125,46.5185775756836,45.29887008666992,46.187400817871094,41.223304748535156,2701600.0,DOV
2015-09-30,56.599998474121094,57.15999984741211,56.2599983215332,56.88000106811523,53.008827209472656,1095200.0,DOX
2015-09-30,15.0600004196167,15.149999618530273,14.760000228881836,15.140000343322756,9.923579216003418,187300.0,DPG
2015-09-30,536.0,536.0,536.0,536.0,536.0,0.0,DPW
2015-09-30,107.47000122070312,108.70999908447266,106.9800033569336,107.91000366210938,103.26158142089844,539600.0,DPZ
2015-09-30,15.140000343322756,16.100000381469727,15.039999961853027,15.989999771118164,15.989999771118164,40300.0,DQ
2015-09-30,37.400001525878906,37.400001525878906,36.599998474121094,37.400001525878906,30.9552001953125,1100.0,DRAD
2015-09-30,1.4099999666213991,1.4900000095367432,1.350000023841858,1.4900000095367432,1.200964331626892,108600.0,DRD
2015-09-30,19.26000022888184,19.290000915527344,18.93000030517578,19.049999237060547,16.197450637817386,2555500.0,DRE
2015-09-30,11.0,11.09000015258789,10.899999618530273,11.050000190734863,9.000167846679688,2300100.0,DRH
2015-09-30,61.28578567504883,61.9025764465332,60.49915313720703,61.26790618896485,53.07406616210938,2029000.0,DRI
2015-09-30,5.579999923706055,5.760000228881836,5.435999870300293,5.760000228881836,5.760000228881836,900.0,DRIO
2015-09-30,8.130000114440918,8.880000114440918,7.800000190734862,8.210000038146973,8.210000038146973,118000.0,DRNA
2015-09-30,58.95000076293945,59.40999984741211,57.04999923706055,58.22000122070313,58.22000122070313,592100.0,DRQ
2015-09-30,56.56999969482422,56.9000015258789,56.56999969482422,56.9000015258789,56.9000015258789,3100.0,DRR
2015-09-30,1.8999999761581419,2.009999990463257,1.830000042915344,1.950000047683716,1.950000047683716,694000.0,DRRX
2015-09-30,4.2899999618530265,4.2899999618530265,4.2899999618530265,4.2899999618530265,4.2899999618530265,1000.0,DRTT
2015-09-30,4.199999809265137,4.4099998474121085,4.110000133514403,4.389999866485597,3.8240904808044434,708100.0,DS
2015-09-30,7.3499999046325675,7.6500000953674325,7.179999828338622,7.28000020980835,4.051215171813965,231000.0,DSE
2015-09-30,17.979999542236328,18.049999237060547,17.6299991607666,17.690000534057614,17.690000534057614,72200.0,DSGX
2015-09-30,17.350000381469727,17.479999542236328,17.09000015258789,17.290000915527347,11.324110984802244,672700.0,DSL
2015-09-30,68.12000274658203,68.95999908447266,65.36000061035156,68.13999938964844,68.13999938964844,60700.0,DSLV
2015-09-30,7.809999942779541,7.820000171661378,7.769999980926514,7.809999942779541,6.0579047203063965,119500.0,DSM
2015-09-30,9.3100004196167,9.390000343322754,9.06999969482422,9.109999656677246,9.109999656677246,99400.0,DSPG
2015-09-30,0.7599999904632568,0.7799999713897705,0.6800000071525574,0.6880000233650208,0.6880000233650208,18900.0,DSS
2015-09-30,9.960000038146973,10.020000457763672,9.899999618530273,10.020000457763672,7.194313049316406,326500.0,DSU
2015-09-30,1.5299999713897705,1.5700000524520874,1.5299999713897705,1.5499999523162842,1.234247803688049,3700.0,DSWL
2015-09-30,6.480000019073486,6.5,6.309999942779541,6.480000019073486,6.480000019073486,726200.0,DSX
2015-09-30,78.79000091552734,80.47000122070312,78.5199966430664,80.37000274658203,68.20890045166016,1574600.0,DTE
2015-09-30,14.229999542236328,16.219999313354492,14.229999542236328,15.65999984741211,15.65999984741211,230800.0,DTEA
2015-09-30,14.68000030517578,14.68000030517578,14.609999656677244,14.609999656677244,11.804086685180664,10600.0,DTF
2015-09-30,103.68000030517578,104.5,101.20999908447266,102.02999877929688,102.02999877929688,21700.0,DTO
2015-09-30,0.3330000042915344,0.3330000042915344,0.3330000042915344,0.3330000042915344,0.3279313445091248,0.0,DTP
2015-09-30,23.86000061035156,23.8700008392334,23.790000915527344,23.79999923706055,23.1906852722168,10100.0,DTQ
2015-09-30,64.0,64.0,64.0,64.0,64.0,0.0,DTUL
2015-09-30,29.86000061035156,29.86000061035156,29.86000061035156,29.86000061035156,29.86000061035156,0.0,DTUS
2015-09-30,76.93000030517578,76.93000030517578,76.93000030517578,76.93000030517578,76.93000030517578,0.0,DTYL
2015-09-30,9.479999542236328,9.510000228881836,9.470000267028807,9.479999542236328,7.319077014923097,76800.0,DUC
2015-09-30,70.94999694824219,72.0199966430664,70.6500015258789,71.94000244140625,58.51421737670898,3209800.0,DUK
2015-09-30,25.1299991607666,25.13999938964844,25.07999992370605,25.07999992370605,22.0772762298584,38000.0,DUKH
2015-09-30,3.190000057220459,3.240000009536743,3.119999885559082,3.240000009536743,3.240000009536743,186684.0,DUO
2015-09-30,98.0,98.0,98.0,98.0,98.0,0.0,DUOT
2015-09-30,71.62999725341797,72.79000091552734,70.4000015258789,72.33000183105469,72.33000183105469,1185400.0,DVA
2015-09-30,24.25,25.03000068664551,23.899999618530273,24.540000915527344,24.540000915527344,804600.0,DVAX
2015-09-30,2.309999942779541,2.309999942779541,2.309999942779541,2.309999942779541,1.93769645690918,0.0,DVD
2015-09-30,36.97000122070313,37.47000122070313,36.0099983215332,37.09000015258789,34.809009552001946,6573600.0,DVN
2015-09-30,3.2857143878936768,3.819047689437866,3.180952310562134,3.628571510314941,3.628571510314941,162100.0,DWSN
2015-09-30,19.86000061035156,19.920000076293945,19.5,19.68000030517578,15.01781940460205,189300.0,DX
2015-09-30,26.28000068664551,26.3700008392334,26.270000457763672,26.290000915527344,19.602724075317386,26100.0,DXB
2015-09-30,29.992639541625977,30.54410171508789,29.90818023681641,30.494421005249023,20.706398010253906,4482900.0,DXC
2015-09-30,84.30000305175781,85.97000122070312,83.45999908447266,85.86000061035156,85.86000061035156,1306200.0,DXCM
2015-09-30,4.800000190734863,4.889999866485597,4.739999771118164,4.800000190734863,4.800000190734863,3091.0,DXF
2015-09-30,5.8499999046325675,5.9000000953674325,5.769999980926514,5.809999942779541,5.809999942779541,105200.0,DXLG
2015-09-30,28.020000457763672,28.13999938964844,27.04999923706055,27.28000068664551,27.28000068664551,148900.0,DXPE
2015-09-30,8.699999809265138,8.699999809265138,8.359999656677246,8.649999618530272,8.459988594055176,2100.0,DXR
2015-09-30,8.609999656677246,8.609999656677246,8.220000267028809,8.359999656677246,8.359999656677246,21300.0,DXYN
2015-09-30,70.7300033569336,72.66999816894531,69.66000366210939,72.36000061035156,72.36000061035156,543400.0,DY
2015-09-30,0.8700000047683716,0.8899999856948853,0.8399999737739563,0.8399999737739563,0.8399999737739563,40800.0,DYAI
2015-09-30,3.109999895095825,3.1700000762939453,3.0999999046325684,3.0999999046325684,3.0999999046325684,8800.0,DYNT
2015-09-30,6.75,7.25,6.75,6.8499999046325675,6.8499999046325675,3700.0,DZSI
2015-09-30,8.140000343322754,8.180000305175781,8.109999656677246,8.130000114440918,8.130000114440918,207100.0,DZZ
2015-09-30,31.270000457763672,31.479999542236328,31.1200008392334,31.3700008392334,24.204988479614254,262100.0,E
2015-09-30,66.80999755859375,67.87000274658203,66.48999786376953,67.75,67.75,2394000.0,EA
2015-09-30,24.399999618530273,24.46999931335449,24.35000038146973,24.440000534057614,19.571170806884766,4800.0,EAB
2015-09-30,7.5,7.579999923706055,7.289999961853027,7.570000171661378,5.02339506149292,386200.0,EAD
2015-09-30,23.479999542236328,23.5,23.459999084472656,23.479999542236328,19.102901458740234,3000.0,EAE
2015-09-30,63.099998474121094,63.099998474121094,63.099998474121094,63.099998474121094,63.099998474121094,0.0,EAI
2015-09-30,12.130000114440918,12.1899995803833,11.949999809265135,12.149999618530273,6.940581321716309,129600.0,EARN
2015-09-30,751.0,751.0,684.0,712.0,712.0,0.0,EARS
2015-09-30,52.4000015258789,52.9000015258789,52.34000015258789,52.66999816894531,45.08612060546875,1446400.0,EAT
2015-09-30,24.31999969482422,24.5,24.03000068664551,24.440000534057614,23.96641540527344,12862200.0,EBAY
2015-09-30,17.190000534057614,17.450000762939453,17.149999618530273,17.360000610351562,14.294478416442873,138200.0,EBF
2015-09-30,24.56999969482422,25.09000015258789,24.18000030517578,24.959999084472656,24.281967163085934,548700.0,EBIX
2015-09-30,11.619999885559082,11.619999885559082,11.329999923706055,11.329999923706055,10.33056354522705,400.0,EBMT
2015-09-30,1.2699999809265137,1.2999999523162842,1.2599999904632568,1.2899999618530271,1.254926323890686,1107500.0,EBR
2015-09-30,28.809999465942386,29.40999984741211,28.040000915527344,28.489999771118164,28.489999771118164,336100.0,EBS
2015-09-30,13.989999771118164,13.989999771118164,13.529999732971193,13.670000076293945,12.95279026031494,1088600.0,EBSB
2015-09-30,21.280000686645508,21.280000686645508,20.96999931335449,20.96999931335449,19.225330352783203,5200.0,EBTC
2015-09-30,8.560000419616701,8.649999618530272,8.470000267028809,8.600000381469728,7.879952907562256,842800.0,EC
2015-09-30,19.31999969482422,19.34000015258789,19.0,19.040000915527344,10.149640083312988,3500.0,ECC
2015-09-30,7.8499999046325675,7.8499999046325675,7.769999980926514,7.820000171661378,5.763915061950684,39500.0,ECF
2015-09-30,19.780000686645508,20.01000022888184,19.450000762939453,19.600000381469727,19.600000381469727,340700.0,ECHO
2015-09-30,109.31999969482422,110.04000091552734,108.58000183105469,109.72000122070312,103.97369384765624,1696100.0,ECL
2015-09-30,43.88999938964844,44.06999969482422,43.27999877929688,43.650001525878906,40.99626541137695,231100.0,ECOL
2015-09-30,9.859999656677246,10.06999969482422,9.729999542236328,9.9399995803833,9.9399995803833,180100.0,ECOM
2015-09-30,37.4900016784668,37.790000915527344,36.52999877929688,37.0,37.0,250700.0,ECPG
2015-09-30,1.7100000381469729,1.7899999618530271,1.6299999952316284,1.7000000476837158,0.920253574848175,52400.0,ECT
2015-09-30,66.13999938964844,66.97000122070311,65.80000305175781,66.84999847412111,56.90176773071289,2051300.0,ED
2015-09-30,5.699999809265138,5.78000020980835,5.510000228881836,5.5900001525878915,5.5900001525878915,156800.0,EDAP
2015-09-30,6.9000000953674325,7.03000020980835,6.880000114440918,6.880000114440918,4.596029758453369,423000.0,EDD
2015-09-30,12.0,12.079999923706055,11.84000015258789,11.920000076293945,5.941190719604492,67000.0,EDF
2015-09-30,11.140000343322754,11.359999656677244,11.140000343322754,11.359999656677244,6.103367805480957,41700.0,EDI
2015-09-30,12.960000038146973,13.15999984741211,12.649999618530273,12.789999961853027,12.789999961853027,34200.0,EDN
2015-09-30,291.05999755859375,296.5199890136719,244.44000244140625,268.79998779296875,268.79998779296875,800.0,EDSA
2015-09-30,19.979999542236328,20.32999992370605,19.780000686645508,20.209999084472656,20.098751068115234,769600.0,EDU
2015-09-30,3.684999942779541,3.775000095367432,3.6549999713897705,3.734999895095825,3.2506132125854488,59600.0,EDUC
2015-09-30,36.68000030517578,37.0,36.45000076293945,36.81999969482422,32.82558441162109,136100.0,EE
2015-09-30,7.809999942779541,7.869999885559082,7.78000020980835,7.78000020980835,7.180099010467528,13000.0,EEA
2015-09-30,72.3499984741211,76.55000305175781,72.27999877929688,74.08999633789062,74.08999633789062,672100.0,EEFT
2015-09-30,14.25,14.520000457763672,14.25,14.31999969482422,14.31999969482422,1300.0,EEH
2015-09-30,17.90999984741211,17.93000030517578,17.610000610351562,17.8799991607666,10.572086334228516,138200.0,EFC
2015-09-30,14.640000343322756,14.68000030517578,14.59000015258789,14.68000030517578,10.968945503234863,16700.0,EFF
2015-09-30,11.020000457763672,11.84000015258789,10.699999809265137,11.8100004196167,11.8100004196167,645500.0,EFOI
2015-09-30,13.130000114440918,13.199999809265135,13.079999923706055,13.1899995803833,9.657485008239746,78000.0,EFR
2015-09-30,25.239999771118164,25.459999084472656,25.11000061035156,25.170000076293945,23.77406311035156,70400.0,EFSC
2015-09-30,13.289999961853027,13.300000190734865,13.149999618530273,13.239999771118164,9.853836059570312,103600.0,EFT
2015-09-30,97.05999755859376,97.66999816894531,96.0,97.18000030517578,92.06706237792969,880900.0,EFX
2015-09-30,3.9800000190734863,4.0,3.900000095367432,3.9700000286102295,3.9700000286102295,12900.0,EGAN
2015-09-30,45.72999954223633,45.90999984741211,45.4000015258789,45.5,44.8754768371582,155500.0,EGBN
2015-09-30,13.770000457763672,13.84000015258789,13.649999618530273,13.779999732971193,11.59714126586914,29400.0,EGF
2015-09-30,8.140000343322754,8.279999732971191,8.069999694824219,8.270000457763674,8.270000457763674,534100.0,EGHT
2015-09-30,15.220000267028807,16.129999160766598,15.220000267028807,16.129999160766598,12.060220718383787,52200.0,EGIF
2015-09-30,120.0,126.0,118.5999984741211,118.5999984741211,118.5999984741211,1500.0,EGLE
2015-09-30,14.850000381469727,16.100000381469727,14.699999809265135,16.100000381469727,16.016435623168945,1155000.0,EGO
2015-09-30,17.760000228881836,17.850000381469727,17.5,17.709999084472656,15.7744722366333,229100.0,EGOV
2015-09-30,54.56000137329102,54.84000015258789,53.4900016784668,54.18000030517578,47.135597229003906,305600.0,EGP
2015-09-30,74.5,77.98999786376953,71.5199966430664,74.02999877929688,74.02999877929688,574600.0,EGRX
2015-09-30,1.7000000476837158,1.7100000381469729,1.6499999761581419,1.7000000476837158,1.7000000476837158,238900.0,EGY
2015-09-30,38.2400016784668,38.58000183105469,37.97999954223633,38.36999893188477,34.85091018676758,987400.0,EHC
2015-09-30,8.859999656677246,8.970000267028809,8.8100004196167,8.970000267028809,5.893343925476074,232300.0,EHI
2015-09-30,13.020000457763672,13.239999771118164,12.729999542236328,12.8100004196167,12.8100004196167,143200.0,EHTH
2015-09-30,198.26400756835938,198.26400756835938,198.26400756835938,198.26400756835938,198.26400756835938,0.0,EIC
2015-09-30,22.25,22.36000061035156,22.1200008392334,22.290000915527344,20.682544708251953,107500.0,EIG
2015-09-30,12.56999969482422,13.359999656677244,12.56999969482422,13.359999656677244,13.359999656677244,760200.0,EIGI
2015-09-30,15.75,15.899999618530273,15.449999809265135,15.75,15.75,15300.0,EIGR
2015-09-30,12.6899995803833,12.720000267028807,12.510000228881836,12.510000228881836,9.96849536895752,184800.0,EIM
2015-09-30,62.099998474121094,63.1500015258789,61.90999984741211,63.06999969482422,53.86042022705078,2564300.0,EIX
2015-09-30,119.6999969482422,128.10000610351562,117.5999984741211,122.8499984741211,122.8499984741211,2800.0,EKSO
2015-09-30,79.73999786376953,80.76000213623047,79.37000274658203,80.68000030517578,76.35490417480469,2865900.0,EL
2015-09-30,25.1299991607666,25.15999984741211,25.1200008392334,25.13999938964844,23.72093772888184,3200.0,ELA
2015-09-30,17672.0,17672.0,16567.5,17672.0,17672.0,219110.0,ELC
2015-09-30,120.5999984741211,123.1999969482422,118.0999984741211,122.5999984741211,122.5999984741211,152200.0,ELGX
2015-09-30,8.25,8.380000114440918,8.25,8.359999656677246,8.135269165039062,2800.0,ELLO
2015-09-30,1.8400000333786009,1.8400000333786009,1.7899999618530271,1.7999999523162842,1.7999999523162842,7300.0,ELMD
2015-09-30,12.0,12.0,11.800000190734865,11.800000190734865,11.800000190734865,200.0,ELOX
2015-09-30,8.170000076293945,8.310000419616701,8.020000457763674,8.210000038146973,6.654619693756104,774200.0,ELP
2015-09-30,29.170000076293945,29.420000076293945,29.03000068664551,29.28499984741211,24.36650466918945,882600.0,ELS
2015-09-30,3.7000000476837163,3.7000000476837163,3.7000000476837163,3.7000000476837163,3.7000000476837163,100.0,ELSE
2015-09-30,6.050000190734862,6.300000190734862,6.050000190734862,6.25,6.25,5200.0,ELTK
2015-09-30,23.6200008392334,23.690000534057614,23.559999465942386,23.559999465942386,19.16780662536621,4800.0,ELU
2015-09-30,8.130000114440918,8.399999618530272,8.060000419616701,8.350000381469728,8.240816116333008,507700.0,ELY
2015-09-30,2.440000057220459,2.470000028610229,2.380000114440918,2.390000104904175,2.390000104904175,19600.0,EMAN
2015-09-30,23.03000068664551,23.03000068664551,22.899999618530273,22.899999618530273,19.322921752929688,300.0,EMCF
2015-09-30,13.279999732971193,13.369999885559082,13.239999771118164,13.31999969482422,9.190085411071776,255700.0,EMD
2015-09-30,44.52999877929688,44.52999877929688,43.63000106811523,44.25,43.27838516235352,607300.0,EME
2015-09-30,11.0,11.079999923706056,10.989999771118164,11.029999732971193,8.156094551086426,68400.0,EMF
2015-09-30,6.5900001525878915,6.800000190734862,6.539999961853027,6.800000190734862,5.225925922393799,231700.0,EMKR
2015-09-30,16.030000686645508,16.370000839233402,15.989999771118164,16.0,14.679784774780273,2700.0,EML
2015-09-30,4.812029838562012,4.812029838562012,4.51127815246582,4.661653995513916,4.661653995513916,7100.0,EMMS
2015-09-30,64.12000274658203,65.62000274658203,63.90999984741211,64.72000122070311,56.75955200195313,1558800.0,EMN
2015-09-30,14.649999618530273,15.300000190734865,14.359999656677244,14.420000076293945,8.79233455657959,705900.0,EMO
2015-09-30,20.795000076293945,20.795000076293945,20.795000076293945,20.795000076293945,20.795000076293945,0.0,EMP
2015-09-30,43.900001525878906,44.2400016784668,43.47999954223633,44.16999816894531,37.90932083129883,4332600.0,EMR
2015-09-30,0.4399999976158142,0.4600000083446503,0.4399999976158142,0.4600000083446503,0.4600000083446503,17800.0,EMX
2015-09-30,36.560001373291016,37.16999816894531,36.04999923706055,37.13000106811523,27.26505279541016,1608900.0,ENB
2015-09-30,11.93000030517578,13.09000015258789,11.899999618530273,12.640000343322756,8.085079193115233,220500.0,ENBL
2015-09-30,62.02000045776367,69.31999969482422,61.63999938964844,69.27999877929689,69.27999877929689,8777900.0,ENDP
2015-09-30,1.0299999713897705,1.0399999618530271,1.0299999713897705,1.0299999713897705,1.0299999713897705,23000.0,ENG
2015-09-30,6.801510334014893,6.8338727951049805,6.736785411834718,6.817691326141357,5.8320860862731925,2316900.0,ENIA
2015-09-30,24.540000915527344,24.649999618530273,24.53000068664551,24.540000915527344,19.55994415283203,3000.0,ENJ
2015-09-30,17.469999313354492,18.309999465942386,17.280000686645508,18.280000686645508,12.741270065307615,400000.0,ENLC
2015-09-30,213.6000061035156,227.1999969482422,200.3999938964844,203.6000061035156,203.6000061035156,1100.0,ENLV
2015-09-30,3.5499999523162837,3.7799999713897705,3.5499999523162837,3.7000000476837163,3.7000000476837163,541700.0,ENPH
2015-09-30,39.77999877929688,39.77999877929688,38.4900016784668,38.709999084472656,34.71679306030273,640200.0,ENR
2015-09-30,52.72999954223633,54.0,52.709999084472656,53.58000183105469,51.16461944580078,503700.0,ENS
2015-09-30,20.116931915283203,20.28531265258789,19.630495071411133,19.93919563293457,19.372966766357425,477600.0,ENSG
2015-09-30,0.7099999785423279,0.7400000095367432,0.6470000147819519,0.6819999814033508,0.6819999814033508,20000.0,ENSV
2015-09-30,11.170000076293944,11.539999961853027,11.09000015258789,11.479999542236328,11.479999542236328,258400.0,ENT
2015-09-30,34.799999237060554,36.400001525878906,34.514999389648445,36.13999938964844,36.13999938964844,230800.0,ENTA
2015-09-30,13.079999923706055,13.300000190734865,13.0600004196167,13.1899995803833,12.929844856262207,719500.0,ENTG
2015-09-30,30.5,30.770000457763672,29.20000076293945,29.96999931335449,29.96999931335449,628900.0,ENV
2015-09-30,10.3100004196167,10.3100004196167,9.75,10.220000267028807,10.220000267028807,167800.0,ENVA
2015-09-30,12.65999984741211,12.65999984741211,12.56999969482422,12.600000381469727,10.124418258666992,14800.0,ENX
2015-09-30,3.109999895095825,3.25,3.0799999237060547,3.1700000762939453,3.1700000762939453,148100.0,ENZ
2015-09-30,5.9000000953674325,5.949999809265138,5.889999866485597,5.9099998474121085,3.746607780456543,209700.0,EOD
2015-09-30,70.8499984741211,72.94000244140625,70.66999816894531,72.80000305175781,70.0267333984375,4809200.0,EOG
2015-09-30,11.850000381469727,11.890000343322756,11.739999771118164,11.890000343322756,8.462432861328125,130900.0,EOI
2015-09-30,12.779999732971193,12.789999961853027,12.539999961853027,12.640000343322756,9.105948448181152,182300.0,EOS
2015-09-30,20.700000762939453,20.729999542236328,20.600000381469727,20.709999084472656,16.414911270141598,42000.0,EOT
2015-09-30,70.58999633789062,74.61000061035156,70.16000366210939,74.5199966430664,74.5199966430664,522600.0,EPAM
2015-09-30,25.040000915527344,25.34000015258789,25.01000022888184,25.01000022888184,25.01000022888184,154400.0,EPAY
2015-09-30,82.08000183105469,82.5199966430664,80.37000274658203,81.5999984741211,81.5999984741211,623700.0,EPC
2015-09-30,22.540000915527344,25.09000015258789,22.520000457763672,24.899999618530273,18.852127075195312,12456000.0,EPD
2015-09-30,126.1999969482422,126.1999969482422,126.1999969482422,126.1999969482422,126.1999969482422,0.0,EPIX
2015-09-30,5.8499999046325675,5.96999979019165,5.5,5.550000190734863,4.437253952026367,160800.0,EPM
2015-09-30,51.5099983215332,51.81000137329102,51.15999984741211,51.56999969482422,38.83890151977539,404200.0,EPR
2015-09-30,2.1199998855590816,2.1700000762939453,2.1199998855590816,2.1600000858306885,2.1600000858306885,34200.0,EPSN
2015-09-30,12.5,13.970000267028807,12.289999961853027,12.859999656677244,12.859999656677244,808300.0,EPZM
2015-09-30,0.054999999701976776,0.054999999701976776,0.054999999701976776,0.054999999701976776,0.054999999701976776,0.0,EQ
2015-09-30,27.190000534057614,27.25,26.739999771118164,27.239999771118164,22.562055587768555,1190600.0,EQC
2015-09-30,270.45001220703125,273.8900146484375,269.1300048828125,273.39999389648443,239.7527618408203,802100.0,EQIX
2015-09-30,60.65999984741211,66.94000244140625,60.63000106811523,66.33000183105469,46.80380249023438,885400.0,EQM
2015-09-30,14.520000457763672,14.609999656677244,14.34000015258789,14.5600004196167,11.659025192260742,2764600.0,EQNR
2015-09-30,74.01000213623047,75.33999633789062,73.7699966430664,75.12000274658203,58.2553596496582,2850100.0,EQR
2015-09-30,1.7300000190734863,1.75,1.5499999523162842,1.75,1.75,42400.0,EQS
2015-09-30,35.781166076660156,35.80838394165039,34.344039916992195,35.258575439453125,34.242122650146484,7090000.0,EQT
2015-09-30,14.619999885559082,15.229999542236328,14.210000038146973,14.970000267028807,14.970000267028807,627900.0,ERA
2015-09-30,11.380000114440918,11.449999809265135,11.34000015258789,11.350000381469727,7.386840343475343,112500.0,ERC
2015-09-30,4.739999771118164,4.860000133514403,4.639999866485597,4.860000133514403,4.3359575271606445,1590900.0,ERF
2015-09-30,10.649999618530273,10.65999984741211,10.5600004196167,10.5600004196167,7.705055236816406,33700.0,ERH
2015-09-30,9.130000114440918,9.260000228881836,8.829999923706055,9.020000457763672,9.020000457763672,182300.0,ERI
2015-09-30,9.75,9.8100004196167,9.710000038146973,9.779999732971193,8.44919490814209,2766800.0,ERIC
2015-09-30,81.9800033569336,83.0999984741211,81.43000030517578,82.94000244140625,73.66426849365234,66000.0,ERIE
2015-09-30,2.1199998855590816,2.1700000762939453,2.0699999332427983,2.1400001049041752,2.1400001049041752,62400.0,ERII
2015-09-30,25.85000038146973,25.899999618530273,25.309999465942386,25.57999992370605,24.748334884643555,840000.0,ERJ
2015-09-30,26.440000534057614,27.520000457763672,26.35000038146973,27.190000534057614,27.190000534057614,821400.0,EROS
2015-09-30,49.2599983215332,50.65999984741211,49.11000061035156,50.61999893188477,44.05334854125977,2556300.0,ES
2015-09-30,17.209999084472653,17.209999084472653,16.959999084472653,17.049999237060547,15.261810302734375,6200.0,ESBA
2015-09-30,19.200000762939453,19.200000762939453,19.200000762939453,19.200000762939453,15.38849925994873,300.0,ESBK
2015-09-30,16.030000686645508,16.030000686645508,15.630000114440918,15.800000190734865,13.16022777557373,13900.0,ESCA
2015-09-30,36.0,36.349998474121094,35.560001373291016,35.900001525878906,35.01399612426758,66700.0,ESE
2015-09-30,38.47999954223633,39.43999862670898,37.11999893188477,37.11999893188477,37.11999893188477,100.0,ESEA
2015-09-30,149.0500030517578,151.38999938964844,147.25,150.0,150.0,49700.0,ESGR
2015-09-30,12.130000114440918,12.68000030517578,12.100000381469727,12.649999618530273,12.649999618530273,7487600.0,ESI
2015-09-30,74.55999755859375,74.61000061035156,73.44000244140625,74.61000061035156,69.39692687988281,13100.0,ESLT
2015-09-30,24.78000068664551,25.03000068664551,24.489999771118164,24.85000038146973,24.61665153503418,341200.0,ESNT
2015-09-30,24.54999923706055,24.54999923706055,24.54999923706055,24.54999923706055,20.445499420166016,0.0,ESP
2015-09-30,20.0,23.899999618530273,19.5,23.59000015258789,23.59000015258789,6013600.0,ESPR
2015-09-30,17.200000762939453,17.25,17.010000228881836,17.030000686645508,15.24968433380127,1924400.0,ESRT
2015-09-30,221.0500030517578,223.8500061035156,220.6000061035156,223.4199981689453,196.3179016113281,476200.0,ESS
2015-09-30,13.079999923706055,13.079999923706055,12.960000038146973,12.960000038146973,11.56062126159668,4600.0,ESSA
2015-09-30,15.220000267028807,15.979999542236328,15.079999923706055,15.199999809265135,15.199999809265135,21500.0,ESTE
2015-09-30,5.010000228881836,5.039999961853027,4.980000019073486,5.010000228881836,4.905899524688722,6800.0,ESXB
2015-09-30,19.290000915527344,20.959999084472656,19.0,20.809999465942386,14.55309772491455,28952100.0,ET
2015-09-30,15.75,15.75,15.229999542236328,15.270000457763672,10.518145561218262,129900.0,ETB
2015-09-30,25.989999771118164,26.420000076293945,25.84000015258789,26.32999992370605,25.857460021972656,3168500.0,ETFC
2015-09-30,14.789999961853027,14.90999984741211,14.729999542236328,14.800000190734865,10.34609317779541,188000.0,ETG
2015-09-30,26.51000022888184,26.57999992370605,26.01000022888184,26.40999984741211,22.97035980224609,258800.0,ETH
2015-09-30,9.649999618530273,9.6899995803833,9.56999969482422,9.600000381469727,5.96150541305542,324500.0,ETJ
2015-09-30,10.140000343322754,10.270000457763672,9.880000114440918,10.15999984741211,8.834693908691406,109900.0,ETM
2015-09-30,51.290000915527344,51.56999969482422,50.75,51.29999923706055,26.37610626220703,3120500.0,ETN
2015-09-30,20.81999969482422,20.979999542236328,20.799999237060547,20.84000015258789,13.610570907592773,74200.0,ETO
2015-09-30,64.51999664306639,65.13999938964844,64.25,65.09999847412111,53.70480346679688,1382500.0,ETR
2015-09-30,14.0,14.1899995803833,13.3100004196167,13.6899995803833,13.6899995803833,500800.0,ETSY
2015-09-30,14.079999923706055,14.199999809265135,13.9399995803833,14.199999809265135,9.494206428527832,186300.0,ETV
2015-09-30,10.720000267028807,10.8100004196167,10.65999984741211,10.6899995803833,6.867820739746094,557700.0,ETW
2015-09-30,17.469999313354492,17.479999542236328,17.239999771118164,17.319999694824222,14.241640090942385,70900.0,ETX
2015-09-30,10.40999984741211,10.420000076293944,10.270000457763672,10.279999732971193,6.843470096588135,1047500.0,ETY
2015-09-30,42.59000015258789,42.77999877929688,42.59000015258789,42.77999877929688,42.77999877929688,900.0,EUFX
2015-09-30,13.9399995803833,14.0,13.720000267028807,13.899999618530273,11.328022003173828,1162400.0,EURN
2015-09-30,33.720001220703125,33.86999893188477,32.919998168945305,33.419998168945305,29.355159759521484,1215700.0,EV
2015-09-30,12.029999732971193,12.595000267028807,11.850000381469727,12.5,8.346013069152832,165500.0,EVA
2015-09-30,24.95000076293945,24.95000076293945,24.649999618530273,24.79999923706055,22.047143936157227,1700.0,EVBN
2015-09-30,6.489999771118164,6.809999942779541,6.489999771118164,6.639999866485597,5.465044498443604,921200.0,EVC
2015-09-30,5.9099998474121085,5.940000057220459,5.869999885559082,5.869999885559082,4.417794227600098,71800.0,EVF
2015-09-30,48.9000015258789,51.0,46.61999893188477,48.41999816894531,48.41999816894531,19000.0,EVFM
2015-09-30,13.039999961853027,13.229999542236328,12.989999771118164,13.229999542236328,9.63572597503662,37100.0,EVG
2015-09-30,8.449999809265138,8.489999771118164,8.25,8.25,8.25,6800.0,EVGN
2015-09-30,15.789999961853027,16.489999771118164,15.380000114440918,15.960000038146973,15.960000038146973,2118300.0,EVH
2015-09-30,3.9800000190734863,4.0,3.9600000381469727,3.990000009536743,3.7277851104736333,4400.0,EVI
2015-09-30,2.9200000762939453,2.9500000476837163,2.369999885559082,2.5,2.5,21400.0,EVK
2015-09-30,11.800000190734865,11.8100004196167,11.630000114440918,11.630000114440918,9.33166790008545,66800.0,EVM
2015-09-30,13.0600004196167,13.109999656677244,12.899999618530273,12.970000267028807,10.285317420959473,70700.0,EVN
2015-09-30,2.5999999046325684,2.9300000667572017,2.5999999046325684,2.9100000858306885,2.9100000858306885,93900.0,EVOK
2015-09-30,6.0,6.050000190734862,5.9000000953674325,6.0,5.6441731452941895,28100.0,EVOL
2015-09-30,49.72000122070313,50.5099983215332,49.13999938964844,50.2400016784668,45.30442428588867,317400.0,EVR
2015-09-30,38.060001373291016,38.4900016784668,37.86999893188477,38.43999862670898,33.48208236694336,1010300.0,EVRG
2015-09-30,5.260000228881836,5.289999961853027,5.0900001525878915,5.130000114440918,5.130000114440918,1084400.0,EVRI
2015-09-30,7.5,7.5,6.75,6.75,6.75,0.0,EVSI
2015-09-30,18.309999465942386,18.459999084472656,18.280000686645508,18.3799991607666,12.791686058044435,178900.0,EVT
2015-09-30,17.760000228881836,18.209999084472656,17.670000076293945,18.06999969482422,16.941534042358402,351200.0,EVTC
2015-09-30,12.600000381469727,12.68000030517578,12.56999969482422,12.68000030517578,8.983562469482422,397300.0,EVV
2015-09-30,13.350000381469727,13.390000343322756,13.350000381469727,13.350000381469727,10.88228988647461,6500.0,EVY
2015-09-30,69.77999877929689,71.19999694824219,69.22000122070311,71.08499908447266,71.08499908447266,3094000.0,EW
2015-09-30,37.97000122070313,38.459999084472656,37.93000030517578,38.41999816894531,35.374698638916016,915200.0,EWBC
2015-09-30,18.450000762939453,19.100000381469727,17.579999923706055,17.989999771118164,17.989999771118164,1812000.0,EXAS
2015-09-30,29.35000038146973,29.76000022888184,29.1299991607666,29.70000076293945,25.129413604736328,6715900.0,EXC
2015-09-30,12.329999923706055,12.350000381469727,12.199999809265135,12.210000038146973,8.10369873046875,37500.0,EXD
2015-09-30,5.75,5.929999828338622,5.449999809265137,5.610000133514403,5.610000133514403,7423800.0,EXEL
2015-09-30,2.940000057220459,3.009999990463257,2.8499999046325684,3.009999990463257,3.009999990463257,11500.0,EXFO
2015-09-30,8.340000152587889,8.390000343322754,8.260000228881836,8.300000190734862,5.209193706512451,1274500.0,EXG
2015-09-30,1.5,1.5700000524520874,1.5,1.5499999523162842,1.5499999523162842,282400.0,EXK
2015-09-30,37.86000061035156,38.31999969482422,36.79999923706055,36.93000030517578,36.93000030517578,235600.0,EXLS
2015-09-30,68.25,68.61000061035156,66.62000274658203,68.41999816894531,66.97441864013672,824700.0,EXP
2015-09-30,47.06999969482422,47.16999816894531,46.61999893188477,47.04999923706055,44.16111755371094,1493100.0,EXPD
2015-09-30,115.58999633789062,117.9000015258789,114.05999755859376,117.68000030517578,112.47440338134766,1503200.0,EXPE
2015-09-30,0.7398999929428101,0.7398999929428101,0.7398999929428101,0.7398999929428101,0.7398999929428101,1000.0,EXPI
2015-09-30,22.434999465942386,22.559999465942386,22.100000381469727,22.280000686645508,21.12208366394043,440600.0,EXPO
2015-09-30,17.959999084472656,18.059999465942386,17.579999923706055,17.8700008392334,17.8700008392334,1799900.0,EXPR
2015-09-30,77.41999816894531,77.69999694824219,76.5999984741211,77.16000366210938,65.58853912353516,826900.0,EXR
2015-09-30,3.3499999046325684,3.4200000762939453,3.3199999332427983,3.359999895095825,3.359999895095825,665400.0,EXTR
2015-09-30,47.25,47.25,42.75,42.75,42.75,0.0,EYEG
2015-09-30,50.63999938964844,51.84000015258789,47.040000915527344,47.43999862670898,47.43999862670898,85200.0,EYES
2015-09-30,3.5899999141693115,3.7100000381469727,3.5699999332427983,3.650000095367432,3.650000095367432,26700.0,EYPT
2015-09-30,6.0999999046325675,6.190000057220459,5.96999979019165,6.170000076293945,6.170000076293945,295500.0,EZPW
2015-09-30,25.268999099731445,25.34000015258789,25.26000022888184,25.34000015258789,20.216272354125977,1600.0,EZT
2015-09-30,13.369999885559082,13.579999923706055,13.270000457763672,13.56999969482422,10.607057571411133,40205300.0,F
2015-09-30,38.38000106811523,39.18999862670898,38.22000122070313,39.06999969482422,34.08285903930664,1002600.0,FAF
2015-09-30,9.640000343322754,9.75,9.609999656677246,9.68000030517578,6.572379112243652,84000.0,FAM
2015-09-30,63.86000061035156,65.30999755859375,62.849998474121094,64.59999847412111,63.54045486450195,769600.0,FANG
2015-09-30,7.6599998474121085,7.699999809265138,7.570000171661378,7.6500000953674325,6.743791103363037,93000.0,FANH
2015-09-30,27.709999084472656,27.709999084472656,26.85000038146973,27.25,27.25,50300.0,FARM
2015-09-30,34.639999389648445,35.27000045776367,34.459999084472656,35.0,35.0,134300.0,FARO
2015-09-30,18.440000534057614,18.625,18.09499931335449,18.30500030517578,16.035697937011722,8168400.0,FAST
2015-09-30,5.0,5.4099998474121085,4.610000133514403,5.329999923706055,5.329999923706055,56200.0,FATE
2015-09-30,4.480000019073486,4.5,4.460000038146973,4.5,3.0284311771392822,1090800.0,FAX
2015-09-30,88.44000244140625,90.0199966430664,88.01000213623047,89.9000015258789,89.9000015258789,36169100.0,FB
2015-09-30,20.520000457763672,20.68000030517578,20.1200008392334,20.559999465942386,20.43330192565918,313400.0,FBC
2015-09-30,107.20999908447266,108.06999969482422,105.30999755859376,108.0,108.0,14700.0,FBGX
2015-09-30,47.11000061035156,47.79999923706055,46.63999938964844,47.47000122070313,44.421485900878906,1830800.0,FBHS
2015-09-30,2.490000009536743,2.609999895095825,2.3499999046325684,2.5999999046325684,2.5999999046325684,212800.0,FBIO
2015-09-30,23.06999969482422,23.61000061035156,22.70000076293945,23.520000457763672,21.165956497192386,42700.0,FBIZ
2015-09-30,17.469999313354492,17.469999313354492,17.469999313354492,17.469999313354492,16.889404296875,200.0,FBMS
2015-09-30,17.100000381469727,17.100000381469727,16.790000915527347,17.0,15.945843696594238,32000.0,FBNC
2015-09-30,3.4500000476837163,3.5699999332427983,3.4100000858306885,3.559999942779541,3.478865385055542,1088800.0,FBP
2015-09-30,14.039999961853027,14.039999961853027,14.0,14.0,12.43759059906006,500.0,FBSS
2015-09-30,15.949999809265135,16.129999160766598,15.84000015258789,16.059999465942386,16.059999465942386,16500.0,FC
2015-09-30,25.899999618530273,27.81999969482422,25.899999618530273,26.36000061035156,23.664480209350586,4700.0,FCAP
2015-09-30,8.453947067260742,8.703947067260742,8.440789222717285,8.690789222717285,7.56856632232666,9789500.0,FCAU
2015-09-30,18.0,18.1299991607666,17.68000030517578,17.899999618530273,15.585630416870115,48500.0,FCBC
2015-09-30,12.40999984741211,12.40999984741211,12.100000381469727,12.380000114440918,11.305350303649902,1800.0,FCCO
2015-09-30,11.359999656677244,11.630000114440918,11.359999656677244,11.630000114440918,11.07898235321045,200.0,FCCY
2015-09-30,99.36000061035156,106.55999755859376,97.91999816894531,106.55999755859376,106.55999755859376,14100.0,FCEL
2015-09-30,9.119999885559082,9.149999618530273,9.020000457763672,9.09000015258789,8.050518989562987,323600.0,FCF
2015-09-30,40.11000061035156,40.27999877929688,39.060001373291016,40.060001373291016,38.01533126831055,305700.0,FCFS
2015-09-30,41.66999816894531,41.83000183105469,40.849998474121094,41.5099983215332,41.5099983215332,261400.0,FCN
2015-09-30,223.05999755859372,227.3500061035156,220.50999450683597,226.0,222.1830139160156,18600.0,FCNCA
2015-09-30,7.579999923706055,7.610000133514403,7.550000190734862,7.5900001525878915,4.7801194190979,21700.0,FCO
2015-09-30,12.739999771118164,12.760000228881836,12.5600004196167,12.579999923706055,9.340155601501463,58100.0,FCT
2015-09-30,9.270000457763672,9.779999732971193,9.25,9.6899995803833,9.354968070983887,42200500.0,FCX
2015-09-30,22.33333396911621,23.33333396911621,21.83333396911621,23.33333396911621,20.212703704833984,12400.0,FDBC
2015-09-30,18.690000534057614,18.690000534057614,18.13500022888184,18.280000686645508,16.299209594726562,181200.0,FDEF
2015-09-30,20.01000022888184,20.149999618530273,20.0,20.0,12.957646369934082,62000.0,FDEU
2015-09-30,39.84000015258789,39.9900016784668,39.41999816894531,39.5099983215332,37.65319061279297,173400.0,FDP
2015-09-30,157.50999450683594,160.38999938964844,157.2100067138672,159.80999755859375,151.2452392578125,360500.0,FDS
2015-09-30,13.960000038146973,14.079999923706055,13.729999542236328,13.779999732971193,8.532180786132812,65900.0,FDUS
2015-09-30,143.52999877929688,144.60000610351562,142.9199981689453,143.97999572753906,136.88456726074222,1711100.0,FDX
2015-09-30,30.959999084472656,31.34000015258789,30.86000061035156,31.309999465942386,25.97166633605957,3293800.0,FE
2015-09-30,15.350000381469727,15.960000038146973,15.109999656677244,15.899999618530273,9.934907913208008,195400.0,FEI
2015-09-30,10.260000228881836,10.43000030517578,10.260000228881836,10.369999885559082,10.369999885559082,13500.0,FEIM
2015-09-30,27.040000915527344,27.29999923706055,26.81999969482422,27.229999542236328,25.907602310180664,283600.0,FELE
2015-09-30,24.020000457763672,25.489999771118164,24.020000457763672,25.38999938964844,16.366737365722653,139300.0,FEN
2015-09-30,4.389999866485597,4.489999771118164,4.349999904632568,4.380000114440918,1.4789679050445557,53200.0,FENG
2015-09-30,13.09000015258789,13.09000015258789,12.93000030517578,13.0600004196167,8.321710586547853,17900.0,FEO
2015-09-30,12.8100004196167,12.890000343322756,12.079999923706055,12.210000038146973,12.210000038146973,1612800.0,FET
2015-09-30,31.75,32.080001831054695,30.6200008392334,31.81999969482422,31.81999969482422,4666800.0,FEYE
2015-09-30,9.81999969482422,9.970000267028807,9.729999542236328,9.880000114440918,7.757130146026611,49800.0,FF
2015-09-30,12.56999969482422,12.59000015258789,12.420000076293945,12.420000076293945,8.874634742736816,132200.0,FFA
2015-09-30,18.670000076293945,19.13999938964844,18.440000534057614,19.07999992370605,16.609718322753903,522000.0,FFBC
2015-09-30,18.420000076293945,18.75,18.399999618530273,18.75,13.457597732543945,122500.0,FFC
2015-09-30,61.70000076293945,62.63999938964844,61.52000045776367,61.52000045776367,50.68101501464844,72100.0,FFG
2015-09-30,3.6800000667572017,3.6800000667572017,3.6800000667572017,3.6800000667572017,3.6800000667572017,0.0,FFHL
2015-09-30,20.0,20.280000686645508,19.920000076293945,20.020000457763672,17.27329444885254,86900.0,FFIC
2015-09-30,15.975000381469727,15.975000381469727,15.71500015258789,15.890000343322756,14.662016868591307,370200.0,FFIN
2015-09-30,115.88999938964844,117.48999786376952,114.48999786376952,115.8000030517578,115.8000030517578,832800.0,FFIV
2015-09-30,12.119999885559082,12.119999885559082,11.989999771118164,12.09000015258789,11.076945304870604,34300.0,FFNW
2015-09-30,11.020000457763672,11.43000030517578,10.93000030517578,11.385000228881836,11.176527976989746,99800.0,FFWM
2015-09-30,5.889999866485597,6.039999961853027,5.8499999046325675,5.869999885559082,3.6408514976501465,51600.0,FGB
2015-09-30,15.826446533203125,15.826446533203125,15.826446533203125,15.826446533203125,13.59943389892578,0.0,FGBI
2015-09-30,22.06999969482422,22.53000068664551,21.030000686645508,21.920000076293945,21.920000076293945,553900.0,FGEN
2015-09-30,710.0,716.0,700.0,713.0,632.531494140625,5516.0,FHB
2015-09-30,752.4990234375,752.4990234375,752.4990234375,752.4990234375,736.8389892578125,0.0,FHI
2015-09-30,14.210000038146973,14.279999732971193,14.029999732971193,14.18000030517578,12.555985450744627,2132100.0,FHN
2015-09-30,15.43000030517578,15.470000267028807,15.130000114440918,15.329999923706055,14.207402229309082,447700.0,FI
2015-09-30,27.649999618530273,28.290000915527344,27.35000038146973,27.84000015258789,24.06988906860352,108700.0,FIBK
2015-09-30,83.72000122070312,85.05999755859375,83.30000305175781,84.5,84.40926361083984,308400.0,FICO
2015-09-30,15.609999656677244,16.0,15.369999885559082,15.989999771118164,10.80012035369873,75100.0,FIF
2015-09-30,0.7400000095367432,0.7400000095367432,0.7400000095367432,0.7400000095367432,0.702561616897583,0.0,FINS
2015-09-30,67.30000305175781,67.73999786376953,66.34999847412111,67.08000183105469,63.29339981079102,1499500.0,FIS
2015-09-30,24.90999984741211,25.03000068664551,24.54999923706055,24.78000068664551,21.492721557617188,68900.0,FISI
2015-09-30,16.670000076293945,16.670000076293945,16.670000076293945,16.670000076293945,14.918588638305664,0.0,FISK
2015-09-30,42.92499923706055,43.34500122070313,42.72000122070313,43.30500030517578,43.30500030517578,2554400.0,FISV
2015-09-30,35.59000015258789,37.68999862670898,34.709999084472656,37.68999862670898,37.68999862670898,5896100.0,FIT
2015-09-30,18.770000457763672,18.989999771118164,18.690000534057614,18.90999984741211,16.55769157409668,6223500.0,FITB
2015-09-30,27.43000030517578,27.43000030517578,27.25,27.25,20.91048240661621,20600.0,FITBI
2015-09-30,107.0,107.0,107.0,107.0,91.75794219970705,0.0,FIV
2015-09-30,33.34000015258789,33.77000045776367,32.36999893188477,33.580001831054695,33.580001831054695,1127700.0,FIVE
2015-09-30,3.690000057220459,3.920000076293945,3.619999885559082,3.7000000476837163,3.7000000476837163,130200.0,FIVN
2015-09-30,26.420000076293945,27.31999969482422,26.420000076293945,27.26000022888184,26.27913856506348,495800.0,FIX
2015-09-30,30.3799991607666,31.1299991607666,30.020000457763672,30.729999542236328,28.46435356140137,109300.0,FIZZ
2015-09-30,72.30999755859375,72.30999755859375,70.19000244140625,71.97000122070312,64.29111480712889,2625100.0,FL
2015-09-30,59.95000076293945,59.95000076293945,59.95000076293945,59.95000076293945,59.95000076293945,200.0,FLAT
2015-09-30,18.440000534057614,18.6200008392334,18.3700008392334,18.6200008392334,13.329534530639648,34200.0,FLC
2015-09-30,8.189999580383299,8.560000419616701,7.869999885559082,8.109999656677246,8.109999656677246,525300.0,FLDM
2015-09-30,10.470000267028807,10.609999656677246,10.449999809265137,10.539999961853027,10.539999961853027,3127700.0,FLEX
2015-09-30,106.6999969482422,108.1999969482422,105.5199966430664,108.0,108.0,4600.0,FLGE
2015-09-30,17.866666793823242,18.546667098999023,17.766666412353516,18.020000457763672,15.948190689086914,47200.0,FLIC
2015-09-30,27.6200008392334,28.04999923706055,27.6200008392334,27.989999771118164,26.242046356201172,997100.0,FLIR
2015-09-30,1.3300000429153442,1.5,1.25,1.4600000381469729,1.4600000381469729,39500.0,FLL
2015-09-30,5.980000019073486,7.4000000953674325,5.21999979019165,7.4000000953674325,7.4000000953674325,47200.0,FLNT
2015-09-30,24.809999465942386,25.020000457763672,24.520000457763672,24.739999771118164,21.122112274169922,2210500.0,FLO
2015-09-30,34.09999847412109,34.720001220703125,33.5,34.43000030517578,34.43000030517578,750400.0,FLOW
2015-09-30,41.72999954223633,42.38999938964844,41.31999969482422,42.349998474121094,38.45153427124024,1887400.0,FLR
2015-09-30,40.5,41.20000076293945,40.22999954223633,41.13999938964844,37.98452377319336,1502700.0,FLS
2015-09-30,141.32000732421875,141.32000732421875,135.16000366210938,137.6199951171875,137.6199951171875,1675800.0,FLT
2015-09-30,8.960000038146973,9.25,8.9399995803833,9.100000381469727,9.100000381469727,541500.0,FLWS
2015-09-30,14.670000076293945,14.960000038146973,13.710000038146973,14.859999656677244,14.859999656677244,475200.0,FLXN
2015-09-30,29.770000457763672,31.70000076293945,29.459999084472656,31.25,27.38131904602051,37100.0,FLXS
2015-09-30,12.859999656677244,13.229999542236328,12.859999656677244,13.199999809265135,12.952066421508787,257800.0,FLY
2015-09-30,12.875,12.875,12.875,12.875,11.39205837249756,200.0,FMAO
2015-09-30,21.959999084472656,22.0,21.530000686645508,22.0,20.00009155273437,70400.0,FMBH
2015-09-30,17.459999084472653,17.569999694824222,17.360000610351562,17.540000915527347,15.941831588745115,342900.0,FMBI
2015-09-30,28.83781433105469,29.661752700805664,28.82914161682129,29.410234451293945,27.44835662841797,2283800.0,FMC
2015-09-30,14.399999618530273,14.399999618530273,14.3100004196167,14.399999618530273,11.442326545715332,3600.0,FMN
2015-09-30,8.279999732971191,8.409999847412111,8.130000114440918,8.220000267028809,7.511373043060303,14900.0,FMNB
2015-09-30,15.270000457763672,15.9399995803833,15.0,15.640000343322756,8.420580863952638,439500.0,FMO
2015-09-30,39.13999938964844,39.290000915527344,38.68999862670898,39.0099983215332,37.097801208496094,90100.0,FMS
2015-09-30,88.86000061035156,89.9000015258789,88.55999755859375,89.25,83.34754943847656,383300.0,FMX
2015-09-30,14.390000343322756,14.390000343322756,14.270000457763672,14.279999732971193,11.031442642211914,2200.0,FMY
2015-09-30,19.020000457763672,19.020000457763672,18.07999992370605,18.32999992370605,18.32999992370605,727400.0,FN
2015-09-30,12.960000038146973,13.010000228881836,12.81999969482422,12.949999809265135,10.942724227905273,1402400.0,FNB
2015-09-30,5.190000057220459,5.190000057220459,5.190000057220459,5.190000057220459,4.758476734161377,0.0,FNCB
2015-09-30,25.285198211669922,25.63898849487305,25.08303260803223,25.610107421875,21.925392150878906,3051800.0,FNF
2015-09-30,23.31999969482422,25.0,23.229999542236328,24.020000457763672,22.20897102355957,120900.0,FNHC
2015-09-30,1.7300000190734863,1.75,1.6200000047683716,1.6499999761581419,1.6499999761581419,6200.0,FNJN
2015-09-30,18.850000381469727,19.15999984741211,18.850000381469727,19.100000381469727,15.925090789794922,12500.0,FNLC
2015-09-30,41.93000030517578,44.08000183105469,41.88999938964844,44.02000045776367,41.225399017333984,925800.0,FNV
2015-09-30,12.380000114440918,12.380000114440918,12.220000267028807,12.380000114440918,12.220888137817385,4700.0,FNWB
2015-09-30,10.890000343322754,11.109999656677246,10.81999969482422,10.949999809265137,10.949999809265137,946300.0,FOE
2015-09-30,10.949999809265137,10.970000267028807,10.739999771118164,10.800000190734863,7.358490943908691,112500.0,FOF
2015-09-30,13.5,14.479999542236328,13.350000381469727,13.989999771118164,13.989999771118164,3734500.0,FOLD
2015-09-30,12.5,13.4399995803833,12.460000038146973,13.40999984741211,13.40999984741211,63500.0,FONR
2015-09-30,13.279999732971193,13.34000015258789,13.100000381469727,13.149999618530273,13.149999618530273,218500.0,FOR
2015-09-30,1.440000057220459,1.4600000381469729,1.3200000524520874,1.3600000143051147,1.3600000143051147,225100.0,FORD
2015-09-30,6.639999866485597,6.860000133514403,6.5900001525878915,6.78000020980835,6.78000020980835,333100.0,FORM
2015-09-30,31.649999618530273,31.790000915527344,31.170000076293945,31.440000534057614,29.56303977966309,65200.0,FORR
2015-09-30,27.989999771118164,27.989999771118164,27.20000076293945,27.25,24.99715614318848,500.0,FORTY
2015-09-30,56.75,57.9900016784668,55.27000045776367,55.88000106811523,55.88000106811523,920100.0,FOSL
2015-09-30,16.09000015258789,17.110000610351562,15.899999618530273,16.860000610351562,16.860000610351562,206600.0,FOXF
2015-09-30,4.699999809265137,4.699999809265137,4.699999809265137,4.699999809265137,4.699999809265137,0.0,FPAY
2015-09-30,21.38999938964844,21.63999938964844,21.34000015258789,21.440000534057614,14.851957321166992,184000.0,FPF
2015-09-30,10.06999969482422,10.5,10.0,10.5,8.412441253662111,37500.0,FPI
2015-09-30,12.4399995803833,12.640000343322756,12.050000190734865,12.420000076293945,7.665602207183838,243900.0,FPL
2015-09-30,15.399999618530273,15.920000076293945,14.699999809265135,15.390000343322756,15.390000343322756,474100.0,FPRX
2015-09-30,21.25,21.32999992370605,20.950000762939453,20.950000762939453,18.489625930786133,2092700.0,FR
2015-09-30,12.869999885559082,12.9399995803833,12.850000381469727,12.9399995803833,9.874869346618652,227800.0,FRA
2015-09-30,22.899999618530273,22.899999618530273,22.899999618530273,22.899999618530273,19.89459800720215,0.0,FRAF
2015-09-30,149.63999938964844,149.63999938964844,143.8800048828125,146.75999450683594,146.75999450683594,64600.0,FRAN
2015-09-30,6.179999828338622,6.230000019073486,6.1500000953674325,6.210000038146973,6.0321784019470215,6500.0,FRBA
2015-09-30,3.650000095367432,3.7899999618530273,3.559999942779541,3.7200000286102295,3.7200000286102295,28300.0,FRBK
2015-09-30,62.5099983215332,62.79999923706055,61.97999954223633,62.77000045776367,50.84612655639648,929000.0,FRC
2015-09-30,6.019999980926514,6.019999980926514,5.949999809265138,6.0,5.674030780792236,7300.0,FRD
2015-09-30,22.8799991607666,23.53000068664551,22.70000076293945,23.290000915527344,19.918344497680664,29316.0,FRG
2015-09-30,45.959999084472656,46.66999816894531,45.27000045776367,45.36999893188477,45.36999893188477,367700.0,FRGI
2015-09-30,0.07999999821186066,0.07999999821186066,0.07999999821186066,0.07999999821186066,0.07999999821186066,403.0,FRHC
2015-09-30,26.190000534057614,26.239999771118164,25.809999465942386,26.21999931335449,23.869985580444336,208000.0,FRME
2015-09-30,13.149999618530273,13.649999618530273,13.0,13.449999809265135,10.431069374084473,282000.0,FRO
2015-09-30,30.0,30.82999992370605,30.0,30.13999938964844,30.13999938964844,4200.0,FRPH
2015-09-30,10.649999618530273,10.800000190734863,10.350000381469727,10.5,10.5,431700.0,FRPT
2015-09-30,136.0,136.77000427246094,135.14999389648438,136.44999694824222,118.90122985839844,652100.0,FRT
2015-09-30,22.71999931335449,22.71999931335449,22.059999465942386,22.350000381469727,22.182247161865234,27600.0,FSB
2015-09-30,8.351709365844728,8.351709365844728,8.351709365844728,8.351709365844728,8.351709365844728,0.0,FSBC
2015-09-30,23.57999992370605,23.57999992370605,23.57999992370605,23.57999992370605,22.31623649597168,0.0,FSBW
2015-09-30,14.050000190734865,14.119999885559082,13.869999885559082,14.09000015258789,9.586477279663086,215900.0,FSD
2015-09-30,34.009998321533196,34.009998321533196,34.0,34.0,32.275161743164055,1100.0,FSFG
2015-09-30,0.9860000014305116,0.9990000128746032,0.9520000219345092,0.959999978542328,0.8757197856903076,15700.0,FSI
2015-09-30,9.300000190734863,9.524999618530273,9.18000030517578,9.31999969482422,5.51693058013916,2308200.0,FSK
2015-09-30,41.4900016784668,42.849998474121094,41.47999954223633,42.75,42.75,1496200.0,FSLR
2015-09-30,2.200000047683716,2.2300000190734863,2.1199998855590816,2.1800000667572017,2.1800000667572017,205300.0,FSM
2015-09-30,10.829999923706056,10.899999618530273,10.729999542236328,10.75,8.277585983276367,542700.0,FSP
2015-09-30,13.770000457763672,13.869999885559082,13.630000114440918,13.710000038146973,12.795649528503418,308400.0,FSS
2015-09-30,12.329999923706055,12.350000381469727,12.18000030517578,12.279999732971193,12.129111289978027,250200.0,FSTR
2015-09-30,32.450000762939446,32.450000762939446,31.3700008392334,32.290000915527344,31.153871536254886,45500.0,FSV
2015-09-30,5.769999980926514,5.9099998474121085,5.760000228881836,5.9099998474121085,4.545743465423584,36600.0,FT
2015-09-30,12.880000114440918,13.25,12.829999923706055,12.829999923706055,8.219938278198242,316400.0,FTAI
2015-09-30,1.8899999856948853,1.9600000381469729,1.8600000143051147,1.9099999666213991,1.9099999666213991,55900.0,FTEK
2015-09-30,10.899999618530273,10.93000030517578,10.779999732971193,10.899999618530273,7.023314952850343,88900.0,FTF
2015-09-30,6.960000038146973,6.960000038146973,6.559999942779541,6.639999866485597,6.639999866485597,600.0,FTFT
2015-09-30,31.739999771118164,31.920000076293945,30.489999771118164,31.0,27.01192855834961,4160800.0,FTI
2015-09-30,17.139999389648438,17.25,16.420000076293945,16.700000762939453,16.700000762939453,1025800.0,FTK
2015-09-30,42.66999816894531,43.13999938964844,41.650001525878906,42.47999954223633,42.47999954223633,2012400.0,FTNT
2015-09-30,72.1500015258789,72.30000305175781,70.5,71.25,53.20333862304688,1213600.0,FTR
2015-09-30,28.170000076293945,28.170000076293945,28.170000076293945,28.170000076293945,22.63405418395996,3700.0,FTS
2015-09-30,18.76000022888184,18.76000022888184,18.350000381469727,18.350000381469727,18.350000381469727,800.0,FUD
2015-09-30,7.380000114440918,7.380000114440918,7.380000114440918,7.380000114440918,7.380000114440918,0.0,FUE
2015-09-30,33.720001220703125,34.110000610351555,33.720001220703125,33.939998626708984,32.093032836914055,658500.0,FUL
2015-09-30,12.0600004196167,12.130000114440918,12.0,12.100000381469727,10.539087295532227,1401200.0,FULT
2015-09-30,52.20000076293945,53.459999084472656,52.20000076293945,52.61000061035156,40.02374267578125,148700.0,FUN
2015-09-30,8.079999923706055,8.199999809265138,8.079999923706055,8.199999809265138,7.879131317138673,900.0,FUNC
2015-09-30,5.860000133514403,5.949999809265138,5.8400001525878915,5.9099998474121085,4.221252918243408,41300.0,FUND
2015-09-30,8.199999809265138,8.310000419616701,8.029999732971191,8.130000114440918,7.829099178314209,5800.0,FUSB
2015-09-30,28.70000076293945,31.0,28.60000038146973,30.899999618530273,30.899999618530273,36100.0,FVE
2015-09-30,24.93700790405273,25.09150314331055,24.81060218811035,25.08448028564453,25.08448028564453,1213900.0,FWONA
2015-09-30,24.94251251220703,25.26463508605957,24.61306953430176,25.228029251098636,25.228029251098636,1121100.0,FWONK
2015-09-30,164.85000610351562,178.42999267578125,160.89500427246094,164.9199981689453,29.88298797607422,10400.0,FWP
2015-09-30,42.34000015258789,42.61000061035156,41.43999862670898,41.4900016784668,39.43717956542969,294900.0,FWRD
2015-09-30,8.300000190734862,8.300000190734862,8.300000190734862,8.300000190734862,7.838982105255128,4000.0,FXNC
2015-09-30,22.81999969482422,23.70000076293945,22.75,23.61000061035156,22.90860939025879,1009100.0,G
2015-09-30,5.148809432983398,5.198412895202637,5.1091270446777335,5.178571224212647,3.2357795238494877,452100.0,GAB
2015-09-30,19.57999992370605,19.66666603088379,19.3799991607666,19.513334274291992,17.812057495117188,27900.0,GABC
2015-09-30,6.1599998474121085,6.1599998474121085,6.019999980926514,6.1500000953674325,6.1500000953674325,5300.0,GAIA
2015-09-30,6.869999885559082,7.0999999046325675,6.769999980926514,7.039999961853027,4.699057102203369,278300.0,GAIN
2015-09-30,2.1700000762939453,2.380000114440918,2.039999961853028,2.3399999141693115,2.3399999141693115,131100.0,GALT
2015-09-30,30.71999931335449,31.1200008392334,30.71999931335449,30.979999542236328,23.615367889404297,163000.0,GAM
2015-09-30,13.550000190734865,13.850000381469727,13.520000457763672,13.6899995803833,7.397628307342528,53000.0,GARS
2015-09-30,4.380000114440918,4.53000020980835,4.380000114440918,4.489999771118164,4.489999771118164,42500.0,GASS
2015-09-30,44.22999954223633,44.5099983215332,43.540000915527344,44.150001525878906,38.98305130004883,461300.0,GATX
2015-09-30,1.0199999809265137,1.0199999809265137,0.9300000071525574,0.9300000071525574,0.9300000071525574,31300.0,GAZ
2015-09-30,21.670000076293945,21.670000076293945,21.43000030517578,21.43000030517578,15.748690605163574,61000.0,GBAB
2015-09-30,26.11000061035156,26.5,25.88999938964844,26.38999938964844,22.38376235961914,535300.0,GBCI
2015-09-30,15.949999809265135,16.069999694824222,15.899999618530273,15.979999542236328,11.078179359436037,434500.0,GBDC
2015-09-30,29.639202117919922,30.140010833740234,29.31610107421875,29.56381225585937,29.07082939147949,69000.0,GBL
2015-09-30,26.25,26.29999923706055,25.8799991607666,26.170000076293945,24.35381507873535,24900.0,GBLI
2015-09-30,24.059999465942386,24.26000022888184,22.75,23.440000534057614,23.005327224731445,47600.0,GBLIZ
2015-09-30,1.3799999952316284,1.3799999952316284,1.2999999523162842,1.3200000524520874,1.3200000524520874,9700.0,GBR
2015-09-30,40.290000915527344,45.06999969482422,40.290000915527344,42.15999984741211,42.15999984741211,1146300.0,GBT
2015-09-30,31.920000076293945,32.90999984741211,31.61000061035156,32.110000610351555,28.46255302429199,581800.0,GBX
2015-09-30,7.449999809265138,7.449999809265138,7.110000133514403,7.28000020980835,6.142618656158447,137000.0,GCAP
2015-09-30,13.75,13.75,13.75,13.75,12.602383613586426,400.0,GCBC
2015-09-30,14.84000015258789,14.84000015258789,14.84000015258789,14.84000015258789,10.225930213928224,0.0,GCE
2015-09-30,15.149999618530273,15.510000228881836,15.079999923706055,15.460000038146973,8.572980880737305,221800.0,GCI
2015-09-30,57.15999984741211,57.31000137329102,56.18999862670898,57.06999969482422,57.06999969482422,292900.0,GCO
2015-09-30,4.8400001525878915,4.920000076293945,4.8400001525878915,4.860000133514403,3.2479617595672607,22200.0,GCV
2015-09-30,137.3800048828125,138.50999450683594,136.28999328613278,137.94999694824222,125.4374542236328,1557700.0,GD
2015-09-30,23.90999984741211,25.25,23.53000068664551,25.209999084472656,25.209999084472656,879200.0,GDDY
2015-09-30,9.18000030517578,9.199999809265137,8.720000267028809,9.039999961853027,7.875964164733888,5800.0,GDEN
2015-09-30,9.859999656677246,9.9399995803833,9.800000190734863,9.800000190734863,7.734912395477295,31800.0,GDL
2015-09-30,15.949999809265135,15.960000038146973,15.609999656677244,15.829999923706055,11.193713188171387,71500.0,GDO
2015-09-30,17.649999618530273,17.65999984741211,17.370000839233402,17.600000381469727,17.600000381469727,367000.0,GDOT
2015-09-30,17.309999465942386,17.559999465942386,17.25,17.559999465942386,13.16310214996338,191800.0,GDV
2015-09-30,23.778846740722656,24.269229888916016,23.74038505554199,24.25,21.42074966430664,45508600.0,GE
2015-09-30,9.0,9.239999771118164,8.640000343322754,8.760000228881836,8.760000228881836,19900.0,GEC
2015-09-30,31.84000015258789,32.110000610351555,31.40999984741211,31.90999984741211,26.60688400268555,292800.0,GEF
2015-09-30,35.95000076293945,39.18999862670898,35.599998474121094,38.34000015258789,25.51512908935547,598200.0,GEL
2015-09-30,5.809999942779541,6.1500000953674325,5.809999942779541,6.130000114440918,6.130000114440918,223700.0,GEN
2015-09-30,6.0,6.0266666412353525,6.0,6.0266666412353525,6.0266666412353525,2500.0,GENC
2015-09-30,7.239999771118164,7.440000057220459,7.039999961853027,7.119999885559082,7.119999885559082,15700.0,GENE
2015-09-30,19.979999542236328,20.13333320617676,19.746665954589844,19.8266658782959,12.610372543334961,865300.0,GEO
2015-09-30,14.010000228881836,14.260000228881836,13.4399995803833,13.8100004196167,13.8100004196167,168800.0,GEOS
2015-09-30,8.130000114440918,8.439999580383299,7.699999809265138,8.310000419616701,5.0349321365356445,639200.0,GER
2015-09-30,2.7799999713897705,2.8499999046325684,2.5999999046325684,2.759999990463257,2.759999990463257,5402500.0,GERN
2015-09-30,21.18000030517578,21.40999984741211,21.059999465942386,21.36000061035156,17.338066101074222,828500.0,GES
2015-09-30,748.0,748.0,648.0,688.0,688.0,1700.0,GEVO
2015-09-30,14.65999984741211,14.65999984741211,14.369999885559082,14.40999984741211,9.77334213256836,14100.0,GF
2015-09-30,14.720000267028807,14.720000267028807,14.649999618530273,14.670000076293945,13.373420715332033,5200.0,GFED
2015-09-30,15.609999656677244,15.8100004196167,15.5,15.770000457763672,14.03848648071289,163700.0,GFF
2015-09-30,2.490000009536743,2.700000047683716,2.490000009536743,2.6600000858306885,2.4826855659484863,4981500.0,GFI
2015-09-30,3.5899999141693115,3.75,3.5699999332427983,3.7000000476837163,3.7000000476837163,9900.0,GFN
2015-09-30,88.0999984741211,88.0999984741211,88.0999984741211,88.0999984741211,57.1314811706543,100.0,GFNCP
2015-09-30,15.6899995803833,15.6899995803833,15.529999732971193,15.529999732971193,11.976330757141113,8300.0,GFY
2015-09-30,18.15999984741211,18.479999542236328,17.81999969482422,17.81999969482422,17.366451263427734,200200.0,GGAL
2015-09-30,1.4600000381469729,1.4600000381469729,1.3200000524520874,1.3700000047683716,1.2877562046051023,7410200.0,GGB
2015-09-30,22.05666732788086,22.41666603088379,21.88999938964844,22.343334197998047,18.995256423950195,1207800.0,GGG
2015-09-30,19.88999938964844,19.899999618530273,19.649999618530273,19.899999618530273,12.519156455993652,17900.0,GGM
2015-09-30,5.050000190734863,5.0900001525878915,4.989999771118164,4.989999771118164,2.7514922618865967,544100.0,GGN
2015-09-30,7.550000190734862,7.570000171661378,7.489999771118164,7.53000020980835,4.615267753601074,62700.0,GGT
2015-09-30,9.487922668457033,9.58454132080078,9.468599319458008,9.58454132080078,8.84091567993164,20600.0,GGZ
2015-09-30,580.9500122070312,580.9500122070312,572.280029296875,577.0,552.5792846679689,20400.0,GHC
2015-09-30,0.009999999776482582,0.009999999776482582,0.009999999776482582,0.009999999776482582,0.0095353489741683,2000.0,GHG
2015-09-30,28.649999618530273,28.649999618530273,28.03000068664551,28.46999931335449,23.53069305419922,274300.0,GHL
2015-09-30,17.6299991607666,17.829999923706055,17.559999465942386,17.649999618530273,16.225854873657227,29100.0,GHM
2015-09-30,13.899999618530273,13.920000076293945,13.729999542236328,13.789999961853027,9.564106941223145,240800.0,GHY
2015-09-30,35.63999938964844,36.27000045776367,35.540000915527344,36.209999084472656,36.209999084472656,204400.0,GIB
2015-09-30,10.739999771118164,11.079999923706056,9.8100004196167,10.529999732971193,10.33948802947998,192200.0,GIFI
2015-09-30,0.5199999809265137,0.5199999809265137,0.4699999988079071,0.4900000095367432,0.4900000095367432,64100.0,GIGM
2015-09-30,60.13000106811523,61.93000030517578,59.459999084472656,61.65999984741211,61.65999984741211,449700.0,GIII
2015-09-30,29.979999542236328,30.170000076293945,29.670000076293945,30.15999984741211,28.273347854614254,454400.0,GIL
2015-09-30,98.44000244140624,99.72000122070312,96.91999816894531,98.19000244140624,85.86405181884766,15811800.0,GILD
2015-09-30,3.5,3.5299999713897705,3.400000095367432,3.5299999713897705,3.352909803390503,15900.0,GILT
2015-09-30,6.0999999046325675,6.0999999046325675,6.010000228881836,6.0900001525878915,4.791487693786621,1011000.0,GIM
2015-09-30,56.13999938964844,56.29999923706055,55.47999954223633,56.13000106811523,47.36876678466797,4474100.0,GIS
2015-09-30,0.0902400016784668,0.0902400016784668,0.0902400016784668,0.0902400016784668,0.0902400016784668,0.0,GIX
2015-09-30,9.670000076293944,9.899999618530273,9.670000076293944,9.899999618530273,7.38455057144165,1000.0,GJH
2015-09-30,19.86000061035156,19.90999984741211,19.86000061035156,19.90999984741211,17.559673309326172,800.0,GJO
2015-09-30,21.059999465942386,21.059999465942386,21.049999237060547,21.049999237060547,18.04258346557617,600.0,GJP
2015-09-30,19.899999618530273,19.899999618530273,19.63999938964844,19.63999938964844,17.884416580200195,700.0,GJR
2015-09-30,18.600000381469727,18.600000381469727,18.600000381469727,18.600000381469727,16.540170669555664,0.0,GJS
2015-09-30,17.709999084472656,17.709999084472656,17.709999084472656,17.709999084472656,15.307954788208008,0.0,GJT
2015-09-30,23.56999969482422,25.309999465942386,22.670000076293945,24.190000534057614,24.190000534057614,1224800.0,GKOS
2015-09-30,57.1500015258789,57.33000183105469,56.18999862670898,56.4000015258789,54.35369491577149,1140400.0,GL
2015-09-30,8.210000038146973,8.409999847412111,8.090000152587889,8.130000114440918,5.254200458526611,242700.0,GLAD
2015-09-30,39.599998474121094,39.599998474121094,38.400001525878906,39.599998474121094,39.599998474121094,100.0,GLBS
2015-09-30,12.770000457763672,14.199999809265135,12.770000457763672,14.1899995803833,12.083231925964355,1900.0,GLBZ
2015-09-30,5.139999866485597,5.1599998474121085,5.03000020980835,5.039999961853027,5.039999961853027,185200.0,GLDD
2015-09-30,10.859999656677246,10.949999809265137,10.859999656677246,10.90999984741211,7.384246826171875,5500.0,GLDI
2015-09-30,3.0499999523162837,3.0499999523162837,3.0499999523162837,3.0499999523162837,3.0499999523162837,0.0,GLG
2015-09-30,39.66999816894531,40.45000076293945,39.36999893188477,40.349998474121094,39.91497802734375,928300.0,GLIBA
2015-09-30,40.27000045776367,40.27000045776367,40.27000045776367,40.27000045776367,35.00075149536133,100.0,GLIBP
2015-09-30,8.0,8.0,7.25,7.429999828338622,7.429999828338622,29700.0,GLMD
2015-09-30,27.520000457763672,29.70000076293945,27.01000022888184,27.8799991607666,25.857213973999023,3237700.0,GLNG
2015-09-30,10.720000267028807,10.779999732971193,10.699999809265137,10.699999809265137,6.424232482910156,252800.0,GLO
2015-09-30,30.899999618530273,31.61000061035156,30.31999969482422,30.59000015258789,30.59000015258789,240600.0,GLOB
2015-09-30,9.350000381469727,9.770000457763672,9.300000190734863,9.619999885559082,7.463414192199707,1411300.0,GLOG
2015-09-30,14.640000343322756,16.229999542236328,14.59000015258789,16.129999160766598,9.530876159667967,187600.0,GLOP
2015-09-30,27.399999618530273,28.93000030517578,26.54999923706055,28.32999992370605,17.512042999267578,242200.0,GLP
2015-09-30,39.650001525878906,41.20000076293945,38.040000915527344,40.709999084472656,40.709999084472656,450400.0,GLPG
2015-09-30,28.90999984741211,29.81999969482422,28.81999969482422,29.70000076293945,21.416013717651367,727400.0,GLPI
2015-09-30,12.65999984741211,12.729999542236328,12.630000114440918,12.65999984741211,7.718027114868164,48500.0,GLQ
2015-09-30,22.63999938964844,22.670000076293945,22.1299991607666,22.280000686645508,22.280000686645508,169300.0,GLRE
2015-09-30,17.129999160766598,17.290000915527347,17.030000686645508,17.219999313354492,14.973877906799315,197800.0,GLT
2015-09-30,16.110000610351562,16.110000610351562,16.0,16.100000381469727,11.964155197143555,4500.0,GLU
2015-09-30,4.309999942779541,4.380000114440918,4.239999771118163,4.369999885559082,4.369999885559082,1458700.0,GLUU
2015-09-30,13.050000190734865,13.199999809265135,12.989999771118164,13.06999969482422,7.941040515899657,20400.0,GLV
2015-09-30,16.969999313354492,17.180000305175778,16.930000305175778,17.120000839233402,15.29405689239502,10471300.0,GLW
2015-09-30,6.039999961853027,6.039999961853027,5.46999979019165,5.599999904632568,5.599999904632568,67900.0,GLYC
2015-09-30,29.6200008392334,30.10000038146973,29.3799991607666,30.020000457763672,24.51876449584961,18931900.0,GM
2015-09-30,9.092000007629396,9.133999824523926,9.06999969482422,9.095999717712402,9.095999717712402,134500.0,GMAB
2015-09-30,41.0099983215332,41.31999969482422,40.61000061035156,41.209999084472656,31.47777938842773,1716600.0,GME
2015-09-30,21.18000030517578,21.38999938964844,20.6299991607666,20.65999984741211,20.65999984741211,1405700.0,GMED
2015-09-30,14.239999771118164,14.880000114440918,14.140000343322756,14.670000076293945,7.905546188354492,436600.0,GMLP
2015-09-30,0.2700000107288361,0.2899999916553497,0.2700000107288361,0.2899999916553497,0.2899999916553497,47600.0,GMO
2015-09-30,10.420000076293944,10.68000030517578,9.949999809265137,10.43000030517578,6.567337989807129,682200.0,GMZ
2015-09-30,40.400001525878906,40.560001373291016,39.650001525878906,40.41999816894531,38.64174270629883,1174200.0,GNC
2015-09-30,56.72000122070313,60.08000183105469,53.040000915527344,54.79999923706055,54.79999923706055,45300.0,GNCA
2015-09-30,8.350000381469728,8.680000305175781,8.109999656677246,8.229999542236326,6.836697101593018,42300.0,GNE
2015-09-30,39.099998474121094,40.400001525878906,39.0,39.099998474121094,36.97478866577149,96700.0,GNK
2015-09-30,26.85000038146973,27.60000038146973,26.43000030517578,27.60000038146973,19.346349716186523,364400.0,GNL
2015-09-30,7.619999885559082,7.9099998474121085,7.4000000953674325,7.869999885559082,7.869999885559082,614700.0,GNMK
2015-09-30,27.71999931335449,30.15999984741211,27.68000030517578,30.09000015258789,30.09000015258789,2313800.0,GNRC
2015-09-30,5.739999771118164,5.789999961853027,5.6599998474121085,5.789999961853027,3.5925321578979488,95900.0,GNT
2015-09-30,15.270000457763672,15.520000457763672,15.220000267028807,15.5,14.169351577758787,2249500.0,GNTX
2015-09-30,3.900000095367432,4.769999980926514,3.900000095367432,4.5900001525878915,4.5900001525878915,1700.0,GNUS
2015-09-30,4.6599998474121085,4.739999771118164,4.579999923706055,4.619999885559082,4.619999885559082,5762500.0,GNW
2015-09-30,18.11000061035156,18.11000061035156,17.65999984741211,17.8799991607666,10.82216739654541,136100.0,GOF
2015-09-30,12.850000381469727,12.850000381469727,12.050000190734865,12.300000190734865,10.641416549682617,97100.0,GOGL
2015-09-30,14.869999885559082,15.4399995803833,14.75,15.279999732971193,15.279999732971193,1111400.0,GOGO
2015-09-30,1.7400000095367432,1.940000057220459,1.7400000095367432,1.940000057220459,1.939658522605896,178500.0,GOL
2015-09-30,6.139999866485597,6.360000133514403,6.039999961853027,6.360000133514403,3.680352449417114,19589300.0,GOLD
2015-09-30,14.260000228881836,14.399999618530273,13.989999771118164,14.109999656677244,9.82513427734375,162800.0,GOOD
2015-09-30,603.280029296875,608.760009765625,600.72998046875,608.4199829101562,608.4199829101562,2413400.0,GOOG
2015-09-30,631.8300170898438,639.3099975585938,629.1500244140625,638.3699951171875,638.3699951171875,2647700.0,GOOGL
2015-09-30,2.400000095367432,2.549999952316284,2.2699999809265137,2.5299999713897705,2.429486989974976,1512900.0,GORO
2015-09-30,82.63999938964844,83.30000305175781,81.94000244140625,82.88999938964844,72.58673858642578,1065000.0,GPC
2015-09-30,84.88999938964844,85.47000122070312,83.86000061035156,85.1500015258789,79.80955505371094,257700.0,GPI
2015-09-30,12.880000114440918,12.960000038146973,12.619999885559082,12.789999961853027,11.534708976745605,8233700.0,GPK
2015-09-30,0.3899999856948853,0.4099999964237213,0.3899999856948853,0.3899999856948853,0.3899999856948853,106000.0,GPL
2015-09-30,7.1599998474121085,7.199999809265138,7.059999942779541,7.199999809265138,4.208482742309569,103600.0,GPM
2015-09-30,57.34000015258789,57.95000076293945,56.459999084472656,57.3650016784668,57.11944580078125,1111400.0,GPN
2015-09-30,29.459999084472656,30.270000457763672,28.96999931335449,29.68000030517578,29.68000030517578,1637900.0,GPOR
2015-09-30,13.100000381469727,13.25,12.920000076293945,13.199999809265135,8.040229797363281,51100.0,GPP
2015-09-30,18.729999542236328,19.739999771118164,18.729999542236328,19.459999084472656,17.22627067565918,886700.0,GPRE
2015-09-30,3.0,3.140000104904175,3.0,3.0499999523162837,3.022778987884521,1500.0,GPRK
2015-09-30,30.29999923706055,31.5,29.899999618530273,31.21999931335449,31.21999931335449,6619200.0,GPRO
2015-09-30,27.95000076293945,28.79999923706055,27.6299991607666,28.5,23.65932655334473,24727900.0,GPS
2015-09-30,22.68000030517578,23.020000457763672,22.440000534057614,22.81999969482422,22.81999969482422,180100.0,GPX
2015-09-30,92.55999755859376,93.7699966430664,92.02999877929688,93.0500030517578,88.2464370727539,728000.0,GRA
2015-09-30,1.0299999713897705,1.0299999713897705,1.0299999713897705,1.0299999713897705,1.0299999713897705,0.0,GRAF
2015-09-30,3.9700000286102295,4.099999904632568,3.920000076293945,3.9800000190734863,3.939457893371582,141600.0,GRAM
2015-09-30,10.760000228881836,10.84000015258789,10.390000343322754,10.829999923706056,10.829999923706056,283600.0,GRBK
2015-09-30,23.709999084472656,24.3700008392334,23.61000061035156,23.96999931335449,22.29482078552246,62600.0,GRC
2015-09-30,7.78000020980835,8.149999618530272,7.699999809265138,7.699999809265138,6.134795188903809,9500.0,GRF
2015-09-30,15.524999618530273,15.69499969482422,15.024999618530273,15.199999809265135,13.867046356201172,2445800.0,GRFS
2015-09-30,24.88999938964844,25.239999771118164,24.15999984741211,24.729999542236328,23.35342216491699,3300.0,GRIF
2015-09-30,35.47999954223633,35.959999084472656,35.310001373291016,35.880001068115234,29.263851165771484,1313700.0,GRMN
2015-09-30,10.399999618530273,10.399999618530273,10.399999618530273,10.399999618530273,10.399999618530273,1500.0,GRN
2015-09-30,1.7599999904632568,1.7599999904632568,1.6699999570846558,1.6699999570846558,1.509776949882507,9500.0,GROW
2015-09-30,3.3399999141693115,3.359999895095825,3.2100000381469727,3.259999990463257,3.259999990463257,9779700.0,GRPN
2015-09-30,4.53000020980835,4.570000171661377,4.53000020980835,4.570000171661377,4.570000171661377,600.0,GRU
2015-09-30,24.290000915527344,24.665000915527344,23.88999938964844,24.34000015258789,24.34000015258789,929100.0,GRUB
2015-09-30,1.8049999475479128,1.8049999475479128,1.7999999523162842,1.7999999523162842,1.7999999523162842,1200.0,GRVY
2015-09-30,9.760000228881836,9.859999656677246,9.640000343322754,9.6899995803833,7.6663103103637695,62100.0,GRX
2015-09-30,174.5800018310547,175.0800018310547,172.16000366210938,173.75999450683594,161.7628936767578,2931500.0,GS
2015-09-30,1.4500000476837158,1.5800000429153442,1.4500000476837158,1.5700000524520874,1.5700000524520874,2501500.0,GSAT
2015-09-30,3.1800000667572017,3.2999999523162837,3.1600000858306885,3.2799999713897705,2.1000256538391118,14400.0,GSB
2015-09-30,42.84000015258789,43.41999816894531,42.63999938964844,43.29999923706055,38.02122116088867,50800.0,GSBC
2015-09-30,18.15999984741211,19.1299991607666,18.15999984741211,18.40999984741211,12.378816604614258,419200.0,GSBD
2015-09-30,23.559999465942386,23.75,23.559999465942386,23.739999771118164,23.739999771118164,15300.0,GSC
2015-09-30,20.030000686645508,20.030000686645508,19.8799991607666,19.979999542236328,17.724132537841797,9300.0,GSH
2015-09-30,4.0,4.099999904632568,4.0,4.059999942779541,4.059999942779541,17600.0,GSIT
2015-09-30,38.15999984741211,38.4900016784668,38.09000015258789,38.45000076293945,30.44333839416504,2997900.0,GSK
2015-09-30,35.36000061035156,37.20000076293945,35.36000061035156,37.11999893188477,34.401161193847656,4500.0,GSL
2015-09-30,12.0,12.239999771118164,11.890000343322756,12.130000114440918,11.346158981323242,385100.0,GSM
2015-09-30,16.239999771118164,16.239999771118164,16.110000610351562,16.209999084472653,16.209999084472653,47000.0,GSP
2015-09-30,1.0,1.100000023841858,1.0,1.0,1.0,29400.0,GSS
2015-09-30,0.4000000059604645,0.4000000059604645,0.3799999952316284,0.3799999952316284,0.3799999952316284,40600.0,GSV
2015-09-30,0.004999999888241291,0.004999999888241291,0.004999999888241291,0.004999999888241291,0.004999999888241291,0.0,GSX
2015-09-30,28.70000076293945,29.45000076293945,28.59000015258789,29.32999992370605,26.599380493164066,3945400.0,GT
2015-09-30,2.220000028610229,2.299999952316284,2.1300001144409184,2.1300001144409184,2.1300001144409184,1610700.0,GTE
2015-09-30,6.3400001525878915,6.449999809265138,6.119999885559082,6.25,6.25,25000.0,GTIM
2015-09-30,18.6299991607666,19.280000686645508,18.6200008392334,19.209999084472656,19.209999084472656,611600.0,GTLS
2015-09-30,12.920000076293945,12.989999771118164,12.380000114440918,12.760000228881836,12.760000228881836,1035100.0,GTN
2015-09-30,18.010000228881836,18.270000457763672,17.579999923706055,17.809999465942386,17.809999465942386,228000.0,GTS
2015-09-30,23.01000022888184,23.53000068664551,22.309999465942386,23.26000022888184,23.26000022888184,322900.0,GTT
2015-09-30,15.630000114440918,15.800000190734865,15.550000190734865,15.800000190734865,12.60344123840332,187400.0,GTY
2015-09-30,6.949999809265138,7.1500000953674325,6.949999809265138,7.050000190734862,7.050000190734862,4200.0,GURE
2015-09-30,5.5900001525878915,5.619999885559082,5.550000190734863,5.570000171661377,3.70357084274292,50400.0,GUT
2015-09-30,1.6599999666213991,1.7300000190734863,1.6599999666213991,1.6699999570846558,1.6699999570846558,69100.0,GV
2015-09-30,29.88999938964844,30.190000534057614,28.940000534057614,29.670000076293945,27.96771049499512,384500.0,GVA
2015-09-30,1.5,1.5,1.4199999570846558,1.4900000095367432,1.4900000095367432,13500.0,GVP
2015-09-30,25.04999923706055,25.399999618530273,24.770000457763672,25.3700008392334,22.69170188903809,536100.0,GWB
2015-09-30,8.449999809265138,8.449999809265138,8.449999809265138,8.449999809265138,3.987624883651733,1000.0,GWGH
2015-09-30,89.12999725341797,92.72000122070312,88.98999786376953,91.37000274658205,91.37000274658205,304800.0,GWPH
2015-09-30,51.65999984741211,52.7599983215332,51.2599983215332,52.58000183105469,52.58000183105469,524000.0,GWRE
2015-09-30,214.1699981689453,217.7100067138672,209.3699951171875,215.00999450683597,195.3583984375,968200.0,GWW
2015-09-30,21.36000061035156,21.36000061035156,21.030000686645508,21.100000381469727,17.915632247924805,1000.0,GYC
2015-09-30,28.0,28.59000015258789,27.95000076293945,28.04999923706055,17.32118034362793,6800.0,GYRO
2015-09-30,46.29999923706055,47.25,46.25,47.099998474121094,46.15655136108398,414700.0,H
2015-09-30,24.420000076293945,24.70000076293945,23.88999938964844,24.68000030517578,23.77945327758789,990900.0,HA
2015-09-30,32.779998779296875,32.900001525878906,31.10000038146973,32.31999969482422,32.31999969482422,1200800.0,HAE
2015-09-30,25.36000061035156,25.479999542236328,25.0,25.20000076293945,21.535030364990234,231000.0,HAFC
2015-09-30,52.36999893188477,52.65999984741211,51.18999862670898,51.599998474121094,51.599998474121094,1827800.0,HAIN
2015-09-30,35.009998321533196,35.959999084472656,34.610000610351555,35.349998474121094,31.839784622192386,13868900.0,HAL
2015-09-30,11.479999542236328,11.529999732971193,11.399999618530273,11.489999771118164,11.489999771118164,14400.0,HALL
2015-09-30,13.760000228881836,13.949999809265135,12.81999969482422,13.43000030517578,13.43000030517578,1850300.0,HALO
2015-09-30,72.23999786376953,72.58999633789062,70.5,72.13999938964844,64.43523406982422,2280300.0,HAS
2015-09-30,16.899999618530273,17.329999923706055,16.579999923706055,17.219999313354492,13.019146919250488,191300.0,HASI
2015-09-30,37.79999923706055,38.02000045776367,36.810001373291016,37.84000015258789,33.72724151611328,95100.0,HAYN
2015-09-30,10.5,10.609999656677246,10.399999618530273,10.600000381469727,9.0315580368042,10269700.0,HBAN
2015-09-30,25.68000030517578,26.5,25.309999465942386,25.790000915527344,23.859455108642575,4800.0,HBCP
2015-09-30,28.459999084472656,28.979999542236328,28.3700008392334,28.940000534057614,25.44457626342773,3482000.0,HBI
2015-09-30,3.7799999713897705,3.880000114440918,3.759999990463257,3.7799999713897705,3.7799999713897705,67800.0,HBIO
2015-09-30,3.7300000190734863,3.900000095367432,3.640000104904175,3.6800000667572017,3.6072089672088623,231600.0,HBM
2015-09-30,14.75,14.75,14.199999809265135,14.199999809265135,14.199999809265135,1300.0,HBMD
2015-09-30,10.600000381469727,10.631111145019533,10.520000457763672,10.55555534362793,9.611448287963867,41100.0,HBNC
2015-09-30,3.0699999332427983,3.150000095367432,3.0699999332427983,3.119999885559082,3.119999885559082,6000.0,HBP
2015-09-30,75.0,77.9800033569336,74.5,77.36000061035156,75.2543716430664,5821000.0,HCA
2015-09-30,12.100000381469727,12.199999809265135,11.899999618530273,11.90999984741211,7.332162380218506,12300.0,HCAP
2015-09-30,10.300000190734863,10.34000015258789,10.050000190734863,10.270000457763672,10.270000457763672,89400.0,HCCI
2015-09-30,6.449999809265138,6.449999809265138,6.25,6.320000171661378,2.948105573654175,62200.0,HCFT
2015-09-30,6.75,7.0999999046325675,6.75,7.010000228881836,7.010000228881836,95100.0,HCHC
2015-09-30,38.45000076293945,38.88999938964844,37.959999084472656,38.77000045776367,33.013946533203125,153400.0,HCI
2015-09-30,13.539999961853027,13.779999732971193,13.229999542236328,13.75,12.53851318359375,223700.0,HCKT
2015-09-30,8.069999694824219,8.5,7.440000057220459,7.489999771118164,6.586526393890381,866800.0,HCR
2015-09-30,33.009998321533196,33.790000915527344,32.86999893188477,33.700000762939446,30.549489974975586,707700.0,HCSG
2015-09-30,114.37000274658205,115.62999725341795,114.0,115.48999786376952,104.06771087646484,5395600.0,HD
2015-09-30,30.290000915527344,30.71999931335449,30.28499984741211,30.545000076293945,29.28610992431641,3095200.0,HDB
2015-09-30,28.45000076293945,28.75,28.13999938964844,28.6200008392334,28.6200008392334,4121300.0,HDS
2015-09-30,2.990000009536743,3.009999990463257,2.940000057220459,2.970000028610229,2.970000028610229,25900.0,HDSN
2015-09-30,28.68000030517578,28.920000076293945,28.459999084472656,28.690000534057614,24.41980171203613,618900.0,HE
2015-09-30,10.15999984741211,10.399999618530273,9.600000381469727,9.720000267028807,9.720000267028807,81300.0,HEAR
2015-09-30,16.770000457763672,16.860000610351562,16.389999389648438,16.719999313354492,13.475981712341307,350800.0,HEES
2015-09-30,24.70400047302246,25.11871910095215,24.57600021362305,25.026559829711914,24.687641143798828,889300.0,HEI
2015-09-30,89.75,90.41000366210938,87.9800033569336,89.30000305175781,89.30000305175781,294600.0,HELE
2015-09-30,26.93000030517578,29.04999923706055,26.770000457763672,29.03000068664551,19.995662689208984,189200.0,HEP
2015-09-30,1164.800048828125,1232.0,1159.199951171875,1170.4000244140625,1170.4000244140625,100.0,HEPA
2015-09-30,14.380000114440918,14.40999984741211,14.15999984741211,14.390000343322756,9.167718887329102,92200.0,HEQ
2015-09-30,48.63999938964844,50.1500015258789,48.45000076293945,50.06000137329102,45.83488464355469,3316600.0,HES
2015-09-30,14.5,14.5,14.5,14.5,14.5,0.0,HEXO
2015-09-30,22.8700008392334,22.8700008392334,22.8700008392334,22.8700008392334,21.236927032470703,200.0,HFBL
2015-09-30,47.45000076293945,48.93000030517578,47.16999816894531,48.84000015258789,41.94548416137695,2820600.0,HFC
2015-09-30,19.15999984741211,19.15999984741211,18.799999237060547,18.81999969482422,16.489004135131836,136000.0,HFWA
2015-09-30,30.85000038146973,30.85000038146973,30.459999084472656,30.54999923706055,24.516441345214844,57100.0,HGH
2015-09-30,1.6699999570846558,1.7200000286102295,1.6699999570846558,1.7000000476837158,1.7000000476837158,5200.0,HGSH
2015-09-30,114.29000091552734,114.7699966430664,112.29000091552734,114.73999786376952,114.73999786376952,211100.0,HHC
2015-09-30,34.700000762939446,35.900001525878906,34.400001525878906,35.29999923706055,33.599891662597656,43400.0,HHS
2015-09-30,2.9500000476837163,2.9500000476837163,2.9500000476837163,2.9500000476837163,2.9500000476837163,0.0,HHT
2015-09-30,25.770000457763672,26.170000076293945,25.51000022888184,26.01000022888184,23.35254669189453,512800.0,HI
2015-09-30,35.5,35.5,34.59000015258789,35.009998321533196,35.009998321533196,456100.0,HIBB
2015-09-30,12.239999771118164,12.25,11.770000457763672,12.06999969482422,7.060429096221924,130200.0,HIE
2015-09-30,115.9499969482422,117.0,115.23999786376952,116.02999877929688,111.80030059814452,23200.0,HIFS
2015-09-30,45.61999893188477,45.83000183105469,45.06000137329102,45.77999877929688,41.73997116088867,4380400.0,HIG
2015-09-30,5.0,5.130000114440918,4.920000076293945,5.110000133514403,3.7625544071197514,28100.0,HIHO
2015-09-30,106.75,107.66000366210938,105.6500015258789,107.1500015258789,100.61750793457031,245500.0,HII
2015-09-30,3.259999990463257,3.3299999237060547,3.2100000381469727,3.2799999713897705,3.2799999713897705,151800.0,HIL
2015-09-30,7.71999979019165,8.0,7.710000038146973,7.96999979019165,7.54339075088501,1516700.0,HIMX
2015-09-30,4.650000095367432,4.690000057220459,4.579999923706055,4.690000057220459,3.322828531265259,595200.0,HIO
2015-09-30,39.09000015258789,39.13999938964844,38.63999938964844,38.75,31.46564674377441,1034200.0,HIW
2015-09-30,6.5,6.510000228881836,6.4099998474121085,6.46999979019165,4.231644630432129,826100.0,HIX
2015-09-30,16.149999618530273,17.0,16.149999618530273,17.0,11.113882064819336,1300.0,HJV
2015-09-30,1.950000047683716,1.9900000095367432,1.8999999761581419,1.9700000286102293,1.9395971298217771,6303400.0,HL
2015-09-30,27.5,27.864999771118164,26.88999938964844,27.25,27.25,2754800.0,HLF
2015-09-30,9.760000228881836,9.760000228881836,9.760000228881836,9.760000228881836,9.760000228881836,100.0,HLG
2015-09-30,21.399999618530273,22.04599952697754,21.01000022888184,21.799999237060547,19.560060501098636,1919100.0,HLI
2015-09-30,27.57999992370605,27.940000534057614,27.28000068664551,27.46999931335449,26.41195678710937,53600.0,HLIO
2015-09-30,5.829999923706055,5.869999885559082,5.769999980926514,5.800000190734862,5.800000190734862,264200.0,HLIT
2015-09-30,45.34920120239258,47.07287979125977,45.14400100708008,47.07287979125977,45.55514526367188,4732000.0,HLT
2015-09-30,4.869999885559082,4.889999866485597,4.670000076293945,4.789999961853027,4.789999961853027,2067100.0,HLX
2015-09-30,29.6200008392334,29.90999984741211,29.559999465942386,29.899999618530273,25.83859634399414,582400.0,HMC
2015-09-30,12.539999961853027,12.539999961853027,12.539999961853027,12.539999961853027,9.132755279541016,0.0,HMG
2015-09-30,20.3799991607666,20.549999237060547,20.11000061035156,20.309999465942386,20.309999465942386,838000.0,HMHC
2015-09-30,9.100000381469727,9.100000381469727,9.100000381469727,9.100000381469727,9.100000381469727,0.0,HMI
2015-09-30,16.139999389648438,16.629999160766598,16.040000915527347,16.25,10.53195095062256,18000.0,HMLP
2015-09-30,33.610000610351555,33.610000610351555,32.84999847412109,33.220001220703125,29.281757354736328,204300.0,HMN
2015-09-30,11.510000228881836,11.510000228881836,11.510000228881836,11.510000228881836,11.510000228881836,1900.0,HMNF
2015-09-30,22.790000915527344,23.170000076293945,21.809999465942386,23.10000038146973,22.99144744873047,270300.0,HMST
2015-09-30,9.079999923706056,9.100000381469727,8.560000419616701,8.770000457763674,8.770000457763674,1914700.0,HMSY
2015-09-30,13.59000015258789,13.699999809265135,13.270000457763672,13.600000381469727,13.600000381469727,69200.0,HMTV
2015-09-30,0.6399999856948853,0.6399999856948853,0.6000000238418579,0.6000000238418579,0.5753008723258972,1775200.0,HMY
2015-09-30,13.68000030517578,13.829999923706055,13.34000015258789,13.640000343322756,13.640000343322756,326500.0,HNGR
2015-09-30,42.709999084472656,43.22999954223633,42.27999877929688,42.900001525878906,37.62449645996094,169800.0,HNI
2015-09-30,16.033332824707028,16.033332824707028,15.58666706085205,15.84000015258789,14.01565933227539,9600.0,HNNA
2015-09-30,43.2400016784668,43.2400016784668,42.29999923706055,42.29999923706055,34.05425262451172,99700.0,HNP
2015-09-30,7.170000076293945,7.3499999046325675,6.9000000953674325,6.949999809265138,6.041566848754883,114300.0,HNRG
2015-09-30,14.59000015258789,14.770000457763672,14.460000038146973,14.770000457763672,10.075533866882324,73600.0,HNW
2015-09-30,23.899999618530273,24.239999771118164,23.51000022888184,23.540000915527344,21.65488052368164,88700.0,HOFT
2015-09-30,54.31000137329102,55.47000122070313,54.18000030517578,54.9000015258789,47.05582809448242,3069900.0,HOG
2015-09-30,16.540000915527347,17.479999542236328,16.540000915527347,17.479999542236328,16.808408737182614,292100.0,HOLI
2015-09-30,38.38999938964844,39.2400016784668,38.18000030517578,39.13000106811523,39.13000106811523,2876700.0,HOLX
2015-09-30,20.15999984741211,20.34499931335449,20.030000686645508,20.25,18.486083984375,584600.0,HOMB
2015-09-30,89.2830581665039,90.41756439208984,89.12098693847656,90.2745590209961,81.94591522216797,4613200.0,HON
2015-09-30,15.239999771118164,15.279999732971193,14.899999618530273,15.020000457763672,13.007549285888672,521400.0,HOPE
2015-09-30,44.25,45.0,43.0,44.25,44.25,62500.0,HOV
2015-09-30,4.550000190734863,4.550000190734863,4.0,4.400000095367432,4.400000095367432,69700.0,HOVNP
2015-09-30,48.18999862670898,49.04999923706055,46.72000122070313,47.2599983215332,36.97928237915039,4180100.0,HP
2015-09-30,19.049999237060547,19.1200008392334,18.959999084472656,19.1200008392334,13.464332580566404,64000.0,HPF
2015-09-30,19.299999237060547,19.32999992370605,19.15999984741211,19.32999992370605,13.686153411865234,62900.0,HPI
2015-09-30,29.239999771118164,29.309999465942386,28.6200008392334,28.790000915527344,25.12819862365723,521200.0,HPP
2015-09-30,11.385104179382324,11.67574977874756,11.326066970825195,11.630335807800293,9.979148864746094,42508900.0,HPQ
2015-09-30,3.0,3.2999999523162837,2.869999885559082,3.2999999523162837,3.2999999523162837,4040600.0,HPR
2015-09-30,16.75,16.819999694824222,16.559999465942386,16.65999984741211,11.71062469482422,107900.0,HPS
2015-09-30,26.540000915527344,27.70000076293945,26.43000030517578,27.60000038146973,18.235429763793945,306400.0,HQH
2015-09-30,6.360000133514403,6.71999979019165,6.239999771118164,6.239999771118164,6.239999771118164,3200.0,HQI
2015-09-30,21.709999084472656,22.53000068664551,21.709999084472656,22.51000022888184,14.559844970703125,129700.0,HQL
2015-09-30,29.21999931335449,29.70000076293945,28.84499931335449,29.54999923706055,29.54999923706055,434500.0,HQY
2015-09-30,25.09000015258789,25.10000038146973,24.21999931335449,24.85000038146973,20.82024955749512,1895600.0,HR
2015-09-30,35.61000061035156,36.2599983215332,35.61000061035156,36.20000076293945,30.480337142944336,8292300.0,HRB
2015-09-30,52.11999893188477,52.45000076293945,51.36999893188477,51.9900016784668,49.70800399780274,753900.0,HRC
2015-09-30,49.47000122070313,51.75,49.16999816894531,50.18999862670898,50.18999862670898,2853600.0,HRI
2015-09-30,31.09499931335449,31.70000076293945,30.9950008392334,31.65500068664551,28.477033615112305,3456800.0,HRL
2015-09-30,7.050000190734862,7.050000190734862,6.190000057220459,6.420000076293945,6.420000076293945,51000.0,HROW
2015-09-30,19.25,19.75,18.989999771118164,19.729999542236328,18.342077255249023,323500.0,HRTG
2015-09-30,21.82999992370605,24.899999618530273,21.5,24.399999618530273,24.399999618530273,3485600.0,HRTX
2015-09-30,9.06999969482422,9.300000190734863,9.039999961853027,9.050000190734863,5.385700225830078,82000.0,HRZN
2015-09-30,37.79999923706055,37.88000106811523,37.52999877929688,37.88000106811523,28.24116325378418,1981200.0,HSBC
2015-09-30,8.9399995803833,9.210000038146973,8.899999618530273,9.06999969482422,8.818757057189941,758800.0,HSC
2015-09-30,3.2799999713897705,3.2799999713897705,3.0499999523162837,3.0499999523162837,3.0499999523162837,1700.0,HSDT
2015-09-30,51.462745666503906,52.2784309387207,51.02352905273438,52.04705810546875,52.04705810546875,1998600.0,HSIC
2015-09-30,19.3700008392334,19.68000030517578,19.350000381469727,19.450000762939453,17.689937591552734,31300.0,HSII
2015-09-30,29.479999542236328,31.040000915527344,28.78000068664551,30.479999542236328,30.479999542236328,69700.0,HSKA
2015-09-30,25.0,25.0,24.0,24.899999618530273,23.89799690246582,1000.0,HSON
2015-09-30,15.539999961853027,15.880000114440918,15.449999809265135,15.8100004196167,12.896726608276367,20161200.0,HST
2015-09-30,21.790000915527344,21.979999542236328,21.350000381469727,21.809999465942386,20.92015838623047,140200.0,HSTM
2015-09-30,93.25,93.4800033569336,91.18000030517578,91.87999725341795,82.34185791015625,1193900.0,HSY
2015-09-30,22.40999984741211,22.76000022888184,22.200000762939453,22.65999984741211,15.934764862060547,689000.0,HT
2015-09-30,24.63999938964844,24.670000076293945,24.149999618530273,24.51000022888184,19.816669464111328,1424900.0,HTA
2015-09-30,18.75,18.75,18.5,18.549999237060547,18.284255981445312,200600.0,HTBI
2015-09-30,11.739999771118164,11.850000381469727,11.329999923706055,11.34000015258789,9.770748138427734,533800.0,HTBK
2015-09-30,45.599998474121094,47.29999923706055,45.599998474121094,46.20000076293945,46.20000076293945,1400.0,HTBX
2015-09-30,19.5,19.63999938964844,19.420000076293945,19.6200008392334,13.821600914001465,77600.0,HTD
2015-09-30,10.109999656677246,10.270000457763672,10.039999961853027,10.109999656677246,7.128870964050293,627700.0,HTGC
2015-09-30,7.960000038146973,8.850000381469727,7.5,7.619999885559082,7.619999885559082,28900.0,HTGM
2015-09-30,19.899999618530273,19.90999984741211,19.549999237060547,19.809999465942386,18.96234130859375,530900.0,HTH
2015-09-30,6.132500171661378,6.179999828338622,6.0625,6.082499980926514,5.803278923034668,577200.0,HTHT
2015-09-30,20.43000030517578,20.5,19.8700008392334,19.940000534057614,19.57954978942871,628000.0,HTLD
2015-09-30,36.45000076293945,36.70000076293945,35.689998626708984,36.290000915527344,34.23815155029297,53000.0,HTLF
2015-09-30,9.239999771118164,9.279999732971193,9.199999809265137,9.279999732971193,5.8681273460388175,33700.0,HTY
2015-09-30,16.489999771118164,17.25,16.389999389648438,16.729999542236328,16.729999542236328,8560800.0,HTZ
2015-09-30,83.5999984741211,85.05999755859375,83.5199966430664,84.94999694824219,75.65913391113281,360100.0,HUBB
2015-09-30,36.90999984741211,37.150001525878906,36.38000106811523,36.40999984741211,36.40999984741211,231200.0,HUBG
2015-09-30,47.790000915527344,48.27000045776367,45.29999923706055,46.36999893188477,46.36999893188477,374500.0,HUBS
2015-09-30,177.08999633789062,179.4499969482422,175.72000122070312,179.0,173.44847106933594,1856600.0,HUM
2015-09-30,9.460000038146973,9.739999771118164,9.4399995803833,9.6899995803833,8.528892517089844,11598500.0,HUN
2015-09-30,26.25,26.79999923706055,26.0,26.239999771118164,24.844831466674805,34000.0,HURC
2015-09-30,62.5099983215332,63.16999816894531,61.36999893188477,62.52999877929688,62.52999877929688,200000.0,HURN
2015-09-30,0.18000000715255735,0.18000000715255735,0.17000000178813934,0.18000000715255735,0.18000000715255735,10300.0,HUSA
2015-09-30,24.04999923706055,24.209999084472656,23.3799991607666,23.479999542236328,20.53255844116211,125300.0,HVT
2015-09-30,13.22115421295166,13.432692527770994,13.22115421295166,13.432692527770994,12.493188858032227,3500.0,HWBK
2015-09-30,27.1200008392334,27.290000915527344,26.93000030517578,27.04999923706055,23.909757614135746,693800.0,HWC
2015-09-30,6.21999979019165,6.360000133514403,6.119999885559082,6.3400001525878915,6.1142516136169425,115200.0,HWCC
2015-09-30,24.3700008392334,24.43000030517578,24.20000076293945,24.290000915527344,20.382713317871094,40000.0,HWCPL
2015-09-30,38.13999938964844,38.9900016784668,38.02999877929688,38.5,35.05541610717773,35500.0,HWKN
2015-09-30,44.72000122070313,45.43000030517578,44.56999969482422,44.86000061035156,42.99985122680664,608900.0,HXL
2015-09-30,57.849998474121094,58.33000183105469,57.13000106811523,57.83000183105469,52.90479278564453,64300.0,HY
2015-09-30,7.869999885559082,7.96999979019165,7.829999923706055,7.96999979019165,5.498338222503662,95000.0,HYB
2015-09-30,13.850000381469727,14.0,13.770000457763672,14.0,9.780885696411133,139500.0,HYI
2015-09-30,9.81999969482422,9.890000343322754,9.720000267028807,9.869999885559082,6.701387882232666,1053900.0,HYT
2015-09-30,8.779999732971191,8.9399995803833,8.75,8.819999694824219,8.819999694824219,171000.0,HZN
2015-09-30,17.399999618530273,20.040000915527344,17.399999618530273,19.81999969482422,19.81999969482422,10569500.0,HZNP
2015-09-30,14.010000228881836,14.329999923706055,14.0,14.130000114440918,14.130000114440918,307100.0,HZO
2015-09-30,6.71999979019165,6.989999771118164,6.320000171661378,6.429999828338622,6.429999828338622,688300.0,I
2015-09-30,0.5,0.5,0.5,0.5,0.5,0.0,IAA
2015-09-30,65.12999725341797,65.58999633789061,64.15000152587889,65.26999664306639,64.9351806640625,656400.0,IAC
2015-09-30,8.630000114440918,8.8100004196167,8.460000038146973,8.560000419616701,5.409276485443115,223100.0,IAE
2015-09-30,5.329999923706055,5.400000095367432,5.28000020980835,5.360000133514403,3.213001251220703,115500.0,IAF
2015-09-30,1.5099999904632568,1.6399999856948853,1.4800000190734863,1.6299999952316284,1.6299999952316284,4278300.0,IAG
2015-09-30,29.854999542236328,30.104999542236328,29.440000534057614,29.774999618530273,29.774999618530273,876000.0,IART
2015-09-30,62.06999969482422,62.849998474121094,60.81999969482422,61.099998474121094,57.21516418457031,39600.0,IBA
2015-09-30,14.899999618530273,14.949999809265135,14.670000076293945,14.760000228881836,13.161346435546875,634400.0,IBCP
2015-09-30,6.5999999046325675,6.9000000953674325,6.5,6.800000190734862,6.800000190734862,11000.0,IBIO
2015-09-30,58.0,58.290000915527344,57.59000015258789,58.209999084472656,52.50505447387695,217900.0,IBKC
2015-09-30,25.040000915527344,25.29999923706055,25.01000022888184,25.29999923706055,19.271270751953125,24300.0,IBKCP
2015-09-30,38.47000122070313,39.52000045776367,38.36999893188477,39.47000122070313,38.04761505126953,665200.0,IBKR
2015-09-30,143.69000244140625,145.7100067138672,143.66000366210938,144.97000122070312,119.1894302368164,3946200.0,IBM
2015-09-30,7.6818180084228525,7.6818180084228525,7.5,7.618181705474853,7.293189525604247,11377000.0,IBN
2015-09-30,24.96999931335449,25.170000076293945,24.809999465942386,25.03000068664551,22.50729179382324,227600.0,IBOC
2015-09-30,25.09000015258789,25.399999618530273,24.71999931335449,25.28000068664551,25.28000068664551,226900.0,IBP
2015-09-30,38.11999893188477,39.2400016784668,37.959999084472656,38.43000030517578,36.61684799194336,74500.0,IBTX
2015-09-30,3.4200000762939453,3.490000009536743,3.380000114440918,3.400000095367432,3.400000095367432,27400.0,ICAD
2015-09-30,18.94499969482422,19.13999938964844,18.739999771118164,19.13999938964844,18.30868148803711,400.0,ICBK
2015-09-30,6.269999980926514,6.449999809265138,5.949999809265138,5.949999809265138,5.949999809265138,13400.0,ICCC
2015-09-30,102.0,104.5999984741211,96.0,99.5999984741211,99.5999984741211,2400.0,ICD
2015-09-30,45.83200073242188,47.06399917602539,45.70000076293945,46.99800109863281,41.75282669067383,3125500.0,ICE
2015-09-30,30.729999542236328,30.809999465942386,30.190000534057614,30.38999938964844,29.86706733703613,79900.0,ICFI
2015-09-30,5.079999923706055,5.124000072479248,5.065000057220459,5.119999885559082,3.765644073486328,195400.0,ICL
2015-09-30,71.51000213623047,73.12000274658203,69.19999694824219,70.97000122070312,70.97000122070312,722600.0,ICLR
2015-09-30,10.079999923706056,10.779999732971193,10.010000228881836,10.239999771118164,5.7283267974853525,59500.0,ICMB
2015-09-30,133.5,136.10000610351562,131.39999389648438,135.19999694824222,135.19999694824222,96500.0,ICON
2015-09-30,162.57000732421875,167.89999389648438,158.60000610351562,165.86000061035156,165.86000061035156,420100.0,ICPT
2015-09-30,107.26000213623048,109.58000183105469,107.26000213623048,109.5,109.5,178600.0,ICUI
2015-09-30,63.81000137329102,64.84999847412111,63.5,64.70999908447266,57.437461853027344,349900.0,IDA
2015-09-30,49.959999084472656,50.70000076293945,49.90999984741211,50.599998474121094,46.46758651733398,421600.0,IDCC
2015-09-30,12.1899995803833,12.270000457763672,12.109999656677244,12.260000228881836,7.465108394622803,74400.0,IDE
2015-09-30,1.8500000238418581,1.9099999666213991,1.8500000238418581,1.8999999761581419,1.8999999761581419,9700.0,IDEX
2015-09-30,0.9200000166893004,0.9200000166893004,0.8700000047683716,0.8999999761581421,0.8999999761581421,33900.0,IDN
2015-09-30,27.1200008392334,27.76000022888184,26.07999992370605,26.79999923706055,26.79999923706055,232100.0,IDRA
2015-09-30,13.93000030517578,14.359999656677244,13.829999923706055,14.300000190734865,12.187442779541016,110100.0,IDT
2015-09-30,192.0,192.0,179.0,179.0,179.0,400.0,IDXG
2015-09-30,72.7699966430664,74.41999816894531,71.9000015258789,74.25,74.25,883600.0,IDXX
2015-09-30,6.8538899421691895,6.8538899421691895,6.8538899421691895,6.8538899421691895,6.8538899421691895,0.0,IEA
2015-09-30,3.920000076293945,3.920000076293945,3.849999904632568,3.849999904632568,3.849999904632568,300.0,IEC
2015-09-30,66.88999938964844,67.5,66.55000305175781,67.01999664306639,40.97052383422852,80400.0,IEP
2015-09-30,7.710000038146973,7.730000019073486,7.320000171661378,7.71999979019165,7.71999979019165,23500.0,IESC
2015-09-30,70.72000122070312,71.43000030517578,70.30999755859375,71.30000305175781,67.03359222412111,487500.0,IEX
2015-09-30,101.9499969482422,103.33000183105469,101.4499969482422,103.26000213623048,93.94940948486328,486900.0,IFF
2015-09-30,24.11000061035156,24.489999771118164,23.95000076293945,24.36000061035156,13.187944412231445,155700.0,IFN
2015-09-30,0.8899999856948853,0.8899999856948853,0.8299999833106995,0.8899999856948853,0.8899999856948853,220.0,IFS
2015-09-30,10.859999656677246,10.859999656677246,10.720000267028807,10.729999542236328,6.957339763641357,57500.0,IGA
2015-09-30,0.1899999976158142,0.1899999976158142,0.18000000715255735,0.1899999976158142,0.1899999976158142,29100.0,IGC
2015-09-30,6.920000076293945,6.980000019073486,6.9099998474121085,6.949999809265138,4.2379846572875985,335300.0,IGD
2015-09-30,20.36000061035156,20.6299991607666,20.32999992370605,20.489999771118164,16.231986999511722,38500.0,IGI
2015-09-30,7.440000057220459,7.460000038146973,7.360000133514403,7.380000114440918,5.129601001739502,319000.0,IGR
2015-09-30,15.5600004196167,15.829999923706055,15.25,15.329999923706055,12.33627700805664,1363800.0,IGT
2015-09-30,13.020000457763672,13.050000190734865,12.949999809265135,12.960000038146973,12.536454200744627,4700.0,IHC
2015-09-30,7.619999885559082,7.739999771118164,7.619999885559082,7.710000038146973,4.782191753387451,79000.0,IHD
2015-09-30,45.7486686706543,45.98659896850586,45.33889770507813,45.77510452270508,33.52777862548828,187000.0,IHG
2015-09-30,2.470000028610229,2.470000028610229,2.470000028610229,2.470000028610229,2.343261957168579,200.0,IHT
2015-09-30,6.4000000953674325,6.4000000953674325,6.300000190734862,6.3499999046325675,4.002613067626953,36600.0,IID
2015-09-30,25.940000534057614,26.3799991607666,25.940000534057614,26.3799991607666,16.672090530395508,35700.0,IIF
2015-09-30,3.9300000667572017,4.059999942779541,3.910000085830689,3.910000085830689,3.3751745223999023,25900.0,III
2015-09-30,16.149999618530273,16.149999618530273,15.850000381469727,16.079999923706055,14.07756233215332,74000.0,IIIN
2015-09-30,15.470000267028807,15.5600004196167,15.4399995803833,15.4399995803833,12.36184024810791,102900.0,IIM
2015-09-30,7.639999866485597,8.300000190734862,7.619999885559082,8.109999656677246,8.109999656677246,9800.0,IIN
2015-09-30,16.010000228881836,16.200000762939453,15.84000015258789,16.079999923706055,16.079999923706055,196200.0,IIVI
2015-09-30,11.529999732971193,12.0,11.5,12.0,12.0,2100.0,IKNX
2015-09-30,173.60000610351562,177.2899932861328,171.89999389648438,175.82000732421875,175.82000732421875,2631200.0,ILMN
2015-09-30,32.310001373291016,34.169998168945305,32.310001373291016,33.790000915527344,33.790000915527344,1067900.0,IMAX
2015-09-30,25.10000038146973,26.29999923706055,24.5,26.20000076293945,26.20000076293945,20400.0,IMBI
2015-09-30,9.779999732971193,10.06999969482422,9.329999923706056,9.600000381469727,9.600000381469727,1537300.0,IMGN
2015-09-30,16.469999313354492,16.670000076293945,16.120000839233402,16.350000381469727,16.350000381469727,68600.0,IMH
2015-09-30,47.36000061035156,48.15999984741211,46.4000015258789,47.83000183105469,43.9676399230957,386800.0,IMKTA
2015-09-30,18.799999237060547,19.84000015258789,18.76000022888184,19.84000015258789,14.349522590637207,24600.0,IMLP
2015-09-30,4.300000190734863,4.5,4.133333206176759,4.233333110809326,4.233333110809326,388500.0,IMMP
2015-09-30,10.789999961853027,11.34000015258789,10.710000038146973,11.229999542236328,11.229999542236328,299000.0,IMMR
2015-09-30,1.6399999856948853,1.75,1.6100000143051147,1.7200000286102295,1.7200000286102295,907500.0,IMMU
2015-09-30,31.38999938964844,32.02000045776367,30.95000076293945,31.61000061035156,28.495962142944336,366000.0,IMO
2015-09-30,15.332844734191895,15.87543487548828,15.304780006408693,15.360910415649414,9.714960098266602,207500.0,IMOS
2015-09-30,170.0,170.0,159.24000549316406,161.60000610351562,161.60000610351562,6100.0,IMUX
2015-09-30,1.923076868057251,1.923076868057251,1.923076868057251,1.923076868057251,1.923076868057251,0.0,IMV
2015-09-30,31.040000915527344,32.5,29.5,31.95000076293945,30.600566864013672,24100.0,INBK
2015-09-30,103.0,110.75,102.79000091552734,110.33000183105469,110.33000183105469,3168000.0,INCY
2015-09-30,46.5,46.63999938964844,45.88000106811523,46.099998474121094,41.669620513916016,200800.0,INDB
2015-09-30,7.929999828338622,8.659999847412111,7.829999923706055,8.449999809265138,8.449999809265138,1396900.0,INFI
2015-09-30,19.3700008392334,19.600000381469727,19.100000381469727,19.559999465942386,19.559999465942386,1253400.0,INFN
2015-09-30,28.649999618530273,29.0,28.5,29.0,28.93897819519043,296200.0,INFO
2015-09-30,2.7100000381469727,2.8399999141693115,2.7100000381469727,2.759999990463257,2.759999990463257,4400.0,INFU
2015-09-30,9.175000190734863,9.579999923706056,9.154999732971193,9.545000076293944,7.520211219787598,20944800.0,INFY
2015-09-30,14.210000038146973,14.239999771118164,13.979999542236328,14.130000114440918,11.43585968017578,2163200.0,ING
2015-09-30,47.209999084472656,48.7599983215332,47.08200073242188,48.54999923706055,48.54999923706055,326900.0,INGN
2015-09-30,86.37000274658203,87.5199966430664,85.94000244140625,87.30999755859375,79.12731170654297,637900.0,INGR
2015-09-30,11.579999923706055,11.6899995803833,11.5,11.670000076293945,9.293449401855467,258300.0,INN
2015-09-30,5.789999961853027,5.940000057220459,5.46999979019165,5.78000020980835,5.78000020980835,1931800.0,INO
2015-09-30,2.309999942779541,2.3299999237060547,2.259999990463257,2.3299999237060547,2.3299999237060547,23100.0,INOD
2015-09-30,20.709999084472656,20.90999984741211,20.3700008392334,20.82999992370605,20.82999992370605,895500.0,INOV
2015-09-30,810000.0,850500.0,810000.0,818100.0,818100.0,0.0,INPX
2015-09-30,2.900000095367432,2.900000095367432,2.900000095367432,2.900000095367432,2.6049420833587646,0.0,INS
2015-09-30,9.699999809265137,9.710000038146973,9.699999809265137,9.699999809265137,9.699999809265137,10500.0,INSE
2015-09-30,2.240000009536743,2.2799999713897705,2.150000095367432,2.2100000381469727,2.2100000381469727,146000.0,INSG
2015-09-30,18.989999771118164,19.100000381469727,18.86000061035156,19.07999992370605,15.367302894592285,17000.0,INSI
2015-09-30,17.90999984741211,18.76000022888184,17.610000610351562,18.56999969482422,18.56999969482422,734900.0,INSM
2015-09-30,35.709999084472656,36.2599983215332,35.310001373291016,35.79999923706055,34.462459564208984,436100.0,INT
2015-09-30,29.559999465942386,30.31999969482422,29.540000915527344,30.13999938964844,26.68377113342285,41051700.0,INTC
2015-09-30,27.60000038146973,27.65999984741211,27.020000457763672,27.65999984741211,27.65999984741211,1100.0,INTG
2015-09-30,24.8700008392334,24.8700008392334,24.459999084472656,24.690000534057614,24.690000534057614,86600.0,INTL
2015-09-30,4.190000057220459,4.230000019073486,4.170000076293944,4.199999809265137,4.199999809265137,9600.0,INTT
2015-09-30,87.76000213623047,88.83000183105469,87.11000061035156,88.75,84.86345672607422,2469800.0,INTU
2015-09-30,2.700000047683716,2.9500000476837163,2.700000047683716,2.900000095367432,2.900000095367432,59700.0,INUV
2015-09-30,6.78000020980835,7.559999942779541,6.710000038146973,7.179999828338622,7.179999828338622,2095100.0,INVA
2015-09-30,3.4100000858306885,3.5999999046325684,3.259999990463257,3.490000009536743,3.490000009536743,52500.0,INVE
2015-09-30,0.2199999988079071,0.2199999988079071,0.2199999988079071,0.2199999988079071,0.20831629633903506,0.0,INVH
2015-09-30,6.619999885559082,6.619999885559082,6.25,6.25,6.25,298300.0,INWK
2015-09-30,5.8499999046325675,6.449999809265138,5.8499999046325675,5.8499999046325675,5.8499999046325675,24600.0,IO
2015-09-30,39.41999816894531,40.72999954223633,38.43000030517578,40.41999816894531,40.41999816894531,2684700.0,IONS
2015-09-30,8.25,8.25,8.25,8.25,8.25,0.0,IOR
2015-09-30,47.68000030517578,47.68000030517578,46.25,46.5099983215332,44.10033416748047,261200.0,IOSP
2015-09-30,5.9000000953674325,6.079999923706055,5.630000114440918,5.760000228881836,5.760000228881836,1668200.0,IOVA
2015-09-30,37.790000915527344,38.060001373291016,37.43999862670898,37.790000915527344,31.44211578369141,3179100.0,IP
2015-09-30,25.04999923706055,25.26000022888184,24.6299991607666,24.809999465942386,22.82973670959473,71700.0,IPAR
2015-09-30,6.079999923706055,6.639999866485597,5.8400001525878915,5.920000076293945,5.920000076293945,2900.0,IPDN
2015-09-30,18.950000762939453,19.149999618530273,18.88999938964844,19.1299991607666,16.380971908569336,3946300.0,IPG
2015-09-30,75.19999694824219,77.2699966430664,73.43000030517578,75.97000122070312,75.97000122070312,533200.0,IPGP
2015-09-30,23.76000022888184,24.11000061035156,23.56999969482422,24.040000915527344,24.040000915527344,548900.0,IPHI
2015-09-30,5.710000038146973,5.789999961853027,5.449999809265137,5.539999961853027,5.539999961853027,724200.0,IPI
2015-09-30,25.20000076293945,25.25,25.149999618530273,25.15999984741211,20.095134735107425,2800.0,IPLDP
2015-09-30,67.19999694824219,67.19999694824219,64.5,66.09999847412111,66.09999847412111,1700.0,IPWR
2015-09-30,12.0600004196167,12.149999618530273,12.039999961853027,12.149999618530273,9.500293731689453,166300.0,IQI
2015-09-30,69.79000091552734,70.43000030517578,68.75,69.56999969482422,69.56999969482422,867000.0,IQV
2015-09-30,51.02999877929688,51.31999969482422,49.79999923706055,50.77000045776367,44.90807723999024,6712200.0,IR
2015-09-30,28.84000015258789,29.239999771118164,28.70000076293945,29.13999938964844,29.13999938964844,268200.0,IRBT
2015-09-30,34.5,34.549999237060554,34.5,34.549999237060554,30.48583793640137,1200.0,IRCP
2015-09-30,6.119999885559082,6.170000076293945,5.980000019073486,6.1500000953674325,6.1500000953674325,884400.0,IRDM
2015-09-30,79.30000305175781,79.80000305175781,76.80000305175781,77.4000015258789,70.96794891357422,138300.0,IRET
2015-09-30,7.289999961853027,7.760000228881836,7.179999828338622,7.610000133514403,7.610000133514403,20700.0,IRIX
2015-09-30,13.220000267028807,13.449999809265135,13.220000267028807,13.449999809265135,9.263532638549805,5800.0,IRL
2015-09-30,30.690000534057614,31.06999969482422,30.489999771118164,31.020000457763672,22.902273178100586,1286100.0,IRM
2015-09-30,24.95000076293945,26.290000915527344,24.29999923706055,24.36000061035156,24.36000061035156,131200.0,IRMD
2015-09-30,17.149999618530273,17.149999618530273,17.0,17.139999389648438,16.30759620666504,1000.0,IROQ
2015-09-30,6.0,6.059999942779541,5.889999866485597,6.03000020980835,3.4855973720550537,184600.0,IRR
2015-09-30,14.09000015258789,15.039999961853027,13.489999771118164,14.539999961853027,13.87503719329834,65700.0,IRS
2015-09-30,7.019999980926514,7.230000019073486,6.989999771118164,7.210000038146973,5.122291564941406,272600.0,IRT
2015-09-30,8.316582679748535,8.777219772338867,8.316582679748535,8.726967811584473,8.726967811584473,1765800.0,IRWD
2015-09-30,12.300000190734865,12.390000343322756,12.260000228881836,12.34000015258789,10.867379188537598,3718100.0,ISBC
2015-09-30,14.600000381469727,14.65999984741211,14.550000190734865,14.65999984741211,10.216694831848145,228200.0,ISD
2015-09-30,7.869999885559082,8.5,7.710000038146973,8.119999885559082,7.692615509033202,9900.0,ISDR
2015-09-30,37.66999816894531,40.70000076293945,36.81999969482422,40.52000045776367,40.52000045776367,704400.0,ISEE
2015-09-30,2.5299999713897705,2.5299999713897705,2.470000028610229,2.5299999713897705,1.8216000795364382,10800.0,ISIG
2015-09-30,3.7200000286102295,3.890000104904175,3.630000114440918,3.75,3.75,17100.0,ISNS
2015-09-30,1.4199999570846558,1.4199999570846558,1.3700000047683716,1.399999976158142,1.399999976158142,229000.0,ISR
2015-09-30,153.1699981689453,155.3333282470703,152.2866668701172,153.19332885742188,153.19332885742188,1069200.0,ISRG
2015-09-30,2.650000095367432,2.720000028610229,2.5199999809265137,2.7100000381469727,2.7100000381469727,14600.0,ISSC
2015-09-30,15.539999961853027,15.760000228881836,15.37600040435791,15.489999771118164,15.118202209472654,56000.0,ISTR
2015-09-30,84.5199966430664,84.76000213623047,83.33999633789062,83.93000030517578,83.93000030517578,626900.0,IT
2015-09-30,13.289999961853027,13.369999885559082,13.15999984741211,13.329999923706055,10.836506843566896,61600.0,ITCB
2015-09-30,38.400001525878906,40.709999084472656,37.54999923706055,40.040000915527344,40.040000915527344,1685200.0,ITCI
2015-09-30,55.95000076293945,56.68999862670898,55.13999938964844,56.41999816894531,56.41999816894531,287500.0,ITGR
2015-09-30,2.4600000381469727,2.5,2.440000057220459,2.4600000381469727,2.4600000381469727,122600.0,ITI
2015-09-30,71.80000305175781,71.80000305175781,71.80000305175781,71.80000305175781,61.41350173950195,0.0,ITIC
2015-09-30,1.6100000143051147,1.6100000143051147,1.5299999713897705,1.6000000238418581,1.6000000238418581,7100.0,ITP
2015-09-30,31.45000076293945,32.02000045776367,31.31999969482422,31.90999984741211,31.90999984741211,405800.0,ITRI
2015-09-30,20.290000915527344,20.84000015258789,20.290000915527344,20.540000915527344,17.586883544921875,3600.0,ITRN
2015-09-30,33.34999847412109,33.540000915527344,32.860000610351555,33.43000030517578,31.654767990112305,854100.0,ITT
2015-09-30,3.975757598876953,4.024242401123047,3.903030395507813,4.0121212005615225,3.279815673828125,40305600.0,ITUB
2015-09-30,82.16999816894531,82.87000274658203,81.31999969482422,82.30999755859375,73.98240661621094,1792900.0,ITW
2015-09-30,4.570000171661377,4.690000057220459,4.2800002098083505,4.599999904632568,4.599999904632568,100900.0,IVAC
2015-09-30,14.720000267028807,14.970000267028807,14.239999771118164,14.470000267028807,14.145244598388672,108200.0,IVC
2015-09-30,13.149999618530273,13.15999984741211,12.890000343322756,12.970000267028807,8.261719703674316,214400.0,IVH
2015-09-30,12.359999656677244,12.380000114440918,12.020000457763672,12.239999771118164,6.530582904815674,3667900.0,IVR
2015-09-30,31.11000061035156,31.3799991607666,30.790000915527344,31.229999542236328,24.716766357421875,6657100.0,IVZ
2015-09-30,63.9000015258789,64.94000244140625,63.77000045776367,64.93000030517578,57.8939094543457,22300.0,IX
2015-09-30,8.399999618530272,8.399999618530272,8.399999618530272,8.399999618530272,8.399999618530272,0.0,IZEA
2015-09-30,37.650001525878906,37.95000076293945,36.86999893188477,37.43000030517578,36.30837631225586,2873200.0,J
2015-09-30,79.25,79.87999725341797,76.83000183105469,77.04000091552734,71.20341491699219,685600.0,JACK
2015-09-30,3643.5,3727.5,3370.5,3402.0,3402.0,0.0,JAGX
2015-09-30,8.449999809265138,8.590000152587889,8.350000381469728,8.520000457763674,8.520000457763674,259600.0,JAKK
2015-09-30,5.599999904632568,5.800000190734862,5.599999904632568,5.800000190734862,5.800000190734862,0.0,JAN
2015-09-30,10.0,10.149999618530273,9.729999542236328,9.970000267028807,9.970000267028807,402300.0,JAX
2015-09-30,127.37999725341795,134.69999694824222,127.37999725341795,132.80999755859378,132.80999755859378,1247300.0,JAZZ
2015-09-30,72.1500015258789,72.4800033569336,70.91999816894531,71.4000015258789,68.32633209228516,944800.0,JBHT
2015-09-30,24.76000022888184,24.76000022888184,24.76000022888184,24.76000022888184,19.18508720397949,0.0,JBK
2015-09-30,22.350000381469727,22.479999542236328,22.149999618530273,22.3700008392334,21.076623916625977,4080200.0,JBL
2015-09-30,25.45000076293945,25.979999542236328,25.1299991607666,25.770000457763672,25.770000457763672,7279300.0,JBLU
2015-09-30,16.040000915527347,16.299999237060547,15.920000076293945,16.299999237060547,8.660153388977049,2500.0,JBN
2015-09-30,15.68000030517578,15.720000267028807,15.68000030517578,15.6899995803833,9.847620964050293,800.0,JBR
2015-09-30,52.72999954223633,52.95000076293945,51.11999893188477,51.2599983215332,39.85866928100586,59200.0,JBSS
2015-09-30,38.0,38.27000045776367,37.36000061035156,38.25,37.41587448120117,182300.0,JBT
2015-09-30,17.770000457763672,18.0,17.450000762939453,17.459999084472653,11.99641227722168,11600.0,JCAP
2015-09-30,13.640000343322756,13.779999732971193,13.579999923706055,13.779999732971193,8.859511375427246,120300.0,JCE
2015-09-30,35.25654602050781,35.49738311767578,34.71204376220703,35.03664779663086,27.009639739990234,4137500.0,JCI
2015-09-30,70.4000015258789,71.04000091552734,69.59999847412111,70.8499984741211,65.73720550537111,398900.0,JCOM
2015-09-30,9.199999809265137,9.369999885559082,9.109999656677246,9.289999961853027,9.289999961853027,9800600.0,JCP
2015-09-30,8.260000228881836,8.350000381469728,8.229999542236326,8.340000152587889,6.929879665374756,3300.0,JCS
2015-09-30,4.53000020980835,4.53000020980835,4.53000020980835,4.53000020980835,4.53000020980835,0.0,JCTCF
2015-09-30,25.459999084472656,26.5,25.20000076293945,26.059999465942386,26.059999465942386,13389200.0,JD
2015-09-30,10.369999885559082,10.390000343322754,10.289999961853027,10.359999656677246,6.773071765899657,46200.0,JDD
2015-09-30,5.9099998474121085,6.170000076293945,5.860000133514403,6.1599998474121085,4.46300220489502,205500.0,JE
2015-09-30,18.960674285888672,19.044944763183594,18.801498413085934,18.97003746032715,17.382745742797848,2682800.0,JEF
2015-09-30,6.920000076293945,6.920000076293945,6.860000133514403,6.860000133514403,5.273026943206787,47500.0,JEQ
2015-09-30,9.989999771118164,10.0600004196167,9.960000038146973,10.050000190734863,7.2651405334472665,317000.0,JFR
2015-09-30,0.20000000298023224,0.20000000298023224,0.20000000298023224,0.20000000298023224,0.20000000298023224,0.0,JG
2015-09-30,14.390000343322756,14.479999542236328,14.220000267028807,14.420000076293945,9.608814239501953,115800.0,JGH
2015-09-30,14.4399995803833,14.59000015258789,14.34000015258789,14.59000015258789,10.255084037780762,76400.0,JHI
2015-09-30,13.93000030517578,13.989999771118164,13.84000015258789,13.9399995803833,10.925323486328123,10200.0,JHS
2015-09-30,12.0,12.130000114440918,11.869999885559082,12.029999732971193,10.86245822906494,4400.0,JHX
2015-09-30,10.100000381469727,10.104999542236328,9.979999542236328,9.989999771118164,7.859896183013916,87500.0,JHY
2015-09-30,35.529998779296875,35.529998779296875,35.220001220703125,35.349998474121094,35.349998474121094,1700.0,JJA
2015-09-30,27.06999969482422,27.65999984741211,27.06999969482422,27.40999984741211,27.40999984741211,76600.0,JJC
2015-09-30,8.010000228881836,8.010000228881836,8.010000228881836,8.010000228881836,8.010000228881836,0.0,JJE
2015-09-30,33.09999847412109,33.540000915527344,32.790000915527344,33.25,33.25,53500.0,JJG
2015-09-30,21.1299991607666,21.18000030517578,21.1299991607666,21.18000030517578,21.18000030517578,700.0,JJM
2015-09-30,12.729999542236328,12.90999984741211,12.729999542236328,12.90999984741211,12.90999984741211,900.0,JJN
2015-09-30,51.959999084472656,51.959999084472656,51.959999084472656,51.959999084472656,51.959999084472656,0.0,JJP
2015-09-30,30.01000022888184,30.01000022888184,30.01000022888184,30.01000022888184,30.01000022888184,0.0,JJS
2015-09-30,113.87999725341795,114.1999969482422,112.5999984741211,113.66000366210938,107.19454956054688,205900.0,JJSF
2015-09-30,33.72999954223633,33.72999954223633,33.72999954223633,33.72999954223633,33.72999954223633,200.0,JJT
2015-09-30,14.260000228881836,14.270000457763672,14.260000228881836,14.270000457763672,14.270000457763672,500.0,JJU
2015-09-30,69.55000305175781,69.90000152587889,69.01000213623047,69.61000061035156,65.980712890625,313500.0,JKHY
2015-09-30,20.01000022888184,22.0,19.920000076293945,21.940000534057614,21.940000534057614,1215800.0,JKS
2015-09-30,145.9600067138672,146.57000732421875,142.9600067138672,143.77000427246094,140.08201599121094,342500.0,JLL
2015-09-30,22.3700008392334,22.520000457763672,22.25,22.399999618530273,15.228303909301758,95600.0,JLS
2015-09-30,99.5,104.5,97.9000015258789,98.6999969482422,98.6999969482422,140000.0,JMEI
2015-09-30,12.420000076293945,13.100000381469727,12.279999732971193,12.56999969482422,7.716473579406737,392800.0,JMF
2015-09-30,9.5,10.229999542236328,9.5,9.899999618530273,5.851135730743407,85100.0,JMLP
2015-09-30,7.0,7.019999980926514,6.949999809265138,6.949999809265138,5.410513877868652,3800.0,JMM
2015-09-30,6.380000114440918,6.4099998474121085,6.210000038146973,6.210000038146973,4.741278648376465,34000.0,JMP
2015-09-30,94.12999725341795,94.47000122070312,92.58999633789062,93.3499984741211,82.64643096923828,10970100.0,JNJ
2015-09-30,25.309999465942386,25.809999465942386,25.309999465942386,25.709999084472656,23.27884864807129,7296800.0,JNPR
2015-09-30,19.5,19.81999969482422,19.38999938964844,19.690000534057614,19.690000534057614,65000.0,JO
2015-09-30,4.199999809265137,4.5,3.5999999046325684,4.0,4.0,41500.0,JOB
2015-09-30,27.13999938964844,27.6299991607666,26.739999771118164,27.399999618530273,27.399999618530273,61100.0,JOBS
2015-09-30,18.920000076293945,19.15999984741211,18.649999618530273,19.1299991607666,19.1299991607666,871600.0,JOE
2015-09-30,10.109999656677246,10.170000076293944,10.06999969482422,10.170000076293944,5.655151844024657,96800.0,JOF
2015-09-30,20.979999542236328,21.559999465942386,20.32999992370605,21.100000381469727,20.222003936767575,17300.0,JOUT
2015-09-30,8.5,9.800000190734863,8.159999847412111,9.0,8.256370544433594,110000.0,JP
2015-09-30,9.010000228881836,9.039999961853027,8.949999809265137,8.989999771118164,6.316634178161621,308800.0,JPC
2015-09-30,21.86000061035156,22.030000686645508,21.790000915527344,21.90999984741211,15.59133243560791,77300.0,JPI
2015-09-30,60.70000076293945,61.0,60.11000061035156,60.97000122070313,53.84084701538086,18743800.0,JPM
2015-09-30,8.920000076293945,8.930000305175781,8.75,8.75,6.236345291137695,1126800.0,JPS
2015-09-30,7.96999979019165,8.010000228881836,7.920000076293945,7.980000019073486,5.191007614135742,417200.0,JQC
2015-09-30,14.720000267028807,14.800000190734865,14.43000030517578,14.6899995803833,10.241422653198242,42600.0,JRI
2015-09-30,33.799999237060554,36.29999923706055,33.5,34.700000762939446,34.700000762939446,10900.0,JRJC
2015-09-30,9.93000030517578,9.960000038146973,9.859999656677246,9.949999809265137,7.1225996017456055,197500.0,JRO
2015-09-30,9.9399995803833,10.140000343322754,9.899999618530273,10.050000190734863,6.854311943054199,115500.0,JRS
2015-09-30,25.96999931335449,27.0,25.920000076293945,26.88999938964844,22.033567428588867,145500.0,JRVR
2015-09-30,15.300000190734865,15.300000190734865,15.020000457763672,15.210000038146973,10.76954746246338,71500.0,JSD
2015-09-30,18.030000686645508,18.190000534057614,16.940000534057614,17.229999542236328,12.579256057739258,152400.0,JSM
2015-09-30,11.210000038146973,11.289999961853027,11.109999656677246,11.270000457763672,7.674884796142577,37300.0,JTA
2015-09-30,13.5,13.5600004196167,13.31999969482422,13.510000228881836,9.361661911010742,44200.0,JTD
2015-09-30,4.0,4.0,3.7999999523162837,3.910000085830689,3.910000085830689,51800.0,JVA
2015-09-30,70.98999786376953,71.77999877929688,70.87000274658203,71.70999908447266,57.40544509887695,1301500.0,JWN
2015-09-30,6.556000232696532,6.556000232696532,6.21999979019165,6.480000019073486,6.480000019073486,7800.0,JYNT
2015-09-30,67.0,67.25,66.19000244140625,66.55000305175781,57.54315185546875,2533000.0,K
2015-09-30,38.86999893188477,39.54999923706055,38.40999984741211,39.0099983215332,36.98483276367188,142200.0,KAI
2015-09-30,81.08999633789062,81.08999633789062,79.37999725341797,80.25,72.0839614868164,230800.0,KALU
2015-09-30,51.38000106811523,56.0,47.88000106811523,49.97999954223633,49.97999954223633,5100.0,KALV
2015-09-30,36.0099983215332,36.20000076293945,35.709999084472656,35.849998474121094,33.52713394165039,118800.0,KAMN
2015-09-30,13.308099746704102,13.448144912719727,13.255109786987305,13.436790466308596,9.893579483032227,3734700.0,KAR
2015-09-30,29.309999465942386,29.43000030517578,29.1200008392334,29.38999938964844,26.58196830749512,252700.0,KB
2015-09-30,9.40999984741211,9.529999732971193,9.220000267028807,9.460000038146973,8.642397880554201,119400.0,KBAL
2015-09-30,13.579999923706055,13.630000114440918,13.239999771118164,13.550000190734865,13.168343544006348,4704500.0,KBH
2015-09-30,16.209999084472653,16.680000305175778,16.180000305175778,16.65999984741211,15.340129852294922,1330800.0,KBR
2015-09-30,90.0,90.0,90.0,90.0,90.0,0.0,KBSF
2015-09-30,79.06999969482422,79.18000030517578,78.5199966430664,79.05000305175781,11.472676277160645,1379400.0,KDP
2015-09-30,11.75,12.100000381469727,11.56999969482422,11.93000030517578,11.93000030517578,46500.0,KE
2015-09-30,13.890000343322756,14.149999618530273,13.8100004196167,14.140000343322756,13.338156700134276,192000.0,KELYA
2015-09-30,13.869999885559082,13.869999885559082,13.869999885559082,13.869999885559082,13.070919036865234,0.0,KELYB
2015-09-30,1.7400000095367432,1.8999999761581419,1.7300000190734863,1.8400000333786009,1.820470213890076,275800.0,KEM
2015-09-30,13.1899995803833,13.1899995803833,13.1899995803833,13.1899995803833,6.5169620513916025,0.0,KEN
2015-09-30,20.59000015258789,20.61000061035156,20.46999931335449,20.489999771118164,17.951675415039062,568900.0,KEP
2015-09-30,16.260000228881836,16.350000381469727,16.260000228881836,16.350000381469727,14.596391677856445,700.0,KEQU
2015-09-30,61.52999877929688,62.4000015258789,61.15999984741211,61.95000076293945,61.95000076293945,460500.0,KEX
2015-09-30,12.920000076293945,13.010000228881836,12.789999961853027,13.010000228881836,11.382429122924805,9591700.0,KEY
2015-09-30,30.5,30.96999931335449,30.5,30.84000015258789,30.84000015258789,487000.0,KEYS
2015-09-30,35.560001373291016,35.63999938964844,35.38999938964844,35.52000045776367,23.5449275970459,7500.0,KF
2015-09-30,8.600000381469728,8.600000381469728,8.5,8.5,6.8780131340026855,1500.0,KFFB
2015-09-30,24.96999931335449,26.46999931335449,24.79999923706055,26.28000068664551,23.867027282714844,374000.0,KFRC
2015-09-30,4.570000171661377,4.679999828338623,4.489999771118164,4.619999885559082,4.619999885559082,10200.0,KFS
2015-09-30,32.990001678466804,33.209999084472656,32.779998779296875,33.06999969482422,31.397602081298828,586800.0,KFY
2015-09-30,1.6499999761581419,1.7400000095367432,1.6200000047683716,1.7200000286102295,1.7200000286102295,9474500.0,KGC
2015-09-30,0.5400000214576721,0.5400000214576721,0.5299999713897705,0.5299999713897705,0.5299999713897705,32700.0,KGJI
2015-09-30,69.66999816894531,70.80000305175781,69.45999908447266,70.58000183105469,58.57340621948242,3132800.0,KHC
2015-09-30,24.40999984741211,24.479999542236328,24.13999938964844,24.43000030517578,18.18459129333496,4253400.0,KIM
2015-09-30,5.139999866485597,5.211999893188477,4.940000057220459,5.199999809265137,5.199999809265137,16700.0,KIN
2015-09-30,8.600000381469728,8.640000343322754,8.541000366210938,8.640000343322754,7.691914558410644,13000.0,KINS
2015-09-30,14.529999732971193,14.5600004196167,14.399999618530273,14.5600004196167,9.607380867004396,57300.0,KIO
2015-09-30,1.6399999856948853,1.6399999856948853,1.6000000238418581,1.6000000238418581,1.6000000238418581,9500.0,KIQ
2015-09-30,22.26000022888184,22.299999237060547,21.350000381469727,21.540000915527344,21.540000915527344,164900.0,KIRK
2015-09-30,16.25,16.860000610351562,16.020000457763672,16.780000686645508,14.41744327545166,3066000.0,KKR
2015-09-30,4.02899980545044,4.150000095367432,4.019999980926514,4.150000095367432,4.07841157913208,2900.0,KL
2015-09-30,48.90999984741211,50.040000915527344,48.68000030517578,50.0,44.40967559814453,2202100.0,KLAC
2015-09-30,9.06999969482422,9.289999961853027,9.06999969482422,9.18000030517578,8.797454833984375,556000.0,KLIC
2015-09-30,0.17499999701976776,0.17499999701976776,0.17499999701976776,0.17499999701976776,0.17499999701976776,0.0,KLR
2015-09-30,108.80999755859376,109.1999969482422,108.37000274658205,109.04000091552734,94.55104064941406,1649600.0,KMB
2015-09-30,3.4200000762939453,3.4200000762939453,3.4200000762939453,3.4200000762939453,3.4200000762939453,0.0,KMDA
2015-09-30,17.969999313354492,19.01000022888184,17.760000228881836,18.88999938964844,12.393352508544922,335300.0,KMF
2015-09-30,26.96999931335449,27.729999542236328,26.45000076293945,27.68000030517578,23.27035522460937,28022300.0,KMI
2015-09-30,18.75,19.65999984741211,18.399999618530273,19.3799991607666,19.3799991607666,133800.0,KMPH
2015-09-30,35.4900016784668,35.540000915527344,35.169998168945305,35.36999893188477,32.07535171508789,162000.0,KMPR
2015-09-30,24.559999465942386,24.940000534057614,24.15999984741211,24.88999938964844,22.246612548828125,994300.0,KMT
2015-09-30,59.099998474121094,59.81999969482422,58.7599983215332,59.31999969482422,59.31999969482422,2284300.0,KMX
2015-09-30,17.950000762939453,18.489999771118164,17.760000228881836,18.43000030517578,18.43000030517578,1464400.0,KN
2015-09-30,5.239999771118164,5.5900001525878915,5.059999942779541,5.25,5.25,812500.0,KNDI
2015-09-30,22.209999084472656,22.299999237060547,21.809999465942386,21.979999542236328,19.222806930541992,347500.0,KNL
2015-09-30,14.520000457763672,14.979999542236328,13.949999809265135,14.800000190734865,9.25179386138916,178900.0,KNOP
2015-09-30,24.43000030517578,24.60000038146973,23.63999938964844,24.0,23.21008682250977,2656600.0,KNX
2015-09-30,39.88000106811523,40.22999954223633,39.79999923706055,40.11999893188477,34.64901733398437,19752600.0,KO
2015-09-30,15.380000114440918,15.670000076293945,15.149999618530273,15.619999885559082,15.619999885559082,294100.0,KODK
2015-09-30,69.20999908447266,70.26999664306639,68.87999725341797,69.37999725341797,60.73868179321289,67100.0,KOF
2015-09-30,19.57999992370605,20.26000022888184,19.530000686645508,20.170000076293945,20.170000076293945,156100.0,KOP
2015-09-30,3.1700000762939453,3.190000057220459,3.0999999046325684,3.140000104904175,3.140000104904175,185400.0,KOPN
2015-09-30,5.610000133514403,5.610000133514403,5.420000076293945,5.579999923706055,5.326770782470703,1899000.0,KOS
2015-09-30,2.2100000381469727,2.2100000381469727,2.2100000381469727,2.2100000381469727,2.2100000381469727,0.0,KOSS
2015-09-30,10.550000190734863,11.020000457763672,10.0,10.529999732971193,10.529999732971193,307800.0,KPTI
2015-09-30,35.97999954223633,36.25,35.63999938964844,36.06999969482422,33.22183990478516,7100900.0,KR
2015-09-30,17.34000015258789,18.3700008392334,17.309999465942386,17.899999618530273,17.899999618530273,651000.0,KRA
2015-09-30,65.55000305175781,65.73000335693361,64.63999938964844,65.16000366210939,58.41873550415039,648900.0,KRC
2015-09-30,23.899999618530273,24.18000030517578,23.690000534057614,23.809999465942386,17.310977935791016,1069000.0,KRG
2015-09-30,12.81999969482422,12.81999969482422,12.260000228881836,12.510000228881836,12.510000228881836,70200.0,KRNT
2015-09-30,11.5,11.539999961853027,11.380000114440918,11.470000267028807,10.665071487426758,614000.0,KRNY
2015-09-30,5.880000114440918,6.389999866485597,5.8499999046325675,6.210000038146973,4.8619818687438965,1164900.0,KRO
2015-09-30,12.68000030517578,12.75,12.670000076293945,12.75,9.970041275024414,26100.0,KSM
2015-09-30,46.52000045776367,46.81000137329102,46.09000015258789,46.31000137329102,36.36795043945313,3076400.0,KSS
2015-09-30,89.2699966430664,90.9499969482422,89.2699966430664,90.87999725341795,85.50496673583984,1509600.0,KSU
2015-09-30,12.81999969482422,13.06999969482422,12.81999969482422,13.06999969482422,12.159307479858398,704700.0,KT
2015-09-30,1300.0,1400.0,1300.0,1300.0,1239.994873046875,96900.0,KTB
2015-09-30,10.119999885559082,10.18000030517578,9.899999618530273,10.020000457763672,10.020000457763672,30500.0,KTCC
2015-09-30,13.050000190734865,13.079999923706055,13.020000457763672,13.079999923706055,10.193770408630373,80000.0,KTF
2015-09-30,31.479999542236328,31.479999542236328,31.479999542236328,31.479999542236328,23.844690322875977,0.0,KTH
2015-09-30,30.0,30.01000022888184,29.60000038146973,30.0,22.45974922180176,600.0,KTN
2015-09-30,4.300000190734863,4.380000114440918,4.190000057220459,4.2199997901916495,4.2199997901916495,414100.0,KTOS
2015-09-30,18.729999542236328,18.729999542236328,17.760000228881836,17.989999771118164,9.651592254638672,14200.0,KTP
2015-09-30,10.09000015258789,10.130000114440918,9.739999771118164,10.0,10.0,56700.0,KVHI
2015-09-30,22.3700008392334,22.3700008392334,21.8799991607666,22.170000076293945,18.769195556640625,803300.0,KW
2015-09-30,76.91000366210938,77.80999755859375,75.9800033569336,77.08000183105469,73.23741149902344,112500.0,KWR
2015-09-30,22.459999084472656,23.31999969482422,22.309999465942386,23.18000030517578,14.30355167388916,1047500.0,KYN
2015-09-30,9.84000015258789,10.279999732971193,9.720000267028807,9.84000015258789,9.84000015258789,18100.0,KZIA
2015-09-30,35.97999954223633,36.27999877929688,35.90999984741211,36.13999938964844,35.27105712890625,1401700.0,L
2015-09-30,1.100000023841858,1.149999976158142,1.0499999523162842,1.149999976158142,1.149999976158142,59900.0,LAC
2015-09-30,106.76000213623048,108.22000122070312,104.77999877929688,108.11000061035156,102.59037017822266,426100.0,LAD
2015-09-30,14.619999885559082,14.6899995803833,14.210000038146973,14.31999969482422,8.90410327911377,225000.0,LADR
2015-09-30,14.06999969482422,14.199999809265135,13.0,13.890000343322756,13.890000343322756,242000.0,LAKE
2015-09-30,51.97999954223633,52.43000030517578,51.68999862670898,52.18000030517578,41.75298309326172,949300.0,LAMR
2015-09-30,98.4499969482422,99.0500030517578,96.4800033569336,97.4800033569336,86.33710479736328,146800.0,LANC
2015-09-30,9.18000030517578,9.260000228881836,9.140000343322754,9.18000030517578,7.4939842224121085,10300.0,LAND
2015-09-30,22.94784545898437,22.94784545898437,22.94784545898437,22.94784545898437,19.83949089050293,0.0,LARK
2015-09-30,21.8700008392334,22.26000022888184,21.170000076293945,21.649999618530273,21.649999618530273,183500.0,LAWS
2015-09-30,42.79999923706055,43.45000076293945,42.13000106811523,43.29999923706055,36.145591735839844,920000.0,LAZ
2015-09-30,90.44000244140624,91.16000366210938,89.81999969482422,90.12999725341795,71.76739501953125,1770500.0,LB
2015-09-30,11.130000114440918,11.15999984741211,11.050000190734863,11.109999656677246,9.799893379211426,64900.0,LBAI
2015-09-30,0.059999998658895486,0.059999998658895486,0.059999998658895486,0.059999998658895486,0.057389579713344574,0.0,LBC
2015-09-30,50.540000915527344,51.56999969482422,50.540000915527344,51.43999862670898,51.43999862670898,190400.0,LBRDA
2015-09-30,50.06000137329102,51.22000122070313,50.06000137329102,51.16999816894531,51.16999816894531,332000.0,LBRDK
2015-09-30,42.86000061035156,43.810001373291016,42.68000030517578,42.93999862670898,42.93999862670898,3291500.0,LBTYA
2015-09-30,48.72000122070313,48.72000122070313,48.72000122070313,48.72000122070313,48.72000122070313,0.0,LBTYB
2015-09-30,41.08000183105469,41.5099983215332,40.7400016784668,41.02000045776367,41.02000045776367,5223900.0,LBTYK
2015-09-30,31.85000038146973,32.669998168945305,31.81999969482422,32.610000610351555,29.42824745178223,99700.0,LBY
2015-09-30,67.90000152587889,68.09999847412111,65.5,66.15000152587889,66.15000152587889,1013000.0,LC
2015-09-30,43.97000122070313,44.5,40.849998474121094,41.52000045776367,41.52000045776367,2565800.0,LCI
2015-09-30,54.040000915527344,54.81000137329102,53.599998474121094,54.61000061035156,49.48130798339844,162200.0,LCII
2015-09-30,16.25,16.25,16.149999618530273,16.190000534057614,13.6211576461792,1500.0,LCNB
2015-09-30,2.9500000476837163,3.0999999046325684,2.8299999237060547,3.0,3.0,357900.0,LCTX
2015-09-30,14.18000030517578,14.18000030517578,13.699999809265135,13.979999542236328,13.056493759155273,30700.0,LCUT
2015-09-30,35.709999084472656,35.709999084472656,35.709999084472656,35.709999084472656,35.709999084472656,0.0,LD
2015-09-30,28.440000534057614,28.63999938964844,28.1200008392334,28.489999771118164,28.489999771118164,82000.0,LDL
2015-09-30,41.68000030517578,41.68000030517578,40.88999938964844,41.310001373291016,27.42275047302246,641700.0,LDOS
2015-09-30,22.6299991607666,22.6299991607666,22.059999465942386,22.149999618530273,15.642983436584473,338200.0,LDP
2015-09-30,27.21999931335449,27.21999931335449,26.85000038146973,27.01000022888184,27.01000022888184,392700.0,LE
2015-09-30,107.0999984741211,110.54000091552734,106.95999908447266,108.77999877929688,101.11824035644531,1369300.0,LEA
2015-09-30,4.329999923706056,4.440000057220459,4.099999904632568,4.170000076293944,4.170000076293944,64200.0,LEAF
2015-09-30,52.83000183105469,53.2400016784668,52.2400016784668,52.43000030517578,47.63482666015625,545500.0,LECO
2015-09-30,3.7999999523162837,4.099999904632568,3.7999999523162837,4.0,4.0,1100.0,LEDS
2015-09-30,1.9600000381469729,2.0999999046325684,1.8999999761581419,2.0799999237060547,2.0799999237060547,184400.0,LEE
2015-09-30,41.13000106811523,41.29999923706055,40.68999862670898,41.25,35.59026336669922,963400.0,LEG
2015-09-30,5.190000057220459,5.5900001525878915,5.170000076293945,5.5900001525878915,5.5900001525878915,415200.0,LEJU
2015-09-30,46.892822265625,47.44346237182617,46.175025939941406,47.32546615600586,46.5880241394043,3305700.0,LEN
2015-09-30,8.220000267028809,8.25,8.170000076293945,8.180000305175781,6.362916469573975,131800.0,LEO
2015-09-30,2.7799999713897705,3.1700000762939453,2.700000047683716,3.0499999523162837,3.0499999523162837,32600.0,LEU
2015-09-30,17.430000305175778,17.489999771118164,17.15999984741211,17.379999160766598,15.98263168334961,241000.0,LFC
2015-09-30,89.87000274658203,91.33999633789062,89.6500015258789,91.1500015258789,87.42918395996094,154700.0,LFUS
2015-09-30,5.809999942779541,5.949999809265138,5.179999828338623,5.670000076293945,5.670000076293945,70300.0,LFVN
2015-09-30,12.40999984741211,12.550000190734865,12.40999984741211,12.529999732971193,8.27906608581543,28400.0,LGI
2015-09-30,26.63999938964844,28.10000038146973,26.459999084472656,27.190000534057614,27.190000534057614,719100.0,LGIH
2015-09-30,3.559999942779541,3.559999942779541,3.4800000190734863,3.4800000190734863,3.4800000190734863,1200.0,LGL
2015-09-30,84.76000213623047,88.69999694824219,81.5199966430664,85.6500015258789,85.6500015258789,531900.0,LGND
2015-09-30,108.20999908447266,108.93000030517578,107.4000015258789,108.47000122070312,108.47000122070312,1130100.0,LH
2015-09-30,44.36999893188477,45.11000061035156,43.63999938964844,44.77000045776367,44.77000045776367,172700.0,LHCG
2015-09-30,71.98999786376953,73.26000213623047,71.66000366210938,73.1500015258789,67.25204467773439,1030200.0,LHX
2015-09-30,137.6199951171875,152.32000732421875,137.6199951171875,143.63999938964844,143.63999938964844,9200.0,LIFE
2015-09-30,113.0,113.75,109.87000274658205,113.33000183105469,107.55187225341795,776800.0,LII
2015-09-30,34.0,34.0,33.139999389648445,33.689998626708984,33.689998626708984,78400.0,LILA
2015-09-30,34.34999847412109,34.360000610351555,33.549999237060554,34.240001678466804,34.240001678466804,120300.0,LILAK
2015-09-30,101.29000091552734,102.11000061035156,101.02999877929688,101.86000061035156,92.07322692871094,2388000.0,LIN
2015-09-30,0.25,0.6000000238418579,0.239999994635582,0.5099999904632568,0.5099999904632568,2429200.0,LINC
2015-09-30,9.550000190734863,9.979999542236328,9.43000030517578,9.770000457763672,9.770000457763672,62600.0,LIND
2015-09-30,3.7200000286102295,4.119999885559082,3.2799999713897705,3.880000114440918,3.880000114440918,6400.0,LIQT
2015-09-30,2.5699999332427983,2.8199999332427983,2.539999961853028,2.7799999713897705,2.7799999713897705,71000.0,LITB
2015-09-30,16.819999694824222,17.0,16.75,16.950000762939453,16.950000762939453,345500.0,LITE
2015-09-30,10.260000228881836,10.260000228881836,9.899999618530273,10.079999923706056,10.079999923706056,4700.0,LIVE
2015-09-30,26.28000068664551,28.21999931335449,26.13999938964844,27.790000915527344,27.790000915527344,629500.0,LJPC
2015-09-30,29.920000076293945,30.26666641235352,29.84666633605957,30.10000038146973,27.23410987854004,104800.0,LKFN
2015-09-30,28.239999771118164,28.40999984741211,27.88999938964844,28.36000061035156,28.36000061035156,2766400.0,LKQ
2015-09-30,13.010000228881836,13.65999984741211,12.869999885559082,13.140000343322756,13.140000343322756,1019800.0,LL
2015-09-30,6.199999809265138,6.199999809265138,6.0,6.0999999046325675,6.0999999046325675,400.0,LLEX
2015-09-30,1.4500000476837158,1.7000000476837158,1.350000023841858,1.4099999666213991,1.4099999666213991,79900.0,LLIT
2015-09-30,1.8400000333786009,1.919999957084656,1.8400000333786009,1.9099999666213991,1.9099999666213991,401900.0,LLNW
2015-09-30,81.52999877929688,83.7699966430664,81.5,83.69000244140625,74.41847229003906,6780700.0,LLY
2015-09-30,41.75,42.099998474121094,41.09000015258789,41.61000061035156,35.32991027832031,1101600.0,LM
2015-09-30,12.460000038146973,12.550000190734865,12.020000457763672,12.1899995803833,11.670742988586426,130100.0,LMAT
2015-09-30,9.800000190734863,9.800000190734863,9.800000190734863,9.800000190734863,9.800000190734863,0.0,LMB
2015-09-30,1108.0,1110.0,1080.0,1110.0,1110.0,75.0,LMNL
2015-09-30,16.780000686645508,16.780000686645508,16.319999694824222,16.729999542236328,15.844202041625975,61700.0,LMNR
2015-09-30,16.90999984741211,17.25,16.510000228881836,16.90999984741211,16.277732849121097,228500.0,LMNX
2015-09-30,15.079999923706055,15.270000457763672,14.81999969482422,14.880000114440918,9.972723007202148,28100.0,LMRK
2015-09-30,7.050000190734862,7.050000190734862,7.0,7.0,7.0,1800.0,LMST
2015-09-30,204.33999633789062,207.7100067138672,204.22999572753903,207.30999755859372,184.24237060546875,1721800.0,LMT
2015-09-30,47.65999984741211,47.83000183105469,46.97999954223633,47.459999084472656,42.56577682495117,1800300.0,LNC
2015-09-30,2.759999990463257,2.759999990463257,2.759999990463257,2.759999990463257,2.06071138381958,0.0,LND
2015-09-30,12.0,12.0,11.029999732971193,11.670000076293945,11.670000076293945,303700.0,LNDC
2015-09-30,49.27000045776367,50.11999893188477,47.040000915527344,48.29999923706055,48.29999923706055,5348300.0,LNG
2015-09-30,67.69000244140625,68.02999877929689,66.76000213623047,67.79000091552734,63.55680465698242,138000.0,LNN
2015-09-30,29.03000068664551,29.30500030517578,28.93000030517578,29.2450008392334,25.376840591430664,1696200.0,LNT
2015-09-30,4.739999771118164,4.739999771118164,3.8199999332427983,4.300000190734863,4.300000190734863,1523500.0,LNTH
2015-09-30,4.130000114440918,4.2199997901916495,4.059999942779541,4.099999904632568,2.991138696670532,12900.0,LOAN
2015-09-30,20.0,20.1200008392334,19.5,19.63999938964844,19.191722869873047,835500.0,LOB
2015-09-30,11.06999969482422,11.140000343322754,10.619999885559082,10.779999732971193,10.779999732971193,462300.0,LOCO
2015-09-30,16.0,16.0,15.25,15.25,15.25,2800.0,LODE
2015-09-30,12.899999618530273,13.140000343322756,12.859999656677244,13.109999656677244,12.36010456085205,493900.0,LOGI
2015-09-30,66.23999786376953,68.37999725341797,65.52999877929689,68.16000366210939,64.70382690429689,451800.0,LOGM
2015-09-30,4.599999904632568,4.599999904632568,4.599999904632568,4.599999904632568,4.599999904632568,300.0,LONE
2015-09-30,38.0099983215332,38.709999084472656,37.63000106811523,37.9900016784668,37.9900016784668,392400.0,LOPE
2015-09-30,47.11999893188477,47.58000183105469,46.61000061035156,47.08000183105469,47.08000183105469,49800.0,LORL
2015-09-30,2.9600000381469727,3.0,2.759999990463257,2.880000114440918,2.880000114440918,31300.0,LOV
2015-09-30,67.70999908447266,69.01000213623047,67.70999908447266,68.91999816894531,63.43384552001953,4936000.0,LOW
2015-09-30,12.43000030517578,13.029999732971193,11.399999618530273,11.829999923706055,11.829999923706055,489800.0,LPCN
2015-09-30,10.130000114440918,10.4399995803833,10.010000228881836,10.3100004196167,10.3100004196167,407800.0,LPG
2015-09-30,9.300000190734863,9.449999809265137,8.890000343322754,9.43000030517578,9.43000030517578,2626200.0,LPI
2015-09-30,9.449999809265137,9.529999732971193,9.43000030517578,9.5,8.998886108398438,735100.0,LPL
2015-09-30,39.90999984741211,40.060001373291016,39.209999084472656,39.77000045776367,35.994407653808594,1353300.0,LPLA
2015-09-30,7.6599998474121085,7.760000228881836,7.550000190734862,7.559999942779541,7.559999942779541,389900.0,LPSN
2015-09-30,1.4500000476837158,1.4900000095367432,1.4500000476837158,1.4900000095367432,1.4900000095367432,20200.0,LPTH
2015-09-30,14.31999969482422,14.56999969482422,13.960000038146973,14.239999771118164,13.616584777832033,2747300.0,LPX
2015-09-30,7.380000114440918,7.46999979019165,7.190000057220459,7.389999866485597,7.389999866485597,333800.0,LQDT
2015-09-30,63.63000106811523,65.51000213623047,63.61999893188477,65.33000183105469,60.30159378051758,2578300.0,LRCX
2015-09-30,12.760000228881836,12.760000228881836,12.43000030517578,12.4399995803833,12.4399995803833,248400.0,LRN
2015-09-30,13.5,13.5,13.5,13.5,12.093790054321287,0.0,LSBK
2015-09-30,3.859999895095825,3.940000057220459,3.7999999523162837,3.849999904632568,3.849999904632568,1354300.0,LSCC
2015-09-30,94.48999786376952,94.91999816894531,93.79000091552734,94.3000030517578,77.98350524902344,214700.0,LSI
2015-09-30,66.0,66.30999755859375,63.1500015258789,63.47000122070313,59.99868392944336,1022800.0,LSTR
2015-09-30,51.599998474121094,52.79999923706055,49.20000076293945,49.79999923706055,49.79999923706055,1600.0,LTBR
2015-09-30,42.86000061035156,43.09000015258789,42.34000015258789,42.66999816894531,34.04939651489258,291800.0,LTC
2015-09-30,4.849999904632568,4.929999828338623,4.730000019073486,4.880000114440918,4.794358253479004,495100.0,LTM
2015-09-30,22.82999992370605,22.88500022888184,22.09000015258789,22.170000076293945,22.170000076293945,726800.0,LTRPA
2015-09-30,24.84000015258789,24.84000015258789,24.84000015258789,24.84000015258789,24.84000015258789,200.0,LTRPB
2015-09-30,1.2699999809265137,1.2699999809265137,1.2300000190734863,1.25,1.25,2700.0,LTRX
2015-09-30,4.880000114440918,5.0,4.760000228881836,4.96999979019165,4.96999979019165,36700.0,LUB
2015-09-30,50.38999938964844,51.13999938964844,50.0,50.6500015258789,50.6500015258789,2217000.0,LULU
2015-09-30,0.8999999761581421,0.959999978542328,0.8999999761581421,0.9399999976158142,0.9399999976158142,38900.0,LUNA
2015-09-30,38.11000061035156,38.45000076293945,37.45000076293945,38.040000915527344,36.311500549316406,7232500.0,LUV
2015-09-30,38.27000045776367,39.09000015258789,37.400001525878906,37.97000122070313,30.132488250732425,9426700.0,LVS
2015-09-30,11.5,11.699999809265135,10.15999984741211,10.479999542236328,10.479999542236328,52300.0,LWAY
2015-09-30,10.720000267028807,10.850000381469727,10.59000015258789,10.789999961853027,9.07699203491211,18200.0,LXFR
2015-09-30,8.079999923706055,8.109999656677246,7.920000076293945,8.100000381469728,5.984128952026367,2243500.0,LXP
2015-09-30,10.010000228881836,11.170000076293944,10.010000228881836,10.739999771118164,10.739999771118164,1728800.0,LXRX
2015-09-30,15.670000076293945,15.979999542236328,15.15999984741211,15.31999969482422,15.31999969482422,372600.0,LXU
2015-09-30,82.33000183105469,84.05999755859375,81.95999908447266,83.36000061035156,68.82675933837889,3580500.0,LYB
2015-09-30,4.5900001525878915,4.599999904632568,4.550000190734863,4.599999904632568,3.808984041213989,1334500.0,LYG
2015-09-30,8.460000038146973,8.539999961853027,8.329999923706055,8.439999580383299,7.304073810577393,44500.0,LYTS
2015-09-30,23.84000015258789,24.11000061035156,23.6200008392334,24.040000915527344,24.040000915527344,888700.0,LYV
2015-09-30,26.809999465942386,26.8700008392334,26.36000061035156,26.559999465942386,24.69279289245605,691200.0,LZB
2015-09-30,50.9900016784668,51.43999862670898,50.75,51.31999969482422,39.00976943969727,4771600.0,M
2015-09-30,90.1999969482422,90.29000091552734,88.94999694824219,90.12000274658205,87.50389099121094,4550800.0,MA
2015-09-30,81.45999908447266,82.12999725341797,80.93000030517578,81.87000274658203,69.90751647949219,667700.0,MAA
2015-09-30,77.23999786376953,77.44999694824219,75.87999725341797,76.81999969482422,57.9132080078125,769900.0,MAC
2015-09-30,64.04405975341797,68.21400451660156,63.33595657348633,66.95515441894531,29.502033233642575,299300.0,MACK
2015-09-30,6.9000000953674325,7.119999885559082,6.8400001525878915,7.119999885559082,7.119999885559082,42900.0,MAG
2015-09-30,4.2100000381469735,4.260000228881837,4.190000057220459,4.190000057220459,4.190000057220459,14500.0,MAGS
2015-09-30,26.51000022888184,27.0,26.459999084472656,26.65999984741211,18.847509384155273,545200.0,MAIN
2015-09-30,78.7699966430664,82.16000366210938,78.4800033569336,81.88999938964844,74.56358337402344,1377400.0,MAN
2015-09-30,62.6500015258789,63.540000915527344,62.0,62.29999923706055,62.29999923706055,1107600.0,MANH
2015-09-30,25.540000915527344,25.78000068664551,25.309999465942386,25.70000076293945,23.5416259765625,168500.0,MANT
2015-09-30,17.549999237060547,17.6299991607666,17.129999160766598,17.170000076293945,16.401256561279293,14600.0,MANU
2015-09-30,66.11000061035156,68.37000274658203,65.76000213623047,68.19999694824219,64.05804443359375,3578200.0,MAR
2015-09-30,32.31999969482422,32.31999969482422,28.479999542236328,29.60000038146973,29.60000038146973,1000.0,MARA
2015-09-30,4.510000228881836,4.8400001525878915,4.079999923706056,4.4099998474121085,4.4099998474121085,54300.0,MARK
2015-09-30,5.699999809265138,5.699999809265138,5.570000171661377,5.570000171661377,3.668647050857544,1800.0,MARPS
2015-09-30,24.79999923706055,25.290000915527344,24.559999465942386,25.18000030517578,23.839982986450195,7329100.0,MAS
2015-09-30,37.86000061035156,38.70000076293945,37.86000061035156,38.560001373291016,38.560001373291016,335400.0,MASI
2015-09-30,21.149999618530273,21.149999618530273,20.350000381469727,21.059999465942386,18.963716506958008,6573900.0,MAT
2015-09-30,48.93999862670898,49.22000122070313,48.41999816894531,48.97000122070313,45.7797966003418,138300.0,MATW
2015-09-30,38.27000045776367,38.68000030517578,38.0,38.4900016784668,34.813465118408196,360600.0,MATX
2015-09-30,12.90999984741211,12.979999542236328,12.829999923706055,12.850000381469727,10.0462007522583,88400.0,MAV
2015-09-30,54.31000137329102,54.31000137329102,54.31000137329102,54.31000137329102,48.52924728393555,5300.0,MAXR
2015-09-30,57.5,57.5,57.5,57.5,57.5,200.0,MAYS
2015-09-30,15.3100004196167,15.3100004196167,15.3100004196167,15.3100004196167,13.40311336517334,0.0,MBCN
2015-09-30,6.079999923706055,6.130000114440918,6.0,6.079999923706055,6.079999923706055,4365300.0,MBI
2015-09-30,2.0799999237060547,2.1199998855590816,1.9700000286102293,2.1099998950958248,2.1099998950958248,22400.0,MBII
2015-09-30,680.4000244140625,729.0,648.0,648.0,648.0,200.0,MBOT
2015-09-30,7.230000019073486,7.360000133514403,7.079999923706055,7.21999979019165,4.554482936859131,1913300.0,MBT
2015-09-30,14.130000114440918,14.229999542236328,13.56999969482422,13.979999542236328,13.979999542236328,173700.0,MBUU
2015-09-30,20.459999084472656,20.8700008392334,20.290000915527344,20.780000686645508,17.652233123779297,30800.0,MBWM
2015-09-30,26.28000068664551,26.45000076293945,25.86000061035156,26.26000022888184,20.076343536376953,102000.0,MC
2015-09-30,14.960000038146973,15.0,14.920000076293945,14.989999771118164,12.028289794921875,31700.0,MCA
2015-09-30,5.139999866485597,5.199999809265137,5.110000133514403,5.179999828338623,4.6949076652526855,21500.0,MCBC
2015-09-30,7.4000000953674325,7.53000020980835,7.329999923706055,7.440000057220459,4.1231164932250985,505900.0,MCC
2015-09-30,98.20999908447266,98.6999969482422,97.76000213623048,98.52999877929688,87.50141906738281,5517600.0,MCD
2015-09-30,2.0999999046325684,2.2100000381469727,2.0199999809265137,2.150000095367432,2.150000095367432,566500.0,MCEP
2015-09-30,7.920000076293945,7.920000076293945,7.510000228881836,7.5999999046325675,7.5999999046325675,127000.0,MCF
2015-09-30,13.550000190734865,13.979999542236328,12.760000228881836,12.960000038146973,9.40591812133789,1451000.0,MCFT
2015-09-30,42.18999862670898,43.15999984741211,41.68000030517578,43.09000015258789,39.36039733886719,1997100.0,MCHP
2015-09-30,4.0399999618530265,4.0900001525878915,3.9500000476837163,4.0300002098083505,3.437353134155273,74200.0,MCHX
2015-09-30,16.34000015258789,16.350000381469727,16.200000762939453,16.290000915527347,11.62374496459961,17700.0,MCI
2015-09-30,185.8800048828125,187.22000122070312,182.66000366210938,185.02999877929688,177.43728637695312,1786400.0,MCK
2015-09-30,7.110000133514403,7.230000019073486,7.079999923706055,7.079999923706055,4.504126071929932,191500.0,MCN
2015-09-30,98.5,99.01000213623048,96.9499969482422,98.1999969482422,92.67913818359376,1375200.0,MCO
2015-09-30,7.8499999046325675,7.889999866485597,7.739999771118164,7.75,5.190145015716553,247500.0,MCR
2015-09-30,27.88999938964844,29.82999992370605,26.94499969482422,29.63999938964844,29.63999938964844,1665000.0,MCRB
2015-09-30,17.6299991607666,18.030000686645508,17.299999237060547,17.969999313354492,17.969999313354492,27900.0,MCRI
2015-09-30,18.920000076293945,19.3799991607666,18.920000076293945,19.34000015258789,17.760650634765625,126200.0,MCS
2015-09-30,24.59000015258789,24.59000015258789,24.0,24.440000534057614,19.025835037231445,9300.0,MCV
2015-09-30,50.77999877929688,51.34000015258789,50.13000106811523,50.5099983215332,40.775856018066406,148200.0,MCY
2015-09-30,78.0,78.3499984741211,76.08000183105469,76.79000091552734,76.79000091552734,1273700.0,MD
2015-09-30,24.41666603088379,24.453702926635746,23.96296310424805,24.24073982238769,20.353784561157227,745300.0,MDC
2015-09-30,17.700000762939453,18.520000457763672,17.700000762939453,18.43000030517578,17.37362289428711,404300.0,MDCA
2015-09-30,56.70000076293945,61.25,56.349998474121094,60.9000015258789,60.9000015258789,26100.0,MDGL
2015-09-30,179.1999969482422,179.1999969482422,179.1999969482422,179.1999969482422,179.1999969482422,0.0,MDGS
2015-09-30,6.639999866485597,6.800000190734862,6.4099998474121085,6.619999885559082,4.010026931762694,16200.0,MDLY
2015-09-30,41.2400016784668,42.0,41.15999984741211,41.86999893188477,38.27873611450195,14090700.0,MDLZ
2015-09-30,43.54999923706055,43.709999084472656,42.540000915527344,42.58000183105469,34.90479278564453,617400.0,MDP
2015-09-30,12.350000381469727,12.449999809265135,12.100000381469727,12.399999618530273,12.399999618530273,3668000.0,MDRX
2015-09-30,67.48999786376953,67.61000061035156,66.23999786376953,66.94000244140625,60.73505783081055,7986700.0,MDT
2015-09-30,16.799999237060547,17.270000457763672,16.719999313354492,17.200000762939453,14.962310791015625,1281800.0,MDU
2015-09-30,7.880000114440918,8.220000267028809,7.3499999046325675,7.630000114440918,7.630000114440918,241900.0,MDWD
2015-09-30,4907.41015625,5092.58984375,4629.6298828125,5092.58984375,5092.58984375,9612.0,MEC
2015-09-30,27.489999771118164,27.559999465942386,26.79999923706055,26.86000061035156,23.589433670043945,96200.0,MED
2015-09-30,1.6100000143051147,1.6499999761581419,1.5499999523162842,1.5800000429153442,1.5800000429153442,90400.0,MEET
2015-09-30,32.009998321533196,32.27000045776367,31.489999771118164,31.899999618530273,30.24841499328613,544200.0,MEI
2015-09-30,1.6000000238418581,1.6499999761581419,1.5299999713897705,1.5700000524520874,1.5700000524520874,533400.0,MEIP
2015-09-30,88.02999877929688,91.33999633789062,88.02999877929688,91.05999755859376,90.38287353515624,604200.0,MELI
2015-09-30,11.40999984741211,11.40999984741211,11.31999969482422,11.31999969482422,8.880635261535645,50600.0,MEN
2015-09-30,32.490001678466804,33.189998626708984,32.209999084472656,33.15999984741211,28.584575653076172,812900.0,MEOH
2015-09-30,9.800000190734863,10.050000190734863,9.670000076293944,10.029999732971193,8.12093448638916,116000.0,MERC
2015-09-30,11.8100004196167,11.8100004196167,11.170000076293944,11.300000190734865,11.300000190734865,1400.0,MESO
2015-09-30,41.94295883178711,42.112300872802734,41.45276260375977,42.02317428588867,35.69061279296875,7852200.0,MET
2015-09-30,6.800000190734862,6.820000171661378,6.670000076293945,6.809999942779541,3.865626573562622,2869700.0,MFA
2015-09-30,15.300000190734865,15.479999542236328,15.260000228881836,15.479999542236328,12.349872589111328,1918200.0,MFC
2015-09-30,12.5600004196167,12.609999656677244,12.460000038146973,12.5600004196167,8.022228240966799,48600.0,MFD
2015-09-30,3.7100000381469727,3.7300000190734863,3.690000057220459,3.7100000381469727,3.1581604480743413,2863500.0,MFG
2015-09-30,60.29999923706055,65.69999694824219,60.29999923706055,64.0,64.0,700.0,MFH
2015-09-30,7.5,7.739999771118164,7.449999809265138,7.579999923706055,6.778808116912843,361200.0,MFIN
2015-09-30,14.220000267028807,14.239999771118164,14.130000114440918,14.130000114440918,11.104512214660645,73300.0,MFL
2015-09-30,6.369999885559082,6.389999866485597,6.309999942779541,6.389999866485597,5.029292106628418,80800.0,MFM
2015-09-30,10.100000381469727,10.350000381469727,10.09000015258789,10.100000381469727,8.777773857116701,2900.0,MFNC
2015-09-30,25.90999984741211,25.90999984741211,25.51000022888184,25.51000022888184,18.714832305908203,5800.0,MFO
2015-09-30,23.170000076293945,24.0,23.170000076293945,23.399999618530273,21.207794189453125,1400.0,MFSF
2015-09-30,13.510000228881836,13.539999961853027,13.5,13.5,10.534595489501953,3200.0,MFT
2015-09-30,5.239999771118164,5.25,5.0900001525878915,5.230000019073486,3.330256462097168,35700.0,MFV
2015-09-30,12.869999885559082,12.970000267028807,12.800000190734865,12.850000381469727,12.850000381469727,69300.0,MG
2015-09-30,46.7400016784668,48.02000045776367,46.6500015258789,48.0099983215332,42.23101043701172,1927100.0,MGA
2015-09-30,41.15999984741211,41.4900016784668,40.70000076293945,41.18999862670898,37.4916877746582,152400.0,MGEE
2015-09-30,14.100000381469727,14.265000343322756,13.199999809265135,13.890000343322756,13.890000343322756,40700.0,MGEN
2015-09-30,5.429999828338623,5.440000057220459,5.300000190734863,5.369999885559082,3.797312259674072,253200.0,MGF
2015-09-30,8.189999580383299,8.260000228881836,7.980000019073486,8.020000457763674,8.020000457763674,141100.0,MGI
2015-09-30,5.46999979019165,5.510000228881836,5.420000076293945,5.429999828338623,4.90570068359375,24600.0,MGIC
2015-09-30,55.63000106811523,56.22999954223633,55.0,55.43000030517578,55.43000030517578,247500.0,MGLN
2015-09-30,18.18000030517578,18.549999237060547,18.0,18.450000762939453,17.44331169128418,7616900.0,MGM
2015-09-30,21.149999618530273,21.90999984741211,20.290000915527344,21.420000076293945,21.420000076293945,558600.0,MGNX
2015-09-30,15.93000030517578,16.020000457763672,15.789999961853027,16.010000228881836,15.410478591918945,32800.0,MGPI
2015-09-30,26.70000076293945,26.81999969482422,26.38999938964844,26.690000534057614,23.48810577392578,115500.0,MGRC
2015-09-30,19.459999084472656,19.479999542236328,19.170000076293945,19.270000457763672,13.79615592956543,70600.0,MGU
2015-09-30,9.800000190734863,9.800000190734863,9.800000190734863,9.800000190734863,9.800000190734863,0.0,MGYR
2015-09-30,16.59000015258789,16.739999771118164,16.59000015258789,16.729999542236328,13.06531047821045,24800.0,MHD
2015-09-30,13.020000457763672,13.09000015258789,12.880000114440918,13.0,10.68679428100586,6100.0,MHE
2015-09-30,7.170000076293945,7.230000019073486,7.119999885559082,7.230000019073486,5.980717182159424,48400.0,MHF
2015-09-30,3.849999904632568,3.849999904632568,3.775000095367432,3.775000095367432,3.775000095367432,4800.0,MHH
2015-09-30,12.630000114440918,12.710000038146973,12.520000457763672,12.699999809265135,9.9707670211792,135400.0,MHI
2015-09-30,178.0399932861328,182.32000732421875,177.97999572753906,181.7899932861328,181.7899932861328,1370500.0,MHK
2015-09-30,25.60000038146973,25.75,25.5,25.54999923706055,19.104869842529297,6500.0,MHLA
2015-09-30,13.90999984741211,14.029999732971193,13.84000015258789,13.880000114440918,11.647374153137207,393800.0,MHLD
2015-09-30,13.630000114440918,13.670000076293945,13.609999656677244,13.670000076293945,11.06611156463623,41200.0,MHN
2015-09-30,26.96999931335449,27.06999969482422,26.559999465942386,26.95000076293945,18.98252868652344,18700.0,MHNC
2015-09-30,23.54999923706055,23.68000030517578,23.290000915527344,23.57999992370605,23.57999992370605,364000.0,MHO
2015-09-30,73.58999633789062,74.83999633789062,73.20999908447266,74.66000366210938,49.95044326782226,881500.0,MIC
2015-09-30,6.110000133514403,6.239999771118164,6.110000133514403,6.239999771118164,6.239999771118164,500.0,MICR
2015-09-30,2.619999885559082,2.619999885559082,2.619999885559082,2.619999885559082,2.619999885559082,0.0,MICT
2015-09-30,103.5999984741211,105.47000122070312,103.18000030517578,105.19000244140624,105.19000244140624,508200.0,MIDD
2015-09-30,11.84000015258789,12.31999969482422,11.670000076293945,11.93000030517578,7.5463199615478525,201300.0,MIE
2015-09-30,22.43000030517578,23.18000030517578,22.420000076293945,23.10000038146973,23.10000038146973,500100.0,MIK
2015-09-30,4.550000190734863,4.579999923706055,4.539999961853027,4.550000190734863,3.0089120864868164,528900.0,MIN
2015-09-30,3.7699999809265137,3.849999904632568,3.7699999809265137,3.7799999713897705,3.7799999713897705,17700.0,MIND
2015-09-30,29.88999938964844,31.04999923706055,29.489999771118164,30.790000915527344,26.996591567993164,325600.0,MINI
2015-09-30,3.150000095367432,3.2000000476837163,3.109999895095825,3.190000057220459,3.190000057220459,34800.0,MITK
2015-09-30,15.100000381469727,15.270000457763672,14.880000114440918,15.220000267028807,9.276314735412598,252300.0,MITT
2015-09-30,5.170000076293945,5.369999885559082,5.170000076293945,5.289999961853027,4.760174751281738,12300.0,MIXT
2015-09-30,13.270000457763672,13.270000457763672,13.140000343322756,13.18000030517578,10.507479667663574,58400.0,MIY
2015-09-30,4.839000225067139,4.839000225067139,4.730000019073486,4.730000019073486,4.730000019073486,2700.0,MJCO
2015-09-30,81.83000183105469,82.3499984741211,79.62999725341797,82.18000030517578,75.58575439453125,1295100.0,MKC
2015-09-30,7.699999809265138,7.699999809265138,7.375,7.375,7.375,100.0,MKGI
2015-09-30,804.5,806.52001953125,792.9400024414062,801.8599853515625,801.8599853515625,45300.0,MKL
2015-09-30,32.84000015258789,33.560001373291016,32.439998626708984,33.529998779296875,31.87127494812012,257600.0,MKSI
2015-09-30,91.5199966430664,93.1500015258789,90.19000244140624,92.87999725341795,89.77168273925781,328800.0,MKTX
2015-09-30,110.69000244140624,111.5500030517578,102.91000366210938,111.4000015258789,109.2691650390625,17200.0,MLAB
2015-09-30,13.600000381469727,13.90999984741211,13.4399995803833,13.760000228881836,11.219873428344727,3672900.0,MLCO
2015-09-30,28.399999618530273,28.8799991607666,28.170000076293945,28.84000015258789,26.25607681274414,777400.0,MLHR
2015-09-30,29.270000457763672,29.6299991607666,29.0,29.57999992370605,25.71656608581543,226400.0,MLI
2015-09-30,149.92999267578125,152.35000610351562,147.2100067138672,151.9499969482422,146.02032470703125,1342300.0,MLM
2015-09-30,134.55000305175778,134.55000305175778,118.5,127.3499984741211,127.3499984741211,159300.0,MLND
2015-09-30,37.5,38.63999938964844,33.40999984741211,37.790000915527344,37.790000915527344,4486600.0,MLNX
2015-09-30,5.21999979019165,5.269999980926514,5.150000095367432,5.269999980926514,5.269999980926514,1600.0,MLP
2015-09-30,14.770000457763672,15.8100004196167,14.770000457763672,15.8100004196167,11.271175384521484,16200.0,MLPC
2015-09-30,21.5,22.71999931335449,21.3700008392334,22.6200008392334,16.49934959411621,2400.0,MLPG
2015-09-30,25.270000457763672,27.28000068664551,25.21999931335449,27.059999465942386,19.79254150390625,878300.0,MLPI
2015-09-30,16.319999694824222,16.319999694824222,15.279999732971193,15.449999809265135,11.317667007446287,1300.0,MLPO
2015-09-30,8.520000457763674,8.729999542236326,8.520000457763674,8.680000305175781,5.734081745147705,3100.0,MLPY
2015-09-30,19.780000686645508,20.07999992370605,19.520000457763672,19.540000915527344,17.29377555847168,35100.0,MLR
2015-09-30,3.119999885559082,3.119999885559082,3.0199999809265137,3.0699999332427983,3.0699999332427983,900.0,MLSS
2015-09-30,15.6899995803833,15.699999809265135,15.649999618530273,15.649999618530273,15.649999618530273,2400.0,MLVF
2015-09-30,13.100000381469727,13.109999656677244,12.979999542236328,13.06999969482422,13.06999969482422,1200.0,MMAC
2015-09-30,52.27000045776367,52.36999893188477,51.58000183105469,52.22000122070313,47.36716079711914,2271600.0,MMC
2015-09-30,17.6299991607666,17.719999313354492,17.59000015258789,17.719999313354492,13.872029304504395,72900.0,MMD
2015-09-30,45.22000122070313,46.22000122070313,44.91999816894531,45.9900016784668,45.9900016784668,157800.0,MMI
2015-09-30,23.51000022888184,24.96999931335449,23.07999992370605,24.399999618530273,13.226977348327635,226000.0,MMLP
2015-09-30,142.52000427246094,143.22999572753906,140.5,141.77000427246094,125.1696548461914,3619300.0,MMM
2015-09-30,55.4000015258789,60.63000106811523,55.4000015258789,60.11000061035156,46.97689437866211,1648100.0,MMP
2015-09-30,58.97000122070313,59.86999893188477,58.36999893188477,59.56000137329102,57.64492416381836,895500.0,MMS
2015-09-30,24.059999465942386,24.18000030517578,23.57999992370605,23.90999984741211,23.90999984741211,445900.0,MMSI
2015-09-30,5.699999809265138,5.71999979019165,5.5900001525878915,5.5900001525878915,3.7411775588989262,318700.0,MMT
2015-09-30,13.880000114440918,13.899999618530273,13.850000381469727,13.869999885559082,10.95183277130127,55000.0,MMU
2015-09-30,13.399999618530273,13.81999969482422,13.399999618530273,13.75,13.75,186200.0,MMYT
2015-09-30,7.190000057220459,7.429999828338622,7.079999923706055,7.360000133514403,5.107157230377197,98100.0,MN
2015-09-30,2.720000028610229,2.75,2.7100000381469727,2.75,1.5216219425201416,27100.0,MNDO
2015-09-30,13.890000343322756,13.890000343322756,13.890000343322756,13.890000343322756,11.565675735473633,500.0,MNE
2015-09-30,59.709999084472656,64.22000122070311,59.45000076293945,63.93999862670898,63.93999862670898,4831200.0,MNK
2015-09-30,16.0,16.5,15.25,16.049999237060547,16.049999237060547,900500.0,MNKD
2015-09-30,2.8199999332427983,2.9200000762939453,2.759999990463257,2.809999942779541,2.809999942779541,24700.0,MNOV
2015-09-30,14.949999809265135,14.949999809265135,14.90999984741211,14.90999984741211,11.906051635742188,9800.0,MNP
2015-09-30,9.75,9.829999923706056,9.68000030517578,9.75,7.768766403198242,268000.0,MNR
2015-09-30,68.09999847412111,68.40000152587889,66.68000030517578,67.55000305175781,63.96086883544922,397400.0,MNRO
2015-09-30,11.038095474243164,11.038095474243164,11.038095474243164,11.038095474243164,11.038095474243164,0.0,MNSB
2015-09-30,45.33333206176758,45.959999084472656,44.73333358764648,45.04666519165039,45.04666519165039,3179100.0,MNST
2015-09-30,16.25,16.90999984741211,16.059999465942386,16.40999984741211,16.40999984741211,718700.0,MNTA
2015-09-30,5.599999904632568,5.690000057220459,5.320000171661377,5.619999885559082,5.619999885559082,48900.0,MNTX
2015-09-30,54.81999969482422,54.93999862670898,54.02000045776367,54.4000015258789,43.388919830322266,7766600.0,MO
2015-09-30,2.8499999046325684,3.2000000476837163,2.8499999046325684,3.0999999046325684,3.0999999046325684,798600.0,MOBL
2015-09-30,7.940000057220459,8.130000114440918,7.820000171661378,7.869999885559082,7.869999885559082,142900.0,MOD
2015-09-30,10.149999618530273,10.149999618530273,9.75,10.010000228881836,10.010000228881836,78900.0,MODN
2015-09-30,29.43000030517578,29.85000038146973,29.229999542236328,29.26000022888184,26.37682914733887,15100.0,MOFG
2015-09-30,67.5,69.26999664306639,67.33999633789061,68.84999847412111,68.84999847412111,1197600.0,MOH
2015-09-30,12.199999809265135,12.770000457763672,12.161999702453613,12.5,12.309441566467285,772800.0,MOMO
2015-09-30,80.36000061035156,80.80999755859375,79.91999816894531,80.26000213623047,76.31900787353516,79700.0,MORN
2015-09-30,31.3700008392334,31.60000038146973,30.53000068664551,31.11000061035156,28.46270179748535,4274900.0,MOS
2015-09-30,294.0,300.0,292.0,298.0,298.0,100.0,MOSY
2015-09-30,25.790000915527344,25.8700008392334,25.31999969482422,25.82999992370605,23.41308212280273,151600.0,MOV
2015-09-30,58.5,58.5,58.5,58.5,58.5,0.0,MOXC
2015-09-30,13.539999961853027,13.59000015258789,13.5,13.56999969482422,10.868734359741213,16300.0,MPA
2015-09-30,30.670000076293945,31.6299991607666,30.209999084472656,31.34000015258789,31.34000015258789,175300.0,MPAA
2015-09-30,16.25,16.25,16.25,16.25,14.579366683959961,200.0,MPB
2015-09-30,46.13999938964844,47.04999923706055,45.56999969482422,46.33000183105469,40.11063766479492,5986900.0,MPC
2015-09-30,36.150001525878906,38.459999084472656,35.79999923706055,38.209999084472656,27.633113861083984,417900.0,MPLX
2015-09-30,13.239999771118164,13.239999771118164,13.149999618530273,13.199999809265135,9.499075889587402,7900.0,MPV
2015-09-30,11.199999809265137,11.229999542236328,10.960000038146973,11.0600004196167,8.229737281799316,2098700.0,MPW
2015-09-30,50.18000030517578,51.27999877929688,50.15999984741211,51.20000076293945,48.89216995239258,315000.0,MPWR
2015-09-30,6.789999961853027,6.960000038146973,6.789999961853027,6.940000057220459,6.151404857635497,12800.0,MPX
2015-09-30,12.720000267028807,12.739999771118164,12.6899995803833,12.739999771118164,10.105896949768066,56800.0,MQT
2015-09-30,15.369999885559082,15.369999885559082,15.279999732971193,15.300000190734865,12.113649368286133,39900.0,MQY
2015-09-30,28.35000038146973,31.04999923706055,27.899999618530273,29.25,29.25,146300.0,MR
2015-09-30,11.220000267028807,11.420000076293945,10.93000030517578,11.149999618530273,11.149999618530273,1864400.0,MRC
2015-09-30,14.079999923706055,14.100000381469727,13.770000457763672,13.899999618530273,8.512316703796388,76800.0,MRCC
2015-09-30,15.68000030517578,16.049999237060547,15.619999885559082,15.90999984741211,15.90999984741211,94800.0,MRCY
2015-09-30,22.049999237060547,22.26000022888184,21.280000686645508,21.90999984741211,21.90999984741211,11300.0,MRIN
2015-09-30,49.4000015258789,49.540000915527344,48.849998474121094,49.38999938964844,43.11469268798828,12679100.0,MRK
2015-09-30,6.71999979019165,7.800000190734862,6.71999979019165,7.440000057220459,7.440000057220459,39900.0,MRKR
2015-09-30,15.06999969482422,15.510000228881836,14.720000267028807,15.390000343322756,13.676230430603027,73900.0,MRLN
2015-09-30,8.279999732971191,8.5,7.664999961853027,8.340000152587889,8.340000152587889,117800.0,MRNS
2015-09-30,15.140000343322756,15.59000015258789,15.0,15.399999618530273,14.432518005371096,13709300.0,MRO
2015-09-30,9.960000038146973,10.067999839782717,9.67199993133545,9.70199966430664,9.160847663879396,172300.0,MRTN
2015-09-30,31.899999618530273,34.459999084472656,31.0,34.419998168945305,34.419998168945305,728900.0,MRTX
2015-09-30,9.239999771118164,9.300000190734863,8.90999984741211,9.050000190734863,8.402005195617676,12216200.0,MRVL
2015-09-30,31.540000915527344,31.790000915527344,31.28000068664551,31.5,28.35369110107422,15024800.0,MS
2015-09-30,39.0,40.09000015258789,38.90999984741211,39.97000122070313,36.41326141357422,220500.0,MSA
2015-09-30,12.199999809265135,12.25,11.789999961853027,11.989999771118164,7.927164077758789,28100.0,MSB
2015-09-30,11.600000381469727,11.600000381469727,11.600000381469727,11.600000381469727,10.466495513916016,1000.0,MSBF
2015-09-30,58.790000915527344,59.56999969482422,58.4900016784668,59.459999084472656,56.30130386352539,849400.0,MSCI
2015-09-30,8.210000038146973,8.329999923706055,8.210000038146973,8.329999923706055,6.282909870147705,109200.0,MSD
2015-09-30,24.6200008392334,24.690000534057614,23.709999084472656,23.84000015258789,21.497543334960934,61500.0,MSEX
2015-09-30,43.88000106811523,44.29999923706055,43.65999984741211,44.2599983215332,40.43280792236328,34958900.0,MSFT
2015-09-30,158.1999969482422,158.1999969482422,151.0,151.0,151.0,11800.0,MSG
2015-09-30,21.254533767700195,22.107013702392575,21.172914505004886,21.8077392578125,21.8077392578125,3657300.0,MSGN
2015-09-30,68.19999694824219,68.97000122070311,68.02999877929689,68.37999725341797,62.62333297729492,4517900.0,MSI
2015-09-30,61.72000122070313,62.43999862670898,60.38000106811523,61.02999877929688,50.3079948425293,452800.0,MSM
2015-09-30,1.2300000190734863,1.2400000095367432,1.2200000286102295,1.2200000286102295,1.2200000286102295,13700.0,MSN
2015-09-30,10.369999885559082,10.920000076293944,10.1899995803833,10.729999542236328,10.729999542236328,4800.0,MSON
2015-09-30,197.6000061035156,197.6000061035156,193.6999969482422,196.47000122070312,196.47000122070312,172400.0,MSTR
2015-09-30,6.074168682098389,6.074168682098389,6.074168682098389,6.074168682098389,6.000009536743164,0.0,MSVB
2015-09-30,15.630000114440918,15.8100004196167,15.329999923706055,15.449999809265135,15.227654457092285,5775000.0,MT
2015-09-30,0.029999999329447743,0.029999999329447743,0.029999999329447743,0.029999999329447743,0.02971021272242069,0.0,MTA
2015-09-30,121.04000091552734,123.3000030517578,119.33000183105469,121.9499969482422,110.23574829101562,4744200.0,MTB
2015-09-30,1.6599999666213991,1.8799999952316284,1.4199999570846558,1.809999942779541,1.809999942779541,14100.0,MTBC
2015-09-30,0.07000000029802322,0.07000000029802322,0.07000000029802322,0.07000000029802322,0.07000000029802322,0.0,MTC
2015-09-30,285.80999755859375,288.239990234375,282.8900146484375,284.739990234375,284.739990234375,319000.0,MTD
2015-09-30,20.57999992370605,21.270000457763672,20.21999931335449,20.739999771118164,20.739999771118164,1415100.0,MTDR
2015-09-30,40.70000076293945,44.77000045776367,40.70000076293945,44.77000045776367,44.77000045776367,77300.0,MTEM
2015-09-30,19.11000061035156,19.149999618530273,18.739999771118164,18.959999084472656,15.931029319763185,5300.0,MTEX
2015-09-30,9.350000381469727,9.399999618530273,9.210000038146973,9.260000228881836,9.13710880279541,4781800.0,MTG
2015-09-30,36.4900016784668,36.97000122070313,36.04999923706055,36.52000045776367,36.52000045776367,464500.0,MTH
2015-09-30,1.7599999904632568,1.8200000524520876,1.7599999904632568,1.8200000524520876,1.8200000524520876,123100.0,MTL
2015-09-30,7.730000019073486,7.860000133514403,7.690000057220459,7.690000057220459,7.690000057220459,22600.0,MTLS
2015-09-30,101.97000122070312,104.94000244140624,101.63999938964844,104.68000030517578,92.64142608642578,648300.0,MTN
2015-09-30,0.8199999928474426,0.8399999737739563,0.8199999928474426,0.8199999928474426,0.8199999928474426,15800.0,MTNB
2015-09-30,10.859999656677246,10.960000038146973,10.369999885559082,10.630000114440918,10.630000114440918,1818800.0,MTOR
2015-09-30,11.0,11.0,9.859999656677246,9.859999656677246,6.585122108459473,8700.0,MTR
2015-09-30,29.790000915527344,30.26000022888184,29.57999992370605,30.020000457763672,28.73904800415039,102200.0,MTRN
2015-09-30,21.700000762939453,22.53000068664551,21.65999984741211,22.46999931335449,22.46999931335449,516600.0,MTRX
2015-09-30,58.59000015258789,60.63999938964844,56.63000106811523,60.11000061035156,53.81070327758789,131900.0,MTSC
2015-09-30,28.93000030517578,29.290000915527344,28.46999931335449,28.989999771118164,28.989999771118164,425400.0,MTSI
2015-09-30,1.2200000286102295,1.25,1.2200000286102295,1.25,1.25,3400.0,MTSL
2015-09-30,23.540000915527344,23.86000061035156,23.51000022888184,23.79999923706055,19.47391700744629,28600.0,MTT
2015-09-30,13.469691276550293,13.587449073791506,13.16170883178711,13.587449073791506,13.519845962524414,2745800.0,MTW
2015-09-30,48.7599983215332,49.2400016784668,47.68000030517578,48.15999984741211,47.45749282836914,394000.0,MTX
2015-09-30,15.859999656677244,15.960000038146973,15.479999542236328,15.829999923706055,15.829999923706055,1610500.0,MTZ
2015-09-30,14.729999542236328,15.329999923706055,14.699999809265135,14.979999542236328,14.979999542236328,28066300.0,MU
2015-09-30,13.619999885559082,13.630000114440918,13.449999809265135,13.510000228881836,10.946158409118652,66600.0,MUA
2015-09-30,14.380000114440918,14.399999618530273,14.329999923706055,14.369999885559082,11.62190055847168,25700.0,MUC
2015-09-30,13.279999732971193,13.279999732971193,13.210000038146973,13.229999542236328,10.443896293640137,29600.0,MUE
2015-09-30,6.019999980926514,6.0900001525878915,5.980000019073486,6.0900001525878915,5.34535026550293,1732000.0,MUFG
2015-09-30,14.949999809265135,14.949999809265135,14.880000114440918,14.9399995803833,11.665084838867188,19400.0,MUH
2015-09-30,13.90999984741211,13.93000030517578,13.84000015258789,13.920000076293945,11.25065803527832,28700.0,MUI
2015-09-30,13.489999771118164,13.550000190734865,13.479999542236328,13.520000457763672,10.71327018737793,35400.0,MUJ
2015-09-30,24.45000076293945,24.46999931335449,23.899999618530273,24.20000076293945,20.090391159057614,4085600.0,MUR
2015-09-30,12.949999809265135,12.949999809265135,12.890000343322756,12.90999984741211,10.13917636871338,11600.0,MUS
2015-09-30,55.040000915527344,55.61999893188477,54.5099983215332,54.95000076293945,54.95000076293945,315200.0,MUSA
2015-09-30,0.8629999756813049,0.8899999856948853,0.8500000238418579,0.875,0.8606381416320801,223600.0,MUX
2015-09-30,15.100000381469727,15.100000381469727,15.100000381469727,15.100000381469727,14.56387710571289,0.0,MVBF
2015-09-30,8.140000343322754,8.289999961853027,8.100000381469728,8.210000038146973,6.133315563201903,71700.0,MVC
2015-09-30,9.619999885559082,9.619999885559082,9.550000190734863,9.609999656677246,7.516459941864014,48900.0,MVF
2015-09-30,3.150000095367432,3.2100000381469727,3.0799999237060547,3.190000057220459,3.190000057220459,226000.0,MVIS
2015-09-30,5.75,5.9099998474121085,5.75,5.809999942779541,3.376857280731201,25000.0,MVO
2015-09-30,15.369999885559082,15.510000228881836,15.350000381469727,15.380000114440918,12.031774520874025,53100.0,MVT
2015-09-30,7.5,7.690000057220459,7.5,7.6599998474121085,7.1547040939331055,1739200.0,MWA
2015-09-30,6.639999866485597,6.739999771118164,6.420000076293945,6.5900001525878915,6.5900001525878915,344500.0,MX
2015-09-30,2.5199999809265137,2.5199999809265137,2.5,2.5,2.5,1100.0,MXC
2015-09-30,11.010000228881836,11.039999961853027,10.989999771118164,11.0,10.302328109741213,22200.0,MXE
2015-09-30,17.170000076293945,17.479999542236328,16.649999618530273,17.420000076293945,13.640965461730955,34300.0,MXF
2015-09-30,32.470001220703125,33.43000030517578,32.470001220703125,33.400001525878906,28.93398475646973,2184500.0,MXIM
2015-09-30,12.039999961853027,12.460000038146973,11.949999809265135,12.4399995803833,12.4399995803833,1452300.0,MXL
2015-09-30,15.789999961853027,15.850000381469727,15.779999732971193,15.84000015258789,12.234585762023926,13000.0,MYC
2015-09-30,14.140000343322756,14.270000457763672,14.130000114440918,14.210000038146973,11.147825241088867,128100.0,MYD
2015-09-30,13.640000343322756,13.649999618530273,13.350000381469727,13.399999618530273,11.55107307434082,113100.0,MYE
2015-09-30,14.970000267028807,14.970000267028807,14.93000030517578,14.970000267028807,11.625814437866213,7100.0,MYF
2015-09-30,37.4900016784668,37.9900016784668,36.7400016784668,37.47999954223633,37.47999954223633,877200.0,MYGN
2015-09-30,14.079999923706055,14.079999923706055,13.970000267028807,13.970000267028807,11.071127891540527,64200.0,MYI
2015-09-30,14.609999656677244,14.65999984741211,14.539999961853027,14.649999618530273,11.450539588928224,23600.0,MYJ
2015-09-30,40.90999984741211,41.2599983215332,39.29999923706055,40.2599983215332,40.2599983215332,10626100.0,MYL
2015-09-30,13.100000381469727,13.109999656677244,13.050000190734865,13.079999923706055,10.6123685836792,36200.0,MYN
2015-09-30,2.799999952316284,2.799999952316284,2.6800000667572017,2.6800000667572017,2.6800000667572017,2900.0,MYOS
2015-09-30,26.18000030517578,26.6200008392334,26.0,26.20000076293945,26.20000076293945,145500.0,MYRG
2015-09-30,2.400000095367432,2.400000095367432,2.369999885559082,2.369999885559082,2.369999885559082,800.0,MYT
2015-09-30,16.959999084472653,17.200000762939453,16.819999694824222,16.899999618530273,13.813653945922852,18300.0,MZA
2015-09-30,14.920000076293945,14.989999771118164,14.920000076293945,14.949999809265135,11.837634086608887,167200.0,NAC
2015-09-30,13.68000030517578,13.770000457763672,13.670000076293945,13.770000457763672,10.859725952148438,84100.0,NAD
2015-09-30,6.179999828338622,6.289999961853027,6.03000020980835,6.289999961853027,6.289999961853027,2300.0,NAII
2015-09-30,0.3400000035762787,0.36000001430511475,0.30000001192092896,0.3100000023841858,0.3100000023841858,361800.0,NAK
2015-09-30,380.0,380.0,370.0,370.0,370.0,0.0,NAKD
2015-09-30,13.34000015258789,13.4399995803833,13.34000015258789,13.420000076293945,10.792804718017578,45000.0,NAN
2015-09-30,4.199999809265137,4.199999809265137,4.199999809265137,4.199999809265137,4.199999809265137,0.0,NAOV
2015-09-30,14.841269493103027,15.119047164916992,14.692460060119627,15.079364776611328,10.774208068847656,1877700.0,NAT
2015-09-30,37.310001373291016,38.849998474121094,36.790000915527344,38.02000045776367,34.576904296875,30000.0,NATH
2015-09-30,27.43000030517578,27.93000030517578,27.28000068664551,27.790000915527344,24.970367431640625,304700.0,NATI
2015-09-30,11.75,12.039999961853027,11.640000343322756,11.979999542236328,11.335606575012207,12300.0,NATR
2015-09-30,12.850000381469727,13.0,12.270000457763672,12.720000267028807,12.720000267028807,1573000.0,NAV
2015-09-30,46.20000076293945,48.0,45.20000076293945,45.599998474121094,45.599998474121094,191700.0,NAVB
2015-09-30,11.75,11.869999885559082,10.94499969482422,11.239999771118164,9.020564079284668,10417200.0,NAVI
2015-09-30,14.779999732971193,14.81999969482422,14.779999732971193,14.81999969482422,12.136602401733398,2800.0,NAZ
2015-09-30,19.59000015258789,19.709999084472656,19.56999969482422,19.649999618530273,15.04127597808838,84200.0,NBB
2015-09-30,0.4000000059604645,0.4000000059604645,0.4000000059604645,0.4000000059604645,0.4000000059604645,200.0,NBEV
2015-09-30,15.359999656677244,15.5,15.239999771118164,15.239999771118164,11.949207305908205,41100.0,NBH
2015-09-30,20.5,20.690000534057614,20.290000915527344,20.530000686645508,19.10342788696289,215300.0,NBHC
2015-09-30,36.36999893188477,40.540000915527344,36.04999923706055,39.790000915527344,39.790000915527344,1926000.0,NBIX
2015-09-30,30.0,30.540000915527344,29.60000038146973,30.18000030517578,28.075841903686523,4035300.0,NBL
2015-09-30,10.970000267028807,10.970000267028807,10.529999732971193,10.529999732971193,10.413795471191406,600.0,NBN
2015-09-30,13.640000343322756,13.75,13.600000381469727,13.630000114440918,11.301895141601562,2200.0,NBO
2015-09-30,9.760000228881836,9.789999961853027,9.239999771118164,9.449999809265137,8.163205146789549,15335400.0,NBR
2015-09-30,9.449999809265137,10.649999618530273,8.753999710083008,9.5,9.5,96600.0,NBRV
2015-09-30,55.79999923706055,57.4000015258789,54.20000076293945,55.20000076293945,55.20000076293945,10761.0,NBSE
2015-09-30,27.04999923706055,27.170000076293945,26.75,26.940000534057614,23.65962791442871,150100.0,NBTB
2015-09-30,14.699999809265135,14.729999542236328,14.600000381469727,14.600000381469727,11.965433120727539,15000.0,NBW
2015-09-30,7.5,7.75,6.25,7.25,7.25,16600.0,NBY
2015-09-30,10.948138236999512,10.984692573547363,10.806488037109377,10.863605499267578,8.926102638244629,105400.0,NC
2015-09-30,10.520000457763672,10.550000190734863,10.420000076293944,10.550000190734863,8.773640632629395,40400.0,NCA
2015-09-30,16.34000015258789,16.399999618530273,16.25,16.399999618530273,13.006022453308105,5900.0,NCB
2015-09-30,32.0,32.0,32.0,32.0,32.0,0.0,NCBS
2015-09-30,56.599998474121094,57.709999084472656,56.2400016784668,57.29999923706055,57.29999923706055,1663300.0,NCLH
2015-09-30,13.31999969482422,13.470000267028807,13.239999771118164,13.420000076293945,8.927987098693848,476300.0,NCMI
2015-09-30,22.790000915527344,22.95000076293945,22.520000457763672,22.75,22.75,1551500.0,NCR
2015-09-30,3.2699999809265137,3.509999990463257,3.2699999809265137,3.4200000762939453,3.4200000762939453,700.0,NCTY
2015-09-30,5.869999885559082,5.949999809265138,5.789999961853027,5.829999923706055,3.4246156215667725,642600.0,NCV
2015-09-30,5.289999961853027,5.329999923706055,5.230000019073486,5.28000020980835,3.0111095905303955,617300.0,NCZ
2015-09-30,52.43000030517578,53.43999862670898,52.13000106811523,53.33000183105469,48.9586181640625,1311000.0,NDAQ
2015-09-30,14.18000030517578,14.5,13.720000267028807,14.15999984741211,14.15999984741211,232600.0,NDLS
2015-09-30,12.420000076293945,12.640000343322756,12.18000030517578,12.489999771118164,6.810600757598878,149000.0,NDP
2015-09-30,62.56000137329102,63.27999877929688,61.43000030517578,62.93999862670898,59.8718376159668,286800.0,NDSN
2015-09-30,11.010000228881836,11.25,10.710000038146973,10.90999984741211,10.520346641540527,10651600.0,NE
2015-09-30,12.970000267028807,13.029999732971193,12.9399995803833,13.029999732971193,10.330223083496094,128400.0,NEA
2015-09-30,96.62000274658205,97.6500015258789,96.62000274658205,97.5500030517578,85.1454849243164,3797900.0,NEE
2015-09-30,15.579999923706055,16.170000076293945,15.5600004196167,16.069999694824222,14.905487060546875,7613300.0,NEM
2015-09-30,47.9000015258789,48.5,47.54999923706055,47.54999923706055,43.679283142089844,4700.0,NEN
2015-09-30,5.690000057220459,5.9099998474121085,5.690000057220459,5.730000019073486,5.730000019073486,576700.0,NEO
2015-09-30,33.81845474243164,34.306076049804695,33.630908966064446,33.750938415527344,33.750938415527344,234800.0,NEOG
2015-09-30,25.899999618530273,26.20000076293945,23.70000076293945,24.399999618530273,24.399999618530273,32200.0,NEON
2015-09-30,19.75,22.020000457763672,18.81999969482422,21.01000022888184,21.01000022888184,864800.0,NEOS
2015-09-30,20.5,22.1299991607666,20.25,21.799999237060547,18.0651798248291,896300.0,NEP
2015-09-30,3.384000062942505,3.4200000762939453,3.3299999237060547,3.3299999237060547,3.3299999237060547,2944.0,NEPH
2015-09-30,1.1200000047683716,1.1399999856948853,1.0399999618530271,1.100000023841858,1.100000023841858,173900.0,NEPT
2015-09-30,5.699999809265138,5.699999809265138,5.21999979019165,5.25,5.25,10900.0,NERV
2015-09-30,22642.900390625,22642.900390625,22285.69921875,22642.900390625,22642.900390625,9009.0,NET
2015-09-30,16.0,16.0,15.0,16.0,16.0,5700.0,NETE
2015-09-30,356.7699890136719,362.8599853515625,353.489990234375,357.0,331.0499572753906,99100.0,NEU
2015-09-30,14.770000457763672,14.829999923706055,14.729999542236328,14.81999969482422,11.592731475830078,55000.0,NEV
2015-09-30,0.052000001072883606,0.054999999701976776,0.050999999046325684,0.05299999937415123,0.05299999937415123,47596788.0,NEW
2015-09-30,37.61000061035156,38.22999954223633,37.29999923706055,38.11000061035156,38.11000061035156,243300.0,NEWR
2015-09-30,15.649999618530273,16.629999160766598,15.619999885559082,16.430000305175778,8.556730270385742,186400.0,NEWT
2015-09-30,9.899999618530273,9.899999618530273,9.899999618530273,9.899999618530273,9.899999618530273,0.0,NEXT
2015-09-30,15.199999809265135,15.260000228881836,15.079999923706055,15.210000038146973,13.63746738433838,162300.0,NFBK
2015-09-30,6.0,6.0,6.0,6.0,6.0,0.0,NFE
2015-09-30,49.34000015258789,50.22999954223633,48.61000061035156,49.97999954223633,43.19436264038086,730700.0,NFG
2015-09-30,12.529999732971193,12.779999732971193,12.529999732971193,12.779999732971193,8.76875114440918,476200.0,NFJ
2015-09-30,99.91000366210938,103.45999908447266,99.0500030517578,103.26000213623048,103.26000213623048,17027600.0,NFLX
2015-09-30,3.5,3.630000114440918,3.4600000381469727,3.609999895095825,3.609999895095825,1126400.0,NG
2015-09-30,2.1800000667572017,2.2799999713897705,2.150000095367432,2.2699999809265137,2.2699999809265137,2683600.0,NGD
2015-09-30,75.50218200683594,76.10262298583984,75.42576599121094,76.0152816772461,61.35538864135742,386500.0,NGG
2015-09-30,19.38999938964844,19.46999931335449,19.1200008392334,19.290000915527344,18.58296775817871,405600.0,NGHC
2015-09-30,25.059999465942386,25.06999969482422,24.85300064086914,24.86000061035156,16.86553955078125,26200.0,NGHCO
2015-09-30,24.979999542236328,24.979999542236328,24.95000076293945,24.95000076293945,16.960891723632812,1700.0,NGHCP
2015-09-30,23.81999969482422,23.81999969482422,23.40999984741211,23.420000076293945,19.04833221435547,87100.0,NGHCZ
2015-09-30,20.0,20.649999618530273,19.549999237060547,19.96999931335449,11.38518524169922,968600.0,NGL
2015-09-30,19.850000381469727,19.940000534057614,19.030000686645508,19.299999237060547,19.299999237060547,50300.0,NGS
2015-09-30,22.920000076293945,23.190000534057614,22.53000068664551,22.690000534057614,22.300235748291016,43700.0,NGVC
2015-09-30,60.29999923706055,61.68000030517578,60.29999923706055,60.88999938964844,53.87279891967773,18800.0,NHC
2015-09-30,22.71999931335449,22.920000076293945,22.239999771118164,22.8799991607666,13.32493495941162,69600.0,NHF
2015-09-30,58.66999816894531,58.84000015258789,57.31000137329102,57.4900016784668,45.12012481689453,450000.0,NHI
2015-09-30,2.75,2.900000095367432,2.650000095367432,2.75,2.75,50500.0,NHLD
2015-09-30,10.109999656677246,10.1899995803833,10.06999969482422,10.1899995803833,7.032069683074951,66700.0,NHS
2015-09-30,30.26000022888184,32.90999984741211,30.26000022888184,32.68000030517578,23.3393669128418,248700.0,NHTC
2015-09-30,17.989999771118164,18.56999969482422,17.93000030517578,18.549999237060547,16.257766723632812,3570900.0,NI
2015-09-30,40.77999877929688,40.83000183105469,40.2599983215332,40.41999816894531,40.41999816894531,8300.0,NIB
2015-09-30,54.16999816894531,57.08000183105469,54.16999816894531,56.33000183105469,55.366920471191406,362000.0,NICE
2015-09-30,13.100000381469727,13.100000381469727,12.899999618530273,12.979999542236328,12.979999542236328,6200.0,NICK
2015-09-30,12.3100004196167,12.399999618530273,12.270000457763672,12.399999618530273,10.113452911376953,73200.0,NID
2015-09-30,17.209999084472653,17.309999465942386,17.020000457763672,17.190000534057614,12.197209358215332,71900.0,NIE
2015-09-30,10.050000190734863,10.0600004196167,10.010000228881836,10.039999961853027,8.715542793273926,6300.0,NIM
2015-09-30,12.479999542236328,12.479999542236328,12.329999923706055,12.4399995803833,10.631183624267578,19300.0,NIQ
2015-09-30,29.149999618530273,30.06999969482422,29.040000915527344,30.03000068664551,26.55763435363769,653300.0,NJR
2015-09-30,14.140000343322756,14.149999618530273,13.9399995803833,14.09000015258789,10.915695190429688,16600.0,NJV
2015-09-30,11.75,12.989999771118164,10.869999885559082,11.460000038146973,11.460000038146973,1879700.0,NK
2015-09-30,60.36999893188477,61.56000137329102,60.36999893188477,61.48500061035156,58.06344985961914,9437800.0,NKE
2015-09-30,12.829999923706055,12.84000015258789,12.800000190734865,12.84000015258789,10.66830348968506,2800.0,NKG
2015-09-30,31.309999465942386,31.709999084472656,30.51000022888184,31.11000061035156,27.12423324584961,14200.0,NKSH
2015-09-30,10.760000228881836,11.199999809265137,10.56999969482422,10.960000038146973,10.960000038146973,1573600.0,NKTR
2015-09-30,14.670000076293945,14.6899995803833,14.640000343322756,14.670000076293945,11.726079940795898,35000.0,NKX
2015-09-30,3.0,3.2699999809265137,2.900000095367432,2.990000009536743,2.9545104503631587,182000.0,NL
2015-09-30,14.479999542236328,15.199999809265135,14.170000076293945,15.0,15.0,878600.0,NLS
2015-09-30,44.16999816894531,45.58000183105469,43.849998474121094,44.47000122070313,37.30036544799805,6014400.0,NLSN
2015-09-30,14.369999885559082,14.600000381469727,13.829999923706055,14.06999969482422,14.06999969482422,306800.0,NLTX
2015-09-30,9.789999961853027,9.890000343322754,9.6899995803833,9.869999885559082,5.891653060913086,10337800.0,NLY
2015-09-30,25.5,25.899999618530273,24.20000076293945,24.899999618530273,24.899999618530273,53300.0,NM
2015-09-30,13.600000381469727,13.84000015258789,13.529999732971193,13.59000015258789,8.611673355102539,1052100.0,NMFC
2015-09-30,10.6899995803833,10.739999771118164,10.65999984741211,10.720000267028807,8.858000755310059,17300.0,NMI
2015-09-30,7.630000114440918,7.630000114440918,7.4099998474121085,7.5999999046325675,7.5999999046325675,291700.0,NMIH
2015-09-30,12.029999732971193,12.6899995803833,11.850000381469727,11.970000267028807,7.894376754760742,352900.0,NML
2015-09-30,108.3000030517578,111.4499969482422,104.4000015258789,109.3499984741211,100.42243194580078,32200.0,NMM
2015-09-30,5.760000228881836,5.820000171661378,5.710000038146973,5.820000171661378,5.182263374328613,1737000.0,NMR
2015-09-30,2.0,2.0,2.0,2.0,2.0,0.0,NMRD
2015-09-30,14.55500030517578,14.600000381469727,14.550000190734865,14.550000190734865,11.72881031036377,4000.0,NMS
2015-09-30,13.510000228881836,13.510000228881836,13.449999809265135,13.479999542236328,11.071632385253906,3800.0,NMT
2015-09-30,12.350000381469727,12.350000381469727,12.270000457763672,12.31999969482422,9.990934371948242,31300.0,NMY
2015-09-30,13.399999618530273,13.470000267028807,13.270000457763672,13.289999961853027,10.21788501739502,182400.0,NMZ
2015-09-30,51.0,52.95000076293945,51.0,52.79999923706055,41.32930374145508,16900.0,NNA
2015-09-30,18.5,18.61000061035156,18.07999992370605,18.5,17.111909866333008,468600.0,NNBR
2015-09-30,35.95000076293945,36.11999893188477,34.259998321533196,34.610000610351555,32.710174560546875,243000.0,NNI
2015-09-30,36.38000106811523,36.540000915527344,36.04999923706055,36.27000045776367,30.06332588195801,1474200.0,NNN
2015-09-30,24.399999618530273,24.60000038146973,23.20000076293945,23.79999923706055,23.79999923706055,4200.0,NNVC
2015-09-30,9.699999809265137,9.710000038146973,9.6899995803833,9.710000038146973,8.184817314147951,11700.0,NNY
2015-09-30,2.2100000381469727,2.25,2.1600000858306885,2.1800000667572017,1.96015465259552,3800.0,NOA
2015-09-30,22.270000457763672,23.979999542236328,22.270000457763672,23.489999771118164,23.489999771118164,396600.0,NOAH
2015-09-30,165.14999389648438,167.25999450683594,164.47999572753906,165.9499969482422,154.7286376953125,1248500.0,NOC
2015-09-30,4.320000171661377,4.53000020980835,4.2100000381469735,4.420000076293945,4.420000076293945,1359000.0,NOG
2015-09-30,6.800000190734862,6.829999923706055,6.739999771118164,6.78000020980835,5.8724870681762695,15397500.0,NOK
2015-09-30,14.619999885559082,14.899999618530273,14.619999885559082,14.899999618530273,12.346478462219238,6500.0,NOM
2015-09-30,16.200000762939453,16.25,15.5,15.600000381469727,15.600000381469727,121300.0,NOMD
2015-09-30,37.349998474121094,37.7400016784668,37.040000915527344,37.650001525878906,35.61131286621094,6551400.0,NOV
2015-09-30,12.5,12.90999984741211,12.460000038146973,12.729999542236328,12.729999542236328,60700.0,NOVT
2015-09-30,69.72000122070311,70.30000305175781,67.06999969482422,69.44999694824219,69.44999694824219,1693000.0,NOW
2015-09-30,60.0,60.0,57.97000122070313,58.27999877929688,52.92115783691406,144600.0,NP
2015-09-30,0.03500000014901161,0.03500000014901161,0.03500000014901161,0.03500000014901161,0.03500000014901161,0.0,NPA
2015-09-30,84.80000305175781,85.44000244140625,83.5999984741211,84.26000213623047,63.46784210205078,38300.0,NPK
2015-09-30,14.949999809265135,14.989999771118164,14.75,14.8100004196167,11.830865859985352,3300.0,NPN
2015-09-30,38.900001525878906,39.47000122070313,38.59000015258789,39.16999816894531,36.700138092041016,219900.0,NPO
2015-09-30,6.380000114440918,6.829999923706055,6.360000133514403,6.809999942779541,6.809999942779541,477200.0,NPTN
2015-09-30,13.470000267028807,13.510000228881836,13.40999984741211,13.510000228881836,11.1272611618042,17900.0,NPV
2015-09-30,13.050000190734865,13.119999885559082,13.029999732971193,13.119999885559082,10.405271530151367,68800.0,NQP
2015-09-30,5.1599998474121085,5.190000057220459,4.980000019073486,5.119999885559082,5.119999885559082,1081000.0,NR
2015-09-30,11.539999961853027,12.0,11.199999809265137,11.9399995803833,10.66224479675293,14400.0,NRC
2015-09-30,14.59000015258789,14.949999809265135,14.59000015258789,14.850000381469727,14.068510055541992,10736900.0,NRG
2015-09-30,28.709999084472656,28.940000534057614,28.0,28.93000030517578,25.22834396362305,26200.0,NRIM
2015-09-30,12.529999732971193,12.59000015258789,12.520000457763672,12.59000015258789,10.205300331115724,82400.0,NRK
2015-09-30,4.639999866485597,4.639999866485597,4.570000171661377,4.610000133514403,3.0357537269592285,228700.0,NRO
2015-09-30,23.20000076293945,25.399999618530273,23.0,25.399999618530273,19.221954345703125,27200.0,NRP
2015-09-30,9.550000190734863,10.0,9.550000190734863,9.890000343322754,6.431502819061278,24600.0,NRT
2015-09-30,12.960000038146973,13.220000267028807,12.75,13.100000381469727,7.409104824066162,4699700.0,NRZ
2015-09-30,42.70000076293945,45.31999969482422,42.150001525878906,44.81999969482422,28.66920280456543,1263600.0,NS
2015-09-30,13.43000030517578,13.579999923706055,13.100000381469727,13.550000190734865,11.184151649475098,172800.0,NSA
2015-09-30,75.79000091552734,76.5,75.19999694824219,76.4000015258789,69.13808441162111,1559600.0,NSC
2015-09-30,15.25,15.25,15.25,15.25,14.33337688446045,100.0,NSEC
2015-09-30,25.56999969482422,25.920000076293945,25.51000022888184,25.85000038146973,25.85000038146973,136800.0,NSIT
2015-09-30,5.880000114440918,5.9099998474121085,5.8499999046325675,5.9099998474121085,4.260118007659912,164900.0,NSL
2015-09-30,21.55500030517578,22.01000022888184,21.489999771118164,21.96500015258789,20.01650047302246,343000.0,NSP
2015-09-30,2125.0,2250.0,1875.0,2125.0,2125.0,0.0,NSPR
2015-09-30,25.03000068664551,25.06999969482422,24.709999084472656,24.790000915527344,17.351099014282227,45600.0,NSS
2015-09-30,6.039999961853027,6.0900001525878915,5.989999771118164,6.050000190734862,6.050000190734862,28700.0,NSSC
2015-09-30,15.609999656677244,16.239999771118164,15.289999961853027,16.0,16.0,135400.0,NSTG
2015-09-30,4.179999828338623,4.25,4.150000095367432,4.25,4.25,1200.0,NSYS
2015-09-30,29.20000076293945,29.729999542236328,28.75,29.60000038146973,26.62692832946777,4669200.0,NTAP
2015-09-30,35.33000183105469,35.84000015258789,35.0,35.36999893188477,35.36999893188477,602600.0,NTCT
2015-09-30,5.610000133514403,5.6599998474121085,5.5,5.599999904632568,5.599999904632568,12700.0,NTEC
2015-09-30,119.87999725341795,124.0500030517578,119.55999755859376,120.12000274658205,111.05590057373048,774100.0,NTES
2015-09-30,17.850000381469727,18.600000381469727,17.709999084472656,18.31999969482422,11.447210311889648,365700.0,NTG
2015-09-30,18.145160675048828,18.387096405029297,18.00248146057129,18.09553337097168,18.09553337097168,636700.0,NTGR
2015-09-30,7.789999961853027,7.789999961853027,7.789999961853027,7.789999961853027,7.2873616218566895,600.0,NTIC
2015-09-30,2.059999942779541,2.0999999046325684,2.009999990463257,2.0199999809265137,1.7784446477890017,6900.0,NTIP
2015-09-30,16.5,17.0,15.5,17.0,17.0,100.0,NTN
2015-09-30,6.230000019073486,6.230000019073486,6.0,6.0999999046325675,5.633162975311278,78600.0,NTP
2015-09-30,11.260000228881836,12.640000343322756,10.25,10.850000381469727,10.850000381469727,1693300.0,NTRA
2015-09-30,68.04000091552734,68.25,67.33000183105469,68.16000366210939,61.70102310180664,1098800.0,NTRS
2015-09-30,38.900001525878906,39.58000183105469,38.2599983215332,39.45000076293945,39.45000076293945,361800.0,NTUS
2015-09-30,5.210000038146973,5.210000038146973,5.019999980926514,5.019999980926514,5.019999980926514,35700.0,NTWK
2015-09-30,10.0,10.25,9.949999809265137,10.25,10.25,100.0,NTZ
2015-09-30,14.043290138244627,14.181818008422852,13.904762268066404,14.173160552978516,14.173160552978516,2038900.0,NUAN
2015-09-30,37.709999084472656,37.88000106811523,37.02000045776367,37.54999923706055,32.89850616455078,2384400.0,NUE
2015-09-30,13.149999618530273,13.1899995803833,13.140000343322756,13.1899995803833,10.692705154418944,19800.0,NUM
2015-09-30,14.34000015258789,14.420000076293945,14.34000015258789,14.390000343322756,11.777828216552734,32100.0,NUO
2015-09-30,288.0,288.0,281.6000061035156,281.6000061035156,281.6000061035156,0.0,NURO
2015-09-30,41.52999877929688,41.93999862670898,40.20000076293945,41.27999877929688,35.96149063110352,948700.0,NUS
2015-09-30,9.8100004196167,9.850000381469727,9.8100004196167,9.8100004196167,8.240442276000978,208100.0,NUV
2015-09-30,46.97999954223633,48.27000045776367,46.959999084472656,48.22000122070313,48.22000122070313,545900.0,NUVA
2015-09-30,16.950000762939453,17.139999389648438,16.950000762939453,17.139999389648438,13.97694492340088,24600.0,NUW
2015-09-30,141.39999389648438,157.60000610351562,140.0,141.39999389648438,141.39999389648438,1301700.0,NVAX
2015-09-30,4700.0,5080.0,4700.0,4910.0,4910.0,0.0,NVCN
2015-09-30,23.93000030517578,24.68000030517578,23.790000915527344,24.649999618530273,24.05274200439453,13909500.0,NVDA
2015-09-30,47.66999816894531,48.7400016784668,47.22000122070313,48.540000915527344,37.82648849487305,18500.0,NVEC
2015-09-30,18.649999618530273,18.88999938964844,17.799999237060547,18.559999465942386,18.559999465942386,37500.0,NVEE
2015-09-30,11.350000381469727,11.399999618530273,11.050000190734863,11.399999618530273,11.399999618530273,1600.0,NVFY
2015-09-30,13.829999923706055,13.93000030517578,13.829999923706055,13.93000030517578,10.821049690246582,30400.0,NVG
2015-09-30,13.210000038146973,13.520000457763672,13.020000457763672,13.350000381469727,13.350000381469727,232600.0,NVGS
2015-09-30,6472.5,6682.5,6247.5,6465.0,6465.0,400.0,NVIV
2015-09-30,9.770000457763672,9.979999542236328,9.600000381469727,9.619999885559082,9.619999885559082,12700.0,NVMI
2015-09-30,53.7599983215332,54.459999084472656,53.45000076293945,54.2400016784668,48.04153823852539,1689900.0,NVO
2015-09-30,1530.989990234375,1565.02001953125,1510.010009765625,1525.219970703125,1525.219970703125,36200.0,NVR
2015-09-30,45.63999938964844,46.821998596191406,45.22999954223633,46.38999938964844,46.38999938964844,364200.0,NVRO
2015-09-30,82.40143585205078,82.49104309082031,81.7293930053711,82.36559295654297,67.96685791015625,1990000.0,NVS
2015-09-30,7.1500000953674325,7.3499999046325675,6.829999923706055,7.21999979019165,7.21999979019165,150800.0,NVTA
2015-09-30,93.69000244140624,100.52999877929688,89.55000305175781,93.1500015258789,93.1500015258789,18400.0,NVUS
2015-09-30,13.0,13.039999961853027,12.90999984741211,13.0,10.791315078735352,790300.0,NWBI
2015-09-30,52.4000015258789,53.9900016784668,52.1500015258789,53.83000183105469,45.9779167175293,959100.0,NWE
2015-09-30,19.46666717529297,19.65999984741211,19.33333396911621,19.33333396911621,15.980070114135742,12600.0,NWFL
2015-09-30,4.079999923706056,4.1599998474121085,4.079999923706056,4.1599998474121085,4.1599998474121085,2500.0,NWGI
2015-09-30,12.739999771118164,13.210000038146973,12.59000015258789,12.949999809265135,12.949999809265135,78600.0,NWHM
2015-09-30,39.099998474121094,39.75,39.08000183105469,39.709999084472656,34.184837341308594,3045500.0,NWL
2015-09-30,222.1300048828125,224.77999877929688,216.9900054931641,222.6999969482422,220.84194946289062,5300.0,NWLI
2015-09-30,44.90999984741211,45.91999816894531,44.79999923706055,45.84000015258789,39.897682189941406,126000.0,NWN
2015-09-30,12.850000381469727,13.1899995803833,12.779999732971193,13.0600004196167,13.0600004196167,69300.0,NWPX
2015-09-30,12.619999885559082,12.829999923706055,12.420000076293945,12.81999969482422,11.969538688659668,1144200.0,NWS
2015-09-30,12.31999969482422,12.649999618530273,12.15999984741211,12.619999885559082,11.756353378295898,3129600.0,NWSA
2015-09-30,18.18000030517578,18.350000381469727,17.940000534057614,18.170000076293945,17.159181594848633,343700.0,NX
2015-09-30,15.149999618530273,15.199999809265135,15.09000015258789,15.199999809265135,12.687833786010742,3700.0,NXC
2015-09-30,0.4539999961853027,0.4670000076293945,0.4539999961853027,0.4670000076293945,0.4670000076293945,25000.0,NXE
2015-09-30,12.399999618530273,12.529999732971193,12.369999885559082,12.479999542236328,12.341684341430664,284000.0,NXGN
2015-09-30,12.739999771118164,12.81999969482422,12.729999542236328,12.81999969482422,10.137701988220217,60400.0,NXJ
2015-09-30,13.220000267028807,13.31999969482422,13.220000267028807,13.31999969482422,11.214831352233887,5700.0,NXN
2015-09-30,13.449999809265135,13.5600004196167,13.449999809265135,13.5600004196167,11.439218521118164,30900.0,NXP
2015-09-30,83.75,87.4000015258789,83.70999908447266,87.06999969482422,85.20042419433594,3226700.0,NXPI
2015-09-30,13.079999923706055,13.109999656677244,13.050000190734865,13.109999656677244,11.103615760803224,26200.0,NXQ
2015-09-30,13.699999809265135,13.720000267028807,13.65999984741211,13.710000038146973,11.655675888061525,20400.0,NXR
2015-09-30,13.270000457763672,13.449999809265135,13.149999618530273,13.359999656677244,11.214031219482422,126800.0,NXRT
2015-09-30,47.61000061035156,48.18000030517578,46.40999984741211,47.349998474121094,43.40978622436523,964600.0,NXST
2015-09-30,9.5,9.880000114440918,9.0,9.399999618530273,9.399999618530273,10800.0,NXTD
2015-09-30,18.0,18.11000061035156,17.860000610351562,18.059999465942386,14.10930347442627,3197400.0,NYCB
2015-09-30,5.489999771118164,5.519999980926514,5.309999942779541,5.489999771118164,3.037755012512207,2899100.0,NYMT
2015-09-30,21.149999618530273,21.149999618530273,20.600000381469727,20.93000030517578,14.649568557739258,28300.0,NYMTO
2015-09-30,21.420000076293945,21.5,21.100000381469727,21.5,15.150382041931152,16000.0,NYMTP
2015-09-30,3.7200000286102295,3.75,3.400000095367432,3.440000057220459,3.440000057220459,258800.0,NYMX
2015-09-30,11.729999542236328,11.960000038146973,11.729999542236328,11.8100004196167,11.331585884094238,1449900.0,NYT
2015-09-30,14.8100004196167,14.850000381469727,14.65999984741211,14.850000381469727,12.229825019836426,4600.0,NYV
2015-09-30,13.5600004196167,13.609999656677244,13.539999961853027,13.5600004196167,10.525396347045898,51100.0,NZF
2015-09-30,47.33000183105469,47.83000183105469,46.91999816894531,47.38999938964844,39.18082809448242,2145100.0,O
2015-09-30,8.600000381469728,8.859999656677246,8.380000114440918,8.680000305175781,8.680000305175781,8988100.0,OAS
2015-09-30,6.9099998474121085,6.9099998474121085,6.039999961853027,6.5,6.5,600.0,OBAS
2015-09-30,2.5299999713897705,2.630000114440918,2.5299999713897705,2.619999885559082,2.4457550048828125,6600.0,OBCI
2015-09-30,39.72000122070313,42.099998474121094,38.95000076293945,41.90999984741211,39.141357421875,3092800.0,OC
2015-09-30,3.400000095367432,3.4200000762939453,3.2699999809265137,3.2699999809265137,3.2503602504730225,1200.0,OCC
2015-09-30,3.634999990463257,3.634999990463257,3.634999990463257,3.634999990463257,3.0173563957214355,0.0,OCCI
2015-09-30,17.510000228881836,17.569999694824222,17.120000839233402,17.219999313354492,15.33858871459961,45600.0,OCFC
2015-09-30,240.0,253.1999969482422,235.8000030517578,239.0399932861328,239.0399932861328,0.0,OCGN
2015-09-30,6.809999942779541,6.8400001525878915,6.5999999046325675,6.710000038146973,6.710000038146973,2173100.0,OCN
2015-09-30,8.560000419616701,8.75,8.510000228881836,8.729999542236326,5.839687824249268,123300.0,OCSI
2015-09-30,6.179999828338622,6.230000019073486,6.139999866485597,6.170000076293945,3.924593210220337,1484700.0,OCSL
2015-09-30,13.59000015258789,15.84000015258789,13.59000015258789,14.0600004196167,14.0600004196167,382500.0,OCUL
2015-09-30,22.3799991607666,23.10000038146973,22.3799991607666,22.899999618530273,20.354806900024414,7400.0,ODC
2015-09-30,41.0,41.41999816894531,40.540000915527344,40.66666793823242,40.07628631591797,1397600.0,ODFL
2015-09-30,6.6500000953674325,6.699999809265138,6.4000000953674325,6.420000076293945,5.598202705383301,5844600.0,ODP
2015-09-30,14.0600004196167,14.539999961853027,13.470000267028807,14.449999809265135,12.101041793823242,146000.0,OEC
2015-09-30,1.8400000333786009,1.8999999761581419,1.7300000190734863,1.7999999523162842,1.7999999523162842,173700.0,OESX
2015-09-30,21.38999938964844,21.399999618530273,20.8799991607666,21.030000686645508,17.561016082763672,966500.0,OFC
2015-09-30,20.0,20.0,20.0,20.0,18.54592704772949,0.0,OFED
2015-09-30,8.8100004196167,8.930000305175781,8.399999618530272,8.729999542236326,7.85809850692749,726200.0,OFG
2015-09-30,33.029998779296875,33.97999954223633,32.59000015258789,33.75,33.75,114600.0,OFIX
2015-09-30,33.490001678466804,33.490001678466804,32.990001678466804,33.400001525878906,30.108991622924805,7000.0,OFLX
2015-09-30,10.279999732971193,10.420000076293944,10.050000190734863,10.239999771118164,6.09710168838501,53500.0,OFS
2015-09-30,16.670000076293945,17.040000915527347,16.670000076293945,16.969999313354492,15.184083938598633,8000.0,OGCP
2015-09-30,26.71999931335449,27.399999618530273,26.65999984741211,27.36000061035156,22.900821685791016,1550400.0,OGE
2015-09-30,17.5,18.600000381469727,15.5,16.399999618530273,16.399999618530273,19100.0,OGEN
2015-09-30,44.459999084472656,45.459999084472656,44.400001525878906,45.33000183105469,40.73487854003906,304700.0,OGS
2015-09-30,35.7400016784668,35.86999893188477,34.959999084472656,35.150001525878906,24.94052314758301,1118200.0,OHI
2015-09-30,20.690000534057614,20.82999992370605,20.32999992370605,20.71999931335449,20.30739021301269,1407900.0,OI
2015-09-30,6.78000020980835,6.78000020980835,6.760000228881836,6.760000228881836,5.3472328186035165,58300.0,OIA
2015-09-30,39.54999923706055,39.88000106811523,38.900001525878906,39.27999877929688,37.08464813232422,1061600.0,OII
2015-09-30,2.309999942779541,2.3199999332427983,2.2699999809265137,2.2699999809265137,2.2699999809265137,7900.0,OIIM
2015-09-30,27.32999992370605,27.46999931335449,25.71999931335449,26.1299991607666,26.1299991607666,1130700.0,OIS
2015-09-30,31.270000457763672,32.240001678466804,30.84000015258789,32.200000762939446,24.97146224975586,3112700.0,OKE
2015-09-30,34.0,34.650001525878906,33.59999847412109,33.900001525878906,33.679481506347656,331700.0,OLED
2015-09-30,18.65999984741211,18.65999984741211,18.65999984741211,18.65999984741211,18.65999984741211,200.0,OLEM
2015-09-30,16.559999465942386,16.934999465942386,15.994999885559082,16.170000076293945,16.170000076293945,2560500.0,OLLI
2015-09-30,16.290000915527347,16.860000610351562,16.200000762939453,16.809999465942386,14.349214553833008,7980300.0,OLN
2015-09-30,21.399999618530273,21.63999938964844,21.07999992370605,21.32999992370605,15.456500053405762,38900.0,OLP
2015-09-30,39.36999893188477,39.81999969482422,39.209999084472656,39.65999984741211,34.12125015258789,70300.0,OMAB
2015-09-30,65.58000183105469,66.04000091552734,65.27999877929689,65.90000152587889,57.43132019042969,2323800.0,OMC
2015-09-30,30.54999923706055,31.32999992370605,30.32999992370605,31.10000038146973,31.10000038146973,312900.0,OMCL
2015-09-30,10.960000038146973,11.399999618530273,10.550000190734863,10.960000038146973,10.960000038146973,695600.0,OMER
2015-09-30,4.308000087738037,4.440000057220459,3.911999940872192,4.320000171661377,4.320000171661377,6500.0,OMEX
2015-09-30,43.68000030517578,44.04999923706055,42.88999938964844,43.72000122070313,38.37469482421875,364900.0,OMF
2015-09-30,32.77000045776367,32.959999084472656,31.90999984741211,31.940000534057614,27.97140693664551,812500.0,OMI
2015-09-30,9.399999618530273,9.520000457763672,9.239999771118164,9.399999618530273,9.399999618530273,4902500.0,ON
2015-09-30,13.890000343322756,13.949999809265135,13.710000038146973,13.93000030517578,12.0667085647583,992600.0,ONB
2015-09-30,53.0,54.0,48.599998474121094,51.5,51.5,23300.0,ONCS
2015-09-30,53.20000076293945,56.0,50.4000015258789,53.20000076293945,53.20000076293945,700.0,ONCT
2015-09-30,4.65500020980835,4.65500020980835,4.275000095367432,4.275000095367432,4.275000095367432,37900.0,ONCY
2015-09-30,9.460000038146973,9.949999809265137,9.220000267028807,9.899999618530273,9.899999618530273,307700.0,ONDK
2015-09-30,219.0,223.5,204.0,204.0,204.0,200.0,ONTX
2015-09-30,2.799999952316284,3.0,2.5999999046325684,2.6800000667572017,2.6800000667572017,1276100.0,ONVO
2015-09-30,6.8499999046325675,7.25,6.8420000076293945,6.949999809265138,6.949999809265138,150400.0,OOMA
2015-09-30,37.27999877929688,38.41999816894531,36.275001525878906,38.2400016784668,36.00640106201172,70000.0,OPB
2015-09-30,5.860000133514403,5.9000000953674325,5.860000133514403,5.9000000953674325,5.737357139587402,1200.0,OPBK
2015-09-30,7.559999942779541,7.800000190734862,7.4000000953674325,7.480000019073486,7.480000019073486,417600.0,OPCH
2015-09-30,1370.0,1550.0,1270.0,1290.0,1290.0,0.0,OPGN
2015-09-30,11.100000381469727,11.100000381469727,10.600000381469727,10.699999809265137,10.699999809265137,1500.0,OPHC
2015-09-30,64.55999755859375,64.63999938964844,63.20000076293945,64.0,41.78348922729492,281900.0,OPI
2015-09-30,8.600000381469728,8.930000305175781,8.229999542236326,8.409999847412111,8.409999847412111,8540100.0,OPK
2015-09-30,7.889999866485597,8.0,7.760000228881836,7.800000190734862,7.800000190734862,11000.0,OPNT
2015-09-30,15.90999984741211,15.90999984741211,15.710000038146973,15.710000038146973,14.482650756835938,1900.0,OPOF
2015-09-30,3.059999942779541,3.7200000286102295,3.059999942779541,3.630000114440918,3.630000114440918,33300.0,OPRX
2015-09-30,90.0,92.0,80.0,80.0,80.0,800.0,OPTT
2015-09-30,19.93000030517578,20.01000022888184,19.43000030517578,20.01000022888184,18.162633895874023,103600.0,OPY
2015-09-30,33.900001525878906,34.029998779296875,33.59000015258789,34.029998779296875,32.716217041015625,196200.0,ORA
2015-09-30,15.119999885559082,15.140000343322756,14.890000343322756,15.119999885559082,12.402914047241213,376200.0,ORAN
2015-09-30,5.489999771118164,5.5900001525878915,5.46999979019165,5.579999923706055,5.579999923706055,182900.0,ORBC
2015-09-30,9.140000343322754,9.270000457763672,8.989999771118164,9.25,4.512105941772461,460300.0,ORC
2015-09-30,35.88999938964844,36.18999862670898,35.779998779296875,36.11999893188477,33.592227935791016,16215000.0,ORCL
2015-09-30,4.199999809265137,4.800000190734863,3.9600000381469727,4.079999923706056,4.079999923706056,2500.0,ORGS
2015-09-30,15.520000457763672,15.670000076293945,15.390000343322756,15.640000343322756,12.119187355041506,1058800.0,ORI
2015-09-30,245.6100006103516,250.5399932861328,244.4199981689453,250.0,250.0,1031200.0,ORLY
2015-09-30,5.670000076293945,5.75,5.460000038146973,5.46999979019165,5.46999979019165,36300.0,ORMP
2015-09-30,5.9000000953674325,6.039999961853027,5.869999885559082,5.980000019073486,5.980000019073486,142200.0,ORN
2015-09-30,16.5,17.0,16.5,16.860000610351562,15.202229499816895,16200.0,ORRF
2015-09-30,6.110000133514403,6.239999771118164,5.980000019073486,6.230000019073486,6.143524169921875,191600.0,OSBC
2015-09-30,76.66000366210938,77.70999908447266,75.88999938964844,76.95999908447266,76.95999908447266,131900.0,OSIS
2015-09-30,36.02999877929688,36.45000076293945,35.61000061035156,36.33000183105469,34.05275344848633,1306600.0,OSK
2015-09-30,2.8199999332427983,3.0,2.8199999332427983,2.880000114440918,2.880000114440918,2600.0,OSN
2015-09-30,16.829999923706055,17.200000762939453,16.780000686645508,17.040000915527347,17.040000915527347,510300.0,OSPN
2015-09-30,17.610000610351562,17.65999984741211,17.129999160766598,17.15999984741211,17.15999984741211,80500.0,OSTK
2015-09-30,4.769999980926514,4.829999923706055,4.389999866485597,4.440000057220459,4.440000057220459,976800.0,OSUR
2015-09-30,0.004999999888241291,0.004999999888241291,0.004999999888241291,0.004999999888241291,0.004988123197108507,0.0,OSW
2015-09-30,5.769999980926514,6.079999923706055,5.75,5.809999942779541,5.809999942779541,6400.0,OTEL
2015-09-30,22.184999465942386,22.55500030517578,22.065000534057614,22.375,20.630990982055664,522800.0,OTEX
2015-09-30,17.690000534057614,18.209999084472656,17.170000076293945,17.809999465942386,17.809999465942386,248900.0,OTIC
2015-09-30,25.96999931335449,26.170000076293945,25.739999771118164,26.059999465942386,22.49488639831543,75600.0,OTTR
2015-09-30,8.389262199401855,8.389262199401855,8.389262199401855,8.389262199401855,7.547821998596191,0.0,OTTW
2015-09-30,20.86000061035156,20.96999931335449,20.63999938964844,20.799999237060547,15.6873779296875,1440800.0,OUT
2015-09-30,24.10000038146973,24.88999938964844,24.10000038146973,24.25,21.49448013305664,1500.0,OVBC
2015-09-30,9.460000038146973,9.460000038146973,9.460000038146973,9.460000038146973,8.706138610839844,200.0,OVLY
2015-09-30,31.75,32.84999847412109,31.10000038146973,32.200000762939446,30.504602432250977,2492900.0,OVV
2015-09-30,5.980000019073486,5.980000019073486,5.980000019073486,5.980000019073486,5.017358779907227,100.0,OXBR
2015-09-30,12.880000114440918,13.529999732971193,12.800000190734865,13.5,13.5,79100.0,OXFD
2015-09-30,11.5,11.90999984741211,11.390000343322756,11.40999984741211,4.87893009185791,73200.0,OXLC
2015-09-30,24.07999992370605,24.489999771118164,23.93000030517578,24.11000061035156,17.023998260498047,18300.0,OXLCO
2015-09-30,73.80000305175781,74.48999786376953,72.61000061035156,73.87999725341797,68.25145721435547,168600.0,OXM
2015-09-30,6.9099998474121085,6.929999828338622,6.679999828338622,6.710000038146973,3.383541822433472,518500.0,OXSQ
2015-09-30,65.08915710449219,66.14736175537111,64.82960510253906,66.03754425048828,52.03388595581055,5177400.0,OXY
2015-09-30,43.43999862670898,44.459999084472656,43.13000106811523,43.7599983215332,39.86664581298828,952200.0,OZK
2015-09-30,27.31999969482422,31.1200008392334,27.309999465942386,30.3799991607666,21.38715362548828,6540500.0,PAA
2015-09-30,6.210000038146973,6.4000000953674325,6.199999809265138,6.3499999046325675,6.090652942657472,2462800.0,PAAS
2015-09-30,85.73999786376953,87.0999984741211,83.81999969482422,86.83999633789062,69.85439300537111,155400.0,PAC
2015-09-30,3.75,3.829999923706055,3.5799999237060547,3.660000085830689,3.660000085830689,1153000.0,PACB
2015-09-30,129000.0,132000.0,120000.0,125000.0,125000.0,0.0,PACD
2015-09-30,42.27000045776367,42.88000106811523,42.11999893188477,42.810001373291016,33.60112762451172,522500.0,PACW
2015-09-30,0.22856999933719635,0.22856999933719635,0.2214300036430359,0.2214300036430359,0.2214300036430359,12557160.0,PAE
2015-09-30,48.22999954223633,48.6500015258789,47.70000076293945,48.43999862670898,42.116310119628906,834700.0,PAG
2015-09-30,44.50666809082031,46.66666793823242,44.21333312988281,46.66666793823242,36.06695938110352,1368400.0,PAGP
2015-09-30,31.6200008392334,31.899999618530273,30.545000076293945,31.6299991607666,29.619102478027344,462500.0,PAHC
2015-09-30,13.239999771118164,13.260000228881836,13.1899995803833,13.1899995803833,10.612296104431152,3600.0,PAI
2015-09-30,15.43000030517578,15.5,15.220000267028807,15.270000457763672,15.270000457763672,63000.0,PAM
2015-09-30,3.1600000858306885,3.1600000858306885,3.0,3.0999999046325684,3.003058433532715,4600.0,PANL
2015-09-30,170.0,172.99000549316406,165.94000244140625,172.0,172.0,1664500.0,PANW
2015-09-30,5.25,5.300000190734863,5.199999809265137,5.289999961853027,5.289999961853027,43300.0,PAR
2015-09-30,20.450000762939453,20.940000534057614,20.01000022888184,20.82999992370605,20.82999992370605,106900.0,PARR
2015-09-30,24.15999984741211,24.15999984741211,23.5,24.04999923706055,20.114543914794922,2000.0,PATI
2015-09-30,26.453332901000977,26.899999618530273,25.60666656494141,26.3266658782959,26.071184158325195,472000.0,PATK
2015-09-30,34.939998626708984,36.0099983215332,34.700000762939446,35.90999984741211,35.90999984741211,820900.0,PAYC
2015-09-30,0.3400000035762787,0.3400000035762787,0.3400000035762787,0.3400000035762787,0.3400000035762787,200.0,PAYS
2015-09-30,46.599998474121094,47.709999084472656,46.22999954223633,47.63000106811523,41.29158401489258,4411100.0,PAYX
2015-09-30,49.54999923706055,49.59000015258789,48.9000015258789,49.11000061035156,44.27013397216797,366300.0,PB
2015-09-30,24.040000915527344,24.149999618530273,23.51000022888184,24.01000022888184,17.502923965454098,490800.0,PBA
2015-09-30,8.033613204956055,8.033613204956055,8.033613204956055,8.033613204956055,7.3481526374816895,0.0,PBBI
2015-09-30,0.10000000149011612,0.10000000149011612,0.10000000149011612,0.10000000149011612,0.09327580779790877,0.0,PBC
2015-09-30,15.630000114440918,15.729999542236328,15.550000190734865,15.729999542236328,13.082165718078613,3409700.0,PBCT
2015-09-30,27.78000068664551,28.53000068664551,27.440000534057614,28.229999542236328,23.335208892822266,1652400.0,PBF
2015-09-30,16.270000457763672,17.239999771118164,16.270000457763672,17.229999542236328,11.402483940124512,73800.0,PBFX
2015-09-30,44.58000183105469,45.2400016784668,44.11999893188477,45.15999984741211,45.15999984741211,534600.0,PBH
2015-09-30,11.100000381469727,11.100000381469727,11.100000381469727,11.100000381469727,10.286386489868164,400.0,PBHC
2015-09-30,19.5,19.86000061035156,19.440000534057614,19.850000381469727,15.443665504455565,2343100.0,PBI
2015-09-30,14.5,14.5,14.399999618530273,14.40999984741211,13.11549186706543,8100.0,PBIP
2015-09-30,10.9399995803833,11.09000015258789,10.869999885559082,11.010000228881836,11.010000228881836,310400.0,PBPB
2015-09-30,4.269999980926514,4.349999904632568,4.110000133514403,4.349999904632568,4.235888957977295,59861300.0,PBR
2015-09-30,6.380000114440918,6.480000019073486,5.989999771118164,6.110000133514403,4.371603012084962,197400.0,PBT
2015-09-30,72.16000366210938,75.58000183105469,70.38999938964844,75.36000061035156,75.36000061035156,726300.0,PBYI
2015-09-30,52.54999923706055,52.77999877929688,51.5099983215332,52.16999816894531,42.92307662963867,3307300.0,PCAR
2015-09-30,0.8100000023841858,0.8100000023841858,0.8100000023841858,0.8100000023841858,0.7136973738670349,60000.0,PCB
2015-09-30,7.03000020980835,7.170000076293945,7.03000020980835,7.050000190734862,5.625504016876222,44800.0,PCF
2015-09-30,52.29999923706055,52.90999984741211,52.04999923706055,52.79999923706055,49.576515197753906,4164700.0,PCG
2015-09-30,28.940000534057614,29.01000022888184,28.43000030517578,28.790000915527344,22.259353637695312,281500.0,PCH
2015-09-30,18.25,18.3799991607666,18.200000762939453,18.270000457763672,11.356087684631348,533500.0,PCI
2015-09-30,9.739999771118164,9.739999771118164,9.510000228881836,9.59000015258789,7.455587387084961,143500.0,PCK
2015-09-30,9.510000228881836,9.5600004196167,9.479999542236328,9.5,6.027661323547362,21800.0,PCM
2015-09-30,13.0,13.140000343322756,12.869999885559082,13.140000343322756,8.715914726257324,169200.0,PCN
2015-09-30,11.029999732971193,11.029999732971193,10.770000457763672,10.859999656677246,10.859999656677246,24900.0,PCOM
2015-09-30,15.229999542236328,15.260000228881836,15.199999809265135,15.220000267028807,11.937514305114744,28400.0,PCQ
2015-09-30,42.93000030517578,43.79999923706055,39.290000915527344,41.099998474121094,41.099998474121094,2136500.0,PCRX
2015-09-30,5.9000000953674325,6.070000171661378,5.9000000953674325,6.010000228881836,5.084481716156006,19800.0,PCTI
2015-09-30,29.670000076293945,30.13999938964844,29.11000061035156,29.989999771118164,29.989999771118164,428200.0,PCTY
2015-09-30,10.170000076293944,10.619999885559082,10.010000228881836,10.56999969482422,10.56999969482422,66200.0,PCYG
2015-09-30,4.849999904632568,4.949999809265137,4.75,4.949999809265137,4.949999809265137,53200.0,PCYO
2015-09-30,53.27000045776367,53.86000061035156,52.0,53.0099983215332,53.0099983215332,868900.0,PDCE
2015-09-30,43.40999984741211,43.68000030517578,42.84000015258789,43.25,36.83530044555664,1411500.0,PDCO
2015-09-30,2.450000047683716,2.4600000381469727,2.440000057220459,2.4600000381469727,2.4600000381469727,3400.0,PDEX
2015-09-30,10.140000343322754,10.220000267028807,9.9399995803833,10.0,10.0,529500.0,PDFS
2015-09-30,28.78000068664551,28.86000061035156,28.60000038146973,28.79999923706055,16.331632614135742,159500.0,PDI
2015-09-30,4.929999828338623,5.0900001525878915,4.900000095367432,5.03000020980835,4.684788227081299,3395100.0,PDLI
2015-09-30,17.969999313354492,18.040000915527344,17.75,17.889999389648438,14.434642791748047,1279000.0,PDM
2015-09-30,3.619999885559082,3.759999990463257,3.5699999332427983,3.7200000286102295,3.6737141609191895,4290000.0,PDS
2015-09-30,220.0,220.0,220.0,220.0,220.0,0.0,PDSB
2015-09-30,12.670000076293945,12.75,12.5600004196167,12.5600004196167,8.604207992553711,162600.0,PDT
2015-09-30,14.630000114440918,15.109999656677244,14.510000228881836,15.06999969482422,14.947394371032715,3915100.0,PE
2015-09-30,34.216758728027344,34.39890670776367,33.761383056640625,33.92531967163086,26.49924278259277,3086200.0,PEAK
2015-09-30,35.36999893188477,35.88999938964844,34.77000045776367,35.45000076293945,28.67597770690918,1473400.0,PEB
2015-09-30,15.909090995788574,15.909090995788574,15.909090995788574,15.909090995788574,14.470325469970705,500.0,PEBK
2015-09-30,21.309999465942386,21.309999465942386,20.6299991607666,20.790000915527344,17.956127166748047,65500.0,PEBO
2015-09-30,2.5,2.789999961853028,2.299999952316284,2.5,2.5,11700.0,PED
2015-09-30,41.11999893188477,42.18000030517578,40.97999954223633,42.15999984741211,35.90827178955078,4322000.0,PEG
2015-09-30,24.540000915527344,24.670000076293945,24.29999923706055,24.61000061035156,24.31895446777344,167400.0,PEGA
2015-09-30,19.88999938964844,19.959999084472656,19.700000762939453,19.82999992370605,12.864121437072756,404900.0,PEI
2015-09-30,6.260000228881836,6.519999980926514,6.260000228881836,6.489999771118164,6.489999771118164,547100.0,PEIX
2015-09-30,39.7400016784668,40.77000045776367,39.65999984741211,40.099998474121094,40.099998474121094,50900.0,PEN
2015-09-30,16.309999465942386,16.870000839233402,16.010000228881836,16.780000686645508,15.608734130859375,1214200.0,PENN
2015-09-30,17.90999984741211,18.290000915527344,17.799999237060547,18.15999984741211,14.37232494354248,121100.0,PEO
2015-09-30,94.05999755859376,94.4000015258789,93.52999877929688,94.3000030517578,82.62246704101562,5873600.0,PEP
2015-09-30,4.0399999618530265,4.2899999618530265,4.0,4.269999980926514,1.833766341209412,273400.0,PER
2015-09-30,6.269999980926514,6.449999809265138,6.239999771118164,6.300000190734862,6.300000190734862,14200.0,PERI
2015-09-30,3.9600000381469727,4.070000171661377,3.9600000381469727,4.0300002098083505,4.0300002098083505,5100.0,PESI
2015-09-30,15.989999771118164,16.139999389648438,15.800000190734865,16.100000381469727,13.6255521774292,167800.0,PETS
2015-09-30,32.0,32.130001068115234,31.489999771118164,31.60000038146973,29.11393737792969,157700.0,PFBC
2015-09-30,11.631999969482422,11.631999969482422,11.31999969482422,11.392000198364258,9.5162992477417,7200.0,PFBI
2015-09-30,12.68000030517578,12.68000030517578,12.520000457763672,12.539999961853027,9.200312614440918,27100.0,PFD
2015-09-30,31.45000076293945,31.56999969482422,31.059999465942386,31.40999984741211,26.619903564453125,32109300.0,PFE
2015-09-30,47.70000076293945,47.79999923706055,46.77999877929688,47.34000015258789,40.26868057250977,1580700.0,PFG
2015-09-30,19.0,19.0,19.0,19.0,19.0,0.0,PFGC
2015-09-30,17.860000610351562,17.860000610351562,17.149999618530273,17.649999618530273,9.449416160583496,19500.0,PFH
2015-09-30,0.9409999847412108,1.0499999523162842,0.9409999847412108,0.959999978542328,0.959999978542328,15300.0,PFIE
2015-09-30,9.65999984741211,9.890000343322754,9.619999885559082,9.619999885559082,8.292527198791504,7400.0,PFIN
2015-09-30,35.02000045776367,36.0,34.810001373291016,34.93000030517578,30.473180770874023,9700.0,PFIS
2015-09-30,9.75,9.760000228881836,9.65999984741211,9.68000030517578,6.255302429199219,114900.0,PFL
2015-09-30,11.399999618530273,11.989999771118164,11.279999732971193,11.9399995803833,7.9249510765075675,467200.0,PFLT
2015-09-30,2.400000095367432,2.470000028610229,2.289999961853028,2.4200000762939453,2.4200000762939453,88700.0,PFMT
2015-09-30,8.779999732971191,8.84000015258789,8.699999809265138,8.84000015258789,5.643295764923097,265900.0,PFN
2015-09-30,14.75,15.4399995803833,14.5,15.010000228881836,15.010000228881836,213200.0,PFNX
2015-09-30,10.25,10.279999732971193,10.149999618530273,10.270000457763672,7.470484733581543,47900.0,PFO
2015-09-30,58.2400016784668,60.459999084472656,57.52999877929688,60.31999969482422,60.31999969482422,823000.0,PFPT
2015-09-30,19.540000915527344,19.670000076293945,19.32999992370605,19.5,16.66033935546875,338800.0,PFS
2015-09-30,16.15999984741211,16.430000305175778,15.899999618530273,16.0,15.596152305603027,94000.0,PFSI
2015-09-30,14.15999984741211,14.25,14.0,14.220000267028807,14.220000267028807,329700.0,PFSW
2015-09-30,72.86000061035156,73.05999755859375,71.55000305175781,71.94000244140625,62.52021789550781,11041900.0,PG
2015-09-30,21.01000022888184,21.420000076293945,20.540000915527344,21.170000076293945,20.475690841674805,42400.0,PGC
2015-09-30,30.290000915527344,32.439998626708984,28.38999938964844,31.79999923706055,31.79999923706055,4264400.0,PGEN
2015-09-30,18.979999542236328,18.979999542236328,18.979999542236328,18.979999542236328,18.979999542236328,0.0,PGM
2015-09-30,5.639999866485597,5.820000171661378,5.389999866485597,5.71999979019165,5.71999979019165,922900.0,PGNX
2015-09-30,14.9399995803833,14.9399995803833,14.68000030517578,14.899999618530273,9.333813667297363,66300.0,PGP
2015-09-30,30.729999542236328,30.770000457763672,30.51000022888184,30.63999938964844,27.407041549682614,4341100.0,PGR
2015-09-30,16.709999084472653,16.899999618530273,16.600000381469727,16.799999237060547,14.87219524383545,2542300.0,PGRE
2015-09-30,11.890000343322756,12.300000190734865,11.729999542236328,12.279999732971193,12.279999732971193,496500.0,PGTI
2015-09-30,17.489999771118164,17.489999771118164,17.180000305175778,17.25,11.725334167480467,11200.0,PGZ
2015-09-30,97.8499984741211,98.20999908447266,95.0999984741211,97.3000030517578,89.35134887695312,1525700.0,PH
2015-09-30,11.1899995803833,11.31999969482422,11.130000114440918,11.31999969482422,8.417625427246094,133500.0,PHD
2015-09-30,23.59000015258789,23.60000038146973,23.34000015258789,23.459999084472656,21.126657485961914,1383900.0,PHG
2015-09-30,46.16999816894531,46.61999893188477,45.790000915527344,46.15999984741211,35.7808952331543,104900.0,PHI
2015-09-30,2046.0,2145.0,1985.5,2040.5,2040.5,100.0,PHIO
2015-09-30,7.53000020980835,7.619999885559082,7.420000076293945,7.449999809265138,4.383674621582031,603200.0,PHK
2015-09-30,18.940000534057614,19.06999969482422,18.559999465942386,18.8700008392334,17.61844253540039,4973000.0,PHM
2015-09-30,10.210000038146973,10.300000190734863,10.0,10.300000190734863,6.769775867462157,91000.0,PHT
2015-09-30,16.930000305175778,17.0,15.600000381469727,16.15999984741211,15.431825637817385,73200.0,PHX
2015-09-30,406.5700073242188,407.9249877929688,406.5700073242188,406.5700073242188,406.5700073242188,984.0,PIC
2015-09-30,9.869999885559082,9.979999542236328,9.68000030517578,9.68000030517578,6.983621597290039,160500.0,PICO
2015-09-30,7.369999885559082,7.369999885559082,7.25,7.300000190734862,7.300000190734862,6900.0,PIH
2015-09-30,119.81999969482422,120.48999786376952,119.25,119.87000274658205,107.18628692626952,713700.0,PII
2015-09-30,4.519999980926514,4.570000171661377,4.510000228881836,4.510000228881836,3.268434762954712,140900.0,PIM
2015-09-30,33.689998626708984,34.380001068115234,33.400001525878906,34.36999893188477,34.36999893188477,213800.0,PINC
2015-09-30,1.870000004768372,1.919999957084656,1.75,1.830000042915344,1.830000042915344,307400.0,PIRS
2015-09-30,25.309999465942386,25.3799991607666,25.309999465942386,25.3799991607666,14.09258270263672,900.0,PIY
2015-09-30,25.270000457763672,25.35000038146973,25.20000076293945,25.20000076293945,20.42350959777832,38000.0,PJH
2015-09-30,24.01000022888184,24.649999618530273,24.0,24.0,23.43895149230957,23900.0,PJT
2015-09-30,9.91735553741455,10.454545021057127,9.91735553741455,10.454545021057127,9.391880989074707,4400.0,PKBK
2015-09-30,17.149999618530273,17.729999542236328,17.110000610351562,17.59000015258789,10.488129615783693,69900.0,PKE
2015-09-30,60.16999816894531,60.7400016784668,59.40999984741211,60.15999984741211,52.67414474487305,865300.0,PKG
2015-09-30,45.790000915527344,46.22000122070313,45.22000122070313,45.959999084472656,45.049049377441406,681700.0,PKI
2015-09-30,22.6299991607666,22.86000061035156,22.34000015258789,22.86000061035156,14.315526008605955,112900.0,PKO
2015-09-30,29.54999923706055,29.559999465942386,28.26000022888184,28.86000061035156,27.03230094909668,208600.0,PKOH
2015-09-30,35.080001831054695,35.29999923706055,34.790000915527344,35.02000045776367,29.96294593811035,525800.0,PKX
2015-09-30,9.010000228881836,9.140000343322754,8.920000076293945,9.0600004196167,9.0600004196167,408000.0,PLAB
2015-09-30,27.75,27.75,22.25,24.0,24.0,2300.0,PLAG
2015-09-30,38.560001373291016,38.97000122070313,37.41999816894531,37.83000183105469,37.05970001220703,1250100.0,PLAY
2015-09-30,8.890000343322754,8.890000343322754,8.890000343322754,8.890000343322754,8.414193153381348,200.0,PLBC
2015-09-30,57.52000045776367,58.0099983215332,56.6500015258789,57.66999816894531,53.6497917175293,310500.0,PLCE
2015-09-30,39.15999984741211,39.20000076293945,38.56999969482422,38.900001525878906,33.859569549560554,2860100.0,PLD
2015-09-30,24.0,25.0,22.0,23.0,23.0,2200.0,PLG
2015-09-30,0.6899999976158142,0.699999988079071,0.6600000262260437,0.6800000071525574,0.6800000071525574,482100.0,PLM
2015-09-30,17.670000076293945,18.010000228881836,17.059999465942386,17.139999389648438,15.069194793701172,2433300.0,PLNT
2015-09-30,19.770000457763672,20.0,19.71999931335449,19.86000061035156,17.335145950317386,90100.0,PLOW
2015-09-30,36.93999862670898,37.90999984741211,36.310001373291016,37.150001525878906,34.71906280517578,4300.0,PLPC
2015-09-30,50.61000061035156,51.02999877929688,50.36000061035156,50.849998474121094,47.58343887329102,299900.0,PLT
2015-09-30,1.7200000286102295,1.8799999952316284,1.7000000476837158,1.830000042915344,1.830000042915344,2550100.0,PLUG
2015-09-30,38.90499877929688,39.63999938964844,38.584999084472656,39.53499984741211,39.53499984741211,373400.0,PLUS
2015-09-30,13.100000381469727,13.100000381469727,11.300000190734865,11.800000190734865,11.800000190734865,35700.0,PLX
2015-09-30,112.63999938964844,117.63200378417969,105.2959976196289,112.0,112.0,3200.0,PLXP
2015-09-30,37.599998474121094,38.7599983215332,37.33000183105469,38.58000183105469,38.58000183105469,279700.0,PLXS
2015-09-30,79.31999969482422,79.58999633789062,78.77999877929688,79.33000183105469,62.94629287719727,4968300.0,PM
2015-09-30,6.809999942779541,7.0,6.5999999046325675,6.730000019073486,6.730000019073486,558500.0,PMBC
2015-09-30,10.630000114440918,10.84000015258789,10.020000457763672,10.050000190734863,8.187915802001951,17800.0,PMD
2015-09-30,1.6399999856948853,1.6499999761581419,1.6000000238418581,1.6200000047683716,1.5210037231445312,4000.0,PME
2015-09-30,14.329999923706055,14.350000381469727,14.270000457763672,14.350000381469727,11.213354110717773,28100.0,PMF
2015-09-30,12.010000228881836,12.079999923706055,11.949999809265135,12.020000457763672,9.28549575805664,197100.0,PML
2015-09-30,7.190000057220459,7.190000057220459,7.1500000953674325,7.1500000953674325,5.601227283477783,117100.0,PMM
2015-09-30,11.989999771118164,12.010000228881836,11.949999809265135,11.960000038146973,9.381077766418457,84600.0,PMO
2015-09-30,15.399999618530273,15.5,15.199999809265135,15.470000267028807,9.609536170959473,1341500.0,PMT
2015-09-30,10.970000267028807,11.010000228881836,10.90999984741211,10.970000267028807,8.415078163146973,61300.0,PMX
2015-09-30,16.819999694824222,16.819999694824222,16.819999694824222,16.819999694824222,16.707536697387695,200.0,PNBK
2015-09-30,88.76000213623047,89.5,88.22000122070312,89.19999694824219,79.53418731689453,2393200.0,PNC
2015-09-30,11.539999961853027,11.59000015258789,11.5,11.59000015258789,9.162298202514648,8700.0,PNF
2015-09-30,48.9000015258789,49.52000045776367,48.36999893188477,49.40999984741211,47.21540451049805,167500.0,PNFP
2015-09-30,11.9399995803833,12.050000190734865,11.850000381469727,11.890000343322756,9.377288818359377,43900.0,PNI
2015-09-30,27.78000068664551,28.11000061035156,27.61000061035156,28.04999923706055,24.927898406982425,945100.0,PNM
2015-09-30,6.4099998474121085,6.5,6.320000171661378,6.46999979019165,3.6576528549194336,858700.0,PNNT
2015-09-30,34.33176803588867,34.519813537597656,33.566150665283196,34.278038024902344,30.31855773925781,2898700.0,PNR
2015-09-30,72.0,72.0,72.0,72.0,72.0,0.0,PNRG
2015-09-30,63.52000045776367,64.20999908447266,63.22999954223633,64.13999938964844,55.082801818847656,574800.0,PNW
2015-09-30,882.5,882.5,762.5,803.5,803.5,0.0,POAI
2015-09-30,25.78000068664551,26.31999969482422,25.20000076293945,25.90999984741211,25.90999984741211,753900.0,PODD
2015-09-30,29.65999984741211,29.85000038146973,29.229999542236328,29.34000015258789,26.84881019592285,1042800.0,POL
2015-09-30,72.45999908447266,72.88999938964844,71.80000305175781,72.30000305175781,68.51921081542969,219800.0,POOL
2015-09-30,67.0,67.25,67.0,67.20999908447266,54.77479934692383,1300.0,POPE
2015-09-30,36.33000183105469,37.02999877929688,36.11000061035156,36.97000122070313,32.21311187744141,812600.0,POR
2015-09-30,56.9000015258789,60.91999816894531,56.709999084472656,59.099998474121094,59.099998474121094,1906900.0,POST
2015-09-30,41.31999969482422,42.45000076293945,40.290000915527344,42.16999816894531,40.51219177246094,176500.0,POWI
2015-09-30,30.540000915527344,30.56999969482422,29.90999984741211,30.10000038146973,26.168420791625977,76700.0,POWL
2015-09-30,20.479999542236328,20.65999984741211,20.209999084472656,20.31999969482422,19.59602165222168,275500.0,PPBI
2015-09-30,20.5,20.899999618530273,20.489999771118164,20.780000686645508,18.607187271118164,1253900.0,PPC
2015-09-30,87.08999633789062,88.22000122070312,86.94999694824219,87.69000244140625,81.51988220214844,2928400.0,PPG
2015-09-30,5.130000114440918,5.139999866485597,5.03000020980835,5.139999866485597,5.139999866485597,900.0,PPIH
2015-09-30,32.34999847412109,32.90999984741211,32.279998779296875,32.889999389648445,26.414159774780273,5785000.0,PPL
2015-09-30,5.0900001525878915,5.0900001525878915,5.039999961853027,5.059999942779541,3.829020738601685,432500.0,PPR
2015-09-30,3.75,3.9030001163482666,3.75,3.849999904632568,2.7229700088500977,7000.0,PPSI
2015-09-30,4.9099998474121085,4.929999828338623,4.889999866485597,4.889999866485597,3.5863051414489746,3422700.0,PPT
2015-09-30,25.239999771118164,25.270000457763672,25.20000076293945,25.20000076293945,20.892393112182614,16100.0,PPX
2015-09-30,49.38000106811523,49.4000015258789,48.95000076293945,49.06999969482422,43.27013397216797,249500.0,PRA
2015-09-30,53.040000915527344,53.459999084472656,52.68000030517578,52.91999816894531,52.91999816894531,473700.0,PRAA
2015-09-30,38.709999084472656,39.290000915527344,37.849998474121094,38.83000183105469,38.83000183105469,385900.0,PRAH
2015-09-30,7.610000133514403,7.699999809265138,7.389999866485597,7.5900001525878915,7.5900001525878915,18300.0,PRCP
2015-09-30,15.40999984741211,15.520000457763672,15.260000228881836,15.43000030517578,15.43000030517578,124200.0,PRFT
2015-09-30,156.14999389648438,157.94000244140625,152.88999938964844,157.27000427246094,149.89495849609375,1514200.0,PRGO
2015-09-30,25.68000030517578,26.0,25.46999931335449,25.82999992370605,24.451099395751953,317400.0,PRGS
2015-09-30,3.940000057220459,3.940000057220459,3.7200000286102295,3.7699999809265137,3.7699999809265137,41300.0,PRGX
2015-09-30,25.290000915527344,25.31999969482422,25.190000534057614,25.190000534057614,21.591297149658203,33400.0,PRH
2015-09-30,44.18000030517578,45.18999862670898,43.91999816894531,45.06999969482422,42.91191101074219,524400.0,PRI
2015-09-30,17.360000610351562,17.940000534057614,17.360000610351562,17.90999984741211,17.041933059692386,224100.0,PRIM
2015-09-30,89.31999969482422,90.36000061035156,89.01000213623047,90.22000122070312,76.31278228759766,29900.0,PRK
2015-09-30,66.12999725341797,67.37999725341797,65.81999969482422,67.0,67.0,204200.0,PRLB
2015-09-30,7.5,7.739999771118164,7.46999979019165,7.550000190734862,7.519979953765869,180800.0,PRMW
2015-09-30,22.0,22.299999237060547,21.780000686645508,22.13999938964844,22.13999938964844,298900.0,PRO
2015-09-30,16.420000076293945,16.780000686645508,16.299999237060547,16.780000686645508,14.776156425476074,11300.0,PROV
2015-09-30,1.5800000429153442,1.5800000429153442,1.5800000429153442,1.5800000429153442,0.956709921360016,700.0,PRPH
2015-09-30,14.06999969482422,14.729999542236328,13.53499984741211,14.56999969482422,14.56999969482422,62200.0,PRQR
2015-09-30,44.43000030517578,44.66999816894531,42.790000915527344,43.58000183105469,43.58000183105469,118600.0,PRSC
2015-09-30,3.130000114440918,3.130000114440918,3.0799999237060547,3.130000114440918,2.5256824493408203,7831.0,PRT
2015-09-30,44.59000015258789,46.209999084472656,42.93999862670898,45.34000015258789,45.34000015258789,523200.0,PRTA
2015-09-30,20.030000686645508,21.76000022888184,18.770000457763672,19.0,19.0,109200.0,PRTK
2015-09-30,1.9900000095367432,2.059999942779541,1.870000004768372,1.8799999952316284,1.8799999952316284,38400.0,PRTS
2015-09-30,15.850000381469727,16.079999923706055,15.710000038146973,15.970000267028807,15.970000267028807,375600.0,PRTY
2015-09-30,76.33000183105469,76.58999633789062,75.12000274658203,76.20999908447266,64.69521331787111,2457800.0,PRU
2015-09-30,211.05999755859372,212.1100006103516,209.5200042724609,211.6300048828125,180.4121551513672,706100.0,PSA
2015-09-30,79.04000091552734,79.94999694824219,78.4000015258789,79.37999725341797,69.98645782470703,224800.0,PSB
2015-09-30,7.079999923706055,7.269999980926514,7.059999942779541,7.130000114440918,4.211953639984132,5576900.0,PSEC
2015-09-30,23.1200008392334,23.440000534057614,23.06999969482422,23.29999923706055,16.106958389282227,38400.0,PSF
2015-09-30,64209.6015625,64703.51953125,60752.16015625,61246.078125,60520.0078125,0.0,PSHG
2015-09-30,77.41000366210938,78.44000244140625,76.31999969482422,77.33999633789062,74.0662612915039,163200.0,PSMT
2015-09-30,0.2700000107288361,0.2700000107288361,0.2700000107288361,0.2700000107288361,0.2700000107288361,0.0,PSN
2015-09-30,16.90999984741211,17.170000076293945,16.889999389648438,17.15999984741211,14.10194492340088,579800.0,PSO
2015-09-30,18.399999618530273,18.5,18.0,18.200000762939453,18.200000762939453,5700.0,PSTI
2015-09-30,2550.0,2625.0,2475.0,2550.0,2550.0,0.0,PSTV
2015-09-30,60.099998474121094,61.6500015258789,58.5,60.0,50.33246231079102,11200.0,PSV
2015-09-30,76.20999908447266,77.27999877929688,75.44999694824219,76.83999633789062,66.48326110839844,3901000.0,PSX
2015-09-30,45.18999862670898,49.93999862670898,44.7599983215332,49.27000045776367,39.21903610229492,419900.0,PSXP
2015-09-30,31.20000076293945,31.8700008392334,31.149999618530273,31.739999771118164,31.739999771118164,1167900.0,PTC
2015-09-30,26.0,28.34000015258789,24.75,26.70000076293945,26.70000076293945,1030200.0,PTCT
2015-09-30,7.320000171661378,7.980000019073486,7.320000171661378,7.320000171661378,5.1625261306762695,1300.0,PTE
2015-09-30,14.0600004196167,14.100000381469727,12.970000267028807,13.140000343322756,12.455806732177734,6211800.0,PTEN
2015-09-30,0.1599999964237213,0.25999999046325684,0.15000000596046448,0.2199999988079071,0.2199999988079071,1235126.0,PTI
2015-09-30,42.5099983215332,45.4900016784668,41.5099983215332,42.61999893188477,42.61999893188477,931000.0,PTLA
2015-09-30,4.429999828338623,4.579999923706055,4.429999828338623,4.510000228881836,2.0910139083862305,212200.0,PTMN
2015-09-30,0.8000000119209291,0.8700000047683716,0.8000000119209291,0.8100000023841858,0.8100000023841858,386900.0,PTN
2015-09-30,3.9800000190734863,3.9800000190734863,3.880000114440918,3.910000085830689,3.910000085830689,12000.0,PTNR
2015-09-30,69.65000152587889,70.66000366210938,68.54000091552734,69.69999694824219,63.18815231323242,204400.0,PTR
2015-09-30,34.259998321533196,36.790000915527344,32.5,33.049999237060554,33.049999237060554,70600.0,PTSI
2015-09-30,21.649999618530273,22.88999938964844,21.649999618530273,22.88999938964844,19.113666534423828,500.0,PTVCA
2015-09-30,22.040000915527344,22.040000915527344,21.670000076293945,21.700000762939453,18.15317726135254,17700.0,PTVCB
2015-09-30,12.979999542236328,13.300000190734865,12.90999984741211,13.300000190734865,8.445980072021483,293400.0,PTY
2015-09-30,16.870000839233402,16.879999160766598,16.139999389648438,16.309999465942386,15.249356269836426,329600.0,PUB
2015-09-30,42.02999877929688,42.18000030517578,41.79999923706055,42.13999938964844,31.70366668701172,272200.0,PUK
2015-09-30,43.29999923706055,61.4000015258789,43.29999923706055,49.099998474121094,49.099998474121094,7600.0,PULM
2015-09-30,6.160316467285156,6.175160884857178,6.031667709350586,6.13062858581543,6.13062858581543,61400.0,PVBC
2015-09-30,5.800000190734862,6.059999942779541,5.760000228881836,6.050000190734862,6.050000190734862,557600.0,PVG
2015-09-30,98.20999908447266,102.05999755859376,98.04000091552734,101.94000244140624,101.20130157470705,1483700.0,PVH
2015-09-30,2.6800000667572017,2.759999990463257,2.609999895095825,2.650000095367432,1.1782219409942627,133700.0,PVL
2015-09-30,4.150000095367432,4.2800002098083505,4.150000095367432,4.260000228881837,4.260000228881837,5700.0,PW
2015-09-30,42.33000183105469,42.33000183105469,40.7599983215332,40.91999816894531,34.911949157714844,9800.0,PWOD
2015-09-30,24.1200008392334,24.559999465942386,23.8799991607666,24.209999084472656,24.072322845458984,3954900.0,PWR
2015-09-30,119.62000274658205,122.6500015258789,118.41999816894531,121.63999938964844,119.3004379272461,2309200.0,PXD
2015-09-30,3.5199999809265137,3.670000076293945,3.470000028610229,3.609999895095825,3.609999895095825,308600.0,PXLW
2015-09-30,9.789999961853027,9.869999885559082,9.699999809265137,9.81999969482422,7.740036964416504,15100.0,PYN
2015-09-30,31.20000076293945,31.28000068664551,30.63999938964844,31.040000915527344,31.040000915527344,13672000.0,PYPL
2015-09-30,24.8700008392334,25.059999465942386,24.61000061035156,24.649999618530273,17.529125213623047,2800.0,PYS
2015-09-30,19.600000381469727,19.649999618530273,19.600000381469727,19.649999618530273,17.022186279296875,500.0,PYT
2015-09-30,20.32999992370605,20.559999465942386,19.86000061035156,20.3799991607666,20.3799991607666,33900.0,PYX
2015-09-30,10.949999809265137,10.949999809265137,10.899999618530273,10.9399995803833,8.608367919921875,32200.0,PZC
2015-09-30,1.1299999952316284,1.1799999475479126,1.1299999952316284,1.1399999856948853,1.1399999856948853,14300.0,PZG
2015-09-30,8.739999771118164,8.979999542236328,8.649999618530272,8.899999618530273,6.758002758026122,163600.0,PZN
2015-09-30,70.25,71.19000244140625,68.20999908447266,68.48000335693361,64.16036987304689,412300.0,PZZA
2015-09-30,26.170000076293945,26.399999618530273,25.479999542236328,25.60000038146973,24.670886993408203,153500.0,QADA
2015-09-30,22.100000381469727,22.280000686645508,21.350000381469727,21.450000762939453,20.64703941345215,8100.0,QADB
2015-09-30,7.440000057220459,7.440000057220459,7.440000057220459,7.440000057220459,7.440000057220459,0.0,QBAK
2015-09-30,52.9900016784668,53.81000137329102,52.9000015258789,53.72999954223633,45.4888916015625,12849700.0,QCOM
2015-09-30,21.75,21.88999938964844,21.15999984741211,21.8700008392334,21.304357528686523,36600.0,QCRH
2015-09-30,18.96999931335449,19.06999969482422,18.559999465942386,18.8799991607666,18.8799991607666,219000.0,QDEL
2015-09-30,12.229999542236328,12.670000076293945,12.06999969482422,12.529999732971193,12.261923789978027,4601800.0,QEP
2015-09-30,26.63201713562012,26.850311279296875,26.4033260345459,26.81912612915039,25.79671859741211,1127100.0,QGEN
2015-09-30,15.859999656677244,16.309999465942386,15.6899995803833,16.120000839233402,13.694820404052734,507000.0,QIWI
2015-09-30,28.93000030517578,29.239999771118164,27.6299991607666,28.459999084472656,28.459999084472656,391200.0,QLYS
2015-09-30,5.599999904632568,6.0,5.599999904632568,5.599999904632568,5.599999904632568,324200.0,QMCO
2015-09-30,5.6599998474121085,5.6599998474121085,5.460000038146973,5.550000190734863,5.550000190734863,293100.0,QNST
2015-09-30,17.110000610351562,17.34000015258789,17.040000915527347,17.229999542236328,12.573933601379395,138200.0,QQQX
2015-09-30,4.800000190734863,4.800000190734863,4.320000171661377,4.480000019073486,4.480000019073486,10300.0,QRHC
2015-09-30,26.36000061035156,26.57999992370605,25.979999542236328,26.229999542236328,26.229999542236328,3877600.0,QRTEA
2015-09-30,26.190000534057614,26.229999542236328,26.190000534057614,26.190000534057614,26.190000534057614,1400.0,QRTEB
2015-09-30,44.22999954223633,45.47000122070313,44.040000915527344,45.04999923706055,45.04999923706055,1912100.0,QRVO
2015-09-30,35.040000915527344,36.099998474121094,35.014999389648445,35.91999816894531,32.33202743530273,1800300.0,QSR
2015-09-30,13.479999542236328,13.5,12.779999732971193,13.0,13.0,52700.0,QTNT
2015-09-30,43.209999084472656,43.77000045776367,42.9900016784668,43.68999862670898,37.446868896484375,291800.0,QTS
2015-09-30,24.06999969482422,24.76000022888184,23.940000534057614,24.71999931335449,24.71999931335449,275200.0,QTWO
2015-09-30,12.18000030517578,12.369999885559082,12.0,12.100000381469727,8.512288093566895,349500.0,QUAD
2015-09-30,21.979999542236328,22.540000915527344,21.84000015258789,22.26000022888184,22.26000022888184,4700.0,QUIK
2015-09-30,3.759999990463257,4.139999866485597,3.5799999237060547,3.859999895095825,3.859999895095825,5000.0,QUMU
2015-09-30,8.899999618530273,9.010000228881836,8.779999732971191,9.0,9.0,246000.0,QUOT
2015-09-30,19.229999542236328,20.68000030517578,19.229999542236328,20.450000762939453,20.450000762939453,472500.0,QURE
2015-09-30,74.5,75.63999938964844,73.4800033569336,74.04000091552734,64.39266967773439,682800.0,R
2015-09-30,124.0,124.4000015258789,117.5999984741211,121.4000015258789,121.4000015258789,1802500.0,RAD
2015-09-30,1.4199999570846558,1.5399999618530271,1.3400000333786009,1.4800000190734863,1.4800000190734863,85000.0,RADA
2015-09-30,17.350000381469727,17.540000915527347,17.0,17.15999984741211,16.422861099243164,91000.0,RAIL
2015-09-30,3.829999923706055,3.829999923706055,3.829999923706055,3.829999923706055,3.829999923706055,200.0,RAND
2015-09-30,88.38999938964844,96.79000091552734,86.44499969482422,96.30999755859376,96.30999755859376,654100.0,RARE
2015-09-30,8.449999809265138,8.680000305175781,8.350000381469728,8.5,8.5,67700.0,RAVE
2015-09-30,16.819999694824222,17.020000457763672,16.700000762939453,16.950000762939453,15.54989528656006,235300.0,RAVN
2015-09-30,26.1299991607666,26.34000015258789,25.739999771118164,25.8799991607666,23.03112030029297,927500.0,RBA
2015-09-30,5.920000076293945,6.190000057220459,5.6500000953674325,5.71999979019165,5.71999979019165,528600.0,RBBN
2015-09-30,56.849998474121094,57.18000030517578,56.04999923706055,56.45000076293945,52.77771759033203,400800.0,RBC
2015-09-30,23.90999984741211,24.739999771118164,23.90999984741211,24.54999923706055,21.893651962280273,26100.0,RBCAA
2015-09-30,10.199999809265137,10.800000190734863,10.100000381469727,10.300000190734863,10.300000190734863,15400.0,RBCN
2015-09-30,13.300000190734865,13.300000190734865,13.300000190734865,13.300000190734865,12.461592674255373,0.0,RBNC
2015-09-30,9.520000457763672,9.539999961853027,9.399999618530273,9.539999961853027,7.976437091827393,507600.0,RBS
2015-09-30,13.350000381469727,13.4399995803833,13.140000343322756,13.399999618530273,8.004651069641112,33000.0,RC
2015-09-30,0.4000000059604645,0.4000000059604645,0.4000000059604645,0.4000000059604645,0.4000000059604645,0.0,RCA
2015-09-30,28.93339920043945,29.073200225830078,27.58230018615723,28.00160026550293,27.1677303314209,380862.0,RCB
2015-09-30,1.2599999904632568,1.399999976158142,1.1599999666213991,1.3400000333786009,1.3400000333786009,74800.0,RCEL
2015-09-30,1.0599999427795408,1.0599999427795408,1.0499999523162842,1.0499999523162842,1.0499999523162842,200.0,RCG
2015-09-30,34.759998321533196,34.84000015258789,34.27000045776367,34.47999954223633,29.10080909729004,529000.0,RCI
2015-09-30,24.059999465942386,24.3799991607666,23.68000030517578,24.25,22.453197479248047,717400.0,RCII
2015-09-30,36.63999938964844,38.08000183105469,34.439998626708984,37.599998474121094,37.599998474121094,130500.0,RCKT
2015-09-30,14.210000038146973,14.5,13.770000457763672,14.1899995803833,12.40126895904541,29700.0,RCKY
2015-09-30,87.52999877929688,89.18000030517578,87.13999938964844,89.08999633789062,80.38178253173828,2543200.0,RCL
2015-09-30,4.869999885559082,4.940000057220459,4.849999904632568,4.920000076293945,3.492424964904785,4000.0,RCMT
2015-09-30,4.0,4.349999904632568,3.5499999523162837,4.300000190734863,4.300000190734863,11500.0,RCON
2015-09-30,0.001000000047497451,0.001000000047497451,0.001000000047497451,0.001000000047497451,0.0008944344590418041,50000.0,RCP
2015-09-30,8.329999923706055,8.539999961853027,8.25,8.539999961853027,5.635128498077393,176000.0,RCS
2015-09-30,11.18000030517578,11.18000030517578,10.9399995803833,11.100000381469727,11.100000381469727,18200.0,RDCM
2015-09-30,12.90999984741211,13.100000381469727,12.800000190734865,12.90999984741211,12.90999984741211,41200.0,RDHL
2015-09-30,12.75,12.789999961853027,12.520000457763672,12.670000076293945,12.670000076293945,29300.0,RDI
2015-09-30,14.31999969482422,14.31999969482422,14.31999969482422,14.31999969482422,14.31999969482422,0.0,RDIB
2015-09-30,16.0,16.229999542236328,15.829999923706055,15.90999984741211,15.788124084472654,2681600.0,RDN
2015-09-30,5.46999979019165,5.800000190734862,5.369999885559082,5.550000190734863,5.550000190734863,351000.0,RDNT
2015-09-30,67.70999908447266,70.0,66.73000335693361,69.30999755859375,69.30999755859375,1156200.0,RDUS
2015-09-30,15.949999809265135,16.280000686645508,15.9399995803833,16.260000228881836,16.260000228881836,291000.0,RDWR
2015-09-30,63.09000015258789,63.97999954223633,63.09000015258789,63.90999984741211,62.0673942565918,567500.0,RDY
2015-09-30,173.92999267578125,174.0,172.0399932861328,173.33999633789062,156.03785705566406,338300.0,RE
2015-09-30,4.5,4.5900001525878915,4.429999828338623,4.570000171661377,4.570000171661377,63800.0,REED
2015-09-30,5.059999942779541,5.119999885559082,5.010000228881836,5.070000171661377,5.070000171661377,8500.0,REFR
2015-09-30,62.2400016784668,62.59000015258789,61.7599983215332,62.1500015258789,53.56816864013672,611900.0,REG
2015-09-30,8.010000228881836,8.279999732971191,8.010000228881836,8.279999732971191,8.279999732971191,251100.0,REGI
2015-09-30,460.5799865722656,474.8399963378906,454.9700012207031,465.1400146484375,465.1400146484375,1452200.0,REGN
2015-09-30,9.65999984741211,10.100000381469727,9.489999771118164,9.869999885559082,9.869999885559082,116000.0,REI
2015-09-30,5.940000057220459,5.949999809265138,5.809999942779541,5.9000000953674325,4.961131095886231,31500.0,RELL
2015-09-30,5.110000133514403,5.179999828338623,4.96999979019165,5.179999828338623,5.179999828338623,800.0,RELV
2015-09-30,17.120000839233402,17.430000305175778,17.100000381469727,17.389999389648438,15.803178787231445,3006800.0,RELX
2015-09-30,44.849998474121094,47.25,44.70000076293945,46.5,4.2406530380249015,34100.0,RENN
2015-09-30,10.403587341308594,10.83497714996338,10.3139009475708,10.78923797607422,10.78923797607422,38800.0,REPH
2015-09-30,9.300000190734863,9.31999969482422,8.539999961853027,8.850000381469727,8.380282402038574,2654700.0,RES
2015-09-30,14.079999923706055,14.109999656677244,13.800000190734865,13.920000076293945,10.936616897583008,764500.0,RESI
2015-09-30,4.921000003814697,4.921000003814697,4.619999885559082,4.679999828338623,4.679999828338623,10200.0,RESN
2015-09-30,29.0,29.59000015258789,28.809999465942386,29.45000076293945,29.45000076293945,51900.0,REV
2015-09-30,49.59000015258789,50.91999816894531,49.13000106811523,50.61999893188477,50.61999893188477,247000.0,REX
2015-09-30,61.20000076293945,63.599998474121094,58.79999923706055,62.4000015258789,62.4000015258789,5100.0,REXN
2015-09-30,13.760000228881836,13.829999923706055,13.600000381469727,13.789999961853027,12.465362548828125,353100.0,REXR
2015-09-30,9.039999961853027,9.0600004196167,8.880000114440918,9.010000228881836,7.927586078643799,14803000.0,RF
2015-09-30,11.920000076293945,12.039999961853027,11.829999923706055,11.880000114440918,8.386177062988281,147000.0,RFI
2015-09-30,4.5,4.579999923706055,4.389999866485597,4.539999961853027,4.057504653930663,35700.0,RFIL
2015-09-30,4.0300002098083505,4.059999942779541,3.900000095367432,4.0,4.0,2578000.0,RFM
2015-09-30,8.340000152587889,8.369999885559082,8.140000343322754,8.310000419616701,7.177847862243652,716800.0,RFP
2015-09-30,91.01000213623048,91.58000183105469,89.9800033569336,90.58999633789062,84.48651885986328,364300.0,RGA
2015-09-30,13.859999656677244,13.859999656677244,13.466666221618652,13.466666221618652,11.607169151306152,700.0,RGCO
2015-09-30,27.84000015258789,29.239999771118164,27.25,27.85000038146973,27.85000038146973,755600.0,RGEN
2015-09-30,46.38999938964844,47.02000045776367,45.65999984741211,46.97999954223633,44.47529220581055,742600.0,RGLD
2015-09-30,83.27999877929688,84.72000122070312,77.4000015258789,78.4800033569336,78.4800033569336,63600.0,RGLS
2015-09-30,20.01000022888184,22.88999938964844,19.57999992370605,22.030000686645508,22.030000686645508,235500.0,RGNX
2015-09-30,59.83000183105469,60.41999816894531,58.11000061035156,58.68999862670898,53.23478317260742,159300.0,RGR
2015-09-30,12.789999961853027,13.119999885559082,12.609999656677244,13.100000381469727,13.100000381469727,506600.0,RGS
2015-09-30,7.0,7.0999999046325675,6.980000019073486,7.010000228881836,6.658761501312256,90700.0,RGT
2015-09-30,93.13999938964844,94.72000122070312,91.68000030517578,93.30999755859376,93.30999755859376,791600.0,RH
2015-09-30,50.45000076293945,51.25,50.38000106811523,51.15999984741211,47.53453826904297,991300.0,RHI
2015-09-30,48.93000030517578,49.540000915527344,48.61000061035156,49.22999954223633,38.85313415527344,417700.0,RHP
2015-09-30,2.240000009536743,2.240000009536743,2.1600000858306885,2.190000057220459,2.190000057220459,4900.0,RIBT
2015-09-30,10.270000457763672,10.479999542236328,10.270000457763672,10.420000076293944,10.101829528808594,16000.0,RICK
2015-09-30,17.478343963623047,17.52646827697754,17.228103637695312,17.382097244262695,12.396435737609865,18400.0,RIF
2015-09-30,12.510000228881836,12.949999809265135,12.260000228881836,12.920000076293945,12.920000076293945,13567000.0,RIG
2015-09-30,2.359999895095825,2.5299999713897705,2.359999895095825,2.470000028610229,2.470000028610229,511700.0,RIGL
2015-09-30,9.653465270996094,9.653465270996094,9.653465270996094,9.653465270996094,8.654186248779299,0.0,RILY
2015-09-30,33.389999389648445,33.860000610351555,33.259998321533196,33.81999969482422,25.970319747924805,4725300.0,RIO
2015-09-30,12.25,12.25,12.25,12.25,10.406569480895996,0.0,RIVE
2015-09-30,6.380000114440918,6.429999828338622,6.3499999046325675,6.369999885559082,6.369999885559082,46600.0,RJA
2015-09-30,49.54999923706055,49.93999862670898,48.88000106811523,49.63000106811523,46.46722030639648,1000800.0,RJF
2015-09-30,5.210000038146973,5.260000228881836,5.190000057220459,5.210000038146973,5.210000038146973,2398400.0,RJI
2015-09-30,3.039999961853028,3.039999961853028,3.0199999809265137,3.039999961853028,3.039999961853028,31000.0,RJN
2015-09-30,6.75,6.75,6.75,6.75,6.75,0.0,RJZ
2015-09-30,72.19999694824219,76.0,60.4000015258789,61.0,61.0,4500.0,RKDA
2015-09-30,111.62000274658205,119.13999938964844,111.5500030517578,118.16000366210938,106.51209259033205,4770500.0,RL
2015-09-30,4.460000038146973,4.480000019073486,4.269999980926514,4.460000038146973,4.460000038146973,274800.0,RLGT
2015-09-30,37.5099983215332,37.900001525878906,37.27999877929688,37.63000106811523,35.12347412109375,2064700.0,RLGY
2015-09-30,8.770000457763674,8.770000457763674,8.5,8.5,8.5,77800.0,RLH
2015-09-30,53.70000076293945,53.88000106811523,53.02000045776367,53.52999877929688,50.26133346557617,313800.0,RLI
2015-09-30,25.209999084472656,25.35000038146973,25.04999923706055,25.270000457763672,19.070627212524414,1674900.0,RLJ
2015-09-30,17.399999618530273,20.799999237060547,17.399999618530273,19.600000381469727,19.600000381469727,352.0,RLMD
2015-09-30,15.390000343322756,15.619999885559082,15.130000114440918,15.5,15.5,140200.0,RM
2015-09-30,35.049999237060554,36.15999984741211,34.959999084472656,35.97999954223633,33.206626892089844,96300.0,RMAX
2015-09-30,11.470000267028807,11.850000381469727,11.420000076293945,11.800000190734865,11.800000190734865,1956600.0,RMBS
2015-09-30,11.5,11.649999618530273,11.039999961853027,11.25,9.006261825561523,7500.0,RMCF
2015-09-30,51.06999969482422,51.41999816894531,50.47000122070313,50.959999084472656,47.6973991394043,1268700.0,RMD
2015-09-30,9.649999618530273,9.649999618530273,9.649999618530273,9.649999618530273,9.649999618530273,0.0,RMNI
2015-09-30,7.699999809265138,7.760000228881836,7.6500000953674325,7.739999771118164,5.0295376777648935,103100.0,RMT
2015-09-30,8.050000190734862,8.399999618530272,7.630000114440918,7.710000038146973,7.710000038146973,830100.0,RMTI
2015-09-30,26.520000457763672,26.540000915527344,24.65999984741211,25.5,25.5,259500.0,RNET
2015-09-30,17.540000915527347,18.190000534057614,17.280000686645508,18.149999618530273,18.149999618530273,840400.0,RNG
2015-09-30,17.309999465942386,17.350000381469727,17.129999160766598,17.329999923706055,12.395149230957033,194100.0,RNP
2015-09-30,106.86000061035156,107.22000122070312,106.0,106.31999969482422,101.89202880859376,507300.0,RNR
2015-09-30,32.439998626708984,32.939998626708984,32.419998168945305,32.84999847412109,29.860998153686523,171600.0,RNST
2015-09-30,4.010000228881837,4.150000095367432,4.010000228881837,4.0900001525878915,4.0900001525878915,43900.0,RNWK
2015-09-30,6.289999961853027,6.289999961853027,6.289999961853027,6.289999961853027,6.289999961853027,0.0,ROAD
2015-09-30,53.459999084472656,53.459999084472656,53.459999084472656,53.459999084472656,53.459999084472656,0.0,RODI
2015-09-30,53.47999954223633,54.36999893188477,52.88000106811523,53.18000030517578,53.18000030517578,124900.0,ROG
2015-09-30,16.65999984741211,16.709999084472653,16.430000305175778,16.540000915527347,13.72337532043457,982700.0,ROIC
2015-09-30,100.83999633789062,101.9499969482422,99.83999633789062,101.47000122070312,91.76526641845705,1551100.0,ROK
2015-09-30,17.726667404174805,18.03333282470703,17.6733341217041,17.913333892822266,16.667669296264652,1004100.0,ROL
2015-09-30,59.47999954223633,60.16999816894531,58.56999969482422,59.72999954223633,59.72999954223633,149200.0,ROLL
2015-09-30,154.66000366210938,156.9199981689453,154.00999450683594,156.6999969482422,152.41307067871094,563600.0,ROP
2015-09-30,48.13999938964844,48.83000183105469,47.77000045776367,48.47000122070313,46.35070037841797,2875900.0,ROST
2015-09-30,2.150000095367432,2.25,2.059999942779541,2.059999942779541,1.4916865825653076,156700.0,ROYT
2015-09-30,16.950000762939453,17.110000610351562,16.549999237060547,16.620000839233402,16.620000839233402,187900.0,RP
2015-09-30,14.0,14.100000381469727,13.859999656677244,14.09000015258789,10.725809097290039,1108500.0,RPAI
2015-09-30,23.65999984741211,23.90200042724609,22.420000076293945,22.75,22.75,1658400.0,RPD
2015-09-30,41.95000076293945,42.13000106811523,41.47999954223633,41.88999938964844,37.71474075317383,886300.0,RPM
2015-09-30,15.010000228881836,15.149999618530273,14.920000076293945,15.010000228881836,11.918892860412598,573300.0,RPT
2015-09-30,11.1899995803833,11.300000190734865,11.119999885559082,11.300000190734865,7.94891357421875,437300.0,RQI
2015-09-30,31.440000534057614,32.31999969482422,31.04999923706055,32.11999893188477,31.26190757751465,4759500.0,RRC
2015-09-30,14.399999618530273,14.609999656677244,14.3100004196167,14.5600004196167,11.58710765838623,1138400.0,RRD
2015-09-30,75.30999755859375,76.79000091552734,74.63999938964844,75.73999786376953,75.73999786376953,287900.0,RRGB
2015-09-30,468.0,468.0,456.0,460.0,460.0,5800.0,RRTS
2015-09-30,54.11000061035156,54.56999969482422,53.41999816894531,54.0099983215332,48.55892562866211,1258200.0,RS
2015-09-30,40.63000106811523,41.22999954223633,40.58000183105469,41.20000076293945,37.19512939453125,1800900.0,RSG
2015-09-30,0.8500000238418579,1.0,0.8399999737739563,0.9900000095367432,0.9900000095367432,4100.0,RSSS
2015-09-30,6.679999828338622,6.869999885559082,6.6599998474121085,6.699999809265138,6.699999809265138,31300.0,RST
2015-09-30,5.5,5.679999828338622,5.420000076293945,5.679999828338622,5.679999828338622,289400.0,RTIX
2015-09-30,107.58000183105469,109.30999755859376,107.33000183105469,109.26000213623048,99.8363037109375,2246500.0,RTN
2015-09-30,19.190000534057614,20.61000061035156,18.815000534057614,20.26000022888184,20.26000022888184,1150600.0,RTRX
2015-09-30,21.5,22.70000076293945,20.0,20.5,20.5,4500.0,RTTR
2015-09-30,14.0,14.539999961853027,13.850000381469727,14.529999732971193,14.529999732971193,224700.0,RUBI
2015-09-30,4.800000190734863,4.800000190734863,4.800000190734863,4.800000190734863,4.800000190734863,0.0,RUBY
2015-09-30,9.899999618530273,10.739999771118164,9.710000038146973,10.369999885559082,10.369999885559082,3454500.0,RUN
2015-09-30,25.209999084472656,25.38999938964844,23.989999771118164,24.20000076293945,23.70116233825684,224000.0,RUSHA
2015-09-30,24.149999618530273,24.190000534057614,22.940000534057614,23.309999465942386,22.82990837097168,6800.0,RUSHB
2015-09-30,16.270000457763672,16.40999984741211,16.030000686645508,16.239999771118164,14.89873504638672,212600.0,RUTH
2015-09-30,27.96999931335449,29.81999969482422,27.96999931335449,29.76000022888184,29.76000022888184,247200.0,RVNC
2015-09-30,3.640000104904175,3.640000104904175,3.5999999046325684,3.619999885559082,3.619999885559082,900.0,RVP
2015-09-30,4.690000057220459,4.949999809265137,4.650000095367432,4.75,4.398351669311523,53100.0,RVSB
2015-09-30,11.4399995803833,11.5,11.350000381469727,11.5,7.888469696044923,267100.0,RVT
2015-09-30,187.25,197.125,186.0,192.0,192.0,900.0,RWLK
2015-09-30,14.050000190734865,14.050000190734865,13.68000030517578,13.84000015258789,9.810054779052734,915800.0,RWT
2015-09-30,16.940000534057614,17.010000228881836,16.600000381469727,16.979999542236328,8.704892158508299,738400.0,RXN
2015-09-30,54.36999893188477,55.290000915527344,54.29999923706055,55.25,43.50281143188477,1952100.0,RY
2015-09-30,80.0,80.61538696289062,79.84615325927734,80.30769348144531,77.0792236328125,812600.0,RYAAY
2015-09-30,6.190000057220459,6.28000020980835,5.949999809265138,6.119999885559082,5.6323485374450675,601200.0,RYAM
2015-09-30,110.4000015258789,113.1999969482422,104.5999984741211,110.4000015258789,110.4000015258789,13500.0,RYCE
2015-09-30,5.21999979019165,5.3460001945495605,5.050000190734863,5.25,5.25,112800.0,RYI
2015-09-30,22.270000457763672,22.299999237060547,21.84000015258789,22.06999969482422,18.733552932739254,1131600.0,RYN
2015-09-30,27.989999771118164,28.040000915527344,27.649999618530273,27.690000534057614,23.7056884765625,27000.0,RZA
2015-09-30,5.579999923706055,5.820000171661378,5.309999942779541,5.800000190734862,5.800000190734862,550300.0,SA
2015-09-30,27.25,27.54999923706055,26.86000061035156,27.18000030517578,23.96993637084961,1573300.0,SABR
2015-09-30,7020.0,7155.0,7020.0,7155.0,7155.0,0.0,SAEX
2015-09-30,38806.0,38806.0,38806.0,38806.0,35398.3359375,670.0,SAF
2015-09-30,67.5,68.65000152587889,67.08999633789061,68.56999969482422,64.68368530273439,414700.0,SAFM
2015-09-30,54.40999984741211,54.7400016784668,53.83000183105469,54.1500015258789,45.12364959716797,73900.0,SAFT
2015-09-30,41.560001373291016,43.66999816894531,40.310001373291016,42.31999969482422,42.31999969482422,443600.0,SAGE
2015-09-30,20.549999237060547,20.75,20.25,20.420000076293945,19.28549575805664,596600.0,SAH
2015-09-30,31.09000015258789,31.309999465942386,30.63999938964844,30.95000076293945,30.95000076293945,143300.0,SAIA
2015-09-30,40.099998474121094,40.459999084472656,39.560001373291016,40.209999084472656,36.94015121459961,308400.0,SAIC
2015-09-30,28.95000076293945,28.95000076293945,28.920000076293945,28.920000076293945,25.30813407897949,400.0,SAL
2015-09-30,6.0900001525878915,6.300000190734862,5.980000019073486,6.119999885559082,4.51932954788208,44600.0,SALM
2015-09-30,15.836431503295898,16.394052505493164,15.613383293151855,16.282527923583984,15.683660507202148,144500.0,SALT
2015-09-30,214.4199981689453,215.3699951171875,209.75,210.6100006103516,210.6100006103516,163900.0,SAM
2015-09-30,10.93000030517578,11.100000381469727,10.600000381469727,10.8100004196167,9.003500938415527,63600.0,SAMG
2015-09-30,5.269999980926514,5.289999961853027,5.199999809265137,5.28000020980835,4.455800533294678,5123600.0,SAN
2015-09-30,2.619999885559082,2.690000057220459,2.559999942779541,2.6700000762939453,2.6700000762939453,396100.0,SAND
2015-09-30,20.899999618530273,21.40999984741211,20.899999618530273,21.3700008392334,21.3700008392334,668000.0,SANM
2015-09-30,4.510000228881836,4.599999904632568,4.420000076293945,4.599999904632568,4.599999904632568,65300.0,SANW
2015-09-30,65.26999664306639,65.36000061035156,64.19999694824219,64.79000091552734,61.10536575317383,911000.0,SAP
2015-09-30,16.229999542236328,16.239999771118164,16.0,16.149999618530273,10.623230934143066,2800.0,SAR
2015-09-30,26.420000076293945,26.790000915527344,26.11000061035156,26.18000030517578,22.764019012451172,49400.0,SASR
2015-09-30,34.246353149414055,34.95948028564453,34.01944732666016,34.87034225463867,34.87034225463867,220500.0,SATS
2015-09-30,12.739999771118164,12.8100004196167,12.109999656677244,12.8100004196167,12.8100004196167,24100.0,SAVA
2015-09-30,47.459999084472656,48.040000915527344,46.459999084472656,47.29999923706055,47.29999923706055,879700.0,SAVE
2015-09-30,2.8299999237060547,2.8299999237060547,2.7300000190734863,2.759999990463257,2.759999990463257,315900.0,SB
2015-09-30,104.87999725341795,105.80999755859376,103.41000366210938,104.73999786376952,104.73999786376952,1705200.0,SBAC
2015-09-30,12.5,12.5,12.300000190734865,12.489999771118164,11.832902908325195,1000.0,SBBX
2015-09-30,14.779999732971193,14.81999969482422,14.600000381469727,14.68000030517578,14.68000030517578,116600.0,SBCF
2015-09-30,10.300000190734863,10.699999809265137,10.229999542236328,10.270000457763672,9.42801570892334,4800.0,SBFG
2015-09-30,25.53000068664551,25.63999938964844,24.8700008392334,25.31999969482422,22.88097953796387,1333200.0,SBGI
2015-09-30,23.65999984741211,23.8700008392334,23.45000076293945,23.75,23.75,3795500.0,SBH
2015-09-30,9.850000381469727,9.890000343322754,9.84000015258789,9.890000343322754,8.188471794128418,13800.0,SBI
2015-09-30,10.399999618530273,10.449999809265137,10.0,10.25,10.139480590820312,153500.0,SBLK
2015-09-30,22.030000686645508,22.350000381469727,22.0,22.0,19.848316192626953,2800.0,SBNA
2015-09-30,137.22000122070312,137.91000366210938,136.00999450683594,137.55999755859378,133.27268981933594,587100.0,SBNY
2015-09-30,29.54999923706055,30.76000022888184,29.479999542236328,30.559999465942386,23.58560562133789,31300.0,SBR
2015-09-30,23.3799991607666,23.420000076293945,22.86000061035156,23.18000030517578,15.533658981323242,540800.0,SBRA
2015-09-30,3.869999885559082,4.010000228881837,3.829999923706055,3.880000114440918,3.5006308555603027,5976800.0,SBS
2015-09-30,26.806640625,26.962890625,26.2890625,26.904296875,22.99628257751465,106200.0,SBSI
2015-09-30,10538.5,10769.2001953125,10538.5,10538.5,10445.1142578125,2781610.0,SBT
2015-09-30,56.4000015258789,56.9000015258789,55.61000061035156,56.84000015258789,52.33102035522461,9799600.0,SBUX
2015-09-30,20.34000015258789,20.489999771118164,20.200000762939453,20.420000076293945,18.97723960876465,2397900.0,SC
2015-09-30,26.59000015258789,26.790000915527344,26.13999938964844,26.71999931335449,23.57038497924805,1956400.0,SCCO
2015-09-30,12.100000381469727,12.350000381469727,12.0600004196167,12.15999984741211,7.793427467346191,186100.0,SCD
2015-09-30,39.08000183105469,39.209999084472656,38.5099983215332,38.959999084472656,36.35559844970703,503200.0,SCHL
2015-09-30,13.579999923706055,13.68000030517578,13.199999809265135,13.539999961853027,11.933595657348633,378800.0,SCHN
2015-09-30,28.04999923706055,28.59000015258789,27.979999542236328,28.559999465942386,27.09863090515137,11409500.0,SCHW
2015-09-30,26.940000534057614,27.170000076293945,26.79999923706055,27.10000038146973,25.05911636352539,1691100.0,SCI
2015-09-30,2.400000095367432,2.400000095367432,2.400000095367432,2.400000095367432,2.400000095367432,1500.0,SCKT
2015-09-30,42.13000106811523,42.29999923706055,41.52999877929688,41.61000061035156,39.40953826904297,151900.0,SCL
2015-09-30,10.09000015258789,10.489999771118164,9.899999618530273,10.06999969482422,6.5911216735839835,110700.0,SCM
2015-09-30,103.5,105.0,91.5,93.0,93.0,1200.0,SCON
2015-09-30,43.38999938964844,47.45000076293945,42.18999862670898,46.1500015258789,46.1500015258789,1689500.0,SCOR
2015-09-30,18.1299991607666,18.420000076293945,18.030000686645508,18.40999984741211,15.728191375732422,955200.0,SCS
2015-09-30,34.990001678466804,35.54999923706055,34.40999984741211,35.459999084472656,35.459999084472656,266500.0,SCSC
2015-09-30,86.9000015258789,87.5,85.19999694824219,87.30000305175781,80.66924285888672,75000.0,SCU
2015-09-30,23.09000015258789,23.96999931335449,22.809999465942386,23.79999923706055,22.61577033996582,129700.0,SCVL
2015-09-30,12.289999961853027,12.289999961853027,11.93000030517578,12.079999923706055,11.00528049468994,5100.0,SCX
2015-09-30,6.710000038146973,7.28000020980835,6.5999999046325675,7.28000020980835,7.28000020980835,5800.0,SCYX
2015-09-30,1.2999999523162842,1.3799999952316284,1.2999999523162842,1.3300000429153442,1.3300000429153442,5800.0,SDPI
2015-09-30,1539.677490234375,1598.5869140625,1520.93359375,1579.843017578125,1579.843017578125,38000.0,SDRL
2015-09-30,45.77000045776367,45.93000030517578,44.88999938964844,45.61000061035156,35.39408874511719,11900.0,SDYL
2015-09-30,6.3400001525878915,6.3400001525878915,6.199999809265138,6.300000190734862,6.300000190734862,98600.0,SEAC
2015-09-30,17.600000381469727,17.8799991607666,17.479999542236328,17.809999465942386,17.039922714233402,1354700.0,SEAS
2015-09-30,3050.0,3108.179931640625,3005.0,3079.0,3060.845703125,400.0,SEB
2015-09-30,23.36000061035156,23.76000022888184,22.209999084472656,22.920000076293945,22.920000076293945,578100.0,SEDG
2015-09-30,46.38000106811523,46.959999084472656,46.15999984741211,46.88000106811523,43.86021423339844,2157200.0,SEE
2015-09-30,13.399999618530273,14.199999809265135,13.399999618530273,13.399999618530273,13.399999618530273,2300.0,SEED
2015-09-30,432.0,471.0,423.0,438.0,438.0,100.0,SEEL
2015-09-30,47.29999923706055,48.31999969482422,47.06000137329102,48.22999954223633,46.17540740966797,949400.0,SEIC
2015-09-30,3.8199999332427983,3.9300000667572017,3.7999999523162837,3.920000076293945,3.0045764446258545,21600.0,SELF
2015-09-30,10.729999542236328,10.829999923706056,10.479999542236328,10.789999961853027,10.789999961853027,1149400.0,SEM
2015-09-30,26.40999984741211,26.559999465942386,26.04999923706055,26.35000038146973,26.35000038146973,23400.0,SENEA
2015-09-30,32.209999084472656,32.209999084472656,32.209999084472656,32.209999084472656,32.209999084472656,0.0,SENEB
2015-09-30,21.9490966796875,22.55860710144043,21.9490966796875,22.471534729003906,22.471534729003906,1991300.0,SERV
2015-09-30,57.599998474121094,62.72000122070313,57.599998474121094,62.72000122070313,62.72000122070313,1000.0,SES
2015-09-30,2.4600000381469727,2.539999961853028,2.3399999141693115,2.4100000858306885,2.4100000858306885,196400.0,SESN
2015-09-30,42.22999954223633,42.349998474121094,41.709999084472656,42.099998474121094,41.01612854003906,839900.0,SF
2015-09-30,20.239999771118164,20.239999771118164,20.1200008392334,20.1200008392334,18.60552978515625,500.0,SFBC
2015-09-30,20.56999969482422,20.790000915527344,20.155000686645508,20.76499938964844,19.7300968170166,439000.0,SFBS
2015-09-30,15.539999961853027,15.720000267028807,15.510000228881836,15.539999961853027,14.263089179992676,60300.0,SFE
2015-09-30,16.120000839233402,16.290000915527347,15.890000343322756,16.25,9.323195457458496,789600.0,SFL
2015-09-30,21.46999931335449,21.549999237060547,20.8799991607666,21.100000381469727,21.100000381469727,1080300.0,SFM
2015-09-30,23.76499938964844,23.9950008392334,23.59000015258789,23.96500015258789,21.717531204223636,351800.0,SFNC
2015-09-30,20.31999969482422,21.0,19.84000015258789,20.489999771118164,20.489999771118164,5500.0,SFST
2015-09-30,32.5,33.5,32.25,33.0,33.0,1482500.0,SFUN
2015-09-30,33.59999847412109,34.889999389648445,33.59999847412109,33.610000610351555,29.150789260864254,10400.0,SGA
2015-09-30,15.510000228881836,15.510000228881836,15.5,15.5,13.963991165161133,1000.0,SGB
2015-09-30,17.350000381469727,17.959999084472656,17.100000381469727,17.93000030517578,16.294811248779293,36400.0,SGC
2015-09-30,37.900001525878906,39.11999893188477,36.93999862670898,38.560001373291016,38.560001373291016,1753200.0,SGEN
2015-09-30,29.03000068664551,29.20000076293945,28.70000076293945,28.84000015258789,28.84000015258789,90200.0,SGG
2015-09-30,15.800000190734865,18.0,15.220000267028807,17.5,17.5,22200.0,SGLB
2015-09-30,6.949999809265138,7.1500000953674325,6.5999999046325675,6.869999885559082,6.869999885559082,19600.0,SGMA
2015-09-30,5.739999771118164,5.9000000953674325,5.300000190734863,5.639999866485597,5.639999866485597,2318000.0,SGMO
2015-09-30,10.470000267028807,12.140000343322756,10.149999618530273,10.449999809265137,10.449999809265137,1698000.0,SGMS
2015-09-30,1.3600000143051147,1.559999942779541,1.3600000143051147,1.399999976158142,1.399999976158142,3700.0,SGOC
2015-09-30,1.4600000381469729,1.5,1.4500000476837158,1.5,1.5,4600.0,SGRP
2015-09-30,19.0,19.0,19.0,19.0,19.0,0.0,SGRY
2015-09-30,8.359999656677246,8.489999771118164,8.310000419616701,8.489999771118164,6.869621753692628,63900.0,SGU
2015-09-30,47.77000045776367,49.08000183105469,46.79999923706055,47.4000015258789,47.4000015258789,488400.0,SHAK
2015-09-30,9.369999885559082,9.720000267028807,9.369999885559082,9.720000267028807,8.958484649658203,14600.0,SHBI
2015-09-30,21.184999465942386,21.670000076293945,20.96999931335449,21.405000686645508,20.498506546020508,311600.0,SHEN
2015-09-30,34.650001525878906,34.81999969482422,34.490001678466804,34.799999237060554,31.756895065307614,94000.0,SHG
2015-09-30,38.29999923706055,38.72000122070313,38.0099983215332,38.72000122070313,30.06199836730957,17700.0,SHI
2015-09-30,57.0,57.0,52.5,56.25,56.25,0.0,SHIP
2015-09-30,8.369999885559082,8.369999885559082,7.820000171661378,8.100000381469728,8.100000381469728,74300.0,SHLO
2015-09-30,25.76000022888184,29.43000030517578,25.20000076293945,29.43000030517578,23.013545989990234,1490000.0,SHLX
2015-09-30,13.079999923706055,13.289999961853027,12.90999984741211,13.229999542236328,10.368718147277832,3476200.0,SHO
2015-09-30,24.28000068664551,24.540000915527344,24.00666618347168,24.413333892822266,23.50551605224609,1461000.0,SHOO
2015-09-30,35.689998626708984,35.76499938964844,33.65999984741211,35.20000076293945,35.20000076293945,299900.0,SHOP
2015-09-30,4.670000076293945,4.739999771118164,4.670000076293945,4.679999828338623,4.679999828338623,6400.0,SHSP
2015-09-30,221.9499969482422,225.1699981689453,221.2899932861328,222.77999877929688,212.9733428955078,2530800.0,SHW
2015-09-30,0.9800000190734864,1.0,0.9499999880790709,0.959999978542328,0.8289182782173157,655600.0,SID
2015-09-30,1.559999942779541,1.6000000238418581,1.559999942779541,1.5700000524520874,1.3549314737319946,700.0,SIEB
2015-09-30,10.039999961853027,10.43000030517578,9.9399995803833,10.149999618530273,10.149999618530273,410200.0,SIEN
2015-09-30,11.329999923706055,12.079999923706055,11.050000190734863,11.289999961853027,11.289999961853027,44700.0,SIF
2015-09-30,1.1100000143051147,1.1399999856948853,1.0399999618530271,1.0499999523162842,0.9910589456558228,57200.0,SIFY
2015-09-30,135.19000244140622,137.00999450683594,133.27999877929688,136.1300048828125,117.34866333007812,821200.0,SIG
2015-09-30,1.1699999570846558,1.1799999475479126,1.0499999523162842,1.1799999475479126,1.1799999475479126,19100.0,SIGA
2015-09-30,31.239999771118164,31.440000534057614,30.84000015258789,31.059999465942386,29.19731903076172,322200.0,SIGI
2015-09-30,25.95000076293945,27.170000076293945,25.95000076293945,26.989999771118164,25.65315246582031,22900.0,SILC
2015-09-30,1.6399999856948853,1.75,1.5499999523162842,1.7000000476837158,1.7000000476837158,8190500.0,SILK
2015-09-30,7.429999828338622,7.449999809265138,7.380000114440918,7.380000114440918,6.886139392852782,2300.0,SIM
2015-09-30,27.0,27.399999618530273,26.68000030517578,27.309999465942386,24.53283500671387,675800.0,SIMO
2015-09-30,37.77000045776367,40.349998474121094,37.25,40.11999893188477,40.11999893188477,1233900.0,SINA
2015-09-30,0.8100000023841858,0.8299999833106995,0.8100000023841858,0.8299999833106995,0.8299999833106995,400.0,SINO
2015-09-30,146.25,157.5,135.44999694824222,140.39999389648438,140.39999389648438,2000.0,SINT
2015-09-30,3.690000057220459,3.759999990463257,3.6800000667572017,3.740000009536743,3.63954496383667,24438200.0,SIRI
2015-09-30,25.48889923095703,25.55500030517578,25.18350028991699,25.38990020751953,25.38990020751953,1634949.0,SITC
2015-09-30,114.8000030517578,115.91000366210938,112.95999908447266,115.54000091552734,115.54000091552734,474200.0,SIVB
2015-09-30,44.81999969482422,45.83000183105469,44.81999969482422,45.77999877929688,36.21904373168945,893700.0,SIX
2015-09-30,24.60000038146973,25.28000068664551,24.489999771118164,25.25,21.38652992248535,430600.0,SJI
2015-09-30,113.7300033569336,114.94000244140624,113.01000213623048,114.08999633789062,101.20549011230469,1398400.0,SJM
2015-09-30,19.18000030517578,19.399999618530273,19.1200008392334,19.399999618530273,14.584524154663086,384900.0,SJR
2015-09-30,9.350000381469727,9.800000190734863,9.25,9.460000038146973,6.922843933105469,88600.0,SJT
2015-09-30,30.5,30.979999542236328,30.170000076293945,30.75,28.13308525085449,42000.0,SJW
2015-09-30,24.46999931335449,24.68000030517578,24.32999992370605,24.399999618530273,20.665334701538086,610200.0,SKM
2015-09-30,33.11999893188477,33.240001678466804,32.799999237060554,32.970001220703125,25.493093490600586,686000.0,SKT
2015-09-30,44.0,44.90666580200195,43.33333206176758,44.69333267211914,44.69333267211914,2535300.0,SKX
2015-09-30,2.8499999046325684,2.880000114440918,2.8499999046325684,2.880000114440918,2.7631068229675293,7500.0,SKY
2015-09-30,14.25,14.725000381469727,14.0,14.725000381469727,14.725000381469727,1900.0,SKYS
2015-09-30,16.329999923706055,16.770000457763672,16.25,16.680000305175778,16.032289505004886,661000.0,SKYW
2015-09-30,40.47999954223633,41.66999816894531,40.22000122070313,41.540000915527344,41.540000915527344,518800.0,SLAB
2015-09-30,69.27999877929689,69.80000305175781,67.75,68.97000122070311,58.522666931152344,11785800.0,SLB
2015-09-30,13.989999771118164,14.84000015258789,13.710000038146973,14.09000015258789,13.082612991333008,2335400.0,SLCA
2015-09-30,7.320000171661378,7.320000171661378,7.320000171661378,7.320000171661378,7.320000171661378,0.0,SLCT
2015-09-30,32.02000045776367,32.40999984741211,31.93000030517578,32.259998321533196,25.92478370666504,430300.0,SLF
2015-09-30,110.18000030517578,110.18000030517578,107.66000366210938,108.16000366210938,93.2809829711914,818100.0,SLG
2015-09-30,26.0,26.165000915527344,25.729999542236328,26.020000457763672,24.44277381896973,428600.0,SLGN
2015-09-30,7.539999961853027,7.699999809265138,7.389999866485597,7.4000000953674325,7.285808563232423,3441100.0,SLM
2015-09-30,51.97000122070313,51.97000122070313,49.95000076293945,50.0,39.04011535644531,3700.0,SLMBP
2015-09-30,11.649999618530273,11.649999618530273,10.300000190734863,10.550000190734863,10.550000190734863,35100.0,SLNO
2015-09-30,9.479999542236328,9.5,9.3100004196167,9.4399995803833,8.818926811218262,70700.0,SLP
2015-09-30,15.729999542236328,16.100000381469727,15.699999809265135,15.81999969482422,10.866310119628906,391000.0,SLRC
2015-09-30,265.75,309.0,260.75,300.25,300.25,7600.0,SLRX
2015-09-30,44700.0,47400.0,43500.0,47400.0,47400.0,100.0,SLS
2015-09-30,9.960000038146973,10.109999656677246,9.90999984741211,9.9399995803833,6.516195297241211,21500.0,SLVO
2015-09-30,30.57999992370605,32.360000610351555,30.36000061035156,32.040000915527344,31.32107353210449,2439900.0,SM
2015-09-30,20.86000061035156,20.899999618530273,20.07999992370605,20.71999931335449,19.408113479614254,1500.0,SMBC
2015-09-30,15.199999809265135,15.199999809265135,15.199999809265135,15.199999809265135,15.13186740875244,0.0,SMBK
2015-09-30,27.03000068664551,27.6299991607666,26.8799991607666,27.26000022888184,27.26000022888184,424500.0,SMCI
2015-09-30,8.680000305175781,8.890000343322754,8.630000114440918,8.760000228881836,8.760000228881836,86700.0,SMED
2015-09-30,7.550000190734862,7.630000114440918,7.519999980926514,7.630000114440918,6.46353006362915,891600.0,SMFG
2015-09-30,60.63000106811523,61.11999893188477,59.9000015258789,60.81999969482422,54.16120529174805,257200.0,SMG
2015-09-30,2.9200000762939453,2.9200000762939453,2.9200000762939453,2.9200000762939453,2.9200000762939453,0.0,SMIT
2015-09-30,15.0,17.65999984741211,14.600000381469727,17.6299991607666,9.750906944274902,533900.0,SMLP
2015-09-30,13.470000267028807,14.3100004196167,13.390000343322756,13.989999771118164,9.20073127746582,168900.0,SMM
2015-09-30,11.779999732971193,11.779999732971193,11.609999656677244,11.770000457763672,10.629697799682617,5200.0,SMMF
2015-09-30,10.399999618530273,10.40999984741211,10.399999618530273,10.40999984741211,10.40999984741211,3100.0,SMMT
2015-09-30,35.0,35.110000610351555,34.549999237060554,34.880001068115234,32.259017944335945,67600.0,SMP
2015-09-30,9.649999618530273,9.829999923706056,9.5,9.68000030517578,8.922971725463867,154800.0,SMRT
2015-09-30,3.2000000476837163,3.559999942779541,3.2000000476837163,3.4800000190734863,3.4800000190734863,2100.0,SMSI
2015-09-30,14.630000114440918,15.34000015258789,14.630000114440918,15.100000381469727,15.100000381469727,1085200.0,SMTC
2015-09-30,0.8600000143051147,0.8600000143051147,0.8600000143051147,0.8600000143051147,0.8600000143051147,100.0,SMTS
2015-09-30,1.5299999713897705,1.5700000524520874,1.5099999904632568,1.5499999523162842,1.5499999523162842,21000.0,SMTX
2015-09-30,150.32000732421875,151.75,148.72999572753906,150.94000244140625,137.84063720703122,542100.0,SNA
2015-09-30,21.82999992370605,21.950000762939453,21.479999542236328,21.8799991607666,21.8799991607666,518200.0,SNBR
2015-09-30,33.790000915527344,34.22999954223633,32.61999893188477,32.799999237060554,32.799999237060554,587600.0,SNCR
2015-09-30,24.229999542236328,24.53000068664551,24.09000015258789,24.5,23.906776428222656,1074000.0,SNE
2015-09-30,6.00453519821167,6.285714149475098,5.850340366363525,6.086167812347412,6.086167812347412,26200.0,SNFCA
2015-09-30,10.899999618530273,11.199999809265137,9.800000190734863,10.699999809265137,10.699999809265137,12100.0,SNGX
2015-09-30,11.0,11.229999542236328,10.770000457763672,10.789999961853027,5.962540149688722,69100.0,SNMP
2015-09-30,35.029998779296875,35.18000030517578,34.68000030517578,35.0,31.84289932250977,338000.0,SNN
2015-09-30,57.599998474121094,58.5,55.349998474121094,58.04999923706055,58.04999923706055,2600.0,SNOA
2015-09-30,61.25,61.61000061035156,60.66999816894531,61.540000915527344,47.74537658691406,109700.0,SNP
2015-09-30,46.38999938964844,46.7400016784668,45.849998474121094,46.18000030517578,46.18000030517578,1295700.0,SNPS
2015-09-30,10.029999732971193,10.479999542236328,9.859999656677246,10.460000038146973,6.574338436126709,1455800.0,SNR
2015-09-30,5.21999979019165,5.460000038146973,4.440000057220459,4.860000133514403,4.860000133514403,204200.0,SNSS
2015-09-30,29.6200008392334,29.670000076293945,29.15999984741211,29.60000038146973,26.60403060913086,1325800.0,SNV
2015-09-30,82.66999816894531,85.30000305175781,82.37000274658203,85.05999755859375,80.57147979736328,337800.0,SNX
2015-09-30,47.81999969482422,47.97000122070313,47.08000183105469,47.47000122070313,40.30237197875977,1978200.0,SNY
2015-09-30,44.31999969482422,44.77999877929688,44.09000015258789,44.70000076293945,36.26250076293945,5246100.0,SO
2015-09-30,7.059999942779541,7.059999942779541,6.5,6.800000190734862,4.710283756256104,43200.0,SOHO
2015-09-30,41.5,41.68999862670898,40.81999969482422,41.29999923706055,41.29999923706055,438900.0,SOHU
2015-09-30,4.699999809265137,5.0,4.699999809265137,4.849999904632568,4.849999904632568,253700.0,SOL
2015-09-30,37.56999969482422,37.86000061035156,37.349998474121094,37.7400016784668,32.70372772216797,426500.0,SON
2015-09-30,11.270000457763672,11.31999969482422,11.119999885559082,11.289999961853027,10.205912590026855,11200.0,SONA
2015-09-30,67.97000122070311,68.06999969482422,67.30999755859375,67.73999786376953,26.374982833862305,9100.0,SOR
2015-09-30,1.8899999856948853,1.8899999856948853,1.75,1.7699999809265137,1.7699999809265137,5600.0,SORL
2015-09-30,23.46999931335449,23.60000038146973,22.88999938964844,23.149999618530273,23.149999618530273,45700.0,SP
2015-09-30,4.119999885559082,4.179999828338623,4.070000171661377,4.130000114440918,3.915694713592529,28900.0,SPAR
2015-09-30,72.03704071044922,72.5308609008789,70.74073791503906,72.40740966796875,65.62983703613281,153900.0,SPB
2015-09-30,7.809999942779541,8.029999732971191,7.739999771118164,8.0,8.0,70400.0,SPCB
2015-09-30,13.9399995803833,14.170000076293945,13.9399995803833,14.06999969482422,8.939596176147461,12900.0,SPE
2015-09-30,0.8600000143051147,0.8600000143051147,0.8600000143051147,0.8600000143051147,0.8558043241500854,0.0,SPFI
2015-09-30,183.6300048828125,184.25,181.75,183.72000122070312,150.63433837890625,1431900.0,SPG
2015-09-30,86.56999969482422,86.66999816894531,85.04000091552734,86.5,82.22623443603516,2085000.0,SPGI
2015-09-30,30.76000022888184,32.970001220703125,30.540000915527344,32.86999893188477,20.083627700805664,354800.0,SPH
2015-09-30,8.265000343322754,8.600000381469728,8.145000457763674,8.274999618530272,6.203214645385742,70400.0,SPKE
2015-09-30,54.72999954223633,56.20000076293945,54.36999893188477,55.349998474121094,55.349998474121094,2062600.0,SPLK
2015-09-30,16.559999465942386,16.600000381469727,16.049999237060547,16.530000686645508,16.370649337768555,111000.0,SPLP
2015-09-30,16.120000839233402,16.459999084472653,15.020000457763672,16.200000762939453,16.200000762939453,132800.0,SPNE
2015-09-30,11.420000076293945,11.600000381469727,11.270000457763672,11.520000457763672,10.817068099975586,109700.0,SPNS
2015-09-30,16.59000015258789,16.799999237060547,16.229999542236328,16.459999084472653,13.866059303283693,79200.0,SPOK
2015-09-30,5.989999771118164,6.3400001525878915,5.78000020980835,5.980000019073486,5.980000019073486,1734100.0,SPPI
2015-09-30,48.22000122070313,48.45000076293945,47.75,48.34000015258789,47.41251754760742,1576000.0,SPR
2015-09-30,3.240000009536743,3.4200000762939453,3.2100000381469727,3.359999895095825,1.7368113994598389,150000.0,SPRT
2015-09-30,33.865001678466804,34.22999954223633,33.450000762939446,33.94499969482422,33.94499969482422,208400.0,SPSC
2015-09-30,0.014999999664723871,0.014999999664723871,0.014999999664723871,0.014999999664723871,0.014999999664723871,0.0,SPT
2015-09-30,26.18000030517578,26.3700008392334,25.1299991607666,25.85000038146973,22.08051300048828,280700.0,SPTN
2015-09-30,12.329999923706055,12.479999542236328,12.210000038146973,12.31999969482422,12.31999969482422,987700.0,SPWH
2015-09-30,19.489999771118164,20.299999237060547,19.489999771118164,20.040000915527344,20.040000915527344,1435400.0,SPWR
2015-09-30,11.550000190734865,11.920000076293945,11.550000190734865,11.920000076293945,11.920000076293945,1797100.0,SPXC
2015-09-30,12.850000381469727,12.880000114440918,12.619999885559082,12.640000343322756,9.310614585876463,105700.0,SPXX
2015-09-30,14.289999961853027,14.609999656677244,13.949999809265135,14.470000267028807,14.470000267028807,149500.0,SQBG
2015-09-30,14.216163635253904,14.401168823242188,13.875365257263185,14.157740592956545,11.883588790893555,793100.0,SQM
2015-09-30,3.880000114440918,4.400000095367432,3.880000114440918,4.199999809265137,4.199999809265137,27900.0,SQNS
2015-09-30,53.68999862670898,54.61999893188477,53.47000122070313,54.52999877929688,47.5375862121582,258200.0,SR
2015-09-30,8.274999618530272,9.949999809265137,8.25,9.949999809265137,9.949999809265137,5000.0,SRAX
2015-09-30,41.30044937133789,41.524662017822266,40.71748733520508,40.98654556274414,35.40515518188477,1071500.0,SRC
2015-09-30,30.79999923706055,31.209999084472656,30.46999931335449,30.79999923706055,28.12005615234375,38700.0,SRCE
2015-09-30,138.6300048828125,139.47999572753906,137.05000305175778,139.30999755859378,139.30999755859378,901500.0,SRCL
2015-09-30,22.200000762939453,22.21999931335449,21.6200008392334,21.84000015258789,21.84000015258789,46500.0,SRDX
2015-09-30,94.95999908447266,96.80999755859376,94.6999969482422,96.72000122070312,84.40501403808594,1888200.0,SRE
2015-09-30,4.010000228881837,4.059999942779541,3.9700000286102295,4.0,4.0,400200.0,SREV
2015-09-30,13.600000381469727,13.989999771118164,13.279999732971193,13.970000267028807,9.818319320678713,42500.0,SRF
2015-09-30,38.22000122070313,39.52000045776367,36.16999816894531,37.25,34.09925079345703,379900.0,SRG
2015-09-30,12.25,12.420000076293945,12.220000267028807,12.34000015258789,12.34000015258789,96500.0,SRI
2015-09-30,14.649999618530273,14.850000381469727,14.199999809265135,14.300000190734865,14.300000190734865,9100.0,SRL
2015-09-30,18.049999237060547,19.34000015258789,17.8700008392334,19.030000686645508,11.323392868041992,38100.0,SRLP
2015-09-30,8.239999771118164,8.600000381469728,8.060000419616701,8.390000343322754,8.390000343322754,392500.0,SRNE
2015-09-30,31.35000038146973,33.450000762939446,31.0,32.110000610351555,32.110000610351555,2528200.0,SRPT
2015-09-30,824.7999877929688,914.4000244140624,761.5999755859375,820.7999877929688,820.7999877929688,3600.0,SRRA
2015-09-30,3.400000095367432,3.400000095367432,3.2999999523162837,3.3499999046325684,3.3499999046325684,66600.0,SRT
2015-09-30,11.15999984741211,11.869999885559082,11.15999984741211,11.760000228881836,7.472718238830566,79100.0,SRV
2015-09-30,76.22000122070312,77.4800033569336,75.94999694824219,76.87000274658203,70.5705337524414,143200.0,SSB
2015-09-30,10.640000343322754,10.640000343322754,10.456000328063963,10.456000328063963,8.767804145812987,2100.0,SSBI
2015-09-30,33.130001068115234,33.61999893188477,33.110000610351555,33.490001678466804,31.21450424194336,196100.0,SSD
2015-09-30,9.529999732971193,9.869999885559082,9.460000038146973,9.84000015258789,6.8793158531188965,619900.0,SSI
2015-09-30,5.75,5.949999809265138,5.5,5.699999809265138,5.699999809265138,12200.0,SSKN
2015-09-30,27.70000076293945,27.95000076293945,27.440000534057614,27.81999969482422,23.90981483459473,560800.0,SSL
2015-09-30,34.06999969482422,35.060001373291016,33.97999954223633,35.02000045776367,33.898136138916016,1393600.0,SSNC
2015-09-30,3.660000085830689,3.660000085830689,3.660000085830689,3.660000085830689,3.049858570098877,0.0,SSNT
2015-09-30,17.899999618530273,18.0,16.879999160766598,17.670000076293945,17.115440368652347,868000.0,SSP
2015-09-30,6.199999809265138,6.53000020980835,6.0900001525878915,6.519999980926514,6.519999980926514,1392900.0,SSRM
2015-09-30,7.6500000953674325,7.9099998474121085,7.6500000953674325,7.8499999046325675,5.243520736694336,71500.0,SSSS
2015-09-30,29.70000076293945,31.09000015258789,29.57999992370605,30.239999771118164,28.39241981506348,503800.0,SSTK
2015-09-30,1.7000000476837158,1.7000000476837158,1.6000000238418581,1.6799999475479126,1.6799999475479126,1200.0,SSY
2015-09-30,26.60000038146973,27.3700008392334,26.0,26.489999771118164,26.489999771118164,1743700.0,SSYS
2015-09-30,44.0,44.560001373291016,43.68000030517578,44.34000015258789,44.34000015258789,1677600.0,ST
2015-09-30,7.269999980926514,7.789999961853027,7.21999979019165,7.760000228881836,7.760000228881836,162700.0,STAA
2015-09-30,39.5,39.5,39.5,39.5,38.28771209716797,0.0,STAF
2015-09-30,18.31999969482422,18.36000061035156,18.0,18.209999084472656,14.094560623168945,593600.0,STAG
2015-09-30,12.510000228881836,12.609999656677244,12.369999885559082,12.579999923706055,11.83300495147705,2358400.0,STAR
2015-09-30,16.360000610351562,16.860000610351562,16.200000762939453,16.780000686645508,13.089911460876465,549700.0,STAY
2015-09-30,32.939998626708984,32.939998626708984,32.31999969482422,32.61999893188477,28.91293334960937,125500.0,STBA
2015-09-30,39.86000061035156,41.16999816894531,39.83000183105469,40.90999984741211,35.73119735717773,175400.0,STC
2015-09-30,2.809999942779541,2.869999885559082,2.75,2.859999895095825,2.859999895095825,108200.0,STCN
2015-09-30,65.02999877929689,65.5,64.19000244140625,64.97000122070311,61.27529907226562,842000.0,STE
2015-09-30,23.790000915527344,23.899999618530273,22.739999771118164,22.809999465942386,21.344989776611328,140800.0,STFC
2015-09-30,9111.4501953125,9111.4501953125,8559.240234375,8973.400390625,8973.400390625,2347.0,STG
2015-09-30,16.139999389648438,16.34000015258789,15.989999771118164,16.34000015258789,10.14793586730957,65700.0,STK
2015-09-30,5.110000133514403,5.119999885559082,4.78000020980835,4.860000133514403,4.860000133514403,986400.0,STKL
2015-09-30,3.5499999523162837,3.5499999523162837,3.5499999523162837,3.5499999523162837,3.5499999523162837,0.0,STKS
2015-09-30,14.859999656677244,14.970000267028807,14.6899995803833,14.869999885559082,13.956521034240724,893400.0,STL
2015-09-30,17.110000610351562,17.270000457763672,16.870000839233402,17.180000305175778,15.419867515563965,2305400.0,STLD
2015-09-30,6.75,6.820000171661378,6.730000019073486,6.820000171661378,6.185328960418701,875800.0,STM
2015-09-30,8.760000228881836,8.930000305175781,8.460000038146973,8.829999923706055,8.829999923706055,56900.0,STML
2015-09-30,72.70999908447266,74.33999633789062,72.70999908447266,74.01000213623047,74.01000213623047,301200.0,STMP
2015-09-30,21.850000381469727,22.07999992370605,21.56999969482422,21.899999618530273,19.860546112060547,10400.0,STN
2015-09-30,22.61000061035156,23.5,22.60000038146973,23.5,20.92276382446289,600.0,STND
2015-09-30,91.0,92.5999984741211,89.5,91.6999969482422,88.55149841308594,380300.0,STNG
2015-09-30,26.790000915527344,27.75,26.770000457763672,27.28000068664551,22.423025131225586,149500.0,STON
2015-09-30,20.88999938964844,20.88999938964844,20.540000915527344,20.65999984741211,16.786970138549805,698900.0,STOR
2015-09-30,35.11999893188477,35.11999893188477,35.11999893188477,35.11999893188477,35.11999893188477,0.0,STPP
2015-09-30,55.9000015258789,56.04999923706055,54.31999969482422,54.97000122070313,52.72697067260742,130600.0,STRA
2015-09-30,4.2899999618530265,4.2899999618530265,4.070000171661377,4.110000133514403,4.110000133514403,25000.0,STRL
2015-09-30,2.470000028610229,2.470000028610229,2.220000028610229,2.289999961853028,2.289999961853028,22100.0,STRM
2015-09-30,15.600000381469727,16.149999618530273,15.31999969482422,15.31999969482422,14.771878242492676,6800.0,STRS
2015-09-30,62.68000030517578,63.38999938964844,61.83000183105469,63.06000137329102,58.34794616699219,13300.0,STRT
2015-09-30,67.55000305175781,67.72000122070311,66.29000091552734,67.20999908447266,60.32007217407226,2848800.0,STT
2015-09-30,20.170000076293945,20.559999465942386,20.11000061035156,20.520000457763672,13.591495513916016,3079400.0,STWD
2015-09-30,44.5099983215332,45.97999954223633,43.400001525878906,44.79999923706055,33.81288528442383,9312400.0,STX
2015-09-30,1.0,1.0499999523162842,0.8999999761581421,0.9300000071525574,0.9300000071525574,179600.0,STXS
2015-09-30,125.1999969482422,125.5,123.51000213623048,125.20999908447266,118.5221710205078,1438000.0,STZ
2015-09-30,26.60000038146973,26.940000534057614,26.03000068664551,26.71999931335449,21.551618576049805,4799900.0,SU
2015-09-30,67.58999633789061,68.05999755859375,67.23000335693361,67.76000213623047,59.26728057861328,384400.0,SUI
2015-09-30,18.155818939208984,18.57002067565918,17.682445526123047,18.51084899902344,18.51084899902344,1264100.0,SUM
2015-09-30,15.56999969482422,15.65999984741211,15.300000190734865,15.479999542236328,15.479999542236328,1200.0,SUMR
2015-09-30,31.26000022888184,34.150001525878906,31.170000076293945,33.84999847412109,20.84514808654785,347000.0,SUN
2015-09-30,14.460000038146973,14.789999961853027,14.170000076293945,14.220000267028807,9.636813163757324,59800.0,SUNS
2015-09-30,18.6200008392334,19.600000381469727,18.200000762939453,19.31999969482422,19.31999969482422,14900.0,SUNW
2015-09-30,18.739999771118164,18.959999084472656,18.68000030517578,18.68000030517578,16.026918411254886,84400.0,SUP
2015-09-30,14.0,14.18000030517578,13.43000030517578,14.029999732971193,14.029999732971193,945200.0,SUPN
2015-09-30,4.739999771118164,4.75,4.739999771118164,4.75,4.090731620788573,10600.0,SUZ
2015-09-30,5.0900001525878915,5.099999904632568,5.005000114440918,5.079999923706055,5.079999923706055,121759.0,SVA
2015-09-30,4.650000095367432,4.849999904632568,4.650000095367432,4.6599998474121085,4.495136737823486,6600.0,SVBI
2015-09-30,25.520000457763672,25.78000068664551,25.420000076293945,25.57999992370605,18.101980209350586,1285600.0,SVC
2015-09-30,7.210000038146973,7.210000038146973,7.210000038146973,7.210000038146973,6.7212233543396,0.0,SVT
2015-09-30,8.659999847412111,8.659999847412111,8.460000038146973,8.510000228881836,8.486437797546388,19400.0,SVVC
2015-09-30,21.15999984741211,21.5,20.76000022888184,21.15999984741211,21.15999984741211,153500.0,SWIR
2015-09-30,96.04000091552734,97.16000366210938,95.19000244140624,96.9800033569336,89.0216293334961,1403200.0,SWK
2015-09-30,14.399999618530273,14.5,14.199999809265135,14.5,14.5,1300.0,SWKH
2015-09-30,84.11000061035156,85.25,82.7300033569336,84.20999908447266,78.380859375,3926200.0,SWKS
2015-09-30,34.09999847412109,34.450000762939446,33.439998626708984,34.380001068115234,27.465242385864254,369600.0,SWM
2015-09-30,12.34000015258789,12.710000038146973,12.1899995803833,12.6899995803833,12.6899995803833,9295000.0,SWN
2015-09-30,57.18000030517578,58.4000015258789,57.0,58.31999969482422,51.86594772338867,264700.0,SWX
2015-09-30,10.789999961853027,10.9399995803833,10.779999732971193,10.859999656677246,6.342111110687256,57400.0,SWZ
2015-09-30,7.869999885559082,8.0,7.690000057220459,7.78000020980835,7.320913791656494,944600.0,SXC
2015-09-30,77.25,77.5,74.6500015258789,75.3499984741211,72.49962615966797,92100.0,SXI
2015-09-30,60.61000061035156,61.61999893188477,60.61000061035156,61.29999923706055,56.28529357910156,385200.0,SXT
2015-09-30,24.26666641235352,24.48666572570801,23.959999084472656,24.233333587646484,21.456298828125,58200.0,SYBT
2015-09-30,49.0,49.0,49.0,49.0,49.0,0.0,SYBX
2015-09-30,31.3700008392334,31.729999542236328,30.93000030517578,31.29999923706055,28.83877182006836,2180200.0,SYF
2015-09-30,94.29000091552734,94.8499984741211,92.87000274658205,94.0999984741211,88.99028015136719,1693200.0,SYK
2015-09-30,25.270000457763672,25.53000068664551,25.1200008392334,25.5,25.5,168700.0,SYKE
2015-09-30,77.3499984741211,83.30000305175781,77.0,79.44999694824219,79.44999694824219,36500.0,SYN
2015-09-30,65.73000335693361,82.91999816894531,65.52999877929689,82.45999908447266,82.45999908447266,6663400.0,SYNA
2015-09-30,1.309999942779541,1.3799999952316284,1.2699999809265137,1.350000023841858,1.350000023841858,38500.0,SYNC
2015-09-30,40.43999862670898,40.83000183105469,39.31499862670898,40.0,40.0,289900.0,SYNH
2015-09-30,9.079999923706056,9.25,8.970000267028809,9.039999961853027,8.490056991577147,26600.0,SYNL
2015-09-30,1.25,1.25,1.2000000476837158,1.2100000381469729,1.2100000381469729,1300.0,SYPR
2015-09-30,7.429999828338622,7.579999923706055,7.309999942779541,7.489999771118164,4.906798839569092,17200.0,SYX
2015-09-30,39.02999877929688,39.22999954223633,38.72999954223633,38.97000122070313,34.592613220214844,4911000.0,SYY
2015-09-30,14.5,14.81999969482422,14.18000030517578,14.539999961853027,9.16472625732422,64100.0,SZC
2015-09-30,32.360000610351555,32.709999084472656,32.240001678466804,32.580001831054695,25.51641082763672,34815500.0,T
2015-09-30,52.25,54.849998474121094,50.9000015258789,51.6500015258789,51.6500015258789,81900.0,TA
2015-09-30,4.53000020980835,4.6599998474121085,4.489999771118164,4.650000095367432,3.919152021408081,199200.0,TAC
2015-09-30,13.199999809265135,14.100000381469727,13.119999885559082,14.0,14.0,403800.0,TACO
2015-09-30,9.100000381469727,9.149999618530273,8.989999771118164,9.0600004196167,7.761507987976074,30400.0,TACT
2015-09-30,0.9900000095367432,0.9900000095367432,0.9900000095367432,0.9900000095367432,0.764555811882019,200.0,TAIT
2015-09-30,21.8700008392334,22.059999465942386,21.649999618530273,21.8700008392334,18.95404815673828,51000.0,TAK
2015-09-30,5.1633334159851065,5.420000076293945,5.1583333015441895,5.358333110809326,5.336665153503418,4629600.0,TAL
2015-09-30,17.81999969482422,19.36000061035156,15.25,15.949999809265135,15.949999809265135,407900.0,TANH
2015-09-30,24.959999084472656,25.1299991607666,24.920000076293945,25.1299991607666,18.347028732299805,21400.0,TANNI
2015-09-30,25.5,25.5,24.72200012207031,25.149999618530273,18.54694938659668,82300.0,TANNL
2015-09-30,0.9300000071525574,0.9700000286102296,0.8399999737739563,0.9399999976158142,0.9399999976158142,224400.0,TAOP
2015-09-30,83.04000091552734,83.87000274658203,81.79000091552734,83.0199966430664,74.21308898925781,2535200.0,TAP
2015-09-30,30.35300064086914,30.35300064086914,30.35300064086914,30.35300064086914,30.35300064086914,0.0,TAPR
2015-09-30,526.7999877929689,559.2000122070311,516.0,556.4000244140625,556.4000244140625,400.0,TARA
2015-09-30,139.69000244140622,143.25999450683594,138.41999816894528,142.88999938964844,124.78673553466795,108800.0,TARO
2015-09-30,11.84000015258789,12.1899995803833,11.81999969482422,11.899999618530273,11.899999618530273,680400.0,TAST
2015-09-30,2.7100000381469727,2.809999942779541,2.539999961853028,2.539999961853028,2.539999961853028,67000.0,TAT
2015-09-30,7.0999999046325675,7.190000057220459,7.0999999046325675,7.190000057220459,5.541901588439941,1200.0,TATT
2015-09-30,12.979999542236328,13.149999618530273,12.779999732971193,12.859999656677244,12.859999656677244,7700.0,TAYD
2015-09-30,8.229999542236326,8.229999542236326,7.389999866485597,7.619999885559082,7.619999885559082,523700.0,TBBK
2015-09-30,24500.0,26000.0,23800.0,26000.0,23966.71484375,1100.0,TBC
2015-09-30,22.299999237060547,22.53000068664551,21.979999542236328,22.46999931335449,22.46999931335449,290000.0,TBI
2015-09-30,16.680000305175778,16.809999465942386,16.40999984741211,16.799999237060547,16.799999237060547,98400.0,TBK
2015-09-30,25.790000915527344,26.15999984741211,25.790000915527344,26.040000915527344,21.795001983642575,80200.0,TBNK
2015-09-30,11.039999961853027,11.789999961853027,10.6899995803833,10.989999771118164,10.989999771118164,222800.0,TBPH
2015-09-30,52.61999893188477,52.81000137329102,51.68000030517578,52.41999816894531,52.41999816894531,446600.0,TCBI
2015-09-30,25.11000061035156,25.11000061035156,24.82999992370605,24.82999992370605,21.20541381835937,3700.0,TCBIL
2015-09-30,25.29999923706055,25.399999618530273,25.0,25.04999923706055,18.813796997070312,6100.0,TCBIP
2015-09-30,24.56999969482422,24.68000030517578,24.38999938964844,24.56999969482422,22.417835235595703,137600.0,TCBK
2015-09-30,2.6600000858306885,2.8499999046325684,2.6600000858306885,2.8499999046325684,2.8499999046325684,600.0,TCCO
2015-09-30,32.59000015258789,32.59000015258789,32.11999893188477,32.34999847412109,27.69496726989746,135000.0,TCF
2015-09-30,23.5,23.5,23.5,23.5,22.01478385925293,200.0,TCFC
2015-09-30,12.859999656677244,12.859999656677244,12.859999656677244,12.859999656677244,12.859999656677244,0.0,TCI
2015-09-30,69.19999694824219,69.76000213623047,68.86000061035156,69.08000183105469,56.03002548217773,727500.0,TCO
2015-09-30,31.98500061035156,32.294998168945305,30.75,31.59000015258789,31.59000015258789,6946200.0,TCOM
2015-09-30,95.1999969482422,100.4000015258789,84.58000183105469,97.6999969482422,97.6999969482422,16300.0,TCON
2015-09-30,44.43999862670898,49.099998474121094,44.0,47.61000061035156,34.26715469360352,479100.0,TCP
2015-09-30,13.68000030517578,13.84000015258789,13.5,13.5600004196167,8.664675712585451,381800.0,TCPC
2015-09-30,11.020000457763672,11.100000381469727,10.890000343322754,10.920000076293944,5.815165519714356,174700.0,TCRD
2015-09-30,14.369999885559082,14.420000076293945,13.40999984741211,14.079999923706055,13.161739349365234,425200.0,TCS
2015-09-30,22.81999969482422,23.479999542236328,22.65999984741211,23.13999938964844,23.13999938964844,44600.0,TCX
2015-09-30,38.68999862670898,39.41999816894531,38.68999862670898,39.41999816894531,31.60761070251465,1594300.0,TD
2015-09-30,24.03000068664551,24.190000534057614,23.770000457763672,23.95000076293945,19.111927032470703,23400.0,TDA
2015-09-30,29.5,29.54999923706055,28.31999969482422,28.959999084472656,28.959999084472656,2222800.0,TDC
2015-09-30,25.209999084472656,25.21999931335449,25.170000076293945,25.170000076293945,18.524402618408203,3800.0,TDE
2015-09-30,18.649999618530273,18.700000762939453,18.530000686645508,18.68000030517578,11.486042976379395,161300.0,TDF
2015-09-30,213.16000366210938,215.6699981689453,210.19000244140625,212.41000366210938,159.7145233154297,774100.0,TDG
2015-09-30,24.959999084472656,25.04999923706055,24.809999465942386,24.809999465942386,19.1622257232666,8500.0,TDI
2015-09-30,25.690000534057614,25.70000076293945,25.57999992370605,25.61000061035156,19.0678825378418,13200.0,TDJ
2015-09-30,21.40999984741211,22.809999465942386,21.030000686645508,22.290000915527344,22.290000915527344,3006400.0,TDOC
2015-09-30,25.0,25.21999931335449,24.61000061035156,24.959999084472656,22.47327423095703,606300.0,TDS
2015-09-30,430.32257080078125,436.1290283203125,413.5484008789063,423.8709716796875,412.3354187011719,24100.0,TDW
2015-09-30,90.69000244140624,90.8000030517578,89.79000091552734,90.3000030517578,90.3000030517578,493400.0,TDY
2015-09-30,67.0,68.59999847412111,66.26000213623047,68.5,68.5,653600.0,TECD
2015-09-30,91.87000274658205,93.08999633789062,91.0,92.45999908447266,88.47671508789062,260100.0,TECH
2015-09-30,4.829999923706055,4.920000076293945,4.5900001525878915,4.800000190734863,4.552500247955322,8717400.0,TECK
2015-09-30,9.09000015258789,9.520000457763672,8.989999771118164,9.479999542236328,9.083660125732422,246800.0,TEDU
2015-09-30,12.039999961853027,12.06999969482422,11.949999809265135,12.039999961853027,9.209283828735352,1340200.0,TEF
2015-09-30,9.449999809265137,9.6899995803833,9.40999984741211,9.6899995803833,6.893340110778809,171700.0,TEI
2015-09-30,58.43999862670898,59.959999084472656,58.290000915527344,59.88999938964844,54.37480926513672,2985300.0,TEL
2015-09-30,0.6499999761581421,0.6800000071525574,0.5400000214576721,0.6100000143051147,0.6100000143051147,44600.0,TELL
2015-09-30,44.2599983215332,44.900001525878906,44.02999877929688,44.77000045776367,42.68488693237305,560400.0,TEN
2015-09-30,60.4000015258789,60.9000015258789,58.0,60.0,60.0,1900.0,TENX
2015-09-30,14.760000228881836,14.989999771118164,14.40999984741211,14.5600004196167,11.282992362976074,116900.0,TEO
2015-09-30,17.319999694824222,18.059999465942386,17.319999694824222,18.010000228881836,17.29787254333496,2814600.0,TER
2015-09-30,14.18000030517578,14.479999542236328,13.829999923706055,14.220000267028807,9.858772277832033,3541700.0,TERP
2015-09-30,20.850000381469727,21.239999771118164,20.450000762939453,21.049999237060547,16.528858184814453,16100.0,TESS
2015-09-30,12.0,12.0,10.5,10.5,10.5,3600.0,TEUM
2015-09-30,56.5,56.75,54.9000015258789,56.459999084472656,52.78792953491211,8823600.0,TEVA
2015-09-30,17.93000030517578,18.100000381469727,17.569999694824222,17.940000534057614,16.97715950012207,2089800.0,TEX
2015-09-30,35.56999969482422,35.63999938964844,35.139999389648445,35.599998474121094,30.981306076049805,4026600.0,TFC
2015-09-30,17.069999694824222,17.280000686645508,16.959999084472653,17.25,14.225784301757812,324100.0,TFSL
2015-09-30,125.26000213623048,125.94000244140624,123.04000091552734,124.20999908447266,120.72528076171876,478100.0,TFX
2015-09-30,13.079999923706055,13.31999969482422,12.9399995803833,13.079999923706055,11.674612045288086,107600.0,TG
2015-09-30,2.609999895095825,2.690000057220459,2.549999952316284,2.640000104904175,2.460399627685547,87300.0,TGA
2015-09-30,0.4000000059604645,0.4399999976158142,0.4000000059604645,0.4000000059604645,0.4000000059604645,272700.0,TGB
2015-09-30,2.200000047683716,2.400000095367432,2.200000047683716,2.299999952316284,2.299999952316284,2300.0,TGC
2015-09-30,18.26000022888184,19.8799991607666,18.26000022888184,19.8700008392334,15.025373458862305,598000.0,TGE
2015-09-30,3.4500000476837163,3.5,3.4279999732971187,3.4500000476837163,3.4500000476837163,7000.0,TGEN
2015-09-30,16.059999465942386,16.84000015258789,15.880000114440918,16.489999771118164,15.518738746643065,348200.0,TGH
2015-09-30,42.18000030517578,42.86000061035156,41.72000122070313,42.08000183105469,40.90715026855469,521800.0,TGI
2015-09-30,13.640000343322756,13.989999771118164,13.640000343322756,13.720000267028807,11.056597709655762,17600.0,TGLS
2015-09-30,14.144000053405762,14.48960018157959,14.105600357055664,14.32960033416748,12.73737621307373,3226800.0,TGNA
2015-09-30,22.71999931335449,24.209999084472656,22.68000030517578,23.920000076293945,19.559955596923828,437300.0,TGP
2015-09-30,3.869999885559082,4.010000228881837,3.829999923706055,3.940000057220459,3.382874727249145,39000.0,TGS
2015-09-30,78.81999969482422,78.94000244140625,78.18000030517578,78.66000366210938,67.60347747802734,4579600.0,TGT
2015-09-30,10.0,10.34000015258789,9.539999961853027,10.079999923706056,10.079999923706056,1071900.0,TGTX
2015-09-30,36.63999938964844,37.209999084472656,35.79999923706055,36.91999816894531,36.91999816894531,3871000.0,THC
2015-09-30,32.5,32.5,32.049999237060554,32.34999847412109,28.12318229675293,30800.0,THFF
2015-09-30,78.2300033569336,78.73999786376953,77.48999786376953,77.69999694824219,66.84417724609375,372900.0,THG
2015-09-30,25.15999984741211,25.20000076293945,25.01000022888184,25.20000076293945,19.63456153869629,8000.0,THGA
2015-09-30,0.3199999928474426,0.33000001311302185,0.30000001192092896,0.33000001311302185,0.33000001311302185,135900.0,THM
2015-09-30,52.9000015258789,52.9000015258789,51.7400016784668,51.79999923706055,47.15114212036133,717000.0,THO
2015-09-30,16.110000610351562,16.420000076293945,16.079999923706055,16.299999237060547,11.225936889648438,212300.0,THQ
2015-09-30,21.049999237060547,21.049999237060547,20.540000915527344,20.549999237060547,20.549999237060547,175900.0,THR
2015-09-30,44.15999984741211,45.08000183105469,43.86000061035156,44.91999816894531,44.91999816894531,421500.0,THRM
2015-09-30,78.38999938964844,79.41999816894531,77.26000213623047,77.79000091552734,77.79000091552734,509600.0,THS
2015-09-30,1.6100000143051147,1.6100000143051147,1.5399999618530271,1.5900000333786009,1.5900000333786009,38600.0,THTX
2015-09-30,15.489999771118164,15.489999771118164,14.149999618530273,14.380000114440918,9.343184471130373,312700.0,THW
2015-09-30,76.02999877929688,77.48999786376953,75.4000015258789,77.22000122070312,69.91171264648439,1242900.0,TIF
2015-09-30,22.61000061035156,22.75,22.299999237060547,22.440000534057614,20.981685638427734,506200.0,TILE
2015-09-30,6.0900001525878915,6.519999980926514,5.6599998474121085,6.4000000953674325,5.831130504608153,84500.0,TIPT
2015-09-30,32.049999237060554,32.389999389648445,30.809999465942386,32.11999893188477,32.11999893188477,288300.0,TISI
2015-09-30,11.640000343322756,11.65999984741211,11.329999923706055,11.479999542236328,11.479999542236328,105600.0,TITN
2015-09-30,10.25,10.550000190734863,10.15999984741211,10.489999771118164,8.96407413482666,1391400.0,TIVO
2015-09-30,35.049999237060554,35.77000045776367,34.810001373291016,35.709999084472656,31.85346031188965,9315400.0,TJX
2015-09-30,29.25,29.790000915527344,28.56999969482422,29.63999938964844,26.42806434631348,635100.0,TK
2015-09-30,8.8100004196167,8.850000381469727,8.659999847412111,8.680000305175781,6.9833106994628915,438000.0,TKC
2015-09-30,27.11000061035156,27.520000457763672,26.95000076293945,27.489999771118164,24.44055366516113,1128500.0,TKR
2015-09-30,7.210000038146973,7.230000019073486,7.0999999046325675,7.230000019073486,7.230000019073486,1600.0,TLF
2015-09-30,6.449999809265138,6.610000133514403,6.269999980926514,6.539999961853027,6.539999961853027,461600.0,TLGT
2015-09-30,10.199999809265137,10.279999732971193,10.119999885559082,10.279999732971193,7.313679218292236,37500.0,TLI
2015-09-30,17.604999542236328,17.829999923706055,17.555000305175778,17.825000762939453,15.831666946411133,589600.0,TLK
2015-09-30,42.52999877929688,42.7400016784668,41.33000183105469,42.52000045776367,33.376636505126946,929300.0,TLRD
2015-09-30,7.210000038146973,7.429999828338622,7.179999828338622,7.360000133514403,5.311859607696533,60700.0,TLYS
2015-09-30,116.23999786376952,117.4000015258789,116.0999984741211,117.27999877929688,102.96234893798828,235100.0,TM
2015-09-30,31.5,31.79999923706055,30.899999618530273,31.20000076293945,31.20000076293945,1600.0,TMDI
2015-09-30,18.81999969482422,18.84000015258789,17.920000076293945,18.65999984741211,18.65999984741211,771300.0,TMHC
2015-09-30,120.47000122070312,122.41999816894531,120.47000122070312,122.27999877929688,120.45891571044922,1944200.0,TMO
2015-09-30,54.0,54.0,53.20000076293945,53.36000061035156,47.74518585205078,25300.0,TMP
2015-09-30,0.3700000047683716,0.3899999856948853,0.3700000047683716,0.3700000047683716,0.3700000047683716,31600.0,TMQ
2015-09-30,10.149999618530273,10.279999732971193,9.949999809265137,10.119999885559082,10.119999885559082,915300.0,TMST
2015-09-30,40.06999969482422,40.27999877929688,39.099998474121094,39.810001373291016,39.06968688964844,4168800.0,TMUS
2015-09-30,7.480000019073486,7.829999923706055,7.429999828338622,7.809999942779541,7.809999942779541,160400.0,TNAV
2015-09-30,56.27999877929688,56.41999816894531,55.52999877929688,56.18000030517578,53.03496170043945,112100.0,TNC
2015-09-30,89.69999694824219,91.75,86.0999984741211,88.0999984741211,88.0999984741211,27100.0,TNDM
2015-09-30,16.75,16.819999694824222,16.540000915527347,16.799999237060547,16.799999237060547,696300.0,TNET
2015-09-30,53.43999862670898,55.20000076293945,53.36000061035156,55.20000076293945,45.77243423461914,193900.0,TNK
2015-09-30,8.069999694824219,8.170000076293945,7.869999885559082,8.130000114440918,6.773688316345215,356000.0,TNP
2015-09-30,5550.0,5700.0,5140.0,5290.0,5290.0,300.0,TNXP
2015-09-30,34.459999084472656,34.68000030517578,33.75,34.240001678466804,33.188804626464844,2845900.0,TOL
2015-09-30,32760000.0,33480000.0,30960000.0,33480000.0,33480000.0,0.0,TOPS
2015-09-30,44.75,44.97999954223633,44.59000015258789,44.709999084472656,34.860206604003906,3537100.0,TOT
2015-09-30,12.039999961853027,12.149999618530273,11.720000267028807,11.869999885559082,11.869999885559082,242500.0,TOUR
2015-09-30,19.100000381469727,19.21999931335449,18.75,18.850000381469727,16.933944702148438,144100.0,TOWN
2015-09-30,16.229999542236328,16.479999542236328,16.030000686645508,16.459999084472653,16.459999084472653,578400.0,TPC
2015-09-30,7.75,7.940000057220459,7.6500000953674325,7.8400001525878915,6.276687145233153,219300.0,TPCO
2015-09-30,13.199999809265135,13.210000038146973,12.9399995803833,13.09000015258789,13.09000015258789,1643300.0,TPH
2015-09-30,6.699999809265138,6.699999809265138,6.699999809265138,6.699999809265138,6.699999809265138,0.0,TPHS
2015-09-30,146.47999572753906,146.47999572753906,140.19999694824222,140.25,134.09759521484378,4000.0,TPL
2015-09-30,28.059999465942386,28.96999931335449,27.989999771118164,28.93000030517578,24.356046676635746,4848100.0,TPR
2015-09-30,13.5600004196167,13.630000114440918,13.34000015258789,13.449999809265135,13.449999809265135,766500.0,TPRE
2015-09-30,10.260000228881836,10.279999732971193,9.989999771118164,10.140000343322754,5.762660503387451,147400.0,TPVG
2015-09-30,71.6500015258789,72.58999633789062,70.94000244140625,71.43000030517578,71.43000030517578,893700.0,TPX
2015-09-30,18.40999984741211,18.8700008392334,18.34000015258789,18.790000915527344,12.923431396484375,37100.0,TPZ
2015-09-30,28.781206130981445,29.064899444580078,28.488359451293945,28.63478279113769,27.22666931152344,96300.0,TR
2015-09-30,21.19417381286621,21.37864112854004,20.92233085632324,21.17475700378418,21.17475700378418,137800.0,TRC
2015-09-30,1.940000057220459,1.940000057220459,1.6799999475479126,1.6799999475479126,1.6799999475479126,326300.0,TRCH
2015-09-30,11.81999969482422,12.460000038146973,11.760000228881836,12.420000076293945,12.420000076293945,55600.0,TREC
2015-09-30,91.2699966430664,96.29000091552734,90.0,93.02999877929688,93.02999877929688,398900.0,TREE
2015-09-30,16.315000534057614,16.725000381469727,15.864999771118164,16.665000915527347,16.665000915527347,1582800.0,TREX
2015-09-30,49.63999938964844,51.63000106811523,49.25,51.52000045776367,35.03097152709961,952400.0,TRGP
2015-09-30,39.70000076293945,40.29999923706055,39.599998474121094,40.2599983215332,35.218196868896484,1565500.0,TRI
2015-09-30,11.460000038146973,12.0600004196167,11.329999923706055,11.4399995803833,11.4399995803833,217400.0,TRIB
2015-09-30,13.050000190734865,13.461999893188475,12.329999923706055,13.029999732971193,13.029999732971193,102100.0,TRIL
2015-09-30,64.01000213623047,64.31999969482422,62.61999893188477,63.02000045776367,56.04214477539063,1568300.0,TRIP
2015-09-30,16.569999694824222,16.780000686645508,16.200000762939453,16.420000076293945,16.420000076293945,2890600.0,TRMB
2015-09-30,23.13999938964844,23.239999771118164,22.8799991607666,23.170000076293945,20.234989166259766,553600.0,TRMK
2015-09-30,16.616270065307614,16.825054168701172,16.133909225463867,16.321094512939453,14.398676872253418,4056700.0,TRN
2015-09-30,19.690000534057614,19.790000915527344,19.600000381469727,19.63999938964844,17.368379592895508,132700.0,TRNO
2015-09-30,9.34000015258789,9.75,9.34000015258789,9.75,9.75,2000.0,TRNS
2015-09-30,14850.0,16800.0,14250.0,15000.0,15000.0,100.0,TRNX
2015-09-30,372.9599914550781,409.67999267578125,366.4800109863281,409.67999267578125,409.67999267578125,9300.0,TROV
2015-09-30,69.20999908447266,69.52999877929689,68.51000213623047,69.5,61.16255187988281,1920900.0,TROW
2015-09-30,4.230000019073486,4.369999885559082,4.099999904632568,4.369999885559082,3.672093152999878,1947300.0,TROX
2015-09-30,31.1299991607666,31.6299991607666,30.959999084472656,31.57999992370605,23.45992851257324,1467700.0,TRP
2015-09-30,2.490000009536743,2.559999942779541,2.440000057220459,2.549999952316284,2.549999952316284,2212000.0,TRQ
2015-09-30,15.779999732971193,16.40999984741211,15.579999923706055,16.350000381469727,16.350000381469727,498300.0,TRS
2015-09-30,5.889999866485597,5.889999866485597,5.78000020980835,5.8400001525878915,4.995482444763184,366600.0,TRST
2015-09-30,2.619999885559082,2.619999885559082,2.450000047683716,2.450000047683716,2.450000047683716,6800.0,TRT
2015-09-30,13.5,13.880000114440918,13.3100004196167,13.670000076293945,9.411155700683594,359900.0,TRTN
2015-09-30,24.20000076293945,25.6560001373291,24.11000061035156,25.1200008392334,24.91159820556641,3047500.0,TRU
2015-09-30,5.130000114440918,5.230000019073486,4.980000019073486,5.210000038146973,5.210000038146973,957500.0,TRUE
2015-09-30,7.75,7.8400001525878915,7.510000228881836,7.550000190734862,7.550000190734862,110900.0,TRUP
2015-09-30,100.3499984741211,100.36000061035156,99.27999877929688,99.52999877929688,89.73391723632812,2556100.0,TRV
2015-09-30,150.0,150.0,150.0,150.0,150.0,0.0,TRVI
2015-09-30,10.399999618530273,10.59000015258789,9.93000030517578,10.350000381469727,10.350000381469727,1599400.0,TRVN
2015-09-30,0.30000001192092896,0.3100000023841858,0.30000001192092896,0.30000001192092896,0.30000001192092896,129700.0,TRX
2015-09-30,29.1200008392334,31.32999992370605,28.989999771118164,29.3799991607666,29.3799991607666,26500.0,TRXC
2015-09-30,24.45000076293945,24.46999931335449,23.670000076293945,24.11000061035156,21.26416778564453,4431600.0,TS
2015-09-30,10.890000343322754,10.890000343322754,10.890000343322754,10.890000343322754,9.963926315307617,400.0,TSBK
2015-09-30,12.510000228881836,12.5600004196167,12.420000076293945,12.470000267028807,12.470000267028807,91300.0,TSC
2015-09-30,83.54000091552734,84.91999816894531,82.94999694824219,84.31999969482422,79.13558197021484,1692200.0,TSCO
2015-09-30,25.61000061035156,25.61000061035156,24.70000076293945,25.25,22.80861854553223,304900.0,TSE
2015-09-30,12.779999732971193,13.100000381469727,12.739999771118164,12.869999885559082,12.869999885559082,370200.0,TSEM
2015-09-30,17.180000305175778,18.32999992370605,17.079999923706055,18.200000762939453,18.200000762939453,160700.0,TSG
2015-09-30,5.139999866485597,5.199999809265137,5.099999904632568,5.199999809265137,3.969595193862915,129000.0,TSI
2015-09-30,252.0,252.3999938964844,242.33999633789062,248.3999938964844,248.3999938964844,4929600.0,TSLA
2015-09-30,15.670000076293945,15.68000030517578,15.420000076293945,15.5,10.994935989379883,26000.0,TSLF
2015-09-30,16.379999160766598,16.860000610351562,16.360000610351562,16.430000305175778,10.7337007522583,181300.0,TSLX
2015-09-30,20.36000061035156,20.790000915527344,20.32999992370605,20.75,17.66510581970215,12400200.0,TSM
2015-09-30,42.349998474121094,43.20000076293945,42.27999877929688,43.099998474121094,39.797176361083984,4321000.0,TSN
2015-09-30,9.600000381469727,9.920000076293944,9.369999885559082,9.770000457763672,8.747918128967285,37200.0,TSQ
2015-09-30,4.320000171661377,4.320000171661377,4.320000171661377,4.320000171661377,3.847868919372559,0.0,TSRI
2015-09-30,9.75,9.770000457763672,9.3100004196167,9.449999809265137,8.643431663513184,2395900.0,TSU
2015-09-30,0.02800000086426735,0.02800000086426735,0.02800000086426735,0.02800000086426735,0.027737626805901527,0.0,TT
2015-09-30,34.404998779296875,35.3650016784668,34.154998779296875,35.27000045776367,32.89619827270508,837000.0,TTC
2015-09-30,27.0,27.270000457763672,26.76000022888184,26.790000915527344,24.95928382873535,99600.0,TTEC
2015-09-30,24.459999084472656,24.489999771118164,24.13999938964844,24.309999465942386,23.352384567260746,395000.0,TTEK
2015-09-30,8.689999580383299,8.90999984741211,8.5,8.520000457763674,8.520000457763674,87700.0,TTGT
2015-09-30,6.039999961853027,6.079999923706055,5.739999771118164,5.9099998474121085,5.19767951965332,521000.0,TTI
2015-09-30,22.450000762939453,22.53000068664551,22.149999618530273,22.5,22.490604400634766,3189100.0,TTM
2015-09-30,6.03000020980835,6.239999771118164,6.0,6.230000019073486,6.230000019073486,716700.0,TTMI
2015-09-30,27.0,27.059999465942386,23.15999984741211,23.8799991607666,23.8799991607666,2600.0,TTNP
2015-09-30,8.90999984741211,9.486000061035156,8.449999809265138,8.760000228881836,8.760000228881836,230000.0,TTOO
2015-09-30,17.6200008392334,18.420000076293945,17.370000839233402,17.93000030517578,11.69921875,86900.0,TTP
2015-09-30,153.0,159.1999969482422,144.8000030517578,149.1999969482422,149.1999969482422,138800.0,TTPH
2015-09-30,28.10000038146973,28.770000457763672,27.85000038146973,28.729999542236328,28.729999542236328,1451000.0,TTWO
2015-09-30,15.960000038146973,15.984999656677244,15.69499969482422,15.770000457763672,12.64843463897705,465600.0,TU
2015-09-30,5.420000076293945,5.5,5.239999771118164,5.4099998474121085,5.4099998474121085,960900.0,TUES
2015-09-30,49.02999877929688,49.81999969482422,48.93999862670898,49.4900016784668,39.9627685546875,619000.0,TUP
2015-09-30,2.150000095367432,2.220000028610229,2.1099998950958248,2.1400001049041752,2.1400001049041752,76400.0,TURN
2015-09-30,25.85000038146973,26.11000061035156,25.770000457763672,26.020000457763672,25.44976806640625,4132200.0,TV
2015-09-30,24.75,24.75,24.649999618530273,24.649999618530273,21.25458526611328,9000.0,TVC
2015-09-30,24.29999923706055,24.399999618530273,24.270000457763672,24.38999938964844,21.50970458984375,4900.0,TVE
2015-09-30,307500.0,324500.0,300250.0,304500.0,304500.0,700.0,TVIX
2015-09-30,11.630000114440918,11.779999732971193,10.84000015258789,11.119999885559082,11.119999885559082,466900.0,TVTY
2015-09-30,6.420000076293945,6.6599998474121085,6.3400001525878915,6.610000133514403,6.50221061706543,708400.0,TWI
2015-09-30,12.5,12.529999732971193,12.119999885559082,12.40999984741211,12.20866870880127,24800.0,TWIN
2015-09-30,77.80000305175781,77.80000305175781,75.4000015258789,75.4000015258789,75.4000015258789,200.0,TWMC
2015-09-30,14.649999618530273,14.649999618530273,14.449999809265135,14.470000267028807,11.631815910339355,19500.0,TWN
2015-09-30,14.381654739379885,14.46355438232422,14.234233856201172,14.447174072265625,9.578088760375977,2577200.0,TWO
2015-09-30,36.290000915527344,36.5,34.810001373291016,35.900001525878906,35.900001525878906,988800.0,TWOU
2015-09-30,25.940000534057614,27.32999992370605,25.8799991607666,26.940000534057614,26.940000534057614,25465000.0,TWTR
2015-09-30,11.880000114440918,12.420000076293945,11.829999923706055,12.289999961853027,10.408447265625,504000.0,TX
2015-09-30,12.399999618530273,12.800000190734865,12.300000190734865,12.5,12.5,92028.0,TXG
2015-09-30,5.929999828338622,6.230000019073486,5.679999828338622,5.860000133514403,5.860000133514403,1137700.0,TXMD
2015-09-30,48.09000015258789,49.54999923706055,47.91999816894531,49.52000045776367,43.986629486083984,9120400.0,TXN
2015-09-30,37.47000122070313,37.84000015258789,37.040000915527344,37.20000076293945,34.051219940185554,415500.0,TXRH
2015-09-30,37.95000076293945,38.2400016784668,37.18000030517578,37.63999938964844,37.337852478027344,2270300.0,TXT
2015-09-30,19.36000061035156,19.5,19.200000762939453,19.5,15.808808326721193,148300.0,TY
2015-09-30,26.61000061035156,28.1299991607666,26.40999984741211,27.11000061035156,17.447240829467773,644800.0,TYG
2015-09-30,148.0,150.6699981689453,145.91000366210938,149.30999755859375,149.30999755859375,372500.0,TYL
2015-09-30,8.489999771118164,8.5,8.399999618530272,8.5,8.5,8500.0,TYME
2015-09-30,8.109999656677246,8.329999923706055,8.109999656677246,8.270000457763674,8.270000457763674,39700.0,TZOO
2015-09-30,96.20999908447266,98.54000091552734,94.68000030517578,96.77999877929688,96.77999877929688,4319800.0,UA
2015-09-30,48.10499954223633,49.27000045776367,47.34000015258789,48.38999938964844,48.38999938964844,8720000.0,UAA
2015-09-30,18.3700008392334,18.3700008392334,18.350000381469727,18.350000381469727,18.350000381469727,1000.0,UAG
2015-09-30,52.88000106811523,53.47999954223633,52.2400016784668,53.04999923706055,53.04999923706055,6347000.0,UAL
2015-09-30,0.3499999940395355,0.3499999940395355,0.33000001311302185,0.3499999940395355,0.3499999940395355,33800.0,UAMY
2015-09-30,9.5,9.600000381469727,9.31999969482422,9.350000381469727,7.617622375488281,242300.0,UAN
2015-09-30,12.25,12.5,12.25,12.25,12.25,400.0,UAVS
2015-09-30,18.75,18.93000030517578,18.6200008392334,18.739999771118164,14.809415817260742,86700.0,UBA
2015-09-30,9.350000381469727,9.350000381469727,8.890000343322754,9.06999969482422,7.394636631011963,1100.0,UBCP
2015-09-30,5.175962924957275,5.224977970123291,5.146554470062256,5.195569038391113,4.689472198486328,6500.0,UBFO
2015-09-30,29.51000022888184,29.51000022888184,29.51000022888184,29.51000022888184,29.51000022888184,0.0,UBG
2015-09-30,15.84000015258789,15.880000114440918,15.550000190734865,15.6899995803833,14.151800155639648,1500.0,UBOH
2015-09-30,17.770000457763672,17.850000381469727,17.700000762939453,17.850000381469727,13.715324401855467,700.0,UBP
2015-09-30,18.489999771118164,18.530000686645508,18.309999465942386,18.520000457763672,14.451687812805176,1518100.0,UBS
2015-09-30,37.4900016784668,38.02999877929688,37.13000106811523,37.9900016784668,32.18058013916016,476300.0,UBSI
2015-09-30,16.0,16.0,16.0,16.0,16.0,0.0,UBX
2015-09-30,20.3799991607666,20.559999465942386,20.280000686645508,20.440000534057614,18.761857986450195,406300.0,UCBI
2015-09-30,13.329999923706055,13.539999961853027,13.329999923706055,13.5,13.5,4200.0,UCI
2015-09-30,5.739999771118164,5.809999942779541,5.690000057220459,5.739999771118164,5.739999771118164,146600.0,UCTT
2015-09-30,34.580001831054695,34.639999389648445,34.150001525878906,34.47999954223633,29.61412811279297,2706700.0,UDR
2015-09-30,21.75,21.86000061035156,21.549999237060547,21.59000015258789,18.03866577148437,755200.0,UE
2015-09-30,1.0,1.0299999713897705,0.9800000190734864,1.0,1.0,1040800.0,UEC
2015-09-30,42.15999984741211,42.36999893188477,41.61000061035156,42.02999877929688,42.02999877929688,113800.0,UEIC
2015-09-30,16.389999389648438,16.819999694824222,16.319999694824222,16.739999771118164,16.739999771118164,254100.0,UEPS
2015-09-30,11.079999923706056,11.25,10.800000190734863,11.100000381469727,8.939946174621582,18400.0,UFAB
2015-09-30,35.060001373291016,35.470001220703125,34.990001678466804,35.049999237060554,29.74896812438965,99900.0,UFCS
2015-09-30,30.13999938964844,30.209999084472656,29.32999992370605,29.809999465942386,29.809999465942386,60600.0,UFI
2015-09-30,19.40999984741211,19.479999542236328,19.053333282470703,19.226667404174805,18.32094383239746,596100.0,UFPI
2015-09-30,22.60000038146973,22.85000038146973,21.170000076293945,22.85000038146973,22.85000038146973,10400.0,UFPT
2015-09-30,35.77000045776367,36.06999969482422,35.34000015258789,35.75,28.311315536499023,960000.0,UFS
2015-09-30,18.0,18.149999618530273,18.0,18.020000457763672,14.29397678375244,500.0,UG
2015-09-30,16975.0,16975.0,15525.0,15875.0,15875.0,9300.0,UGAZ
2015-09-30,33.880001068115234,34.90999984741211,33.68000030517578,34.81999969482422,31.34638786315918,790600.0,UGI
2015-09-30,87.5999984741211,88.19999694824219,86.69999694824219,87.9000015258789,87.9000015258789,34100.0,UGLD
2015-09-30,8.175000190734862,8.364999771118164,8.140000343322754,8.359999656677246,6.834427833557129,2553200.0,UGP
2015-09-30,393.1199951171875,398.0299987792969,390.5700073242188,393.4700012207031,384.7922668457031,64200.0,UHAL
2015-09-30,122.9000015258789,125.12999725341795,122.83000183105469,124.80999755859376,122.73336029052734,1261000.0,UHS
2015-09-30,47.25,47.65999984741211,46.2599983215332,46.93999862670898,39.4862174987793,56400.0,UHT
2015-09-30,32.81999969482422,34.220001220703125,32.81999969482422,33.889999389648445,33.376388549804695,427500.0,UI
2015-09-30,13.020000457763672,13.460000038146973,12.920000076293945,13.149999618530273,12.28964138031006,229600.0,UIHC
2015-09-30,11.8100004196167,12.0,11.489999771118164,11.899999618530273,11.899999618530273,949800.0,UIS
2015-09-30,40.77000045776367,40.810001373291016,40.45000076293945,40.77999877929688,35.38800430297852,1957500.0,UL
2015-09-30,6.0,6.0,5.789999961853027,5.889999866485597,5.889999866485597,83600.0,ULBI
2015-09-30,16.319999694824222,16.639999389648438,15.15999984741211,15.56999969482422,14.17559814453125,216800.0,ULH
2015-09-30,163.9499969482422,165.92999267578125,162.35000610351562,163.35000610351562,163.35000610351562,751300.0,ULTA
2015-09-30,50.93000030517578,51.1500015258789,50.22999954223633,50.81000137329102,47.090576171875,185900.0,UMBF
2015-09-30,1.6499999761581419,1.6699999570846558,1.6200000047683716,1.6200000047683716,1.3763037919998171,1156000.0,UMC
2015-09-30,9.25,9.34000015258789,9.109999656677246,9.300000190734863,7.138627529144287,71700.0,UMH
2015-09-30,16.299999237060547,16.450000762939453,16.15999984741211,16.299999237060547,13.26766300201416,1684200.0,UMPQ
2015-09-30,40.36999893188477,40.40999984741211,39.97000122070313,40.20000076293945,34.87845993041992,2242900.0,UN
2015-09-30,10.59000015258789,10.59000015258789,10.579999923706056,10.579999923706056,10.579999923706056,300.0,UNAM
2015-09-30,26.149999618530273,26.46999931335449,26.149999618530273,26.46999931335449,22.81635093688965,400.0,UNB
2015-09-30,105.77999877929688,106.98999786376952,105.16000366210938,106.80999755859376,105.7672882080078,77800.0,UNF
2015-09-30,50.72999954223633,50.81999969482422,47.97000122070313,48.5099983215332,48.5099983215332,836700.0,UNFI
2015-09-30,115.38999938964844,116.91999816894531,114.87999725341795,116.01000213623048,108.05451965332031,4638600.0,UNH
2015-09-30,17.950000762939453,17.979999542236328,17.5,17.899999618530273,11.141139030456543,786400.0,UNIT
2015-09-30,31.940000534057614,32.09000015258789,31.690000534057614,32.080001831054695,28.613325119018555,1469900.0,UNM
2015-09-30,87.9000015258789,88.52999877929688,86.98999786376953,88.41000366210938,79.73636627197266,5212000.0,UNP
2015-09-30,11.789999961853027,11.789999961853027,11.09000015258789,11.260000228881836,11.260000228881836,1255800.0,UNT
2015-09-30,9.0090913772583,9.0090913772583,8.863636016845703,8.881817817687988,8.334868431091309,2700.0,UNTY
2015-09-30,19.299999237060547,19.57999992370605,17.75,18.149999618530273,18.149999618530273,6453600.0,UNVR
2015-09-30,2.1300001144409184,2.200000047683716,2.1300001144409184,2.200000047683716,2.200000047683716,200.0,UONE
2015-09-30,2.289999961853028,2.289999961853028,2.0999999046325684,2.1300001144409184,2.1300001144409184,28200.0,UONEK
2015-09-30,7.789999961853027,7.980000019073486,7.789999961853027,7.9000000953674325,7.9000000953674325,14100.0,UPLD
2015-09-30,98.9499969482422,99.3000030517578,97.9800033569336,98.69000244140624,85.50012969970703,2985000.0,UPS
2015-09-30,29.190000534057614,29.51000022888184,28.489999771118164,29.3799991607666,29.3799991607666,2448700.0,URBN
2015-09-30,0.5600000023841858,0.5699999928474426,0.5400000214576721,0.5699999928474426,0.5699999928474426,239100.0,URG
2015-09-30,60.599998474121094,61.72999954223633,59.29999923706055,60.04999923706055,60.04999923706055,2327900.0,URI
2015-09-30,17.950000762939453,17.950000762939453,17.950000762939453,17.950000762939453,17.950000762939453,0.0,URR
2015-09-30,4.989999771118164,5.079999923706055,4.980000019073486,5.079999923706055,3.228018522262573,593300.0,USA
2015-09-30,13.739999771118164,14.550000190734865,13.260000228881836,14.420000076293945,8.10120964050293,438600.0,USAC
2015-09-30,17.719999313354492,17.84000015258789,17.209999084472653,17.229999542236328,17.229999542236328,75200.0,USAK
2015-09-30,10.899999618530273,10.899999618530273,10.43000030517578,10.579999923706056,10.579999923706056,45300.0,USAP
2015-09-30,1.440000057220459,1.440000057220459,1.3200000524520874,1.3200000524520874,1.3200000524520874,4200.0,USAS
2015-09-30,14.15999984741211,15.84000015258789,13.920000076293945,14.880000114440918,14.880000114440918,3500.0,USAU
2015-09-30,41.13999938964844,41.2599983215332,40.7599983215332,41.0099983215332,36.33210754394531,8825200.0,USB
2015-09-30,45.86999893188477,47.959999084472656,45.7400016784668,47.790000915527344,47.790000915527344,278900.0,USCR
2015-09-30,8.029999732971191,8.25,7.75,8.010000228881836,4.546189308166504,17200.0,USDP
2015-09-30,30.0,33.59999847412109,28.79999923706055,29.399999618530273,29.399999618530273,600.0,USEG
2015-09-30,2.880000114440918,3.0799999237060547,2.880000114440918,3.009999990463257,3.009999990463257,8200.0,USIO
2015-09-30,46.040000915527344,46.77999877929688,45.6500015258789,45.6500015258789,41.78881454467773,11200.0,USLM
2015-09-30,120.5999984741211,126.0,119.0999984741211,120.6999969482422,120.6999969482422,57300.0,USLV
2015-09-30,35.09999847412109,35.47999954223633,34.77000045776367,35.43000030517578,35.43000030517578,109800.0,USM
2015-09-30,69.27999877929689,69.62000274658203,66.35500335693361,67.01499938964844,67.01499938964844,247000.0,USNA
2015-09-30,44.68000030517578,45.099998474121094,44.459999084472656,44.88999938964844,42.70656967163086,79000.0,USPH
2015-09-30,19.43000030517578,19.43000030517578,19.43000030517578,19.43000030517578,19.43000030517578,0.0,USV
2015-09-30,18.75,19.06999969482422,18.56999969482422,19.06999969482422,12.959051132202148,441900.0,UTF
2015-09-30,27.920000076293945,28.09000015258789,27.709999084472656,28.09000015258789,20.56444549560547,70200.0,UTG
2015-09-30,139.94999694824222,145.07000732421875,131.0,131.24000549316406,131.24000549316406,1176100.0,UTHR
2015-09-30,3.630000114440918,3.7000000476837163,3.5,3.509999990463257,3.4827628135681152,75800.0,UTI
2015-09-30,36.75,37.15999984741211,36.38000106811523,36.88000106811523,31.865297317504886,45300.0,UTL
2015-09-30,53.099998474121094,53.86999893188477,53.099998474121094,53.86999893188477,50.58914184570313,5300.0,UTMD
2015-09-30,2.2699999809265137,2.4800000190734863,2.25,2.4300000667572017,2.4300000667572017,359300.0,UTSI
2015-09-30,88.63999938964844,89.56999969482422,88.08000183105469,88.98999786376953,80.0881118774414,5065900.0,UTX#
2015-09-30,88.63999938964844,89.56999969482422,88.08000183105469,88.98999786376953,80.0881118774414,5065900.0,UTX
2015-09-30,5.670000076293945,5.670000076293945,5.5,5.5,5.5,8300.0,UUU
2015-09-30,2.890000104904175,2.9300000667572017,2.759999990463257,2.9100000858306885,2.9100000858306885,253400.0,UUUU
2015-09-30,27.88999938964844,29.989999771118164,27.790000915527344,29.540000915527344,26.69723701477051,1021200.0,UVE
2015-09-30,19.13999938964844,19.440000534057614,18.940000534057614,19.21999931335449,16.634084701538086,30200.0,UVSP
2015-09-30,49.790000915527344,50.16999816894531,49.11999893188477,49.56999969482422,39.676361083984375,131900.0,UVV
2015-09-30,25.3700008392334,25.38999938964844,25.28000068664551,25.290000915527344,18.88494682312012,14700.0,UZA
2015-09-30,25.479999542236328,25.53700065612793,25.270000457763672,25.29999923706055,19.799955368041992,37200.0,UZB
2015-09-30,69.31999969482422,69.66000366210939,68.26000213623047,69.66000366210939,67.40135192871094,9309200.0,V
2015-09-30,66.61000061035156,68.29000091552734,66.18000030517578,68.13999938964844,63.15912628173828,284100.0,VAC
2015-09-30,57.27999877929688,58.47999954223633,55.040000915527344,56.31999969482422,54.67427062988281,1870800.0,VAL
2015-09-30,4.2199997901916495,4.230000019073486,4.079999923706056,4.199999809265137,3.679682731628418,27479300.0,VALE
2015-09-30,15.039999961853027,15.039999961853027,15.0,15.0,12.58541202545166,1500.0,VALU
2015-09-30,64.81167602539061,65.88150024414061,64.14523315429689,64.69768524169922,64.69768524169922,1150600.0,VAR
2015-09-30,17.670000076293945,17.809999465942386,17.6299991607666,17.6299991607666,13.988908767700195,32600.0,VBF
2015-09-30,20.600000381469727,20.600000381469727,20.600000381469727,20.600000381469727,20.600000381469727,300.0,VBFC
2015-09-30,7.019999980926514,7.035999774932861,6.480000019073486,6.9559998512268075,6.9559998512268075,5959.0,VBIV
2015-09-30,7.619999885559082,8.060000419616701,7.070000171661378,7.480000019073486,7.480000019073486,412700.0,VBLT
2015-09-30,15.609999656677244,15.670000076293945,15.399999618530273,15.619999885559082,15.226097106933596,7600.0,VBTX
2015-09-30,100.20999908447266,102.83000183105469,99.9000015258789,101.23999786376952,58.64362335205078,815900.0,VC
2015-09-30,2.640000104904175,2.75,2.619999885559082,2.7100000381469727,2.7100000381469727,46900.0,VCEL
2015-09-30,13.979999542236328,14.050000190734865,13.979999542236328,14.050000190734865,11.44792366027832,2700.0,VCF
2015-09-30,10.979999542236328,11.529999732971193,10.979999542236328,11.40999984741211,11.40999984741211,116400.0,VCRA
2015-09-30,12.600000381469727,12.600000381469727,12.539999961853027,12.56999969482422,10.017254829406738,83400.0,VCV
2015-09-30,5.050000190734863,5.199999809265137,4.5900001525878915,4.690000057220459,4.690000057220459,208100.0,VCYT
2015-09-30,22.649999618530273,22.649999618530273,21.59000015258789,22.040000915527344,22.040000915527344,109000.0,VEC
2015-09-30,20.200000762939453,20.71999931335449,20.200000762939453,20.51000022888184,20.51000022888184,387600.0,VECO
2015-09-30,5.210000038146973,5.260000228881836,5.110000133514403,5.179999828338623,3.82118821144104,318700.0,VEDL
2015-09-30,23.06999969482422,23.440000534057614,22.540000915527344,23.40999984741211,23.40999984741211,1333200.0,VEEV
2015-09-30,0.30000001192092896,0.30000001192092896,0.2899999916553497,0.30000001192092896,0.30000001192092896,13887.0,VEL
2015-09-30,4.119999885559082,4.2800002098083505,4.110000133514403,4.119999885559082,3.070511817932129,2407600.0,VEON
2015-09-30,7.730000019073486,7.769999980926514,7.539999961853027,7.71999979019165,5.663045406341553,8615500.0,VER
2015-09-30,30.0,30.0,30.0,30.0,30.0,0.0,VERB
2015-09-30,1.5700000524520874,1.6100000143051147,1.559999942779541,1.5800000429153442,1.5800000429153442,32500.0,VERU
2015-09-30,31.6299991607666,32.27000045776367,30.770000457763672,32.150001525878906,20.08978843688965,84800.0,VET
2015-09-30,64.29378509521484,64.56685638427734,63.72881317138672,64.22787475585939,56.69074630737305,2631300.0,VFC
2015-09-30,12.800000190734865,12.8100004196167,12.75,12.800000190734865,10.284242630004883,6100.0,VFL
2015-09-30,5.889999866485597,6.019999980926514,5.829999923706055,5.880000114440918,5.880000114440918,2468300.0,VG
2015-09-30,14.09000015258789,14.300000190734865,13.989999771118164,14.300000190734865,8.340060234069824,41900.0,VGI
2015-09-30,12.979999542236328,13.0,12.93000030517578,12.93000030517578,10.046881675720217,124100.0,VGM
2015-09-30,18.48612403869629,18.658891677856445,18.3544921875,18.601303100585934,11.756357192993164,789000.0,VGR
2015-09-30,0.30000001192092896,0.3100000023841858,0.2899999916553497,0.30000001192092896,0.30000001192092896,44700.0,VGZ
2015-09-30,3.5799999237060547,3.619999885559082,3.5,3.559999942779541,3.559999942779541,280700.0,VHC
2015-09-30,2.0799999237060547,2.2300000190734863,1.8899999856948853,1.8899999856948853,1.6348235607147217,174500.0,VHI
2015-09-30,39.36000061035156,40.04999923706055,39.20000076293945,39.900001525878906,39.14453125,8439000.0,VIAC
2015-09-30,5.329999923706055,5.46999979019165,5.269999980926514,5.369999885559082,5.369999885559082,2141900.0,VIAV
2015-09-30,10.0,10.43000030517578,9.609999656677246,10.199999809265137,10.199999809265137,69900.0,VICR
2015-09-30,870.0,892.5,860.0,866.5,866.5,6900.0,VIIX
2015-09-30,16.399999618530273,17.569999694824222,16.389999389648438,16.799999237060547,16.799999237060547,7326300.0,VIPS
2015-09-30,3.0,3.0,2.9500000476837163,2.990000009536743,2.9394068717956543,3200.0,VIRC
2015-09-30,23.11000061035156,23.290000915527344,22.78000068664551,22.920000076293945,18.343713760375977,213900.0,VIRT
2015-09-30,744.0,756.0,696.0,696.0,696.0,200.0,VISL
2015-09-30,9.329999923706056,9.350000381469727,9.039999961853027,9.130000114440918,6.884727478027344,3522200.0,VIV
2015-09-30,648.0,656.0,648.0,656.0,656.0,0.0,VIVE
2015-09-30,17.020000457763672,17.129999160766598,16.860000610351562,17.100000381469727,15.031554222106935,276600.0,VIVO
2015-09-30,4.539999961853027,4.6599998474121085,4.329999923706056,4.519999980926514,4.519999980926514,80200.0,VJET
2015-09-30,11.300000190734865,11.350000381469727,11.270000457763672,11.350000381469727,8.796319961547852,79500.0,VKI
2015-09-30,12.260000228881836,12.279999732971193,12.1899995803833,12.279999732971193,9.548188209533693,112000.0,VKQ
2015-09-30,5.599999904632568,5.860000133514403,5.0,5.860000133514403,5.860000133514403,6300.0,VKTX
2015-09-30,24.85000038146973,24.85000038146973,23.559999465942386,23.61000061035156,19.904258728027344,42600.0,VLGEA
2015-09-30,59.54999923706055,60.68000030517578,59.1500015258789,60.099998474121094,50.50015258789063,6383400.0,VLO
2015-09-30,14.859999656677244,15.0,14.449999809265135,14.920000076293945,14.920000076293945,112500.0,VLRS
2015-09-30,12.850000381469727,12.9399995803833,12.84000015258789,12.869999885559082,8.999014854431152,46000.0,VLT
2015-09-30,9.779999732971193,9.850000381469727,9.729999542236328,9.84000015258789,8.167665481567383,2069800.0,VLY
2015-09-30,86.30999755859375,89.33000183105469,86.30999755859375,89.19999694824219,85.85804748535156,1730400.0,VMC
2015-09-30,29000.0,29300.0,29000.0,29000.0,29000.0,3720.0,VMD
2015-09-30,95.3000030517578,95.37000274658205,93.83000183105469,94.88999938964844,89.77800750732422,318100.0,VMI
2015-09-30,13.119999885559082,13.170000076293945,13.109999656677244,13.149999618530273,11.068870544433594,7300.0,VMM
2015-09-30,12.600000381469727,12.600000381469727,12.5600004196167,12.579999923706055,9.759106636047363,166900.0,VMO
2015-09-30,78.37000274658203,78.94999694824219,77.95999908447266,78.79000091552734,65.45271301269531,1311600.0,VMW
2015-09-30,36.099998474121094,36.20000076293945,33.09999847412109,34.299999237060554,34.299999237060554,128000.0,VNCE
2015-09-30,11.289999961853027,11.81999969482422,11.100000381469727,11.279999732971193,11.279999732971193,1058000.0,VNDA
2015-09-30,9894.7900390625,10055.7001953125,9814.33984375,9975.23046875,9975.23046875,239119.0,VNE
2015-09-30,18.149999618530273,18.459999084472656,18.1299991607666,18.280000686645508,18.280000686645508,465700.0,VNET
2015-09-30,73.83184814453125,74.01778411865234,72.62732696533203,73.09619903564453,60.4765853881836,1249600.0,VNO
2015-09-30,14.229999542236328,14.579999923706055,13.90999984741211,14.289999961853027,10.799776077270508,14800.0,VNOM
2015-09-30,4.400000095367432,4.480000019073486,4.199999809265137,4.480000019073486,4.480000019073486,26200.0,VNRX
2015-09-30,3.630000114440918,3.7000000476837163,3.630000114440918,3.690000057220459,2.230705738067627,36700.0,VOC
2015-09-30,31.420000076293945,31.76000022888184,31.270000457763672,31.739999771118164,24.008697509765625,15795800.0,VOD
2015-09-30,8.539999961853027,9.1899995803833,8.510000228881836,9.100000381469727,9.100000381469727,28300.0,VOLT
2015-09-30,7.21999979019165,7.489999771118164,7.1599998474121085,7.420000076293945,7.420000076293945,67500.0,VOXX
2015-09-30,38.88999938964844,39.13999938964844,38.52999877929688,38.77000045776367,38.30770492553711,2459800.0,VOYA
2015-09-30,11.550000190734865,11.75,11.5,11.59000015258789,11.59000015258789,27900.0,VPG
2015-09-30,12.199999809265135,12.270000457763672,12.140000343322756,12.260000228881836,9.63502311706543,133000.0,VPV
2015-09-30,133.19000244140622,133.35000610351562,132.75,133.35000610351562,133.35000610351562,5600.0,VQT
2015-09-30,12.399999618530273,12.699999809265135,12.260000228881836,12.609999656677244,12.609999656677244,415200.0,VRA
2015-09-30,5.5,5.5,5.0,5.179999828338623,5.179999828338623,2300.0,VRAY
2015-09-30,2.0199999809265137,2.0899999141693115,1.9700000286102293,2.0,2.0,21900.0,VRML
2015-09-30,15.420000076293945,15.640000343322756,14.56999969482422,15.579999923706055,15.579999923706055,313100.0,VRNS
2015-09-30,42.11999893188477,43.209999084472656,41.83000183105469,43.150001525878906,43.150001525878906,936100.0,VRNT
2015-09-30,73.22000122070312,73.93000030517578,72.45999908447266,73.91000366210938,73.26561737060547,959800.0,VRSK
2015-09-30,69.12000274658203,70.68000030517578,68.91999816894531,70.55999755859375,70.55999755859375,1023600.0,VRSN
2015-09-30,1.690000057220459,1.690000057220459,1.6100000143051147,1.690000057220459,1.690000057220459,145.0,VRT
2015-09-30,99.43000030517578,100.8499984741211,98.5,100.5,91.93592071533205,90000.0,VRTS
2015-09-30,51.2599983215332,51.91999816894531,50.66999816894531,51.31000137329102,51.31000137329102,195500.0,VRTU
2015-09-30,37.11999893188477,37.75,36.79999923706055,37.2400016784668,37.2400016784668,107500.0,VRTV
2015-09-30,102.08000183105469,105.83999633789062,101.58000183105469,104.13999938964844,104.13999938964844,2864000.0,VRTX
2015-09-30,64.66000366210939,65.16999816894531,63.31999969482422,64.29000091552734,64.29000091552734,273000.0,VSAT
2015-09-30,20.190000534057614,20.5,18.989999771118164,20.03499984741211,19.333845138549805,115400.0,VSEC
2015-09-30,9.510000228881836,9.729999542236328,9.460000038146973,9.6899995803833,8.913614273071289,3233400.0,VSH
2015-09-30,10.289999961853027,10.550000190734863,10.010000228881836,10.479999542236328,10.479999542236328,331300.0,VSLR
2015-09-30,2.799999952316284,2.859999895095825,2.799999952316284,2.8299999237060547,2.357994079589844,165440.0,VST
2015-09-30,1.7599999904632568,1.8400000333786009,1.75,1.7899999618530271,1.7899999618530271,2203900.0,VSTM
2015-09-30,43.16999816894531,44.52000045776367,43.16999816894531,44.43000030517578,44.43000030517578,361800.0,VSTO
2015-09-30,10.640000343322754,10.68000030517578,10.56999969482422,10.56999969482422,7.470722198486327,258600.0,VTA
2015-09-30,7.6500000953674325,10.0,7.1500000953674325,10.0,10.0,17500.0,VTGN
2015-09-30,13.8100004196167,13.829999923706055,13.739999771118164,13.779999732971193,10.96664810180664,34500.0,VTN
2015-09-30,2.1099998950958248,2.240000009536743,2.0899999141693115,2.1400001049041752,2.1400001049041752,15400.0,VTNR
2015-09-30,56.22999954223633,56.47999954223633,55.72999954223633,56.06000137329102,43.99533462524414,3019400.0,VTR
2015-09-30,1.6000000238418581,1.7400000095367432,1.6000000238418581,1.7400000095367432,1.7400000095367432,700.0,VTSI
2015-09-30,7.0,7.420000076293945,6.480000019073486,6.519999980926514,6.519999980926514,642700.0,VTVT
2015-09-30,4.550000190734863,4.849999904632568,4.510000228881836,4.679999828338623,4.679999828338623,118000.0,VUZI
2015-09-30,29.25,29.25,28.149999618530273,28.989999771118164,27.85237693786621,211200.0,VVI
2015-09-30,9.8100004196167,9.8100004196167,9.8100004196167,9.8100004196167,9.8100004196167,0.0,VVPR
2015-09-30,4.150000095367432,4.179999828338623,4.150000095367432,4.179999828338623,3.115376710891724,755900.0,VVR
2015-09-30,16.100000381469727,17.299999237060547,15.800000190734865,16.399999618530273,16.399999618530273,224700.0,VVUS
2015-09-30,20.68000030517578,22.21999931335449,20.68000030517578,21.780000686645508,21.780000686645508,4400.0,VXRT
2015-09-30,52.0,52.959999084472656,51.84000015258789,52.040000915527344,52.040000915527344,565300.0,VXZ
2015-09-30,43.83000183105469,44.0,43.27999877929688,43.5099983215332,35.53129959106445,20380600.0,VZ
2015-09-30,34.310001373291016,35.310001373291016,34.080001831054695,35.060001373291016,35.060001373291016,439400.0,W
2015-09-30,86.62000274658203,88.30999755859375,86.36000061035156,88.05000305175781,85.73735809326172,852600.0,WAB
2015-09-30,44.310001373291016,44.77999877929688,43.88000106811523,44.43999862670898,39.03017044067383,158800.0,WABC
2015-09-30,22.70000076293945,22.79999923706055,22.5,22.75,20.4540958404541,840100.0,WAFD
2015-09-30,30.93000030517578,31.190000534057614,30.59000015258789,30.709999084472656,30.250307083129886,1346100.0,WAL
2015-09-30,38.40999984741211,38.540000915527344,38.040000915527344,38.45000076293945,32.81595230102539,34200.0,WASH
2015-09-30,118.5,119.61000061035156,116.29000091552734,118.20999908447266,118.20999908447266,583600.0,WAT
2015-09-30,6.559999942779541,6.920000076293945,6.5,6.9000000953674325,6.9000000953674325,67400.0,WATT
2015-09-30,11.4399995803833,11.869999885559082,11.350000381469727,11.6899995803833,11.6899995803833,234400.0,WB
2015-09-30,82.81999969482422,83.27999877929688,81.98999786376953,83.0999984741211,74.74837493896484,3888300.0,WBA
2015-09-30,15.359999656677244,16.280000686645508,15.34000015258789,16.219999313354492,16.219999313354492,413300.0,WBAI
2015-09-30,105.4000015258789,105.9499969482422,102.3499984741211,104.83000183105469,104.83000183105469,684400.0,WBC
2015-09-30,20.920000076293945,21.06999969482422,20.780000686645508,21.059999465942386,15.313806533813475,250900.0,WBK
2015-09-30,35.61999893188477,35.79999923706055,35.31999969482422,35.630001068115234,31.851360321044922,927800.0,WBS
2015-09-30,47.0,47.09000015258789,45.47000122070313,46.47000122070313,46.47000122070313,662300.0,WCC
2015-09-30,31.946666717529297,32.446666717529304,31.933332443237305,32.38666534423828,30.87331581115723,851200.0,WCN
2015-09-30,25.739999771118164,26.10000038146973,25.29999923706055,26.07999992370605,24.92984771728516,386000.0,WD
2015-09-30,69.87000274658203,71.19000244140625,66.36000061035156,68.86000061035156,68.86000061035156,4206800.0,WDAY
2015-09-30,78.79000091552734,80.73999786376953,76.33000183105469,79.44000244140625,68.31502532958984,11692000.0,WDC
2015-09-30,89.69000244140625,89.9000015258789,89.01000213623047,89.06999969482422,83.00739288330078,165100.0,WDFC
2015-09-30,34.84999847412109,35.150001525878906,34.389999389648445,34.77000045776367,24.139650344848636,613800.0,WDR
2015-09-30,12.390000343322756,12.449999809265135,12.260000228881836,12.449999809265135,9.203511238098145,24100.0,WEA
2015-09-30,19.13999938964844,19.13999938964844,19.13999938964844,19.13999938964844,18.551231384277344,0.0,WEBK
2015-09-30,51.29999923706055,52.290000915527344,51.1500015258789,52.22000122070313,44.354400634765625,1870700.0,WEC
2015-09-30,0.004999999888241291,0.004999999888241291,0.004999999888241291,0.004999999888241291,0.004999999888241291,0.0,WEI
2015-09-30,67.69000244140625,68.45999908447266,67.23000335693361,67.72000122070311,54.13650894165039,2077400.0,WELL
2015-09-30,8.630000114440918,8.789999961853027,8.520000457763674,8.649999618530272,7.8649582862854,2872600.0,WEN
2015-09-30,25.68000030517578,25.68000030517578,25.07999992370605,25.10000038146973,21.387378692626953,637500.0,WERN
2015-09-30,38.40999984741211,40.599998474121094,38.349998474121094,39.43000030517578,29.48830223083496,689100.0,WES
2015-09-30,15.979999542236328,16.190000534057614,15.710000038146973,16.129999160766598,14.269516944885256,3311200.0,WETF
2015-09-30,86.55000305175781,87.08000183105469,85.38999938964844,86.83999633789062,86.83999633789062,487300.0,WEX
2015-09-30,25.84000015258789,27.399999618530273,25.28000068664551,27.040000915527344,23.32301521301269,21600.0,WEYS
2015-09-30,23.459999084472656,23.670000076293945,23.45000076293945,23.60000038146973,21.4290714263916,700.0,WF
2015-09-30,51.63000106811523,51.72000122070313,50.70000076293945,51.349998474121094,44.409156799316406,20514800.0,WFC
2015-09-30,19.01000022888184,19.5,18.729999542236328,19.149999618530273,18.02604866027832,411100.0,WGO
2015-09-30,11.770000457763672,12.25,11.5,11.640000343322756,6.743190288543701,277300.0,WHF
2015-09-30,53.61999893188477,54.349998474121094,51.79999923706055,54.349998474121094,41.85986328125,23700.0,WHG
2015-09-30,6.0,6.0,6.0,6.0,6.0,0.0,WHLM
2015-09-30,15.119999885559082,15.199999809265135,14.31999969482422,15.199999809265135,8.213266372680664,5700.0,WHLR
2015-09-30,22.54999923706055,23.25,22.51000022888184,23.25,16.639263153076172,1700.0,WHLRP
2015-09-30,146.49000549316406,147.75,143.77999877929688,147.25999450683594,129.31826782226562,926000.0,WHR
2015-09-30,10.510000228881836,10.579999923706056,10.510000228881836,10.550000190734863,8.971991539001465,73400.0,WIA
2015-09-30,8.130000114440918,8.300000190734862,7.989999771118164,8.279999732971191,8.279999732971191,337800.0,WIFI
2015-09-30,49.47999954223633,49.47999954223633,49.47999954223633,49.47999954223633,49.47999954223633,0.0,WIL
2015-09-30,4.449999809265137,4.519999980926514,4.449999809265137,4.489999771118164,4.211310386657715,5100.0,WILC
2015-09-30,102.0,103.76000213623048,102.0,102.91999816894531,101.04513549804688,4000.0,WINA
2015-09-30,23.95000076293945,24.68000030517578,23.60000038146973,23.979999542236328,18.79636573791504,1382000.0,WING
2015-09-30,9.949999809265137,9.949999809265137,9.949999809265137,9.949999809265137,9.949999809265137,0.0,WINS
2015-09-30,32.43000030517578,32.759998321533196,31.739999771118164,32.669998168945305,32.430286407470696,88700.0,WIRE
2015-09-30,6.059999942779541,6.164999961853027,6.045000076293945,6.144999980926514,5.9589619636535645,2253000.0,WIT
2015-09-30,10.350000381469727,10.420000076293944,10.31999969482422,10.399999618530273,8.740225791931152,152400.0,WIW
2015-09-30,17.450000762939453,17.729999542236328,17.280000686645508,17.420000076293945,17.420000076293945,207300.0,WIX
2015-09-30,14.859999656677244,15.279999732971193,14.56999969482422,15.1899995803833,15.1899995803833,81100.0,WK
2015-09-30,4.730000019073486,4.800000190734863,4.5,4.800000190734863,4.800000190734863,2500.0,WKHS
2015-09-30,10.020000457763672,10.289999961853027,9.739999771118164,10.140000343322754,10.140000343322754,25500.0,WLDN
2015-09-30,16.319999694824222,16.370000839233402,16.069999694824222,16.260000228881836,16.260000228881836,10000.0,WLFC
2015-09-30,50.77000045776367,52.11000061035156,50.4000015258789,51.88999938964844,48.873802185058594,1282000.0,WLK
2015-09-30,17.65999984741211,17.709999084472656,17.059999465942386,17.5,12.64710521697998,57300.0,WLKP
2015-09-30,59.4000015258789,61.2400016784668,58.56000137329102,61.08000183105469,61.08000183105469,2015300.0,WLL
2015-09-30,108.39735412597656,108.6357650756836,107.3377456665039,108.52980041503906,101.03326416015624,649200.0,WLTW
2015-09-30,49.58000183105469,49.86000061035156,49.06999969482422,49.81000137329102,45.0731201171875,3399600.0,WM
2015-09-30,35.7400016784668,37.18000030517578,35.009998321533196,36.849998474121094,27.8388729095459,17620600.0,WMB
2015-09-30,12.699999809265135,12.75,12.18000030517578,12.609999656677244,6.884357452392577,1369300.0,WMC
2015-09-30,20.489999771118164,20.65999984741211,20.270000457763672,20.38999938964844,20.38999938964844,137900.0,WMGI
2015-09-30,41.97000122070313,42.11000061035156,41.41999816894531,41.75,36.97697830200195,39800.0,WMK
2015-09-30,28.5,29.1200008392334,27.84499931335449,28.93000030517578,26.67951583862305,470900.0,WMS
2015-09-30,64.43000030517578,64.94000244140625,63.93000030517578,64.83999633789061,58.061988830566406,7979200.0,WMT
2015-09-30,10.359999656677246,10.619999885559082,10.270000457763672,10.59000015258789,9.90695571899414,1928900.0,WNC
2015-09-30,7.630000114440918,7.730000019073486,7.53000020980835,7.6500000953674325,7.109010219573975,24300.0,WNEB
2015-09-30,28.059999465942386,28.420000076293945,27.920000076293945,27.95000076293945,27.95000076293945,213500.0,WNS
2015-09-30,26.25,26.68000030517578,26.04999923706055,26.479999542236328,23.926006317138672,593700.0,WOR
2015-09-30,57.52000045776367,57.83000183105469,57.18999862670898,57.81000137329102,44.11721420288086,316200.0,WPC
2015-09-30,11.68000030517578,11.890000343322756,11.510000228881836,11.65999984741211,5.9655723571777335,1168600.0,WPG
2015-09-30,11.699999809265135,12.109999656677244,11.640000343322756,12.010000228881836,11.216397285461426,4991900.0,WPM
2015-09-30,104.04000091552734,104.26000213623048,103.12000274658205,104.02999877929688,85.81121063232422,81300.0,WPP
2015-09-30,2.559999942779541,2.5999999046325684,2.470000028610229,2.490000009536743,2.490000009536743,163200.0,WPRT
2015-09-30,6.440000057220459,6.6599998474121085,6.25,6.619999885559082,6.619999885559082,6761900.0,WPX
2015-09-30,36.22000122070313,36.32666778564453,36.03333282470703,36.246665954589844,33.486068725585945,1208400.0,WRB
2015-09-30,25.25,25.32999992370605,24.729999542236328,24.93000030517578,20.70676612854004,526700.0,WRE
2015-09-30,33.200000762939446,33.919998168945305,33.0,33.110000610351555,24.373632431030273,1161800.0,WRI
2015-09-30,49.3377799987793,49.3377799987793,45.60771179199219,46.34651947021485,39.13559341430664,1766700.0,WRK
2015-09-30,27.13999938964844,27.59000015258789,25.29999923706055,26.84000015258789,26.84000015258789,305800.0,WRLD
2015-09-30,0.3100000023841858,0.3100000023841858,0.2700000107288361,0.30000001192092896,0.30000001192092896,3900.0,WRN
2015-09-30,31.709999084472656,31.81999969482422,31.36000061035156,31.45000076293945,27.45806312561035,128100.0,WSBC
2015-09-30,13.649999618530273,13.68000030517578,13.460000038146973,13.479999542236328,10.751298904418944,376900.0,WSBF
2015-09-30,28.68000030517578,28.88999938964844,28.35000038146973,28.809999465942386,27.722501754760746,87800.0,WSFS
2015-09-30,76.54000091552734,76.9000015258789,76.05999755859375,76.3499984741211,66.98123931884766,1042200.0,WSM
2015-09-30,119.5,120.25,117.05999755859376,118.4800033569336,102.39141845703124,328900.0,WSO
2015-09-30,11.43000030517578,11.550000190734865,11.329999923706055,11.529999732971193,7.760147571563722,187000.0,WSR
2015-09-30,54.91999816894531,55.63999938964844,54.02000045776367,54.11999893188477,52.67255020141602,1059900.0,WST
2015-09-30,17.399999618530273,17.860000610351562,17.0,17.0,13.699603080749512,7500.0,WSTG
2015-09-30,4.71999979019165,4.71999979019165,4.360000133514403,4.559999942779541,4.559999942779541,10600.0,WSTL
2015-09-30,18.780000686645508,18.88999938964844,18.530000686645508,18.75,16.051155090332028,18100.0,WTBA
2015-09-30,4.650000095367432,4.900000095367432,4.650000095367432,4.900000095367432,4.900000095367432,1800.0,WTER
2015-09-30,53.29999923706055,53.5099983215332,52.61000061035156,53.43000030517578,50.98363876342773,366700.0,WTFC
2015-09-30,25.202999114990234,25.739999771118164,25.20100021362305,25.5,19.46218490600586,54100.0,WTFCM
2015-09-30,3.059999942779541,3.0899999141693115,2.900000095367432,3.0,3.0,983100.0,WTI
2015-09-30,752.7999877929688,752.7999877929688,740.010009765625,747.2999877929688,742.9085083007812,58600.0,WTM
2015-09-30,53.02000045776367,53.63999938964844,52.38999938964844,52.81999969482422,50.26062393188477,217600.0,WTS
2015-09-30,1.4800000190734863,1.5099999904632568,1.4700000286102295,1.4900000095367432,1.4900000095367432,11200.0,WTT
2015-09-30,18.309999465942386,18.51000022888184,18.010000228881836,18.36000061035156,15.610321998596193,4902700.0,WU
2015-09-30,44.0,47.459999084472656,43.97999954223633,47.04999923706055,47.04999923706055,2545600.0,WUBA
2015-09-30,10.869999885559082,10.869999885559082,10.75,10.75,9.875205039978027,500.0,WVFC
2015-09-30,6.679999828338622,6.75,6.5999999046325675,6.670000076293945,6.670000076293945,2600.0,WVVI
2015-09-30,6.3400001525878915,6.4000000953674325,6.21999979019165,6.380000114440918,6.380000114440918,638900.0,WW
2015-09-30,40.7400016784668,41.25,40.43000030517578,40.70000076293945,39.307865142822266,349100.0,WWD
2015-09-30,16.90999984741211,17.0,16.5,16.899999618530273,15.724647521972654,347900.0,WWE
2015-09-30,486.0,486.0,450.0,480.0,480.0,0.0,WWR
2015-09-30,21.76000022888184,21.76000022888184,21.21999931335449,21.63999938964844,20.531343460083008,1046200.0,WWW
2015-09-30,27.290000915527344,27.40999984741211,27.11000061035156,27.34000015258789,22.532045364379886,2837500.0,WY
2015-09-30,32.031600952148445,32.582393646240234,31.959367752075195,32.460494995117195,25.80295562744141,2796200.0,WYND
2015-09-30,54.43999862670898,54.47999954223633,52.5,53.11999893188477,47.78633117675781,4265300.0,WYNN
2015-09-30,0.9800000190734864,0.9800000190734864,0.8600000143051147,0.8799999952316284,0.8799999952316284,608500.0,WYY
2015-09-30,10.579999923706056,10.770000457763672,10.210000038146973,10.420000076293944,9.946587562561037,10786600.0,X
2015-09-30,11.109999656677246,11.239999771118164,10.630000114440918,11.170000076293944,7.490803241729736,643600.0,XAN
2015-09-30,16.200000762939453,16.924999237060547,14.800000190734865,14.9399995803833,14.9399995803833,65600.0,XBIT
2015-09-30,100.70999908447266,103.61000061035156,99.62000274658205,102.4800033569336,99.06216430664062,1298200.0,XEC
2015-09-30,34.880001068115234,35.45000076293945,34.709999084472656,35.40999984741211,30.79796600341797,2722000.0,XEL
2015-09-30,9.90999984741211,9.90999984741211,9.90999984741211,9.90999984741211,9.90999984741211,0.0,XELA
2015-09-30,8.159999847412111,8.590000152587889,7.730000019073486,8.590000152587889,8.590000152587889,12300.0,XELB
2015-09-30,8.25,8.5,8.039999961853027,8.260000228881836,8.260000228881836,13200.0,XENE
2015-09-30,22.239999771118164,23.75,22.239999771118164,23.399999618530273,23.399999618530273,717700.0,XENT
2015-09-30,17.440000534057614,17.510000228881836,17.110000610351562,17.459999084472653,13.304815292358398,554100.0,XHR
2015-09-30,2.8299999237060547,2.8399999141693115,2.7699999809265137,2.8299999237060547,2.05285906791687,71100.0,XIN
2015-09-30,41.38999938964844,42.43999862670898,41.060001373291016,42.400001525878906,38.643348693847656,2655300.0,XLNX
2015-09-30,24.81999969482422,25.5,24.020000457763672,24.899999618530273,24.899999618530273,377000.0,XLRN
2015-09-30,12.449999809265135,13.029999732971193,11.8100004196167,12.229999542236328,12.229999542236328,542400.0,XNCR
2015-09-30,7.079999923706055,7.300000190734862,7.079999923706055,7.300000190734862,7.300000190734862,41500.0,XNET
2015-09-30,73.4000015258789,74.3499984741211,73.33000183105469,74.3499984741211,61.9537582397461,18176500.0,XOM
2015-09-30,14.800000190734865,16.0,14.399999618530273,15.0,15.0,97800.0,XOMA
2015-09-30,6.679999828338622,6.889999866485597,6.5,6.710000038146973,6.710000038146973,98900.0,XONE
2015-09-30,32.59999847412109,32.790000915527344,32.200000762939446,32.40999984741211,27.71895980834961,914900.0,XPER
2015-09-30,0.4000000059604645,0.4600000083446503,0.4000000059604645,0.44999998807907104,0.44999998807907104,21500.0,XPL
2015-09-30,23.1299991607666,24.07999992370605,22.75,23.82999992370605,23.82999992370605,3651300.0,XPO
2015-09-30,51.209999084472656,51.349998474121094,50.31999969482422,50.56999969482422,48.99286651611328,1558100.0,XRAY
2015-09-30,25.349143981933594,25.69169998168945,25.08563804626465,25.63899803161621,22.77172470092773,4207700.0,XRX
2015-09-30,112.0,118.0,106.0,112.0,112.0,2100.0,XSPA
2015-09-30,8.0,8.0,8.0,8.0,8.0,0.0,XTLB
2015-09-30,42.36000061035156,42.36000061035156,34.200000762939446,39.11999893188477,39.11999893188477,3500.0,XTNT
2015-09-30,29.0,29.440000534057614,29.0,29.440000534057614,29.440000534057614,6700.0,XVZ
2015-09-30,0.8379999995231628,0.8399999737739563,0.8019999861717224,0.8399999737739563,0.8399999737739563,51900.0,XXII
2015-09-30,32.220001220703125,32.950000762939446,32.029998779296875,32.84999847412109,30.989864349365234,1708500.0,XYL
2015-09-30,467.8800048828125,469.8500061035156,462.1600036621094,468.1099853515625,450.4191589355469,77000.0,Y
2015-09-30,21.489999771118164,22.11000061035156,21.21999931335449,21.65999984741211,21.65999984741211,1965700.0,YELP
2015-09-30,167.0,175.0,167.0,167.0,167.0,2370.0,YETI
2015-09-30,6.78000020980835,6.78000020980835,6.5,6.5999999046325675,6.5999999046325675,1100.0,YGYI
2015-09-30,10.970000267028807,11.010000228881836,10.600000381469727,10.729999542236328,10.729999542236328,2512900.0,YNDX
2015-09-30,21.670000076293945,21.76000022888184,20.950000762939453,21.020000457763672,19.254825592041016,39300.0,YORW
2015-09-30,15.0,15.3100004196167,14.869999885559082,15.229999542236328,14.821152687072756,1950200.0,YPF
2015-09-30,13.829999923706055,14.199999809265135,13.0600004196167,13.260000228881836,13.260000228881836,740700.0,YRCW
2015-09-30,564.0,576.0,552.0,552.0,552.0,0.0,YTEN
2015-09-30,55.72969055175781,57.69230651855469,55.13299942016602,57.47663497924805,52.15074157714844,7378100.0,YUM
2015-09-30,148.1999969482422,150.0,144.0,144.0,144.0,0.0,YUMA
2015-09-30,18.0,18.0,17.649999618530273,17.649999618530273,17.649999618530273,500.0,YVR
2015-09-30,53.5,55.15999984741211,53.5,54.540000915527344,54.540000915527344,973800.0,YY
2015-09-30,27.70000076293945,27.8700008392334,26.53000068664551,27.0,27.0,1524800.0,Z
2015-09-30,6.559999942779541,6.809999942779541,6.559999942779541,6.789999961853027,6.789999961853027,211700.0,ZAGG
2015-09-30,94.5500030517578,94.91000366210938,93.12999725341795,93.93000030517578,90.50955200195312,1954100.0,ZBH
2015-09-30,72.7300033569336,76.61000061035156,72.7300033569336,76.55000305175781,76.55000305175781,618800.0,ZBRA
2015-09-30,19.81999969482422,19.841999053955078,19.31999969482422,19.709999084472656,19.709999084472656,438300.0,ZEN
2015-09-30,9.899999618530273,10.09000015258789,9.699999809265137,9.949999809265137,9.737622261047363,92500.0,ZEUS
2015-09-30,32.0,34.09999847412109,31.440000534057614,31.95000076293945,31.95000076293945,553000.0,ZFGN
2015-09-30,29.10000038146973,29.10000038146973,27.520000457763672,28.729999542236328,28.729999542236328,1007100.0,ZG
2015-09-30,13.0,13.880000114440918,12.880000114440918,13.5,13.5,539700.0,ZGNX
2015-09-30,27.6299991607666,27.79999923706055,27.149999618530273,27.540000915527344,25.50531768798828,3514200.0,ZION
2015-09-30,22.14900016784668,22.149999618530273,21.61000061035156,21.81999969482422,21.81999969482422,2475.0,ZIONP
2015-09-30,9.25,9.449999809265137,8.670000076293945,9.010000228881836,9.010000228881836,3350100.0,ZIOP
2015-09-30,37.61000061035156,37.72999954223633,36.9900016784668,37.52000045776367,37.52000045776367,41800.0,ZIV
2015-09-30,4.320000171661377,4.320000171661377,4.119999885559082,4.2100000381469735,4.2100000381469735,307400.0,ZIXI
2015-09-30,1.5,1.5,1.399999976158142,1.4299999475479126,1.4299999475479126,35800.0,ZN
2015-09-30,2.25,2.309999942779541,2.240000009536743,2.2799999713897705,2.2799999713897705,10246300.0,ZNGA
2015-09-30,36.560001373291016,36.79999923706055,36.31999969482422,36.560001373291016,34.33164596557617,69700.0,ZNH
2015-09-30,83.0,88.5999984741211,77.0,79.19999694824219,79.19999694824219,2500.0,ZSAN
2015-09-30,11.420000076293945,11.5,11.380000114440918,11.420000076293945,6.280056953430176,51200.0,ZTR
2015-09-30,40.63000106811523,41.22000122070313,40.349998474121094,41.18000030517578,39.91671752929688,4954100.0,ZTS
2015-09-30,15.630000114440918,15.770000457763672,15.18000030517578,15.630000114440918,15.630000114440918,851200.0,ZUMZ
2015-09-30,12.800000190734865,14.71399974822998,12.800000190734865,14.3100004196167,14.3100004196167,422100.0,ZYNE
2015-09-30,0.18000000715255735,0.18000000715255735,0.10000000149011612,0.18000000715255735,0.1752452850341797,9600.0,ZYXI
