Date,Open,High,Low,Close,Adj Close,Volume,stock
2018-07-25,65.13999938964844,66.04000091552734,64.83999633789061,65.95999908447266,64.93732452392578,2925800.0,A
2018-07-25,42.099998474121094,43.24499893188477,41.64500045776367,43.11000061035156,43.11000061035156,5502300.0,AA
2018-07-25,37.31999969482422,38.34000015258789,37.31999969482422,38.18999862670898,37.38129806518555,7336300.0,AAL
2018-07-25,63.349998474121094,63.849998474121094,63.349998474121094,63.849998474121094,63.849998474121094,700.0,AAMC
2018-07-25,2.400000095367432,2.400000095367432,2.400000095367432,2.400000095367432,2.3809525966644287,1000.0,AAME
2018-07-25,45.09000015258789,45.40999984741211,43.2400016784668,43.52000045776367,43.257118225097656,998600.0,AAN
2018-07-25,38.2599983215332,39.4010009765625,37.22000122070313,38.29999923706055,38.29999923706055,1115700.0,AAOI
2018-07-25,36.29999923706055,36.349998474121094,35.900001525878906,36.150001525878906,35.756141662597656,159700.0,AAON
2018-07-25,139.39999389648438,140.64999389648438,138.66999816894528,140.47000122070312,139.75749206542972,794700.0,AAP
2018-07-25,193.05999755859372,194.8500061035156,192.42999267578125,194.82000732421875,190.1490631103516,16709900.0,AAPL
2018-07-25,37.34000015258789,37.810001373291016,37.18999862670898,37.45000076293945,35.76504898071289,187100.0,AAT
2018-07-25,0.699999988079071,0.699999988079071,0.6800000071525574,0.6800000071525574,0.6800000071525574,114200.0,AAU
2018-07-25,67.80000305175781,68.94999694824219,67.15000152587889,67.65000152587889,67.65000152587889,400900.0,AAWW
2018-07-25,71.05999755859375,72.95999908447266,68.37000274658203,72.88999938964844,72.88999938964844,1152100.0,AAXN
2018-07-25,30.35000038146973,30.5,30.0,30.10000038146973,25.933015823364254,464200.0,AB
2018-07-25,22.459999084472656,22.709999084472656,22.270000457763672,22.690000534057614,20.87813377380371,2106500.0,ABB
2018-07-25,91.08000183105469,93.51000213623048,91.08000183105469,93.12000274658205,84.7933578491211,7494300.0,ABBV
2018-07-25,84.2300033569336,85.19999694824219,83.75,84.7699966430664,82.06720733642578,1263700.0,ABC
2018-07-25,50.95000076293945,51.04999923706055,49.54999923706055,49.9000015258789,48.67152786254883,305400.0,ABCB
2018-07-25,13.149999618530273,13.600000381469727,12.600000381469727,12.699999809265135,12.699999809265135,677300.0,ABEO
2018-07-25,5.079999923706055,5.119999885559082,5.0,5.0900001525878915,4.8580522537231445,29581400.0,ABEV
2018-07-25,69.94999694824219,70.44999694824219,67.80000305175781,68.65000152587889,68.65000152587889,486800.0,ABG
2018-07-25,10.260000228881836,11.520000457763672,10.260000228881836,11.15999984741211,11.15999984741211,36100.0,ABIO
2018-07-25,29.85000038146973,30.3799991607666,29.809999465942386,30.3799991607666,29.25080108642578,490200.0,ABM
2018-07-25,423.7999877929688,431.8200073242188,422.70001220703125,430.6400146484375,430.6400146484375,621700.0,ABMD
2018-07-25,11.06999969482422,11.229999542236328,11.0600004196167,11.170000076293944,9.576224327087402,947600.0,ABR
2018-07-25,64.16000366210939,65.36000061035156,64.12000274658203,65.23000335693361,63.632774353027344,5863900.0,ABT
2018-07-25,45.20000076293945,45.29999923706055,44.54999923706055,45.04999923706055,44.92266845703125,26200.0,ABTX
2018-07-25,10.949999809265137,11.899999618530273,10.800000190734863,11.649999618530273,11.649999618530273,552100.0,ABUS
2018-07-25,38.04999923706055,38.900001525878906,38.0,38.099998474121094,37.792213439941406,8700.0,AC
2018-07-25,15.859999656677244,16.239999771118164,15.829999923706055,16.049999237060547,16.049999237060547,1808300.0,ACAD
2018-07-25,5.559999942779541,5.6500000953674325,5.289999961853027,5.320000171661377,5.320000171661377,1703000.0,ACB
2018-07-25,19.450000762939453,19.450000762939453,18.700000762939453,18.950000762939453,18.950000762939453,61200.0,ACBI
2018-07-25,40.709999084472656,41.02000045776367,40.599998474121094,40.83000183105469,37.9726448059082,1527300.0,ACC
2018-07-25,13.949999809265135,14.050000190734865,13.899999618530273,13.949999809265135,13.224775314331055,237900.0,ACCO
2018-07-25,20.049999237060547,20.46999931335449,20.0,20.0,20.0,4200.0,ACER
2018-07-25,29.149999618530273,29.51000022888184,28.989999771118164,29.5,29.5,1700600.0,ACGL
2018-07-25,24.78000068664551,24.82999992370605,24.61000061035156,24.82999992370605,22.502464294433594,17400.0,ACGLO
2018-07-25,23.95000076293945,23.95000076293945,23.8799991607666,23.920000076293945,21.70838928222656,24400.0,ACGLP
2018-07-25,11.390000343322756,11.43000030517578,11.1899995803833,11.399999618530273,11.399999618530273,58400.0,ACH
2018-07-25,42.810001373291016,43.79999923706055,42.810001373291016,43.77000045776367,43.77000045776367,506000.0,ACHC
2018-07-25,3.369999885559082,3.390000104904175,3.259999990463257,3.309999942779541,3.309999942779541,60400.0,ACHV
2018-07-25,32.450000762939446,33.34000015258789,32.450000762939446,32.860000610351555,32.860000610351555,508700.0,ACIA
2018-07-25,15.869999885559082,16.799999237060547,15.489999771118164,16.454999923706055,16.454999923706055,685600.0,ACIU
2018-07-25,25.96999931335449,26.32999992370605,25.79999923706055,26.309999465942386,26.309999465942386,425700.0,ACIW
2018-07-25,21.5,21.51000022888184,20.75,20.950000762939453,20.950000762939453,249500.0,ACLS
2018-07-25,32.400001525878906,32.779998779296875,32.169998168945305,32.77000045776367,32.77000045776367,476300.0,ACM
2018-07-25,13.600000381469727,13.659000396728516,13.050000190734865,13.470000267028807,13.470000267028807,26400.0,ACMR
2018-07-25,165.0,167.1199951171875,165.0,167.0800018310547,162.87451171875,2285200.0,ACN
2018-07-25,34.549999237060554,35.25,34.549999237060554,34.59999847412109,32.998538970947266,13400.0,ACNB
2018-07-25,28.70000076293945,29.20000076293945,23.32999992370605,24.54999923706055,24.54999923706055,2114700.0,ACOR
2018-07-25,13.606237411499025,13.615983963012695,13.567251205444336,13.615983963012695,11.063950538635254,37100.0,ACP
2018-07-25,13.970000267028807,14.020000457763672,13.90999984741211,13.920000076293945,11.76414680480957,59100.0,ACRE
2018-07-25,19.950000762939453,20.31999969482422,19.780000686645508,19.850000381469727,19.850000381469727,177800.0,ACRS
2018-07-25,2.900000095367432,2.990000009536743,2.8499999046325684,2.900000095367432,2.900000095367432,398500.0,ACRX
2018-07-25,0.6000000238418579,0.6000000238418579,0.550000011920929,0.5600000023841858,0.5600000023841858,51400.0,ACST
2018-07-25,3.75,3.849999904632568,3.7000000476837163,3.7999999523162837,3.7999999523162837,95600.0,ACTG
2018-07-25,20.5,20.90999984741211,20.5,20.90999984741211,20.15966796875,5200.0,ACU
2018-07-25,24.190000534057614,24.190000534057614,24.059999465942386,24.18000030517578,20.9512996673584,23100.0,ACV
2018-07-25,16.75,17.0,16.75,17.0,17.0,2000.0,ACY
2018-07-25,10.09000015258789,10.6899995803833,9.84000015258789,10.039999961853027,10.039999961853027,439300.0,ADAP
2018-07-25,258.35000610351557,263.5,257.82998657226557,263.17001342773443,263.17001342773443,2270300.0,ADBE
2018-07-25,52.6500015258789,53.68999862670898,52.599998474121094,53.11999893188477,49.87190628051758,177600.0,ADC
2018-07-25,11.31999969482422,11.470000267028807,11.210000038146973,11.3100004196167,9.706180572509766,45900.0,ADES
2018-07-25,97.4800033569336,98.1500015258789,95.08999633789062,96.5500030517578,93.13951873779295,2612700.0,ADI
2018-07-25,47.209999084472656,47.59000015258789,46.7400016784668,47.2400016784668,44.6480712890625,3555700.0,ADM
2018-07-25,4.929999828338623,5.039999961853027,4.900000095367432,4.940000057220459,4.940000057220459,170700.0,ADMA
2018-07-25,3.75,3.7999999523162837,3.7000000476837163,3.75,3.75,125500.0,ADMP
2018-07-25,27.15999984741211,27.739999771118164,26.57999992370605,26.709999084472656,26.709999084472656,351600.0,ADMS
2018-07-25,45.5,45.5,43.099998474121094,44.5099983215332,44.11271667480469,1885300.0,ADNT
2018-07-25,137.49000549316406,139.33000183105472,137.1199951171875,139.14999389648438,134.10884094238278,1486100.0,ADP
2018-07-25,6.550000190734862,6.9000000953674325,6.5,6.8499999046325675,6.8499999046325675,327900.0,ADRO
2018-07-25,233.7100067138672,237.6699981689453,233.7100067138672,236.1999969482422,229.18780517578125,347800.0,ADS
2018-07-25,132.30999755859378,135.91999816894528,131.63999938964844,135.85000610351562,135.85000610351562,2093700.0,ADSK
2018-07-25,23.70000076293945,24.290000915527344,23.70000076293945,24.190000534057614,24.190000534057614,1832800.0,ADSW
2018-07-25,9.260000228881836,9.34000015258789,8.975000381469727,9.229999542236328,8.238184928894043,1345300.0,ADT
2018-07-25,16.5,16.5,15.949999809265135,16.049999237060547,15.241209983825685,302600.0,ADTN
2018-07-25,64.30000305175781,66.69999694824219,63.95000076293945,66.40000152587889,66.40000152587889,73500.0,ADUS
2018-07-25,4.949999809265137,5.375,4.900000095367432,5.199999809265137,5.199999809265137,594000.0,ADVM
2018-07-25,16.040000915527347,16.15999984741211,16.020000457763672,16.15999984741211,12.996831893920898,119500.0,ADX
2018-07-25,22.649999618530273,22.79999923706055,21.915000915527344,22.5,22.5,13400.0,ADXS
2018-07-25,40.5,40.79999923706055,39.86000061035156,40.349998474121094,38.51414108276367,9100.0,AE
2018-07-25,24.920000076293945,25.07999992370605,24.899999618530273,25.03000068664551,23.96257781982422,19200.0,AEB
2018-07-25,60.90999984741211,61.52000045776367,60.68999862670898,61.36000061035156,58.62487030029297,1402000.0,AEE
2018-07-25,7.119999885559082,7.170000076293945,7.119999885559082,7.1599998474121085,6.70939826965332,136900.0,AEF
2018-07-25,6.309999942779541,6.320000171661378,6.25,6.320000171661378,5.684969902038574,1199500.0,AEG
2018-07-25,25.01000022888184,25.11000061035156,24.43000030517578,24.739999771118164,24.739999771118164,81500.0,AEGN
2018-07-25,2.549999952316284,2.5699999332427983,2.440000057220459,2.5299999713897705,2.5299999713897705,116700.0,AEHR
2018-07-25,58.81999969482422,58.95000076293945,56.22000122070313,57.45000076293945,57.45000076293945,464500.0,AEIS
2018-07-25,35.150001525878906,35.310001373291016,34.509998321533196,34.990001678466804,34.353973388671875,309300.0,AEL
2018-07-25,44.72000122070313,44.900001525878906,43.93999862670898,44.84000015258789,43.81103515625,928000.0,AEM
2018-07-25,19.350000381469727,19.5,19.200000762939453,19.350000381469727,19.350000381469727,1700.0,AEMD
2018-07-25,24.459999084472656,25.979999542236328,24.459999084472656,25.53000068664551,24.357763290405273,8031400.0,AEO
2018-07-25,68.75,69.84999847412111,68.5,69.37999725341797,65.5838623046875,2581500.0,AEP
2018-07-25,55.70000076293945,56.1500015258789,55.5099983215332,56.13999938964844,56.13999938964844,709600.0,AER
2018-07-25,70.55000305175781,72.0999984741211,69.50499725341797,71.4000015258789,71.4000015258789,414000.0,AERI
2018-07-25,13.149999618530273,13.40999984741211,13.130000114440918,13.399999618530273,12.64600944519043,10616600.0,AES
2018-07-25,9.81999969482422,9.81999969482422,9.81999969482422,9.81999969482422,9.81999969482422,100.0,AESE
2018-07-25,1.4600000381469729,1.4900000095367432,1.4500000476837158,1.4800000190734863,1.4800000190734863,3400.0,AEY
2018-07-25,8.5,8.5,7.75,8.25,8.25,4100.0,AEYE
2018-07-25,1.8600000143051147,1.8799999952316284,1.8400000333786009,1.8600000143051147,1.8600000143051147,32800.0,AEZS
2018-07-25,12.65999984741211,12.6899995803833,12.649999618530273,12.649999618530273,11.75311279296875,18600.0,AFB
2018-07-25,25.57999992370605,25.57999992370605,25.489999771118164,25.5,22.66415786743164,6300.0,AFC
2018-07-25,111.3000030517578,111.5,110.22000122070312,111.3499984741211,103.72576904296876,211100.0,AFG
2018-07-25,25.88999938964844,25.88999938964844,25.70000076293945,25.71999931335449,23.24185562133789,5200.0,AFGH
2018-07-25,8.800000190734863,8.899999618530273,8.600000381469728,8.699999809265138,8.699999809265138,52700.0,AFH
2018-07-25,13.520000457763672,13.520000457763672,12.729999542236328,12.880000114440918,12.880000114440918,189600.0,AFI
2018-07-25,13.850000381469727,14.4399995803833,13.850000381469727,14.050000190734865,11.62679386138916,397400.0,AFIN
2018-07-25,43.72999954223633,43.810001373291016,43.34000015258789,43.77999877929688,42.1713752746582,2272600.0,AFL
2018-07-25,1.75,1.7999999523162842,1.75,1.75,1.75,105000.0,AFMD
2018-07-25,16.200000762939453,16.209999084472653,16.129999160766598,16.139999389648438,14.033872604370115,30800.0,AFT
2018-07-25,6.6599998474121085,6.710000038146973,6.570000171661378,6.679999828338622,6.679999828338622,1992400.0,AG
2018-07-25,59.47999954223633,59.88999938964844,58.18000030517578,59.47000122070313,58.49796676635742,1268100.0,AGCO
2018-07-25,10.350000381469727,10.43000030517578,10.34000015258789,10.399999618530273,9.061992645263672,15500.0,AGD
2018-07-25,1.940000057220459,1.9700000286102293,1.8600000143051147,1.870000004768372,1.870000004768372,999400.0,AGEN
2018-07-25,7.059999942779541,7.0900001525878915,7.0,7.019999980926514,7.019999980926514,64000.0,AGFS
2018-07-25,5.420000076293945,5.789999961853027,5.4099998474121085,5.670000076293945,5.596735954284668,3659900.0,AGI
2018-07-25,84.58000183105469,87.55000305175781,84.27999877929688,85.0,85.0,728300.0,AGIO
2018-07-25,8.859999656677246,9.649999618530273,8.859999656677246,9.520000457763672,9.520000457763672,195100.0,AGLE
2018-07-25,86.91000366210938,86.91000366210938,86.16999816894531,86.7699966430664,80.64604949951172,700.0,AGM-A
2018-07-25,96.88999938964844,97.9000015258789,94.9499969482422,97.25,90.9365005493164,63700.0,AGM
2018-07-25,13.56999969482422,13.989999771118164,13.510000228881836,13.989999771118164,13.989999771118164,2300.0,AGMH
2018-07-25,175.0,177.2899932861328,174.3800048828125,176.8300018310547,171.40745544433594,2073500.0,AGN
2018-07-25,19.18000030517578,19.280000686645508,19.15999984741211,19.25,15.679438591003418,2967100.0,AGNC
2018-07-25,26.040000915527344,26.040000915527344,25.70000076293945,25.709999084472656,22.72573280334473,28300.0,AGNCN
2018-07-25,37.16999816894531,37.27000045776367,36.790000915527344,37.02000045776367,35.95150756835937,557700.0,AGO
2018-07-25,48.97999954223633,50.290000915527344,48.75,49.86999893188477,46.93478012084961,1022800.0,AGR
2018-07-25,8.319999694824219,8.630000114440918,8.319999694824219,8.630000114440918,8.630000114440918,472500.0,AGRO
2018-07-25,0.3580000102519989,0.35899999737739563,0.2700000107288361,0.2899999916553497,0.2899999916553497,2196800.0,AGRX
2018-07-25,28.459999084472656,28.88999938964844,27.790000915527344,27.85000038146973,27.85000038146973,283100.0,AGS
2018-07-25,4.099999904632568,4.349999904632568,4.099999904632568,4.25,4.25,73600.0,AGTC
2018-07-25,37.5,37.650001525878906,37.0,37.599998474121094,36.294246673583984,167600.0,AGX
2018-07-25,16.549999237060547,16.709999084472653,16.270000457763672,16.510000228881836,16.510000228881836,79500.0,AGYS
2018-07-25,4.53000020980835,4.550000190734863,4.449999809265137,4.5,3.887850046157837,17600.0,AHC
2018-07-25,15.06999969482422,15.210000038146973,15.020000457763672,15.050000190734865,13.583205223083494,270900.0,AHH
2018-07-25,2.359999895095825,2.4200000762939453,2.3499999046325684,2.3499999046325684,2.3499999046325684,25200.0,AHPI
2018-07-25,7.984189510345459,8.083003997802733,7.855731010437013,7.9347825050354,6.919107913970947,239500.0,AHT
2018-07-25,10.079999923706056,10.369999885559082,10.010000228881836,10.350000381469727,8.091662406921388,826300.0,AI
2018-07-25,24.18000030517578,24.18000030517578,23.91399955749512,24.149999618530273,21.361576080322266,800.0,AIC
2018-07-25,15.5,15.520000457763672,15.40999984741211,15.43000030517578,13.340587615966795,52200.0,AIF
2018-07-25,53.599998474121094,53.72999954223633,52.97999954223633,53.56999969482422,50.83080291748047,3412800.0,AIG
2018-07-25,4.670000076293945,4.670000076293945,4.309999942779541,4.349999904632568,4.349999904632568,17500.0,AIHS
2018-07-25,13.574199676513672,13.574199676513672,12.812999725341795,13.059399604797365,13.059399604797365,6141.0,AIM
2018-07-25,44.45000076293945,44.90999984741211,44.0,44.650001525878906,42.800235748291016,146500.0,AIMC
2018-07-25,29.71999931335449,30.32500076293945,28.70000076293945,28.85000038146973,28.85000038146973,434600.0,AIMT
2018-07-25,64.40000152587889,65.34999847412111,63.4000015258789,65.25,63.903076171875,90600.0,AIN
2018-07-25,76.33000183105469,76.33000183105469,73.73500061035156,76.01000213623047,76.01000213623047,3300.0,AINC
2018-07-25,17.670000076293945,17.729999542236328,17.489999771118164,17.700000762939453,14.206084251403807,167300.0,AINV
2018-07-25,46.29999923706055,46.97000122070313,46.02999877929688,46.93999862670898,46.2397689819336,217200.0,AIR
2018-07-25,10.270999908447266,10.59000015258789,10.079999923706056,10.289999961853027,10.289999961853027,45500.0,AIRG
2018-07-25,1.4900000095367432,1.5099999904632568,1.4800000190734863,1.4900000095367432,1.4900000095367432,9700.0,AIRI
2018-07-25,22.76666641235352,23.18666648864746,21.80666732788086,22.933332443237305,22.933332443237305,5800.0,AIRT
2018-07-25,74.0,74.44999694824219,73.0,73.55000305175781,71.02429962158203,161400.0,AIT
2018-07-25,41.599998474121094,42.15999984741211,41.56999969482422,42.04999923706055,39.76042938232422,674900.0,AIV
2018-07-25,23.989999771118164,23.989999771118164,23.989999771118164,23.989999771118164,21.647872924804688,300.0,AIW
2018-07-25,107.19000244140624,108.1500015258789,106.94000244140624,108.05999755859376,104.05833435058594,504300.0,AIZ
2018-07-25,115.62999725341795,115.62999725341795,115.62999725341795,115.62999725341795,104.8027801513672,0.0,AIZP
2018-07-25,70.37999725341797,71.23999786376953,70.37000274658203,71.16000366210938,68.71598815917969,901200.0,AJG
2018-07-25,28.90999984741211,28.989999771118164,28.149999618530273,28.559999465942386,28.559999465942386,644700.0,AJRD
2018-07-25,13.34000015258789,13.350000381469727,13.220000267028807,13.270000457763672,11.211246490478516,18100.0,AJX
2018-07-25,24.8799991607666,24.8799991607666,24.739999771118164,24.739999771118164,21.70805549621582,1100.0,AJXA
2018-07-25,79.44999694824219,80.76000213623047,78.5199966430664,80.12999725341797,80.12999725341797,2464500.0,AKAM
2018-07-25,10.460000038146973,10.6899995803833,10.4399995803833,10.649999618530273,10.649999618530273,636100.0,AKBA
2018-07-25,32.22999954223633,33.97999954223633,31.540000915527344,32.990001678466804,32.990001678466804,236000.0,AKCA
2018-07-25,69.31199645996094,69.69599914550781,63.36000061035156,67.39199829101561,67.39199829101561,8500.0,AKER
2018-07-25,1.0800000429153442,1.0900000333786009,1.0599999427795408,1.0700000524520874,1.0700000524520874,181300.0,AKG
2018-07-25,26.989999771118164,27.239999771118164,26.53000068664551,27.209999084472656,25.00718116760254,643400.0,AKR
2018-07-25,17.469999313354492,18.030000686645508,17.350000381469727,17.489999771118164,17.489999771118164,2320600.0,AKRX
2018-07-25,8.640000343322754,8.895999908447266,8.390000343322754,8.8100004196167,8.8100004196167,73000.0,AKTS
2018-07-25,2.049999952316284,2.1099998950958248,2.049999952316284,2.0999999046325684,2.0999999046325684,6800.0,AKTX
2018-07-25,43.0099983215332,43.34000015258789,42.68000030517578,43.31999969482422,41.90002822875977,322800.0,AL
2018-07-25,90.54000091552734,91.93000030517578,90.30999755859376,91.79000091552734,88.81273651123047,1115600.0,ALB
2018-07-25,32.34999847412109,32.93000030517578,31.76000022888184,32.09999847412109,32.09999847412109,28700.0,ALBO
2018-07-25,31.1299991607666,31.45000076293945,31.1299991607666,31.25,30.77735710144043,1500.0,ALCO
2018-07-25,7.5,7.6500000953674325,7.199999809265138,7.3499999046325675,7.3499999046325675,127300.0,ALDX
2018-07-25,77.06999969482422,77.9000015258789,76.94000244140625,76.98999786376953,73.16494750976562,181900.0,ALE
2018-07-25,24.13999938964844,24.15999984741211,23.82999992370605,24.0,23.04022789001465,407900.0,ALEX
2018-07-25,89.8499984741211,90.0,88.12000274658203,89.54000091552734,88.8902816772461,50700.0,ALG
2018-07-25,374.6900024414063,383.4599914550781,373.0,381.7699890136719,381.7699890136719,975500.0,ALGN
2018-07-25,10.18000030517578,10.1899995803833,10.18000030517578,10.18000030517578,10.18000030517578,17300.0,ALGRU
2018-07-25,139.5,140.30000305175778,138.05000305175778,139.30000305175778,134.45176696777344,259400.0,ALGT
2018-07-25,1.1299999952316284,1.190000057220459,1.1299999952316284,1.149999976158142,1.149999976158142,404300.0,ALIM
2018-07-25,2.0899999141693115,2.150000095367432,2.0299999713897705,2.1199998855590816,2.1199998855590816,10200.0,ALJJ
2018-07-25,59.209999084472656,59.63000106811523,58.209999084472656,59.11000061035156,56.96256637573242,3050800.0,ALK
2018-07-25,45.209999084472656,45.209999084472656,43.43000030517578,43.959999084472656,43.959999084472656,1257200.0,ALKS
2018-07-25,92.93000030517578,93.75,92.76000213623048,93.75,90.56507873535156,1488300.0,ALL
2018-07-25,80.0,80.36000061035156,78.41000366210938,80.08999633789062,78.65193939208984,1090500.0,ALLE
2018-07-25,38.29999923706055,40.13999938964844,37.81999969482422,39.29999923706055,39.29999923706055,543600.0,ALLK
2018-07-25,5.21999979019165,5.269999980926514,5.1599998474121085,5.199999809265137,5.199999809265137,115800.0,ALLT
2018-07-25,27.84000015258789,28.040000915527344,27.6299991607666,27.959999084472656,26.86430931091309,3744000.0,ALLY
2018-07-25,10.789999961853027,10.90999984741211,10.479999542236328,10.579999923706056,10.579999923706056,44900.0,ALNA
2018-07-25,102.94000244140624,106.51000213623048,101.98999786376952,105.73999786376952,105.73999786376952,646900.0,ALNY
2018-07-25,1.4199999570846558,1.4299999475479126,1.399999976158142,1.4199999570846558,1.4199999570846558,66500.0,ALO
2018-07-25,18.850000381469727,19.200000762939453,18.399999618530273,18.600000381469727,17.96932029724121,16800.0,ALOT
2018-07-25,8.310000419616701,8.510000228881836,8.159999847412111,8.510000228881836,8.510000228881836,5900.0,ALPN
2018-07-25,43.38999938964844,43.9900016784668,43.099998474121094,43.88999938964844,43.88999938964844,275100.0,ALRM
2018-07-25,3.990000009536743,3.990000009536743,3.5999999046325684,3.7000000476837163,3.7000000476837163,83400.0,ALRN
2018-07-25,26.35000038146973,26.35000038146973,26.35000038146973,26.35000038146973,25.095836639404297,500.0,ALRS
2018-07-25,1.6299999952316284,1.6299999952316284,1.5900000333786009,1.6100000143051147,1.6100000143051147,88000.0,ALSK
2018-07-25,41.45000076293945,41.68999862670898,40.90999984741211,41.56999969482422,40.58950805664063,1148000.0,ALSN
2018-07-25,11.100000381469727,11.699999809265135,10.529999732971193,11.130000114440918,11.130000114440918,12000.0,ALT
2018-07-25,35.810001373291016,37.209999084472656,35.77000045776367,36.45000076293945,36.45000076293945,308400.0,ALTR
2018-07-25,101.2300033569336,104.43000030517578,99.9800033569336,103.94000244140624,98.30168914794922,1430600.0,ALV
2018-07-25,381.92999267578125,381.92999267578125,379.0,380.0400085449219,347.00604248046875,3500.0,ALX
2018-07-25,135.42999267578122,137.6199951171875,134.25,137.17999267578122,137.17999267578122,1406700.0,ALXN
2018-07-25,5.179999828338623,5.230000019073486,5.179999828338623,5.190000057220459,3.845743417739868,3000.0,ALYA
2018-07-25,19.059999465942386,19.520000457763672,18.93000030517578,19.399999618530273,16.243751525878903,877100.0,AM
2018-07-25,21.350000381469727,21.950000762939453,21.350000381469727,21.850000381469727,21.850000381469727,998200.0,AMAG
2018-07-25,45.790000915527344,46.06999969482422,45.13000106811523,45.959999084472656,44.53511047363281,9276400.0,AMAT
2018-07-25,38.52999877929688,39.38999938964844,38.02999877929688,39.349998474121094,39.349998474121094,805100.0,AMBA
2018-07-25,20.270000457763672,20.270000457763672,19.8700008392334,20.07999992370605,20.07999992370605,181400.0,AMBC
2018-07-25,7.050000190734862,7.360000133514403,7.0,7.0,7.0,14800.0,AMBO
2018-07-25,15.550000190734865,15.68000030517578,15.199999809265135,15.25,12.763073921203613,1408200.0,AMC
2018-07-25,0.19599999487400052,0.20000000298023224,0.19599999487400052,0.20000000298023224,0.20000000298023224,3000.0,AMCI
2018-07-25,10.539999961853027,10.539999961853027,10.539999961853027,10.539999961853027,9.639790534973145,0.0,AMCR
2018-07-25,60.06000137329102,60.31000137329102,59.04999923706055,59.9000015258789,59.9000015258789,657000.0,AMCX
2018-07-25,16.299999237060547,16.389999389648438,15.720000267028807,16.049999237060547,16.049999237060547,82604900.0,AMD
2018-07-25,73.37000274658203,75.43000030517578,73.27999877929688,75.31999969482422,74.39110565185547,1580300.0,AME
2018-07-25,94.18000030517578,96.63999938964844,93.95999908447266,95.76000213623048,95.76000213623048,345600.0,AMED
2018-07-25,26.670000076293945,26.670000076293945,25.489999771118164,25.489999771118164,25.489999771118164,42300.0,AMEH
2018-07-25,151.77999877929688,151.77999877929688,149.6999969482422,150.91000366210938,147.54611206054688,327800.0,AMG
2018-07-25,191.6199951171875,193.4600067138672,190.7700042724609,193.0399932861328,183.48358154296875,2009300.0,AMGN
2018-07-25,22.239999771118164,22.520000457763672,22.11000061035156,22.11000061035156,21.785125732421875,2564500.0,AMH
2018-07-25,27.31999969482422,27.940000534057614,27.190000534057614,27.940000534057614,24.320520401000977,1269500.0,AMJ
2018-07-25,8.779999732971191,8.800000190734863,8.529999732971191,8.630000114440918,8.630000114440918,1022000.0,AMKR
2018-07-25,60.9000015258789,61.349998474121094,60.599998474121094,61.349998474121094,61.349998474121094,280100.0,AMN
2018-07-25,40.20000076293945,40.849998474121094,40.150001525878906,40.5,38.472557067871094,4200.0,AMNB
2018-07-25,47.349998474121094,48.16999816894531,46.27999877929688,46.66999816894531,46.40278244018555,70600.0,AMOT
2018-07-25,17.100000381469727,17.149999618530273,17.030000686645508,17.030000686645508,16.450027465820312,2300.0,AMOV
2018-07-25,144.47000122070312,149.25,142.52000427246094,145.25,138.75090026855472,1785400.0,AMP
2018-07-25,3.0199999809265137,3.150000095367432,2.940000057220459,2.990000009536743,2.990000009536743,1240300.0,AMPE
2018-07-25,17.149999618530273,17.290000915527347,16.979999542236328,17.200000762939453,17.200000762939453,139700.0,AMPH
2018-07-25,12.960000038146973,12.960000038146973,12.75,12.890000343322756,10.738602638244627,74600.0,AMPY
2018-07-25,15.75,15.75,15.75,15.75,15.302438735961914,100.0,AMRB
2018-07-25,12.699999809265135,12.949999809265135,12.420000076293945,12.850000381469727,12.850000381469727,123500.0,AMRC
2018-07-25,37.25,37.5,33.75,35.5,35.5,14700.0,AMRH
2018-07-25,12.3100004196167,12.399999618530273,12.25,12.395000457763672,12.395000457763672,81000.0,AMRK
2018-07-25,2.75,2.7699999809265137,2.7100000381469727,2.720000028610229,2.720000028610229,1585700.0,AMRN
2018-07-25,6.730000019073486,6.989999771118164,6.730000019073486,6.869999885559082,6.869999885559082,396600.0,AMRS
2018-07-25,19.200000762939453,19.459999084472656,18.88599967956543,19.100000381469727,19.100000381469727,1513600.0,AMRX
2018-07-25,3.130000114440918,3.220000028610229,3.0499999523162837,3.0999999046325684,3.0999999046325684,72800.0,AMS
2018-07-25,4.940000057220459,5.019999980926514,4.849999904632568,4.940000057220459,4.940000057220459,108400.0,AMSC
2018-07-25,62.45000076293945,63.04999923706055,61.95000076293945,63.04999923706055,55.109580993652344,43100.0,AMSF
2018-07-25,15.170000076293945,15.300000190734865,14.949999809265135,15.109999656677244,14.135550498962402,72600.0,AMSWA
2018-07-25,141.24000549316406,143.35000610351562,141.1199951171875,142.94000244140625,138.60528564453122,1572200.0,AMT
2018-07-25,59.90999984741211,60.75,59.38000106811523,60.63000106811523,58.20001602172852,1810700.0,AMTD
2018-07-25,1.4700000286102295,1.4700000286102295,1.2799999713897705,1.315000057220459,1.315000057220459,43600.0,AMTX
2018-07-25,16.860000610351562,17.450000762939453,16.860000610351562,17.420000076293945,15.152297019958494,25200.0,AMU
2018-07-25,16.889999389648438,16.889999389648438,16.889999389648438,16.889999389648438,14.694835662841795,0.0,AMUB
2018-07-25,82.94999694824219,82.94999694824219,80.83999633789062,82.0999984741211,82.0999984741211,218800.0,AMWD
2018-07-25,17.079999923706055,17.260000228881836,16.989999771118164,17.129999160766598,16.553266525268555,2308300.0,AMX
2018-07-25,1829.300048828125,1863.8399658203125,1822.6400146484373,1863.6099853515625,1863.6099853515625,3738200.0,AMZN
2018-07-25,47.31000137329102,47.31000137329102,45.2599983215332,46.27999877929688,46.27999877929688,1711400.0,AN
2018-07-25,73.44000244140625,82.1449966430664,73.44000244140625,81.56999969482422,81.56999969482422,542200.0,ANAB
2018-07-25,125.08000183105469,125.7699966430664,122.58999633789062,125.36000061035156,118.74681854248048,45600.0,ANAT
2018-07-25,34.84999847412109,34.950000762939446,34.34999847412109,34.950000762939446,33.383346557617195,78000.0,ANDE
2018-07-25,266.02999877929693,275.98001098632807,266.02999877929693,274.3099975585937,274.3099975585937,520200.0,ANET
2018-07-25,24.31999969482422,24.53000068664551,23.690000534057614,24.18000030517578,22.326568603515625,2348300.0,ANF
2018-07-25,16.389999389648438,17.020000457763672,16.389999389648438,16.979999542236328,16.979999542236328,259900.0,ANGI
2018-07-25,21.309999465942386,21.600000381469727,21.239999771118164,21.5,21.5,303500.0,ANGO
2018-07-25,4.949999809265137,5.0,4.940000057220459,4.960000038146973,4.155392646789552,372300.0,ANH
2018-07-25,34.279998779296875,34.549999237060554,33.700000762939446,33.97999954223633,33.97999954223633,188400.0,ANIK
2018-07-25,70.72000122070312,71.97000122070312,70.47000122070312,71.23999786376953,71.23999786376953,152200.0,ANIP
2018-07-25,3.440000057220459,3.440000057220459,3.309999942779541,3.4200000762939453,3.4200000762939453,36200.0,ANIX
2018-07-25,175.91000366210938,177.74000549316406,175.5800018310547,177.50999450683594,177.50999450683594,434300.0,ANSS
2018-07-25,2.75,2.8499999046325684,2.700000047683716,2.799999952316284,2.799999952316284,8100.0,ANTE
2018-07-25,247.3999938964844,248.75,240.2899932861328,247.92999267578125,242.88845825195312,2443000.0,ANTM
2018-07-25,0.014999999664723871,0.014999999664723871,0.014999999664723871,0.014999999664723871,0.014999999664723871,0.0,ANVS
2018-07-25,3.776000022888184,3.776000022888184,3.5999999046325684,3.7200000286102295,3.7200000286102295,30000.0,ANY
2018-07-25,10.100000381469727,10.100000381469727,9.720000267028807,9.869999885559082,9.869999885559082,1218500.0,AOBC
2018-07-25,8.829999923706055,8.890000343322754,8.819999694824219,8.880000114440918,7.704483032226562,243100.0,AOD
2018-07-25,147.00999450683594,147.7899932861328,146.50999450683594,147.7100067138672,144.82586669921875,877900.0,AON
2018-07-25,58.7400016784668,59.59000015258789,56.29999923706055,58.41999816894531,56.570701599121094,4045100.0,AOS
2018-07-25,14.029999732971193,14.130000114440918,13.510000228881836,13.979999542236328,13.979999542236328,66000.0,AOSL
2018-07-25,9.75,9.949999809265137,9.600000381469727,9.949999809265137,9.949999809265137,18900.0,AP
2018-07-25,45.1500015258789,45.9900016784668,44.88999938964844,45.70000076293945,43.46203231811523,2066500.0,APA
2018-07-25,32.400001525878906,32.549999237060554,31.899999618530273,32.549999237060554,28.088586807250977,154000.0,APAM
2018-07-25,155.2899932861328,157.47000122070312,154.52999877929688,157.3000030517578,150.9129638671875,1348100.0,APD
2018-07-25,55.599998474121094,56.4000015258789,55.20000076293945,55.20000076293945,55.20000076293945,300.0,APDN
2018-07-25,43.849998474121094,45.0,43.790000915527344,45.0,45.0,125000.0,APEI
2018-07-25,8.289999961853027,8.289999961853027,8.199999809265138,8.220000267028809,8.220000267028809,33500.0,APEN
2018-07-25,1.350000023841858,1.4700000286102295,1.2000000476837158,1.2000000476837158,1.2000000476837158,99000.0,APEX
2018-07-25,90.0,93.16999816894531,90.0,93.04000091552734,91.37186431884766,2175500.0,APH
2018-07-25,8.210000038146973,8.319999694824219,7.940000057220459,7.98199987411499,7.98199987411499,392200.0,APHA
2018-07-25,18.020000457763672,18.100000381469727,17.850000381469727,17.989999771118164,15.877873420715332,988100.0,APLE
2018-07-25,17.610000610351562,18.15999984741211,17.200000762939453,17.559999465942386,17.559999465942386,202500.0,APLS
2018-07-25,35.90999984741211,35.97999954223633,35.33000183105469,35.380001068115234,31.751060485839844,524800.0,APO
2018-07-25,48.29999923706055,48.5099983215332,47.58000183105469,48.4900016784668,47.13812637329102,138500.0,APOG
2018-07-25,35.54999923706055,35.54999923706055,35.049999237060554,35.400001525878906,35.400001525878906,700.0,APOP
2018-07-25,65.59999847412111,66.92500305175781,65.5,66.80000305175781,66.80000305175781,61500.0,APPF
2018-07-25,32.25,33.544998168945305,32.150001525878906,33.200000762939446,33.200000762939446,384500.0,APPN
2018-07-25,1.3899999856948853,1.440000057220459,1.3600000143051147,1.3700000047683716,1.3700000047683716,151600.0,APPS
2018-07-25,44.099998474121094,47.54999923706055,44.099998474121094,46.5,46.5,243600.0,APRN
2018-07-25,3.4500000476837163,3.4500000476837163,3.400000095367432,3.4500000476837163,3.4500000476837163,11800.0,APT
2018-07-25,2.799999952316284,2.9300000667572017,2.759999990463257,2.900000095367432,2.900000095367432,251200.0,APTO
2018-07-25,17.139999389648438,17.309999465942386,16.899999618530273,16.930000305175778,14.844289779663086,215100.0,APTS
2018-07-25,92.51000213623048,95.5500030517578,90.7300033569336,95.1999969482422,93.4761962890625,2684300.0,APTV
2018-07-25,21.450000762939453,21.989999771118164,20.520000457763672,21.51000022888184,21.51000022888184,83500.0,APTX
2018-07-25,66.77999877929689,71.26000213623047,66.77999877929689,70.69999694824219,70.69999694824219,8600.0,APVO
2018-07-25,2.559999942779541,2.650000095367432,2.559999942779541,2.650000095367432,2.5726277828216557,3100.0,APWC
2018-07-25,35.599998474121094,36.15999984741211,35.02000045776367,35.900001525878906,35.900001525878906,310700.0,APY
2018-07-25,2.940000057220459,3.039999961853028,2.900000095367432,2.9100000858306885,2.9100000858306885,26000.0,AQB
2018-07-25,2.990000009536743,3.150000095367432,2.9500000476837163,3.0199999809265137,3.0199999809265137,231700.0,AQMS
2018-07-25,9.869999885559082,9.880000114440918,9.760000228881836,9.81999969482422,9.068180084228516,93700.0,AQN
2018-07-25,15.100000381469727,19.299999237060547,15.020000457763672,16.049999237060547,16.049999237060547,3144000.0,AQST
2018-07-25,21.559999465942386,22.0,21.299999237060547,21.36000061035156,21.36000061035156,312000.0,AQUA
2018-07-25,21.1299991607666,21.270000457763672,20.8700008392334,21.270000457763672,21.270000457763672,1821700.0,AR
2018-07-25,16.569999694824222,17.0,16.569999694824222,16.899999618530273,16.899999618530273,116300.0,ARA
2018-07-25,12.0,12.300000190734865,10.5,11.100000381469727,11.100000381469727,189800.0,ARAV
2018-07-25,4.0,4.099999904632568,4.0,4.099999904632568,4.099999904632568,304100.0,ARAY
2018-07-25,2.400000095367432,2.4300000667572017,2.240000009536743,2.240000009536743,2.2230303287506104,195500.0,ARC
2018-07-25,44.20000076293945,45.5,43.599998474121094,45.4000015258789,44.61428451538086,343400.0,ARCB
2018-07-25,16.889999389648438,16.959999084472653,16.860000610351562,16.899999618530273,14.293522834777832,1158900.0,ARCC
2018-07-25,81.77999877929688,83.5,81.38500213623047,83.36000061035156,79.9828109741211,231500.0,ARCH
2018-07-25,7.0,7.0999999046325675,6.9000000953674325,6.949999809265138,6.791440486907959,383000.0,ARCO
2018-07-25,8.479999542236326,8.479999542236326,8.039999961853027,8.319999694824219,8.319999694824219,19300.0,ARCT
2018-07-25,16.799999237060547,16.809999465942386,16.430000305175778,16.700000762939453,15.60551643371582,31600.0,ARD
2018-07-25,16.010000228881836,16.010000228881836,15.899999618530273,15.920000076293945,13.728580474853516,60100.0,ARDC
2018-07-25,4.099999904632568,4.175000190734863,4.0,4.125,4.125,186400.0,ARDX
2018-07-25,122.72000122070312,123.98999786376952,122.47000122070312,123.33999633789062,117.29185485839844,314600.0,ARE
2018-07-25,1.1299999952316284,1.1299999952316284,1.1299999952316284,1.1299999952316284,1.1299999952316284,0.0,AREC
2018-07-25,21.149999618530273,21.350000381469727,21.049999237060547,21.100000381469727,19.39137077331543,205500.0,ARES
2018-07-25,25.32999992370605,25.36000061035156,25.31999969482422,25.35000038146973,22.67688751220703,5300.0,ARGD
2018-07-25,59.4000015258789,61.9000015258789,59.4000015258789,61.75,59.81594848632813,78600.0,ARGO
2018-07-25,95.16000366210938,95.6500015258789,94.37999725341795,94.44000244140624,94.44000244140624,90200.0,ARGX
2018-07-25,18.82999992370605,19.09000015258789,18.81999969482422,19.020000457763672,15.644128799438475,1438900.0,ARI
2018-07-25,24.07999992370605,24.649999618530273,23.51000022888184,23.51000022888184,21.539899826049805,7500.0,ARKR
2018-07-25,18.0,18.84000015258789,18.0,18.84000015258789,18.84000015258789,2900.0,ARL
2018-07-25,19.200000762939453,19.5,18.899999618530273,19.25,15.35429573059082,561100.0,ARLP
2018-07-25,39.43000030517578,40.790000915527344,39.34000015258789,40.65999984741211,39.827392578125,2582700.0,ARMK
2018-07-25,14.84000015258789,15.119999885559082,14.279999732971193,14.699999809265135,14.699999809265135,6100.0,ARMP
2018-07-25,41.349998474121094,42.11000061035156,40.29999923706055,40.66999816894531,40.66999816894531,654600.0,ARNA
2018-07-25,19.399999618530273,19.420000076293945,18.959999084472656,19.26000022888184,19.02848243713379,2133500.0,ARNC
2018-07-25,12.600000381469727,12.829999923706055,12.5,12.800000190734865,11.633813858032227,701100.0,AROC
2018-07-25,36.6669807434082,36.6669807434082,36.38420104980469,36.57271957397461,34.659286499023445,10900.0,AROW
2018-07-25,4.230000019073486,4.255000114440918,4.1599998474121085,4.199999809265137,4.199999809265137,85600.0,ARPO
2018-07-25,22.899999618530273,23.07999992370605,22.899999618530273,22.959999084472656,19.02091407775879,278600.0,ARR
2018-07-25,1.2699999809265137,1.2699999809265137,1.2699999809265137,1.2699999809265137,1.2699999809265137,0.0,ARTL
2018-07-25,37.72000122070313,38.36999893188477,35.70000076293945,37.61000061035156,35.88817596435547,13000.0,ARTNA
2018-07-25,2.809999942779541,2.8499999046325684,2.75,2.75,2.75,3000.0,ARTW
2018-07-25,74.94999694824219,75.58000183105469,74.47000122070312,75.41000366210938,75.41000366210938,404000.0,ARW
2018-07-25,16.639999389648438,17.299999237060547,16.610000610351562,16.889999389648438,16.889999389648438,1450300.0,ARWR
2018-07-25,9.960000038146973,10.010000228881836,9.920000076293944,9.979999542236328,9.949921607971193,41800.0,ASA
2018-07-25,27.85000038146973,27.85000038146973,27.25,27.54999923706055,26.0461483001709,1175600.0,ASB
2018-07-25,7.0,7.0999999046325675,6.6500000953674325,7.050000190734862,6.992308139801025,412100.0,ASC
2018-07-25,3.0,3.0499999523162837,2.8499999046325684,3.0499999523162837,3.0499999523162837,1700.0,ASFI
2018-07-25,6.809999942779541,7.0999999046325675,6.809999942779541,6.989999771118164,6.078556537628174,91400.0,ASG
2018-07-25,84.12999725341797,86.81999969482422,83.52999877929688,86.76000213623047,86.76000213623047,325900.0,ASGN
2018-07-25,81.88999938964844,82.29000091552734,81.02999877929688,81.80000305175781,79.85516357421875,1093100.0,ASH
2018-07-25,38.95000076293945,39.22000122070313,38.290000915527344,39.18000030517578,39.18000030517578,108600.0,ASIX
2018-07-25,8.199999809265138,8.342000007629395,8.064999580383299,8.100000381469728,8.100000381469728,9600.0,ASLN
2018-07-25,1.1399999856948853,1.1799999475479126,1.1200000047683716,1.1200000047683716,1.1200000047683716,142600.0,ASM
2018-07-25,42.11000061035156,44.349998474121094,41.36999893188477,42.650001525878906,42.650001525878906,156000.0,ASMB
2018-07-25,215.72000122070312,219.07000732421875,214.88999938964844,218.97000122070312,215.50054931640625,2240200.0,ASML
2018-07-25,71.19999694824219,73.5999984741211,70.4000015258789,73.0,73.0,59300.0,ASNA
2018-07-25,67.55999755859375,69.22000122070311,67.09999847412111,68.87999725341797,68.87999725341797,123400.0,ASND
2018-07-25,4.920000076293945,4.920000076293945,4.9099998474121085,4.9099998474121085,4.9099998474121085,1100.0,ASPN
2018-07-25,34.310001373291016,35.20000076293945,33.5,35.009998321533196,35.009998321533196,57700.0,ASPS
2018-07-25,7.0,7.383999824523926,7.0,7.139999866485597,7.139999866485597,23500.0,ASPU
2018-07-25,181.91000366210938,184.6699981689453,179.11000061035156,181.69000244140625,175.54278564453125,49700.0,ASR
2018-07-25,8.180000305175781,8.359999656677246,8.170000076293945,8.350000381469728,8.350000381469728,498500.0,ASRT
2018-07-25,4.25,4.300000190734863,4.2100000381469735,4.260000228881837,4.100118160247804,14300.0,ASRV
2018-07-25,28.5,28.5,28.5,28.5,25.03171157836914,0.0,ASRVP
2018-07-25,3.2699999809265137,3.490000009536743,3.2699999809265137,3.490000009536743,3.490000009536743,15900.0,ASTC
2018-07-25,47.61000061035156,50.7400016784668,47.5099983215332,50.61000061035156,49.53912734985352,482500.0,ASTE
2018-07-25,15.989999771118164,16.120000839233402,15.8100004196167,16.020000457763672,16.020000457763672,295800.0,ASUR
2018-07-25,4.5900001525878915,4.639999866485597,4.570000171661377,4.5900001525878915,4.294590950012207,404400.0,ASX
2018-07-25,5.639999866485597,5.710000038146973,5.53000020980835,5.610000133514403,5.610000133514403,156900.0,ASYS
2018-07-25,2.150000095367432,2.200000047683716,2.0999999046325684,2.0999999046325684,2.0999999046325684,361100.0,AT
2018-07-25,6.4000000953674325,6.4000000953674325,6.3499999046325675,6.4000000953674325,5.600980758666992,59700.0,ATAX
2018-07-25,1.2799999713897705,1.2799999713897705,1.2799999713897705,1.2799999713897705,1.2799999713897705,0.0,ATCO
2018-07-25,2.809999942779541,2.809999942779541,2.6600000858306885,2.799999952316284,2.799999952316284,48400.0,ATEC
2018-07-25,7.1500000953674325,7.25,7.1500000953674325,7.25,7.25,188600.0,ATEN
2018-07-25,26.899999618530273,26.899999618530273,24.54999923706055,25.45000076293945,25.45000076293945,75300.0,ATEX
2018-07-25,54.04999923706055,54.9000015258789,53.79999923706055,54.70000076293945,54.70000076293945,604900.0,ATGE
2018-07-25,45.02999877929688,45.08000183105469,44.40999984741211,44.84000015258789,44.84000015258789,578800.0,ATH
2018-07-25,2.1600000858306885,2.190000057220459,2.150000095367432,2.1600000858306885,2.1600000858306885,4200.0,ATHE
2018-07-25,101.55999755859376,104.25,100.80999755859376,103.73999786376952,103.73999786376952,620300.0,ATHM
2018-07-25,1.9700000286102293,2.0699999332427983,1.950000047683716,2.039999961853028,2.039999961853028,568000.0,ATHX
2018-07-25,28.739999771118164,29.20000076293945,28.51000022888184,28.57999992370605,28.57999992370605,3435500.0,ATI
2018-07-25,23.239999771118164,23.5,23.03000068664551,23.35000038146973,23.35000038146973,352200.0,ATKR
2018-07-25,1.7300000190734863,1.7300000190734863,1.7300000190734863,1.7300000190734863,1.7300000190734863,300.0,ATLC
2018-07-25,31.75,31.75,31.5,31.5,29.68054389953613,3100.0,ATLO
2018-07-25,20.840999603271484,21.13999938964844,20.82999992370605,21.100000381469727,20.20733642578125,18044.0,ATMP
2018-07-25,54.9900016784668,54.9900016784668,52.25,53.5,52.4409065246582,63700.0,ATNI
2018-07-25,0.7839999794960022,0.7969999909400941,0.7699999809265137,0.7879999876022339,0.7879999876022339,969800.0,ATNM
2018-07-25,19.299999237060547,19.790000915527344,19.051000595092773,19.729999542236328,19.729999542236328,314400.0,ATNX
2018-07-25,90.37999725341795,91.12000274658205,90.05000305175781,90.4000015258789,87.20600128173828,241200.0,ATO
2018-07-25,5.559999942779541,5.829999923706055,5.559999942779541,5.809999942779541,5.809999942779541,18000.0,ATOM
2018-07-25,2.390000104904175,2.440000057220459,2.289999961853028,2.4100000858306885,2.4100000858306885,73800.0,ATOS
2018-07-25,94.56999969482422,95.0,94.0500030517578,94.7300033569336,92.6249008178711,182300.0,ATR
2018-07-25,38.900001525878906,39.849998474121094,38.45000076293945,38.70000076293945,38.70000076293945,287700.0,ATRA
2018-07-25,28.46999931335449,29.09000015258789,28.32999992370605,28.78000068664551,28.78000068664551,128800.0,ATRC
2018-07-25,634.0499877929688,635.7999877929688,633.9000244140625,635.6500244140625,626.9480590820312,3100.0,ATRI
2018-07-25,33.01184463500977,33.079524993896484,32.44500732421875,32.96108245849609,32.96108245849609,69700.0,ATRO
2018-07-25,2.720000028610229,2.7799999713897705,2.720000028610229,2.75,2.75,266600.0,ATRS
2018-07-25,22.809999465942386,23.170000076293945,22.57999992370605,23.0,23.0,202800.0,ATSG
2018-07-25,5.9000000953674325,6.25,5.9000000953674325,6.050000190734862,6.050000190734862,76800.0,ATTO
2018-07-25,16.690000534057614,16.864999771118164,16.329999923706055,16.5,16.5,6581100.0,ATUS
2018-07-25,25.479999542236328,26.559999465942386,24.739999771118164,26.059999465942386,23.96435165405273,10800.0,ATV
2018-07-25,78.5999984741211,79.73999786376953,78.31999969482422,79.44999694824219,78.81686401367188,4348100.0,ATVI
2018-07-25,3.98799991607666,4.150000095367432,3.98799991607666,4.150000095367432,4.150000095367432,10000.0,ATXI
2018-07-25,8.300000190734862,8.350000381469728,8.229999542236326,8.319999694824219,8.226482391357424,3497800.0,AU
2018-07-25,41.66999816894531,41.66999816894531,40.4900016784668,40.790000915527344,38.95265197753906,383300.0,AUB
2018-07-25,50.099998474121094,50.099998474121094,49.70000076293945,49.70000076293945,47.58769607543945,700.0,AUBN
2018-07-25,9.0600004196167,9.350000381469727,8.920000076293945,8.949999809265137,8.421449661254883,536500.0,AUDC
2018-07-25,1.100000023841858,1.1100000143051147,1.0709999799728394,1.1100000143051147,1.1100000143051147,100400.0,AUG
2018-07-25,0.3199999928474426,0.3199999928474426,0.2899999916553497,0.30000001192092896,0.30000001192092896,150800.0,AUMN
2018-07-25,5.800000190734862,5.880000114440918,5.800000190734862,5.869999885559082,5.869999885559082,229400.0,AUPH
2018-07-25,23.697999954223636,26.10000038146973,23.697999954223636,24.35000038146973,24.35000038146973,178500.0,AUTL
2018-07-25,3.880000114440918,4.119999885559082,3.880000114440918,3.9800000190734863,3.9800000190734863,29200.0,AUTO
2018-07-25,2.799999952316284,2.8199999332427983,2.759999990463257,2.799999952316284,2.7501332759857178,8719700.0,AUY
2018-07-25,50.22000122070313,50.4000015258789,50.209999084472656,50.2599983215332,47.45249557495117,489800.0,AVA
2018-07-25,8.050000190734862,8.180000305175781,7.769999980926514,7.960000038146973,7.369812488555907,2092800.0,AVAL
2018-07-25,73.56999969482422,74.0,71.87000274658203,73.63999938964844,73.63999938964844,351400.0,AVAV
2018-07-25,171.25999450683594,174.3300018310547,170.9199981689453,172.5,163.05267333984375,659900.0,AVB
2018-07-25,2.609999895095825,2.900000095367432,2.609999895095825,2.900000095367432,2.900000095367432,2700.0,AVCO
2018-07-25,20.950000762939453,21.5,20.75,21.299999237060547,21.11070442199707,32900.0,AVD
2018-07-25,6.550000190734862,6.5900001525878915,6.320000171661378,6.3499999046325675,6.3499999046325675,104500.0,AVDL
2018-07-25,23.79999923706055,23.899999618530273,22.5,23.20000076293945,23.20000076293945,188100.0,AVEO
2018-07-25,217.7100067138672,228.6499938964844,217.7100067138672,225.97000122070312,210.1689453125,9227100.0,AVGO
2018-07-25,13.899999618530273,14.390000343322756,13.8100004196167,14.0,14.0,9700.0,AVGR
2018-07-25,6.639999866485597,6.6599998474121085,6.489999771118164,6.539999961853027,6.1723408699035645,63200.0,AVH
2018-07-25,4.820000171661377,4.96999979019165,4.599999904632568,4.75,4.75,186000.0,AVID
2018-07-25,15.630000114440918,15.630000114440918,15.529999732971193,15.579999923706055,13.27434539794922,65300.0,AVK
2018-07-25,41.02999877929688,44.40999984741211,41.02799987792969,44.349998474121094,44.349998474121094,326000.0,AVLR
2018-07-25,56.65999984741211,57.26499938964844,56.63999938964844,56.84000015258789,56.84000015258789,126700.0,AVNS
2018-07-25,15.529999732971193,15.899999618530273,15.529999732971193,15.899999618530273,15.899999618530273,14200.0,AVNW
2018-07-25,39.040000915527344,40.77999877929688,34.5,39.0099983215332,39.0099983215332,150300.0,AVRO
2018-07-25,43.099998474121094,43.52999877929688,42.84000015258789,43.52000045776367,42.0270881652832,472800.0,AVT
2018-07-25,3.059999942779541,3.0999999046325684,2.650000095367432,2.9600000381469727,2.9600000381469727,778100.0,AVXL
2018-07-25,115.4499969482422,116.3499984741211,111.62999725341795,112.31999969482422,108.45345306396484,1150100.0,AVY
2018-07-25,21.11000061035156,21.239999771118164,20.979999542236328,21.059999465942386,21.059999465942386,814100.0,AVYA
2018-07-25,11.59000015258789,11.600000381469727,11.56999969482422,11.579999923706055,10.239776611328123,139600.0,AWF
2018-07-25,66.30000305175781,66.44999694824219,65.33000183105469,66.40000152587889,65.54824066162111,312300.0,AWI
2018-07-25,87.47000122070312,87.94000244140625,87.05999755859375,87.5199966430664,84.77274322509766,369700.0,AWK
2018-07-25,6.269999980926514,6.28000020980835,6.230000019073486,6.260000228881836,5.337959289550781,272800.0,AWP
2018-07-25,60.13999938964844,60.599998474121094,59.84000015258789,60.25,58.62991333007813,203900.0,AWR
2018-07-25,4.0,4.0,3.900000095367432,3.900000095367432,3.900000095367432,8100.0,AWRE
2018-07-25,3.609999895095825,4.489999771118164,3.0299999713897705,4.320000171661377,4.320000171661377,10660300.0,AWX
2018-07-25,41.459999084472656,41.459999084472656,40.099998474121094,40.2599983215332,40.2599983215332,916400.0,AX
2018-07-25,2.700000047683716,2.740000009536743,2.650000095367432,2.720000028610229,2.720000028610229,1130700.0,AXAS
2018-07-25,20.899999618530273,21.850000381469727,20.899999618530273,21.229999542236328,21.229999542236328,160300.0,AXDX
2018-07-25,71.94999694824219,72.9000015258789,69.94999694824219,70.69999694824219,70.69999694824219,251000.0,AXE
2018-07-25,55.0,56.0,54.4000015258789,55.849998474121094,55.849998474121094,266500.0,AXGN
2018-07-25,19.280000686645508,19.520000457763672,18.559999465942386,19.040000915527344,19.040000915527344,129900.0,AXGT
2018-07-25,15.390000343322756,15.75,14.68000030517578,15.619999885559082,15.619999885559082,5811400.0,AXL
2018-07-25,25.76000022888184,25.770000457763672,25.76000022888184,25.770000457763672,23.16079521179199,1000.0,AXO
2018-07-25,101.2300033569336,102.77999877929688,101.08000183105469,102.62999725341795,99.8800811767578,2549400.0,AXP
2018-07-25,7.4000000953674325,7.4000000953674325,7.4000000953674325,7.4000000953674325,7.4000000953674325,0.0,AXR
2018-07-25,57.70000076293945,58.0,57.209999084472656,57.58000183105469,54.637123107910156,586000.0,AXS
2018-07-25,3.0,3.0499999523162837,2.759999990463257,2.900000095367432,2.900000095367432,175000.0,AXSM
2018-07-25,29.90999984741211,30.125,29.540000915527344,29.85000038146973,29.85000038146973,3366000.0,AXTA
2018-07-25,8.149999618530272,8.25,7.8499999046325675,7.9000000953674325,7.9000000953674325,856100.0,AXTI
2018-07-25,1.2200000286102295,1.2300000190734863,1.2000000476837158,1.2100000381469729,1.2100000381469729,192600.0,AXU
2018-07-25,19.6200008392334,19.96999931335449,19.6200008392334,19.799999237060547,17.555938720703125,178700.0,AY
2018-07-25,130.99000549316406,133.25999450683594,129.91999816894528,133.10000610351562,132.28536987304688,397700.0,AYI
2018-07-25,5.400000095367432,6.0,5.199999809265137,5.599999904632568,5.599999904632568,137500.0,AYTU
2018-07-25,42.31999969482422,44.29800033569336,42.31999969482422,43.75,43.75,612300.0,AYX
2018-07-25,37.060001373291016,37.47000122070313,37.04999923706055,37.43999862670898,35.09543609619141,2712200.0,AZN
2018-07-25,705.02001953125,707.030029296875,698.260009765625,705.719970703125,705.719970703125,272500.0,AZO
2018-07-25,97.94000244140624,100.12000274658205,97.94000244140624,99.8499984741211,99.8499984741211,454400.0,AZPN
2018-07-25,14.529999732971193,14.550000190734865,14.289999961853027,14.5,14.5,62300.0,AZRE
2018-07-25,2.490000009536743,2.490000009536743,2.4300000667572017,2.4300000667572017,2.4300000667572017,5900.0,AZRX
2018-07-25,20.209999084472656,20.8700008392334,20.170000076293945,20.739999771118164,20.739999771118164,1397400.0,AZUL
2018-07-25,54.75,54.849998474121094,53.70000076293945,54.29999923706055,53.04718017578125,165600.0,AZZ
2018-07-25,61.4900016784668,61.65999984741211,60.56999969482422,61.61000061035156,60.41438674926758,196300.0,B
2018-07-25,351.5199890136719,356.29998779296875,345.5,355.9200134277344,342.5639343261719,7378100.0,BA
2018-07-25,190.6100006103516,198.3500061035156,190.13999938964844,197.97999572753903,197.97999572753903,20735400.0,BABA
2018-07-25,30.70000076293945,31.11000061035156,30.670000076293945,31.06999969482422,29.87408447265625,57644100.0,BAC
2018-07-25,13.489999771118164,13.550000190734865,13.489999771118164,13.539999961853027,12.489310264587402,27800.0,BAF
2018-07-25,45.97999954223633,46.08000183105469,45.68000030517578,45.90999984741211,44.71577453613281,1246300.0,BAH
2018-07-25,27.670000076293945,28.29999923706055,27.670000076293945,28.20000076293945,27.435771942138672,660515.0,BAK
2018-07-25,54.90999984741211,54.90999984741211,54.599998474121094,54.599998474121094,54.599998474121094,1600.0,BAL
2018-07-25,42.18999862670898,42.27999877929688,41.849998474121094,42.27999877929688,41.223731994628906,405800.0,BAM
2018-07-25,19.149999618530273,19.149999618530273,18.649999618530273,18.700000762939453,17.928836822509766,527600.0,BANC
2018-07-25,36.81999969482422,37.68999862670898,36.31499862670898,37.52000045776367,37.52000045776367,54300.0,BAND
2018-07-25,64.25,64.25,63.4000015258789,63.849998474121094,61.17980194091797,21700.0,BANF
2018-07-25,27.979999542236328,27.979999542236328,27.979999542236328,27.979999542236328,24.924575805664066,0.0,BANFP
2018-07-25,62.0099983215332,62.0099983215332,60.83000183105469,61.599998474121094,57.9474105834961,163400.0,BANR
2018-07-25,22.899999618530273,22.899999618530273,22.75,22.81999969482422,19.845178604125977,8200.0,BANX
2018-07-25,231.0,232.72000122070312,230.08999633789062,232.4199981689453,205.0763702392578,133000.0,BAP
2018-07-25,12.300000190734865,12.307000160217285,12.270000457763672,12.300000190734865,12.300000190734865,125000.0,BAR
2018-07-25,1.7300000190734863,1.7599999904632568,1.7000000476837158,1.7400000095367432,1.7400000095367432,11500.0,BASI
2018-07-25,25.01000022888184,25.209999084472656,24.86000061035156,25.149999618530273,25.149999618530273,25100.0,BATRA
2018-07-25,25.07999992370605,25.399999618530273,24.989999771118164,25.270000457763672,25.270000457763672,72000.0,BATRK
2018-07-25,75.3499984741211,76.51000213623047,75.3499984741211,76.51000213623047,75.10736846923828,2549500.0,BAX
2018-07-25,10.300000190734863,10.350000381469727,10.0600004196167,10.31999969482422,10.31999969482422,3366200.0,BB
2018-07-25,13.84000015258789,14.479999542236328,13.84000015258789,14.399999618530273,13.939129829406738,328100.0,BBAR
2018-07-25,18.989999771118164,19.200000762939453,18.600000381469727,18.86000061035156,17.149181365966793,3733900.0,BBBY
2018-07-25,9.970000267028807,9.970000267028807,9.970000267028807,9.970000267028807,9.970000267028807,1500.0,BBCP
2018-07-25,6.991666793823242,7.074999809265138,6.949999809265138,7.008333206176758,6.399680137634277,20071300.0,BBD
2018-07-25,12.1899995803833,12.350000381469727,12.1899995803833,12.289999961853027,9.663336753845217,576200.0,BBDC
2018-07-25,7.579999923706055,7.75,7.550000190734862,7.71999979019165,7.092618465423584,3800.0,BBDO
2018-07-25,13.210000038146973,13.229999542236328,13.18000030517578,13.220000267028807,12.159552574157715,12300.0,BBF
2018-07-25,7.300000190734862,7.3499999046325675,6.9000000953674325,7.300000190734862,6.539950370788574,186500.0,BBGI
2018-07-25,9.729999542236328,9.729999542236328,9.3100004196167,9.380000114440918,9.380000114440918,17600.0,BBI
2018-07-25,14.380000114440918,14.399999618530273,14.359999656677244,14.399999618530273,13.25273895263672,10200.0,BBK
2018-07-25,44.2400016784668,45.02000045776367,44.08000183105469,44.9900016784668,37.86751174926758,1009100.0,BBL
2018-07-25,21.86000061035156,21.899999618530273,21.799999237060547,21.84000015258789,19.72530937194824,76400.0,BBN
2018-07-25,6.699999809265138,6.699999809265138,6.5,6.5999999046325675,6.5999999046325675,2500.0,BBQ
2018-07-25,93.72000122070312,96.5,93.0500030517578,96.5,94.03128051757812,28100.0,BBSI
2018-07-25,40.0,40.18000030517578,39.7599983215332,39.7599983215332,39.24612426757813,25200.0,BBU
2018-07-25,7.059999942779541,7.0999999046325675,7.010000228881836,7.0999999046325675,6.61550235748291,3550500.0,BBVA
2018-07-25,7.9000000953674325,8.050000190734862,7.800000190734862,7.949999809265138,7.949999809265138,66100.0,BBW
2018-07-25,8.789999961853027,8.859999656677246,8.779999732971191,8.84000015258789,8.723719596862793,261900.0,BBX
2018-07-25,75.19999694824219,75.44000244140625,74.4000015258789,75.31999969482422,71.6160659790039,2267600.0,BBY
2018-07-25,66.16000366210939,66.31999969482422,64.05999755859375,65.84999847412111,64.03683471679689,1424200.0,BC
2018-07-25,14.949999809265135,14.949999809265135,14.600000381469727,14.600000381469727,13.532089233398438,23600.0,BCBP
2018-07-25,43.29999923706055,43.349998474121094,42.04999923706055,42.70000076293945,40.91570663452149,576800.0,BCC
2018-07-25,12.510000228881836,12.510000228881836,11.789999961853027,12.420000076293945,12.420000076293945,300.0,BCDA
2018-07-25,42.11000061035156,42.18999862670898,41.75,42.040000915527344,37.40925979614258,579500.0,BCE
2018-07-25,35.470001220703125,35.560001373291016,34.650001525878906,35.41999816894531,35.41999816894531,150700.0,BCEI
2018-07-25,31.46666717529297,31.76333427429199,31.28333282470703,31.66666603088379,28.95981216430664,47400.0,BCH
2018-07-25,4.269999980926514,4.429999828338623,4.2199997901916495,4.2800002098083505,4.2800002098083505,119400.0,BCLI
2018-07-25,29.25,29.290000915527344,29.209999084472656,29.290000915527344,29.290000915527344,11400.0,BCM
2018-07-25,24.3700008392334,24.70000076293945,24.270000457763672,24.54999923706055,24.54999923706055,65600.0,BCML
2018-07-25,76.0,81.4000015258789,74.20999908447266,80.5999984741211,79.55774688720703,868900.0,BCO
2018-07-25,8.010000228881836,8.010000228881836,8.010000228881836,8.010000228881836,8.010000228881836,0.0,BCOM
2018-07-25,36.849998474121094,38.099998474121094,36.849998474121094,38.0,38.0,270600.0,BCOR
2018-07-25,9.399999618530273,9.5,9.350000381469727,9.449999809265137,9.449999809265137,105300.0,BCOV
2018-07-25,98.87999725341795,99.62000274658205,98.0500030517578,98.98999786376952,97.87708282470705,58100.0,BCPC
2018-07-25,5.8400001525878915,6.050000190734862,5.800000190734862,5.869999885559082,5.869999885559082,492800.0,BCRX
2018-07-25,10.09000015258789,10.149999618530273,10.020000457763672,10.140000343322754,9.219779014587402,1475900.0,BCS
2018-07-25,15.75,15.800000190734865,15.75,15.800000190734865,15.575363159179688,2000.0,BCTF
2018-07-25,22.36000061035156,22.36000061035156,22.309999465942386,22.32999992370605,18.68508529663086,11600.0,BCV
2018-07-25,9.039999961853027,9.06999969482422,9.010000228881836,9.06999969482422,7.91298770904541,283100.0,BCX
2018-07-25,62.56999969482422,63.0099983215332,61.93000030517578,62.959999084472656,62.54015350341797,297000.0,BDC
2018-07-25,20.36000061035156,20.649999618530273,20.36000061035156,20.6299991607666,18.098913192749023,10900.0,BDCS
2018-07-25,20.440000534057614,20.47599983215332,20.440000534057614,20.47599983215332,17.981409072875977,300.0,BDCZ
2018-07-25,34.549999237060554,35.529998779296875,34.09999847412109,34.59999847412109,33.04233169555664,52400.0,BDGE
2018-07-25,9.300000190734863,9.300000190734863,9.229999542236328,9.279999732971193,8.283331871032715,418700.0,BDJ
2018-07-25,29.0,29.0,28.45000076293945,28.5,27.41819953918457,3200.0,BDL
2018-07-25,15.949999809265135,16.180000305175778,15.949999809265135,16.040000915527347,14.863548278808596,1163700.0,BDN
2018-07-25,1.2599999904632568,1.2699999809265137,1.1399999856948853,1.2599999904632568,1.2599999904632568,42600.0,BDR
2018-07-25,2.75,2.8499999046325684,2.75,2.75,2.75,291700.0,BDSI
2018-07-25,246.66000366210938,251.5399932861328,246.0,251.16000366210938,245.7524871826172,729800.0,BDX
2018-07-25,62.58000183105469,63.459999084472656,62.58000183105469,63.29999923706055,58.0172004699707,55100.0,BDXA
2018-07-25,18.700000762939453,25.0,18.5,25.0,25.0,13709500.0,BE
2018-07-25,48.04999923706055,49.04999923706055,47.5,48.79999923706055,48.79999923706055,365000.0,BEAT
2018-07-25,41.7599983215332,41.7599983215332,39.75,41.099998474121094,41.099998474121094,1154400.0,BECN
2018-07-25,16.180000305175778,16.430000305175778,15.899999618530273,16.200000762939453,15.041464805603027,398100.0,BEDU
2018-07-25,21.26000022888184,21.26000022888184,21.26000022888184,21.26000022888184,20.79572105407715,0.0,BELFA
2018-07-25,22.54999923706055,22.85000038146973,22.149999618530273,22.60000038146973,22.09999656677246,14200.0,BELFB
2018-07-25,32.580001831054695,32.86999893188477,32.290000915527344,32.779998779296875,30.655988693237305,2486100.0,BEN
2018-07-25,30.459999084472656,30.46999931335449,30.18000030517578,30.40999984741211,27.18856430053711,89200.0,BEP
2018-07-25,48.18000030517578,48.41999816894531,47.75,48.09000015258789,48.09000015258789,910300.0,BERY
2018-07-25,10.289999961853027,10.75,10.210000038146973,10.520000457763672,10.520000457763672,1115000.0,BEST
2018-07-25,109.56999969482422,110.58000183105469,108.45999908447266,110.4499969482422,110.4499969482422,150100.0,BFAM
2018-07-25,53.9900016784668,53.9900016784668,53.9900016784668,53.9900016784668,52.75022506713867,0.0,BFC
2018-07-25,17.360000610351562,17.610000610351562,17.180000305175778,17.200000762939453,16.363727569580078,16200.0,BFIN
2018-07-25,13.06999969482422,13.079999923706055,13.039999961853027,13.06999969482422,12.018312454223633,50600.0,BFK
2018-07-25,14.3100004196167,14.3100004196167,14.260000228881836,14.260000228881836,13.876090049743652,4900.0,BFO
2018-07-25,13.350000381469727,13.619999885559082,13.279999732971193,13.399999618530273,13.399999618530273,12900.0,BFRA
2018-07-25,53.04999923706055,53.43000030517578,52.72000122070313,53.209999084472656,50.10696029663086,40800.0,BFS
2018-07-25,26.1200008392334,26.1200008392334,25.75,25.75,25.095888137817386,5700.0,BFST
2018-07-25,12.760000228881836,12.789999961853027,12.760000228881836,12.789999961853027,11.894003868103027,3100.0,BFY
2018-07-25,12.890000343322756,12.949999809265135,12.800000190734865,12.859999656677244,11.873591423034668,93400.0,BFZ
2018-07-25,67.77999877929689,68.41000366210939,67.31999969482422,68.08999633789061,63.95581436157226,1193600.0,BG
2018-07-25,16.059999465942386,16.069999694824222,16.0,16.010000228881836,13.599452018737793,91600.0,BGB
2018-07-25,6.996784687042236,7.0160770416259775,6.874598026275635,6.990353584289551,5.927894592285156,3339500.0,BGCP
2018-07-25,6.3499999046325675,6.449999809265138,6.1500000953674325,6.3499999046325675,5.499629497528076,216900.0,BGFV
2018-07-25,16.540000915527347,16.739999771118164,16.260000228881836,16.579999923706055,15.629122734069824,338400.0,BGG
2018-07-25,18.790000915527344,18.790000915527344,18.700000762939453,18.709999084472656,15.766752243041992,71600.0,BGH
2018-07-25,1.6000000238418581,1.6000000238418581,1.6000000238418581,1.6000000238418581,1.6000000238418581,13600.0,BGI
2018-07-25,8.930000305175781,9.0,8.930000305175781,8.960000038146973,8.013157844543457,57500.0,BGIO
2018-07-25,176.4199981689453,177.19000244140625,174.5,176.11000061035156,176.11000061035156,268200.0,BGNE
2018-07-25,15.449999809265135,15.5,15.359999656677244,15.4399995803833,13.48840045928955,98300.0,BGR
2018-07-25,30.45000076293945,31.0,30.35000038146973,30.95000076293945,26.54037857055664,475900.0,BGS
2018-07-25,26.149999618530273,27.31999969482422,25.979999542236328,26.35000038146973,23.997486114501953,171200.0,BGSF
2018-07-25,13.220000267028807,13.220000267028807,13.140000343322756,13.140000343322756,11.746273040771484,34000.0,BGT
2018-07-25,16.870000839233402,16.879999160766598,16.729999542236328,16.790000915527347,16.790000915527347,40992.0,BGX
2018-07-25,5.820000171661378,5.8499999046325675,5.800000190734862,5.8499999046325675,5.153380393981934,353500.0,BGY
2018-07-25,184.2899932861328,188.8000030517578,181.0,186.0800018310547,186.0800018310547,7400.0,BH
2018-07-25,29.11000061035156,29.11000061035156,28.649999618530273,28.729999542236328,27.096132278442386,16000.0,BHB
2018-07-25,22.559999465942386,23.03000068664551,22.520000457763672,22.790000915527344,22.790000915527344,2897300.0,BHC
2018-07-25,28.399999618530273,29.20000076293945,24.10000038146973,24.25,23.217782974243164,1220000.0,BHE
2018-07-25,42.349998474121094,42.45500183105469,41.2400016784668,42.02999877929688,42.02999877929688,906900.0,BHF
2018-07-25,12.739999771118164,12.779999732971193,12.720000267028807,12.729999542236328,11.558269500732422,120600.0,BHK
2018-07-25,40.95000076293945,41.0,40.54999923706055,40.849998474121094,38.83196258544922,188400.0,BHLB
2018-07-25,49.68000030517578,50.599998474121094,49.56999969482422,50.56999969482422,43.50895309448242,1311000.0,BHP
2018-07-25,11.594058990478516,11.623762130737305,11.346534729003904,11.495049476623535,8.547533988952638,198100.0,BHR
2018-07-25,3.4200000762939453,3.721999883651733,3.400000095367432,3.5299999713897705,3.5299999713897705,2700.0,BHTG
2018-07-25,16.959999084472653,16.959999084472653,16.959999084472653,16.959999084472653,15.917159080505373,1300.0,BHV
2018-07-25,36.459999084472656,36.459999084472656,35.09999847412109,35.599998474121094,35.599998474121094,218700.0,BHVN
2018-07-25,256.41000366210943,263.70001220703125,256.41000366210943,262.91000366210943,262.91000366210943,2646000.0,BIDU
2018-07-25,10.75,10.84000015258789,10.729999542236328,10.8100004196167,10.230923652648926,209500.0,BIF
2018-07-25,43.43999862670898,43.79999923706055,42.75,43.599998474121094,39.9608268737793,1289000.0,BIG
2018-07-25,374.1000061035156,388.6700134277344,372.9400024414063,383.8299865722656,383.8299865722656,4686600.0,BIIB
2018-07-25,13.770000457763672,13.949999809265135,13.130000114440918,13.359999656677244,13.359999656677244,9249400.0,BILI
2018-07-25,4.699999809265137,5.139999866485597,4.489999771118164,5.099999904632568,5.099999904632568,282500.0,BIMI
2018-07-25,308.5,311.7900085449219,307.79998779296875,311.7900085449219,311.7900085449219,83800.0,BIO
2018-07-25,5.9000000953674325,6.1500000953674325,5.510000228881836,5.730000019073486,5.730000019073486,205400.0,BIOC
2018-07-25,1.3300000429153442,1.350000023841858,1.309999942779541,1.3300000429153442,1.3300000429153442,10200.0,BIOL
2018-07-25,9.699999809265137,9.699999809265137,9.699999809265137,9.699999809265137,9.699999809265137,0.0,BIOX
2018-07-25,39.93999862670898,40.810001373291016,39.75,40.77000045776367,37.695701599121094,267600.0,BIP
2018-07-25,17.190000534057614,17.290000915527347,17.180000305175778,17.290000915527347,14.967029571533205,88300.0,BIT
2018-07-25,24.56999969482422,25.690000534057614,24.56999969482422,25.270000457763672,25.270000457763672,630000.0,BITA
2018-07-25,25.670000076293945,26.10000038146973,24.81399917602539,24.95000076293945,24.95000076293945,1051400.0,BJ
2018-07-25,63.4000015258789,63.45000076293945,61.849998474121094,62.54999923706055,61.35504150390625,338300.0,BJRI
2018-07-25,54.25,54.25,53.27999877929688,53.29999923706055,51.08954238891602,10071800.0,BK
2018-07-25,5.940000057220459,5.960000038146973,5.9099998474121085,5.949999809265138,4.801464080810547,194700.0,BKCC
2018-07-25,9.229999542236328,9.43000030517578,9.210000038146973,9.229999542236328,9.229999542236328,807500.0,BKD
2018-07-25,23.649999618530273,24.29999923706055,23.649999618530273,24.29999923706055,21.69322204589844,259500.0,BKE
2018-07-25,3.0,3.0499999523162837,2.9300000667572017,2.9800000190734863,2.3634440898895264,157500.0,BKEP
2018-07-25,6.3499999046325675,6.449999809265138,6.3400001525878915,6.3499999046325675,5.083268642425537,36700.0,BKEPP
2018-07-25,60.20000076293945,60.20000076293945,59.22000122070313,59.790000915527344,56.88811874389648,626700.0,BKH
2018-07-25,55.099998474121094,55.5250015258789,55.04999923706055,55.20000076293945,55.20000076293945,264800.0,BKI
2018-07-25,15.029999732971193,15.050000190734865,15.020000457763672,15.029999732971193,14.48351764678955,12600.0,BKK
2018-07-25,13.619999885559082,14.0600004196167,13.619999885559082,14.0600004196167,12.995420455932615,15400.0,BKN
2018-07-25,2029.47998046875,2067.989990234375,2029.0,2065.68994140625,2065.68994140625,338800.0,BKNG
2018-07-25,33.09999847412109,33.459999084472656,32.580001831054695,33.27000045776367,31.568254470825195,4976700.0,BKR
2018-07-25,20.700000762939453,20.75,20.399999618530273,20.399999618530273,19.21803474426269,700.0,BKSC
2018-07-25,5.75,5.760000228881836,5.739999771118164,5.760000228881836,5.130268573760986,162300.0,BKT
2018-07-25,3.650000095367432,3.7000000476837163,3.650000095367432,3.7000000476837163,3.5413169860839844,2400.0,BKTI
2018-07-25,40.52000045776367,40.70000076293945,39.060001373291016,39.650001525878906,38.18465805053711,1777200.0,BKU
2018-07-25,2.25,2.2699999809265137,2.1700000762939453,2.25,2.25,27600.0,BKYI
2018-07-25,46.5099983215332,48.13000106811523,46.5099983215332,47.91999816894531,47.91999816894531,144500.0,BL
2018-07-25,22.95000076293945,23.5,22.399999618530273,22.5,22.5,102000.0,BLBD
2018-07-25,68.30000305175781,68.91999816894531,60.0,62.29999923706055,62.29999923706055,115100.0,BLCM
2018-07-25,77.66999816894531,77.7249984741211,72.41000366210938,75.16999816894531,75.16999816894531,680800.0,BLD
2018-07-25,3.0499999523162837,3.119999885559082,3.0199999809265137,3.0499999523162837,3.0499999523162837,558600.0,BLDP
2018-07-25,17.389999389648438,17.65999984741211,16.639999389648438,16.899999618530273,16.899999618530273,2119400.0,BLDR
2018-07-25,13.729999542236328,13.890000343322756,13.6899995803833,13.710000038146973,12.630314826965332,40600.0,BLE
2018-07-25,19.5,20.309999465942386,19.11000061035156,20.09000015258789,20.09000015258789,209100.0,BLFS
2018-07-25,79.5,82.5,71.5,72.0,72.0,16500.0,BLIN
2018-07-25,507.92999267578125,512.8599853515625,503.1099853515625,512.489990234375,486.6281127929688,492800.0,BLK
2018-07-25,117.68000030517578,119.5999984741211,117.11000061035156,118.41999816894531,117.2034149169922,249100.0,BLKB
2018-07-25,37.97000122070313,38.2400016784668,37.77000045776367,38.11999893188477,37.556800842285156,1950900.0,BLL
2018-07-25,20.489999771118164,20.61000061035156,20.049999237060547,20.13999938964844,19.363571166992188,1071000.0,BLMN
2018-07-25,3.75,3.75,3.220000028610229,3.359999895095825,3.359999895095825,1014400.0,BLNK
2018-07-25,39.599998474121094,40.349998474121094,39.150001525878906,39.75,39.75,6300.0,BLPH
2018-07-25,13.5,13.649999618530273,13.350000381469727,13.649999618530273,13.649999618530273,10000.0,BLRX
2018-07-25,1.5479999780654907,1.5479999780654907,1.5119999647140503,1.5119999647140503,1.5119999647140503,28849.0,BLU
2018-07-25,165.0,172.5,163.6999969482422,172.5,172.5,2062700.0,BLUE
2018-07-25,14.920000076293945,14.970000267028807,14.90999984741211,14.9399995803833,13.326183319091795,162800.0,BLW
2018-07-25,24.25,24.479999542236328,24.13999938964844,24.29999923706055,21.28655433654785,55300.0,BLX
2018-07-25,68.36000061035156,71.29000091552734,68.30000305175781,71.05999755859375,67.7340087890625,210800.0,BMA
2018-07-25,21.049999237060547,21.200000762939453,20.25,20.700000762939453,20.700000762939453,332600.0,BMCH
2018-07-25,40.099998474121094,40.13000106811523,39.52000045776367,39.65999984741211,35.81026077270508,28300.0,BME
2018-07-25,51.6500015258789,52.099998474121094,50.70000076293945,51.95000076293945,50.94452667236328,187800.0,BMI
2018-07-25,49.2400016784668,49.2400016784668,49.2400016784668,49.2400016784668,42.28997421264648,0.0,BMLP
2018-07-25,79.08999633789062,79.7699966430664,79.05999755859375,79.7300033569336,72.7000961303711,354300.0,BMO
2018-07-25,3.740000009536743,3.849999904632568,3.740000009536743,3.849999904632568,3.849999904632568,5000.0,BMRA
2018-07-25,43.650001525878906,44.45000076293945,42.79999923706055,44.32500076293945,42.948509216308594,23800.0,BMRC
2018-07-25,101.30999755859376,102.25,100.9800033569336,102.18000030517578,102.18000030517578,1309100.0,BMRN
2018-07-25,48.79999923706055,50.0,48.1500015258789,49.0,46.83293151855469,99800.0,BMTC
2018-07-25,58.08000183105469,59.209999084472656,57.95000076293945,59.040000915527344,55.85219955444336,8873700.0,BMY
2018-07-25,5.6500000953674325,5.739999771118164,5.460000038146973,5.6500000953674325,5.6500000953674325,351300.0,BNED
2018-07-25,38.70000076293945,38.70000076293945,34.25,34.529998779296875,34.529998779296875,703400.0,BNFT
2018-07-25,58.15999984741211,58.81999969482422,58.13000106811523,58.7599983215332,53.60020446777344,716600.0,BNS
2018-07-25,3.5999999046325684,3.7300000190734863,3.5699999332427983,3.630000114440918,3.630000114440918,10100.0,BNSO
2018-07-25,26.20000076293945,27.29999923706055,26.20000076293945,27.29999923706055,27.29999923706055,6100.0,BNTC
2018-07-25,12.59000015258789,12.59000015258789,12.470000267028807,12.59000015258789,11.755501747131348,41400.0,BNY
2018-07-25,13.199999809265135,13.210000038146973,13.050000190734865,13.100000381469727,12.693854331970215,18700.0,BOCH
2018-07-25,11.149999618530273,11.229999542236328,11.140000343322754,11.229999542236328,9.941267013549805,184600.0,BOE
2018-07-25,83.04000091552734,83.30999755859375,81.44000244140625,81.70999908447266,77.36009979248047,300900.0,BOH
2018-07-25,99.5999984741211,99.88999938964844,97.0,99.02999877929688,95.03607177734376,404000.0,BOKF
2018-07-25,25.0,25.13999938964844,25.0,25.09499931335449,22.82987976074219,9100.0,BOKFL
2018-07-25,20.190000534057614,20.972999572753906,19.989999771118164,20.84000015258789,20.84000015258789,39000.0,BOMN
2018-07-25,49.20000076293945,49.9000015258789,48.209999084472656,49.75,49.13096618652344,78300.0,BOOM
2018-07-25,24.10000038146973,24.93000030517578,24.06999969482422,24.81999969482422,24.81999969482422,541300.0,BOOT
2018-07-25,2.609999895095825,2.609999895095825,2.490000009536743,2.490000009536743,2.490000009536743,18100.0,BOSC
2018-07-25,15.5600004196167,15.56999969482422,15.479999542236328,15.479999542236328,14.974842071533205,3500.0,BOTJ
2018-07-25,25.81999969482422,26.684999465942386,25.42900085449219,26.46999931335449,26.46999931335449,1839000.0,BOX
2018-07-25,4.230000019073486,4.360000133514403,4.059999942779541,4.099999904632568,4.099999904632568,64500.0,BOXL
2018-07-25,44.5,45.11000061035156,44.38999938964844,45.040000915527344,40.47908020019531,3586600.0,BP
2018-07-25,14.5,14.699999809265135,14.25,14.399999618530273,13.420036315917967,273000.0,BPFH
2018-07-25,61.25,62.875,60.290000915527344,61.36000061035156,61.36000061035156,334000.0,BPMC
2018-07-25,21.520000457763672,22.11000061035156,21.020000457763672,21.899999618530273,19.14215087890625,359800.0,BPMP
2018-07-25,5.699999809265138,5.699999809265138,5.300000190734863,5.449999809265137,5.449999809265137,130800.0,BPMX
2018-07-25,50.86999893188477,51.0,49.54999923706055,49.63999938964844,47.44004440307617,792600.0,BPOP
2018-07-25,23.81999969482422,23.84000015258789,23.65999984741211,23.790000915527344,22.05441093444824,4500.0,BPOPM
2018-07-25,25.10000038146973,25.1200008392334,24.82999992370605,24.979999542236328,22.442699432373047,8400.0,BPOPN
2018-07-25,34.400001525878906,34.97999954223633,34.400001525878906,34.610000610351555,34.23727798461914,4600.0,BPRN
2018-07-25,28.25,28.35000038146973,27.93000030517578,28.20000076293945,22.747541427612305,137600.0,BPT
2018-07-25,27.20000076293945,28.399999618530273,26.399999618530273,27.399999618530273,27.399999618530273,1600.0,BPTH
2018-07-25,20.76000022888184,20.809999465942386,20.209999084472656,20.6200008392334,18.270891189575195,977200.0,BPY
2018-07-25,13.039999961853027,13.039999961853027,13.029999732971193,13.039999961853027,12.189105987548828,4500.0,BQH
2018-07-25,118.4000015258789,120.0,117.58000183105469,119.95999908447266,116.2748031616211,547700.0,BR
2018-07-25,20.350000381469727,20.350000381469727,20.350000381469727,20.350000381469727,19.302169799804688,900.0,BRBS
2018-07-25,37.0,37.5,36.95000076293945,37.5,36.51762008666992,285100.0,BRC
2018-07-25,19.700000762939453,19.950000762939453,19.649999618530273,19.799999237060547,19.799999237060547,47800.0,BREW
2018-07-25,6.4099998474121085,6.449999809265138,6.309999942779541,6.429999828338622,6.429999828338622,3082900.0,BRFS
2018-07-25,9.130000114440918,9.199999809265137,9.109999656677246,9.149999618530273,8.124965667724611,53800.0,BRG
2018-07-25,13.5600004196167,13.5600004196167,13.5600004196167,13.5600004196167,13.5600004196167,200.0,BRID
2018-07-25,18.799999237060547,18.799999237060547,18.399999618530273,18.649999618530273,17.76262664794922,233500.0,BRKL
2018-07-25,30.78000068664551,31.190000534057614,30.71999931335449,31.1299991607666,30.91500663757324,847700.0,BRKR
2018-07-25,30.61000061035156,30.86000061035156,29.6299991607666,30.10000038146973,29.50465202331543,729900.0,BRKS
2018-07-25,1.9800000190734863,1.9900000095367432,1.8600000143051147,1.950000047683716,1.950000047683716,42800.0,BRN
2018-07-25,28.88999938964844,29.26000022888184,28.85000038146973,29.1299991607666,28.63372230529785,1486200.0,BRO
2018-07-25,9.56999969482422,9.600000381469727,9.520000457763672,9.5600004196167,9.5600004196167,5700.0,BROG
2018-07-25,9.9399995803833,9.9399995803833,9.9399995803833,9.9399995803833,9.9399995803833,0.0,BRPA
2018-07-25,0.4300000071525574,0.4300000071525574,0.4300000071525574,0.4300000071525574,0.4300000071525574,0.0,BRPAR
2018-07-25,10.600000381469727,10.600000381469727,10.600000381469727,10.600000381469727,10.600000381469727,0.0,BRPAU
2018-07-25,4.900000095367432,5.400000095367432,4.900000095367432,5.0,5.0,900.0,BRQS
2018-07-25,13.130000114440918,13.3100004196167,13.039999961853027,13.109999656677244,11.66029167175293,33700.0,BRT
2018-07-25,17.420000076293945,17.579999923706055,17.360000610351562,17.420000076293945,15.841663360595705,3291400.0,BRX
2018-07-25,17.0,17.0,14.5,14.5,13.093734741210938,3400.0,BRY
2018-07-25,32.470001220703125,32.75,32.330001831054695,32.75,31.53489112854004,407500.0,BSAC
2018-07-25,9.609999656677246,9.770000457763672,9.550000190734863,9.619999885559082,8.93635368347168,1757600.0,BSBR
2018-07-25,12.699999809265135,12.760000228881836,12.699999809265135,12.720000267028807,11.68856716156006,6000.0,BSD
2018-07-25,12.43000030517578,12.510000228881836,12.43000030517578,12.510000228881836,11.750466346740724,10200.0,BSE
2018-07-25,25.20000076293945,25.20000076293945,24.5,24.649999618530273,23.33800506591797,58500.0,BSET
2018-07-25,5.925000190734862,5.925000190734862,5.525000095367432,5.7249999046325675,5.7249999046325675,63500.0,BSGM
2018-07-25,14.050000190734865,14.18000030517578,14.050000190734865,14.079999923706055,13.1564302444458,429700.0,BSIG
2018-07-25,18.200000762939453,18.200000762939453,18.049999237060547,18.049999237060547,15.72217845916748,34500.0,BSL
2018-07-25,17.379999160766598,17.569999694824222,17.309999465942386,17.479999542236328,14.818135261535645,137100.0,BSM
2018-07-25,8.180000305175781,8.439999580383299,8.119999885559082,8.380000114440918,7.688275337219237,1132900.0,BSMX
2018-07-25,2.450000047683716,2.450000047683716,2.400000095367432,2.400000095367432,2.400000095367432,8300.0,BSQR
2018-07-25,29.440000534057614,29.440000534057614,29.01000022888184,29.239999771118164,27.92008209228516,14800.0,BSRR
2018-07-25,35.81999969482422,35.81999969482422,35.279998779296875,35.779998779296875,31.013731002807614,91900.0,BST
2018-07-25,46.81999969482422,47.06000137329102,46.41999816894531,46.54999923706055,46.54999923706055,8100.0,BSTC
2018-07-25,32.27000045776367,34.34000015258789,32.27000045776367,34.31999969482422,34.31999969482422,11988600.0,BSX
2018-07-25,11.300000190734865,11.300000190734865,11.239999771118164,11.239999771118164,10.31525421142578,24700.0,BTA
2018-07-25,9.199999809265137,10.460000038146973,9.199999809265137,10.09000015258789,10.09000015258789,48900.0,BTAI
2018-07-25,3.309999942779541,3.3199999332427983,3.2300000190734863,3.2999999523162837,3.2999999523162837,1386500.0,BTE
2018-07-25,2.5299999713897705,2.559999942779541,2.509999990463257,2.5299999713897705,2.510218381881714,1282500.0,BTG
2018-07-25,52.29999923706055,52.34000015258789,51.79999923706055,51.849998474121094,45.85809326171875,1235800.0,BTI
2018-07-25,5.199999809265137,5.449999809265137,5.199999809265137,5.449999809265137,5.449999809265137,14500.0,BTN
2018-07-25,38.38000106811523,38.41999816894531,38.04999923706055,38.2599983215332,34.09558486938477,27600.0,BTO
2018-07-25,21.3799991607666,21.40999984741211,21.350000381469727,21.3799991607666,20.226675033569336,56300.0,BTT
2018-07-25,44.18999862670898,44.77199935913086,42.790000915527344,43.20000076293945,39.28483200073242,1119300.0,BTU
2018-07-25,12.100000381469727,12.119999885559082,12.09000015258789,12.109999656677244,10.811119079589844,217100.0,BTZ
2018-07-25,105.88999938964844,106.86000061035156,105.66000366210938,106.7300033569336,102.97246551513672,1432200.0,BUD
2018-07-25,20.3700008392334,20.489999771118164,20.3700008392334,20.399999618530273,18.199382781982425,13800.0,BUI
2018-07-25,152.1199951171875,153.85000610351562,151.25,153.0399932861328,153.0399932861328,535200.0,BURL
2018-07-25,31.93000030517578,32.09999847412109,31.29999923706055,31.690000534057614,30.217124938964844,283500.0,BUSE
2018-07-25,22.770000457763672,22.96500015258789,22.63999938964844,22.8700008392334,22.8700008392334,482200.0,BV
2018-07-25,13.25,13.380000114440918,13.199999809265135,13.369999885559082,13.240212440490724,872500.0,BVN
2018-07-25,2.0,2.150000095367432,2.0,2.150000095367432,2.150000095367432,2800.0,BVSN
2018-07-25,6.199999809265138,6.2210001945495605,6.110000133514403,6.110000133514403,6.110000133514403,6700.0,BVXV
2018-07-25,21.899999618530273,22.299999237060547,21.5,21.799999237060547,21.799999237060547,67100.0,BW
2018-07-25,43.63999938964844,44.58000183105469,42.25,44.02000045776367,42.64688491821289,3384100.0,BWA
2018-07-25,12.710000038146973,12.850000381469727,12.579999923706055,12.720000267028807,12.720000267028807,102200.0,BWB
2018-07-25,2.470000028610229,2.470000028610229,2.4200000762939453,2.440000057220459,2.440000057220459,8700.0,BWEN
2018-07-25,32.779998779296875,32.900001525878906,32.509998321533196,32.509998321533196,31.5075626373291,5900.0,BWFG
2018-07-25,11.329999923706055,11.539999961853027,11.329999923706055,11.43000030517578,10.16118335723877,41200.0,BWG
2018-07-25,64.58999633789061,65.06999969482422,63.68999862670898,65.01999664306639,63.57255172729492,516800.0,BWXT
2018-07-25,36.11000061035156,36.15999984741211,35.77000045776367,36.04999923706055,32.253990173339844,4701100.0,BX
2018-07-25,38.20000076293945,38.47000122070313,35.310001373291016,36.18000030517578,36.18000030517578,247800.0,BXC
2018-07-25,24.809999465942386,25.36000061035156,24.3700008392334,25.0,22.92798614501953,51000.0,BXG
2018-07-25,32.900001525878906,33.380001068115234,32.759998321533196,32.950000762939446,28.73862075805664,2118800.0,BXMT
2018-07-25,14.479999542236328,14.5,14.420000076293945,14.449999809265135,12.721061706542967,165100.0,BXMX
2018-07-25,124.9499969482422,125.48999786376952,124.37999725341795,124.87000274658205,118.09483337402344,467700.0,BXP
2018-07-25,33.650001525878906,33.650001525878906,33.0,33.150001525878906,31.739091873168945,811000.0,BXS
2018-07-25,22.670000076293945,22.81999969482422,22.280000686645508,22.440000534057614,22.33094596862793,39700.0,BY
2018-07-25,37.77000045776367,37.95000076293945,37.400001525878906,37.72000122070313,37.17798614501953,1048200.0,BYD
2018-07-25,2.009999990463257,2.049999952316284,2.009999990463257,2.049999952316284,2.049999952316284,700.0,BYFC
2018-07-25,13.40999984741211,13.43000030517578,13.380000114440918,13.43000030517578,12.449688911437988,46600.0,BYM
2018-07-25,25.27899932861328,25.27899932861328,24.5,24.5,24.5,900.0,BYSI
2018-07-25,14.34000015258789,14.34000015258789,12.979999542236328,13.279999732971193,13.279999732971193,1442200.0,BZH
2018-07-25,13.8100004196167,14.25,13.600000381469727,13.699999809265135,12.830942153930664,12600.0,BZM
2018-07-25,61.0,63.63999938964844,60.81999969482422,63.56999969482422,63.56999969482422,1174900.0,BZUN
2018-07-25,70.81999969482422,71.75,70.75,71.72000122070312,68.37344360351561,14232700.0,C
2018-07-25,10.460000038146973,10.640000343322754,10.34000015258789,10.579999923706056,10.579999923706056,128500.0,CAAP
2018-07-25,4.0399999618530265,4.0399999618530265,4.0,4.0,4.0,12600.0,CAAS
2018-07-25,722.0,723.3200073242188,704.60498046875,712.9199829101562,703.4988403320312,36800.0,CABO
2018-07-25,46.02000045776367,46.16999816894531,45.5,45.70000076293945,43.7734489440918,15800.0,CAC
2018-07-25,376.3200073242188,379.8999938964844,367.2099914550781,379.05999755859375,379.05999755859375,59600.0,CACC
2018-07-25,175.35000610351562,177.10000610351562,174.64999389648438,177.0500030517578,177.0500030517578,84000.0,CACI
2018-07-25,28.26000022888184,28.70000076293945,28.209999084472656,28.31999969482422,26.58439064025879,6393500.0,CADE
2018-07-25,20.649999618530273,20.709999084472656,20.51000022888184,20.600000381469727,19.973651885986328,98400.0,CAE
2018-07-25,22.540000915527344,22.61000061035156,22.38999938964844,22.56999969482422,19.89704132080078,241100.0,CAF
2018-07-25,35.70000076293945,36.2599983215332,35.61000061035156,36.22000122070313,34.455245971679695,6732600.0,CAG
2018-07-25,49.349998474121094,49.7400016784668,49.06000137329102,49.41999816894531,46.09643936157226,3673000.0,CAH
2018-07-25,22.420000076293945,22.420000076293945,21.399999618530273,21.940000534057614,21.940000534057614,249400.0,CAI
2018-07-25,31.96999931335449,32.049999237060554,31.85000038146973,32.02000045776367,29.58383369445801,516000.0,CAJ
2018-07-25,58.38000106811523,58.79999923706055,57.72000122070313,58.72999954223633,55.51435089111328,696500.0,CAKE
2018-07-25,34.86999893188477,35.29999923706055,34.59999847412109,35.009998321533196,33.936351776123054,234900.0,CAL
2018-07-25,4.5,4.599999904632568,4.349999904632568,4.400000095367432,4.400000095367432,186400.0,CALA
2018-07-25,22.149999618530273,22.149999618530273,22.100000381469727,22.100000381469727,22.100000381469727,3200.0,CALB
2018-07-25,45.04999923706055,45.52999877929688,44.45000076293945,45.1500015258789,44.26234817504883,408500.0,CALM
2018-07-25,7.449999809265138,7.6500000953674325,6.9000000953674325,7.0999999046325675,7.0999999046325675,632200.0,CALX
2018-07-25,22.96999931335449,23.34000015258789,22.96999931335449,23.07999992370605,23.07999992370605,458500.0,CAMP
2018-07-25,8.069999694824219,8.229999542236326,7.989999771118164,8.170000076293945,7.853628635406494,32400.0,CAMT
2018-07-25,18.75,18.899999618530273,18.600000381469727,18.899999618530273,18.899999618530273,1100.0,CANF
2018-07-25,125.41999816894531,126.3499984741211,125.1500015258789,126.3499984741211,126.3499984741211,2400.0,CAPE
2018-07-25,17.600000381469727,17.809999465942386,17.450000762939453,17.799999237060547,14.474753379821776,44000.0,CAPL
2018-07-25,12.699999809265135,12.699999809265135,12.300000190734865,12.5,12.5,12300.0,CAPR
2018-07-25,32.939998626708984,33.580001831054695,32.639999389648445,33.439998626708984,33.439998626708984,1032700.0,CAR
2018-07-25,18.649999618530273,19.030000686645508,18.5,18.799999237060547,18.799999237060547,626400.0,CARA
2018-07-25,18.299999237060547,18.399999618530273,18.0,18.299999237060547,18.16988182067871,30800.0,CARE
2018-07-25,38.5099983215332,39.86999893188477,38.02000045776367,39.83000183105469,39.83000183105469,296200.0,CARG
2018-07-25,41.599998474121094,42.54999923706055,41.599998474121094,42.38999938964844,41.62191009521485,63700.0,CARO
2018-07-25,28.70000076293945,28.96999931335449,28.46999931335449,28.959999084472656,28.959999084472656,917500.0,CARS
2018-07-25,3.9500000476837163,4.050000190734863,3.839999914169312,3.839999914169312,3.839999914169312,7400.0,CARV
2018-07-25,15.31999969482422,15.6899995803833,15.279000282287598,15.65999984741211,15.65999984741211,317400.0,CASA
2018-07-25,32.16666793823242,32.25,31.56666755676269,31.95000076293945,31.534704208374023,107400.0,CASH
2018-07-25,7.0999999046325675,7.380000114440918,7.0999999046325675,7.239999771118164,7.239999771118164,216800.0,CASI
2018-07-25,58.25833511352539,58.36666488647461,57.17499923706055,57.79166793823242,55.80955505371094,34200.0,CASS
2018-07-25,107.66000366210938,108.16999816894531,106.75,107.91999816894531,106.2846450805664,258600.0,CASY
2018-07-25,138.0,141.0500030517578,136.66999816894528,140.47999572753906,134.7972412109375,5041800.0,CAT
2018-07-25,6.760000228881836,7.0999999046325675,6.610000133514403,7.0,7.0,79700.0,CATB
2018-07-25,89.0999984741211,89.0999984741211,88.30000305175781,88.30000305175781,84.48193359375,12000.0,CATC
2018-07-25,26.170000076293945,26.459999084472656,25.770000457763672,26.10000038146973,26.10000038146973,196800.0,CATM
2018-07-25,25.82999992370605,26.489999771118164,25.82999992370605,26.270000457763672,22.63896560668945,200300.0,CATO
2018-07-25,7.71999979019165,7.71999979019165,7.0999999046325675,7.179999828338622,7.179999828338622,29400.0,CATS
2018-07-25,42.43000030517578,42.43000030517578,41.33000183105469,41.459999084472656,39.12451553344727,578200.0,CATY
2018-07-25,132.0,135.75,132.0,135.6199951171875,130.4864501953125,2341200.0,CB
2018-07-25,17.600000381469727,17.600000381469727,17.5,17.5,16.972759246826172,600.0,CBAN
2018-07-25,0.8799999952316284,0.8799999952316284,0.8799999952316284,0.8799999952316284,0.8799999952316284,18900.0,CBAT
2018-07-25,11.720000267028807,12.260000228881836,11.56999969482422,11.93000030517578,11.93000030517578,768500.0,CBAY
2018-07-25,13.399999618530273,13.399999618530273,12.449999809265135,13.050000190734865,13.050000190734865,757100.0,CBB
2018-07-25,21.229999542236328,22.030000686645508,21.15999984741211,22.020000457763672,21.62545394897461,2473700.0,CBD
2018-07-25,34.150001525878906,34.5,33.5,33.900001525878906,31.857728958129886,6000.0,CBFV
2018-07-25,9.25,9.26099967956543,9.159000396728516,9.220000267028807,8.387344360351562,127200.0,CBH
2018-07-25,10.119999885559082,10.34000015258789,9.760000228881836,10.210000038146973,10.210000038146973,356700.0,CBIO
2018-07-25,5.260000228881836,5.329999923706055,5.210000038146973,5.269999980926514,4.614382743835449,1865500.0,CBL
2018-07-25,2.359999895095825,2.440000057220459,2.3299999237060547,2.3399999141693115,2.3399999141693115,11900.0,CBLI
2018-07-25,21.399999618530273,21.5,21.049999237060547,21.25,21.25,15800.0,CBMG
2018-07-25,104.06999969482422,105.5,103.77999877929688,105.33000183105469,103.1320571899414,514700.0,CBOE
2018-07-25,102.83000183105469,103.1999969482422,102.58999633789062,103.0199966430664,103.0199966430664,224700.0,CBPO
2018-07-25,49.22000122070313,49.349998474121094,48.72999954223633,49.349998474121094,49.349998474121094,1136400.0,CBRE
2018-07-25,146.25999450683594,146.8000030517578,144.80999755859375,145.3000030517578,136.27073669433594,284800.0,CBRL
2018-07-25,65.69523620605469,65.77143096923828,64.81904602050781,65.05714416503906,63.233131408691406,397400.0,CBSH
2018-07-25,25.729999542236328,25.76000022888184,25.729999542236328,25.739999771118164,23.26815223693848,1400.0,CBSHP
2018-07-25,64.66999816894531,64.98000335693361,64.01000213623047,64.81999969482422,61.48741149902344,249200.0,CBT
2018-07-25,33.68000030517578,33.90999984741211,33.540000915527344,33.59000015258789,32.853038787841804,28300.0,CBTX
2018-07-25,64.72000122070311,64.83999633789061,63.72000122070313,64.30000305175781,61.5141716003418,288700.0,CBU
2018-07-25,22.54999923706055,22.60000038146973,22.399999618530273,22.5,22.5,84700.0,CBZ
2018-07-25,44.650001525878906,45.849998474121094,44.5099983215332,45.77999877929688,42.24906539916992,1523700.0,CC
2018-07-25,16.0,16.128999710083008,15.779999732971193,15.9399995803833,15.9399995803833,62300.0,CCB
2018-07-25,24.93000030517578,25.09000015258789,24.78000068664551,24.899999618530273,24.12179756164551,18500.0,CCBG
2018-07-25,1.6200000047683716,1.7100000381469729,1.6100000143051147,1.6200000047683716,1.6200000047683716,7300.0,CCCL
2018-07-25,22.399999618530273,22.43000030517578,22.190000534057614,22.25,18.820335388183594,37700.0,CCD
2018-07-25,41.790000915527344,42.34000015258789,41.709999084472656,41.86999893188477,40.42715835571289,1038200.0,CCEP
2018-07-25,120.75,121.5500030517578,119.75,121.25,119.48533630371094,8700.0,CCF
2018-07-25,108.37999725341795,109.43000030517578,107.77999877929688,108.91999816894531,102.42072296142578,2160800.0,CCI
2018-07-25,10.789999961853027,11.109999656677246,10.75,10.920000076293944,10.755637168884276,3008200.0,CCJ
2018-07-25,42.58000183105469,42.790000915527344,42.06999969482422,42.4900016784668,42.4900016784668,2681500.0,CCK
2018-07-25,57.43000030517578,57.81000137329102,56.81000137329102,57.77000045776367,53.93781661987305,3075600.0,CCL
2018-07-25,6.0900001525878915,6.119999885559082,5.9000000953674325,5.960000038146973,5.435914993286133,132900.0,CCLP
2018-07-25,4.050000190734863,4.050000190734863,4.050000190734863,4.050000190734863,4.050000190734863,0.0,CCM
2018-07-25,117.98999786376952,119.2300033569336,114.93000030517578,118.6999969482422,115.52135467529295,241200.0,CCMP
2018-07-25,31.6299991607666,31.790000915527344,31.10000038146973,31.43000030517578,30.119075775146484,9800.0,CCNE
2018-07-25,4.400000095367432,4.5,4.349999904632568,4.349999904632568,4.349999904632568,159000.0,CCO
2018-07-25,52.1500015258789,52.6500015258789,51.6500015258789,52.5,48.81471633911133,184600.0,CCOI
2018-07-25,15.350000381469727,15.550000190734865,15.350000381469727,15.5,12.279444694519045,44000.0,CCR
2018-07-25,8.970000267028809,9.75,8.050999641418457,8.600000381469728,8.600000381469728,550000.0,CCRC
2018-07-25,11.75,11.899999618530273,11.550000190734865,11.760000228881836,11.760000228881836,185700.0,CCRN
2018-07-25,32.0,32.0,30.25,31.10000038146973,31.10000038146973,616900.0,CCS
2018-07-25,26.489999771118164,26.6299991607666,26.3799991607666,26.520000457763672,24.91366958618164,180200.0,CCU
2018-07-25,934.4400024414062,934.4400024414062,934.4400024414062,934.4400024414062,934.4400024414062,0.0,CCX
2018-07-25,12.199999809265135,12.449999809265135,12.050000190734865,12.359999656677244,12.359999656677244,89900.0,CCXI
2018-07-25,54.27000045776367,54.27000045776367,54.27000045776367,54.27000045776367,52.62627792358398,200.0,CCZ
2018-07-25,34.900001525878906,35.220001220703125,34.580001831054695,34.720001220703125,34.720001220703125,131200.0,CDAY
2018-07-25,8.119999885559082,8.140000343322754,7.949999809265138,8.029999732971191,8.029999732971191,1798400.0,CDE
2018-07-25,17.479999542236328,17.760000228881836,17.229999542236328,17.719999313354492,17.719999313354492,1035500.0,CDEV
2018-07-25,64.44999694824219,64.77799987792969,63.77999877929688,64.12999725341797,62.83026885986328,705900.0,CDK
2018-07-25,20.309999465942386,20.920000076293945,20.051000595092773,20.63999938964844,20.63999938964844,45300.0,CDLX
2018-07-25,5.71999979019165,5.829999923706055,5.639999866485597,5.6599998474121085,5.6599998474121085,358800.0,CDMO
2018-07-25,25.76000022888184,25.76000022888184,25.76000022888184,25.76000022888184,21.510446548461914,0.0,CDMOP
2018-07-25,12.279999732971193,12.524999618530273,12.079999923706055,12.520000457763672,12.520000457763672,154700.0,CDNA
2018-07-25,45.599998474121094,46.81999969482422,45.56000137329102,46.79999923706055,46.79999923706055,2340900.0,CDNS
2018-07-25,10.5,10.579999923706056,10.5,10.5,9.448278427124023,1200.0,CDOR
2018-07-25,4.78000020980835,4.889999866485597,4.78000020980835,4.809999942779541,4.315964698791504,427900.0,CDR
2018-07-25,4.5,4.5,4.199999809265137,4.349999904632568,4.349999904632568,36500.0,CDTX
2018-07-25,85.08000183105469,86.05000305175781,84.37999725341797,85.87999725341797,84.18865966796875,740000.0,CDW
2018-07-25,4.349999904632568,4.53000020980835,4.300000190734863,4.309999942779541,4.309999942779541,85000.0,CDXC
2018-07-25,15.199999809265135,15.460000038146973,15.079999923706055,15.149999618530273,15.149999618530273,182600.0,CDXS
2018-07-25,13.050000190734865,13.399999618530273,13.0,13.350000381469727,13.350000381469727,136000.0,CDZI
2018-07-25,114.16999816894531,114.23999786376952,112.68000030517578,113.9800033569336,109.76046752929688,1171900.0,CE
2018-07-25,32.790000915527344,32.830001831054695,32.43000030517578,32.630001068115234,32.630001068115234,101800.0,CEA
2018-07-25,6.760000228881836,6.800000190734862,6.690000057220459,6.75,6.75,75700.0,CECE
2018-07-25,23.86000061035156,23.8700008392334,23.65999984741211,23.809999465942386,21.628936767578125,4000.0,CEE
2018-07-25,11875.0,12187.5,11250.0,11562.5,11562.5,100.0,CEI
2018-07-25,41.209999084472656,41.22000122070313,39.52999877929688,40.849998474121094,40.849998474121094,364000.0,CEIX
2018-07-25,5.769999980926514,5.789999961853027,5.670000076293945,5.670000076293945,5.670000076293945,5200.0,CEL
2018-07-25,23.649999618530273,24.25,23.40900039672852,24.0,24.0,7600.0,CELC
2018-07-25,4.5,4.829999923706055,4.5,4.800000190734863,4.800000190734863,100300.0,CELH
2018-07-25,7.4099998474121085,7.809999942779541,7.309999942779541,7.429999828338622,6.175367832183838,8100.0,CELP
2018-07-25,14.529999732971193,14.739999771118164,14.460000038146973,14.739999771118164,12.26502513885498,101800.0,CEM
2018-07-25,11.199999809265137,11.25,11.15999984741211,11.25,11.25,6300.0,CEMI
2018-07-25,9.369999885559082,9.40999984741211,9.270000457763672,9.359999656677246,6.743926048278809,242800.0,CEN
2018-07-25,42.63999938964844,42.93000030517578,42.06999969482422,42.61000061035156,42.61000061035156,53900.0,CENT
2018-07-25,39.650001525878906,39.849998474121094,39.15999984741211,39.54999923706055,39.54999923706055,94300.0,CENTA
2018-07-25,13.199999809265135,13.350000381469727,12.920000076293945,13.210000038146973,13.210000038146973,1221000.0,CENX
2018-07-25,164.64999389648438,166.97999572753906,163.5,166.8000030517578,153.7894744873047,95200.0,CEO
2018-07-25,11.399999618530273,11.59000015258789,11.0600004196167,11.40999984741211,11.072622299194336,181700.0,CEPU
2018-07-25,35.049999237060554,35.70000076293945,34.880001068115234,35.70000076293945,31.45011901855469,315400.0,CEQP
2018-07-25,4.460000038146973,4.650000095367432,4.25,4.639999866485597,4.639999866485597,66800.0,CERC
2018-07-25,60.63000106811523,61.1500015258789,60.2599983215332,61.04999923706055,60.58885192871094,920700.0,CERN
2018-07-25,7.539999961853027,7.75,7.460000038146973,7.690000057220459,7.690000057220459,829200.0,CERS
2018-07-25,28.209999084472656,28.5,28.170000076293945,28.5,26.78712272644043,31500.0,CET
2018-07-25,3.9500000476837163,3.9500000476837163,3.7999999523162837,3.849999904632568,3.849999904632568,166400.0,CETV
2018-07-25,16.007999420166016,17.600000381469727,16.0,17.200000762939453,17.200000762939453,13700.0,CETX
2018-07-25,4.1190476417541495,4.1190476417541495,4.1190476417541495,4.1190476417541495,4.1190476417541495,0.0,CETXP
2018-07-25,11.369999885559082,11.449999809265135,11.369999885559082,11.40999984741211,10.62182903289795,20900.0,CEV
2018-07-25,31.70000076293945,31.95000076293945,30.95000076293945,31.149999618530273,31.149999618530273,90300.0,CEVA
2018-07-25,43.72000122070313,44.40999984741211,43.11000061035156,44.29999923706055,42.28498840332031,2713700.0,CF
2018-07-25,11.553000450134276,11.708000183105467,11.550000190734865,11.699999809265135,11.699999809265135,2200.0,CFBI
2018-07-25,13.370165824890135,13.370165824890135,13.31491756439209,13.31491756439209,13.31491756439209,100.0,CFBK
2018-07-25,65.5,65.5,64.40000152587889,64.59999847412111,61.27627182006836,5100.0,CFFI
2018-07-25,13.1899995803833,13.1899995803833,13.029999732971193,13.109999656677244,11.652158737182615,359900.0,CFFN
2018-07-25,39.97000122070313,40.13999938964844,39.52999877929688,39.91999816894531,37.51297378540039,4645600.0,CFG
2018-07-25,1.0299999713897705,1.0499999523162842,1.0099999904632568,1.0299999713897705,1.0299999713897705,402600.0,CFMS
2018-07-25,114.08000183105469,114.8000030517578,112.83000183105469,113.91000366210938,108.23809814453124,728100.0,CFR
2018-07-25,22.60000038146973,23.70000076293945,21.700000762939453,22.200000762939453,22.200000762939453,14200.0,CFRX
2018-07-25,30.18000030517578,30.540000915527344,30.020000457763672,30.540000915527344,30.540000915527344,620200.0,CFX
2018-07-25,23.95000076293945,24.0,23.649999618530273,23.85000038146973,21.597639083862305,437600.0,CG
2018-07-25,13.68000030517578,13.68000030517578,13.199999809265135,13.5600004196167,13.5600004196167,9700.0,CGA
2018-07-25,17.760000228881836,17.940000534057614,17.600000381469727,17.780000686645508,13.875253677368164,51800.0,CGBD
2018-07-25,24.75,25.86000061035156,24.75,25.68000030517578,25.68000030517578,1823300.0,CGC
2018-07-25,3.380000114440918,3.4300000667572017,3.2999999523162837,3.380000114440918,3.380000114440918,81900.0,CGEN
2018-07-25,28.79999923706055,29.10000038146973,27.60000038146973,28.5,28.5,800.0,CGIX
2018-07-25,44.52999877929688,45.459999084472656,44.5099983215332,45.25,44.91197967529297,1089800.0,CGNX
2018-07-25,14.800000190734865,14.949999809265135,14.699999809265135,14.699999809265135,12.51021957397461,21500.0,CGO
2018-07-25,45.4900016784668,45.9000015258789,45.31999969482422,45.9000015258789,44.41630554199219,37900.0,CHA
2018-07-25,19.0,19.01000022888184,18.75,18.75,18.75,600.0,CHAP
2018-07-25,2.5,2.7300000190734863,2.5,2.539999961853028,2.539999961853028,15900.0,CHCI
2018-07-25,80.3499984741211,80.61000061035156,80.0,80.61000061035156,77.19535827636719,55300.0,CHCO
2018-07-25,29.959999084472656,30.670000076293945,29.959999084472656,30.3799991607666,28.13578796386719,80400.0,CHCT
2018-07-25,54.68999862670898,55.0099983215332,54.09000015258789,54.95000076293945,53.68789291381836,1854800.0,CHD
2018-07-25,99.73332977294922,100.66666412353516,99.70999908447266,100.1999969482422,99.14884185791016,115200.0,CHDN
2018-07-25,320.1600036621094,323.0299987792969,319.6700134277344,320.6099853515625,318.7088623046875,137700.0,CHE
2018-07-25,28.79999923706055,29.29999923706055,27.70000076293945,29.10000038146973,29.10000038146973,202200.0,CHEF
2018-07-25,3.539999961853028,3.6949999332427983,3.3510000705718994,3.4100000858306885,3.4100000858306885,85700.0,CHEK
2018-07-25,25.20000076293945,26.31999969482422,22.1200008392334,22.68000030517578,22.68000030517578,267000.0,CHFS
2018-07-25,28.79999923706055,29.84000015258789,28.690000534057614,29.56999969482422,29.56999969482422,1045000.0,CHGG
2018-07-25,77.0,77.75,76.5,77.6500015258789,76.18120574951172,152400.0,CHH
2018-07-25,12.100000381469727,12.140000343322756,12.050000190734865,12.140000343322756,10.401263236999512,186800.0,CHI
2018-07-25,4.519999980926514,4.570000171661377,4.380000114440918,4.4099998474121085,4.4099998474121085,28671800.0,CHK
2018-07-25,114.23999786376952,116.9000015258789,112.68000030517578,116.80999755859376,116.80999755859376,2454900.0,CHKP
2018-07-25,44.63999938964844,44.75,44.5,44.75,41.81645965576172,705500.0,CHL
2018-07-25,1.5049999952316284,1.6000000238418581,1.5,1.6000000238418581,1.6000000238418581,9200.0,CHMA
2018-07-25,46.20000076293945,46.88000106811523,43.25,44.15999984741211,42.13948440551758,21100.0,CHMG
2018-07-25,18.200000762939453,18.25,18.07999992370605,18.209999084472656,15.009602546691895,86600.0,CHMI
2018-07-25,20.86000061035156,21.100000381469727,20.82999992370605,21.100000381469727,19.17869758605957,11500.0,CHN
2018-07-25,2.1199998855590816,2.1199998855590816,2.009999990463257,2.049999952316284,2.049999952316284,19800.0,CHNR
2018-07-25,9.539999961853027,9.539999961853027,8.859999656677246,8.9399995803833,8.9399995803833,72500.0,CHRA
2018-07-25,19.0,19.325000762939453,18.399999618530273,18.600000381469727,18.600000381469727,447600.0,CHRS
2018-07-25,90.19000244140624,91.87999725341795,89.86000061035156,91.75,87.9501724243164,1052000.0,CHRW
2018-07-25,8.569999694824219,8.8100004196167,8.569999694824219,8.800000190734863,7.554573059082031,2152100.0,CHS
2018-07-25,28.40999984741211,28.40999984741211,27.95000076293945,27.989999771118164,24.78442001342773,66900.0,CHSCL
2018-07-25,27.459999084472656,27.459999084472656,26.96999931335449,27.01000022888184,24.089757919311523,22900.0,CHSCM
2018-07-25,28.5,28.64900016784668,28.09000015258789,28.170000076293945,25.03602600097656,40100.0,CHSCN
2018-07-25,28.8700008392334,28.8700008392334,28.520000457763672,28.75,25.333894729614254,10300.0,CHSCO
2018-07-25,30.29999923706055,30.29999923706055,29.90999984741211,30.09000015258789,26.618030548095703,11900.0,CHSCP
2018-07-25,34.43000030517578,34.59000015258789,34.40999984741211,34.56999969482422,33.201759338378906,77700.0,CHT
2018-07-25,281.6099853515625,283.1400146484375,271.5599975585937,274.64999389648443,274.64999389648443,1760300.0,CHTR
2018-07-25,12.4399995803833,12.529999732971193,12.369999885559082,12.510000228881836,12.286581039428713,219000.0,CHU
2018-07-25,32.5,32.650001525878906,31.78000068664551,32.5,32.5,97900.0,CHUY
2018-07-25,9.130000114440918,9.18000030517578,9.079999923706056,9.130000114440918,7.66545295715332,110100.0,CHW
2018-07-25,12.949999809265135,12.989999771118164,12.899999618530273,12.93000030517578,11.068761825561523,253700.0,CHY
2018-07-25,176.9199981689453,177.5500030517578,173.5399932861328,177.5,177.42034912109375,2717600.0,CI
2018-07-25,7.940000057220459,8.130000114440918,7.920000076293945,7.929999828338622,7.929999828338622,49100.0,CIA
2018-07-25,47.66999816894531,47.72000122070313,47.29999923706055,47.43000030517578,45.0118408203125,222300.0,CIB
2018-07-25,1.5099999904632568,1.5499999523162842,1.5,1.5,1.5,12000.0,CIDM
2018-07-25,25.75,25.899999618530273,25.559999465942386,25.739999771118164,25.739999771118164,1439100.0,CIEN
2018-07-25,2.5299999713897705,2.539999961853028,2.5,2.5,2.1334362030029297,100800.0,CIF
2018-07-25,14.470000267028807,14.899999618530273,13.729999542236328,14.59000015258789,14.59000015258789,45700.0,CIFS
2018-07-25,2.1700000762939453,2.2300000190734863,2.150000095367432,2.220000028610229,2.0881218910217285,4124200.0,CIG
2018-07-25,81.80000305175781,83.3499984741211,81.55000305175781,82.80000305175781,82.61251831054688,16300.0,CIGI
2018-07-25,293.8500061035156,293.8999938964844,293.8500061035156,293.8999938964844,293.8999938964844,80.0,CIH
2018-07-25,16.809999465942386,16.889999389648438,16.760000228881836,16.889999389648438,15.191482543945312,115200.0,CII
2018-07-25,3.150000095367432,3.1600000858306885,3.119999885559082,3.119999885559082,2.694169044494629,204100.0,CIK
2018-07-25,18.84000015258789,18.8700008392334,18.770000457763672,18.84000015258789,15.445902824401855,532400.0,CIM
2018-07-25,70.73999786376953,71.4800033569336,70.08000183105469,71.30000305175781,68.25621032714844,600900.0,CINF
2018-07-25,27.84000015258789,27.84000015258789,27.42900085449219,27.660999298095703,24.03324317932129,6000.0,CINR
2018-07-25,12.789999961853027,12.880000114440918,12.720000267028807,12.760000228881836,11.39815902709961,266000.0,CIO
2018-07-25,39.4900016784668,39.93999862670898,38.52999877929688,39.2400016784668,39.2400016784668,174000.0,CIR
2018-07-25,53.11000061035156,53.56000137329102,52.790000915527344,53.0099983215332,50.68490982055664,1032300.0,CIT
2018-07-25,24.60000038146973,24.940000534057614,24.20000076293945,24.81999969482422,24.12059593200684,10200.0,CIVB
2018-07-25,12.550000190734865,12.8100004196167,12.550000190734865,12.699999809265135,12.293843269348145,3800.0,CIX
2018-07-25,23.60000038146973,23.60000038146973,23.60000038146973,23.60000038146973,21.767000198364254,0.0,CIZN
2018-07-25,1.3300000429153442,1.3300000429153442,1.309999942779541,1.309999942779541,1.309999942779541,5600.0,CJJD
2018-07-25,54.290000915527344,54.790000915527344,53.56999969482422,53.97999954223633,53.97999954223633,62900.0,CKH
2018-07-25,2.7149999141693115,2.869999885559082,2.609999895095825,2.8499999046325684,2.8499999046325684,19700.0,CKPT
2018-07-25,10.3100004196167,10.3100004196167,10.3100004196167,10.3100004196167,10.3100004196167,1100.0,CKX
2018-07-25,65.30999755859375,66.08000183105469,65.26000213623047,65.94999694824219,63.50606918334961,3334800.0,CL
2018-07-25,8.550000190734862,8.850000381469727,8.5,8.800000190734863,8.670993804931639,63500.0,CLAR
2018-07-25,110.98999786376952,112.2300033569336,110.37000274658205,111.81999969482422,106.30192565917969,357900.0,CLB
2018-07-25,16.610000610351562,16.770000457763672,16.59000015258789,16.739999771118164,16.739999771118164,99100.0,CLBK
2018-07-25,5.199999809265137,5.489999771118164,5.199999809265137,5.440000057220459,5.440000057220459,66700.0,CLBS
2018-07-25,13.65999984741211,13.829999923706055,13.609999656677244,13.720000267028807,12.848766326904295,29600.0,CLCT
2018-07-25,23.5,24.0,23.5,24.0,22.964519500732425,4000.0,CLDB
2018-07-25,14.350000381469727,14.65999984741211,14.260000228881836,14.619999885559082,14.619999885559082,785400.0,CLDR
2018-07-25,21.88999938964844,21.959999084472656,21.38999938964844,21.65999984741211,19.26251983642578,417600.0,CLDT
2018-07-25,7.3499999046325675,7.800000190734862,7.3499999046325675,7.6500000953674325,7.6500000953674325,108300.0,CLDX
2018-07-25,10.539999961853027,10.890000343322754,10.529999732971193,10.800000190734863,10.318421363830566,17478000.0,CLF
2018-07-25,11.449999809265135,11.5,11.300000190734865,11.350000381469727,11.350000381469727,19100.0,CLFD
2018-07-25,5.699999809265138,6.369999885559082,5.630000114440918,6.3400001525878915,6.3400001525878915,7700.0,CLGN
2018-07-25,54.04999923706055,54.790000915527344,54.04999923706055,54.7599983215332,54.48644638061523,331700.0,CLGX
2018-07-25,55.56000137329102,56.34000015258789,55.4900016784668,55.95000076293945,55.95000076293945,310800.0,CLH
2018-07-25,19.5,19.6299991607666,19.40999984741211,19.489999771118164,18.195697784423828,465700.0,CLI
2018-07-25,2.0,2.0,1.950000047683716,1.9800000190734863,1.9800000190734863,88500.0,CLIR
2018-07-25,29.82999992370605,30.04999923706055,29.75,29.989999771118164,29.989999771118164,150100.0,CLLS
2018-07-25,13.84000015258789,13.9399995803833,13.760000228881836,13.81999969482422,9.517862319946287,420800.0,CLM
2018-07-25,7.5999999046325675,7.699999809265138,7.5,7.6500000953674325,7.6500000953674325,137800.0,CLMT
2018-07-25,20.739999771118164,21.229999542236328,20.739999771118164,21.06999969482422,17.287908554077152,287800.0,CLNC
2018-07-25,2.799999952316284,2.869999885559082,2.759999990463257,2.8499999046325684,2.8499999046325684,1168400.0,CLNE
2018-07-25,5.980000019073486,6.0,5.889999866485597,5.920000076293945,4.956642150878906,2404500.0,CLNY
2018-07-25,10.25,10.399999618530273,10.25,10.25,9.534789085388184,106500.0,CLPR
2018-07-25,13.989999771118164,15.979999542236328,13.880000114440918,14.920000076293945,14.920000076293945,413700.0,CLPS
2018-07-25,62.27000045776367,62.40999984741211,60.599998474121094,61.11000061035156,60.90689086914063,4340100.0,CLR
2018-07-25,6.480000019073486,6.579999923706055,5.809999942779541,5.960000038146973,5.960000038146973,245000.0,CLRB
2018-07-25,3.2000000476837163,3.2999999523162837,3.109999895095825,3.2999999523162837,3.2999999523162837,13300.0,CLRO
2018-07-25,12.34000015258789,12.390000343322756,12.170000076293945,12.239999771118164,12.239999771118164,334400.0,CLS
2018-07-25,9.550000190734863,9.710000038146973,9.218999862670898,9.279999732971193,9.279999732971193,178700.0,CLSD
2018-07-25,29.0,29.0,29.0,29.0,29.0,0.0,CLSK
2018-07-25,2.9500000476837163,2.9600000381469727,2.900000095367432,2.9200000762939453,2.9200000762939453,58300.0,CLSN
2018-07-25,13.699999809265135,14.130000114440918,13.449999809265135,14.0,14.0,259200.0,CLUB
2018-07-25,44.91999816894531,45.47999954223633,43.900001525878906,44.31999969482422,44.31999969482422,737000.0,CLVS
2018-07-25,22.60000038146973,22.60000038146973,21.709999084472656,21.899999618530273,21.899999618530273,224800.0,CLW
2018-07-25,4.199999809265137,4.539999961853027,4.199999809265137,4.25,3.438636302947998,43700.0,CLWT
2018-07-25,129.83000183105472,131.36000061035156,129.33999633789062,130.30999755859378,124.42749786376952,1239700.0,CLX
2018-07-25,17.450000762939453,17.709999084472656,16.280000686645508,17.139999389648438,17.139999389648438,164000.0,CLXT
2018-07-25,88.88999938964844,90.11000061035156,88.88999938964844,90.02999877929688,79.10482025146484,347400.0,CM
2018-07-25,96.7300033569336,97.56999969482422,94.98999786376952,96.0999984741211,89.57127380371094,2060800.0,CMA
2018-07-25,22.399999618530273,22.57999992370605,22.170000076293945,22.559999465942386,21.715280532836914,600600.0,CMC
2018-07-25,8.680000305175781,8.989999771118164,8.680000305175781,8.96500015258789,8.420729637145996,14300.0,CMCL
2018-07-25,9.18000030517578,9.279999732971193,9.050000190734863,9.15999984741211,8.084882736206055,316300.0,CMCM
2018-07-25,42.099998474121094,42.34000015258789,41.5,42.040000915527344,41.607364654541016,63400.0,CMCO
2018-07-25,33.389999389648445,33.52000045776367,32.810001373291016,33.419998168945305,32.207801818847656,22055800.0,CMCSA
2018-07-25,46.04999923706055,46.04999923706055,45.45000076293945,45.75,26.795469284057614,1100.0,CMCT
2018-07-25,94.95999908447266,95.48999786376952,92.75,93.08999633789062,92.69658660888672,251200.0,CMD
2018-07-25,168.0,169.91000366210938,167.85000610351562,169.52000427246094,161.45001220703125,1657000.0,CME
2018-07-25,446.010009765625,457.20001220703125,446.010009765625,451.6300048828125,451.6300048828125,440800.0,CMG
2018-07-25,135.00999450683594,136.02999877929688,133.44000244140622,135.80999755859378,128.67375183105472,1167600.0,CMI
2018-07-25,8.550000190734862,8.640000343322754,8.529999732971191,8.579999923706055,7.654145240783691,563000.0,CMO
2018-07-25,68.40000152587889,68.55000305175781,67.19999694824219,68.19999694824219,62.12929916381836,160500.0,CMP
2018-07-25,150.4199981689453,155.5,150.4199981689453,154.67999267578125,154.67999267578125,143400.0,CMPR
2018-07-25,7.449999809265138,7.940000057220459,6.8400001525878915,6.869999885559082,6.2356319427490225,614500.0,CMRE
2018-07-25,4.510000228881836,4.630000114440918,4.46999979019165,4.5900001525878915,4.5900001525878915,87000.0,CMRX
2018-07-25,47.40999984741211,48.02999877929688,47.31999969482422,47.88000106811523,45.64506530761719,4387100.0,CMS
2018-07-25,24.899999618530273,24.899999618530273,24.76099967956543,24.770000457763672,22.493532180786133,16100.0,CMSA
2018-07-25,13.170000076293945,13.43000030517578,13.050000190734865,13.210000038146973,13.210000038146973,42700.0,CMT
2018-07-25,33.09000015258789,34.049999237060554,33.060001373291016,33.700000762939446,33.00225067138672,126900.0,CMTL
2018-07-25,4.460000038146973,4.480000019073486,4.449999809265137,4.480000019073486,4.115138530731201,55400.0,CMU
2018-07-25,47.81000137329102,47.88999938964844,47.13000106811523,47.81999969482422,43.86387634277344,202500.0,CNA
2018-07-25,4.199999809265137,4.269999980926514,4.119999885559082,4.1599998474121085,4.1599998474121085,149200.0,CNAT
2018-07-25,77.30000305175781,77.9000015258789,76.5,76.5999984741211,75.81974029541016,4800.0,CNBKA
2018-07-25,65.31999969482422,66.43499755859375,64.94499969482422,65.94000244140625,65.94000244140625,4179200.0,CNC
2018-07-25,15.899999618530273,16.15999984741211,15.78499984741211,16.15999984741211,16.15999984741211,165000.0,CNCE
2018-07-25,18.3700008392334,18.8799991607666,18.26000022888184,18.65999984741211,18.65999984741211,1741600.0,CNDT
2018-07-25,2.3399999141693115,2.369999885559082,2.2699999809265137,2.289999961853028,2.289999961853028,32200.0,CNET
2018-07-25,6.75,6.800000190734862,6.4000000953674325,6.4000000953674325,6.4000000953674325,900.0,CNFR
2018-07-25,10.470000267028807,10.68000030517578,10.43000030517578,10.640000343322754,10.447321891784668,2141100.0,CNHI
2018-07-25,87.30000305175781,89.76000213623047,87.19000244140625,89.7300033569336,86.08275604248047,1492500.0,CNI
2018-07-25,34.400001525878906,34.810001373291016,34.400001525878906,34.669998168945305,32.369686126708984,1096900.0,CNK
2018-07-25,74.2300033569336,75.2300033569336,74.19999694824219,74.83000183105469,73.55712127685547,92800.0,CNMD
2018-07-25,7.951000213623048,7.951000213623048,7.951000213623048,7.951000213623048,7.951000213623048,0.0,CNNB
2018-07-25,19.649999618530273,19.809999465942386,19.40999984741211,19.649999618530273,19.649999618530273,154000.0,CNNE
2018-07-25,19.850000381469727,20.0,19.540000915527344,19.790000915527344,18.934053421020508,851500.0,CNO
2018-07-25,25.35000038146973,25.399999618530273,24.60000038146973,24.649999618530273,24.08714485168457,132600.0,CNOB
2018-07-25,27.920000076293945,28.26000022888184,27.88999938964844,28.10000038146973,26.167543411254886,3755600.0,CNP
2018-07-25,35.279998779296875,36.11999893188477,35.27000045776367,36.099998474121094,32.24418258666992,2530400.0,CNQ
2018-07-25,15.800000190734865,15.949999809265135,15.399999618530273,15.600000381469727,15.600000381469727,924100.0,CNR
2018-07-25,40.88999938964844,41.7599983215332,40.43999862670898,41.70000076293945,38.65697479248047,256500.0,CNS
2018-07-25,12.800000190734865,12.84000015258789,12.210000038146973,12.220000267028807,11.038519859313963,809800.0,CNSL
2018-07-25,11.539999961853027,11.619999885559082,10.670000076293944,11.619999885559082,11.619999885559082,183600.0,CNST
2018-07-25,8.300000190734862,8.369999885559082,8.010000228881836,8.149999618530272,8.149999618530272,93600.0,CNTY
2018-07-25,16.920000076293945,17.0,16.610000610351562,16.899999618530273,16.899999618530273,2494300.0,CNX
2018-07-25,19.239999771118164,19.76000022888184,19.239999771118164,19.71999931335449,16.76976203918457,130100.0,CNXM
2018-07-25,34.450000762939446,34.84999847412109,34.169998168945305,34.84000015258789,34.248886108398445,61000.0,CNXN
2018-07-25,8.569999694824219,8.609999656677246,8.369999885559082,8.399999618530272,8.23238468170166,135900.0,CO
2018-07-25,4.78000020980835,4.78000020980835,4.599999904632568,4.650000095367432,4.650000095367432,16700.0,COCP
2018-07-25,4.78000020980835,4.809999942779541,4.630000114440918,4.710000038146973,4.710000038146973,67700.0,CODA
2018-07-25,17.600000381469727,17.700000762939453,17.5,17.649999618530273,15.692056655883787,141400.0,CODI
2018-07-25,4.0,4.150000095367432,3.4300000667572017,3.5299999713897705,3.5299999713897705,1520800.0,CODX
2018-07-25,10.109999656677246,10.109999656677246,10.109999656677246,10.109999656677246,10.109999656677246,300.0,COE
2018-07-25,99.04000091552734,99.11000061035156,97.62999725341795,98.91999816894531,95.94880676269531,2065000.0,COF
2018-07-25,26.309999465942386,26.309999465942386,26.309999465942386,26.309999465942386,24.53807830810547,600.0,COFS
2018-07-25,24.270000457763672,24.96999931335449,24.190000534057614,24.96999931335449,24.266908645629886,4822900.0,COG
2018-07-25,10.75,10.75,10.75,10.75,9.71951961517334,0.0,COHN
2018-07-25,170.3000030517578,173.5500030517578,167.8699951171875,173.4199981689453,173.4199981689453,350100.0,COHR
2018-07-25,25.170000076293945,25.21999931335449,24.46999931335449,24.70000076293945,24.13375473022461,150600.0,COHU
2018-07-25,138.63999938964844,139.00999450683594,135.61000061035156,138.19000244140622,137.10078430175778,39800.0,COKE
2018-07-25,42.27999877929688,42.54999923706055,41.38999938964844,41.54999923706055,38.849552154541016,181200.0,COLB
2018-07-25,21.38999938964844,21.65999984741211,21.299999237060547,21.6200008392334,20.66435432434082,1112900.0,COLD
2018-07-25,19.700000762939453,20.350000381469727,19.5,19.989999771118164,19.989999771118164,514000.0,COLL
2018-07-25,90.5199966430664,93.1500015258789,90.5,92.94000244140624,91.25430297851562,447600.0,COLM
2018-07-25,30.170000076293945,30.57999992370605,30.170000076293945,30.35000038146973,30.35000038146973,1211800.0,COMM
2018-07-25,61.54999923706055,62.38000106811523,61.4900016784668,62.0,58.5468864440918,703200.0,CONE
2018-07-25,35.5,36.04999923706055,34.34999847412109,34.900001525878906,34.900001525878906,240600.0,CONN
2018-07-25,250.47999572753903,255.2400054931641,250.1499938964844,254.9900054931641,254.9169921875,282100.0,COO
2018-07-25,17.760000228881836,18.0,17.520000457763672,17.520000457763672,17.520000457763672,130100.0,COOP
2018-07-25,70.91999816894531,71.5999984741211,70.48999786376953,71.51000213623047,69.16415405273439,5148300.0,COP
2018-07-25,112.0,113.3499984741211,111.93000030517578,113.0199966430664,104.80037689208984,620500.0,COR
2018-07-25,23.90999984741211,24.45000076293945,23.649999618530273,24.31999969482422,23.70599365234375,297000.0,CORE
2018-07-25,37.52000045776367,37.7599983215332,37.11999893188477,37.31999969482422,32.836700439453125,62400.0,CORR
2018-07-25,12.989999771118164,13.220000267028807,12.890000343322756,12.93000030517578,12.93000030517578,668500.0,CORT
2018-07-25,4.050000190734863,4.139999866485597,4.019999980926514,4.070000171661377,4.070000171661377,53100.0,CORV
2018-07-25,217.6100006103516,220.82000732421875,217.3699951171875,220.6999969482422,217.03756713867188,1560200.0,COST
2018-07-25,13.609999656677244,13.6899995803833,13.25,13.479999542236328,12.453563690185547,3669700.0,COTY
2018-07-25,64.33999633789061,66.22499847412111,64.33999633789061,65.30999755859375,65.30999755859375,281900.0,COUP
2018-07-25,45.9000015258789,45.9000015258789,45.9000015258789,45.9000015258789,45.9000015258789,0.0,COW
2018-07-25,14.350000381469727,14.449999809265135,13.949999809265135,14.0,13.96323013305664,389300.0,COWN
2018-07-25,25.13500022888184,25.15500068664551,25.059999465942386,25.13999938964844,23.80641746520996,14900.0,COWNL
2018-07-25,25.440000534057614,25.479999542236328,25.3799991607666,25.45599937438965,22.44530296325684,2800.0,COWNZ
2018-07-25,190.55999755859372,194.17999267578125,190.55999755859372,194.1199951171875,189.33218383789062,551400.0,CP
2018-07-25,95.23999786376952,96.1999969482422,94.61000061035156,95.76000213623048,90.43031311035156,264100.0,CPA
2018-07-25,11.520000457763672,11.520000457763672,11.520000457763672,11.520000457763672,10.302095413208008,200.0,CPAC
2018-07-25,2.890000104904175,3.0,2.450000047683716,2.509999990463257,2.509999990463257,205600.0,CPAH
2018-07-25,40.0,40.31999969482422,39.68000030517578,40.22000122070313,38.18542098999024,3126900.0,CPB
2018-07-25,11.109999656677246,11.359999656677244,10.979999542236328,11.31999969482422,11.31999969482422,2291200.0,CPE
2018-07-25,29.20000076293945,29.34000015258789,28.68000030517578,28.78000068664551,27.23166847229004,128700.0,CPF
2018-07-25,7.230000019073486,7.4099998474121085,7.230000019073486,7.389999866485597,6.94713306427002,1366700.0,CPG
2018-07-25,14.899999618530273,15.399999618530273,14.899999618530273,15.350000381469727,14.877093315124512,1500.0,CPHC
2018-07-25,0.25,0.25,0.23000000417232516,0.239999994635582,0.239999994635582,115900.0,CPHI
2018-07-25,6.0999999046325675,6.170000076293945,6.03000020980835,6.139999866485597,6.139999866485597,3100.0,CPIX
2018-07-25,83.75,84.0,83.1500015258789,83.5999984741211,81.17036437988281,20500.0,CPK
2018-07-25,25.57999992370605,25.920000076293945,25.399999618530273,25.649999618530273,22.062767028808594,1241000.0,CPLG
2018-07-25,22.049999237060547,22.049999237060547,21.700000762939453,21.84000015258789,18.09698867797852,31200.0,CPLP
2018-07-25,67.12000274658203,68.31999969482422,66.47000122070311,68.30999755859375,68.30999755859375,1374800.0,CPRI
2018-07-25,57.38999938964844,58.4000015258789,56.77999877929688,58.33000183105469,58.33000183105469,1333500.0,CPRT
2018-07-25,3.039999961853028,3.0699999332427983,3.0,3.0199999809265137,3.0199999809265137,242400.0,CPRX
2018-07-25,133.83000183105472,134.30000305175778,128.86000061035156,133.99000549316406,133.99000549316406,130600.0,CPS
2018-07-25,1.4299999475479126,1.4600000381469729,1.3899999856948853,1.4299999475479126,1.4299999475479126,22300.0,CPSH
2018-07-25,34.049999237060554,34.25,33.799999237060554,34.0,33.13267135620117,100900.0,CPSI
2018-07-25,3.4600000381469727,3.5699999332427983,3.4300000667572017,3.559999942779541,3.559999942779541,16200.0,CPSS
2018-07-25,17.100000381469727,17.100000381469727,16.799999237060547,16.899999618530273,16.899999618530273,31400.0,CPST
2018-07-25,89.66000366210938,91.2300033569336,89.66000366210938,90.58000183105469,85.57750701904297,542800.0,CPT
2018-07-25,8.409999847412111,8.520000457763674,8.409999847412111,8.501999855041504,6.904555320739746,15600.0,CPTA
2018-07-25,24.85000038146973,24.85000038146973,24.85000038146973,24.85000038146973,22.45789337158203,1200.0,CPTAG
2018-07-25,25.04999923706055,25.19899940490723,25.04999923706055,25.19899940490723,22.68219566345215,600.0,CPTAL
2018-07-25,36.58000183105469,37.13999938964844,36.310001373291016,37.0,33.344173431396484,212000.0,CQP
2018-07-25,83.66000366210938,88.22000122070312,83.37999725341797,88.01000213623047,84.70037841796875,567000.0,CR
2018-07-25,53.9000015258789,54.31999969482422,53.61000061035156,54.25,52.61430358886719,32100.0,CRAI
2018-07-25,5.199999809265137,5.300000190734863,5.099999904632568,5.150000095367432,5.150000095367432,507900.0,CRBP
2018-07-25,39.41999816894531,40.125,38.709999084472656,39.02999877929688,39.02999877929688,1840700.0,CRC
2018-07-25,47.40999984741211,48.18999862670898,46.790000915527344,48.02000045776367,48.02000045776367,686800.0,CREE
2018-07-25,1.5,1.5099999904632568,1.4800000190734863,1.5,1.5,54100.0,CREG
2018-07-25,16.559999465942386,16.770000457763672,16.350000381469727,16.440000534057614,16.440000534057614,75200.0,CRESY
2018-07-25,6.9000000953674325,6.9000000953674325,6.0,6.300000190734862,6.300000190734862,2600.0,CREX
2018-07-25,13.720000267028807,13.770000457763672,13.59000015258789,13.600000381469727,9.386113166809082,251100.0,CRF
2018-07-25,35.009998321533196,35.220001220703125,34.639999389648445,35.18000030517578,33.25113677978516,566900.0,CRH
2018-07-25,3.150000095367432,3.2000000476837163,3.130000114440918,3.2000000476837163,3.2000000476837163,40900.0,CRHM
2018-07-25,114.68000030517578,116.04000091552734,114.12000274658205,115.62000274658205,111.42767333984376,891400.0,CRI
2018-07-25,1.7599999904632568,1.7899999618530271,1.7100000381469729,1.7400000095367432,1.7400000095367432,109600.0,CRIS
2018-07-25,11.149999618530273,11.149999618530273,10.199999809265137,10.279999732971193,10.279999732971193,951100.0,CRK
2018-07-25,123.0,124.12999725341795,121.54000091552734,123.3000030517578,123.3000030517578,1351600.0,CRL
2018-07-25,146.1300048828125,149.35000610351562,146.0,148.8699951171875,148.8699951171875,4056900.0,CRM
2018-07-25,1.8999999761581419,2.25,1.5499999523162842,1.6499999761581419,1.6499999761581419,4353100.0,CRMD
2018-07-25,64.34999847412111,64.80000305175781,63.54999923706055,64.55000305175781,64.55000305175781,45300.0,CRMT
2018-07-25,3.849999904632568,3.890000104904175,3.839999914169312,3.890000104904175,3.890000104904175,290300.0,CRNT
2018-07-25,25.020000457763672,25.5,24.00300025939941,25.35000038146973,25.35000038146973,47900.0,CRNX
2018-07-25,50.1500015258789,50.1500015258789,50.1500015258789,50.1500015258789,50.1500015258789,0.0,CROC
2018-07-25,6.25,6.40399980545044,6.140999794006348,6.289999961853027,6.289999961853027,1410700.0,CRON
2018-07-25,17.799999237060547,18.649999618530273,17.489999771118164,18.6299991607666,18.6299991607666,1471800.0,CROX
2018-07-25,56.47000122070313,57.41999816894531,56.11999893188477,56.81999969482422,55.2222900390625,173500.0,CRS
2018-07-25,50.90999984741211,53.1500015258789,50.0,50.81999969482422,50.81999969482422,1222600.0,CRSP
2018-07-25,14.960000038146973,14.979999542236328,14.640000343322756,14.979999542236328,12.548502922058105,27800.0,CRT
2018-07-25,34.450000762939446,36.150001525878906,34.450000762939446,36.0,36.0,1092000.0,CRTO
2018-07-25,39.95000076293945,42.150001525878906,39.7599983215332,41.61999893188477,41.61999893188477,1581400.0,CRUS
2018-07-25,55.29999923706055,55.75,54.79999923706055,55.5,55.5,21700.0,CRVL
2018-07-25,10.399999618530273,10.65999984741211,10.300000190734863,10.43000030517578,10.43000030517578,81200.0,CRVS
2018-07-25,5.300000190734863,5.300000190734863,5.199999809265137,5.199999809265137,4.523205280303955,16000.0,CRWS
2018-07-25,30.20000076293945,31.0,30.20000076293945,30.85000038146973,30.85000038146973,82700.0,CRY
2018-07-25,15.670000076293945,15.699999809265135,15.510000228881836,15.6899995803833,15.377147674560547,1556400.0,CS
2018-07-25,9.020000457763672,9.449999809265137,8.789999961853027,9.140000343322754,9.140000343322754,118900.0,CSBR
2018-07-25,42.36000061035156,43.22000122070313,42.290000915527344,43.15999984741211,41.38797378540039,20658300.0,CSCO
2018-07-25,30.399999618530273,30.46999931335449,29.3700008392334,29.82999992370605,28.81418037414551,703900.0,CSFL
2018-07-25,428.70001220703125,446.9599914550781,420.1499938964844,437.67999267578125,437.67999267578125,494200.0,CSGP
2018-07-25,40.709999084472656,41.13000106811523,40.70000076293945,41.099998474121094,39.68283462524414,124600.0,CSGS
2018-07-25,34.5,35.709999084472656,34.310001373291016,35.009998321533196,35.009998321533196,737600.0,CSII
2018-07-25,13.079999923706055,13.43000030517578,12.93000030517578,13.380000114440918,13.380000114440918,752400.0,CSIQ
2018-07-25,116.0,121.91999816894531,115.98999786376952,121.88999938964844,119.11060333251952,1485300.0,CSL
2018-07-25,5.449999809265137,5.6500000953674325,5.25,5.300000190734863,5.300000190734863,863100.0,CSLT
2018-07-25,52.849998474121094,53.45000076293945,52.61000061035156,53.2400016784668,53.2400016784668,207900.0,CSOD
2018-07-25,10.460000038146973,10.539999961853027,10.460000038146973,10.539999961853027,9.674310684204102,1700.0,CSPI
2018-07-25,13.050000190734865,13.109999656677244,13.029999732971193,13.06999969482422,11.43614673614502,323500.0,CSQ
2018-07-25,9.510000228881836,9.729999542236328,9.300000190734863,9.65999984741211,9.040993690490724,22000.0,CSSE
2018-07-25,24.959999084472656,25.0,24.86000061035156,24.920000076293945,20.831743240356445,5300.0,CSSEP
2018-07-25,16.0,16.0,14.949999809265135,14.949999809265135,14.547420501708984,179600.0,CSTE
2018-07-25,12.550000190734865,12.850000381469727,12.100000381469727,12.449999809265135,12.449999809265135,2110500.0,CSTM
2018-07-25,18.915000915527344,19.020000457763672,18.82999992370605,18.84000015258789,18.46498107910156,9300.0,CSTR
2018-07-25,9.869999885559082,10.050000190734863,9.699999809265137,9.729999542236328,9.729999542236328,170300.0,CSU
2018-07-25,24.79999923706055,24.940000534057614,24.3799991607666,24.540000915527344,23.93891906738281,44900.0,CSV
2018-07-25,18.600000381469727,18.600000381469727,18.34000015258789,18.34000015258789,14.824148178100586,5200.0,CSWC
2018-07-25,25.292999267578125,25.322999954223636,25.270000457763672,25.31999969482422,22.88393402099609,5500.0,CSWCL
2018-07-25,54.54999923706055,55.099998474121094,54.5,55.0,54.57525634765625,40200.0,CSWI
2018-07-25,69.04000091552734,71.06999969482422,68.77999877929689,70.94999694824219,69.33644104003906,6654800.0,CSX
2018-07-25,24.51000022888184,24.649999618530273,24.36000061035156,24.36000061035156,21.580047607421875,17800.0,CTAA
2018-07-25,206.63999938964844,209.38999938964844,206.13999938964844,209.25,204.89410400390625,614600.0,CTAS
2018-07-25,25.5,25.95000076293945,25.04999923706055,25.85000038146973,25.19145774841309,713400.0,CTB
2018-07-25,22.100000381469727,22.200000762939453,22.0,22.059999465942386,19.565183639526367,45300.0,CTBB
2018-07-25,50.70000076293945,50.70000076293945,49.9000015258789,50.349998474121094,47.29978942871094,28200.0,CTBI
2018-07-25,22.54999923706055,22.6299991607666,22.459999084472656,22.459999084472656,19.84353828430176,58900.0,CTDD
2018-07-25,4.0,4.0,3.890000104904175,3.910000085830689,3.910000085830689,1200.0,CTEK
2018-07-25,6.519999980926514,6.6599998474121085,6.449999809265138,6.480000019073486,6.480000019073486,69800.0,CTG
2018-07-25,1.1100000143051147,1.1100000143051147,1.0800000429153442,1.0900000333786009,1.0900000333786009,12300.0,CTHR
2018-07-25,4.010000228881837,4.010000228881837,4.010000228881837,4.010000228881837,4.010000228881837,0.0,CTIB
2018-07-25,2.2300000190734863,2.299999952316284,2.200000047683716,2.2300000190734863,2.2300000190734863,552500.0,CTIC
2018-07-25,18.61000061035156,18.670000076293945,18.059999465942386,18.26000022888184,15.593926429748535,9603100.0,CTL
2018-07-25,40.900001525878906,43.099998474121094,40.900001525878906,42.349998474121094,42.349998474121094,6981600.0,CTLT
2018-07-25,25.93000030517578,27.20000076293945,25.90500068664551,26.21999931335449,26.21999931335449,645200.0,CTMX
2018-07-25,62.47999954223633,63.4900016784668,61.56999969482422,62.68000030517578,61.83764266967773,14700.0,CTO
2018-07-25,11.56999969482422,11.789999961853027,11.56999969482422,11.75,9.805827140808104,65700.0,CTR
2018-07-25,69.69999694824219,69.94999694824219,69.0,69.94999694824219,69.94999694824219,8300.0,CTRA
2018-07-25,6.3499999046325675,6.489999771118164,6.309999942779541,6.429999828338622,6.429999828338622,182300.0,CTRC
2018-07-25,16.690000534057614,16.959999084472653,16.690000534057614,16.809999465942386,15.527994155883787,513000.0,CTRE
2018-07-25,28.40999984741211,29.03000068664551,28.020000457763672,28.229999542236328,27.429288864135746,78100.0,CTRN
2018-07-25,36.099998474121094,36.650001525878906,35.93000030517578,36.54999923706055,36.19551467895508,180000.0,CTS
2018-07-25,82.55000305175781,82.83999633789062,81.91000366210938,82.83999633789062,81.10417938232422,3107100.0,CTSH
2018-07-25,12.399999618530273,12.600000381469727,12.26200008392334,12.350000381469727,12.350000381469727,169400.0,CTSO
2018-07-25,12.5600004196167,12.600000381469727,12.489999771118164,12.539999961853027,11.41054630279541,135800.0,CTT
2018-07-25,22.940000534057614,23.00300025939941,22.85000038146973,22.875,20.12943458557129,8300.0,CTV
2018-07-25,2.809999942779541,2.8929998874664307,2.6600000858306885,2.700999975204468,2.700999975204468,61500.0,CTXR
2018-07-25,107.72000122070312,109.44000244140624,107.72000122070312,109.23999786376952,107.03350067138672,1427200.0,CTXS
2018-07-25,20.899999618530273,20.959999084472656,20.850000381469727,20.86000061035156,18.582149505615234,27400.0,CTY
2018-07-25,22.299999237060547,22.31800079345703,22.1200008392334,22.239999771118164,19.702991485595703,15500.0,CTZ
2018-07-25,68.5,69.0,67.94999694824219,69.0,68.43209075927734,47500.0,CUB
2018-07-25,6.690000057220459,6.71999979019165,6.690000057220459,6.699999809265138,5.25454568862915,49100.0,CUBA
2018-07-25,30.38999938964844,30.559999465942386,30.28000068664551,30.40999984741211,28.26334381103516,928500.0,CUBE
2018-07-25,28.729999542236328,28.729999542236328,27.76000022888184,27.81999969482422,27.81999969482422,222500.0,CUBI
2018-07-25,11.800000190734865,11.949999809265135,10.65999984741211,10.920000076293944,10.920000076293944,89700.0,CUE
2018-07-25,2.809999942779541,2.8299999237060547,2.7699999809265137,2.7799999713897705,2.7799999713897705,44000.0,CUI
2018-07-25,57.27000045776367,57.65999984741211,56.790000915527344,57.63000106811523,53.68182754516602,188700.0,CUK
2018-07-25,24.149999618530273,24.54999923706055,23.899999618530273,24.29999923706055,23.49880599975586,25900.0,CULP
2018-07-25,15.850000381469727,16.149999618530273,15.850000381469727,16.149999618530273,16.149999618530273,400.0,CUO
2018-07-25,28.57999992370605,28.75,28.149999618530273,28.31999969482422,28.20898056030273,137500.0,CURO
2018-07-25,42.650001525878906,43.20000076293945,41.75,42.150001525878906,42.150001525878906,169300.0,CUTR
2018-07-25,37.2400016784668,37.560001373291016,37.2400016784668,37.400001525878906,35.74916458129883,954700.0,CUZ
2018-07-25,16.100000381469727,16.399999618530273,16.049999237060547,16.25,14.39026165008545,622400.0,CVA
2018-07-25,23.489999771118164,23.61000061035156,23.04999923706055,23.18000030517578,22.11109161376953,295300.0,CVBF
2018-07-25,213.25,215.9600067138672,208.1499938964844,212.5,212.5,88500.0,CVCO
2018-07-25,21.0,21.239999771118164,21.0,21.209999084472656,20.481225967407227,17100.0,CVCY
2018-07-25,10.300000190734863,10.40999984741211,10.1899995803833,10.369999885559082,9.857623100280762,2328400.0,CVE
2018-07-25,4.1599998474121085,4.25,4.1599998474121085,4.179999828338623,4.179999828338623,308200.0,CVEO
2018-07-25,7.110000133514403,7.110000133514403,6.710000038146973,6.889999866485597,6.889999866485597,195900.0,CVGI
2018-07-25,94.1500015258789,94.5999984741211,91.5500030517578,92.8499984741211,90.71260833740234,106900.0,CVGW
2018-07-25,37.849998474121094,38.209999084472656,37.18999862670898,37.599998474121094,32.897716522216804,848900.0,CVI
2018-07-25,15.520000457763672,16.139999389648438,15.520000457763672,16.049999237060547,16.049999237060547,302000.0,CVIA
2018-07-25,65.75,66.27999877929689,64.94999694824219,64.94999694824219,64.94999694824219,437200.0,CVLT
2018-07-25,30.75238037109375,30.94285774230957,29.36190414428711,29.628570556640625,28.436485290527344,8400.0,CVLY
2018-07-25,0.9200000166893004,0.9200000166893004,0.8899999856948853,0.8999999761581421,0.8999999761581421,189700.0,CVM
2018-07-25,43.68999862670898,45.709999084472656,43.31100082397461,45.5,45.5,586500.0,CVNA
2018-07-25,31.60000038146973,31.70000076293945,31.32999992370605,31.6299991607666,29.888566970825195,1200.0,CVR
2018-07-25,65.30000305175781,66.0,65.13999938964844,65.98999786376953,62.94654846191406,4586500.0,CVS
2018-07-25,28.399999618530273,29.229999542236328,27.65999984741211,28.85000038146973,28.85000038146973,238800.0,CVTI
2018-07-25,10.399999618530273,10.399999618530273,9.960000038146973,10.199999809265137,10.199999809265137,17700.0,CVU
2018-07-25,7.25,7.369999885559082,7.25,7.300000190734862,7.300000190734862,6800.0,CVV
2018-07-25,123.62000274658205,125.2300033569336,123.2699966430664,124.9000015258789,116.37297821044922,4278800.0,CVX
2018-07-25,124.97000122070312,126.73999786376952,122.75,126.43000030517578,125.19464111328124,257900.0,CW
2018-07-25,12.350000381469727,12.649999618530273,12.350000381469727,12.600000381469727,12.167097091674805,5800.0,CWBC
2018-07-25,5.800000190734862,5.980000019073486,5.699999809265138,5.9099998474121085,5.9099998474121085,49800.0,CWBR
2018-07-25,13.949999809265135,13.949999809265135,13.649999618530273,13.800000190734865,13.235957145690918,38600.0,CWCO
2018-07-25,17.899999618530273,18.049999237060547,17.799999237060547,17.850000381469727,16.276691436767578,362900.0,CWEN
2018-07-25,22.63999938964844,22.709999084472656,21.649999618530273,22.489999771118164,21.00436782836914,2126300.0,CWH
2018-07-25,25.70000076293945,26.68000030517578,25.309999465942386,26.65999984741211,26.65999984741211,117700.0,CWST
2018-07-25,41.099998474121094,41.45000076293945,40.66999816894531,41.0,39.867576599121094,228800.0,CWT
2018-07-25,6.949999809265138,7.1500000953674325,6.920000076293945,7.050000190734862,6.8725409507751465,11638100.0,CX
2018-07-25,3.650000095367432,3.6800000667572017,3.359999895095825,3.5299999713897705,3.5299999713897705,4500.0,CXDC
2018-07-25,4.949999809265137,4.960000038146973,4.920000076293945,4.940000057220459,4.534355640411377,169500.0,CXE
2018-07-25,9.260000228881836,9.289999961853027,9.260000228881836,9.289999961853027,8.603317260742188,8700.0,CXH
2018-07-25,145.89999389648438,147.5800018310547,144.1999969482422,147.27000427246094,145.98477172851562,2105200.0,CXO
2018-07-25,22.6200008392334,22.899999618530273,22.6200008392334,22.729999542236328,21.248092651367188,464700.0,CXP
2018-07-25,24.559999465942386,24.82999992370605,24.559999465942386,24.78000068664551,20.8167667388916,542600.0,CXW
2018-07-25,16.870000839233402,16.950000762939453,16.360000610351562,16.709999084472653,16.00064468383789,5693200.0,CY
2018-07-25,30.13999938964844,31.0,30.07999992370605,31.0,31.0,2700.0,CYAD
2018-07-25,3.7999999523162837,3.900000095367432,3.7999999523162837,3.900000095367432,3.900000095367432,1500.0,CYAN
2018-07-25,18.649999618530273,18.700000762939453,18.25,18.399999618530273,18.399999618530273,36900.0,CYBE
2018-07-25,66.43000030517578,68.0,66.43000030517578,67.55999755859375,67.55999755859375,446700.0,CYBR
2018-07-25,1.5299999713897705,1.5900000333786009,1.5099999904632568,1.559999942779541,1.559999942779541,78400.0,CYCC
2018-07-25,6.53000020980835,6.53000020980835,6.420000076293945,6.420000076293945,5.45807409286499,400.0,CYCCP
2018-07-25,18.93000030517578,19.31999969482422,18.600000381469727,19.26000022888184,18.207202911376953,101600.0,CYD
2018-07-25,3.0799999237060547,3.140000104904175,3.0,3.0499999523162837,3.0499999523162837,2749200.0,CYH
2018-07-25,15.170000076293945,15.520000457763672,15.170000076293945,15.300000190734865,7.46666669845581,77300.0,CYOU
2018-07-25,3.0,3.0,2.8499999046325684,2.8499999046325684,2.8499999046325684,12300.0,CYRN
2018-07-25,14.970000267028807,15.399999618530273,14.899999618530273,14.970000267028807,14.970000267028807,203900.0,CYRX
2018-07-25,7.949999809265138,8.149999618530272,7.800000190734862,7.9000000953674325,7.9000000953674325,575100.0,CYTK
2018-07-25,28.46999931335449,28.96999931335449,27.79999923706055,28.61000061035156,26.51223564147949,11200.0,CZNC
2018-07-25,11.649999618530273,11.800000190734865,11.550000190734865,11.600000381469727,11.600000381469727,7326900.0,CZR
2018-07-25,13.970000267028807,13.970000267028807,13.970000267028807,13.970000267028807,13.496837615966795,200.0,CZWI
2018-07-25,8.350000381469728,8.539999961853027,8.300000190734862,8.520000457763674,8.520000457763674,798700.0,CZZ
2018-07-25,70.93000030517578,71.5,70.4800033569336,71.02999877929688,65.51504516601561,2272600.0,D
2018-07-25,23.79999923706055,24.5,23.10000038146973,23.79999923706055,23.79999923706055,6000.0,DAC
2018-07-25,6.1599998474121085,6.320000171661378,6.119999885559082,6.179999828338622,6.179999828338622,31800.0,DAIO
2018-07-25,8.420000076293945,8.489999771118164,8.289999961853027,8.350000381469728,7.873522758483888,111200.0,DAKT
2018-07-25,51.2599983215332,51.72000122070313,51.2599983215332,51.65999984741211,49.638267517089844,4727600.0,DAL
2018-07-25,19.96999931335449,20.32999992370605,18.07999992370605,19.549999237060547,18.73308563232422,6082800.0,DAN
2018-07-25,19.88999938964844,19.989999771118164,19.56999969482422,19.959999084472656,19.959999084472656,577700.0,DAR
2018-07-25,1.2200000286102295,1.2949999570846558,1.2020000219345093,1.2899999618530271,1.2899999618530271,319000.0,DARE
2018-07-25,26.13999938964844,26.13999938964844,26.13999938964844,26.13999938964844,26.13999938964844,200.0,DAUD
2018-07-25,12.079999923706055,12.18000030517578,11.949999809265135,12.18000030517578,11.972787857055664,7161800.0,DB
2018-07-25,11.050000190734863,11.199999809265137,10.800000190734863,10.949999809265137,10.949999809265137,1649600.0,DBD
2018-07-25,26.920000076293945,27.3799991607666,26.8700008392334,27.36000061035156,25.02470779418945,1071000.0,DBI
2018-07-25,20.989999771118164,21.030000686645508,20.8700008392334,20.88999938964844,18.55702209472656,23100.0,DBL
2018-07-25,16.940000534057614,17.440000534057614,16.879999160766598,17.379999160766598,17.379999160766598,89000.0,DBVT
2018-07-25,30.59000015258789,31.70000076293945,30.56999969482422,31.309999465942386,31.309999465942386,2511600.0,DBX
2018-07-25,7.5,7.5,7.260000228881836,7.260000228881836,7.260000228881836,7400.0,DCAR
2018-07-25,9.06999969482422,9.08899974822998,9.0600004196167,9.06999969482422,8.034953117370605,8500.0,DCF
2018-07-25,26.26000022888184,26.26000022888184,26.26000022888184,26.26000022888184,26.26000022888184,0.0,DCHF
2018-07-25,46.06000137329102,46.29999923706055,45.68999862670898,46.13999938964844,44.85824203491211,220900.0,DCI
2018-07-25,33.75,33.75,33.09999847412109,33.34999847412109,33.34999847412109,9600.0,DCO
2018-07-25,20.100000381469727,20.149999618530273,19.5,19.600000381469727,18.60643768310547,135700.0,DCOM
2018-07-25,43.290000915527344,43.849998474121094,42.79999923706055,43.72999954223633,36.35341262817383,473800.0,DCP
2018-07-25,36.29999923706055,36.8380012512207,35.79399871826172,36.72000122070313,36.72000122070313,200100.0,DCPH
2018-07-25,94.90362548828124,96.39806365966795,94.6901397705078,96.1134033203125,92.78131103515624,3915500.0,DD
2018-07-25,13.90999984741211,14.40999984741211,13.890000343322756,14.0,14.0,2352200.0,DDD
2018-07-25,12.3100004196167,12.350000381469727,12.149999618530273,12.329999923706055,10.666927337646484,86000.0,DDF
2018-07-25,81.88999938964844,83.37999725341797,81.73999786376953,82.62000274658203,81.4522705078125,248100.0,DDS
2018-07-25,27.76000022888184,29.07999992370605,27.649999618530273,28.5,25.60343933105469,161100.0,DDT
2018-07-25,139.58000183105472,142.47000122070312,136.14999389648438,141.32000732421875,136.63916015625,4371300.0,DE
2018-07-25,19.13999938964844,19.489999771118164,19.13999938964844,19.299999237060547,17.63486671447754,496500.0,DEA
2018-07-25,114.44000244140624,118.77999877929688,113.48999786376952,118.5999984741211,118.5999984741211,557400.0,DECK
2018-07-25,38.72999954223633,39.06999969482422,38.72999954223633,38.86000061035156,36.99115753173828,564800.0,DEI
2018-07-25,51.6002197265625,51.93798446655274,51.41196060180664,51.93798446655274,51.93798446655274,943000.0,DELL
2018-07-25,15.630000114440918,15.829999923706055,15.470000267028807,15.539999961853027,15.539999961853027,99100.0,DENN
2018-07-25,149.9499969482422,150.9600067138672,149.5800018310547,150.9600067138672,144.2157440185547,386900.0,DEO
2018-07-25,20.75,21.479999542236328,20.729999542236328,21.440000534057614,21.440000534057614,503000.0,DESP
2018-07-25,26.18000030517578,26.29999923706055,25.790000915527344,25.790000915527344,25.790000915527344,1900.0,DEUR
2018-07-25,11.359999656677244,11.449999809265135,11.300000190734865,11.399999618530273,9.422406196594238,53800.0,DEX
2018-07-25,6.75,6.75,5.550000190734863,5.8499999046325675,5.8499999046325675,28500.0,DFFN
2018-07-25,20.729999542236328,21.0,20.729999542236328,20.8799991607666,20.8799991607666,123600.0,DFIN
2018-07-25,24.0,24.0,23.8799991607666,23.899999618530273,21.1646728515625,54800.0,DFP
2018-07-25,73.12000274658203,73.20999908447266,72.37999725341797,72.73999786376953,70.01691436767578,2062300.0,DFS
2018-07-25,62.63999938964844,62.63999938964844,62.63999938964844,62.63999938964844,62.63999938964844,0.0,DFVL
2018-07-25,36.47999954223633,36.47999954223633,36.47999954223633,36.47999954223633,36.47999954223633,0.0,DFVS
2018-07-25,98.58000183105469,98.86000061035156,97.9499969482422,98.75,97.33777618408205,1794200.0,DG
2018-07-25,515.5999755859375,521.2000122070311,513.0,515.5999755859375,515.5999755859375,89300.0,DGAZ
2018-07-25,26.290000915527344,26.290000915527344,26.290000915527344,26.290000915527344,26.290000915527344,100.0,DGBP
2018-07-25,13.75,13.979999542236328,13.699999809265135,13.829999923706055,12.857207298278807,19500.0,DGICA
2018-07-25,13.449999809265135,13.449999809265135,13.449999809265135,13.449999809265135,12.550293922424315,0.0,DGICB
2018-07-25,13.199999809265135,13.550000190734865,12.949999809265135,13.449999809265135,13.449999809265135,88700.0,DGII
2018-07-25,52.08000183105469,52.65999984741211,52.040000915527344,52.22000122070313,52.22000122070313,160300.0,DGLD
2018-07-25,2.3499999046325684,2.549999952316284,2.3499999046325684,2.450000047683716,2.450000047683716,74400.0,DGLY
2018-07-25,21.81999969482422,21.88999938964844,21.690000534057614,21.84000015258789,21.84000015258789,13600.0,DGP
2018-07-25,105.75,107.93000030517578,104.4499969482422,107.66000366210938,103.62371063232422,2401600.0,DGX
2018-07-25,14.600000381469727,14.670000076293945,14.600000381469727,14.619999885559082,14.619999885559082,3200.0,DGZ
2018-07-25,17.84000015258789,18.010000228881836,17.829999923706055,17.969999313354492,17.64608383178711,1174500.0,DHC
2018-07-25,24.53000068664551,24.70000076293945,24.53000068664551,24.56999969482422,22.40025329589844,5000.0,DHCNI
2018-07-25,3.109999895095825,3.130000114440918,3.109999895095825,3.109999895095825,2.67946457862854,99700.0,DHF
2018-07-25,40.22999954223633,40.36999893188477,38.58000183105469,39.540000915527344,38.61639022827149,9116600.0,DHI
2018-07-25,194.5,194.5,191.7100067138672,192.6000061035156,172.44615173339844,6000.0,DHIL
2018-07-25,103.54000091552734,104.01000213623048,102.83000183105469,103.54000091552734,102.58417510986328,3153000.0,DHR
2018-07-25,4.269999980926514,4.320000171661377,4.239999771118163,4.269999980926514,3.861714839935303,806100.0,DHT
2018-07-25,2.0999999046325684,2.150000095367432,2.049999952316284,2.049999952316284,2.049999952316284,268000.0,DHX
2018-07-25,2.650000095367432,2.650000095367432,2.609999895095825,2.609999895095825,2.2409825325012207,529100.0,DHY
2018-07-25,18.81999969482422,18.86000061035156,18.68000030517578,18.799999237060547,16.667850494384766,76900.0,DIAX
2018-07-25,68.19999694824219,70.6500015258789,68.19999694824219,69.86000061035156,63.53898239135742,402200.0,DIN
2018-07-25,38.34000015258789,38.43999862670898,37.43999862670898,37.86999893188477,37.86999893188477,353900.0,DIOD
2018-07-25,110.63999938964844,111.41999816894531,109.62999725341795,111.18000030517578,108.99222564697266,6756800.0,DIS
2018-07-25,26.1200008392334,26.40999984741211,25.739999771118164,25.8700008392334,25.8700008392334,3270600.0,DISCA
2018-07-25,27.0,27.0,27.0,27.0,27.0,0.0,DISCB
2018-07-25,24.059999465942386,24.40999984741211,23.84000015258789,24.059999465942386,24.059999465942386,1629100.0,DISCK
2018-07-25,30.309999465942386,30.479999542236328,29.20000076293945,29.770000457763672,29.770000457763672,2913700.0,DISH
2018-07-25,85.0,85.0,85.0,85.0,83.1674575805664,100.0,DIT
2018-07-25,36.38999938964844,36.38999938964844,36.38999938964844,36.38999938964844,36.38999938964844,0.0,DIVC
2018-07-25,15.539999961853027,15.539999961853027,15.539999961853027,15.539999961853027,15.539999961853027,300.0,DJCI
2018-07-25,234.4900054931641,234.4900054931641,234.4900054931641,234.4900054931641,234.4900054931641,0.0,DJCO
2018-07-25,23.520000457763672,23.690000534057614,23.45000076293945,23.690000534057614,23.690000534057614,513100.0,DJP
2018-07-25,23.309999465942386,23.309999465942386,23.25,23.29999923706055,23.29999923706055,1300.0,DJPY
2018-07-25,48.209999084472656,49.36000061035156,47.77999877929688,49.13999938964844,46.168540954589844,1455700.0,DK
2018-07-25,28.75,29.75,28.5,29.45000076293945,24.44168472290039,97900.0,DKL
2018-07-25,33.59999847412109,33.86999893188477,33.150001525878906,33.75,31.79802131652832,1814900.0,DKS
2018-07-25,7.730000019073486,7.809999942779541,7.610000133514403,7.800000190734862,7.113505363464356,4900.0,DL
2018-07-25,17.0,17.129999160766598,16.799999237060547,17.010000228881836,17.010000228881836,11500.0,DLA
2018-07-25,64.15000152587889,64.61000061035156,63.81000137329102,64.55000305175781,63.23633193969727,221900.0,DLB
2018-07-25,5.5,5.5,5.5,5.5,5.5,0.0,DLHC
2018-07-25,7.820000171661378,7.920000076293945,7.810999870300293,7.880000114440918,7.28307580947876,37200.0,DLNG
2018-07-25,43.86000061035156,44.97999954223633,42.56999969482422,44.70000076293945,44.18494415283203,1236800.0,DLPH
2018-07-25,3.0999999046325684,3.0999999046325684,3.0499999523162837,3.0499999523162837,3.0499999523162837,7300.0,DLPN
2018-07-25,115.5199966430664,117.1500015258789,115.4000015258789,117.0199966430664,110.09219360351562,1145500.0,DLR
2018-07-25,24.26000022888184,24.989999771118164,24.01000022888184,24.709999084472656,24.709999084472656,159100.0,DLTH
2018-07-25,88.41999816894531,89.76000213623047,88.0999984741211,89.4000015258789,89.4000015258789,2865000.0,DLTR
2018-07-25,63.93999862670898,64.58000183105469,63.88999938964844,64.19999694824219,61.39202499389648,321600.0,DLX
2018-07-25,9.972000122070312,10.460000038146973,9.972000122070312,9.982000350952148,9.982000350952148,3200.0,DMAC
2018-07-25,12.68000030517578,12.779999732971193,12.640000343322756,12.75,11.764486312866213,66900.0,DMB
2018-07-25,8.119999885559082,8.140000343322754,8.100000381469728,8.130000114440918,7.4827942848205575,20100.0,DMF
2018-07-25,19.350000381469727,19.450000762939453,19.299999237060547,19.399999618530273,16.211645126342773,97100.0,DMLP
2018-07-25,22.5,22.670000076293945,22.11000061035156,22.459999084472656,17.903881072998047,86500.0,DMO
2018-07-25,6.5,6.5,5.9000000953674325,6.260000228881836,6.260000228881836,8800.0,DMPI
2018-07-25,30.04999923706055,30.45000076293945,29.5,29.79999923706055,29.79999923706055,66400.0,DMRC
2018-07-25,19.959999084472656,19.979999542236328,19.959999084472656,19.959999084472656,19.959999084472656,2000.0,DMTK
2018-07-25,12.260000228881836,12.279999732971193,12.170000076293945,12.279999732971193,10.769339561462402,240700.0,DNI
2018-07-25,8.0,9.0,7.800000190734862,8.0,8.0,2100.0,DNJR
2018-07-25,49.0,49.0,48.0,47.5,47.5,45814.0,DNK
2018-07-25,71.0,71.5,70.81999969482422,70.9000015258789,68.43594360351561,1105000.0,DNKN
2018-07-25,13.529999732971193,14.40999984741211,13.359999656677244,13.890000343322756,13.890000343322756,1246900.0,DNLI
2018-07-25,0.4600000083446503,0.4699999988079071,0.4600000083446503,0.4699999988079071,0.4699999988079071,461400.0,DNN
2018-07-25,13.9399995803833,14.229999542236328,13.850000381469727,14.210000038146973,14.210000038146973,1001400.0,DNOW
2018-07-25,11.0,11.029999732971193,10.979999542236328,10.989999771118164,9.77594757080078,298200.0,DNP
2018-07-25,4.619999885559082,4.630000114440918,4.460000038146973,4.579999923706055,4.579999923706055,9801700.0,DNR
2018-07-25,18.6200008392334,19.1299991607666,18.1299991607666,19.06999969482422,19.06999969482422,1543600.0,DO
2018-07-25,15.670000076293945,15.859999656677244,15.670000076293945,15.779999732971193,14.32430648803711,734400.0,DOC
2018-07-25,53.7599983215332,55.6619987487793,53.7599983215332,54.68999862670898,54.68999862670898,555400.0,DOCU
2018-07-25,2.880000114440918,3.100100040435791,2.847899913787842,3.059999942779541,3.059999942779541,28800.0,DOGZ
2018-07-25,19.38999938964844,19.799999237060547,18.934999465942386,19.68000030517578,19.68000030517578,442600.0,DOMO
2018-07-25,48.0,48.0,48.0,48.0,47.39530563354492,0.0,DOOO
2018-07-25,68.55000305175781,68.55000305175781,65.84999847412111,67.15000152587889,67.15000152587889,156100.0,DOOR
2018-07-25,71.12999725341797,71.63999938964844,69.05000305175781,71.5,71.5,87400.0,DORM
2018-07-25,79.0199966430664,81.0199966430664,78.83999633789062,80.86000061035156,77.98790740966797,1798100.0,DOV
2018-07-25,68.05999755859375,68.62000274658203,67.86000061035156,68.38999938964844,66.19745635986328,406200.0,DOX
2018-07-25,14.670000076293945,14.93000030517578,14.670000076293945,14.899999618530273,12.511496543884276,88800.0,DPG
2018-07-25,432.0,440.0,408.0,408.0,408.0,3400.0,DPW
2018-07-25,263.33999633789057,266.1400146484375,261.0599975585937,262.20001220703125,257.96795654296875,632100.0,DPZ
2018-07-25,38.08000183105469,39.47000122070313,38.040000915527344,38.54999923706055,38.54999923706055,441200.0,DQ
2018-07-25,16.5,17.0,16.5,17.0,16.5,7400.0,DRAD
2018-07-25,2.549999952316284,2.640000104904175,2.5199999809265137,2.5299999713897705,2.404291868209839,64700.0,DRD
2018-07-25,27.78000068664551,28.1299991607666,27.520000457763672,28.04999923706055,26.72454261779785,3553400.0,DRE
2018-07-25,12.050000190734865,12.100000381469727,11.779999732971193,11.859999656677244,11.033102989196776,3393300.0,DRH
2018-07-25,108.0,109.61000061035156,106.91999816894531,107.0500030517578,102.5488510131836,2290000.0,DRI
2018-07-25,1.2799999713897705,1.2890000343322754,1.2599999904632568,1.2799999713897705,1.2799999713897705,9000.0,DRIO
2018-07-25,12.920000076293945,13.18000030517578,12.8100004196167,12.979999542236328,12.979999542236328,347800.0,DRNA
2018-07-25,56.79999923706055,57.04999923706055,55.75,56.0,56.0,367300.0,DRQ
2018-07-25,52.86999893188477,52.86999893188477,52.86999893188477,52.86999893188477,52.86999893188477,0.0,DRR
2018-07-25,1.5099999904632568,1.5299999713897705,1.4800000190734863,1.4900000095367432,1.4900000095367432,493700.0,DRRX
2018-07-25,4.9780001640319815,4.9780001640319815,4.9780001640319815,4.9780001640319815,4.9780001640319815,400.0,DRTT
2018-07-25,24.93000030517578,25.03000068664551,24.93000030517578,25.03000068664551,22.84899139404297,27400.0,DRUA
2018-07-25,6.53000020980835,6.710000038146973,6.46999979019165,6.539999961853027,6.539999961853027,204600.0,DS
2018-07-25,5.8400001525878915,5.940000057220459,5.828000068664551,5.940000057220459,4.7403292655944815,53200.0,DSE
2018-07-25,33.299999237060554,34.049999237060554,33.25,34.0,34.0,77600.0,DSGX
2018-07-25,9.329999923706056,9.380000114440918,8.039999961853027,8.659999847412111,8.659999847412111,888300.0,DSKE
2018-07-25,20.149999618530273,20.149999618530273,20.09000015258789,20.09000015258789,17.344612121582028,334900.0,DSL
2018-07-25,28.40999984741211,28.88999938964844,28.31999969482422,28.3700008392334,28.3700008392334,148600.0,DSLV
2018-07-25,7.579999923706055,7.5999999046325675,7.570000171661378,7.579999923706055,6.945598125457764,119700.0,DSM
2018-07-25,13.0,13.050000190734865,12.75,12.800000190734865,12.800000190734865,112900.0,DSPG
2018-07-25,1.3799999952316284,1.4800000190734863,1.3799999952316284,1.4199999570846558,1.4199999570846558,98200.0,DSS
2018-07-25,11.210000038146973,11.239999771118164,11.149999618530273,11.199999809265137,9.83003044128418,165700.0,DSU
2018-07-25,3.309999942779541,3.3399999141693115,3.309999942779541,3.309999942779541,3.068425416946411,10900.0,DSWL
2018-07-25,4.5,4.639999866485597,4.449999809265137,4.619999885559082,4.619999885559082,297100.0,DSX
2018-07-25,107.98999786376952,109.56999969482422,107.4800033569336,108.3000030517578,102.26459503173828,1887800.0,DTE
2018-07-25,3.134000062942505,3.150000095367432,3.0,3.059999942779541,3.059999942779541,29800.0,DTEA
2018-07-25,13.31999969482422,13.329999923706055,13.300000190734865,13.329999923706055,12.475470542907715,23000.0,DTF
2018-07-25,25.1200008392334,25.1200008392334,24.899999618530273,24.95000076293945,22.72648620605469,31700.0,DTJ
2018-07-25,55.83000183105469,56.72999954223633,55.83000183105469,56.72999954223633,56.72999954223633,2700.0,DTO
2018-07-25,11420.599609375,11420.599609375,11420.599609375,11420.599609375,11246.7646484375,0.0,DTP
2018-07-25,24.6299991607666,24.63999938964844,24.51000022888184,24.59000015258789,24.59000015258789,8000.0,DTQ
2018-07-25,17.5,17.5,17.5,17.5,17.5,200.0,DTSS
2018-07-25,56.75,56.75,56.75,56.75,56.75,0.0,DTUL
2018-07-25,39.43999862670898,40.04999923706055,39.43999862670898,40.0,40.0,1600.0,DTUS
2018-07-25,24.6200008392334,24.729999542236328,24.51000022888184,24.559999465942386,22.706388473510746,32300.0,DTW
2018-07-25,26.270000457763672,26.309999465942386,26.25,26.290000915527344,23.81476783752441,6600.0,DTY
2018-07-25,72.95999908447266,72.95999908447266,72.95999908447266,72.95999908447266,72.95999908447266,0.0,DTYL
2018-07-25,8.449999809265138,8.470000267028809,8.449999809265138,8.460000038146973,7.765835762023926,36300.0,DUC
2018-07-25,79.79000091552734,80.62000274658203,79.69000244140625,80.18000030517578,74.42639923095703,2582100.0,DUK
2018-07-25,25.26000022888184,25.3700008392334,25.149999618530273,25.190000534057614,23.3145809173584,22800.0,DUKH
2018-07-25,6.440000057220459,6.440000057220459,6.300000190734862,6.300000190734862,6.300000190734862,2929.0,DUOT
2018-07-25,70.19999694824219,70.19999694824219,69.16000366210939,69.48000335693361,69.48000335693361,795500.0,DVA
2018-07-25,14.199999809265135,14.550000190734865,13.850000381469727,14.0,14.0,1648300.0,DVAX
2018-07-25,2.0,2.0,1.9800000190734863,2.0,1.8270074129104612,700.0,DVD
2018-07-25,44.59000015258789,45.38999938964844,44.47000122070313,45.27000045776367,43.96125793457031,4533500.0,DVN
2018-07-25,7.5,7.6500000953674325,7.4000000953674325,7.5,7.5,40500.0,DWSN
2018-07-25,19.229999542236328,19.31999969482422,19.170000076293945,19.26000022888184,16.502735137939453,127300.0,DX
2018-07-25,25.5,25.540000915527344,25.459999084472656,25.540000915527344,22.80966567993164,41900.0,DXB
2018-07-25,86.9800033569336,88.23999786376953,86.7699966430664,88.23999786376953,84.41946411132812,1462900.0,DXC
2018-07-25,101.41000366210938,103.98999786376952,101.02999877929688,103.70999908447266,103.70999908447266,798000.0,DXCM
2018-07-25,6.0310001373291025,6.28000020980835,6.03000020980835,6.28000020980835,6.28000020980835,1909.0,DXF
2018-07-25,2.049999952316284,2.150000095367432,2.049999952316284,2.049999952316284,2.049999952316284,17000.0,DXLG
2018-07-25,43.09000015258789,43.36999893188477,41.72000122070313,42.43000030517578,42.43000030517578,59100.0,DXPE
2018-07-25,5.9099998474121085,5.949999809265138,5.71999979019165,5.75,5.75,10500.0,DXR
2018-07-25,2.200000047683716,2.25,2.150000095367432,2.150000095367432,2.150000095367432,64400.0,DXYN
2018-07-25,92.16000366210938,93.0999984741211,89.11000061035156,93.02999877929688,93.02999877929688,644900.0,DY
2018-07-25,1.4700000286102295,1.4700000286102295,1.4500000476837158,1.4700000286102295,1.4700000286102295,13500.0,DYAI
2018-07-25,2.900000095367432,2.900000095367432,2.900000095367432,2.900000095367432,2.900000095367432,0.0,DYNT
2018-07-25,9.34000015258789,9.350000381469727,9.15999984741211,9.170000076293944,9.170000076293944,6900.0,DZSI
2018-07-25,6.119999885559082,6.179999828338622,6.119999885559082,6.130000114440918,6.130000114440918,17100.0,DZZ
2018-07-25,37.79999923706055,38.38999938964844,37.709999084472656,38.38999938964844,35.28614807128906,206300.0,E
2018-07-25,144.91000366210938,146.7899932861328,144.25,146.5,146.5,2944900.0,EA
2018-07-25,24.649999618530273,24.75,24.649999618530273,24.670000076293945,22.64138412475586,6200.0,EAB
2018-07-25,7.9000000953674325,7.920000076293945,7.889999866485597,7.9000000953674325,6.816338062286378,140500.0,EAD
2018-07-25,24.0,24.03000068664551,23.959999084472656,23.989999771118164,22.03065299987793,5400.0,EAE
2018-07-25,19.170000076293945,19.415000915527344,18.729999542236328,19.0,17.254758834838867,550000.0,EAF
2018-07-25,11.06999969482422,11.119999885559082,11.039999961853027,11.09000015258789,8.927726745605469,51700.0,EARN
2018-07-25,5.599999904632568,5.599999904632568,5.199999809265137,5.28000020980835,5.28000020980835,24600.0,EARS
2018-07-25,7.668000221252441,7.699999809265138,7.559999942779541,7.699999809265138,7.699999809265138,4300.0,EAST
2018-07-25,49.349998474121094,49.81999969482422,48.52000045776367,49.6500015258789,46.569496154785156,432800.0,EAT
2018-07-25,33.419998168945305,34.040000915527344,33.389999389648445,33.889999389648445,33.23329544067383,12141500.0,EBAY
2018-07-25,26.25,26.34000015258789,26.090999603271484,26.10000038146973,23.95292091369629,56600.0,EBAYL
2018-07-25,22.450000762939453,22.59000015258789,22.0,22.299999237060547,20.877939224243164,73800.0,EBF
2018-07-25,82.94999694824219,84.80000305175781,82.80000305175781,84.44999694824219,83.41265106201172,91600.0,EBIX
2018-07-25,19.11000061035156,19.11000061035156,19.11000061035156,19.11000061035156,18.43519592285156,500.0,EBMT
2018-07-25,4.679999828338623,4.860000133514403,4.639999866485597,4.829999923706055,4.69867753982544,529400.0,EBR
2018-07-25,54.18000030517578,54.2400016784668,53.52000045776367,54.18999862670898,54.18999862670898,230700.0,EBS
2018-07-25,18.899999618530273,19.149999618530273,18.799999237060547,19.100000381469727,18.540361404418945,329700.0,EBSB
2018-07-25,38.18999862670898,38.18999862670898,37.31999969482422,37.31999969482422,36.01411437988281,6500.0,EBTC
2018-07-25,20.65999984741211,20.8799991607666,20.5,20.8799991607666,20.02776908874512,737900.0,EC
2018-07-25,18.3799991607666,18.420000076293945,18.3799991607666,18.399999618530273,14.424107551574707,59600.0,ECC
2018-07-25,26.35000038146973,26.440000534057614,26.32500076293945,26.440000534057614,23.376718521118164,1800.0,ECCB
2018-07-25,24.8700008392334,24.8700008392334,24.809999465942386,24.82999992370605,21.69059562683105,6400.0,ECCX
2018-07-25,25.45000076293945,25.45000076293945,25.45000076293945,25.45000076293945,25.02717018127441,100.0,ECCY
2018-07-25,9.65999984741211,9.65999984741211,9.579999923706056,9.619999885559082,8.554470062255861,13900.0,ECF
2018-07-25,30.79999923706055,31.399999618530273,30.75,31.20000076293945,31.20000076293945,385500.0,ECHO
2018-07-25,140.66000366210938,141.6999969482422,139.80000305175778,141.60000610351562,139.07164001464844,1238600.0,ECL
2018-07-25,65.55000305175781,66.55000305175781,65.55000305175781,66.40000152587889,65.24452209472656,50200.0,ECOL
2018-07-25,14.5,14.899999618530273,14.449999809265135,14.75,14.75,67300.0,ECOM
2018-07-25,14.600000381469727,14.600000381469727,14.149999618530273,14.5,14.5,92400.0,ECOR
2018-07-25,36.75,36.75,35.900001525878906,36.04999923706055,36.04999923706055,285900.0,ECPG
2018-07-25,1.8999999761581419,1.940000057220459,1.8999999761581419,1.8999999761581419,1.482369899749756,30000.0,ECT
2018-07-25,77.36000061035156,77.87999725341797,77.16000366210938,77.38999938964844,72.78675079345703,1296800.0,ED
2018-07-25,3.220000028610229,3.240000009536743,3.119999885559082,3.1600000858306885,3.1600000858306885,50800.0,EDAP
2018-07-25,6.789999961853027,6.889999866485597,6.789999961853027,6.889999866485597,5.910189151763916,118800.0,EDD
2018-07-25,13.600000381469727,13.880000114440918,13.550000190734865,13.850000381469727,10.48658561706543,119400.0,EDF
2018-07-25,13.170000076293945,13.31999969482422,13.170000076293945,13.3100004196167,10.343131065368652,59000.0,EDI
2018-07-25,32.40999984741211,33.540000915527344,31.6200008392334,31.81999969482422,31.81999969482422,1070800.0,EDIT
2018-07-25,32.02000045776367,33.34999847412109,31.170000076293945,32.93000030517578,32.93000030517578,373300.0,EDN
2018-07-25,5.940000057220459,6.369999885559082,5.623000144958496,5.75,5.75,16500.0,EDNT
2018-07-25,8.0,8.0,7.820000171661378,7.989999771118164,7.989999771118164,6100.0,EDRY
2018-07-25,9.960000038146973,10.079999923706056,9.960000038146973,10.020000457763672,10.020000457763672,12800.0,EDSA
2018-07-25,91.06999969482422,94.18000030517578,89.88999938964844,91.0999984741211,91.0999984741211,1696100.0,EDU
2018-07-25,9.550000190734863,10.734999656677246,9.5,9.925000190734863,9.398923873901367,25000.0,EDUC
2018-07-25,60.95000076293945,61.25,60.349998474121094,60.70000076293945,58.22481155395508,250100.0,EE
2018-07-25,9.600000381469727,9.670000076293944,9.529999732971193,9.640000343322754,9.173955917358398,7200.0,EEA
2018-07-25,84.02999877929688,95.4800033569336,84.02999877929688,94.4000015258789,94.4000015258789,1933100.0,EEFT
2018-07-25,20.59000015258789,20.59000015258789,20.59000015258789,20.59000015258789,20.59000015258789,0.0,EEH
2018-07-25,19.399999618530273,19.670000076293945,19.350000381469727,19.549999237060547,18.67176818847656,140800.0,EEX
2018-07-25,16.190000534057614,16.280000686645508,16.190000534057614,16.239999771118164,13.401229858398438,21300.0,EFC
2018-07-25,16.469999313354492,16.479999542236328,16.389999389648438,16.389999389648438,14.613882064819336,24000.0,EFF
2018-07-25,9.430999755859377,9.458999633789062,9.34000015258789,9.34000015258789,8.473115921020508,48800.0,EFL
2018-07-25,2.049999952316284,2.049999952316284,1.9800000190734863,2.0,2.0,3700.0,EFOI
2018-07-25,14.25,14.289999961853027,14.239999771118164,14.260000228881836,12.53241729736328,76400.0,EFR
2018-07-25,57.349998474121094,57.349998474121094,56.4000015258789,57.0,55.50916290283203,158900.0,EFSC
2018-07-25,14.630000114440918,14.739999771118164,14.630000114440918,14.710000038146973,13.015549659729006,121500.0,EFT
2018-07-25,127.12999725341795,128.19999694824222,127.12999725341795,127.6999969482422,124.96832275390624,1120000.0,EFX
2018-07-25,14.699999809265135,15.399999618530273,14.699999809265135,15.100000381469727,15.100000381469727,613400.0,EGAN
2018-07-25,56.95000076293945,56.95000076293945,55.0,55.45000076293945,54.68890380859375,148500.0,EGBN
2018-07-25,12.779999732971193,12.84000015258789,12.770000457763672,12.829999923706055,12.045417785644533,9000.0,EGF
2018-07-25,21.950000762939453,22.54999923706055,21.82999992370605,21.950000762939453,21.950000762939453,1055800.0,EGHT
2018-07-25,15.449999809265135,15.470000267028807,15.425000190734865,15.449999809265135,13.856133460998535,61900.0,EGIF
2018-07-25,6.0900001525878915,6.0900001525878915,5.630000114440918,5.75,5.75,759200.0,EGLE
2018-07-25,5.699999809265138,5.800000190734862,5.599999904632568,5.699999809265138,5.699999809265138,527500.0,EGO
2018-07-25,16.149999618530273,16.399999618530273,16.149999618530273,16.399999618530273,15.87048053741455,237000.0,EGOV
2018-07-25,92.3499984741211,93.63999938964844,92.3499984741211,93.5999984741211,89.27424621582031,210700.0,EGP
2018-07-25,81.81999969482422,83.45999908447266,81.43000030517578,81.91000366210938,81.91000366210938,226900.0,EGRX
2018-07-25,3.0699999332427983,3.140000104904175,3.0,3.130000114440918,3.130000114440918,772600.0,EGY
2018-07-25,69.76000213623047,70.56999969482422,69.51999664306639,70.41999816894531,68.34146118164061,810900.0,EHC
2018-07-25,9.140000343322754,9.15999984741211,9.130000114440918,9.130000114440918,7.974349498748778,54100.0,EHI
2018-07-25,9.59000015258789,9.59000015258789,9.538000106811523,9.545000076293944,8.794363021850586,52700.0,EHT
2018-07-25,24.28000068664551,24.54999923706055,23.76000022888184,24.020000457763672,24.020000457763672,79600.0,EHTH
2018-07-25,318.7090148925781,318.9570007324219,318.7090148925781,318.7090148925781,318.7090148925781,404.0,EIC
2018-07-25,19.809999465942386,20.75,19.049999237060547,19.100000381469727,19.100000381469727,38600.0,EIDX
2018-07-25,42.54999923706055,42.79999923706055,42.04999923706055,42.75,41.23715591430664,100100.0,EIG
2018-07-25,10.149999618530273,10.425000190734863,10.100000381469727,10.199999809265137,10.199999809265137,906500.0,EIGI
2018-07-25,10.550000190734863,10.649999618530273,10.454999923706056,10.5,10.5,24200.0,EIGR
2018-07-25,11.8100004196167,11.829999923706055,11.8100004196167,11.829999923706055,10.962509155273438,46500.0,EIM
2018-07-25,66.08999633789061,67.38999938964844,65.95999908447266,66.83000183105469,62.51169967651367,2486100.0,EIX
2018-07-25,29.25,30.45000076293945,28.20000076293945,28.95000076293945,28.95000076293945,53700.0,EKSO
2018-07-25,139.5,141.5800018310547,139.5,141.50999450683594,138.94627380371094,1388600.0,EL
2018-07-25,8900.0,8980.0,8900.0,8920.0,8920.0,35840.0,ELC
2018-07-25,13.960000038146973,14.220000267028807,13.789999961853027,14.079999923706055,14.079999923706055,563300.0,ELF
2018-07-25,51.29999923706055,52.4000015258789,51.0,51.0,51.0,35200.0,ELGX
2018-07-25,0.12099999934434892,0.12099999934434892,0.12099999934434892,0.12099999934434892,0.12099999934434892,0.0,ELJ
2018-07-25,8.859999656677246,8.859999656677246,8.859999656677246,8.859999656677246,8.859999656677246,500.0,ELLO
2018-07-25,5.360000133514403,5.400000095367432,5.360000133514403,5.400000095367432,5.400000095367432,3600.0,ELMD
2018-07-25,15.329999923706055,16.799999237060547,14.970000267028807,16.430000305175778,16.430000305175778,52400.0,ELOX
2018-07-25,5.760000228881836,5.809999942779541,5.730000019073486,5.769999980926514,5.32149076461792,418600.0,ELP
2018-07-25,45.025001525878906,45.64500045776367,45.01499938964844,45.349998474121094,42.96062088012695,802600.0,ELS
2018-07-25,4.0,4.0,4.0,4.0,4.0,100.0,ELSE
2018-07-25,3.7999999523162837,3.990000009536743,3.7999999523162837,3.880000114440918,3.880000114440918,5400.0,ELTK
2018-07-25,23.899999618530273,24.01000022888184,23.790000915527344,23.8700008392334,21.9192008972168,7700.0,ELU
2018-07-25,9.729999542236328,9.859999656677246,9.4399995803833,9.550000190734863,9.550000190734863,248300.0,ELVT
2018-07-25,18.989999771118164,19.36000061035156,18.950000762939453,19.34000015258789,19.26721954345703,569400.0,ELY
2018-07-25,1.6499999761581419,1.7000000476837158,1.6499999761581419,1.7000000476837158,1.7000000476837158,19900.0,EMAN
2018-07-25,36.959999084472656,36.959999084472656,36.959999084472656,36.959999084472656,34.71013641357422,800.0,EMCF
2018-07-25,13.539999961853027,13.579999923706055,13.539999961853027,13.579999923706055,11.698062896728516,154700.0,EMD
2018-07-25,76.19999694824219,77.36000061035156,75.37000274658203,77.22000122070312,76.73970794677734,246300.0,EME
2018-07-25,14.989999771118164,15.100000381469727,14.90999984741211,15.100000381469727,13.766069412231445,45900.0,EMF
2018-07-25,5.150000095367432,5.199999809265137,5.03000020980835,5.099999904632568,5.099999904632568,68700.0,EMKR
2018-07-25,29.149999618530273,29.399999618530273,28.75,29.35000038146973,28.507049560546875,3000.0,EML
2018-07-25,4.530075073242188,4.642857074737549,4.351503849029541,4.642857074737549,4.642857074737549,11500.0,EMMS
2018-07-25,99.9800033569336,101.91000366210938,99.97000122070312,101.70999908447266,95.51803588867188,991900.0,EMN
2018-07-25,11.449999809265135,11.5600004196167,11.399999618530273,11.5600004196167,9.51770305633545,68700.0,EMO
2018-07-25,0.8799999952316284,0.8799999952316284,0.8799999952316284,0.8799999952316284,0.8799999952316284,0.0,EMP
2018-07-25,68.80000305175781,70.27999877929689,68.69999694824219,70.19999694824219,66.73038482666016,2767300.0,EMR
2018-07-25,1.149999976158142,1.25,1.149999976158142,1.2200000286102295,1.2200000286102295,396000.0,EMX
2018-07-25,35.06999969482422,35.20000076293945,34.709999084472656,34.939998626708984,30.36143684387207,3282400.0,ENB
2018-07-25,25.35000038146973,25.440000534057614,25.32999992370605,25.35000038146973,25.35000038146973,150000.0,ENBA
2018-07-25,18.479999542236328,18.61000061035156,18.34000015258789,18.57999992370605,15.501363754272461,278600.0,ENBL
2018-07-25,11.619999885559082,12.039999961853027,11.56999969482422,12.029999732971193,12.029999732971193,3415900.0,ENDP
2018-07-25,1.2699999809265137,1.2699999809265137,1.2300000190734863,1.2599999904632568,1.2599999904632568,15100.0,ENG
2018-07-25,8.670000076293945,8.829999923706055,8.659999847412111,8.770000457763674,8.298403739929201,819200.0,ENIA
2018-07-25,5.28000020980835,5.389999866485597,5.21999979019165,5.320000171661377,5.042397975921631,317800.0,ENIC
2018-07-25,24.770000457763672,24.8799991607666,24.729999542236328,24.8799991607666,22.77573013305664,3600.0,ENJ
2018-07-25,15.899999618530273,16.649999618530273,15.899999618530273,16.5,13.674434661865234,745800.0,ENLC
2018-07-25,11.696000099182127,12.128000259399414,11.039999961853027,11.600000381469727,11.600000381469727,5900.0,ENLV
2018-07-25,25.670000076293945,25.920000076293945,25.670000076293945,25.88999938964844,25.88999938964844,4400.0,ENO
2018-07-25,4.0,4.0,4.0,4.0,4.0,2000.0,ENOB
2018-07-25,6.25,6.570000171661378,6.0,6.480000019073486,6.480000019073486,7796000.0,ENPH
2018-07-25,63.77000045776367,63.9900016784668,63.27000045776367,63.68999862670898,60.93962097167969,514900.0,ENR
2018-07-25,76.91000366210938,77.87000274658203,75.87000274658203,77.7699966430664,76.36927795410156,144600.0,ENS
2018-07-25,35.18241500854492,35.444339752197266,34.798877716064446,35.14499664306641,34.86194229125977,252300.0,ENSG
2018-07-25,1.1299999952316284,1.1399999856948853,1.1100000143051147,1.1200000047683716,1.1200000047683716,35600.0,ENSV
2018-07-25,2.609999895095825,2.690000057220459,2.3299999237060547,2.5799999237060547,2.5799999237060547,524300.0,ENT
2018-07-25,112.52999877929688,117.0,112.1510009765625,114.3499984741211,114.3499984741211,329600.0,ENTA
2018-07-25,37.45000076293945,37.81999969482422,37.04999923706055,37.70000076293945,37.19444274902344,1251400.0,ENTG
2018-07-25,5.53000020980835,5.599999904632568,5.320000171661377,5.360000133514403,5.360000133514403,5200.0,ENTX
2018-07-25,59.45000076293945,62.25,59.099998474121094,61.70000076293945,61.70000076293945,483100.0,ENV
2018-07-25,37.849998474121094,38.20000076293945,37.29999923706055,37.400001525878906,37.400001525878906,211500.0,ENVA
2018-07-25,11.15999984741211,11.220000267028807,11.15999984741211,11.199999809265137,10.391608238220217,20600.0,ENX
2018-07-25,4.809999942779541,4.809999942779541,4.25,4.2800002098083505,4.2800002098083505,146500.0,ENZ
2018-07-25,5.519999980926514,5.539999961853027,5.519999980926514,5.519999980926514,4.51475715637207,108800.0,EOD
2018-07-25,125.62999725341795,128.66999816894528,125.31999969482422,128.3800048828125,126.2353286743164,2602300.0,EOG
2018-07-25,15.699999809265135,15.800000190734865,15.670000076293945,15.779999732971193,13.96543025970459,43200.0,EOI
2018-07-25,19.399999618530273,20.399999618530273,19.309999465942386,20.030000686645508,20.030000686645508,337000.0,EOLS
2018-07-25,17.739999771118164,17.780000686645508,17.670000076293945,17.75,15.795140266418455,163400.0,EOS
2018-07-25,20.84000015258789,20.979999542236328,20.709999084472656,20.979999542236328,19.310976028442386,44400.0,EOT
2018-07-25,131.74000549316406,133.85000610351562,130.75,133.6300048828125,133.6300048828125,405100.0,EPAM
2018-07-25,56.18000030517578,57.86999893188477,56.18000030517578,57.70000076293945,57.70000076293945,596400.0,EPAY
2018-07-25,52.959999084472656,53.25,52.16999816894531,52.79999923706055,52.79999923706055,525500.0,EPC
2018-07-25,29.270000457763672,29.76000022888184,29.1299991607666,29.70000076293945,26.60826873779297,5809900.0,EPD
2018-07-25,3.1600000858306885,3.359999895095825,3.1600000858306885,3.3399999141693115,3.3399999141693115,1800.0,EPIX
2018-07-25,11.0,11.0,10.800000190734863,10.850000381469727,9.652606010437012,215100.0,EPM
2018-07-25,65.72000122070311,66.47000122070311,65.72000122070311,66.29000091552734,58.8667221069336,228700.0,EPR
2018-07-25,14.0,14.06999969482422,13.760000228881836,13.989999771118164,12.810105323791506,191400.0,EPRT
2018-07-25,2.0199999809265137,2.0199999809265137,2.0199999809265137,2.0199999809265137,2.0199999809265137,400.0,EPSN
2018-07-25,12.699999809265135,13.5,12.699999809265135,12.949999809265135,12.949999809265135,522400.0,EPZM
2018-07-25,40.68000030517578,40.68000030517578,40.02000045776367,40.08000183105469,40.08000183105469,39200.0,EQBK
2018-07-25,31.18000030517578,31.32999992370605,31.170000076293945,31.20000076293945,25.842002868652344,257700.0,EQC
2018-07-25,21.51000022888184,21.61000061035156,21.420000076293945,21.56999969482422,20.576261520385746,788400.0,EQH
2018-07-25,430.1600036621094,433.9100036621094,428.2699890136719,432.6400146484375,417.7756652832031,398600.0,EQIX
2018-07-25,54.06000137329102,54.58000183105469,53.43000030517578,54.11000061035156,43.57814025878906,989800.0,EQM
2018-07-25,26.18000030517578,26.36000061035156,26.059999465942386,26.36000061035156,24.213266372680664,960100.0,EQNR
2018-07-25,64.11000061035156,65.61000061035156,63.5,64.61000061035156,61.15625762939453,1901600.0,EQR
2018-07-25,2.2300000190734863,2.2300000190734863,2.1400001049041752,2.150000095367432,2.150000095367432,11600.0,EQS
2018-07-25,30.09798622131348,30.41916084289551,29.64071846008301,30.17419624328613,29.624942779541016,4774900.0,EQT
2018-07-25,13.43000030517578,13.720000267028807,13.43000030517578,13.649999618530273,13.649999618530273,75400.0,ERA
2018-07-25,12.609999656677244,12.609999656677244,12.529999732971193,12.539999961853027,10.622027397155762,57000.0,ERC
2018-07-25,13.220000267028807,13.380000114440918,13.109999656677244,13.380000114440918,12.970020294189453,603500.0,ERF
2018-07-25,12.510000228881836,12.529999732971193,12.479999542236328,12.510000228881836,11.132468223571776,14900.0,ERH
2018-07-25,43.599998474121094,44.0,43.150001525878906,43.70000076293945,43.70000076293945,375100.0,ERI
2018-07-25,8.279999732971191,8.310000419616701,8.220000267028809,8.260000228881836,8.08354663848877,12820900.0,ERIC
2018-07-25,119.75,120.5999984741211,119.38999938964844,120.20999908447266,116.33267974853516,24600.0,ERIE
2018-07-25,8.289999961853027,8.319999694824219,8.109999656677246,8.210000038146973,8.210000038146973,164300.0,ERII
2018-07-25,21.600000381469727,21.6200008392334,21.170000076293945,21.5,21.478816986083984,1041900.0,ERJ
2018-07-25,13.350000381469727,13.600000381469727,13.050000190734865,13.050000190734865,13.050000190734865,261000.0,EROS
2018-07-25,10.949999809265137,10.949999809265137,10.949999809265137,10.949999809265137,10.949999809265137,0.0,ERYP
2018-07-25,58.91999816894531,59.540000915527344,58.72999954223633,59.34000015258789,56.4820671081543,2129000.0,ES
2018-07-25,16.489999771118164,16.700000762939453,16.489999771118164,16.700000762939453,15.847601890563965,1400.0,ESBA
2018-07-25,20.5,20.5,20.5,20.5,18.633243560791016,0.0,ESBK
2018-07-25,13.649999618530273,13.800000190734865,13.649999618530273,13.699999809265135,12.623931884765625,3100.0,ESCA
2018-07-25,62.54999923706055,62.6500015258789,61.9000015258789,62.599998474121094,62.13308715820313,127700.0,ESE
2018-07-25,13.920000076293945,14.239999771118164,13.760000228881836,14.15999984741211,14.15999984741211,500.0,ESEA
2018-07-25,217.0,221.1999969482422,216.42999267578125,221.1999969482422,221.1999969482422,38900.0,ESGR
2018-07-25,25.399999618530273,25.59000015258789,25.38999938964844,25.520000457763672,22.83434295654297,181200.0,ESGRP
2018-07-25,11.949999809265135,12.279999732971193,11.84000015258789,12.270000457763672,12.270000457763672,4408200.0,ESI
2018-07-25,120.5500030517578,120.75,119.6999969482422,120.62000274658205,118.35968780517578,49000.0,ESLT
2018-07-25,38.0,38.349998474121094,37.68999862670898,38.0,37.643165588378906,1064500.0,ESNT
2018-07-25,25.79999923706055,25.79999923706055,25.57999992370605,25.75,23.964771270751953,500.0,ESP
2018-07-25,43.11999893188477,43.9900016784668,42.31999969482422,42.97999954223633,42.97999954223633,527100.0,ESPR
2018-07-25,25.76000022888184,26.489999771118164,24.01099967956543,24.35000038146973,24.35000038146973,38700.0,ESQ
2018-07-25,16.709999084472653,16.780000686645508,16.629999160766598,16.670000076293945,15.823131561279295,1269800.0,ESRT
2018-07-25,231.1999969482422,234.92999267578125,230.38999938964844,232.7400054931641,221.29067993164062,319000.0,ESS
2018-07-25,15.81999969482422,15.850000381469727,15.699999809265135,15.699999809265135,14.984710693359375,3200.0,ESSA
2018-07-25,26.10000038146973,26.239999771118164,25.059999465942386,25.29999923706055,25.29999923706055,66100.0,ESTA
2018-07-25,9.510000228881836,9.600000381469727,9.149999618530273,9.350000381469727,9.350000381469727,156200.0,ESTE
2018-07-25,9.800000190734863,9.800000190734863,9.449999809265137,9.5,9.302603721618652,12100.0,ESXB
2018-07-25,17.709999084472656,18.030000686645508,17.670000076293945,17.979999542236328,15.54256534576416,3003600.0,ET
2018-07-25,16.430000305175778,16.520000457763672,16.389999389648438,16.440000534057614,14.18217945098877,34500.0,ETB
2018-07-25,59.88000106811523,61.7599983215332,59.38999938964844,61.18000030517578,60.08201217651367,4291700.0,ETFC
2018-07-25,17.729999542236328,17.860000610351562,17.690000534057614,17.860000610351562,15.589483261108398,99200.0,ETG
2018-07-25,23.60000038146973,23.75,23.10000038146973,23.45000076293945,22.066925048828125,185500.0,ETH
2018-07-25,9.84000015258789,9.850000381469727,9.75,9.789999961853027,8.228744506835938,279600.0,ETJ
2018-07-25,8.0,8.050000190734862,7.9000000953674325,7.949999809265138,7.382640838623048,1862200.0,ETM
2018-07-25,77.36000061035156,79.08000183105469,77.12999725341797,78.9800033569336,44.69208908081055,3136500.0,ETN
2018-07-25,25.31999969482422,25.459999084472656,25.29999923706055,25.399999618530273,21.628381729125977,29800.0,ETO
2018-07-25,78.9000015258789,79.55999755859375,78.70999908447266,79.25,74.29182434082031,1146600.0,ETR
2018-07-25,42.0,43.27999877929688,42.0,42.97999954223633,42.97999954223633,1498000.0,ETSY
2018-07-25,15.84000015258789,15.869999885559082,15.729999542236328,15.770000457763672,13.538966178894045,213500.0,ETV
2018-07-25,11.90999984741211,11.970000267028807,11.869999885559082,11.970000267028807,10.240161895751953,196600.0,ETW
2018-07-25,19.979999542236328,19.979999542236328,19.899999618530273,19.950000762939453,18.542495727539066,10500.0,ETX
2018-07-25,12.609999656677244,12.649999618530273,12.539999961853027,12.619999885559082,10.842731475830078,308500.0,ETY
2018-07-25,41.599998474121094,41.599998474121094,41.599998474121094,41.599998474121094,41.599998474121094,0.0,EUFX
2018-07-25,8.5,8.574999809265138,8.350000381469728,8.5,8.331408500671388,581700.0,EURN
2018-07-25,53.38999938964844,53.59000015258789,52.72999954223633,53.4900016784668,50.61112594604492,468700.0,EV
2018-07-25,28.95000076293945,29.399999618530273,28.84000015258789,29.25,25.38832664489746,23700.0,EVA
2018-07-25,49.709999084472656,51.77000045776367,49.42499923706055,50.959999084472656,50.959999084472656,209800.0,EVBG
2018-07-25,47.75,47.75,47.099998474121094,47.099998474121094,44.44424819946289,1900.0,EVBN
2018-07-25,4.5,4.550000190734863,4.400000095367432,4.550000190734863,4.046598434448241,289900.0,EVC
2018-07-25,17.707000732421875,17.707000732421875,16.530000686645508,16.600000381469727,16.600000381469727,78000.0,EVER
2018-07-25,6.380000114440918,6.380000114440918,6.360000133514403,6.369999885559082,5.704969882965088,112000.0,EVF
2018-07-25,2.3399999141693115,2.3859999179840092,2.2950000762939453,2.3499999046325684,2.3499999046325684,40600.0,EVFM
2018-07-25,12.949999809265135,12.989999771118164,12.949999809265135,12.989999771118164,11.635305404663086,21700.0,EVG
2018-07-25,99.9800033569336,99.9800033569336,99.9800033569336,99.9800033569336,98.5720443725586,0.0,EVGBC
2018-07-25,2.9300000667572017,2.9800000190734863,2.9300000667572017,2.9300000667572017,2.9300000667572017,2000.0,EVGN
2018-07-25,21.600000381469727,21.850000381469727,21.399999618530273,21.799999237060547,21.799999237060547,442600.0,EVH
2018-07-25,40.04999923706055,40.04999923706055,39.29999923706055,39.5,39.36515426635742,2700.0,EVI
2018-07-25,3.7000000476837163,3.7000000476837163,3.7000000476837163,3.7000000476837163,3.7000000476837163,0.0,EVK
2018-07-25,99.97000122070312,99.97000122070312,99.97000122070312,99.97000122070312,99.61473083496094,0.0,EVLMC
2018-07-25,13.729999542236328,14.15999984741211,13.149999618530273,13.520000457763672,13.520000457763672,22800.0,EVLO
2018-07-25,10.350000381469727,10.350000381469727,10.300000190734863,10.3100004196167,9.551937103271484,42900.0,EVM
2018-07-25,11.989999771118164,11.989999771118164,11.880000114440918,11.93000030517578,11.037342071533203,50200.0,EVN
2018-07-25,2.619999885559082,2.6489999294281006,2.5999999046325684,2.640000104904175,2.640000104904175,12800.0,EVOK
2018-07-25,2.650000095367432,2.700000047683716,2.650000095367432,2.700000047683716,2.700000047683716,800.0,EVOL
2018-07-25,22.739999771118164,23.71999931335449,22.56999969482422,23.190000534057614,23.190000534057614,172900.0,EVOP
2018-07-25,117.48999786376952,117.48999786376952,110.1999969482422,112.1500015258789,107.0537109375,1016600.0,EVR
2018-07-25,54.95000076293945,55.52999877929688,54.84000015258789,55.040000915527344,52.08919525146485,1937700.0,EVRG
2018-07-25,7.559999942779541,7.730000019073486,7.539999961853027,7.6599998474121085,7.6599998474121085,762000.0,EVRI
2018-07-25,9.75,10.199999809265137,9.75,10.199999809265137,10.199999809265137,700.0,EVSI
2018-07-25,100.0199966430664,100.0199966430664,100.0199966430664,100.0199966430664,98.246826171875,0.0,EVSTC
2018-07-25,23.3700008392334,23.43000030517578,23.35000038146973,23.3799991607666,20.564189910888672,77700.0,EVT
2018-07-25,24.0,24.54999923706055,23.85000038146973,24.5,24.208215713500977,578000.0,EVTC
2018-07-25,12.56999969482422,12.59000015258789,12.550000190734865,12.5600004196167,11.13011646270752,180600.0,EVV
2018-07-25,12.15999984741211,12.210000038146973,12.15999984741211,12.210000038146973,11.395034790039062,2800.0,EVY
2018-07-25,152.64999389648438,155.5,152.0800018310547,155.1199951171875,155.1199951171875,1152500.0,EW
2018-07-25,66.18000030517578,66.27999877929689,64.81999969482422,65.12999725341797,62.85540771484375,660000.0,EWBC
2018-07-25,63.11999893188477,63.7599983215332,61.43000030517578,62.58000183105469,62.58000183105469,1620600.0,EXAS
2018-07-25,41.61999893188477,42.2400016784668,41.599998474121094,41.88000106811523,39.66923904418945,5319600.0,EXC
2018-07-25,9.0600004196167,9.0600004196167,9.0,9.020000457763672,7.835325717926025,26300.0,EXD
2018-07-25,20.84000015258789,21.280000686645508,20.76000022888184,21.049999237060547,21.049999237060547,2109000.0,EXEL
2018-07-25,3.7000000476837163,3.829999923706055,3.7000000476837163,3.7999999523162837,3.7999999523162837,16600.0,EXFO
2018-07-25,9.550000190734863,9.579999923706056,9.510000228881836,9.579999923706056,8.119078636169434,521100.0,EXG
2018-07-25,2.940000057220459,2.990000009536743,2.9100000858306885,2.970000028610229,2.970000028610229,625600.0,EXK
2018-07-25,61.38999938964844,61.77000045776367,61.02999877929688,61.52999877929688,61.52999877929688,91700.0,EXLS
2018-07-25,108.56999969482422,108.56999969482422,105.4499969482422,106.9499969482422,106.16691589355469,697000.0,EXP
2018-07-25,73.95999908447266,76.16000366210938,73.88999938964844,76.05000305175781,74.56578826904297,2092200.0,EXPD
2018-07-25,126.75,127.8000030517578,125.77999877929688,127.55999755859376,125.00904083251952,1882200.0,EXPE
2018-07-25,14.279999732971193,14.75,13.949999809265135,14.550000190734865,14.550000190734865,84700.0,EXPI
2018-07-25,50.0,50.54999923706055,49.75,50.5,49.5969352722168,179400.0,EXPO
2018-07-25,9.640000343322754,10.029999732971193,9.539999961853027,9.979999542236328,9.979999542236328,1192300.0,EXPR
2018-07-25,93.95999908447266,94.47000122070312,93.38999938964844,94.25,88.64510345458984,975200.0,EXR
2018-07-25,26.670000076293945,26.70000076293945,26.1299991607666,26.32999992370605,26.32999992370605,101700.0,EXTN
2018-07-25,8.770000457763674,8.8100004196167,8.409999847412111,8.710000038146973,8.710000038146973,3353100.0,EXTR
2018-07-25,39.7400016784668,40.70000076293945,38.959999084472656,40.59000015258789,40.59000015258789,775100.0,EYE
2018-07-25,9.104999542236328,9.420000076293944,8.550000190734862,8.925000190734863,8.925000190734863,48900.0,EYEG
2018-07-25,6.0999999046325675,6.0999999046325675,6.0,6.0,6.0,9700.0,EYEN
2018-07-25,12.800000190734865,13.112000465393065,12.295999526977539,12.960000038146973,12.960000038146973,21100.0,EYES
2018-07-25,2.25,2.490000009536743,2.240000009536743,2.440000057220459,2.440000057220459,277000.0,EYPT
2018-07-25,12.399999618530273,12.399999618530273,12.050000190734865,12.25,12.25,388700.0,EZPW
2018-07-25,25.8700008392334,25.8700008392334,25.8700008392334,25.8700008392334,23.57516288757324,0.0,EZT
2018-07-25,10.31999969482422,10.56999969482422,10.119999885559082,10.520000457763672,9.528902053833008,92497700.0,F
2018-07-25,54.099998474121094,54.54999923706055,53.709999084472656,54.459999084472656,51.64256286621094,946000.0,FAF
2018-07-25,10.119999885559082,10.149999618530273,10.06999969482422,10.149999618530273,8.712345123291017,99400.0,FAM
2018-07-25,4.199999809265137,4.489999771118164,4.150000095367432,4.3400001525878915,4.3400001525878915,272800.0,FAMI
2018-07-25,133.21000671386722,135.99000549316406,132.05999755859378,134.67999267578122,132.59268188476562,608600.0,FANG
2018-07-25,31.3700008392334,32.290000915527344,31.25,31.53000068664551,29.15180778503418,157900.0,FANH
2018-07-25,27.35000038146973,29.0,27.0,28.899999618530273,28.899999618530273,137900.0,FARM
2018-07-25,58.349998474121094,59.54999923706055,57.25,58.4000015258789,58.4000015258789,92900.0,FARO
2018-07-25,28.29999923706055,28.809999465942386,28.25,28.76000022888184,27.435577392578125,4938400.0,FAST
2018-07-25,6.510000228881836,6.699999809265138,6.4099998474121085,6.550000190734862,6.310384273529053,9300.0,FAT
2018-07-25,9.960000038146973,9.960000038146973,9.149999618530273,9.270000457763672,9.270000457763672,766400.0,FATE
2018-07-25,4.309999942779541,4.320000171661377,4.2899999618530265,4.300000190734863,3.7021098136901855,663100.0,FAX
2018-07-25,215.72000122070312,218.6199951171875,214.2700042724609,217.5,217.5,58954200.0,FB
2018-07-25,34.029998779296875,34.700000762939446,33.84999847412109,34.630001068115234,34.416603088378906,550700.0,FBC
2018-07-25,278.57000732421875,281.33999633789057,278.57000732421875,281.33999633789057,281.33999633789057,2600.0,FBGX
2018-07-25,54.9900016784668,55.06000137329102,53.38000106811523,53.93000030517578,52.39970779418945,2000300.0,FBHS
2018-07-25,2.4300000667572017,2.509999990463257,2.4300000667572017,2.4800000190734863,2.4800000190734863,145200.0,FBIO
2018-07-25,20.93000030517578,20.93000030517578,20.399999618530273,20.524999618530273,16.551034927368164,3600.0,FBIOP
2018-07-25,24.75,24.84000015258789,24.309999465942386,24.36000061035156,23.280506134033203,12800.0,FBIZ
2018-07-25,42.70000076293945,43.70000076293945,42.59000015258789,43.61999893188477,42.98111343383789,195500.0,FBK
2018-07-25,14.529999732971193,14.529999732971193,14.140000343322756,14.399999618530273,14.399999618530273,61300.0,FBM
2018-07-25,37.54999923706055,37.75,37.150001525878906,37.400001525878906,36.8397331237793,28800.0,FBMS
2018-07-25,42.349998474121094,43.13000106811523,41.77000045776367,42.91999816894531,41.698974609375,148100.0,FBNC
2018-07-25,8.289999961853027,8.340000152587889,8.050000190734862,8.149999618530272,7.964255809783935,1706000.0,FBP
2018-07-25,22.049999237060547,22.049999237060547,22.0,22.0,21.084945678710934,5100.0,FBSS
2018-07-25,25.45000076293945,25.5,25.04999923706055,25.25,25.25,42900.0,FC
2018-07-25,37.36999893188477,37.36999893188477,37.36999893188477,37.36999893188477,36.14264678955078,300.0,FCAP
2018-07-25,17.600000381469727,17.6299991607666,16.260000228881836,17.0,14.82254123687744,45688700.0,FCAU
2018-07-25,32.27000045776367,33.740001678466804,31.51000022888184,33.380001068115234,31.761798858642575,15400.0,FCBC
2018-07-25,29.274999618530273,29.5,28.65999984741211,29.36000061035156,27.525672912597656,6600.0,FCBP
2018-07-25,25.149999618530273,25.75,24.899999618530273,25.35000038146973,24.42194175720215,6000.0,FCCO
2018-07-25,22.350000381469727,22.5,21.950000762939453,22.350000381469727,21.752029418945312,7400.0,FCCY
2018-07-25,16.559999465942386,17.040000915527347,16.200000762939453,16.440000534057614,16.440000534057614,92400.0,FCEL
2018-07-25,16.75,17.25,16.700000762939453,17.129999160766598,16.317852020263672,1016500.0,FCF
2018-07-25,93.1999969482422,94.0999984741211,92.9499969482422,93.8000030517578,91.90848541259766,223900.0,FCFS
2018-07-25,67.33999633789061,68.5,67.29000091552734,68.13999938964844,68.13999938964844,560500.0,FCN
2018-07-25,411.260009765625,413.5700073242188,406.4599914550781,411.8500061035156,409.2040100097656,58000.0,FCNCA
2018-07-25,8.060000419616701,8.109999656677246,8.020000457763674,8.069999694824219,6.751320838928223,38500.0,FCO
2018-07-25,24.60000038146973,24.8799991607666,24.46999931335449,24.739999771118164,22.84267425537109,289400.0,FCPT
2018-07-25,12.81999969482422,12.899999618530273,12.760000228881836,12.899999618530273,11.408936500549315,75800.0,FCT
2018-07-25,16.079999923706055,16.430000305175778,15.0600004196167,15.859999656677244,15.458291053771973,35148000.0,FCX
2018-07-25,65.25,66.90000152587889,62.61999893188477,65.0,63.03121566772461,3900.0,FDBC
2018-07-25,32.990001678466804,32.990001678466804,32.450000762939446,32.889999389648445,31.39902114868164,57300.0,FDEF
2018-07-25,16.290000915527347,16.489999771118164,16.290000915527347,16.479999542236328,13.713055610656738,32500.0,FDEU
2018-07-25,41.5099983215332,41.5099983215332,40.38000106811523,40.79999923706055,40.11880493164063,142900.0,FDP
2018-07-25,205.8600006103516,208.8000030517578,205.1699981689453,207.33999633789062,203.48719787597656,216200.0,FDS
2018-07-25,14.470000267028807,14.579999923706055,14.420000076293945,14.43000030517578,11.890992164611815,51900.0,FDUS
2018-07-25,237.17999267578125,240.5500030517578,236.44000244140625,240.2400054931641,233.95448303222656,1885300.0,FDX
2018-07-25,34.490001678466804,35.11999893188477,34.490001678466804,34.720001220703125,32.60690689086914,4046900.0,FE
2018-07-25,4.96999979019165,5.0,4.900000095367432,4.960000038146973,4.707796573638916,55500.0,FEDU
2018-07-25,13.350000381469727,13.460000038146973,13.279999732971193,13.449999809265135,11.022563934326172,96200.0,FEI
2018-07-25,7.5999999046325675,7.5999999046325675,7.389999866485597,7.5,7.5,4800.0,FEIM
2018-07-25,49.29999923706055,49.29999923706055,46.47999954223633,46.9000015258789,45.99053573608398,243200.0,FELE
2018-07-25,22.79999923706055,22.93000030517578,22.61000061035156,22.93000030517578,19.625568389892575,79100.0,FEN
2018-07-25,9.039999961853027,9.220000267028807,9.0,9.130000114440918,9.130000114440918,49100.0,FENC
2018-07-25,3.9600000381469727,4.300000190734863,3.9600000381469727,4.2199997901916495,1.4249415397644043,124500.0,FENG
2018-07-25,14.100000381469727,14.229999542236328,13.9399995803833,14.130000114440918,11.646422386169435,22400.0,FEO
2018-07-25,11.75,11.899999618530273,11.350000381469727,11.649999618530273,11.649999618530273,1504800.0,FET
2018-07-25,96.12999725341795,96.73999786376952,95.2300033569336,96.73999786376952,96.73999786376952,2300.0,FEUL
2018-07-25,16.40999984741211,16.665000915527347,16.350000381469727,16.639999389648438,16.639999389648438,1586500.0,FEYE
2018-07-25,13.31999969482422,13.34000015258789,13.039999961853027,13.34000015258789,12.90679931640625,47100.0,FF
2018-07-25,16.180000305175778,16.280000686645508,16.149999618530273,16.280000686645508,14.199999809265135,24200.0,FFA
2018-07-25,30.45000076293945,30.649999618530273,29.85000038146973,30.25,28.44640922546387,674100.0,FFBC
2018-07-25,9.513651847839355,9.513651847839355,9.513651847839355,9.513651847839355,9.513651847839355,0.0,FFBW
2018-07-25,19.18000030517578,19.18000030517578,19.07999992370605,19.149999618530273,17.01803970336914,80100.0,FFC
2018-07-25,94.97000122070312,101.7300033569336,94.97000122070312,101.7300033569336,101.7300033569336,6800.0,FFEU
2018-07-25,82.1500015258789,82.1500015258789,80.8499984741211,81.25,71.74172973632812,8900.0,FFG
2018-07-25,2.609999895095825,2.759999990463257,2.5,2.690000057220459,2.690000057220459,3100.0,FFHL
2018-07-25,27.31999969482422,27.31999969482422,25.86000061035156,26.149999618530273,24.3828067779541,42700.0,FFIC
2018-07-25,29.04999923706055,29.149999618530273,28.524999618530273,28.60000038146973,27.754228591918945,492600.0,FFIN
2018-07-25,173.49000549316406,175.57000732421875,172.0800018310547,175.1999969482422,175.1999969482422,855500.0,FFIV
2018-07-25,20.06999969482422,20.06999969482422,19.59000015258789,19.729999542236328,18.918983459472656,21300.0,FFNW
2018-07-25,18.61000061035156,18.645000457763672,18.34000015258789,18.3700008392334,18.03362464904785,78600.0,FFWM
2018-07-25,8.920000076293945,9.020000457763672,8.800000190734863,8.859999656677246,8.810510635375977,471600.0,FG
2018-07-25,6.190000057220459,6.300000190734862,6.190000057220459,6.300000190734862,5.241714000701903,31400.0,FGB
2018-07-25,24.240909576416016,24.240909576416016,24.240909576416016,24.240909576416016,22.919841766357425,900.0,FGBI
2018-07-25,63.4000015258789,66.84999847412111,63.290000915527344,65.90000152587889,65.90000152587889,401600.0,FGEN
2018-07-25,28.46999931335449,28.46999931335449,27.8799991607666,28.0,26.21608543395996,478200.0,FHB
2018-07-25,766.3309936523438,766.3309936523438,766.3309936523438,766.3309936523438,754.1492919921875,0.0,FHI
2018-07-25,17.670000076293945,17.719999313354492,17.329999923706055,17.479999542236328,16.354576110839847,3009900.0,FHN
2018-07-25,8.399999618530272,8.529999732971191,8.210000038146973,8.369999885559082,8.369999885559082,376300.0,FI
2018-07-25,43.70000076293945,43.70000076293945,42.650001525878906,42.849998474121094,39.99646759033203,101900.0,FIBK
2018-07-25,203.0,206.32000732421875,203.0,205.80999755859372,205.80999755859372,127200.0,FICO
2018-07-25,166.99000549316406,166.99000549316406,166.99000549316406,166.99000549316406,166.99000549316406,600.0,FIEE
2018-07-25,16.34000015258789,16.59000015258789,16.34000015258789,16.540000915527347,14.183075904846193,45100.0,FIF
2018-07-25,165.75,167.64300537109375,164.4499969482422,167.64300537109375,167.64300537109375,33200.0,FIHD
2018-07-25,0.5400000214576721,0.550000011920929,0.5299999713897705,0.5400000214576721,0.5126800537109375,3098.0,FINS
2018-07-25,4.699999809265137,5.099999904632568,4.639999866485597,4.929999828338623,4.703743934631348,1583600.0,FINV
2018-07-25,108.56999969482422,109.56999969482422,108.37999725341795,109.48999786376952,107.32445526123048,1221500.0,FIS
2018-07-25,33.150001525878906,33.150001525878906,32.59999847412109,32.650001525878906,30.622222900390625,26800.0,FISI
2018-07-25,17.239999771118164,17.239999771118164,17.239999771118164,17.239999771118164,16.352975845336914,0.0,FISK
2018-07-25,77.3499984741211,77.69000244140625,77.08999633789062,77.61000061035156,77.61000061035156,2042800.0,FISV
2018-07-25,5.989999771118164,6.085000038146973,5.949999809265138,5.96999979019165,5.96999979019165,3921700.0,FIT
2018-07-25,29.25,29.520000457763672,29.09000015258789,29.270000457763672,27.40320014953613,6868200.0,FITB
2018-07-25,27.59000015258789,27.59000015258789,27.40999984741211,27.420000076293945,24.613229751586914,38000.0,FITBI
2018-07-25,9.329999923706056,9.329999923706056,9.260000228881836,9.279000282287598,8.571743011474611,54900.0,FIV
2018-07-25,96.8000030517578,99.26000213623048,96.5,98.86000061035156,98.86000061035156,789900.0,FIVE
2018-07-25,34.389999389648445,36.20000076293945,34.31999969482422,35.709999084472656,35.709999084472656,609400.0,FIVN
2018-07-25,47.95000076293945,48.29999923706055,47.20000076293945,48.20000076293945,47.53947830200195,190400.0,FIX
2018-07-25,20.01000022888184,20.1200008392334,19.25,19.5,19.5,35000.0,FIXX
2018-07-25,99.41000366210938,99.94000244140624,98.61000061035156,99.27999877929688,99.27999877929688,4200.0,FIYY
2018-07-25,107.91999816894531,108.63999938964844,106.26000213623048,107.75,104.32186126708984,242400.0,FIZZ
2018-07-25,49.72000122070313,49.97999954223633,48.11999893188477,49.209999084472656,46.964317321777344,3499000.0,FL
2018-07-25,63.0,63.0,63.0,63.0,63.0,0.0,FLAT
2018-07-25,19.700000762939453,19.780000686645508,19.68000030517578,19.68000030517578,17.467906951904293,55500.0,FLC
2018-07-25,6.3499999046325675,6.9099998474121085,6.3400001525878915,6.71999979019165,6.71999979019165,272500.0,FLDM
2018-07-25,14.90999984741211,15.039999961853027,14.789999961853027,14.989999771118164,14.989999771118164,2988600.0,FLEX
2018-07-25,276.739990234375,283.4750061035156,276.739990234375,283.4750061035156,283.4750061035156,2300.0,FLGE
2018-07-25,5.050000190734863,5.050000190734863,4.860000133514403,5.050000190734863,5.050000190734863,800.0,FLGT
2018-07-25,24.95000076293945,24.95000076293945,24.35000038146973,24.399999618530273,23.011371612548828,103800.0,FLIC
2018-07-25,53.9900016784668,58.77999877929688,53.459999084472656,58.59000015258789,57.21683120727539,3183500.0,FLIR
2018-07-25,3.039999961853028,3.3199999332427983,3.0,3.2100000381469727,3.2100000381469727,26700.0,FLL
2018-07-25,10.25,10.279999732971193,10.24899959564209,10.270000457763672,9.00757122039795,189900.0,FLMN
2018-07-25,2.25,2.299999952316284,2.0999999046325684,2.25,2.25,240200.0,FLNT
2018-07-25,20.100000381469727,20.190000534057614,19.739999771118164,20.030000686645508,18.846960067749023,1292700.0,FLO
2018-07-25,44.84000015258789,45.5099983215332,44.25,45.5,45.5,137300.0,FLOW
2018-07-25,49.47000122070313,50.5,49.22000122070313,50.40999984741211,47.9680061340332,1257200.0,FLR
2018-07-25,41.91999816894531,42.72000122070313,41.52999877929688,42.68999862670898,41.30492782592773,888200.0,FLS
2018-07-25,220.6699981689453,225.9199981689453,219.5200042724609,225.5500030517578,225.5500030517578,764200.0,FLT
2018-07-25,13.899999618530273,14.449999809265135,13.899999618530273,14.350000381469727,14.350000381469727,256400.0,FLWS
2018-07-25,27.190000534057614,27.63999938964844,25.38999938964844,25.5,25.5,672600.0,FLXN
2018-07-25,36.75,36.75,35.70000076293945,35.88999938964844,33.007247924804695,11000.0,FLXS
2018-07-25,13.90999984741211,13.989999771118164,13.65999984741211,13.789999961853027,13.789999961853027,63500.0,FLY
2018-07-25,47.04999923706055,48.0,47.04999923706055,47.52000045776367,45.84826278686523,5900.0,FMAO
2018-07-25,40.7599983215332,40.7599983215332,38.88999938964844,40.15999984741211,38.90866470336914,17800.0,FMBH
2018-07-25,26.79999923706055,26.96999931335449,26.09000015258789,26.290000915527344,25.080724716186523,878400.0,FMBI
2018-07-25,74.47528076171875,76.0017318725586,74.47528076171875,75.95836639404297,73.47213745117188,921100.0,FMC
2018-07-25,13.529999732971193,13.550000190734865,13.5,13.510000228881836,12.495150566101074,17600.0,FMN
2018-07-25,16.0,16.299999237060547,15.949999809265135,16.25,15.52183723449707,25500.0,FMNB
2018-07-25,12.029999732971193,12.260000228881836,12.029999732971193,12.229999542236328,9.600781440734863,88900.0,FMO
2018-07-25,49.40999984741211,49.599998474121094,48.86999893188477,49.56999969482422,48.75194931030274,86100.0,FMS
2018-07-25,97.3499984741211,98.4499969482422,96.69000244140624,98.43000030517578,96.0719757080078,585300.0,FMX
2018-07-25,13.300000190734865,13.300000190734865,13.289999961853027,13.289999961853027,12.109737396240234,1100.0,FMY
2018-07-25,39.400001525878906,40.2599983215332,38.95000076293945,39.810001373291016,39.810001373291016,362500.0,FN
2018-07-25,12.539999961853027,12.850000381469727,12.4399995803833,12.670000076293945,11.791248321533205,7339300.0,FNB
2018-07-25,8.489999771118164,8.5,8.380000114440918,8.5,8.135151863098145,1900.0,FNCB
2018-07-25,48.95000076293945,49.4900016784668,48.290000915527344,49.36999893188477,49.36999893188477,359700.0,FND
2018-07-25,40.16999816894531,40.86000061035156,39.84000015258789,40.7400016784668,38.19759368896485,1337100.0,FNF
2018-07-25,23.57999992370605,23.57999992370605,22.0,22.030000686645508,22.030000686645508,64800.0,FNGD
2018-07-25,75.83999633789062,81.26799774169922,75.83999633789062,81.11000061035156,81.11000061035156,94300.0,FNGU
2018-07-25,22.520000457763672,22.59000015258789,21.520000457763672,22.56999969482422,21.790491104125977,69800.0,FNHC
2018-07-25,4.5,4.510000228881836,4.2800002098083505,4.369999885559082,4.369999885559082,477100.0,FNJN
2018-07-25,17.899999618530273,17.979999542236328,15.5,16.110000610351562,16.110000610351562,1298900.0,FNKO
2018-07-25,29.989999771118164,31.61000061035156,29.70000076293945,30.53000068664551,28.630651473999023,10400.0,FNLC
2018-07-25,72.83999633789062,73.54000091552734,72.20999908447266,73.0999984741211,71.04257202148438,624100.0,FNV
2018-07-25,16.25,16.25,16.0,16.110000610351562,15.902949333190918,6000.0,FNWB
2018-07-25,21.25,21.43000030517578,20.979999542236328,21.420000076293945,21.420000076293945,304600.0,FOE
2018-07-25,13.039999961853027,13.300000190734865,13.010000228881836,13.1899995803833,11.464391708374025,74800.0,FOF
2018-07-25,15.699999809265135,15.979999542236328,15.300000190734865,15.380000114440918,15.380000114440918,1326100.0,FOLD
2018-07-25,26.649999618530273,26.70000076293945,26.20000076293945,26.54999923706055,26.54999923706055,25900.0,FONR
2018-07-25,22.60000038146973,22.60000038146973,22.450000762939453,22.450000762939453,22.450000762939453,29400.0,FOR
2018-07-25,1.9099999666213991,1.9600000381469729,1.8999999761581419,1.940000057220459,1.940000057220459,83600.0,FORD
2018-07-25,3.2999999523162837,3.2999999523162837,3.25,3.2999999523162837,3.2999999523162837,500.0,FORK
2018-07-25,13.649999618530273,13.699999809265135,12.699999809265135,12.800000190734865,12.800000190734865,1024400.0,FORM
2018-07-25,43.5,43.54999923706055,42.63000106811523,42.95000076293945,42.575645446777344,12400.0,FORR
2018-07-25,34.15999984741211,34.15999984741211,34.15999984741211,34.15999984741211,33.31957244873047,700.0,FORTY
2018-07-25,26.61000061035156,27.239999771118164,26.239999771118164,27.13999938964844,27.13999938964844,1311100.0,FOSL
2018-07-25,50.75,50.75,49.45000076293945,50.0,50.0,265400.0,FOXF
2018-07-25,9.6850004196167,9.779999732971193,9.675000190734863,9.760000228881836,9.760000228881836,109700.0,FPAC
2018-07-25,3.5699999332427983,3.869999885559082,3.5499999523162837,3.7699999809265137,3.7699999809265137,7200.0,FPAY
2018-07-25,21.57999992370605,21.71999931335449,21.57999992370605,21.65999984741211,18.94680976867676,153400.0,FPF
2018-07-25,11.81999969482422,11.81999969482422,11.270000457763672,11.380000114440918,11.380000114440918,215500.0,FPH
2018-07-25,6.449999809265138,6.5900001525878915,6.389999866485597,6.539999961853027,6.181947708129883,212900.0,FPI
2018-07-25,10.649999618530273,10.770000457763672,10.630000114440918,10.770000457763672,8.894579887390137,98400.0,FPL
2018-07-25,16.209999084472653,16.34000015258789,15.470000267028807,15.710000038146973,15.710000038146973,542400.0,FPRX
2018-07-25,31.3799991607666,31.809999465942386,31.3700008392334,31.739999771118164,30.284839630126953,959500.0,FR
2018-07-25,13.859999656677244,13.880000114440918,13.779999732971193,13.789999961853027,12.276163101196287,61600.0,FRA
2018-07-25,34.150001525878906,34.509998321533196,34.049999237060554,34.5,32.631385803222656,18800.0,FRAF
2018-07-25,90.95999908447266,94.68000030517578,90.95999908447266,93.95999908447266,93.95999908447266,55800.0,FRAN
2018-07-25,14.75,14.850000381469727,14.050000190734865,14.050000190734865,13.793708801269533,22300.0,FRBA
2018-07-25,7.699999809265138,7.699999809265138,7.53000020980835,7.5999999046325675,7.5999999046325675,274600.0,FRBK
2018-07-25,99.27999877929688,99.27999877929688,98.05999755859376,99.08999633789062,97.99517059326172,543600.0,FRC
2018-07-25,9.880000114440918,10.739999771118164,9.800000190734863,10.210000038146973,9.888123512268066,173000.0,FRD
2018-07-25,10.5,11.0,10.449999809265137,11.0,10.64928913116455,141118.0,FRG
2018-07-25,29.95000076293945,30.25,29.45000076293945,29.54999923706055,29.54999923706055,173500.0,FRGI
2018-07-25,6.75,6.75,6.75,6.75,6.75,1100.0,FRHC
2018-07-25,120.6500015258789,123.5,120.6500015258789,123.5,123.5,10400.0,FRLG
2018-07-25,47.75,47.88000106811523,46.13999938964844,46.25,44.26268005371094,180400.0,FRME
2018-07-25,5.139999866485597,5.289999961853027,5.0900001525878915,5.25,4.977578639984131,716600.0,FRO
2018-07-25,62.9000015258789,63.0,61.599998474121094,62.04999923706055,62.04999923706055,17400.0,FRPH
2018-07-25,28.899999618530273,29.60000038146973,28.79999923706055,29.5,29.5,451600.0,FRPT
2018-07-25,3.066999912261963,3.0799999237060547,3.009999990463257,3.039999961853028,3.039999961853028,14500.0,FRSX
2018-07-25,124.0,125.76000213623048,123.9499969482422,125.0500030517578,118.0223159790039,255300.0,FRT
2018-07-25,8.329999923706055,8.581999778747559,7.9000000953674325,8.560000419616701,8.560000419616701,267700.0,FRTA
2018-07-25,36.95000076293945,37.099998474121094,36.599998474121094,37.04999923706055,36.77191162109375,98700.0,FSB
2018-07-25,17.75,17.75,17.75,17.75,17.75,0.0,FSBC
2018-07-25,62.95000076293945,63.099998474121094,61.6500015258789,61.72000122070313,60.389137268066406,20000.0,FSBW
2018-07-25,36.90999984741211,38.0,36.68000030517578,37.95000076293945,37.95000076293945,188000.0,FSCT
2018-07-25,14.630000114440918,14.68000030517578,14.630000114440918,14.649999618530273,12.545961380004885,175800.0,FSD
2018-07-25,73.0,73.0,71.63999938964844,73.0,71.63213348388672,1100.0,FSFG
2018-07-25,1.5499999523162842,1.5679999589920044,1.5499999523162842,1.5679999589920044,1.4303423166275024,11200.0,FSI
2018-07-25,7.949999809265138,8.100000381469728,7.8499999046325675,7.949999809265138,6.154114723205566,2024200.0,FSK
2018-07-25,53.09000015258789,54.09000015258789,52.77999877929688,54.040000915527344,54.040000915527344,1376600.0,FSLR
2018-07-25,5.550000190734863,5.670000076293945,5.550000190734863,5.6599998474121085,5.6599998474121085,489500.0,FSM
2018-07-25,8.600000381469728,8.659999847412111,8.460000038146973,8.489999771118164,7.909272193908691,456400.0,FSP
2018-07-25,24.059999465942386,24.059999465942386,23.78000068664551,23.79999923706055,23.30412101745605,190000.0,FSS
2018-07-25,22.100000381469727,22.350000381469727,21.700000762939453,21.899999618530273,21.899999618530273,24600.0,FSTR
2018-07-25,79.19000244140625,85.2699966430664,79.1500015258789,83.95999908447266,82.95189666748047,44800.0,FSV
2018-07-25,6.710000038146973,6.730000019073486,6.699999809265138,6.710000038146973,6.120615482330322,42000.0,FT
2018-07-25,18.440000534057614,18.6200008392334,18.440000534057614,18.530000686645508,15.98896026611328,126300.0,FTAI
2018-07-25,0.9700000286102296,1.0099999904632568,0.9700000286102296,1.0099999904632568,1.0099999904632568,8300.0,FTEK
2018-07-25,11.34000015258789,11.34000015258789,11.270000457763672,11.31999969482422,9.334481239318848,68700.0,FTF
2018-07-25,2.0899999141693115,2.0899999141693115,1.9299999475479128,1.9600000381469729,1.9600000381469729,44900.0,FTFT
2018-07-25,30.239999771118164,30.35000038146973,29.520000457763672,29.8700008392334,28.29181671142578,4151900.0,FTI
2018-07-25,3.0799999237060547,3.119999885559082,3.0,3.109999895095825,3.109999895095825,651700.0,FTK
2018-07-25,66.88999938964844,68.66999816894531,66.88999938964844,68.43000030517578,68.43000030517578,1142400.0,FTNT
2018-07-25,4.869999885559082,4.880000114440918,4.519999980926514,4.699999809265137,4.699999809265137,8688300.0,FTR
2018-07-25,32.259998321533196,32.540000915527344,32.259998321533196,32.540000915527344,29.914024353027344,1133000.0,FTS
2018-07-25,11.600000381469727,11.68000030517578,11.31999969482422,11.510000228881836,11.510000228881836,768800.0,FTSI
2018-07-25,16.680000305175778,16.834999084472653,16.25,16.569999694824222,16.569999694824222,405400.0,FTSV
2018-07-25,77.48999786376953,79.08999633789062,77.25,79.02999877929688,78.5169448852539,2122100.0,FTV
2018-07-25,16.25,16.25,16.25,16.25,16.25,0.0,FUD
2018-07-25,6.230000019073486,6.230000019073486,6.230000019073486,6.230000019073486,6.230000019073486,0.0,FUE
2018-07-25,55.459999084472656,55.540000915527344,54.77000045776367,55.540000915527344,54.46846389770508,203200.0,FUL
2018-07-25,17.549999237060547,17.600000381469727,17.25,17.299999237060547,16.248193740844727,613300.0,FULT
2018-07-25,58.04999923706055,58.84000015258789,57.77999877929688,58.58000183105469,51.69302749633789,343100.0,FUN
2018-07-25,19.100000381469727,19.100000381469727,19.0,19.049999237060547,18.47626304626465,9300.0,FUNC
2018-07-25,7.800000190734862,7.809999942779541,7.690000057220459,7.71999979019165,6.613436698913574,112800.0,FUND
2018-07-25,11.3100004196167,11.359999656677244,11.3100004196167,11.359999656677244,11.172006607055664,700.0,FUSB
2018-07-25,3.8199999332427983,3.900000095367432,3.660000085830689,3.900000095367432,3.900000095367432,22000.0,FUV
2018-07-25,18.75,18.75,18.75,18.75,18.75,2500.0,FVCB
2018-07-25,13.5,14.0,13.5,13.5,13.5,400.0,FVE
2018-07-25,34.22999954223633,34.22999954223633,33.279998779296875,33.68000030517578,33.68000030517578,155300.0,FWONA
2018-07-25,36.22000122070313,36.23699951171875,35.060001373291016,35.34000015258789,35.34000015258789,920500.0,FWONK
2018-07-25,19.530000686645508,19.530000686645508,18.073999404907227,19.38999938964844,19.38999938964844,1200.0,FWP
2018-07-25,57.72000122070313,58.849998474121094,57.43999862670898,58.290000915527344,57.14584350585938,129200.0,FWRD
2018-07-25,21.75,21.75,21.75,21.75,21.14935111999512,300.0,FXNC
2018-07-25,30.6200008392334,30.8700008392334,30.54999923706055,30.85000038146973,30.340978622436523,388700.0,G
2018-07-25,6.4000000953674325,6.4000000953674325,6.380000114440918,6.389999866485597,5.32727575302124,399600.0,GAB
2018-07-25,36.93000030517578,37.0099983215332,36.36000061035156,36.72000122070313,35.413822174072266,29900.0,GABC
2018-07-25,22.0,22.0,20.649999618530273,20.75,20.75,174700.0,GAIA
2018-07-25,11.770000457763672,11.890000343322756,11.770000457763672,11.869999885559082,10.310914039611816,93000.0,GAIN
2018-07-25,25.25,25.25,25.233999252319336,25.233999252319336,22.71898078918457,300.0,GAINM
2018-07-25,5.420000076293945,5.550000190734863,5.369999885559082,5.480000019073486,5.480000019073486,291400.0,GALT
2018-07-25,35.459999084472656,35.630001068115234,35.459999084472656,35.630001068115234,31.479286193847656,43900.0,GAM
2018-07-25,8.25,8.399999618530272,8.25,8.359999656677246,6.379149913787843,14000.0,GARS
2018-07-25,3.7000000476837163,3.759999990463257,3.609999895095825,3.619999885559082,3.619999885559082,39100.0,GASS
2018-07-25,84.9000015258789,86.2699966430664,83.55000305175781,86.08000183105469,82.64352416992188,530700.0,GATX
2018-07-25,40.36000061035156,40.36000061035156,40.36000061035156,40.36000061035156,40.36000061035156,0.0,GAZ
2018-07-25,21.600000381469727,21.61000061035156,21.520000457763672,21.540000915527344,19.29451560974121,20200.0,GBAB
2018-07-25,44.08000183105469,44.08000183105469,43.27999877929688,43.52999877929688,41.40351486206055,390600.0,GBCI
2018-07-25,18.700000762939453,18.799999237060547,18.690000534057614,18.739999771118164,16.298728942871097,110500.0,GBDC
2018-07-25,25.520000457763672,25.520000457763672,24.90999984741211,25.149999618530273,24.96225929260254,11400.0,GBL
2018-07-25,40.38000106811523,40.65999984741211,39.52000045776367,40.0,37.720401763916016,13800.0,GBLI
2018-07-25,25.90999984741211,25.940000534057614,25.90999984741211,25.940000534057614,25.940000534057614,2500.0,GBLIZ
2018-07-25,2.650000095367432,3.400000095367432,2.5199999809265137,2.9200000762939453,2.9200000762939453,2930700.0,GBR
2018-07-25,40.54999923706055,43.75,40.45000076293945,43.099998474121094,43.099998474121094,1247100.0,GBT
2018-07-25,57.4000015258789,58.099998474121094,56.4000015258789,58.0,55.416404724121094,349100.0,GBX
2018-07-25,7.829999923706055,7.9000000953674325,7.71999979019165,7.809999942779541,7.212769985198975,125800.0,GCAP
2018-07-25,34.5,35.0,34.5,34.59999847412109,33.76801300048828,1500.0,GCBC
2018-07-25,15.43000030517578,15.43000030517578,15.43000030517578,15.43000030517578,13.739337921142578,0.0,GCE
2018-07-25,18.56999969482422,18.700000762939453,18.420000076293945,18.5,14.80750846862793,413100.0,GCI
2018-07-25,39.70000076293945,40.70000076293945,39.599998474121094,40.650001525878906,40.650001525878906,185400.0,GCO
2018-07-25,28.649999618530273,28.75,28.10000038146973,28.60000038146973,28.60000038146973,353000.0,GCP
2018-07-25,6.519999980926514,6.579999923706055,6.460000038146973,6.460000038146973,5.504631996154785,53500.0,GCV
2018-07-25,198.8000030517578,204.05999755859372,195.41000366210938,203.4499969482422,196.7956695556641,2554400.0,GD
2018-07-25,78.43000030517578,79.93000030517578,78.23999786376953,79.62000274658203,79.62000274658203,2059800.0,GDDY
2018-07-25,33.11999893188477,33.43000030517578,32.700000762939446,33.09999847412109,33.09999847412109,185500.0,GDEN
2018-07-25,9.279999732971193,9.279999732971193,9.25,9.25,8.565276145935059,21100.0,GDL
2018-07-25,16.59000015258789,16.620000839233402,16.549999237060547,16.579999923706055,14.66648006439209,32800.0,GDO
2018-07-25,82.01000213623047,84.11000061035156,81.83999633789062,83.69999694824219,83.69999694824219,281800.0,GDOT
2018-07-25,12.220000267028807,12.539999961853027,12.149999618530273,12.359999656677244,12.359999656677244,12900.0,GDP
2018-07-25,40.88000106811523,42.43000030517578,40.0,41.599998474121094,41.599998474121094,1496200.0,GDS
2018-07-25,23.57999992370605,23.709999084472656,23.54999923706055,23.709999084472656,21.3569278717041,142300.0,GDV
2018-07-25,12.625,12.644230842590332,12.461538314819336,12.605769157409668,12.401995658874512,55487400.0,GE
2018-07-25,3.2000000476837163,3.220000028610229,3.150000095367432,3.1800000667572017,3.1800000667572017,47300.0,GEC
2018-07-25,9.20199966430664,9.31999969482422,9.20199966430664,9.272000312805176,7.375210285186768,15500.0,GECC
2018-07-25,52.61000061035156,52.6500015258789,51.97000122070313,52.459999084472656,48.439697265625,107300.0,GEF
2018-07-25,22.559999465942386,23.209999084472656,22.32999992370605,23.15999984741211,19.38653564453125,701800.0,GEL
2018-07-25,1.4600000381469729,1.4700000286102295,1.4099999666213991,1.4500000476837158,1.4500000476837158,219100.0,GEN
2018-07-25,14.899999618530273,15.449999809265135,14.899999618530273,15.25,15.25,30900.0,GENC
2018-07-25,4.800000190734863,5.039999961853027,4.800000190734863,4.800000190734863,4.800000190734863,52700.0,GENE
2018-07-25,25.40999984741211,25.85000038146973,25.40999984741211,25.520000457763672,22.036821365356445,712400.0,GEO
2018-07-25,14.34000015258789,14.619999885559082,14.279999732971193,14.510000228881836,14.510000228881836,56300.0,GEOS
2018-07-25,6.489999771118164,6.570000171661378,6.4099998474121085,6.559999942779541,5.250195503234863,323800.0,GER
2018-07-25,3.369999885559082,3.4200000762939453,3.2100000381469727,3.220000028610229,3.220000028610229,3567100.0,GERN
2018-07-25,22.06999969482422,22.68000030517578,21.899999618530273,22.65999984741211,21.51944351196289,411500.0,GES
2018-07-25,3.9500000476837163,4.019999980926514,3.880000114440918,3.910000085830689,3.910000085830689,248500.0,GEVO
2018-07-25,18.8799991607666,19.149999618530273,18.790000915527344,18.989999771118164,14.74170207977295,25600.0,GF
2018-07-25,24.86000061035156,24.86000061035156,24.79999923706055,24.79999923706055,23.98529815673828,200.0,GFED
2018-07-25,17.899999618530273,18.100000381469727,17.5,17.75,17.228357315063473,149600.0,GFF
2018-07-25,3.6800000667572017,3.7000000476837163,3.559999942779541,3.609999895095825,3.511723518371582,4011200.0,GFI
2018-07-25,127.0,127.0,127.0,127.0,127.0,0.0,GFL
2018-07-25,13.949999809265135,14.100000381469727,13.800000190734865,13.949999809265135,13.949999809265135,50600.0,GFN
2018-07-25,103.16000366210938,103.16000366210938,103.0,103.0,88.31977844238281,1500.0,GFNCP
2018-07-25,16.440000534057614,16.569999694824222,16.440000534057614,16.549999237060547,15.02011013031006,3400.0,GFY
2018-07-25,36.22000122070313,37.13999938964844,35.91999816894531,37.04999923706055,36.57355499267578,626200.0,GGAL
2018-07-25,4.449999809265137,4.5,4.369999885559082,4.449999809265137,4.2797441482543945,8960800.0,GGB
2018-07-25,47.11000061035156,48.27999877929688,47.09000015258789,48.22000122070313,47.2617416381836,899800.0,GGG
2018-07-25,22.170000076293945,22.18000030517578,22.100000381469727,22.170000076293945,18.575000762939453,17400.0,GGM
2018-07-25,5.070000171661377,5.0900001525878915,5.050000190734863,5.070000171661377,4.005614757537842,345800.0,GGN
2018-07-25,20.63999938964844,20.63999938964844,20.63999938964844,20.63999938964844,18.737483978271484,0.0,GGO
2018-07-25,8.949999809265137,8.949999809265137,8.880000114440918,8.890000343322754,7.31249475479126,77000.0,GGT
2018-07-25,12.149999618530273,12.239999771118164,12.149999618530273,12.239999771118164,11.41920566558838,19700.0,GGZ
2018-07-25,558.75,563.6500244140625,556.97998046875,562.9000244140625,555.5474853515625,18300.0,GHC
2018-07-25,16.389999389648438,16.84000015258789,16.389999389648438,16.690000534057614,15.91449737548828,25400.0,GHG
2018-07-25,33.0,33.150001525878906,32.400001525878906,32.75,32.12546157836914,329900.0,GHL
2018-07-25,25.989999771118164,26.11000061035156,25.79999923706055,25.85000038146973,24.995399475097656,20300.0,GHM
2018-07-25,13.619999885559082,13.65999984741211,13.619999885559082,13.649999618530273,11.907188415527346,180000.0,GHY
2018-07-25,64.0,64.88999938964844,63.0099983215332,64.45999908447266,64.45999908447266,292600.0,GIB
2018-07-25,9.199999809265137,9.350000381469727,8.979999542236328,9.350000381469727,9.350000381469727,62500.0,GIFI
2018-07-25,3.0699999332427983,3.0699999332427983,3.0,3.0,3.0,1200.0,GIGM
2018-07-25,46.4000015258789,47.0,45.90999984741211,46.93999862670898,46.93999862670898,239800.0,GIII
2018-07-25,26.10000038146973,26.32999992370605,25.940000534057614,26.229999542236328,25.44310569763184,1554300.0,GIL
2018-07-25,77.47000122070312,79.0,77.29000091552734,78.91999816894531,74.09049987792969,7968400.0,GILD
2018-07-25,8.520000457763674,8.550000190734862,8.439999580383299,8.5,8.073578834533691,4600.0,GILT
2018-07-25,6.21999979019165,6.260000228881836,6.210000038146973,6.25,5.611798286437988,225400.0,GIM
2018-07-25,43.2599983215332,43.63999938964844,42.97999954223633,43.54999923706055,41.00640869140625,3375900.0,GIS
2018-07-25,9.510000228881836,9.510000228881836,9.510000228881836,9.510000228881836,8.610593795776367,100.0,GJH
2018-07-25,23.0,23.170000076293945,22.6299991607666,22.6299991607666,20.993431091308594,300.0,GJO
2018-07-25,22.63999938964844,22.670000076293945,22.63999938964844,22.670000076293945,21.359661102294922,200.0,GJP
2018-07-25,22.25,22.25,22.25,22.25,21.209081649780273,0.0,GJR
2018-07-25,21.1200008392334,21.200000762939453,21.07999992370605,21.07999992370605,19.937110900878906,4800.0,GJS
2018-07-25,21.11000061035156,21.149999618530273,20.959999084472656,21.149999618530273,20.03362464904785,1100.0,GJT
2018-07-25,39.97999954223633,40.86999893188477,39.97999954223633,40.47000122070313,40.47000122070313,313900.0,GKOS
2018-07-25,84.44999694824219,84.44999694824219,83.05999755859375,83.87000274658203,82.68488311767578,353700.0,GL
2018-07-25,9.199999809265137,9.270000457763672,9.199999809265137,9.270000457763672,7.941374778747559,80800.0,GLAD
2018-07-25,4.5,4.900000095367432,4.5,4.599999904632568,4.599999904632568,10000.0,GLBS
2018-07-25,12.199999809265135,12.199999809265135,12.199999809265135,12.199999809265135,11.549064636230467,200.0,GLBZ
2018-07-25,5.699999809265138,5.75,5.449999809265137,5.449999809265137,5.449999809265137,120700.0,GLDD
2018-07-25,8.329999923706055,8.369999885559082,8.300000190734862,8.340000152587889,7.428741455078125,29500.0,GLDI
2018-07-25,4.75,4.75,3.5999999046325684,3.7000000476837163,3.7000000476837163,67900.0,GLG
2018-07-25,45.63000106811523,45.7599983215332,44.59000015258789,44.959999084472656,44.47527694702149,615900.0,GLIBA
2018-07-25,24.709999084472656,24.85000038146973,24.690000534057614,24.85000038146973,22.000057220458984,3000.0,GLIBP
2018-07-25,14.25,14.739999771118164,14.199999809265135,14.420000076293945,14.420000076293945,240500.0,GLMD
2018-07-25,26.60000038146973,26.899999618530273,26.32999992370605,26.8700008392334,26.17137908935547,1050000.0,GLNG
2018-07-25,11.1899995803833,11.3100004196167,11.1899995803833,11.25,9.271124839782717,199900.0,GLO
2018-07-25,56.47999954223633,57.36999893188477,56.47999954223633,57.31000137329102,57.31000137329102,173900.0,GLOB
2018-07-25,16.850000381469727,16.879999160766598,16.5,16.600000381469727,14.331290245056152,415700.0,GLOG
2018-07-25,24.25,24.5,24.20000076293945,24.45000076293945,18.839509963989254,99800.0,GLOP
2018-07-25,17.5,17.75,17.299999237060547,17.75,14.862071990966795,37700.0,GLP
2018-07-25,109.88999938964844,110.5,109.5500030517578,110.5,110.5,67800.0,GLPG
2018-07-25,36.34000015258789,36.70000076293945,36.31999969482422,36.63999938964844,32.411849975585945,1096000.0,GLPI
2018-07-25,14.81999969482422,14.890000343322756,14.760000228881836,14.890000343322756,12.369787216186525,39100.0,GLQ
2018-07-25,14.050000190734865,14.199999809265135,13.75,13.949999809265135,13.949999809265135,180400.0,GLRE
2018-07-25,20.299999237060547,20.489999771118164,19.959999084472656,20.1200008392334,18.86971092224121,108800.0,GLT
2018-07-25,18.899999618530273,19.3799991607666,18.65999984741211,18.799999237060547,16.834474563598633,12100.0,GLU
2018-07-25,5.920000076293945,6.1500000953674325,5.730000019073486,5.78000020980835,5.78000020980835,2564600.0,GLUU
2018-07-25,12.470000267028807,12.59000015258789,12.470000267028807,12.539999961853027,10.349696159362793,12100.0,GLV
2018-07-25,30.93000030517578,33.310001373291016,30.899999618530273,33.209999084472656,31.697832107543945,20616900.0,GLW
2018-07-25,14.710000038146973,15.329999923706055,14.039999961853027,15.010000228881836,15.010000228881836,1320700.0,GLYC
2018-07-25,37.45000076293945,37.900001525878906,36.2599983215332,37.650001525878906,34.94337844848633,42672300.0,GM
2018-07-25,17.68000030517578,17.860000610351562,17.65999984741211,17.860000610351562,17.860000610351562,11700.0,GMAB
2018-07-25,14.6899995803833,14.699999809265135,14.25,14.510000228881836,13.335223197937012,3345000.0,GME
2018-07-25,52.33000183105469,53.20000076293945,52.18999862670898,53.13000106811523,53.13000106811523,234400.0,GMED
2018-07-25,15.600000381469727,15.789999961853027,15.600000381469727,15.640000343322756,12.04454517364502,288300.0,GMLP
2018-07-25,25.933000564575195,26.01799964904785,25.8799991607666,25.95000076293945,22.30712890625,15700.0,GMLPP
2018-07-25,0.4300000071525574,0.4300000071525574,0.41999998688697815,0.41999998688697815,0.41999998688697815,65200.0,GMO
2018-07-25,8.319999694824219,8.399999618530272,8.300000190734862,8.319999694824219,7.251158237457275,94300.0,GMRE
2018-07-25,25.959999084472656,26.40999984741211,25.79999923706055,26.399999618530273,26.399999618530273,389300.0,GMS
2018-07-25,25.5,25.540000915527344,25.29999923706055,25.43000030517578,23.426349639892575,14500.0,GMTA
2018-07-25,9.390000343322754,9.529999732971193,9.359999656677246,9.529999732971193,7.795825958251952,185700.0,GMZ
2018-07-25,3.2100000381469727,3.2799999713897705,3.0899999141693115,3.2300000190734863,3.2300000190734863,2134600.0,GNC
2018-07-25,5.599999904632568,5.760000228881836,5.199999809265137,5.400000095367432,5.400000095367432,72700.0,GNCA
2018-07-25,5.929999828338622,5.989999771118164,5.5,5.519999980926514,5.128720760345459,151600.0,GNE
2018-07-25,15.050000190734865,15.43000030517578,14.920000076293945,15.329999923706055,14.496764183044435,166000.0,GNK
2018-07-25,20.850000381469727,20.92099952697754,20.729999542236328,20.84000015258789,17.747535705566406,236200.0,GNL
2018-07-25,6.0999999046325675,6.369999885559082,6.0900001525878915,6.28000020980835,6.28000020980835,227500.0,GNMK
2018-07-25,7.25,7.25,6.6599998474121085,6.9099998474121085,6.9099998474121085,72000.0,GNPX
2018-07-25,51.5,51.93000030517578,50.86000061035156,51.86999893188477,51.86999893188477,330200.0,GNRC
2018-07-25,6.329999923706055,6.3499999046325675,6.170000076293945,6.3499999046325675,5.305845737457275,65900.0,GNT
2018-07-25,22.07999992370605,22.270000457763672,21.299999237060547,22.229999542236328,21.592060089111328,3667800.0,GNTX
2018-07-25,33.009998321533196,33.470001220703125,32.990001678466804,33.299999237060554,31.949893951416016,22600.0,GNTY
2018-07-25,2.509999990463257,2.684999942779541,2.450000047683716,2.650000095367432,2.650000095367432,13600.0,GNUS
2018-07-25,4.650000095367432,4.71999979019165,4.619999885559082,4.699999809265137,4.699999809265137,3796200.0,GNW
2018-07-25,21.530000686645508,21.600000381469727,21.5,21.559999465942386,17.924049377441406,126900.0,GOF
2018-07-25,8.979999542236328,9.079999923706056,8.90999984741211,9.029999732971193,7.9917354583740225,373100.0,GOGL
2018-07-25,3.670000076293945,3.7000000476837163,3.5799999237060547,3.650000095367432,3.650000095367432,1537400.0,GOGO
2018-07-25,7.579999923706055,7.960000038146973,7.570000171661378,7.889999866485597,7.88861083984375,1268800.0,GOL
2018-07-25,11.949999809265135,11.960000038146973,11.670000076293945,11.81999969482422,9.238012313842773,12034900.0,GOLD
2018-07-25,23.79999923706055,24.1299991607666,23.690000534057614,24.1200008392334,23.21196937561035,150700.0,GOLF
2018-07-25,19.88999938964844,19.899999618530273,19.420000076293945,19.649999618530273,17.261896133422848,79500.0,GOOD
2018-07-25,25.479999542236328,25.479999542236328,25.479999542236328,25.479999542236328,22.55061912536621,1000.0,GOODM
2018-07-25,1239.1300048828125,1265.8599853515625,1239.1300048828125,1263.699951171875,1263.699951171875,2127800.0,GOOG
2018-07-25,1252.6199951171875,1278.239990234375,1249.050048828125,1275.93994140625,1275.93994140625,2555200.0,GOOGL
2018-07-25,60.97999954223633,62.20000076293945,60.36000061035156,61.86999893188477,61.86999893188477,660800.0,GOOS
2018-07-25,7.03000020980835,7.039999961853027,6.8499999046325675,6.869999885559082,6.801394462585449,304900.0,GORO
2018-07-25,9.81999969482422,9.81999969482422,9.81999969482422,9.81999969482422,9.81999969482422,0.0,GPAQ
2018-07-25,10.399999618530273,10.399999618530273,10.399999618530273,10.399999618530273,10.399999618530273,0.0,GPAQU
2018-07-25,97.76000213623048,97.83999633789062,95.69000244140624,97.0,91.9532241821289,901700.0,GPC
2018-07-25,66.09999847412111,66.29000091552734,63.22999954223633,65.05000305175781,63.40743637084961,310300.0,GPI
2018-07-25,14.25,14.529999732971193,14.029999732971193,14.270000457763672,13.651116371154785,7569100.0,GPK
2018-07-25,1.149999976158142,1.1599999666213991,1.1299999952316284,1.1599999666213991,1.1599999666213991,165100.0,GPL
2018-07-25,8.819999694824219,8.880000114440918,8.8100004196167,8.869999885559082,7.163318157196045,87700.0,GPM
2018-07-25,18.450000762939453,18.559999465942386,18.440000534057614,18.479999542236328,16.152341842651367,151800.0,GPMT
2018-07-25,115.08000183105469,117.91000366210938,115.02999877929688,117.83000183105469,117.5215835571289,910600.0,GPN
2018-07-25,11.81999969482422,11.90999984741211,11.600000381469727,11.81999969482422,11.81999969482422,2808300.0,GPOR
2018-07-25,16.399999618530273,16.450000762939453,16.260000228881836,16.399999618530273,13.127167701721193,37100.0,GPP
2018-07-25,15.699999809265135,15.949999809265135,15.479999542236328,15.699999809265135,15.232728958129885,744000.0,GPRE
2018-07-25,20.21999931335449,20.739999771118164,20.0,20.600000381469727,20.416149139404297,163500.0,GPRK
2018-07-25,6.130000114440918,6.4000000953674325,6.110000133514403,6.309999942779541,6.309999942779541,1989600.0,GPRO
2018-07-25,29.559999465942386,30.10000038146973,29.489999771118164,30.06999969482422,28.08159828186035,3585900.0,GPS
2018-07-25,18.25,18.25,17.700000762939453,17.950000762939453,17.950000762939453,23600.0,GPX
2018-07-25,73.01000213623047,73.12999725341797,71.91000366210938,72.94999694824219,70.99746704101562,586700.0,GRA
2018-07-25,3.9500000476837163,4.050000190734863,3.7999999523162837,3.839999914169312,3.839999914169312,379600.0,GRAM
2018-07-25,9.699999809265137,9.800000190734863,9.5,9.699999809265137,9.699999809265137,199700.0,GRBK
2018-07-25,36.75,36.97999954223633,36.400001525878906,36.900001525878906,35.8875732421875,38100.0,GRC
2018-07-25,8.390000343322754,8.390000343322754,8.010000228881836,8.149999618530272,7.506557941436768,17700.0,GRF
2018-07-25,21.200000762939453,21.36000061035156,21.1200008392334,21.270000457763672,20.64137458801269,992600.0,GRFS
2018-07-25,41.900001525878906,43.06999969482422,41.5,43.06999969482422,41.98562622070313,17500.0,GRIF
2018-07-25,11.199999809265137,11.199999809265137,11.199999809265137,11.199999809265137,11.199999809265137,0.0,GRIN
2018-07-25,63.36000061035156,63.5,62.90999984741211,63.40999984741211,60.33982467651367,1001900.0,GRMN
2018-07-25,10.5,10.5,10.5,10.5,10.5,0.0,GRNQ
2018-07-25,2.2699999809265137,2.2699999809265137,2.049999952316284,2.0999999046325684,2.010274171829224,403600.0,GROW
2018-07-25,4.760000228881836,5.369999885559082,4.610000133514403,5.269999980926514,5.269999980926514,30544300.0,GRPN
2018-07-25,3.5,3.5,3.490000009536743,3.5,3.5,2700.0,GRU
2018-07-25,119.25,138.85000610351562,117.5,134.72999572753906,134.72999572753906,11205900.0,GRUB
2018-07-25,32.810001373291016,32.810001373291016,31.25,31.899999618530273,31.899999618530273,15200.0,GRVY
2018-07-25,3.890000104904175,3.890000104904175,3.640000104904175,3.7999999523162837,3.7999999523162837,39800.0,GRWG
2018-07-25,10.369999885559082,10.390000343322754,10.350000381469727,10.390000343322754,9.466449737548828,43300.0,GRX
2018-07-25,235.00999450683597,236.8500061035156,233.9499969482422,236.69000244140625,228.81228637695312,2181500.0,GS
2018-07-25,0.4399999976158142,0.4399999976158142,0.41999998688697815,0.4399999976158142,0.4399999976158142,3772600.0,GSAT
2018-07-25,3.7699999809265137,3.839999914169312,3.75,3.7999999523162837,2.542224407196045,21200.0,GSB
2018-07-25,60.6500015258789,60.6500015258789,59.599998474121094,60.29999923706055,55.91990661621094,17800.0,GSBC
2018-07-25,21.40999984741211,21.56999969482422,21.299999237060547,21.420000076293945,18.154247283935547,76200.0,GSBD
2018-07-25,25.70000076293945,25.70000076293945,25.70000076293945,25.70000076293945,25.70000076293945,0.0,GSC
2018-07-25,26.09000015258789,26.239999771118164,26.020000457763672,26.059999465942386,25.40056037902832,17500.0,GSH
2018-07-25,26.31999969482422,28.0,26.28700065612793,27.8700008392334,27.40924644470215,134500.0,GSHD
2018-07-25,7.199999809265138,7.230000019073486,7.079999923706055,7.119999885559082,7.119999885559082,18300.0,GSIT
2018-07-25,41.560001373291016,41.58000183105469,40.25,40.52000045776367,37.1318244934082,5071700.0,GSK
2018-07-25,19.25,19.420000076293945,19.059999465942386,19.15999984741211,19.15999984741211,267400.0,GSKY
2018-07-25,10.079999923706056,10.079999923706056,9.920000076293944,9.920000076293944,9.224493980407717,1800.0,GSL
2018-07-25,8.060000419616701,8.239999771118164,7.989999771118164,8.010000228881836,7.951956748962402,734700.0,GSM
2018-07-25,16.549999237060547,16.739999771118164,16.549999237060547,16.739999771118164,16.739999771118164,1900.0,GSP
2018-07-25,3.3499999046325684,3.400000095367432,3.2999999523162837,3.3499999046325684,3.3499999046325684,74700.0,GSS
2018-07-25,6.449999809265138,6.572999954223633,6.110000133514403,6.460000038146973,6.460000038146973,48400.0,GSUM
2018-07-25,1.5299999713897705,1.6499999761581419,1.5099999904632568,1.6299999952316284,1.6299999952316284,519700.0,GSV
2018-07-25,21.559999465942386,21.709999084472656,20.959999084472656,21.63999938964844,20.32971954345703,3625200.0,GT
2018-07-25,3.3399999141693115,3.390000104904175,3.309999942779541,3.380000114440918,3.380000114440918,1038100.0,GTE
2018-07-25,15.399999618530273,15.52299976348877,15.31999969482422,15.449999809265135,15.449999809265135,331200.0,GTES
2018-07-25,48.34000015258789,50.96500015258789,47.54999923706055,49.02000045776367,49.02000045776367,578700.0,GTHX
2018-07-25,4.25,4.25,4.199999809265137,4.199999809265137,4.199999809265137,14900.0,GTIM
2018-07-25,74.73999786376953,75.11000061035156,72.91999816894531,75.02999877929688,75.02999877929688,412700.0,GTLS
2018-07-25,15.050000190734865,15.300000190734865,14.949999809265135,15.199999809265135,15.199999809265135,537500.0,GTN
2018-07-25,37.150001525878906,37.63000106811523,36.560001373291016,37.150001525878906,37.150001525878906,95600.0,GTS
2018-07-25,46.349998474121094,47.599998474121094,46.099998474121094,47.349998474121094,47.349998474121094,234500.0,GTT
2018-07-25,28.459999084472656,28.68000030517578,28.40999984741211,28.53000068664551,26.25158500671387,181700.0,GTY
2018-07-25,10.119999885559082,10.119999885559082,10.119999885559082,10.119999885559082,10.119999885559082,0.0,GTYH
2018-07-25,6.6500000953674325,6.699999809265138,6.4000000953674325,6.550000190734862,6.550000190734862,4900.0,GURE
2018-07-25,5.800000190734862,5.8499999046325675,5.789999961853027,5.800000190734862,5.015783309936523,145400.0,GUT
2018-07-25,4.699999809265137,4.75,4.599999904632568,4.71999979019165,4.71999979019165,37800.0,GV
2018-07-25,53.349998474121094,53.349998474121094,51.209999084472656,51.9900016784668,50.42022705078125,487800.0,GVA
2018-07-25,2.75,2.900000095367432,2.75,2.900000095367432,2.900000095367432,16500.0,GVP
2018-07-25,41.959999084472656,41.97999954223633,40.72999954223633,40.95000076293945,38.679237365722656,406600.0,GWB
2018-07-25,7.5809998512268075,7.5809998512268075,7.5809998512268075,7.5809998512268075,4.617518424987793,0.0,GWGH
2018-07-25,140.75999450683594,142.97000122070312,140.25999450683594,141.50999450683594,141.50999450683594,215500.0,GWPH
2018-07-25,91.5500030517578,92.91000366210938,91.5,92.83000183105469,92.83000183105469,478500.0,GWRE
2018-07-25,9.5,9.550000190734863,9.300000190734863,9.460000038146973,9.051628112792967,16900.0,GWRS
2018-07-25,336.2799987792969,344.3299865722656,335.2099914550781,343.19000244140625,332.1742858886719,725900.0,GWW
2018-07-25,22.65999984741211,22.65999984741211,22.65999984741211,22.65999984741211,21.246788024902344,0.0,GYC
2018-07-25,19.96999931335449,19.96999931335449,19.96999931335449,19.96999931335449,19.96999931335449,0.0,GYRO
2018-07-25,79.68000030517578,80.52999877929688,78.72000122070312,80.38999938964844,79.06939697265625,696700.0,H
2018-07-25,38.29999923706055,40.70000076293945,38.04999923706055,39.849998474121094,38.76987838745117,2779500.0,HA
2018-07-25,98.75,100.26000213623048,98.5,100.16000366210938,100.16000366210938,366400.0,HAE
2018-07-25,25.75,26.60000038146973,24.25,24.70000076293945,22.787771224975586,682600.0,HAFC
2018-07-25,27.86000061035156,28.290000915527344,27.709999084472656,27.96999931335449,27.96999931335449,644200.0,HAIN
2018-07-25,40.40999984741211,40.41999816894531,39.47000122070313,39.81999969482422,37.53839111328125,22149400.0,HAL
2018-07-25,10.739999771118164,10.899999618530273,10.609999656677246,10.789999961853027,10.789999961853027,10500.0,HALL
2018-07-25,17.8799991607666,18.11000061035156,17.15999984741211,17.280000686645508,17.280000686645508,1139200.0,HALO
2018-07-25,101.01000213623048,102.05999755859376,100.55999755859376,101.66999816894531,97.11841583251952,1476300.0,HAS
2018-07-25,19.850000381469727,19.93000030517578,19.71999931335449,19.770000457763672,17.955198287963867,159200.0,HASI
2018-07-25,40.849998474121094,41.290000915527344,40.459999084472656,41.06999969482422,39.15542602539063,41900.0,HAYN
2018-07-25,15.029999732971193,15.3100004196167,14.960000038146973,15.100000381469727,13.953439712524414,12155500.0,HBAN
2018-07-25,25.8700008392334,25.92700004577637,25.8700008392334,25.92700004577637,23.10171318054199,500.0,HBANN
2018-07-25,26.46999931335449,26.63999938964844,26.46999931335449,26.55500030517578,23.501657485961914,22200.0,HBANO
2018-07-25,26.309999465942386,26.770000457763672,25.29999923706055,25.5,24.658714294433594,137800.0,HBB
2018-07-25,46.58000183105469,46.58000183105469,45.86999893188477,45.9000015258789,44.18572235107422,5700.0,HBCP
2018-07-25,21.61000061035156,21.82999992370605,21.489999771118164,21.770000457763672,20.42190361022949,3584700.0,HBI
2018-07-25,5.150000095367432,5.199999809265137,5.050000190734863,5.099999904632568,5.099999904632568,75600.0,HBIO
2018-07-25,5.400000095367432,5.400000095367432,5.25,5.349999904632568,5.290717601776123,412700.0,HBM
2018-07-25,18.0,18.049999237060547,17.75,17.899999618530273,17.899999618530273,15800.0,HBMD
2018-07-25,20.6200008392334,20.989999771118164,20.46999931335449,20.690000534057614,19.908916473388672,66200.0,HBNC
2018-07-25,4.059999942779541,4.119999885559082,3.920000076293945,4.0900001525878915,4.0900001525878915,65900.0,HBP
2018-07-25,111.8499984741211,119.4000015258789,111.41000366210938,118.12999725341795,115.69807434082031,4998800.0,HCA
2018-07-25,11.25,11.350000381469727,11.229999542236328,11.329999923706055,9.43488311767578,29400.0,HCAP
2018-07-25,28.26000022888184,28.29999923706055,27.520000457763672,28.1200008392334,24.01529884338379,845700.0,HCC
2018-07-25,9.600000381469727,9.600000381469727,9.550000190734863,9.550000190734863,9.550000190734863,2500.0,HCCH
2018-07-25,10.300000190734863,10.300000190734863,10.300000190734863,10.300000190734863,10.300000190734863,0.0,HCCHU
2018-07-25,19.350000381469727,19.799999237060547,19.25,19.700000762939453,19.700000762939453,27500.0,HCCI
2018-07-25,3.400000095367432,3.4100000858306885,3.380000114440918,3.400000095367432,2.891158103942871,73000.0,HCFT
2018-07-25,6.039999961853027,6.079999923706055,5.8400001525878915,5.889999866485597,5.889999866485597,138300.0,HCHC
2018-07-25,41.04999923706055,42.2400016784668,41.04999923706055,42.0099983215332,39.50624084472656,29900.0,HCI
2018-07-25,16.969999313354492,17.280000686645508,16.760000228881836,17.239999771118164,16.688249588012695,76600.0,HCKT
2018-07-25,33.22999954223633,33.900001525878906,32.950000762939446,33.810001373291016,33.810001373291016,23600.0,HCM
2018-07-25,13.350000381469727,14.850000381469727,13.300000190734865,14.699999809265135,13.573701858520508,4436200.0,HCR
2018-07-25,39.38999938964844,40.18999862670898,39.08000183105469,39.77000045776367,38.06797409057617,1688300.0,HCSG
2018-07-25,24.9689998626709,24.9689998626709,24.756000518798828,24.856000900268555,22.969343185424805,3400.0,HCXZ
2018-07-25,201.3999938964844,202.2899932861328,199.07000732421875,201.0,192.2290954589844,4382700.0,HD
2018-07-25,54.48500061035156,54.73500061035156,53.90999984741211,54.72999954223633,54.35056686401367,1242600.0,HDB
2018-07-25,43.790000915527344,44.72999954223633,43.0,44.02999877929688,44.02999877929688,1319400.0,HDS
2018-07-25,1.7400000095367432,1.7799999713897705,1.6599999666213991,1.7799999713897705,1.7799999713897705,580500.0,HDSN
2018-07-25,34.72999954223633,35.040000915527344,34.59000015258789,34.75,32.922462463378906,285700.0,HE
2018-07-25,27.04999923706055,27.649999618530273,25.1299991607666,26.0,26.0,1447900.0,HEAR
2018-07-25,1.7799999713897705,1.830000042915344,1.7300000190734863,1.75,1.75,47000.0,HEBT
2018-07-25,38.52000045776367,38.97000122070313,37.84000015258789,38.36000061035156,35.68111801147461,286000.0,HEES
2018-07-25,76.05000305175781,76.69000244140625,75.51000213623047,76.16000366210938,76.00098419189453,425000.0,HEI
2018-07-25,114.0,114.0,112.1999969482422,113.5,113.5,189900.0,HELE
2018-07-25,30.35000038146973,31.0,30.190000534057614,31.0,26.16088104248047,289100.0,HEP
2018-07-25,61.25,61.25,52.5,55.86000061035156,55.86000061035156,6900.0,HEPA
2018-07-25,16.379999160766598,16.379999160766598,16.299999237060547,16.379999160766598,13.597347259521484,29900.0,HEQ
2018-07-25,64.98000335693361,65.01999664306639,62.79999923706055,64.87999725341797,62.78654861450195,4159300.0,HES
2018-07-25,20.950000762939453,22.18000030517578,20.950000762939453,21.82999992370605,19.268781661987305,83300.0,HESM
2018-07-25,32.40999984741211,32.40999984741211,32.40999984741211,32.40999984741211,31.533411026000977,0.0,HFBL
2018-07-25,70.91999816894531,72.12999725341797,70.44999694824219,72.05000305175781,68.84711456298828,1542600.0,HFC
2018-07-25,10.229999542236328,10.289999961853027,10.201000213623047,10.279000282287598,10.279000282287598,14900.0,HFFG
2018-07-25,15.949999809265135,15.975000381469727,15.800000190734865,15.90999984741211,14.147176742553713,147000.0,HFRO
2018-07-25,36.900001525878906,37.150001525878906,35.400001525878906,36.599998474121094,34.86660003662109,415300.0,HFWA
2018-07-25,28.56999969482422,28.56999969482422,28.420000076293945,28.51000022888184,25.21795654296875,58100.0,HGH
2018-07-25,1.5900000333786009,1.6399999856948853,1.5900000333786009,1.6000000238418581,1.6000000238418581,6100.0,HGSH
2018-07-25,34.31999969482422,34.529998779296875,33.939998626708984,34.310001373291016,34.310001373291016,822500.0,HGV
2018-07-25,137.83999633789062,138.00999450683594,135.72000122070312,136.14999389648438,136.14999389648438,166100.0,HHC
2018-07-25,10.649999618530273,10.649999618530273,10.350000381469727,10.350000381469727,10.350000381469727,10300.0,HHS
2018-07-25,6.949999809265138,7.0999999046325675,6.25,6.949999809265138,6.949999809265138,28200.0,HHT
2018-07-25,49.1500015258789,49.58000183105469,49.0,49.54999923706055,47.386131286621094,161400.0,HI
2018-07-25,23.35000038146973,23.5,22.649999618530273,23.149999618530273,23.149999618530273,405300.0,HIBB
2018-07-25,12.380000114440918,12.401000022888185,12.210000038146973,12.220000267028807,9.856797218322754,64300.0,HIE
2018-07-25,219.02999877929688,223.9499969482422,219.02999877929688,221.6000061035156,218.7860870361328,1200.0,HIFS
2018-07-25,52.18999862670898,52.4900016784668,51.7400016784668,52.36000061035156,50.27004623413086,1613300.0,HIG
2018-07-25,4.010000228881837,4.099999904632568,4.010000228881837,4.099999904632568,3.694490909576416,3200.0,HIHO
2018-07-25,225.8500061035156,227.97000122070312,222.07000732421875,227.3500061035156,221.06837463378903,273600.0,HII
2018-07-25,5.75,5.800000190734862,5.75,5.800000190734862,5.800000190734862,46300.0,HIL
2018-07-25,7.3499999046325675,7.420000076293945,7.190000057220459,7.309999942779541,7.309999942779541,1662300.0,HIMX
2018-07-25,4.789999961853027,4.809999942779541,4.769999980926514,4.78000020980835,4.231454849243163,251000.0,HIO
2018-07-25,48.77999877929688,50.22000122070313,47.84000015258789,49.36999893188477,45.51259231567383,790400.0,HIW
2018-07-25,6.4099998474121085,6.4099998474121085,6.389999866485597,6.4000000953674325,5.523038387298584,154900.0,HIX
2018-07-25,2.869999885559082,2.9489998817443848,2.630000114440918,2.75,2.75,68800.0,HJLI
2018-07-25,0.6499999761581421,0.6499999761581421,0.5799999833106995,0.6179999709129333,0.6179999709129333,50900.0,HJLIW
2018-07-25,12.050000190734865,12.270000457763672,12.050000190734865,12.100000381469727,8.397054672241211,7300.0,HJV
2018-07-25,3.5,3.539999961853028,3.4500000476837163,3.5299999713897705,3.5012073516845703,3571800.0,HL
2018-07-25,52.04999923706055,53.52000045776367,52.04999923706055,53.18999862670898,53.18999862670898,938500.0,HLF
2018-07-25,77.7300033569336,79.58000183105469,77.7300033569336,79.33000183105469,79.33000183105469,30300.0,HLG
2018-07-25,53.11000061035156,53.13999938964844,52.1349983215332,52.599998474121094,50.32072448730469,144000.0,HLI
2018-07-25,49.72999954223633,50.16999816894531,49.040000915527344,49.9000015258789,49.280921936035156,59100.0,HLIO
2018-07-25,4.400000095367432,4.400000095367432,4.300000190734863,4.400000095367432,4.400000095367432,202600.0,HLIT
2018-07-25,49.63999938964844,50.88999938964844,49.54999923706055,49.9900016784668,48.261756896972656,140400.0,HLNE
2018-07-25,80.06999969482422,80.55000305175781,77.63999938964844,80.37000274658203,79.40655517578125,5891600.0,HLT
2018-07-25,9.06999969482422,9.56999969482422,8.84000015258789,9.260000228881836,9.260000228881836,2558300.0,HLX
2018-07-25,29.790000915527344,29.90999984741211,29.07999992370605,29.86000061035156,28.226253509521484,924200.0,HMC
2018-07-25,14.829999923706055,14.829999923706055,14.829999923706055,14.829999923706055,13.756105422973633,0.0,HMG
2018-07-25,7.1500000953674325,7.25,6.800000190734862,7.0,7.0,3127600.0,HMHC
2018-07-25,9.609999656677246,9.880000114440918,9.59000015258789,9.84000015258789,9.84000015258789,50600.0,HMI
2018-07-25,17.899999618530273,17.950000762939453,17.799999237060547,17.850000381469727,14.94155502319336,86000.0,HMLP
2018-07-25,44.45000076293945,44.45000076293945,43.75,44.20000076293945,42.0953369140625,110600.0,HMN
2018-07-25,21.0,21.0,21.0,21.0,21.0,200.0,HMNF
2018-07-25,30.149999618530273,30.20000076293945,27.65999984741211,30.149999618530273,30.00831794738769,163300.0,HMST
2018-07-25,24.01000022888184,24.26000022888184,23.809999465942386,24.040000915527344,24.040000915527344,225800.0,HMSY
2018-07-25,11.699999809265135,11.75,11.550000190734865,11.550000190734865,11.550000190734865,23000.0,HMTV
2018-07-25,1.6799999475479126,1.7200000286102295,1.6699999570846558,1.7200000286102295,1.7200000286102295,3013400.0,HMY
2018-07-25,17.950000762939453,18.11000061035156,17.899999618530273,17.899999618530273,17.899999618530273,11400.0,HNGR
2018-07-25,43.83000183105469,45.2599983215332,43.83000183105469,45.11000061035156,42.68127059936523,580500.0,HNI
2018-07-25,17.049999237060547,17.059999465942386,16.899999618530273,16.899999618530273,15.678109169006348,28300.0,HNNA
2018-07-25,29.65999984741211,29.979999542236328,29.6299991607666,29.979999542236328,29.257526397705078,21200.0,HNP
2018-07-25,6.360000133514403,6.38700008392334,6.25,6.369999885559082,5.940250873565674,38800.0,HNRG
2018-07-25,14.350000381469727,14.369999885559082,14.3100004196167,14.3100004196167,12.477489471435547,19400.0,HNW
2018-07-25,47.20000076293945,47.45000076293945,47.0,47.29999923706055,45.205810546875,32800.0,HOFT
2018-07-25,44.810001373291016,45.52000045776367,42.959999084472656,45.09000015258789,41.90359878540039,5655400.0,HOG
2018-07-25,23.5,23.65999984741211,23.03000068664551,23.6200008392334,23.064292907714844,254200.0,HOLI
2018-07-25,41.66999816894531,42.15999984741211,41.650001525878906,42.0,42.0,1481300.0,HOLX
2018-07-25,23.020000457763672,23.03000068664551,22.51000022888184,22.79999923706055,21.78302001953125,729900.0,HOMB
2018-07-25,37.0099983215332,37.560001373291016,36.36999893188477,37.4900016784668,37.4900016784668,630500.0,HOME
2018-07-25,147.1315460205078,151.64584350585938,147.1315460205078,151.45416259765625,146.0691680908203,4111000.0,HON
2018-07-25,10.679665565490724,10.679665565490724,10.529248237609863,10.568244934082033,10.568244934082033,40900.0,HONE
2018-07-25,17.469999313354492,17.5,16.969999313354492,17.030000686645508,15.920019149780273,1089200.0,HOPE
2018-07-25,39.75,40.0,38.0,38.25,38.25,60200.0,HOV
2018-07-25,6.0900001525878915,6.0999999046325675,5.300000190734863,5.300000190734863,5.300000190734863,1400.0,HOVNP
2018-07-25,59.27999877929688,59.34000015258789,57.599998474121094,58.81999969482422,52.43029403686523,1738700.0,HP
2018-07-25,15.239999771118164,15.489999771118164,15.229999542236328,15.479999542236328,14.642005920410154,5964900.0,HPE
2018-07-25,21.09000015258789,21.09000015258789,21.01000022888184,21.059999465942386,18.59430694580078,30900.0,HPF
2018-07-25,21.71999931335449,21.88999938964844,21.71999931335449,21.850000381469727,19.346168518066406,34100.0,HPI
2018-07-25,33.540000915527344,33.830001831054695,33.540000915527344,33.61999893188477,31.7247314453125,546100.0,HPP
2018-07-25,22.90999984741211,23.309999465942386,22.90999984741211,23.290000915527344,22.02688217163086,5854100.0,HPQ
2018-07-25,7.059999942779541,7.239999771118164,6.889999866485597,6.980000019073486,6.980000019073486,2098100.0,HPR
2018-07-25,18.540000915527344,18.540000915527344,18.399999618530273,18.420000076293945,16.219274520874027,49200.0,HPS
2018-07-25,22.6299991607666,22.770000457763672,22.54999923706055,22.739999771118164,19.485382080078125,96900.0,HQH
2018-07-25,6.0,6.1500000953674325,6.0,6.1500000953674325,6.1500000953674325,300.0,HQI
2018-07-25,19.979999542236328,20.149999618530273,19.850000381469727,20.149999618530273,17.31557273864746,65100.0,HQL
2018-07-25,79.4800033569336,82.61000061035156,79.4800033569336,82.27999877929688,82.27999877929688,282900.0,HQY
2018-07-25,29.15999984741211,29.56999969482422,29.06999969482422,29.489999771118164,27.60637664794922,1895500.0,HR
2018-07-25,24.989999771118164,25.170000076293945,24.86000061035156,25.1200008392334,23.306293487548828,2204500.0,HRB
2018-07-25,94.5,94.95999908447266,94.08000183105469,94.8499984741211,93.47178649902344,414100.0,HRC
2018-07-25,58.45000076293945,58.90999984741211,57.459999084472656,58.81000137329102,58.81000137329102,234500.0,HRI
2018-07-25,36.52000045776367,36.84000015258789,35.689998626708984,36.150001525878906,35.08148956298828,3924200.0,HRL
2018-07-25,2.390000104904175,2.4800000190734863,2.380000114440918,2.4300000667572017,2.4300000667572017,48000.0,HROW
2018-07-25,17.260000228881836,17.260000228881836,17.040000915527347,17.190000534057614,16.666074752807614,73900.0,HRTG
2018-07-25,37.349998474121094,38.27999877929688,37.150001525878906,37.349998474121094,37.349998474121094,652600.0,HRTX
2018-07-25,10.649999618530273,10.6899995803833,10.550000190734863,10.59000015258789,8.912705421447754,88500.0,HRZN
2018-07-25,48.13999938964844,48.56000137329102,48.08000183105469,48.5,43.13156127929688,991400.0,HSBC
2018-07-25,24.0,24.399999618530273,23.85000038146973,24.29999923706055,24.29999923706055,334400.0,HSC
2018-07-25,9.859999656677246,9.859999656677246,9.510000228881836,9.520000457763672,9.520000457763672,29200.0,HSDT
2018-07-25,60.24313735961914,60.65098190307617,59.70980453491211,60.50196075439453,60.50196075439453,889100.0,HSIC
2018-07-25,34.5,35.09999847412109,34.25,34.84999847412109,33.77279663085937,95200.0,HSII
2018-07-25,106.47000122070312,108.33000183105469,106.01000213623048,106.66999816894531,106.66999816894531,27400.0,HSKA
2018-07-25,17.299999237060547,17.299999237060547,17.100000381469727,17.100000381469727,17.100000381469727,0.0,HSON
2018-07-25,21.1200008392334,21.15999984741211,20.729999542236328,21.049999237060547,19.51287841796875,8809300.0,HST
2018-07-25,27.309999465942386,28.82999992370605,27.21999931335449,27.8700008392334,27.8700008392334,252700.0,HSTM
2018-07-25,92.3499984741211,93.08000183105469,91.66999816894531,92.83000183105469,89.11190032958984,1444900.0,HSY
2018-07-25,20.899999618530273,21.93000030517578,20.850000381469727,21.32999992370605,17.954206466674805,685200.0,HT
2018-07-25,27.15999984741211,27.559999465942386,27.11000061035156,27.38999938964844,25.26645088195801,1513200.0,HTA
2018-07-25,28.60000038146973,28.60000038146973,28.20000076293945,28.29999923706055,27.89457702636719,19700.0,HTBI
2018-07-25,17.170000076293945,17.229999542236328,16.879999160766598,16.969999313354492,15.9053955078125,107800.0,HTBK
2018-07-25,2.0899999141693115,2.0999999046325684,2.059999942779541,2.0799999237060547,2.0799999237060547,204500.0,HTBX
2018-07-25,23.229999542236328,23.229999542236328,23.11000061035156,23.149999618530273,20.316272735595703,45300.0,HTD
2018-07-25,25.5,25.5,25.5,25.5,22.9020938873291,300.0,HTFA
2018-07-25,13.539999961853027,13.579999923706055,13.479999542236328,13.579999923706055,12.535771369934082,328800.0,HTGC
2018-07-25,3.0899999141693115,3.0999999046325684,2.740000009536743,3.0899999141693115,3.0899999141693115,601200.0,HTGM
2018-07-25,22.149999618530273,22.21999931335449,21.729999542236328,21.989999771118164,21.427207946777344,245400.0,HTH
2018-07-25,40.099998474121094,41.2599983215332,39.709999084472656,41.18999862670898,40.38249588012695,741100.0,HTHT
2018-07-25,19.65999984741211,19.84000015258789,19.06999969482422,19.520000457763672,19.38035774230957,837800.0,HTLD
2018-07-25,59.45000076293945,59.6500015258789,57.95000076293945,59.349998474121094,57.89118957519531,239100.0,HTLF
2018-07-25,8.640000343322754,8.689999580383299,8.600000381469728,8.600000381469728,7.298374652862549,30400.0,HTY
2018-07-25,12.128583908081055,12.510860443115234,12.119895935058596,12.432666778564453,12.432666778564453,3276600.0,HTZ
2018-07-25,120.51000213623048,121.68000030517578,118.4800033569336,121.43000030517578,115.77528381347656,1033900.0,HUBB
2018-07-25,46.849998474121094,47.04999923706055,46.04999923706055,46.599998474121094,46.599998474121094,893800.0,HUBG
2018-07-25,132.39999389648438,136.30000305175778,132.39999389648438,135.30000305175778,135.30000305175778,339900.0,HUBS
2018-07-25,17.149999618530273,17.25,17.049999237060547,17.15999984741211,17.15999984741211,150300.0,HUD
2018-07-25,25.92900085449219,27.13500022888184,24.1200008392334,25.125,25.125,2500.0,HUGE
2018-07-25,315.7799987792969,316.9200134277344,313.3699951171875,316.57000732421875,312.4392395019531,710800.0,HUM
2018-07-25,30.729999542236328,31.040000915527344,30.61000061035156,30.920000076293945,29.30384063720703,1717800.0,HUN
2018-07-25,43.849998474121094,44.20000076293945,43.54999923706055,43.900001525878906,42.88980484008789,8500.0,HURC
2018-07-25,44.45000076293945,44.79999923706055,44.29999923706055,44.599998474121094,44.599998474121094,74600.0,HURN
2018-07-25,0.239999994635582,0.239999994635582,0.2199999988079071,0.23000000417232516,0.23000000417232516,532900.0,HUSA
2018-07-25,33.310001373291016,35.59000015258789,33.11999893188477,35.18000030517578,35.18000030517578,4482900.0,HUYA
2018-07-25,15.770000457763672,15.800000190734865,15.399999618530273,15.399999618530273,15.399999618530273,2700.0,HVBC
2018-07-25,20.5,20.600000381469727,20.200000762939453,20.549999237060547,19.20927619934082,73300.0,HVT
2018-07-25,21.950000762939453,21.950000762939453,21.950000762939453,21.950000762939453,21.223512649536133,0.0,HWBK
2018-07-25,51.5,51.75,50.75,51.45000076293945,49.04534530639648,638000.0,HWC
2018-07-25,8.199999809265138,8.199999809265138,8.050000190734862,8.050000190734862,8.050000190734862,7700.0,HWCC
2018-07-25,25.459999084472656,25.459999084472656,25.459999084472656,25.459999084472656,22.98591232299805,600.0,HWCPL
2018-07-25,37.650001525878906,38.0,37.27999877929688,37.900001525878906,36.45223617553711,20600.0,HWKN
2018-07-25,9.039999961853027,9.5,9.039999961853027,9.5,9.089632987976074,34700.0,HX
2018-07-25,67.08999633789061,68.04000091552734,67.0,67.84999847412111,66.79337310791016,537300.0,HXL
2018-07-25,64.87000274658203,64.87999725341797,63.18000030517578,64.23999786376953,61.78396606445313,34600.0,HY
2018-07-25,8.460000038146973,8.460000038146973,8.399999618530272,8.460000038146973,7.409541130065918,92500.0,HYB
2018-07-25,14.489999771118164,14.510000228881836,14.40999984741211,14.4399995803833,12.75240707397461,93900.0,HYI
2018-07-25,3.7300000190734863,3.8199999332427983,3.0799999237060547,3.2300000190734863,3.2300000190734863,343000.0,HYRE
2018-07-25,10.510000228881836,10.550000190734863,10.510000228881836,10.539999961853027,9.14136791229248,375700.0,HYT
2018-07-25,5.380000114440918,5.510000228881836,5.300000190734863,5.309999942779541,5.309999942779541,277100.0,HZN
2018-07-25,17.389999389648438,17.700000762939453,17.200000762939453,17.690000534057614,17.690000534057614,1185900.0,HZNP
2018-07-25,20.149999618530273,20.5,19.600000381469727,20.350000381469727,20.350000381469727,460500.0,HZO
2018-07-25,19.440000534057614,19.950000762939453,19.11000061035156,19.84000015258789,19.84000015258789,2019700.0,I
2018-07-25,0.5,0.5,0.5,0.5,0.5,0.0,IAA
2018-07-25,153.47999572753906,158.86000061035156,152.92999267578125,157.41000366210938,157.41000366210938,848600.0,IAC
2018-07-25,9.520000457763672,9.56999969482422,9.460000038146973,9.5600004196167,8.026576995849611,43300.0,IAE
2018-07-25,6.1599998474121085,6.1599998474121085,6.130000114440918,6.139999866485597,4.997757911682129,37000.0,IAF
2018-07-25,5.739999771118164,5.78000020980835,5.550000190734863,5.579999923706055,5.579999923706055,4316200.0,IAG
2018-07-25,57.9900016784668,60.849998474121094,55.09000015258789,60.31999969482422,60.31999969482422,2168000.0,IART
2018-07-25,59.849998474121094,60.75,59.06999969482422,60.68000030517578,59.62767791748047,11700.0,IBA
2018-07-25,25.54999923706055,25.54999923706055,24.95000076293945,25.20000076293945,23.85004997253418,117400.0,IBCP
2018-07-25,0.8399999737739563,0.8899999856948853,0.8399999737739563,0.8700000047683716,0.8700000047683716,103100.0,IBIO
2018-07-25,83.0999984741211,83.44999694824219,82.05000305175781,82.94999694824219,79.20867919921875,466700.0,IBKC
2018-07-25,26.79999923706055,27.059999465942386,26.79999923706055,27.059999465942386,24.70767021179199,800.0,IBKCO
2018-07-25,27.000999450683594,27.000999450683594,26.65999984741211,26.65999984741211,24.36577415466309,3000.0,IBKCP
2018-07-25,62.43999862670898,62.66999816894531,61.83000183105469,62.4900016784668,61.80587387084961,473100.0,IBKR
2018-07-25,146.00999450683594,146.64999389648438,145.5,146.6199951171875,135.26101684570312,3630900.0,IBM
2018-07-25,8.069999694824219,8.079999923706055,8.0,8.060000419616701,8.002446174621582,5632100.0,IBN
2018-07-25,45.0,45.04999923706055,44.29999923706055,44.54999923706055,42.04344177246094,119100.0,IBOC
2018-07-25,55.0,55.45000076293945,52.349998474121094,53.5,53.5,158400.0,IBP
2018-07-25,67.59999847412111,69.19999694824219,67.59999847412111,68.5,66.6649169921875,282400.0,IBTX
2018-07-25,3.0,3.009999990463257,2.9600000381469727,3.0,3.0,20600.0,ICAD
2018-07-25,25.989999771118164,25.989999771118164,25.559999465942386,25.6299991607666,25.13165855407715,8100.0,ICBK
2018-07-25,7.210000038146973,7.210000038146973,7.059999942779541,7.059999942779541,7.059999942779541,300.0,ICCC
2018-07-25,15.550000190734865,15.550000190734865,15.550000190734865,15.550000190734865,15.550000190734865,0.0,ICCH
2018-07-25,74.19999694824219,76.5999984741211,73.4000015258789,76.19999694824219,76.19999694824219,5200.0,ICD
2018-07-25,76.23999786376953,76.8499984741211,75.91999816894531,76.79000091552734,75.0587158203125,2197600.0,ICE
2018-07-25,72.69999694824219,73.80000305175781,72.55000305175781,73.55000305175781,72.59933471679688,56600.0,ICFI
2018-07-25,20.170000076293945,20.299999237060547,18.950000762939453,18.989999771118164,18.989999771118164,1256600.0,ICHR
2018-07-25,4.78000020980835,4.8400001525878915,4.760000228881836,4.829999923706055,4.2395544052124015,123400.0,ICL
2018-07-25,6.079999923706055,6.5,5.9000000953674325,6.260000228881836,6.260000228881836,158600.0,ICLK
2018-07-25,139.55999755859378,142.47999572753906,136.19000244140622,139.94000244140622,139.94000244140622,303900.0,ICLR
2018-07-25,8.800000190734863,8.850000381469727,8.75,8.75,6.890890598297119,18700.0,ICMB
2018-07-25,6.0999999046325675,6.0999999046325675,5.5,5.599999904632568,5.599999904632568,221000.0,ICON
2018-07-25,88.26000213623047,90.05000305175781,88.05000305175781,88.8499984741211,88.8499984741211,413100.0,ICPT
2018-07-25,297.45001220703125,300.95001220703125,295.3500061035156,300.6499938964844,300.6499938964844,109400.0,ICUI
2018-07-25,93.0,94.19000244140624,92.86000061035156,93.62999725341795,89.58833312988281,193200.0,IDA
2018-07-25,82.30000305175781,82.75,81.5999984741211,82.1500015258789,79.4357681274414,218600.0,IDCC
2018-07-25,15.329999923706055,15.329999923706055,15.149999618530273,15.289999961853027,12.30296230316162,103800.0,IDE
2018-07-25,2.740000009536743,2.740000009536743,2.4100000858306885,2.4600000381469727,2.4600000381469727,390600.0,IDEX
2018-07-25,2.289999961853028,2.289999961853028,2.150000095367432,2.150000095367432,2.150000095367432,3400.0,IDN
2018-07-25,6.880000114440918,7.28000020980835,6.880000114440918,6.960000038146973,6.960000038146973,120000.0,IDRA
2018-07-25,5.050000190734863,5.210000038146973,4.989999771118164,5.150000095367432,5.150000095367432,334700.0,IDT
2018-07-25,10.300000190734863,10.600000381469727,10.199999809265137,10.5,10.5,25400.0,IDXG
2018-07-25,247.6699981689453,251.41000366210938,247.5399932861328,251.1300048828125,251.1300048828125,484000.0,IDXX
2018-07-25,10.020000457763672,10.229000091552734,9.81999969482422,10.079999923706056,10.079999923706056,56000.0,IEA
2018-07-25,5.489999771118164,5.639999866485597,5.480000019073486,5.489999771118164,5.489999771118164,40400.0,IEC
2018-07-25,76.08000183105469,76.55000305175781,75.75,76.41000366210938,62.50872802734375,55800.0,IEP
2018-07-25,17.100000381469727,17.75,17.049999237060547,17.200000762939453,17.200000762939453,19500.0,IESC
2018-07-25,143.6999969482422,150.07000732421875,142.63999938964844,149.0399932861328,146.29698181152344,979200.0,IEX
2018-07-25,128.42999267578122,129.52999877929688,126.79000091552734,129.13999938964844,123.9413604736328,508800.0,IFF
2018-07-25,3.880000114440918,4.0,3.880000114440918,3.9500000476837163,3.9500000476837163,7900.0,IFMK
2018-07-25,24.78000068664551,25.46999931335449,24.78000068664551,25.399999618530273,18.870830535888672,166000.0,IFN
2018-07-25,32.11999893188477,32.700000762939446,31.48600006103516,32.700000762939446,32.700000762939446,1200.0,IFRX
2018-07-25,11.550000190734865,11.649999618530273,11.550000190734865,11.649999618530273,10.019365310668944,21500.0,IGA
2018-07-25,0.4399999976158142,0.4699999988079071,0.4399999976158142,0.44999998807907104,0.44999998807907104,109400.0,IGC
2018-07-25,7.550000190734862,7.5999999046325675,7.519999980926514,7.579999923706055,6.346199035644531,215300.0,IGD
2018-07-25,19.8799991607666,20.030000686645508,19.8799991607666,19.920000076293945,18.334842681884766,21500.0,IGI
2018-07-25,7.480000019073486,7.550000190734862,7.46999979019165,7.510000228881836,6.522704601287843,236700.0,IGR
2018-07-25,24.82999992370605,25.020000457763672,24.68000030517578,25.0,22.30164909362793,1257500.0,IGT
2018-07-25,34.0,34.400001525878906,34.0,34.25,33.771255493164055,4700.0,IHC
2018-07-25,7.920000076293945,7.960000038146973,7.9000000953674325,7.940000057220459,6.662331581115723,39600.0,IHD
2018-07-25,66.35405731201172,66.40674591064453,65.62697601318361,65.84825897216797,60.13508987426758,268000.0,IHG
2018-07-25,9.859999656677246,9.869999885559082,9.81999969482422,9.859999656677246,8.943986892700195,50600.0,IHIT
2018-07-25,1.7200000286102295,2.0699999332427983,1.399999976158142,1.5099999904632568,1.470556139945984,454900.0,IHT
2018-07-25,9.170000076293944,9.1899995803833,9.130000114440918,9.140000343322754,8.352479934692383,14500.0,IHTA
2018-07-25,6.690000057220459,6.690000057220459,6.5999999046325675,6.6500000953674325,5.636201858520508,38200.0,IID
2018-07-25,26.520000457763672,26.959999084472656,26.520000457763672,26.959999084472656,22.491674423217773,55700.0,IIF
2018-07-25,4.099999904632568,4.139999866485597,4.059999942779541,4.059999942779541,3.504656791687012,28400.0,III
2018-07-25,42.4900016784668,42.88000106811523,41.13999938964844,42.0,41.59924697875977,190900.0,IIIN
2018-07-25,15.979999542236328,16.319999694824222,15.600000381469727,16.100000381469727,16.100000381469727,73000.0,IIIV
2018-07-25,14.130000114440918,14.130000114440918,14.109999656677244,14.130000114440918,13.0394926071167,36200.0,IIM
2018-07-25,46.04999923706055,49.29999923706055,44.599998474121094,48.95000076293945,48.95000076293945,263700.0,IIN
2018-07-25,33.43000030517578,33.59000015258789,32.900001525878906,33.150001525878906,31.238121032714844,120100.0,IIPR
2018-07-25,44.70000076293945,45.6500015258789,44.599998474121094,45.45000076293945,45.45000076293945,351300.0,IIVI
2018-07-25,10.270000457763672,10.270000457763672,10.270000457763672,10.270000457763672,10.270000457763672,0.0,IKNX
2018-07-25,308.0,316.6099853515625,307.8699951171875,315.8299865722656,315.8299865722656,589800.0,ILMN
2018-07-25,23.1299991607666,23.209999084472656,22.90500068664551,22.959999084472656,20.617185592651367,84600.0,ILPT
2018-07-25,22.54999923706055,23.35000038146973,22.450000762939453,23.04999923706055,23.04999923706055,942400.0,IMAX
2018-07-25,14.800000190734865,15.100000381469727,14.5,15.0,15.0,20600.0,IMBI
2018-07-25,9.899999618530273,10.220000267028807,9.68000030517578,9.779999732971193,9.779999732971193,1888900.0,IMGN
2018-07-25,9.079999923706056,9.079999923706056,8.550000190734862,8.699999809265138,8.699999809265138,18100.0,IMH
2018-07-25,28.5,28.68000030517578,27.899999618530273,28.399999618530273,27.56757354736328,56100.0,IMKTA
2018-07-25,18.5,18.5,18.5,18.5,16.4510498046875,1400.0,IMLP
2018-07-25,2.450000047683716,2.5299999713897705,2.450000047683716,2.470000028610229,2.470000028610229,23300.0,IMMP
2018-07-25,14.829999923706055,15.220000267028807,14.779999732971193,15.079999923706055,15.079999923706055,321400.0,IMMR
2018-07-25,24.51000022888184,25.06999969482422,24.040000915527344,24.739999771118164,24.739999771118164,1818500.0,IMMU
2018-07-25,32.779998779296875,33.25,32.400001525878906,33.18000030517578,31.55198097229004,194500.0,IMO
2018-07-25,14.619999885559082,14.619999885559082,14.399999618530273,14.449999809265135,12.746661186218262,17100.0,IMOS
2018-07-25,11.109999656677246,14.289999961853027,11.109999656677246,11.699999809265135,11.699999809265135,58200.0,IMRN
2018-07-25,12.15999984741211,12.385000228881836,11.68299961090088,12.385000228881836,12.385000228881836,3800.0,IMTE
2018-07-25,338.0,344.0,326.0,336.0,336.0,3200.0,IMUX
2018-07-25,5.0,5.0900001525878915,4.989999771118164,5.019999980926514,5.019999980926514,7000.0,IMV
2018-07-25,9.91100025177002,10.020000457763672,9.75,9.850000381469727,9.850000381469727,50100.0,IMXI
2018-07-25,30.54999923706055,30.70000076293945,30.0,30.5,29.88917732238769,197100.0,INBK
2018-07-25,25.67600059509277,25.67600059509277,25.67600059509277,25.67600059509277,23.18124008178711,0.0,INBKL
2018-07-25,69.01000213623047,70.43000030517578,69.01000213623047,70.09999847412111,70.09999847412111,1148400.0,INCY
2018-07-25,89.94999694824219,90.5500030517578,88.9000015258789,89.9000015258789,86.3890151977539,97300.0,INDB
2018-07-25,1.8400000333786009,1.8400000333786009,1.7200000286102295,1.7400000095367432,1.7400000095367432,430600.0,INFI
2018-07-25,8.659999847412111,9.210000038146973,8.649999618530272,8.930000305175781,8.930000305175781,3808900.0,INFN
2018-07-25,53.4000015258789,54.18000030517578,53.04999923706055,54.13999938964844,54.02607727050781,1170700.0,INFO
2018-07-25,3.0999999046325684,3.25,3.0499999523162837,3.150000095367432,3.150000095367432,15700.0,INFU
2018-07-25,10.220000267028807,10.34000015258789,10.204999923706056,10.289999961853027,9.86526584625244,7539200.0,INFY
2018-07-25,15.0,15.09000015258789,14.880000114440918,15.079999923706055,13.866795539855955,2741100.0,ING
2018-07-25,202.38999938964844,208.16000366210938,202.33999633789062,207.8600006103516,207.8600006103516,115300.0,INGN
2018-07-25,97.9499969482422,98.76000213623048,97.08999633789062,98.06999969482422,93.27169799804688,546200.0,INGR
2018-07-25,14.020000457763672,14.029999732971193,13.760000228881836,13.829999923706055,12.42799472808838,605700.0,INN
2018-07-25,6.6599998474121085,7.730000019073486,6.559999942779541,7.480000019073486,7.480000019073486,2744500.0,INNT
2018-07-25,4.2199997901916495,4.300000190734863,4.170000076293944,4.25,4.25,533500.0,INO
2018-07-25,1.1399999856948853,1.1599999666213991,1.100000023841858,1.149999976158142,1.149999976158142,174400.0,INOD
2018-07-25,10.0,10.199999809265137,10.0,10.050000190734863,10.050000190734863,371300.0,INOV
2018-07-25,295.20001220703125,297.0,270.0,279.0,279.0,800.0,INPX
2018-07-25,10.760000228881836,11.0,10.649999618530273,10.989999771118164,10.989999771118164,11900.0,INS
2018-07-25,6.550000190734862,6.699999809265138,6.3499999046325675,6.5999999046325675,6.5999999046325675,45000.0,INSE
2018-07-25,1.8999999761581419,1.950000047683716,1.8600000143051147,1.8899999856948853,1.8899999856948853,49500.0,INSG
2018-07-25,18.31999969482422,18.31999969482422,18.030000686645508,18.030000686645508,16.598939895629886,16100.0,INSI
2018-07-25,23.989999771118164,25.11000061035156,23.989999771118164,24.709999084472656,24.709999084472656,926000.0,INSM
2018-07-25,41.77000045776367,43.97000122070313,41.21799850463867,43.209999084472656,43.209999084472656,90500.0,INSP
2018-07-25,20.90999984741211,21.57999992370605,20.73500061035156,21.540000915527344,21.484865188598636,107800.0,INSW
2018-07-25,21.729999542236328,21.920000076293945,21.549999237060547,21.899999618530273,21.488773345947266,738400.0,INT
2018-07-25,52.209999084472656,52.45000076293945,51.09000015258789,52.43000030517578,50.27902603149414,19854800.0,INTC
2018-07-25,29.54999923706055,29.54999923706055,29.54999923706055,29.54999923706055,29.54999923706055,400.0,INTG
2018-07-25,54.88999938964844,55.27000045776367,54.209999084472656,54.6500015258789,54.6500015258789,30400.0,INTL
2018-07-25,7.25,7.550000190734862,7.25,7.3499999046325675,7.3499999046325675,36000.0,INTT
2018-07-25,216.0,217.5,215.42999267578125,217.25,214.66070556640625,1338700.0,INTU
2018-07-25,0.6800000071525574,0.6800000071525574,0.6800000071525574,0.6800000071525574,0.6800000071525574,19800.0,INUV
2018-07-25,13.960000038146973,14.380000114440918,13.81999969482422,13.9399995803833,13.9399995803833,933500.0,INVA
2018-07-25,4.849999904632568,4.920000076293945,4.8400001525878915,4.880000114440918,4.880000114440918,6900.0,INVE
2018-07-25,23.0,23.239999771118164,22.940000534057614,22.989999771118164,22.205808639526367,1165300.0,INVH
2018-07-25,8.439999580383299,8.5,8.170000076293945,8.180000305175781,8.180000305175781,124200.0,INWK
2018-07-25,24.899999618530273,25.54999923706055,24.79999923706055,25.5,25.5,101200.0,IO
2018-07-25,45.0,45.61000061035156,44.400001525878906,45.4900016784668,45.4900016784668,720800.0,IONS
2018-07-25,12.8100004196167,12.8100004196167,12.8100004196167,12.8100004196167,12.8100004196167,300.0,IOR
2018-07-25,78.94999694824219,79.44999694824219,77.9000015258789,79.4000015258789,78.02137756347656,98700.0,IOSP
2018-07-25,6.0,6.0999999046325675,5.8499999046325675,5.8499999046325675,5.8499999046325675,455300.0,IOTS
2018-07-25,13.800000190734865,14.649999618530273,13.600000381469727,14.100000381469727,14.100000381469727,689500.0,IOVA
2018-07-25,52.97999954223633,53.36999893188477,52.7400016784668,53.040000915527344,49.04671859741211,2764100.0,IP
2018-07-25,57.45000076293945,60.6500015258789,57.45000076293945,60.599998474121094,58.75928115844727,134300.0,IPAR
2018-07-25,3.2699999809265137,3.289999961853028,3.25,3.2799999713897705,3.2799999713897705,10200.0,IPDN
2018-07-25,22.040000915527344,22.53000068664551,21.86000061035156,22.399999618530273,20.823341369628906,7473100.0,IPG
2018-07-25,234.6100006103516,240.1999969482422,232.72000122070312,239.88999938964844,239.88999938964844,225800.0,IPGP
2018-07-25,34.68000030517578,35.81999969482422,32.02000045776367,33.419998168945305,33.419998168945305,1883800.0,IPHI
2018-07-25,4.0900001525878915,4.119999885559082,4.0300002098083505,4.110000133514403,4.110000133514403,440600.0,IPI
2018-07-25,25.04999923706055,25.1200008392334,25.0,25.11000061035156,22.98539161682129,6600.0,IPLDP
2018-07-25,9.800000190734863,9.899999618530273,9.300000190734863,9.510000228881836,9.510000228881836,5500.0,IPWR
2018-07-25,31.79999923706055,33.57899856567383,31.239999771118164,33.529998779296875,33.529998779296875,21659800.0,IQ
2018-07-25,11.960000038146973,11.960000038146973,11.920000076293945,11.93000030517578,10.946284294128418,62000.0,IQI
2018-07-25,119.5500030517578,125.3499984741211,118.97000122070312,125.23999786376952,125.23999786376952,3035000.0,IQV
2018-07-25,26.61000061035156,26.790000915527344,26.26000022888184,26.479999542236328,24.77464866638184,1570100.0,IR
2018-07-25,82.30000305175781,89.4800033569336,80.54000091552734,83.29000091552734,83.29000091552734,6639100.0,IRBT
2018-07-25,34.490001678466804,34.490001678466804,34.490001678466804,34.490001678466804,32.94841766357422,500.0,IRCP
2018-07-25,18.0,18.350000381469727,17.649999618530273,17.850000381469727,17.850000381469727,769200.0,IRDM
2018-07-25,53.5,55.29999923706055,53.5,54.599998474121094,50.88177490234375,71500.0,IRET
2018-07-25,7.389999866485597,7.389999866485597,7.199999809265138,7.199999809265138,7.199999809265138,1200.0,IRIX
2018-07-25,11.260000228881836,11.289999961853027,11.210000038146973,11.260000228881836,10.413952827453613,18100.0,IRL
2018-07-25,35.20000076293945,35.41999816894531,34.970001220703125,35.349998474121094,31.000457763671875,1193600.0,IRM
2018-07-25,22.200000762939453,22.75,22.200000762939453,22.399999618530273,22.399999618530273,12200.0,IRMD
2018-07-25,24.5,24.5,24.5,24.5,23.84736633300781,0.0,IROQ
2018-07-25,6.619999885559082,6.619999885559082,6.429999828338622,6.429999828338622,5.265064239501953,197500.0,IRR
2018-07-25,17.399999618530273,17.5,17.329999923706055,17.479999542236328,17.479999542236328,75000.0,IRS
2018-07-25,9.979999542236328,10.09000015258789,9.949999809265137,10.0,8.902475357055664,239300.0,IRT
2018-07-25,80.45999908447266,81.83000183105469,80.38999938964844,81.37999725341797,81.37999725341797,222100.0,IRTC
2018-07-25,16.39866065979004,16.541038513183597,15.963149070739744,16.04690170288086,16.04690170288086,1277600.0,IRWD
2018-07-25,12.710000038146973,12.710000038146973,12.390000343322756,12.399999618530273,11.640473365783693,2464200.0,ISBC
2018-07-25,14.010000228881836,14.020000457763672,14.0,14.020000457763672,12.249847412109375,89100.0,ISD
2018-07-25,19.75,19.75,19.75,19.75,19.75,0.0,ISDR
2018-07-25,2.539999961853028,2.559999942779541,2.5,2.515000104904175,2.515000104904175,176200.0,ISEE
2018-07-25,1.6000000238418581,1.6599999666213991,1.6000000238418581,1.6100000143051147,1.6100000143051147,11600.0,ISIG
2018-07-25,4.480000019073486,4.5,4.360000133514403,4.449999809265137,4.449999809265137,5300.0,ISNS
2018-07-25,0.5,0.5299999713897705,0.5,0.5199999809265137,0.5199999809265137,487900.0,ISR
2018-07-25,524.7999877929689,539.2999877929689,524.7999877929689,537.969970703125,537.969970703125,865500.0,ISRG
2018-07-25,2.970000028610229,2.990000009536743,2.970000028610229,2.990000009536743,2.990000009536743,3200.0,ISSC
2018-07-25,27.20000076293945,27.25,25.70000076293945,25.70000076293945,25.35817909240723,15400.0,ISTR
2018-07-25,137.66999816894528,139.64999389648438,137.55000305175778,139.55999755859378,139.55999755859378,346200.0,IT
2018-07-25,15.600000381469727,15.90999984741211,15.239999771118164,15.84000015258789,13.709338188171387,4700.0,ITCB
2018-07-25,21.459999084472656,22.21999931335449,21.459999084472656,22.170000076293945,22.170000076293945,326400.0,ITCI
2018-07-25,72.5999984741211,73.30000305175781,72.3499984741211,73.0,73.0,145600.0,ITGR
2018-07-25,5.099999904632568,5.099999904632568,4.900000095367432,4.940000057220459,4.940000057220459,81900.0,ITI
2018-07-25,184.1499938964844,186.8800048828125,182.5,185.8699951171875,164.25267028808594,15800.0,ITIC
2018-07-25,0.9700000286102296,0.9700000286102296,0.8500000238418579,0.9499999880790709,0.9499999880790709,55600.0,ITP
2018-07-25,60.04999923706055,61.29999923706055,59.81000137329102,60.75,60.75,152300.0,ITRI
2018-07-25,8.829999923706055,8.829999923706055,8.350000381469728,8.359999656677246,8.359999656677246,24100.0,ITRM
2018-07-25,33.049999237060554,34.84999847412109,33.0,34.650001525878906,32.724124908447266,78400.0,ITRN
2018-07-25,53.790000915527344,54.16999816894531,53.18999862670898,54.13000106811523,53.14331436157226,358700.0,ITT
2018-07-25,8.279999732971191,8.479999542236326,8.24666690826416,8.460000038146973,7.714790344238281,24795300.0,ITUB
2018-07-25,137.14999389648438,138.52999877929688,135.60000610351562,138.05999755859378,131.45188903808594,2648500.0,ITW
2018-07-25,4.789999961853027,4.800000190734863,4.599999904632568,4.599999904632568,4.599999904632568,131800.0,IVAC
2018-07-25,17.25,17.549999237060547,16.75,17.549999237060547,17.322532653808597,330000.0,IVC
2018-07-25,14.31999969482422,14.31999969482422,14.279999732971193,14.279999732971193,12.245253562927244,20300.0,IVH
2018-07-25,16.030000686645508,16.100000381469727,15.970000267028807,16.030000686645508,11.787249565124512,664600.0,IVR
2018-07-25,26.25,26.420000076293945,26.020000457763672,26.36000061035156,23.613121032714844,3315700.0,IVZ
2018-07-25,84.08999633789062,84.69999694824219,83.80999755859375,84.5,79.12708282470703,25300.0,IX
2018-07-25,1.6499999761581419,1.6499999761581419,1.5499999523162842,1.6000000238418581,1.6000000238418581,277300.0,IZEA
2018-07-25,66.88999938964844,67.15000152587889,65.66000366210939,67.09999847412111,66.11273193359375,992600.0,J
2018-07-25,84.26000213623047,84.9000015258789,82.76000213623047,82.9000015258789,80.10079956054688,456900.0,JACK
2018-07-25,79.0999984741211,80.5,74.19999694824219,75.5999984741211,75.5999984741211,1900.0,JAGX
2018-07-25,2.400000095367432,2.400000095367432,2.3499999046325684,2.400000095367432,2.400000095367432,44500.0,JAKK
2018-07-25,3.3499999046325684,3.3499999046325684,3.2999999523162837,3.3499999046325684,3.3499999046325684,9600.0,JAN
2018-07-25,11.050000190734863,11.050000190734863,10.699999809265137,10.75,10.75,30300.0,JAX
2018-07-25,173.72999572753906,176.3000030517578,173.2100067138672,176.22000122070312,176.22000122070312,294000.0,JAZZ
2018-07-25,35.83000183105469,36.2400016784668,35.70000076293945,35.79999923706055,34.352466583251946,381700.0,JBGS
2018-07-25,117.2699966430664,119.0999984741211,116.63999938964844,118.87999725341795,116.93094635009766,1144500.0,JBHT
2018-07-25,26.43000030517578,26.489999771118164,26.399999618530273,26.489999771118164,24.28100204467773,1900.0,JBK
2018-07-25,28.690000534057614,29.03000068664551,28.5,28.809999465942386,28.27719306945801,1119600.0,JBL
2018-07-25,17.860000610351562,17.8799991607666,17.149999618530273,17.219999313354492,17.219999313354492,13249200.0,JBLU
2018-07-25,11.949999809265135,12.329999923706055,11.789999961853027,12.260000228881836,8.610507011413574,50900.0,JBN
2018-07-25,11.899999618530273,12.260000228881836,11.800000190734865,11.960000038146973,8.466933250427246,26400.0,JBR
2018-07-25,76.68000030517578,77.5,76.41999816894531,77.5,70.92865753173828,59600.0,JBSS
2018-07-25,94.25,94.5,91.4800033569336,92.5500030517578,91.87186431884766,307800.0,JBT
2018-07-25,18.200000762939453,18.38999938964844,18.11000061035156,18.209999084472656,15.763347625732422,113600.0,JCAP
2018-07-25,15.1899995803833,15.31999969482422,15.130000114440918,15.3100004196167,13.425542831420898,35200.0,JCE
2018-07-25,35.36000061035156,35.709999084472656,35.11999893188477,35.459999084472656,33.745052337646484,4445800.0,JCI
2018-07-25,9.420000076293944,9.460000038146973,9.380000114440918,9.380000114440918,8.50679874420166,69500.0,JCO
2018-07-25,87.12999725341797,88.38999938964844,87.12999725341797,88.01000213623047,86.11968231201172,280200.0,JCOM
2018-07-25,2.4200000762939453,2.4200000762939453,2.359999895095825,2.4100000858306885,2.4100000858306885,14034600.0,JCP
2018-07-25,3.5999999046325684,3.7300000190734863,3.5999999046325684,3.7200000286102295,3.552313804626465,4500.0,JCS
2018-07-25,7.9000000953674325,7.9000000953674325,7.9000000953674325,7.9000000953674325,7.9000000953674325,1700.0,JCTCF
2018-07-25,35.58000183105469,37.11000061035156,35.380001068115234,36.91999816894531,36.91999816894531,17787700.0,JD
2018-07-25,11.18000030517578,11.270000457763672,11.170000076293944,11.25,9.659128189086914,83300.0,JDD
2018-07-25,3.759999990463257,3.7799999713897705,3.740000009536743,3.7799999713897705,3.3459298610687256,121600.0,JE
2018-07-25,21.61048698425293,21.64793968200684,21.0112361907959,21.385766983032227,20.42206573486328,1441800.0,JEF
2018-07-25,28.520000457763672,28.59000015258789,27.270000457763672,27.809999465942386,27.809999465942386,429000.0,JELD
2018-07-25,8.409999847412111,8.546999931335451,8.409999847412111,8.539999961853027,7.791793346405028,50200.0,JEMD
2018-07-25,8.600000381469728,8.630000114440918,8.600000381469728,8.630000114440918,7.581637859344482,4000.0,JEQ
2018-07-25,10.3100004196167,10.329999923706056,10.279999732971193,10.289999961853027,9.08189296722412,187500.0,JFR
2018-07-25,15.5,15.5,15.43000030517578,15.43000030517578,13.474705696105955,55400.0,JGH
2018-07-25,9.609999656677246,9.699999809265137,9.609999656677246,9.65999984741211,8.821199417114258,83800.0,JHB
2018-07-25,31.540000915527344,31.540000915527344,31.11000061035156,31.3700008392334,28.223695755004886,352100.0,JHG
2018-07-25,16.219999313354492,16.469999313354492,16.15999984741211,16.15999984741211,14.203424453735352,38100.0,JHI
2018-07-25,13.449999809265135,13.449999809265135,13.399999618530273,13.40999984741211,12.304394721984865,14800.0,JHS
2018-07-25,16.440000534057614,16.600000381469727,16.329999923706055,16.559999465942386,15.992106437683105,22700.0,JHX
2018-07-25,9.970000267028807,9.989999771118164,9.90999984741211,9.93000030517578,9.317938804626463,24000.0,JHY
2018-07-25,6.910159587860107,7.027707576751709,6.8186397552490225,6.952141284942628,5.620392799377441,331000.0,JILL
2018-07-25,47.6500015258789,47.72000122070313,47.6349983215332,47.72000122070313,47.72000122070313,700.0,JJA
2018-07-25,43.88999938964844,43.88999938964844,43.88999938964844,43.88999938964844,43.88999938964844,600.0,JJC
2018-07-25,53.27999877929688,53.27999877929688,53.27999877929688,53.27999877929688,53.27999877929688,0.0,JJE
2018-07-25,49.0,49.459999084472656,48.98500061035156,49.45000076293945,49.45000076293945,13700.0,JJG
2018-07-25,46.11999893188477,46.11999893188477,46.11999893188477,46.11999893188477,46.11999893188477,0.0,JJM
2018-07-25,55.29999923706055,55.47999954223633,55.29999923706055,55.47999954223633,55.47999954223633,1500.0,JJN
2018-07-25,45.47000122070313,45.47000122070313,45.47000122070313,45.47000122070313,45.47000122070313,0.0,JJP
2018-07-25,43.86999893188477,43.86999893188477,43.86999893188477,43.86999893188477,43.86999893188477,0.0,JJS
2018-07-25,154.44000244140625,154.44000244140625,152.3699951171875,153.99000549316406,150.54637145996094,26000.0,JJSF
2018-07-25,49.2400016784668,49.2400016784668,49.2400016784668,49.2400016784668,49.2400016784668,1000.0,JJT
2018-07-25,47.93000030517578,48.0099983215332,47.93000030517578,48.0099983215332,48.0099983215332,1200.0,JJU
2018-07-25,138.17999267578122,138.75999450683594,137.44999694824222,138.36000061035156,135.75160217285156,383300.0,JKHY
2018-07-25,13.850000381469727,14.300000190734865,13.720000267028807,14.260000228881836,14.260000228881836,456300.0,JKS
2018-07-25,168.4499969482422,169.47000122070312,167.1199951171875,169.19000244140625,167.5071258544922,227400.0,JLL
2018-07-25,23.540000915527344,23.60000038146973,23.51000022888184,23.51000022888184,20.65179443359375,14300.0,JLS
2018-07-25,21.0,21.799999237060547,20.5,21.799999237060547,21.799999237060547,169900.0,JMEI
2018-07-25,10.6899995803833,10.890000343322754,10.6899995803833,10.890000343322754,9.255946159362793,130100.0,JMF
2018-07-25,8.010000228881836,8.109999656677246,8.010000228881836,8.090000152587889,6.778602123260497,43200.0,JMLP
2018-07-25,7.0,7.0,6.96999979019165,6.989999771118164,6.430088996887207,5300.0,JMM
2018-07-25,5.400000095367432,5.400000095367432,5.309999942779541,5.349999904632568,4.9331092834472665,11200.0,JMP
2018-07-25,7.360000133514403,7.385000228881836,7.1500000953674325,7.309999942779541,7.309999942779541,293700.0,JNCE
2018-07-25,129.13999938964844,129.22999572753906,127.6500015258789,128.6199951171875,122.69684600830078,6523000.0,JNJ
2018-07-25,27.940000534057614,28.239999771118164,27.899999618530273,28.20000076293945,26.77176094055176,2896900.0,JNPR
2018-07-25,43.349998474121094,43.349998474121094,42.75,43.02999877929688,43.02999877929688,9000.0,JO
2018-07-25,2.630000114440918,2.740000009536743,2.400000095367432,2.4600000381469727,2.4600000381469727,18700.0,JOB
2018-07-25,92.58000183105469,95.98999786376952,92.12999725341795,95.2300033569336,95.2300033569336,321900.0,JOBS
2018-07-25,17.899999618530273,18.049999237060547,17.520000457763672,17.549999237060547,17.549999237060547,315800.0,JOE
2018-07-25,11.449999809265135,11.520000457763672,11.4399995803833,11.5,8.859735488891602,28200.0,JOF
2018-07-25,82.04000091552734,82.19000244140625,79.18000030517578,80.80000305175781,79.77413940429688,29500.0,JOUT
2018-07-25,17.850000381469727,18.479999542236328,17.639999389648438,18.290000915527344,18.290000915527344,95600.0,JP
2018-07-25,9.31999969482422,9.359999656677246,9.31999969482422,9.350000381469727,8.23127269744873,278100.0,JPC
2018-07-25,23.28000068664551,23.40999984741211,23.270000457763672,23.309999465942386,20.74644088745117,50200.0,JPI
2018-07-25,113.87999725341795,115.5199966430664,113.37999725341795,115.18000030517578,110.20850372314452,13329100.0,JPM
2018-07-25,8.850000381469727,8.880000114440918,8.84000015258789,8.869999885559082,7.8536033630371085,459900.0,JPS
2018-07-25,23.1299991607666,23.290000915527344,23.1299991607666,23.18000030517578,20.95570182800293,21100.0,JPT
2018-07-25,7.869999885559082,7.880000114440918,7.8499999046325675,7.869999885559082,6.2853617668151855,662900.0,JQC
2018-07-25,16.270000457763672,16.399999618530273,16.270000457763672,16.389999389648438,14.341209411621096,112700.0,JRI
2018-07-25,19.399999618530273,20.0,19.299999237060547,19.5,19.5,400.0,JRJC
2018-07-25,10.3100004196167,10.3100004196167,10.279999732971193,10.300000190734863,9.080641746520996,103800.0,JRO
2018-07-25,9.829999923706056,9.93000030517578,9.829999923706056,9.90999984741211,8.64579963684082,83400.0,JRS
2018-07-25,6.190000057220459,6.190000057220459,6.039999961853027,6.039999961853027,5.7838006019592285,6500.0,JRSH
2018-07-25,40.61999893188477,41.099998474121094,40.4900016784668,41.0,39.23725891113281,111800.0,JRVR
2018-07-25,16.770000457763672,16.799999237060547,16.629999160766598,16.670000076293945,14.63751983642578,216700.0,JSD
2018-07-25,22.06999969482422,22.440000534057614,22.020000457763672,22.3799991607666,19.424922943115234,13800.0,JSM
2018-07-25,5.400000095367432,5.550000190734863,5.400000095367432,5.5,5.5,59700.0,JT
2018-07-25,13.5,13.550000190734865,13.470000267028807,13.529999732971193,11.577272415161133,26400.0,JTA
2018-07-25,17.309999465942386,17.40999984741211,17.219999313354492,17.309999465942386,15.05413818359375,34200.0,JTD
2018-07-25,5.400000095367432,5.5,5.28000020980835,5.5,5.5,55300.0,JVA
2018-07-25,52.790000915527344,53.43000030517578,52.66999816894531,53.40999984741211,49.88103485107422,1430600.0,JWN
2018-07-25,7.934999942779541,8.119999885559082,7.934999942779541,8.109999656677246,8.109999656677246,11700.0,JYNT
2018-07-25,70.19999694824219,70.9000015258789,70.18000030517578,70.8499984741211,66.40918731689453,2754700.0,K
2018-07-25,96.9000015258789,98.0500030517578,96.4000015258789,97.8000030517578,96.35916137695312,18800.0,KAI
2018-07-25,12.65999984741211,13.135000228881836,12.585000038146973,12.989999771118164,12.989999771118164,136100.0,KALA
2018-07-25,111.12000274658205,113.80999755859376,110.0,111.4499969482422,107.4526596069336,219400.0,KALU
2018-07-25,8.298000335693361,8.357000350952147,8.071999549865723,8.100000381469728,8.100000381469728,18600.0,KALV
2018-07-25,66.55999755859375,66.73999786376953,65.90000152587889,66.19999694824219,64.58634185791016,179200.0,KAMN
2018-07-25,22.308856964111328,22.31642723083496,21.998485565185547,22.229372024536133,20.141094207763672,3572700.0,KAR
2018-07-25,48.33000183105469,48.56000137329102,47.7599983215332,48.5,46.60745239257813,199400.0,KB
2018-07-25,16.100000381469727,16.229999542236328,15.960000038146973,16.049999237060547,15.436053276062012,80400.0,KBAL
2018-07-25,24.85000038146973,24.85000038146973,23.45000076293945,23.809999465942386,23.50805282592773,3397800.0,KBH
2018-07-25,9.9399995803833,9.9399995803833,9.9399995803833,9.9399995803833,9.9399995803833,0.0,KBLM
2018-07-25,10.449999809265137,10.449999809265137,10.449999809265137,10.449999809265137,10.449999809265137,0.0,KBLMU
2018-07-25,18.46999931335449,18.63999938964844,18.200000762939453,18.61000061035156,18.092369079589844,1156000.0,KBR
2018-07-25,4.989999771118164,5.039999961853027,4.949999809265137,4.96999979019165,4.96999979019165,18600.0,KBSF
2018-07-25,3.359999895095825,3.4300000667572017,3.3399999141693115,3.390000104904175,3.390000104904175,718900.0,KDMN
2018-07-25,24.63999938964844,24.729999542236328,24.32999992370605,24.32999992370605,23.25263595581055,4131500.0,KDP
2018-07-25,19.75,19.899999618530273,19.600000381469727,19.75,19.75,32900.0,KE
2018-07-25,23.3799991607666,23.75,23.36000061035156,23.75,23.221986770629886,88100.0,KELYA
2018-07-25,23.0,23.0,23.0,23.0,22.47972297668457,0.0,KELYB
2018-07-25,28.09000015258789,28.36000061035156,25.31999969482422,27.440000534057614,27.14875221252441,3645700.0,KEM
2018-07-25,15.5,16.0,15.5,15.699999809265135,12.563952445983887,1000.0,KEN
2018-07-25,14.600000381469727,14.729999542236328,14.600000381469727,14.699999809265135,14.699999809265135,900800.0,KEP
2018-07-25,33.049999237060554,33.049999237060554,33.049999237060554,33.049999237060554,31.676408767700195,0.0,KEQU
2018-07-25,9.84000015258789,10.0,9.84000015258789,10.0,10.0,1100.0,KERN
2018-07-25,87.25,87.9000015258789,85.55000305175781,85.69999694824219,85.69999694824219,582300.0,KEX
2018-07-25,20.8700008392334,21.030000686645508,20.690000534057614,20.86000061035156,19.445039749145508,10291900.0,KEY
2018-07-25,59.209999084472656,59.93000030517578,59.16999816894531,59.63000106811523,59.63000106811523,913200.0,KEYS
2018-07-25,36.70000076293945,36.91999816894531,36.70000076293945,36.91999816894531,30.93771743774414,1000.0,KF
2018-07-25,8.260000228881836,8.260000228881836,8.260000228881836,8.260000228881836,7.54681921005249,0.0,KFFB
2018-07-25,36.0,36.75,35.95000076293945,36.5,35.18017578125,506300.0,KFRC
2018-07-25,3.0999999046325684,3.150000095367432,3.0999999046325684,3.0999999046325684,3.0999999046325684,3400.0,KFS
2018-07-25,65.65000152587889,66.87000274658203,65.65000152587889,66.40000152587889,65.20219421386719,332600.0,KFY
2018-07-25,3.6800000667572017,3.7000000476837163,3.5999999046325684,3.6800000667572017,3.6800000667572017,6019600.0,KGC
2018-07-25,1.2599999904632568,1.2599999904632568,1.2400000095367432,1.2599999904632568,1.2599999904632568,4000.0,KGJI
2018-07-25,59.709999084472656,60.15999984741211,58.93999862670898,59.84000015258789,54.4884147644043,3713900.0,KHC
2018-07-25,27.61000061035156,28.29999923706055,26.09000015258789,27.90999984741211,27.90999984741211,28700.0,KIDS
2018-07-25,16.719999313354492,16.809999465942386,16.559999465942386,16.700000762939453,14.771848678588867,3771800.0,KIM
2018-07-25,13.100000381469727,13.199999809265135,12.949999809265135,13.149999618530273,13.149999618530273,124800.0,KIN
2018-07-25,16.25,16.350000381469727,16.104999542236328,16.299999237060547,15.459549903869627,12700.0,KINS
2018-07-25,16.760000228881836,16.790000915527347,16.700000762939453,16.75,14.277798652648926,64000.0,KIO
2018-07-25,0.4900000095367432,0.5099999904632568,0.4699999988079071,0.5,0.5,11100.0,KIQ
2018-07-25,11.350000381469727,11.350000381469727,11.029999732971193,11.260000228881836,11.260000228881836,104500.0,KIRK
2018-07-25,27.479999542236328,27.86000061035156,27.440000534057614,27.739999771118164,26.788928985595703,7802000.0,KKR
2018-07-25,21.90999984741211,22.43000030517578,21.90999984741211,22.200000762939453,21.94779396057129,411000.0,KL
2018-07-25,103.9499969482422,104.5199966430664,101.41999816894531,104.44000244140624,99.96029663085938,1563700.0,KLAC
2018-07-25,26.440000534057614,26.5,25.770000457763672,26.420000076293945,25.44485282897949,788400.0,KLIC
2018-07-25,9.777000427246094,9.777000427246094,9.777000427246094,9.777000427246094,9.777000427246094,0.0,KLR
2018-07-25,106.06999969482422,106.83000183105469,105.4800033569336,106.36000061035156,100.5477066040039,2457300.0,KMB
2018-07-25,5.6500000953674325,5.75,5.6500000953674325,5.75,5.75,6700.0,KMDA
2018-07-25,12.93000030517578,13.15999984741211,12.880000114440918,13.119999885559082,11.20970058441162,45800.0,KMF
2018-07-25,17.520000457763672,17.940000534057614,17.40999984741211,17.899999618530273,16.46950912475586,14261000.0,KMI
2018-07-25,4.150000095367432,4.300000190734863,4.050000190734863,4.150000095367432,4.150000095367432,113300.0,KMPH
2018-07-25,74.05000305175781,74.5,72.72000122070312,74.1500015258789,72.44544982910156,280200.0,KMPR
2018-07-25,36.31999969482422,36.38999938964844,35.31999969482422,36.2400016784668,34.807296752929695,3840200.0,KMT
2018-07-25,74.33000183105469,75.29000091552734,74.11000061035156,75.19999694824219,75.19999694824219,1105600.0,KMX
2018-07-25,16.389999389648438,17.780000686645508,16.389999389648438,17.770000457763672,17.770000457763672,3594200.0,KN
2018-07-25,4.25,4.25,4.099999904632568,4.150000095367432,4.150000095367432,116300.0,KNDI
2018-07-25,21.75,21.899999618530273,21.489999771118164,21.63999938964844,20.40818214416504,146600.0,KNL
2018-07-25,22.149999618530273,22.450000762939453,22.149999618530273,22.399999618530273,18.676326751708984,43800.0,KNOP
2018-07-25,15.529999732971193,16.09000015258789,15.43000030517578,15.43000030517578,15.43000030517578,41200.0,KNSA
2018-07-25,58.16999816894531,58.88000106811523,57.474998474121094,58.72999954223633,58.33327102661133,41600.0,KNSL
2018-07-25,35.540000915527344,35.900001525878906,34.810001373291016,35.810001373291016,35.33462905883789,4187200.0,KNX
2018-07-25,46.0,46.58000183105469,45.75,46.09000015258789,43.5680046081543,21330600.0,KO
2018-07-25,3.5,3.5,3.2000000476837163,3.2999999523162837,3.2999999523162837,456400.0,KODK
2018-07-25,62.18000030517578,63.83000183105469,62.18000030517578,63.540000915527344,60.70566177368164,112800.0,KOF
2018-07-25,37.650001525878906,37.650001525878906,36.900001525878906,37.25,37.25,113700.0,KOP
2018-07-25,3.059999942779541,3.109999895095825,3.009999990463257,3.0799999237060547,3.0799999237060547,212500.0,KOPN
2018-07-25,7.739999771118164,7.940000057220459,7.6599998474121085,7.920000076293945,7.560577392578125,1811100.0,KOS
2018-07-25,2.5699999332427983,2.700000047683716,2.559999942779541,2.650000095367432,2.650000095367432,8300.0,KOSS
2018-07-25,18.200000762939453,18.649999618530273,17.219999313354492,17.329999923706055,17.329999923706055,467500.0,KPTI
2018-07-25,28.040000915527344,28.31999969482422,27.76000022888184,28.28000068664551,27.224706649780273,10265500.0,KR
2018-07-25,46.15999984741211,46.54999923706055,44.97999954223633,46.41999816894531,46.41999816894531,171200.0,KRA
2018-07-25,73.77999877929688,74.45999908447266,73.31999969482422,73.44000244140625,70.11118316650389,357200.0,KRC
2018-07-25,20.559999465942386,20.68000030517578,20.51000022888184,20.65999984741211,17.650936126708984,61100.0,KREF
2018-07-25,16.559999465942386,16.850000381469727,16.559999465942386,16.709999084472653,14.355416297912598,581700.0,KRG
2018-07-25,18.799999237060547,19.049999237060547,18.600000381469727,18.799999237060547,18.799999237060547,92400.0,KRNT
2018-07-25,13.850000381469727,13.899999618530273,13.449999809265135,13.550000190734865,12.964375495910645,453700.0,KRNY
2018-07-25,22.09000015258789,22.21999931335449,21.68000030517578,22.13999938964844,20.101131439208984,254000.0,KRO
2018-07-25,22.1299991607666,22.899999618530273,22.1299991607666,22.790000915527344,19.22967529296875,13800.0,KRP
2018-07-25,17.899999618530273,18.420000076293945,17.110000610351562,17.299999237060547,17.299999237060547,27100.0,KRYS
2018-07-25,10.890000343322754,10.949999809265137,10.890000343322754,10.899999618530273,10.018838882446287,32500.0,KSM
2018-07-25,72.73999786376953,74.0999984741211,72.58999633789062,73.87000274658203,66.574462890625,1394800.0,KSS
2018-07-25,110.30999755859376,113.23999786376952,110.26000213623048,113.08999633789062,110.7333984375,979500.0,KSU
2018-07-25,13.050000190734865,13.229999542236328,13.050000190734865,13.149999618530273,13.149999618530273,1292600.0,KT
2018-07-25,7.769999980926514,7.869999885559082,7.769999980926514,7.8499999046325675,7.8499999046325675,2900.0,KTCC
2018-07-25,11.029999732971193,11.0600004196167,11.020000457763672,11.029999732971193,10.178911209106444,76400.0,KTF
2018-07-25,32.61999893188477,32.61999893188477,32.61999893188477,32.61999893188477,29.665082931518555,0.0,KTH
2018-07-25,30.709999084472656,30.709999084472656,30.709999084472656,30.709999084472656,27.81503295898437,0.0,KTN
2018-07-25,12.640000343322756,12.81999969482422,12.520000457763672,12.789999961853027,12.789999961853027,681100.0,KTOS
2018-07-25,2.0,2.0699999332427983,2.0,2.049999952316284,2.049999952316284,77300.0,KTOV
2018-07-25,13.149999618530273,13.449999809265135,13.149999618530273,13.4399995803833,9.484415054321287,8100.0,KTP
2018-07-25,19.75,20.104000091552734,19.549999237060547,19.799999237060547,19.799999237060547,271700.0,KURA
2018-07-25,12.550000190734865,12.600000381469727,11.699999809265135,12.050000190734865,12.050000190734865,45200.0,KVHI
2018-07-25,21.0,21.100000381469727,20.899999618530273,20.899999618530273,19.35613441467285,659800.0,KW
2018-07-25,160.35000610351562,160.58999633789062,157.1300048828125,160.58999633789062,158.59861755371094,30000.0,KWR
2018-07-25,9.949999809265137,10.06999969482422,9.949999809265137,10.029999732971193,10.029999732971193,16600.0,KXIN
2018-07-25,18.559999465942386,18.96999931335449,18.559999465942386,18.950000762939453,15.771446228027346,180700.0,KYN
2018-07-25,3.4300000667572017,3.5799999237060547,3.4100000858306885,3.5499999523162837,3.5499999523162837,18500.0,KZIA
2018-07-25,16.059999465942386,16.540000915527347,15.380000114440918,16.0,16.0,141900.0,KZR
2018-07-25,50.02999877929688,50.11999893188477,49.61000061035156,49.88000106811523,49.44405746459961,1167500.0,L
2018-07-25,4.5,4.559999942779541,4.25,4.2899999618530265,4.2899999618530265,345500.0,LAC
2018-07-25,9.699999809265137,9.699999809265137,9.699999809265137,9.699999809265137,9.699999809265137,900.0,LACQ
2018-07-25,10.1899995803833,10.199999809265137,10.1899995803833,10.199999809265137,10.199999809265137,76000.0,LACQU
2018-07-25,84.94000244140625,84.94000244140625,78.8499984741211,84.63999938964844,82.96212768554688,2494000.0,LAD
2018-07-25,15.9399995803833,16.010000228881836,15.890000343322756,15.9399995803833,13.855889320373535,827200.0,LADR
2018-07-25,13.399999618530273,13.649999618530273,13.399999618530273,13.600000381469727,13.600000381469727,5400.0,LAKE
2018-07-25,71.5199966430664,72.41000366210938,71.37999725341797,71.7300033569336,65.55189514160156,384000.0,LAMR
2018-07-25,141.8000030517578,142.14999389648438,137.97000122070312,142.13999938964844,138.00735473632812,73000.0,LANC
2018-07-25,11.609999656677244,11.729999542236328,11.600000381469727,11.649999618530273,10.830886840820312,64000.0,LAND
2018-07-25,25.3700008392334,25.3700008392334,25.3700008392334,25.3700008392334,22.848358154296875,300.0,LANDP
2018-07-25,26.31292533874512,26.31292533874512,26.31292533874512,26.31292533874512,24.824478149414066,300.0,LARK
2018-07-25,38.36999893188477,39.20000076293945,36.59000015258789,36.900001525878906,36.900001525878906,200600.0,LASR
2018-07-25,15.0,15.220000267028807,14.850000381469727,15.0600004196167,15.0600004196167,288500.0,LAUR
2018-07-25,23.75,24.399999618530273,23.5,23.5,23.5,9100.0,LAWS
2018-07-25,53.31999969482422,53.31999969482422,51.4000015258789,52.52999877929688,48.53301620483398,783900.0,LAZ
2018-07-25,8.949999809265137,8.949999809265137,8.770000457763674,8.800000190734863,8.800000190734863,35200.0,LAZY
2018-07-25,31.07999992370605,31.309999465942386,30.420000076293945,31.020000457763672,27.77534294128418,4848000.0,LB
2018-07-25,20.549999237060547,20.549999237060547,20.299999237060547,20.299999237060547,19.295217514038086,81300.0,LBAI
2018-07-25,11.300000190734865,11.380000114440918,11.0600004196167,11.09000015258789,10.668977737426758,60000.0,LBC
2018-07-25,75.58999633789062,75.58999633789062,72.80000305175781,73.44999694824219,73.44999694824219,200600.0,LBRDA
2018-07-25,75.7699966430664,75.86000061035156,73.52999877929688,74.19000244140625,74.19000244140625,505000.0,LBRDK
2018-07-25,17.180000305175778,17.385000228881836,16.319999694824222,16.610000610351562,16.045455932617188,840900.0,LBRT
2018-07-25,28.0,28.15999984741211,27.3700008392334,27.43000030517578,27.43000030517578,659100.0,LBTYA
2018-07-25,28.04999923706055,28.04999923706055,28.04999923706055,28.04999923706055,28.04999923706055,0.0,LBTYB
2018-07-25,27.01000022888184,27.10000038146973,26.32999992370605,26.3799991607666,26.3799991607666,1724900.0,LBTYK
2018-07-25,7.21999979019165,7.21999979019165,6.699999809265138,6.809999942779541,6.809999942779541,219000.0,LBY
2018-07-25,21.75,21.950000762939453,20.975000381469727,21.350000381469727,21.350000381469727,577300.0,LC
2018-07-25,11.050000190734863,11.050000190734863,11.050000190734863,11.050000190734863,11.050000190734863,489.0,LCAHU
2018-07-25,12.300000190734865,12.75,12.199999809265135,12.399999618530273,12.399999618530273,447600.0,LCI
2018-07-25,90.25,90.3000030517578,84.9000015258789,87.6500015258789,83.32913970947266,317900.0,LCII
2018-07-25,18.739999771118164,18.850000381469727,18.61000061035156,18.75,17.47817039489746,6900.0,LCNB
2018-07-25,2.490000009536743,2.5799999237060547,2.400000095367432,2.450000047683716,2.450000047683716,929700.0,LCTX
2018-07-25,12.75,12.949999809265135,12.75,12.800000190734865,12.381673812866213,16300.0,LCUT
2018-07-25,51.02000045776367,51.02000045776367,51.02000045776367,51.02000045776367,51.02000045776367,0.0,LD
2018-07-25,44.54999923706055,44.599998474121094,44.20000076293945,44.5,44.5,79400.0,LDL
2018-07-25,63.15999984741211,63.91999816894531,62.91999816894531,63.75,61.81784439086914,1072500.0,LDOS
2018-07-25,25.18000030517578,25.209999084472656,25.10000038146973,25.1200008392334,22.07354164123535,65700.0,LDP
2018-07-25,25.149999618530273,26.20000076293945,25.149999618530273,26.149999618530273,26.149999618530273,125200.0,LE
2018-07-25,174.9499969482422,182.3800048828125,170.5399932861328,181.63999938964844,174.487548828125,1888800.0,LEA
2018-07-25,11.550000190734865,11.899999618530273,11.5,11.5,11.5,22600.0,LEAF
2018-07-25,90.94000244140624,92.3000030517578,90.56999969482422,92.08999633789062,88.53530883789062,413300.0,LECO
2018-07-25,3.849999904632568,3.849999904632568,3.5499999523162837,3.630000114440918,3.630000114440918,159800.0,LEDS
2018-07-25,3.0999999046325684,3.2000000476837163,3.0999999046325684,3.150000095367432,3.150000095367432,376400.0,LEE
2018-07-25,44.36000061035156,44.88000106811523,44.27999877929688,44.68000030517578,41.78791046142578,1239300.0,LEG
2018-07-25,1.75,1.7599999904632568,1.7300000190734863,1.75,1.75,55900.0,LEJU
2018-07-25,52.02999877929688,52.38999938964844,50.540000915527344,51.349998474121094,51.04205322265625,4684000.0,LEN
2018-07-25,7.699999809265138,7.730000019073486,7.679999828338622,7.690000057220459,7.04709529876709,113400.0,LEO
2018-07-25,3.1700000762939453,3.3399999141693115,3.1700000762939453,3.1700000762939453,3.1700000762939453,12800.0,LEU
2018-07-25,27.84000015258789,27.92499923706055,27.38500022888184,27.54999923706055,27.22565650939941,41700.0,LEVL
2018-07-25,9.630000114440918,9.630000114440918,9.630000114440918,9.630000114440918,9.630000114440918,0.0,LFAC
2018-07-25,10.149999618530273,10.149999618530273,10.149999618530273,10.149999618530273,10.149999618530273,0.0,LFACU
2018-07-25,12.859999656677244,12.989999771118164,12.8100004196167,12.979999542236328,12.844148635864258,361400.0,LFC
2018-07-25,223.5200042724609,225.97000122070312,220.58999633789062,223.3600006103516,219.4999847412109,121900.0,LFUS
2018-07-25,10.100000381469727,10.489999771118164,9.56999969482422,9.770000457763672,9.770000457763672,262200.0,LFVN
2018-07-25,9.619999885559082,9.619999885559082,9.619999885559082,9.619999885559082,9.619999885559082,1700.0,LGC
2018-07-25,18.309999465942386,18.3799991607666,18.309999465942386,18.31999969482422,14.79835605621338,31800.0,LGI
2018-07-25,57.209999084472656,57.79999923706055,53.43000030517578,54.4900016784668,54.4900016784668,579200.0,LGIH
2018-07-25,5.320000171661377,5.320000171661377,5.239999771118164,5.300000190734863,5.300000190734863,4000.0,LGL
2018-07-25,230.00999450683597,230.8800048828125,228.5399932861328,230.4600067138672,230.4600067138672,207900.0,LGND
2018-07-25,184.47999572753903,184.47999572753903,174.6999969482422,179.66000366210938,179.66000366210938,2066500.0,LH
2018-07-25,9.68000030517578,9.68000030517578,9.68000030517578,9.68000030517578,9.68000030517578,0.0,LHC
2018-07-25,87.63999938964844,88.86000061035156,87.63999938964844,88.44000244140625,88.44000244140625,151500.0,LHCG
2018-07-25,150.47999572753906,151.5800018310547,148.75,151.36000061035156,147.08282470703125,513000.0,LHX
2018-07-25,12.55799961090088,12.586000442504885,11.913999557495115,12.053999900817873,12.053999900817873,14200.0,LIFE
2018-07-25,208.19000244140625,208.92999267578125,201.58999633789062,205.3300018310547,200.9354705810547,577300.0,LII
2018-07-25,18.6200008392334,18.959999084472656,18.309999465942386,18.8799991607666,18.8799991607666,226600.0,LILA
2018-07-25,18.75,19.040000915527344,18.350000381469727,19.020000457763672,19.020000457763672,778100.0,LILAK
2018-07-25,164.8300018310547,166.0,162.9600067138672,165.80999755859375,160.28195190429688,1562100.0,LIN
2018-07-25,1.6799999475479126,1.7599999904632568,1.6399999856948853,1.7599999904632568,1.7599999904632568,14700.0,LINC
2018-07-25,13.420000076293945,13.479999542236328,13.130000114440918,13.399999618530273,13.399999618530273,218900.0,LIND
2018-07-25,3.400000095367432,3.4800000190734863,3.359999895095825,3.400000095367432,3.400000095367432,61200.0,LIQT
2018-07-25,1.8899999856948853,1.9099999666213991,1.8500000238418581,1.8899999856948853,1.8899999856948853,11100.0,LITB
2018-07-25,53.099998474121094,53.849998474121094,52.5,53.54999923706055,53.54999923706055,1001600.0,LITE
2018-07-25,12.84000015258789,12.899999618530273,12.760000228881836,12.850000381469727,12.850000381469727,1800.0,LIVE
2018-07-25,108.08000183105469,111.79000091552734,108.08000183105469,111.7300033569336,111.7300033569336,440900.0,LIVN
2018-07-25,5.360000133514403,5.550000190734863,5.114999771118164,5.480000019073486,5.480000019073486,30400.0,LIVX
2018-07-25,33.5,34.209999084472656,31.90999984741211,33.900001525878906,33.900001525878906,456300.0,LJPC
2018-07-25,50.0,50.36000061035156,48.599998474121094,49.54999923706055,47.70315170288086,119100.0,LKFN
2018-07-25,33.689998626708984,33.84999847412109,32.939998626708984,33.700000762939446,33.700000762939446,3942200.0,LKQ
2018-07-25,25.21999931335449,25.29999923706055,24.53000068664551,24.95000076293945,24.95000076293945,447200.0,LL
2018-07-25,5.349999904632568,5.369999885559082,5.150000095367432,5.329999923706055,5.329999923706055,168800.0,LLEX
2018-07-25,1.7799999713897705,1.9299999475479128,1.7799999713897705,1.919999957084656,1.919999957084656,8600.0,LLIT
2018-07-25,4.679999828338623,4.869999885559082,4.6599998474121085,4.809999942779541,4.809999942779541,701600.0,LLNW
2018-07-25,93.16000366210938,96.6500015258789,93.02999877929688,96.43000030517578,92.83271026611328,8476800.0,LLY
2018-07-25,33.93000030517578,35.45000076293945,33.15999984741211,33.900001525878906,31.367046356201172,1443000.0,LM
2018-07-25,36.27000045776367,37.36000061035156,36.2400016784668,37.36000061035156,36.662696838378906,180600.0,LMAT
2018-07-25,11.1899995803833,11.1899995803833,11.1899995803833,11.1899995803833,11.1899995803833,0.0,LMB
2018-07-25,4.199999809265137,4.199999809265137,3.7000000476837163,3.7000000476837163,3.7000000476837163,6600.0,LMFA
2018-07-25,26.53000068664551,26.569000244140625,26.43000030517578,26.43000030517578,23.772130966186523,4200.0,LMHA
2018-07-25,24.59000015258789,24.59000015258789,24.459999084472656,24.51000022888184,22.228450775146484,52300.0,LMHB
2018-07-25,597.5999755859375,597.5999755859375,574.2000122070312,577.9000244140625,577.9000244140625,47.0,LMNL
2018-07-25,24.85000038146973,25.209999084472656,24.63999938964844,24.920000076293945,24.39191055297852,162200.0,LMNR
2018-07-25,33.549999237060554,34.200000762939446,33.509998321533196,34.169998168945305,33.454452514648445,235500.0,LMNX
2018-07-25,13.821000099182127,13.975000381469727,13.800000190734865,13.925000190734865,11.825843811035154,65600.0,LMRK
2018-07-25,23.63999938964844,23.63999938964844,23.63999938964844,23.63999938964844,20.83401298522949,300.0,LMRKN
2018-07-25,24.86000061035156,24.86000061035156,24.86000061035156,24.86000061035156,21.63498306274414,300.0,LMRKO
2018-07-25,24.51000022888184,24.67300033569336,24.51000022888184,24.67300033569336,21.332260131835934,800.0,LMRKP
2018-07-25,16.600000381469727,16.600000381469727,16.600000381469727,16.600000381469727,16.600000381469727,0.0,LMST
2018-07-25,323.04998779296875,324.9700012207031,316.6700134277344,324.3599853515625,310.0027770996094,2104600.0,LMT
2018-07-25,42.97999954223633,44.93999862670898,42.97999954223633,44.22000122070313,44.22000122070313,144900.0,LN
2018-07-25,65.73000335693361,66.09999847412111,64.91000366210939,66.0,63.61609649658203,2439300.0,LNC
2018-07-25,3.7999999523162837,3.7999999523162837,3.7999999523162837,3.7999999523162837,3.41199254989624,6700.0,LND
2018-07-25,14.5,14.5,14.199999809265135,14.350000381469727,14.350000381469727,26900.0,LNDC
2018-07-25,62.43000030517578,64.47000122070311,62.41999816894531,64.34999847412111,64.34999847412111,2105700.0,LNG
2018-07-25,92.29000091552734,93.05999755859376,89.81999969482422,90.79000091552734,88.6266098022461,130900.0,LNN
2018-07-25,42.15999984741211,42.43000030517578,41.9900016784668,42.11999893188477,39.99586868286133,1079900.0,LNT
2018-07-25,13.899999618530273,14.199999809265135,13.25,13.300000190734865,13.300000190734865,399400.0,LNTH
2018-07-25,6.880000114440918,6.949999809265138,6.8499999046325675,6.949999809265138,6.200062274932861,42900.0,LOAN
2018-07-25,32.09999847412109,32.200000762939446,31.774999618530273,31.85000038146973,31.49092102050781,142500.0,LOB
2018-07-25,11.699999809265135,11.800000190734865,11.5,11.699999809265135,11.699999809265135,213100.0,LOCO
2018-07-25,1.100000023841858,1.100000023841858,1.0499999523162842,1.100000023841858,1.100000023841858,38300.0,LODE
2018-07-25,46.72000122070313,46.9900016784668,46.5,46.959999084472656,46.26593017578125,418300.0,LOGI
2018-07-25,107.0,108.5500030517578,106.6500015258789,108.3000030517578,105.69951629638672,866500.0,LOGM
2018-07-25,10.350000381469727,11.029999732971193,10.350000381469727,10.93000030517578,10.93000030517578,288500.0,LOMA
2018-07-25,9.630000114440918,9.869999885559082,9.329999923706056,9.4399995803833,9.4399995803833,175400.0,LONE
2018-07-25,9.449999809265137,10.779999732971193,9.3100004196167,9.31999969482422,9.31999969482422,42200.0,LOOP
2018-07-25,117.06999969482422,119.62000274658205,116.75,119.36000061035156,119.36000061035156,320600.0,LOPE
2018-07-25,38.150001525878906,38.150001525878906,37.150001525878906,37.599998474121094,37.599998474121094,28900.0,LORL
2018-07-25,12.300000190734865,12.300000190734865,11.550000190734865,11.609999656677244,11.609999656677244,16400.0,LOV
2018-07-25,20.729999542236328,20.81399917602539,20.1200008392334,20.5,20.5,18500.0,LOVE
2018-07-25,99.88999938964844,100.05999755859376,97.83999633789062,99.0199966430664,96.18913269042969,4288700.0,LOW
2018-07-25,1.3799999952316284,1.4099999666213991,1.3609999418258667,1.4099999666213991,1.4099999666213991,42800.0,LPCN
2018-07-25,8.060000419616701,8.159999847412111,7.989999771118164,8.090000152587889,8.090000152587889,74800.0,LPG
2018-07-25,9.529999732971193,9.649999618530273,9.479999542236328,9.5600004196167,9.5600004196167,2946900.0,LPI
2018-07-25,9.06999969482422,9.300000190734863,8.890000343322754,9.170000076293944,9.170000076293944,2143800.0,LPL
2018-07-25,68.66999816894531,69.15000152587889,68.0,68.98999786376953,67.28367614746094,526800.0,LPLA
2018-07-25,23.60000038146973,24.649999618530273,23.399999618530273,24.45000076293945,24.45000076293945,623700.0,LPSN
2018-07-25,2.4600000381469727,2.5699999332427983,2.4600000381469727,2.5699999332427983,2.5699999332427983,119100.0,LPTH
2018-07-25,8.128000259399414,8.729999542236326,7.9000000953674325,8.079999923706055,8.079999923706055,52200.0,LPTX
2018-07-25,26.420000076293945,26.57999992370605,25.979999542236328,26.32999992370605,25.40944862365723,1860600.0,LPX
2018-07-25,7.0999999046325675,7.1500000953674325,7.0,7.050000190734862,7.050000190734862,29900.0,LQDT
2018-07-25,173.49000549316406,174.3800048828125,170.44000244140625,172.8000030517578,165.8647003173828,2232300.0,LRCX
2018-07-25,16.549999237060547,16.690000534057614,16.440000534057614,16.569999694824222,16.569999694824222,59700.0,LRN
2018-07-25,17.200000762939453,17.200000762939453,17.200000762939453,17.200000762939453,16.329181671142578,0.0,LSBK
2018-07-25,6.800000190734862,6.860000133514403,6.6599998474121085,6.8499999046325675,6.8499999046325675,690500.0,LSCC
2018-07-25,94.68000030517578,96.13999938964844,94.68000030517578,95.7699966430664,90.03407287597656,381700.0,LSI
2018-07-25,106.8499984741211,109.3000030517578,105.9499969482422,109.0,105.92711639404295,406700.0,LSTR
2018-07-25,46.7400016784668,47.94300079345703,46.7400016784668,47.79999923706055,47.79999923706055,646700.0,LSXMA
2018-07-25,48.58000183105469,48.58000183105469,48.58000183105469,48.58000183105469,48.58000183105469,100.0,LSXMB
2018-07-25,46.790000915527344,47.96799850463867,46.790000915527344,47.7599983215332,47.7599983215332,645200.0,LSXMK
2018-07-25,11.279999732971193,11.279999732971193,10.920000076293944,11.279999732971193,11.279999732971193,34100.0,LTBR
2018-07-25,40.95000076293945,41.63000106811523,40.83000183105469,41.459999084472656,38.09055709838867,161000.0,LTC
2018-07-25,11.050000190734863,11.710000038146973,11.020000457763672,11.670000076293945,11.56249713897705,555100.0,LTM
2018-07-25,17.399999618530273,17.899999618530273,17.25,17.850000381469727,17.850000381469727,308800.0,LTRPA
2018-07-25,17.850000381469727,17.850000381469727,17.850000381469727,17.850000381469727,17.850000381469727,0.0,LTRPB
2018-07-25,2.619999885559082,2.619999885559082,2.5199999809265137,2.5899999141693115,2.5899999141693115,33100.0,LTRX
2018-07-25,2.440000057220459,2.5299999713897705,2.4200000762939453,2.509999990463257,2.509999990463257,11100.0,LUB
2018-07-25,123.66000366210938,125.48999786376952,122.94000244140624,125.02999877929688,125.02999877929688,1326200.0,LULU
2018-07-25,3.490000009536743,3.5199999809265137,3.359999895095825,3.4600000381469727,3.4600000381469727,52900.0,LUNA
2018-07-25,52.0,52.61999893188477,51.65999984741211,52.290000915527344,51.10364532470703,5445700.0,LUV
2018-07-25,75.0999984741211,75.72000122070312,74.80000305175781,75.12000274658203,68.20669555664061,3544600.0,LVS
2018-07-25,68.62999725341797,71.31500244140625,68.09999847412111,70.41000366210938,69.09342956542969,1789700.0,LW
2018-07-25,3.690000057220459,3.75,3.5499999523162837,3.75,3.75,13000.0,LWAY
2018-07-25,12.0,12.6899995803833,12.0,12.670000076293945,12.670000076293945,626700.0,LX
2018-07-25,18.959999084472656,19.229999542236328,18.75,19.21999931335449,18.50688934326172,76500.0,LXFR
2018-07-25,8.590000152587889,8.670000076293945,8.590000152587889,8.649999618530272,7.8482666015625,842900.0,LXP
2018-07-25,12.649999618530273,13.050000190734865,12.56999969482422,12.880000114440918,12.880000114440918,609600.0,LXRX
2018-07-25,7.559999942779541,7.869999885559082,7.510000228881836,7.690000057220459,7.690000057220459,287300.0,LXU
2018-07-25,108.25,109.61000061035156,107.56999969482422,109.41999816894531,100.50666809082031,1408400.0,LYB
2018-07-25,3.2999999523162837,3.3399999141693115,3.2799999713897705,3.3299999237060547,3.09330415725708,2676100.0,LYG
2018-07-25,3.0699999332427983,3.1800000667572017,2.8199999332427983,2.8199999332427983,2.8199999332427983,8800.0,LYL
2018-07-25,5.0,5.0900001525878915,4.860000133514403,4.9099998474121085,4.538384914398193,110600.0,LYTS
2018-07-25,51.63999938964844,52.43999862670898,51.18999862670898,52.40999984741211,52.40999984741211,1168200.0,LYV
2018-07-25,31.60000038146973,31.79999923706055,31.0,31.29999923706055,30.38306999206543,394600.0,LZB
2018-07-25,39.33000183105469,40.18999862670898,39.18000030517578,40.16999816894531,34.845993041992195,7471200.0,M
2018-07-25,210.0,214.27999877929688,209.6499938964844,214.16000366210938,212.44509887695312,4967900.0,MA
2018-07-25,97.87000274658205,99.16999816894531,97.79000091552734,98.5199966430664,93.62549591064452,461600.0,MAA
2018-07-25,57.209999084472656,57.7599983215332,57.0099983215332,57.68999862670898,49.82734680175781,856800.0,MAC
2018-07-25,4.004720687866212,4.0676631927490225,3.981117248535156,4.020456314086913,2.603999137878418,99600.0,MACK
2018-07-25,9.550000190734863,9.779999732971193,9.550000190734863,9.6899995803833,9.6899995803833,151800.0,MAG
2018-07-25,5.070000171661377,5.170000076293945,5.070000171661377,5.170000076293945,5.170000076293945,11800.0,MAGS
2018-07-25,39.25,39.5,39.18000030517578,39.5,34.95065689086914,112600.0,MAIN
2018-07-25,90.38999938964844,92.97000122070312,90.22000122070312,92.9000015258789,89.55944061279297,1337900.0,MAN
2018-07-25,49.66999816894531,52.0,47.63000106811523,48.04999923706055,48.04999923706055,1653800.0,MANH
2018-07-25,58.72000122070313,59.13999938964844,57.88999938964844,58.95000076293945,57.26301956176758,142200.0,MANT
2018-07-25,21.100000381469727,21.299999237060547,21.100000381469727,21.200000762939453,20.892559051513672,2900.0,MANU
2018-07-25,129.0,131.72999572753906,127.20999908447266,131.5,128.24850463867188,2718500.0,MAR
2018-07-25,5.360000133514403,5.480000019073486,4.920000076293945,5.0,5.0,701100.0,MARA
2018-07-25,3.7000000476837163,3.759999990463257,3.4500000476837163,3.490000009536743,3.490000009536743,246400.0,MARK
2018-07-25,3.900000095367432,3.900000095367432,3.900000095367432,3.900000095367432,3.1765761375427246,0.0,MARPS
2018-07-25,38.27999877929688,38.33000183105469,37.36999893188477,37.88000106811523,37.15049362182617,5010200.0,MAS
2018-07-25,99.25,100.4499969482422,99.25,100.1999969482422,100.1999969482422,342600.0,MASI
2018-07-25,16.40999984741211,16.709999084472653,16.149999618530273,16.290000915527347,16.290000915527347,4920200.0,MAT
2018-07-25,56.54999923706055,56.6500015258789,55.45000076293945,56.1500015258789,54.18679809570313,296200.0,MATW
2018-07-25,35.720001220703125,36.02999877929688,35.459999084472656,35.79999923706055,34.41094207763672,278800.0,MATX
2018-07-25,10.949999809265137,10.949999809265137,10.9399995803833,10.9399995803833,10.095179557800293,12800.0,MAV
2018-07-25,53.02000045776367,53.02000045776367,51.81000137329102,52.6500015258789,50.34056854248047,323800.0,MAXR
2018-07-25,40.45000076293945,40.45000076293945,40.099998474121094,40.099998474121094,40.099998474121094,700.0,MAYS
2018-07-25,24.125,25.04999923706055,24.125,24.625,23.2706241607666,6000.0,MBCN
2018-07-25,9.609999656677246,9.699999809265137,9.539999961853027,9.609999656677246,9.609999656677246,918900.0,MBI
2018-07-25,1.8999999761581419,1.919999957084656,1.8500000238418581,1.870000004768372,1.870000004768372,219900.0,MBII
2018-07-25,28.31999969482422,28.709999084472656,28.149999618530273,28.559999465942386,27.83808898925781,45100.0,MBIN
2018-07-25,7.119999885559082,7.429999828338622,7.119999885559082,7.369999885559082,7.369999885559082,48300.0,MBIO
2018-07-25,9.149999618530273,9.449999809265137,9.0,9.300000190734863,9.300000190734863,11200.0,MBOT
2018-07-25,1.75,1.7599999904632568,1.7300000190734863,1.7300000190734863,1.7300000190734863,70500.0,MBRX
2018-07-25,8.729999542236326,8.770000457763674,8.670000076293945,8.739999771118164,7.478790760040282,2283800.0,MBT
2018-07-25,39.060001373291016,39.33000183105469,37.900001525878906,37.95000076293945,37.95000076293945,143800.0,MBUU
2018-07-25,36.790000915527344,37.560001373291016,36.43999862670898,36.77000045776367,33.830345153808594,18800.0,MBWM
2018-07-25,63.79999923706055,64.05000305175781,62.375,63.70000076293945,58.00983810424805,291400.0,MC
2018-07-25,13.350000381469727,13.399999618530273,13.350000381469727,13.369999885559082,12.436744689941404,148700.0,MCA
2018-07-25,50.66999816894531,50.66999816894531,46.959999084472656,49.5,49.5,141200.0,MCB
2018-07-25,12.449999809265135,12.449999809265135,12.25,12.369999885559082,11.81748867034912,16600.0,MCBC
2018-07-25,14.0,14.0,14.0,14.0,12.8250093460083,0.0,MCBS
2018-07-25,3.4500000476837163,3.470000028610229,3.4200000762939453,3.440000057220459,2.783441066741944,106900.0,MCC
2018-07-25,157.69000244140625,158.99000549316406,157.41000366210938,158.88999938964844,152.2852020263672,4193400.0,MCD
2018-07-25,1.75,1.7799999713897705,1.6599999666213991,1.7000000476837158,1.7000000476837158,27800.0,MCEP
2018-07-25,5.8499999046325675,5.9000000953674325,5.679999828338622,5.78000020980835,5.78000020980835,149600.0,MCF
2018-07-25,26.239999771118164,26.239999771118164,24.20000076293945,25.56999969482422,25.56999969482422,304900.0,MCFT
2018-07-25,92.93000030517578,93.77999877929688,90.83999633789062,92.93000030517578,90.25792694091795,2818800.0,MCHP
2018-07-25,3.0,3.109999895095825,2.990000009536743,3.059999942779541,3.059999942779541,38600.0,MCHX
2018-07-25,15.229999542236328,15.31999969482422,15.199999809265135,15.3100004196167,13.401348114013672,11100.0,MCI
2018-07-25,132.30999755859378,133.52000427246094,130.88999938964844,133.35000610351562,130.59684753417972,2167100.0,MCK
2018-07-25,7.670000076293945,7.710000038146973,7.639999866485597,7.710000038146973,6.344542980194093,42500.0,MCN
2018-07-25,185.5399932861328,187.1100006103516,185.0200042724609,187.0200042724609,183.7285919189453,657300.0,MCO
2018-07-25,7.820000171661378,7.829999923706055,7.75,7.769999980926514,6.69796895980835,220800.0,MCR
2018-07-25,7.78000020980835,7.980000019073486,7.699999809265138,7.940000057220459,7.940000057220459,81900.0,MCRB
2018-07-25,49.02000045776367,49.63000106811523,46.2599983215332,47.52000045776367,47.52000045776367,125900.0,MCRI
2018-07-25,32.84999847412109,32.950000762939446,32.380001068115234,32.650001525878906,31.63112068176269,56600.0,MCS
2018-07-25,24.79999923706055,24.79999923706055,24.6200008392334,24.6200008392334,22.009906768798828,3900.0,MCV
2018-07-25,25.10000038146973,25.10000038146973,24.95000076293945,24.96999931335449,22.634653091430664,11500.0,MCX
2018-07-25,44.900001525878906,44.959999084472656,43.63000106811523,44.02000045776367,40.40144729614258,292200.0,MCY
2018-07-25,43.11000061035156,43.650001525878906,42.61000061035156,43.400001525878906,43.400001525878906,540000.0,MD
2018-07-25,58.5099983215332,61.0,58.5099983215332,60.56000137329102,60.56000137329102,896300.0,MDB
2018-07-25,30.07999992370605,30.10000038146973,28.85000038146973,29.18000030517578,27.40079116821289,511300.0,MDC
2018-07-25,5.150000095367432,5.300000190734863,4.949999809265137,4.949999809265137,4.949999809265137,308900.0,MDCA
2018-07-25,273.51998901367193,276.8099975585937,268.69000244140625,275.8800048828125,275.8800048828125,130700.0,MDGL
2018-07-25,3.4300000667572017,3.470000028610229,3.2999999523162837,3.359999895095825,3.359999895095825,219500.0,MDGS
2018-07-25,24.899999618530273,24.899999618530273,24.85000038146973,24.899999618530273,21.71071434020996,800.0,MDLQ
2018-07-25,24.37400054931641,24.45000076293945,24.336000442504886,24.45000076293945,21.074928283691406,2200.0,MDLX
2018-07-25,3.650000095367432,3.7999999523162837,3.650000095367432,3.650000095367432,3.186927318572998,10700.0,MDLY
2018-07-25,41.0,41.7599983215332,41.0,41.5,39.91977310180664,9949500.0,MDLZ
2018-07-25,50.95000076293945,52.29999923706055,50.6500015258789,51.9000015258789,47.297523498535156,328800.0,MDP
2018-07-25,12.149999618530273,12.220000267028807,12.039999961853027,12.100000381469727,12.100000381469727,1504000.0,MDRX
2018-07-25,88.6500015258789,89.94999694824219,88.6500015258789,89.7300033569336,86.41158294677734,3438100.0,MDT
2018-07-25,29.040000915527344,29.040000915527344,28.61000061035156,28.709999084472656,27.23886108398437,886400.0,MDU
2018-07-25,6.1500000953674325,6.550000190734862,6.0999999046325675,6.199999809265138,6.199999809265138,43200.0,MDWD
2018-07-25,173.5399932861328,182.82000732421875,173.5399932861328,177.33999633789062,167.82102966308594,219200.0,MED
2018-07-25,48.59000015258789,49.47000122070313,48.4900016784668,49.40999984741211,49.40999984741211,204800.0,MEDP
2018-07-25,4.2100000381469735,4.389999866485597,4.190000057220459,4.3400001525878915,4.3400001525878915,954400.0,MEET
2018-07-25,38.70000076293945,38.900001525878906,37.70000076293945,38.29999923706055,37.46637344360352,209200.0,MEI
2018-07-25,3.440000057220459,3.4600000381469727,3.2000000476837163,3.390000104904175,3.390000104904175,527000.0,MEIP
2018-07-25,355.989990234375,366.55999755859375,351.8699951171875,364.989990234375,364.989990234375,504100.0,MELI
2018-07-25,10.479999542236328,10.510000228881836,10.470000267028807,10.5,9.681915283203123,45500.0,MEN
2018-07-25,69.84999847412111,71.5,68.65000152587889,70.05000305175781,65.45966339111328,1047400.0,MEOH
2018-07-25,17.0,17.25,16.600000381469727,16.75,15.476208686828613,195100.0,MERC
2018-07-25,6.889999866485597,6.889999866485597,6.4099998474121085,6.71999979019165,6.71999979019165,80000.0,MESO
2018-07-25,44.84000015258789,44.93999862670898,44.060001373291016,44.72000122070313,41.91064453125,4339200.0,MET
2018-07-25,6.550000190734862,6.630000114440918,6.429999828338622,6.5999999046325675,6.5999999046325675,23400.0,METC
2018-07-25,7.789999961853027,7.8499999046325675,7.789999961853027,7.809999942779541,5.913772106170653,2163700.0,MFA
2018-07-25,18.309999465942386,18.350000381469727,18.09000015258789,18.32999992370605,16.622514724731445,1555500.0,MFC
2018-07-25,11.0,11.0,10.920000076293944,10.989999771118164,9.214709281921387,8200.0,MFD
2018-07-25,3.5,3.5199999809265137,3.490000009536743,3.509999990463257,3.294330596923828,245000.0,MFG
2018-07-25,16.90999984741211,17.139999389648438,16.729999542236328,17.120000839233402,12.202278137207033,1888300.0,MFGP
2018-07-25,2.200000047683716,2.309999942779541,2.1099998950958248,2.299999952316284,2.299999952316284,16500.0,MFH
2018-07-25,5.260000228881836,5.369999885559082,5.230000019073486,5.269999980926514,5.269999980926514,36600.0,MFIN
2018-07-25,25.149999618530273,25.149999618530273,25.149999618530273,25.149999618530273,21.97365379333496,200.0,MFINL
2018-07-25,12.920000076293945,12.920000076293945,12.829999923706055,12.859999656677244,11.887301445007324,81500.0,MFL
2018-07-25,6.820000171661378,6.820000171661378,6.769999980926514,6.78000020980835,6.238284587860107,49000.0,MFM
2018-07-25,16.700000762939453,17.0,16.299999237060547,16.299999237060547,15.524314880371096,19800.0,MFNC
2018-07-25,26.020000457763672,26.020000457763672,25.70000076293945,25.70000076293945,22.88982963562012,8500.0,MFO
2018-07-25,37.70000076293945,38.25,37.29999923706055,37.900001525878906,36.32144546508789,6600.0,MFSF
2018-07-25,12.93000030517578,13.0,12.93000030517578,12.960000038146973,11.926828384399414,10800.0,MFT
2018-07-25,5.380000114440918,5.46999979019165,5.380000114440918,5.420000076293945,4.61531400680542,39100.0,MFV
2018-07-25,21.100000381469727,21.100000381469727,20.809999465942386,21.0,21.0,53200.0,MG
2018-07-25,58.36999893188477,59.04999923706055,55.9000015258789,58.77000045776367,55.49445343017578,3938100.0,MGA
2018-07-25,62.75,63.25,62.0,62.4000015258789,60.28895568847656,93000.0,MGEE
2018-07-25,6.789999961853027,6.929999828338622,6.6500000953674325,6.679999828338622,6.679999828338622,71200.0,MGEN
2018-07-25,4.460000038146973,4.46999979019165,4.449999809265137,4.46999979019165,3.934478282928467,60600.0,MGF
2018-07-25,6.489999771118164,6.619999885559082,6.440000057220459,6.619999885559082,6.619999885559082,315900.0,MGI
2018-07-25,8.399999618530272,8.699999809265138,8.399999618530272,8.649999618530272,8.355234146118164,11600.0,MGIC
2018-07-25,91.0999984741211,92.3499984741211,90.9499969482422,91.25,91.25,270800.0,MGLN
2018-07-25,31.20000076293945,31.54999923706055,30.82999992370605,31.520000457763672,30.44718170166016,8191800.0,MGM
2018-07-25,21.63999938964844,22.229999542236328,20.600000381469727,20.76000022888184,20.76000022888184,280600.0,MGNX
2018-07-25,30.729999542236328,30.88999938964844,30.559999465942386,30.690000534057614,27.37141036987305,266800.0,MGP
2018-07-25,90.23999786376952,91.1999969482422,89.6500015258789,90.73999786376952,89.52597045898438,131000.0,MGPI
2018-07-25,61.459999084472656,62.06999969482422,61.02000045776367,61.58000183105469,59.39877700805664,93600.0,MGRC
2018-07-25,14.210000038146973,14.470000267028807,13.6899995803833,13.970000267028807,13.970000267028807,44600.0,MGTA
2018-07-25,9.29699993133545,9.489999771118164,7.980999946594237,8.300000190734862,8.300000190734862,152500.0,MGTX
2018-07-25,22.85000038146973,22.959999084472656,22.790000915527344,22.940000534057614,19.795639038085934,23400.0,MGU
2018-07-25,12.989999771118164,13.0,12.68000030517578,12.760000228881836,12.760000228881836,1386900.0,MGY
2018-07-25,12.850000381469727,12.850000381469727,12.760000228881836,12.760000228881836,12.760000228881836,1200.0,MGYR
2018-07-25,15.59000015258789,15.649999618530273,15.56999969482422,15.649999618530273,14.360099792480467,14000.0,MHD
2018-07-25,12.640000343322756,12.640000343322756,12.640000343322756,12.640000343322756,11.827098846435547,300.0,MHE
2018-07-25,7.210000038146973,7.230000019073486,7.199999809265138,7.210000038146973,6.727041721343994,15900.0,MHF
2018-07-25,8.75,10.135000228881836,8.675000190734862,10.135000228881836,10.135000228881836,205000.0,MHH
2018-07-25,11.539999961853027,11.539999961853027,11.4399995803833,11.489999771118164,10.55009937286377,48900.0,MHI
2018-07-25,219.7899932861328,220.3300018310547,214.55999755859372,217.3699951171875,217.3699951171875,1982500.0,MHK
2018-07-25,21.68000030517578,21.850000381469727,21.290000915527344,21.81999969482422,19.91433334350586,11700.0,MHLA
2018-07-25,8.300000190734862,8.350000381469728,8.199999809265138,8.300000190734862,8.156896591186522,140700.0,MHLD
2018-07-25,12.479999542236328,12.510000228881836,12.479999542236328,12.510000228881836,11.671634674072266,41700.0,MHN
2018-07-25,23.489999771118164,23.76000022888184,23.479999542236328,23.76000022888184,20.25799369812012,16200.0,MHNC
2018-07-25,27.84000015258789,27.86000061035156,24.8700008392334,25.84000015258789,25.84000015258789,465800.0,MHO
2018-07-25,44.7400016784668,45.040000915527344,44.33000183105469,44.95000076293945,37.9545783996582,781200.0,MIC
2018-07-25,3.3399999141693115,3.390000104904175,3.130000114440918,3.3399999141693115,3.3399999141693115,27400.0,MICR
2018-07-25,1.4900000095367432,1.5,1.4199999570846558,1.440000057220459,1.440000057220459,55900.0,MICT
2018-07-25,100.37999725341795,100.93000030517578,98.8499984741211,100.0999984741211,100.0999984741211,505600.0,MIDD
2018-07-25,10.479999542236328,10.68000030517578,10.460000038146973,10.68000030517578,8.891220092773438,68400.0,MIE
2018-07-25,20.190000534057614,20.459999084472656,20.01000022888184,20.440000534057614,20.440000534057614,1199300.0,MIK
2018-07-25,40.02000045776367,41.25,40.02000045776367,41.099998474121094,41.099998474121094,175800.0,MIME
2018-07-25,3.829999923706055,3.829999923706055,3.7999999523162837,3.809999942779541,3.2707762718200684,148400.0,MIN
2018-07-25,3.690000057220459,3.9600000381469727,3.690000057220459,3.9600000381469727,3.9600000381469727,6900.0,MIND
2018-07-25,23.5,23.60000038146973,23.5,23.55100059509277,20.45513153076172,3800.0,MINDP
2018-07-25,46.599998474121094,47.0,45.70000076293945,45.79999923706055,43.52051162719727,278800.0,MINI
2018-07-25,9.399999618530273,9.5,9.3100004196167,9.449999809265137,9.449999809265137,145600.0,MITK
2018-07-25,19.18000030517578,19.21999931335449,19.06999969482422,19.1299991607666,16.033441543579098,78400.0,MITT
2018-07-25,17.069999694824222,17.520000457763672,17.049999237060547,17.309999465942386,16.822135925292972,96800.0,MIXT
2018-07-25,12.949999809265135,12.960000038146973,12.90999984741211,12.949999809265135,12.008091926574707,39900.0,MIY
2018-07-25,7.2119998931884775,7.239999771118164,7.210000038146973,7.210000038146973,7.210000038146973,1000.0,MJCO
2018-07-25,116.9800033569336,117.83999633789062,116.3499984741211,117.68000030517578,115.09423828125,794500.0,MKC
2018-07-25,3.109999895095825,3.4200000762939453,3.0299999713897705,3.375,3.375,12900.0,MKGI
2018-07-25,1138.4000244140625,1150.0,1132.9000244140625,1147.0,1147.0,13900.0,MKL
2018-07-25,94.1500015258789,95.5999984741211,88.25,90.05000305175781,88.60404968261719,1973100.0,MKSI
2018-07-25,200.0500030517578,210.52999877929688,200.0500030517578,202.91000366210938,200.2953643798828,643500.0,MKTX
2018-07-25,206.17999267578125,206.17999267578125,199.5800018310547,202.05999755859372,201.0696258544922,28300.0,MLAB
2018-07-25,25.5,26.1200008392334,25.040000915527344,25.95000076293945,24.61236572265625,6912400.0,MLCO
2018-07-25,38.400001525878906,38.45000076293945,37.849998474121094,37.95000076293945,36.57672882080078,245000.0,MLHR
2018-07-25,32.09999847412109,32.540000915527344,31.51000022888184,32.15999984741211,31.3049373626709,326500.0,MLI
2018-07-25,223.30999755859372,224.91000366210938,218.1300048828125,222.9499969482422,219.36688232421875,953300.0,MLM
2018-07-25,13.5,13.770000457763672,13.350000381469727,13.425000190734865,13.425000190734865,1600.0,MLND
2018-07-25,82.25,83.55000305175781,81.5999984741211,83.4000015258789,83.4000015258789,329100.0,MLNX
2018-07-25,12.649999618530273,12.699999809265135,12.5,12.5,12.5,12000.0,MLP
2018-07-25,23.70000076293945,23.70000076293945,23.70000076293945,23.70000076293945,21.2457332611084,0.0,MLPB
2018-07-25,14.880000114440918,15.0,14.880000114440918,15.0,12.654919624328613,1300.0,MLPC
2018-07-25,22.03700065612793,22.03700065612793,22.03700065612793,22.03700065612793,19.602985382080078,0.0,MLPE
2018-07-25,24.270000457763672,24.32999992370605,24.270000457763672,24.32999992370605,21.667266845703125,1500.0,MLPG
2018-07-25,23.3799991607666,23.8700008392334,23.31999969482422,23.8700008392334,21.406869888305664,258500.0,MLPI
2018-07-25,14.329999923706055,14.329999923706055,14.329999923706055,14.329999923706055,12.883121490478516,0.0,MLPO
2018-07-25,6.6599998474121085,6.699999809265138,6.6599998474121085,6.699999809265138,5.932713031768799,1300.0,MLPY
2018-07-25,25.35000038146973,25.5,25.10000038146973,25.29999923706055,24.25352478027344,11400.0,MLR
2018-07-25,0.8500000238418579,0.8500000238418579,0.8500000238418579,0.8500000238418579,0.8500000238418579,0.0,MLSS
2018-07-25,25.0,25.0,24.54999923706055,24.54999923706055,24.54999923706055,1400.0,MLVF
2018-07-25,25.85000038146973,25.95000076293945,25.75,25.899999618530273,25.899999618530273,5300.0,MMAC
2018-07-25,86.7300033569336,87.73999786376953,86.44000244140625,87.58999633789062,85.19513702392578,3274900.0,MMC
2018-07-25,19.63999938964844,19.690000534057614,19.56999969482422,19.56999969482422,17.994964599609375,30800.0,MMD
2018-07-25,40.5,40.65999984741211,40.15999984741211,40.61999893188477,40.61999893188477,201000.0,MMI
2018-07-25,13.75,14.199999809265135,13.75,13.899999618530273,10.704363822937012,285300.0,MMLP
2018-07-25,200.6300048828125,204.4900054931641,200.5200042724609,204.3800048828125,193.3188781738281,3345200.0,MMM
2018-07-25,69.93000030517578,71.33000183105469,69.93000030517578,71.18000030517578,63.666969299316406,1002200.0,MMP
2018-07-25,64.80000305175781,64.80000305175781,64.31999969482422,64.41999816894531,62.99977111816406,191700.0,MMS
2018-07-25,56.29999923706055,57.29999923706055,54.6500015258789,55.29999923706055,55.29999923706055,557100.0,MMSI
2018-07-25,5.599999904632568,5.599999904632568,5.570000171661377,5.570000171661377,4.805527210235597,179900.0,MMT
2018-07-25,12.729999542236328,12.800000190734865,12.720000267028807,12.779999732971193,11.766549110412598,111300.0,MMU
2018-07-25,35.049999237060554,35.45000076293945,34.650001525878906,35.0,35.0,389200.0,MMYT
2018-07-25,3.0999999046325684,3.150000095367432,3.0,3.0,2.692138671875,60600.0,MN
2018-07-25,2.1300001144409184,2.150000095367432,2.0899999141693115,2.1199998855590816,1.6679410934448242,7300.0,MNDO
2018-07-25,12.640000343322756,12.68000030517578,12.579999923706055,12.630000114440918,11.876205444335938,5900.0,MNE
2018-07-25,22.26000022888184,22.76000022888184,22.21999931335449,22.739999771118164,22.739999771118164,1805500.0,MNK
2018-07-25,1.5800000429153442,1.6200000047683716,1.559999942779541,1.5900000333786009,1.5900000333786009,570300.0,MNKD
2018-07-25,7.800000190734862,8.560000419616701,7.800000190734862,8.510000228881836,8.510000228881836,225600.0,MNLO
2018-07-25,9.020000457763672,9.40999984741211,9.020000457763672,9.31999969482422,9.31999969482422,33800.0,MNOV
2018-07-25,14.119999885559082,14.15999984741211,14.119999885559082,14.15999984741211,13.120028495788574,15300.0,MNP
2018-07-25,16.459999084472653,16.649999618530273,16.459999084472653,16.620000839233402,15.31391429901123,150700.0,MNR
2018-07-25,66.94999694824219,67.75,65.47000122070311,67.25,65.86962890625,494400.0,MNRO
2018-07-25,20.700000762939453,21.149999618530273,20.700000762939453,21.0,21.0,6700.0,MNSB
2018-07-25,61.13000106811523,62.27999877929688,61.02000045776367,62.11999893188477,62.11999893188477,2050600.0,MNST
2018-07-25,30.79999923706055,32.200000762939446,30.68000030517578,31.20000076293945,31.20000076293945,731300.0,MNTA
2018-07-25,12.279999732971193,12.31999969482422,11.949999809265135,12.260000228881836,12.260000228881836,40200.0,MNTX
2018-07-25,58.04999923706055,58.43999862670898,57.52999877929688,57.849998474121094,51.2293701171875,8150900.0,MO
2018-07-25,5.0,5.050000190734863,4.925000190734863,4.974999904632568,4.974999904632568,378700.0,MOBL
2018-07-25,17.100000381469727,17.25,16.430000305175778,16.950000762939453,16.950000762939453,217700.0,MOD
2018-07-25,19.850000381469727,20.270000457763672,19.850000381469727,20.149999618530273,20.149999618530273,214300.0,MODN
2018-07-25,33.15999984741211,33.59000015258789,32.700000762939446,32.86999893188477,31.37730407714844,11900.0,MOFG
2018-07-25,3.470000028610229,3.5,3.255000114440918,3.5,3.5,15500.0,MOGO
2018-07-25,106.29000091552734,106.88999938964844,104.5,106.37999725341795,106.37999725341795,983100.0,MOH
2018-07-25,42.38000106811523,43.540000915527344,41.52999877929688,43.16999816894531,42.51188659667969,6168900.0,MOMO
2018-07-25,35.349998474121094,35.65999984741211,35.040000915527344,35.65999984741211,35.65999984741211,59000.0,MOR
2018-07-25,138.16999816894528,139.72999572753906,137.74000549316406,139.72000122070312,137.95692443847656,62600.0,MORN
2018-07-25,29.04999923706055,29.45000076293945,28.60000038146973,29.35000038146973,28.94997215270996,4125100.0,MOS
2018-07-25,38.0,43.400001525878906,38.0,42.79999923706055,42.79999923706055,67900.0,MOSY
2018-07-25,7.5900001525878915,7.769999980926514,7.505000114440918,7.610000133514403,7.610000133514403,14800.0,MOTS
2018-07-25,49.0,50.45000076293945,49.0,49.95000076293945,47.83174133300781,190500.0,MOV
2018-07-25,9.050000190734863,9.225000381469727,8.850000381469727,8.850000381469727,8.850000381469727,4800.0,MOXC
2018-07-25,13.369999885559082,13.40999984741211,13.34000015258789,13.34000015258789,12.382638931274414,26000.0,MPA
2018-07-25,20.979999542236328,20.979999542236328,20.229999542236328,20.770000457763672,20.770000457763672,115200.0,MPAA
2018-07-25,33.5,33.900001525878906,33.25,33.5,32.179203033447266,8300.0,MPB
2018-07-25,73.86000061035156,74.86000061035156,73.36000061035156,74.72000122070312,70.29989624023439,5236300.0,MPC
2018-07-25,35.06999969482422,35.95000076293945,34.889999389648445,35.779998779296875,30.71794319152832,1779900.0,MPLX
2018-07-25,14.6899995803833,14.699999809265135,14.529999732971193,14.579999923706055,12.9097900390625,9200.0,MPV
2018-07-25,14.149999618530273,14.25,14.130000114440918,14.18000030517578,12.85923671722412,1231800.0,MPW
2018-07-25,137.80000305175778,138.83999633789062,133.38999938964844,135.49000549316406,132.95195007324222,594900.0,MPWR
2018-07-25,21.01000022888184,23.190000534057614,17.399999618530273,17.729999542236328,16.845796585083008,109300.0,MPX
2018-07-25,12.020000457763672,12.050000190734865,12.020000457763672,12.029999732971193,11.156575202941896,4700.0,MQT
2018-07-25,13.9399995803833,13.970000267028807,13.90999984741211,13.90999984741211,12.900428771972654,46300.0,MQY
2018-07-25,25.20000076293945,25.20000076293945,24.29999923706055,24.45000076293945,24.45000076293945,47000.0,MR
2018-07-25,8.779999732971191,8.932000160217285,8.5,8.5,8.5,60700.0,MRAM
2018-07-25,17.790000915527344,17.790000915527344,17.690000534057614,17.690000534057614,17.690000534057614,500.0,MRBK
2018-07-25,22.25,22.3799991607666,21.940000534057614,22.040000915527344,22.040000915527344,534700.0,MRC
2018-07-25,13.600000381469727,13.720000267028807,13.600000381469727,13.619999885559082,10.907668113708496,60000.0,MRCC
2018-07-25,39.29999923706055,39.77000045776367,38.36000061035156,39.63999938964844,39.63999938964844,446100.0,MRCY
2018-07-25,5.349999904632568,5.550000190734863,5.349999904632568,5.449999809265137,5.449999809265137,2000.0,MRIN
2018-07-25,63.43000030517578,64.56999969482422,63.36000061035156,64.48999786376953,61.41294479370117,10518700.0,MRK
2018-07-25,7.630000114440918,7.789999961853027,7.239999771118164,7.239999771118164,7.239999771118164,363200.0,MRKR
2018-07-25,30.45000076293945,30.70000076293945,30.35000038146973,30.60000038146973,29.329164505004886,11700.0,MRLN
2018-07-25,7.460000038146973,7.639999866485597,7.260000228881836,7.559999942779541,7.559999942779541,386900.0,MRNS
2018-07-25,20.899999618530273,21.190000534057614,20.790000915527344,21.18000030517578,20.66666412353516,6787700.0,MRO
2018-07-25,11.479999542236328,12.199999809265135,11.380000114440918,11.960000038146973,11.960000038146973,191100.0,MRSN
2018-07-25,22.149999618530273,22.32999992370605,21.5,21.950000762939453,20.994569778442386,424500.0,MRTN
2018-07-25,54.4000015258789,58.04999923706055,54.4000015258789,56.849998474121094,56.849998474121094,472500.0,MRTX
2018-07-25,23.75,23.75,21.420000076293945,22.290000915527344,22.290000915527344,72300.0,MRUS
2018-07-25,21.520000457763672,21.790000915527344,21.200000762939453,21.700000762939453,21.325761795043945,7759900.0,MRVL
2018-07-25,50.97999954223633,51.11000061035156,50.40999984741211,51.040000915527344,48.65161895751953,7483100.0,MS
2018-07-25,98.69000244140624,99.9800033569336,97.73999786376952,99.79000091552734,97.26170349121094,132300.0,MSA
2018-07-25,27.899999618530273,28.649999618530273,27.899999618530273,28.25,23.25819396972656,65300.0,MSB
2018-07-25,21.450000762939453,21.450000762939453,21.450000762939453,21.450000762939453,20.284656524658203,500.0,MSBF
2018-07-25,34.875,35.34000015258789,34.875,35.110000610351555,32.996654510498054,43200.0,MSBI
2018-07-25,173.0,176.3300018310547,173.0,176.25,172.5718536376953,528400.0,MSCI
2018-07-25,8.899999618530273,8.9399995803833,8.850000381469727,8.920000076293945,8.052717208862305,92200.0,MSD
2018-07-25,45.709999084472656,45.95000076293945,45.04999923706055,45.34000015258789,44.00226974487305,19300.0,MSEX
2018-07-25,107.95999908447266,111.1500015258789,107.5999984741211,110.83000183105469,108.03338623046876,30702100.0,MSFT
2018-07-25,313.1400146484375,315.9100036621094,310.0899963378906,314.5899963378906,314.5899963378906,187500.0,MSG
2018-07-25,22.70000076293945,22.899999618530273,22.450000762939453,22.75,22.75,292000.0,MSGN
2018-07-25,121.18000030517578,124.13999938964844,121.18000030517578,124.0500030517578,120.68419647216795,1026100.0,MSI
2018-07-25,81.7300033569336,82.62000274658203,81.26000213623047,82.52999877929688,73.9022216796875,516100.0,MSM
2018-07-25,1.4500000476837158,1.4700000286102295,1.4500000476837158,1.4500000476837158,1.4500000476837158,4300.0,MSN
2018-07-25,16.149999618530273,17.950000762939453,15.550000190734865,17.5,17.5,90900.0,MSON
2018-07-25,133.38999938964844,136.32000732421878,133.17999267578122,135.27000427246094,135.27000427246094,51900.0,MSTR
2018-07-25,12.479999542236328,12.479999542236328,12.350000381469727,12.390000343322756,12.274664878845215,17300.0,MSVB
2018-07-25,30.709999084472656,31.3799991607666,30.45000076293945,31.35000038146973,30.98440170288086,2142700.0,MT
2018-07-25,173.11000061035156,173.47000122070312,170.82000732421875,172.2100067138672,164.68582153320312,1184200.0,MTB
2018-07-25,4.96999979019165,5.150000095367432,4.800000190734863,5.139999866485597,5.139999866485597,452300.0,MTBC
2018-07-25,26.45499992370605,26.53700065612793,26.36000061035156,26.5,22.14229393005371,6900.0,MTBCP
2018-07-25,38.2599983215332,39.96500015258789,38.040000915527344,39.75,37.83248901367188,1467700.0,MTCH
2018-07-25,603.3800048828125,613.6799926757812,600.5800170898438,612.6099853515625,612.6099853515625,186100.0,MTD
2018-07-25,32.330001831054695,32.90999984741211,31.920000076293945,32.830001831054695,32.830001831054695,1171200.0,MTDR
2018-07-25,5.059999942779541,5.190000057220459,5.019999980926514,5.070000171661377,5.070000171661377,38500.0,MTEM
2018-07-25,19.600000381469727,19.950000762939453,19.350000381469727,19.649999618530273,17.564569473266598,2600.0,MTEX
2018-07-25,12.40999984741211,12.449999809265135,12.210000038146973,12.359999656677244,12.195967674255373,3151900.0,MTG
2018-07-25,42.70000076293945,42.70000076293945,40.599998474121094,41.099998474121094,41.099998474121094,561400.0,MTH
2018-07-25,3.009999990463257,3.009999990463257,2.970000028610229,2.970000028610229,2.970000028610229,35100.0,MTL
2018-07-25,12.800000190734865,13.300000190734865,12.770000457763672,13.210000038146973,13.210000038146973,172000.0,MTLS
2018-07-25,281.55999755859375,286.1099853515625,281.02999877929693,284.9700012207031,269.3114013671875,144300.0,MTN
2018-07-25,0.3899999856948853,0.41999998688697815,0.375,0.375,0.375,194400.0,MTNB
2018-07-25,19.75,19.799999237060547,18.93000030517578,19.13999938964844,19.13999938964844,1274500.0,MTOR
2018-07-25,34.34999847412109,34.5,30.5,32.5,32.5,700.0,MTP
2018-07-25,14.199999809265135,14.699999809265135,14.199999809265135,14.399999618530273,12.259013175964355,6200.0,MTR
2018-07-25,57.45000076293945,58.0,56.75,57.849998474121094,57.11532211303711,104200.0,MTRN
2018-07-25,19.25,19.450000762939453,19.0,19.399999618530273,19.399999618530273,147800.0,MTRX
2018-07-25,54.04999923706055,54.6500015258789,53.02999877929688,53.349998474121094,50.85510635375977,69000.0,MTSC
2018-07-25,22.71999931335449,22.95000076293945,22.09000015258789,22.670000076293945,22.670000076293945,610600.0,MTSI
2018-07-25,2.5799999237060547,2.5799999237060547,2.299999952316284,2.3299999237060547,2.3299999237060547,434300.0,MTSL
2018-07-25,21.32999992370605,21.8700008392334,20.989999771118164,20.989999771118164,19.563608169555664,31500.0,MTT
2018-07-25,26.11000061035156,26.1299991607666,25.29999923706055,25.79999923706055,25.79999923706055,317600.0,MTW
2018-07-25,74.69999694824219,74.9000015258789,73.30000305175781,74.44999694824219,73.97846984863281,81200.0,MTX
2018-07-25,49.45000076293945,49.5,46.75,48.849998474121094,48.849998474121094,1991300.0,MTZ
2018-07-25,52.63000106811523,54.22000122070313,52.29999923706055,53.38999938964844,53.38999938964844,39749200.0,MU
2018-07-25,13.3100004196167,13.3100004196167,13.229999542236328,13.239999771118164,12.305513381958008,44200.0,MUA
2018-07-25,13.18000030517578,13.199999809265135,13.149999618530273,13.170000076293945,12.28493595123291,80100.0,MUC
2018-07-25,9.739999771118164,9.739999771118164,9.739999771118164,9.739999771118164,9.739999771118164,200.0,MUDS
2018-07-25,10.300000190734863,10.300000190734863,10.300000190734863,10.300000190734863,10.300000190734863,0.0,MUDSU
2018-07-25,12.399999618530273,12.449999809265135,12.399999618530273,12.420000076293945,11.49066162109375,35700.0,MUE
2018-07-25,6.210000038146973,6.210000038146973,6.1500000953674325,6.199999809265138,5.850693225860597,1481300.0,MUFG
2018-07-25,13.84000015258789,13.850000381469727,13.8100004196167,13.84000015258789,12.732404708862305,24100.0,MUH
2018-07-25,13.100000381469727,13.149999618530273,13.100000381469727,13.149999618530273,12.286413192749025,48200.0,MUI
2018-07-25,13.029999732971193,13.0600004196167,13.020000457763672,13.029999732971193,12.098005294799805,26800.0,MUJ
2018-07-25,32.029998779296875,32.880001068115234,31.959999084472656,32.810001373291016,30.61302757263184,1202100.0,MUR
2018-07-25,12.1899995803833,12.25,12.18000030517578,12.210000038146973,11.303647994995115,148800.0,MUS
2018-07-25,79.0199966430664,79.41000366210938,78.62000274658203,79.08000183105469,79.08000183105469,226500.0,MUSA
2018-07-25,2.4200000762939453,2.5,2.4100000858306885,2.5,2.4860177040100098,1400400.0,MUX
2018-07-25,17.0,17.069999694824222,16.739999771118164,16.770000457763672,16.456317901611328,2900.0,MVBF
2018-07-25,9.770000457763672,9.770000457763672,9.3100004196167,9.390000343322754,8.463437080383299,49800.0,MVC
2018-07-25,25.48900032043457,25.50399971008301,25.40999984741211,25.50399971008301,22.84416007995605,4000.0,MVCD
2018-07-25,8.920000076293945,8.920000076293945,8.760000228881836,8.819999694824219,8.138910293579103,98100.0,MVF
2018-07-25,0.959999978542328,0.9900000095367432,0.9399999976158142,0.9499999880790709,0.9499999880790709,718200.0,MVIS
2018-07-25,11.100000381469727,11.130000114440918,10.720000267028807,10.9399995803833,8.941872596740723,30800.0,MVO
2018-07-25,14.06999969482422,14.079999923706055,14.050000190734865,14.050000190734865,12.92138957977295,12400.0,MVT
2018-07-25,12.079999923706055,12.270000457763672,12.020000457763672,12.270000457763672,11.872516632080078,547300.0,MWA
2018-07-25,11.100000381469727,11.300000190734865,10.899999618530273,11.149999618530273,11.149999618530273,143800.0,MX
2018-07-25,5.869999885559082,6.050000190734862,5.690000057220459,5.769999980926514,5.769999980926514,37600.0,MXC
2018-07-25,11.260000228881836,11.40999984741211,11.260000228881836,11.329999923706055,11.21296215057373,2700.0,MXE
2018-07-25,16.350000381469727,16.5,16.329999923706055,16.450000762939453,14.82299518585205,41300.0,MXF
2018-07-25,59.27000045776367,59.459999084472656,57.83000183105469,58.79999923706055,55.43514633178711,3498500.0,MXIM
2018-07-25,17.190000534057614,17.239999771118164,17.010000228881836,17.100000381469727,17.100000381469727,691000.0,MXL
2018-07-25,13.350000381469727,13.390000343322756,13.329999923706055,13.329999923706055,12.276744842529295,43900.0,MYC
2018-07-25,13.5,13.510000228881836,13.43000030517578,13.4399995803833,12.420268058776855,89500.0,MYD
2018-07-25,18.200000762939453,18.25,17.799999237060547,18.0,16.991872787475586,122400.0,MYE
2018-07-25,13.68000030517578,13.699999809265135,13.630000114440918,13.649999618530273,12.562738418579102,41700.0,MYF
2018-07-25,18.809999465942386,18.809999465942386,18.40999984741211,18.51000022888184,18.51000022888184,29500.0,MYFW
2018-07-25,43.86999893188477,44.06999969482422,43.2400016784668,43.56999969482422,43.56999969482422,538200.0,MYGN
2018-07-25,12.630000114440918,12.68000030517578,12.630000114440918,12.649999618530273,11.77471160888672,113900.0,MYI
2018-07-25,13.6899995803833,13.699999809265135,13.649999618530273,13.68000030517578,12.568387985229492,35500.0,MYJ
2018-07-25,36.34000015258789,36.709999084472656,36.11000061035156,36.58000183105469,36.58000183105469,2622600.0,MYL
2018-07-25,11.90999984741211,11.989999771118164,11.899999618530273,11.979999542236328,11.182733535766602,91900.0,MYN
2018-07-25,69.30000305175781,72.30000305175781,68.40000152587889,70.5,70.5,3700.0,MYO
2018-07-25,57.099998474121094,60.2750015258789,56.25,60.04999923706055,60.04999923706055,484900.0,MYOK
2018-07-25,1.2999999523162842,1.350000023841858,1.2899999618530271,1.2910000085830688,1.2910000085830688,31300.0,MYOS
2018-07-25,19.51000022888184,21.36000061035156,19.36000061035156,20.739999771118164,20.739999771118164,246600.0,MYOV
2018-07-25,36.2400016784668,37.31999969482422,35.09999847412109,35.77000045776367,35.77000045776367,115400.0,MYRG
2018-07-25,14.625,15.0,13.350000381469727,13.649999618530273,13.649999618530273,62400.0,MYSZ
2018-07-25,1.0499999523162842,1.0599999427795408,1.0199999809265137,1.0329999923706057,1.0329999923706057,71200.0,MYT
2018-07-25,14.550000190734865,14.710000038146973,14.5,14.550000190734865,13.5823392868042,7900.0,MZA
2018-07-25,13.369999885559082,13.390000343322756,13.34000015258789,13.350000381469727,12.349358558654785,221700.0,NAC
2018-07-25,13.270000457763672,13.279999732971193,13.25,13.25,12.230328559875488,149000.0,NAD
2018-07-25,10.100000381469727,10.25,10.100000381469727,10.149999618530273,10.149999618530273,2100.0,NAII
2018-07-25,0.4900000095367432,0.5,0.4900000095367432,0.5,0.5,809200.0,NAK
2018-07-25,408.3299865722656,434.0,400.0,408.9800109863281,408.9800109863281,300.0,NAKD
2018-07-25,12.479999542236328,12.520000457763672,12.449999809265135,12.520000457763672,11.653365135192873,78800.0,NAN
2018-07-25,4.610000133514403,4.690000057220459,4.369999885559082,4.539000034332275,4.539000034332275,9200.0,NAOV
2018-07-25,2.2799999713897705,2.400000095367432,2.259999990463257,2.390000104904175,2.144571304321289,1280000.0,NAT
2018-07-25,98.9499969482422,101.2300033569336,98.43000030517578,100.0999984741211,97.12461853027344,12900.0,NATH
2018-07-25,41.9900016784668,42.459999084472656,41.84000015258789,41.900001525878906,40.31197738647461,603500.0,NATI
2018-07-25,8.649999618530272,8.75,8.449999809265138,8.449999809265138,8.449999809265138,9600.0,NATR
2018-07-25,42.18999862670898,42.54999923706055,41.459999084472656,42.33000183105469,42.33000183105469,335300.0,NAV
2018-07-25,3.7999999523162837,4.0,3.5999999046325684,3.7999999523162837,3.7999999523162837,41800.0,NAVB
2018-07-25,13.600000381469727,13.779999732971193,12.970000267028807,13.170000076293945,12.033980369567873,4304800.0,NAVI
2018-07-25,12.59000015258789,12.630000114440918,12.579999923706055,12.600000381469727,11.77892780303955,13300.0,NAZ
2018-07-25,20.57999992370605,20.6299991607666,20.549999237060547,20.57999992370605,18.68937110900879,61100.0,NBB
2018-07-25,2.1600000858306885,2.2880001068115234,2.0999999046325684,2.2100000381469727,2.2100000381469727,189500.0,NBEV
2018-07-25,13.550000190734865,13.59000015258789,13.529999732971193,13.539999961853027,12.360529899597168,30600.0,NBH
2018-07-25,38.95000076293945,39.540000915527344,38.54999923706055,39.540000915527344,37.948387145996094,235800.0,NBHC
2018-07-25,105.8000030517578,109.1500015258789,105.5,108.08000183105469,108.08000183105469,805000.0,NBIX
2018-07-25,35.29999923706055,35.779998779296875,34.939998626708984,35.70000076293945,34.466461181640625,2778200.0,NBL
2018-07-25,52.22999954223633,54.70000076293945,51.99499893188477,54.11000061035156,46.81132888793945,308800.0,NBLX
2018-07-25,21.549999237060547,21.549999237060547,21.0,21.149999618530273,21.07891845703125,14800.0,NBN
2018-07-25,11.510000228881836,11.59000015258789,11.510000228881836,11.579999923706055,10.81231689453125,4000.0,NBO
2018-07-25,5.889999866485597,5.980000019073486,5.78000020980835,5.920000076293945,5.517258644104004,9607900.0,NBR
2018-07-25,3.5499999523162837,3.5799999237060547,3.369999885559082,3.5299999713897705,3.5299999713897705,378200.0,NBRV
2018-07-25,3.839999914169312,3.993799924850464,3.803999900817871,3.878000020980835,3.878000020980835,5257.0,NBSE
2018-07-25,41.099998474121094,41.099998474121094,40.29999923706055,40.90999984741211,38.98160171508789,85000.0,NBTB
2018-07-25,12.600000381469727,12.619999885559082,12.579999923706055,12.600000381469727,11.727554321289062,16400.0,NBW
2018-07-25,2.309999942779541,2.309999942779541,2.25,2.2699999809265137,2.2699999809265137,7700.0,NBY
2018-07-25,32.150001525878906,32.5,32.09999847412109,32.150001525878906,31.20492744445801,11600.0,NC
2018-07-25,9.59000015258789,9.600000381469727,9.550000190734863,9.600000381469727,9.062341690063477,11600.0,NCA
2018-07-25,15.899999618530273,15.899999618530273,15.75,15.770000457763672,14.762194633483887,3500.0,NCB
2018-07-25,56.72999954223633,56.72999954223633,55.75,56.04999923706055,56.04999923706055,9000.0,NCBS
2018-07-25,49.61000061035156,50.20000076293945,49.15999984741211,50.15999984741211,50.15999984741211,1686400.0,NCLH
2018-07-25,8.310000419616701,8.439999580383299,8.279999732971191,8.430000305175781,7.180643558502197,458100.0,NCMI
2018-07-25,21.459999084472656,24.07999992370605,21.459999084472656,23.5,23.5,75000.0,NCNA
2018-07-25,30.35000038146973,31.0,30.190000534057614,30.989999771118164,30.989999771118164,786800.0,NCR
2018-07-25,15.56999969482422,15.8100004196167,15.404999732971193,15.739999771118164,15.739999771118164,50100.0,NCSM
2018-07-25,1.0800000429153442,1.0800000429153442,1.0199999809265137,1.0700000524520874,1.0700000524520874,16300.0,NCTY
2018-07-25,7.079999923706055,7.119999885559082,7.039999961853027,7.059999942779541,5.834078311920166,182700.0,NCV
2018-07-25,6.070000171661378,6.110000133514403,6.070000171661378,6.079999923706055,5.032724380493164,185600.0,NCZ
2018-07-25,94.0,94.29000091552734,92.30999755859376,94.11000061035156,90.9585418701172,1204700.0,NDAQ
2018-07-25,11.300000190734865,11.649999618530273,11.199999809265137,11.300000190734865,11.300000190734865,503500.0,NDLS
2018-07-25,13.149999618530273,13.199999809265135,13.010000228881836,13.1899995803833,10.280570030212402,37400.0,NDP
2018-07-25,2.049999952316284,2.1449999809265137,2.0,2.009999990463257,2.009999990463257,21900.0,NDRA
2018-07-25,129.52000427246094,131.52999877929688,128.02999877929688,129.57000732421878,127.2092742919922,358400.0,NDSN
2018-07-25,5.679999828338622,5.760000228881836,5.550000190734863,5.730000019073486,5.730000019073486,3775400.0,NE
2018-07-25,13.050000190734865,13.0600004196167,13.020000457763672,13.029999732971193,12.032622337341307,241900.0,NEA
2018-07-25,9.68000030517578,9.68000030517578,9.68000030517578,9.68000030517578,9.68000030517578,0.0,NEBU
2018-07-25,10.149999618530273,10.149999618530273,10.149999618530273,10.149999618530273,10.149999618530273,0.0,NEBUU
2018-07-25,1.350000023841858,1.350000023841858,1.350000023841858,1.350000023841858,1.350000023841858,0.0,NEBUW
2018-07-25,169.02000427246094,169.58999633789062,166.50999450683594,167.75,160.86825561523438,2652200.0,NEE
2018-07-25,37.349998474121094,37.4900016784668,36.95000076293945,37.47000122070313,35.43376922607422,4076800.0,NEM
2018-07-25,67.34999847412111,67.34999847412111,67.0,67.0,64.58338165283203,11100.0,NEN
2018-07-25,14.06999969482422,14.279999732971193,13.75,13.800000190734865,13.800000190734865,528300.0,NEO
2018-07-25,80.69999694824219,82.22000122070312,80.69999694824219,82.0199966430664,82.0199966430664,135100.0,NEOG
2018-07-25,3.400000095367432,3.5999999046325684,3.400000095367432,3.5,3.5,2500.0,NEON
2018-07-25,6.1500000953674325,6.199999809265138,6.0,6.050000190734862,6.050000190734862,158600.0,NEOS
2018-07-25,45.25,45.41999816894531,44.60499954223633,45.2599983215332,42.18205261230469,239400.0,NEP
2018-07-25,5.489999771118164,5.489999771118164,5.489999771118164,5.489999771118164,5.489999771118164,128.0,NEPH
2018-07-25,2.900000095367432,3.220000028610229,2.880000114440918,3.150000095367432,3.150000095367432,1288300.0,NEPT
2018-07-25,8.0,8.449999809265138,8.0,8.25,8.25,175000.0,NERV
2018-07-25,10.539999961853027,10.9399995803833,10.44200038909912,10.9399995803833,10.9399995803833,3300.0,NES
2018-07-25,11.0,11.149999618530273,11.0,11.149999618530273,11.149999618530273,35600.0,NESR
2018-07-25,7.75,7.9000000953674325,7.5999999046325675,7.670000076293945,7.670000076293945,85600.0,NETE
2018-07-25,405.55999755859375,407.9599914550781,400.8999938964844,404.510009765625,392.36083984375,47300.0,NEU
2018-07-25,14.0,14.0,13.90999984741211,13.920000076293945,12.842576026916506,50700.0,NEV
2018-07-25,19.25,19.93000030517578,19.25,19.850000381469727,19.850000381469727,127100.0,NEW
2018-07-25,18.780000686645508,19.46999931335449,18.75,19.280000686645508,19.280000686645508,16900.0,NEWA
2018-07-25,109.01000213623048,112.0,108.87999725341795,111.04000091552734,111.04000091552734,567700.0,NEWR
2018-07-25,20.770000457763672,21.049999237060547,20.56999969482422,20.920000076293945,17.50275993347168,75800.0,NEWT
2018-07-25,125.0,125.0,125.0,125.0,125.0,0.0,NEX
2018-07-25,12.859999656677244,13.06999969482422,12.489999771118164,13.06999969482422,11.481801986694336,276700.0,NEXA
2018-07-25,6.389999866485597,6.4000000953674325,6.260000228881836,6.28000020980835,6.28000020980835,7000.0,NEXT
2018-07-25,16.950000762939453,16.969999313354492,16.479999542236328,16.690000534057614,15.903385162353516,76300.0,NFBK
2018-07-25,54.0099983215332,54.1500015258789,53.56000137329102,53.93000030517578,50.69384384155274,290700.0,NFG
2018-07-25,12.789999961853027,12.920000076293945,12.779999732971193,12.920000076293945,11.266310691833494,210800.0,NFJ
2018-07-25,357.57000732421875,363.2799987792969,355.6499938964844,362.8699951171875,362.8699951171875,8467800.0,NFLX
2018-07-25,4.460000038146973,4.559999942779541,4.460000038146973,4.5,4.5,732000.0,NG
2018-07-25,1.7599999904632568,1.830000042915344,1.7300000190734863,1.809999942779541,1.809999942779541,5996100.0,NGD
2018-07-25,54.099998474121094,54.63000106811523,54.06999969482422,54.58000183105469,50.45610809326172,416500.0,NGG
2018-07-25,27.40999984741211,27.51000022888184,27.1200008392334,27.190000534057614,26.76179122924805,118300.0,NGHC
2018-07-25,25.06999969482422,25.149999618530273,25.03000068664551,25.04700088500977,21.145174026489254,4700.0,NGHCN
2018-07-25,25.20000076293945,25.23500061035156,25.07999992370605,25.190000534057614,21.301631927490234,6600.0,NGHCO
2018-07-25,25.21999931335449,25.26000022888184,25.21999931335449,25.26000022888184,21.4124698638916,2000.0,NGHCP
2018-07-25,25.683000564575195,25.683000564575195,25.56999969482422,25.56999969482422,22.42638397216797,700.0,NGHCZ
2018-07-25,12.300000190734865,12.699999809265135,12.100000381469727,12.449999809265135,9.877775192260742,1183100.0,NGL
2018-07-25,22.299999237060547,22.450000762939453,21.8799991607666,22.299999237060547,22.299999237060547,30800.0,NGS
2018-07-25,14.510000228881836,14.970000267028807,14.279999732971193,14.90999984741211,14.653879165649414,130600.0,NGVC
2018-07-25,87.45999908447266,90.01000213623047,86.9000015258789,89.45999908447266,89.45999908447266,526800.0,NGVT
2018-07-25,3.1700000762939453,3.1800000667572017,3.130000114440918,3.1600000858306885,3.1600000858306885,100700.0,NH
2018-07-25,9.460000038146973,9.460000038146973,9.460000038146973,9.460000038146973,9.169671058654783,1700.0,NHA
2018-07-25,70.68000030517578,71.33999633789062,70.51000213623047,70.51000213623047,67.3348388671875,26800.0,NHC
2018-07-25,22.3799991607666,22.53000068664551,22.3799991607666,22.450000762939453,18.254953384399414,83100.0,NHF
2018-07-25,74.1500015258789,74.62999725341797,74.05999755859375,74.11000061035156,67.08224487304689,140000.0,NHI
2018-07-25,3.440000057220459,3.440000057220459,3.440000057220459,3.440000057220459,3.440000057220459,0.0,NHLD
2018-07-25,10.8100004196167,10.84000015258789,10.8100004196167,10.8100004196167,9.39633560180664,41800.0,NHS
2018-07-25,22.709999084472656,24.020000457763672,22.68000030517578,23.86000061035156,20.5862979888916,115100.0,NHTC
2018-07-25,25.82999992370605,25.95000076293945,25.71999931335449,25.790000915527344,24.50864601135254,1826300.0,NI
2018-07-25,26.56999969482422,26.670000076293945,26.399999618530273,26.57999992370605,26.57999992370605,17900.0,NIB
2018-07-25,112.0500030517578,114.76000213623048,111.9499969482422,114.4800033569336,114.4800033569336,220700.0,NICE
2018-07-25,9.06999969482422,9.18000030517578,9.010000228881836,9.06999969482422,9.06999969482422,31200.0,NICK
2018-07-25,12.4399995803833,12.5,12.4399995803833,12.489999771118164,11.707433700561525,79500.0,NID
2018-07-25,23.3700008392334,23.3700008392334,23.149999618530273,23.20000076293945,20.37108612060547,120200.0,NIE
2018-07-25,9.8100004196167,9.850000381469727,9.800000190734863,9.81999969482422,9.315715789794922,7300.0,NIM
2018-07-25,28.989999771118164,29.71999931335449,28.04999923706055,28.3700008392334,28.3700008392334,549100.0,NINE
2018-07-25,12.520000457763672,12.56999969482422,12.5,12.539999961853027,11.95936393737793,3100.0,NIQ
2018-07-25,45.70000076293945,46.08000183105469,45.4000015258789,45.4000015258789,43.300384521484375,348800.0,NJR
2018-07-25,12.93000030517578,12.979999542236328,12.93000030517578,12.93000030517578,11.800743103027346,1700.0,NJV
2018-07-25,3.2999999523162837,3.5799999237060547,3.2799999713897705,3.539999961853028,3.539999961853028,199800.0,NK
2018-07-25,75.23999786376953,77.18000030517578,75.05999755859375,77.16000366210938,75.7282943725586,5542400.0,NKE
2018-07-25,11.25,11.300000190734865,11.25,11.289999961853027,10.619917869567873,15100.0,NKG
2018-07-25,46.1500015258789,47.5,46.1500015258789,47.29999923706055,45.14139175415039,3300.0,NKSH
2018-07-25,46.61000061035156,50.6500015258789,46.61000061035156,49.83000183105469,49.83000183105469,2750600.0,NKTR
2018-07-25,13.600000381469727,13.600000381469727,13.5600004196167,13.56999969482422,12.611811637878418,52200.0,NKX
2018-07-25,8.5,8.550000190734862,8.350000381469728,8.449999809265138,8.349702835083008,11500.0,NL
2018-07-25,14.25,14.25,13.800000190734865,14.0,14.0,159200.0,NLS
2018-07-25,29.57999992370605,29.88999938964844,29.26000022888184,29.56999969482422,27.31667518615723,2882700.0,NLSN
2018-07-25,2.970000028610229,3.086999893188477,2.890000104904175,2.940000057220459,2.940000057220459,475700.0,NLTX
2018-07-25,10.489999771118164,10.539999961853027,10.4399995803833,10.489999771118164,8.489447593688965,5379300.0,NLY
2018-07-25,8.600000381469728,8.899999618530273,8.5,8.5,8.5,42600.0,NM
2018-07-25,13.949999809265135,14.050000190734865,13.949999809265135,14.0,11.682076454162598,143300.0,NMFC
2018-07-25,11.109999656677246,11.109999656677246,11.050000190734863,11.100000381469727,10.32609748840332,3800.0,NMI
2018-07-25,19.75,20.0,19.3700008392334,19.799999237060547,19.799999237060547,328000.0,NMIH
2018-07-25,8.899999618530273,9.140000343322754,8.899999618530273,9.09000015258789,7.712763786315918,208100.0,NML
2018-07-25,30.60000038146973,31.04999923706055,30.29999923706055,30.75,28.33202362060547,21200.0,NMM
2018-07-25,5.03000020980835,5.099999904632568,5.010000228881836,5.099999904632568,4.87534236907959,247700.0,NMR
2018-07-25,23.899999618530273,25.649999618530273,22.70000076293945,23.5,23.5,2200.0,NMRD
2018-07-25,14.079999923706055,14.270000457763672,14.010000228881836,14.210000038146973,13.279924392700195,53800.0,NMRK
2018-07-25,13.3100004196167,13.3100004196167,13.300000190734865,13.300000190734865,12.352888107299805,6100.0,NMS
2018-07-25,12.390000343322756,12.390000343322756,12.3100004196167,12.3100004196167,11.554977416992188,42200.0,NMT
2018-07-25,12.170000076293945,12.170000076293945,12.09000015258789,12.09000015258789,11.281377792358398,32600.0,NMY
2018-07-25,12.829999923706055,12.84000015258789,12.800000190734865,12.829999923706055,11.751431465148926,118500.0,NMZ
2018-07-25,8.399999618530272,8.850000381469727,8.399999618530272,8.699999809265138,6.956225395202638,12700.0,NNA
2018-07-25,19.0,19.0,18.799999237060547,18.850000381469727,18.13548469543457,195300.0,NNBR
2018-07-25,20.100000381469727,20.100000381469727,19.600000381469727,20.100000381469727,20.100000381469727,5200.0,NNDM
2018-07-25,61.38999938964844,61.47999954223633,59.95000076293945,60.20000076293945,58.88767623901367,28100.0,NNI
2018-07-25,44.52000045776367,45.13000106811523,44.38000106811523,44.790000915527344,41.81563568115234,1023900.0,NNN
2018-07-25,8.199999809265138,8.399999618530272,7.4000000953674325,8.0,8.0,5200.0,NNVC
2018-07-25,9.25,9.260000228881836,9.199999809265137,9.199999809265137,8.66298770904541,17400.0,NNY
2018-07-25,6.25,6.3499999046325675,6.1500000953674325,6.25,6.106841564178468,59200.0,NOA
2018-07-25,51.599998474121094,54.06000137329102,51.47999954223633,53.83000183105469,53.83000183105469,700000.0,NOAH
2018-07-25,310.0,312.8699951171875,293.2699890136719,295.5,287.31646728515625,4482900.0,NOC
2018-07-25,16.510000228881836,16.540000915527347,16.440000534057614,16.530000686645508,16.530000686645508,2800.0,NODK
2018-07-25,3.380000114440918,3.4500000476837163,3.3299999237060547,3.400000095367432,3.400000095367432,2531000.0,NOG
2018-07-25,5.949999809265138,5.989999771118164,5.9000000953674325,5.980000019073486,5.856220722198486,20731600.0,NOK
2018-07-25,12.9399995803833,12.970000267028807,12.880000114440918,12.880000114440918,12.0828218460083,13800.0,NOM
2018-07-25,19.040000915527344,19.290000915527344,19.0049991607666,19.200000762939453,19.200000762939453,792600.0,NOMD
2018-07-25,42.290000915527344,42.52999877929688,41.97999954223633,42.31999969482422,41.64634704589844,2279600.0,NOV
2018-07-25,2.650000095367432,2.6600000858306885,2.5280001163482666,2.609999895095825,2.609999895095825,25100.0,NOVN
2018-07-25,66.84999847412111,68.19999694824219,66.09999847412111,67.75,67.75,151100.0,NOVT
2018-07-25,184.57000732421875,187.3300018310547,183.3600006103516,183.8600006103516,183.8600006103516,3592100.0,NOW
2018-07-25,87.3499984741211,87.3499984741211,86.30000305175781,86.94999694824219,83.19388580322266,40400.0,NP
2018-07-25,117.0,117.5,116.1500015258789,116.5500030517578,104.28101348876952,32500.0,NPK
2018-07-25,13.699999809265135,13.699999809265135,13.699999809265135,13.699999809265135,12.84372329711914,800.0,NPN
2018-07-25,72.55000305175781,73.6500015258789,71.72000122070312,72.70999908447266,70.7698974609375,75100.0,NPO
2018-07-25,6.269999980926514,6.5,6.170000076293945,6.449999809265138,6.449999809265138,420300.0,NPTN
2018-07-25,12.390000343322756,12.390000343322756,12.300000190734865,12.300000190734865,11.49716091156006,21800.0,NPV
2018-07-25,12.8100004196167,12.81999969482422,12.760000228881836,12.800000190734865,11.845219612121582,21000.0,NQP
2018-07-25,9.800000190734863,9.949999809265137,9.300000190734863,9.5,9.5,980900.0,NR
2018-07-25,183.25,189.9750061035156,183.25,186.25,186.25,6000.0,NRBO
2018-07-25,35.900001525878906,36.099998474121094,35.5,35.79999923706055,34.323657989501946,40300.0,NRC
2018-07-25,31.170000076293945,31.82999992370605,31.15999984741211,31.36000061035156,30.95519828796387,5052200.0,NRG
2018-07-25,39.900001525878906,39.95000076293945,39.5,39.900001525878906,37.57868957519531,11700.0,NRIM
2018-07-25,12.149999618530273,12.199999809265135,12.149999618530273,12.15999984741211,11.332502365112305,125700.0,NRK
2018-07-25,5.139999866485597,5.210000038146973,5.099999904632568,5.110000133514403,4.3467655181884775,497600.0,NRO
2018-07-25,31.45000076293945,32.0,31.20000076293945,31.75,28.286510467529297,17000.0,NRP
2018-07-25,8.119999885559082,8.220000267028809,8.010000228881836,8.130000114440918,6.8037471771240225,8800.0,NRT
2018-07-25,18.5,18.6200008392334,18.5,18.59000015258789,15.42223072052002,3037300.0,NRZ
2018-07-25,24.38999938964844,24.670000076293945,23.8799991607666,24.57999992370605,21.03373908996582,742800.0,NS
2018-07-25,29.07999992370605,29.290000915527344,29.0,29.229999542236328,27.19330596923828,940400.0,NSA
2018-07-25,156.75,168.75999450683594,155.35000610351562,168.36000061035156,162.80894470214844,3612300.0,NSC
2018-07-25,9.850000381469727,9.850000381469727,9.850000381469727,9.850000381469727,9.850000381469727,18600.0,NSCO
2018-07-25,16.049999237060547,16.049999237060547,16.049999237060547,16.049999237060547,15.60864543914795,0.0,NSEC
2018-07-25,50.36000061035156,50.70000076293945,49.709999084472656,50.459999084472656,50.459999084472656,111000.0,NSIT
2018-07-25,6.199999809265138,6.199999809265138,6.1500000953674325,6.190000057220459,5.459383964538574,64500.0,NSL
2018-07-25,98.0500030517578,100.18000030517578,98.0500030517578,99.6999969482422,97.56226348876952,187200.0,NSP
2018-07-25,11.5,11.5,11.0,11.0,11.0,10100.0,NSPR
2018-07-25,25.59000015258789,25.76000022888184,25.59000015258789,25.68000030517578,22.35605239868164,8000.0,NSS
2018-07-25,16.649999618530273,16.809999465942386,16.299999237060547,16.299999237060547,16.299999237060547,60200.0,NSSC
2018-07-25,11.970000267028807,12.239999771118164,11.760000228881836,12.140000343322756,12.140000343322756,527600.0,NSTG
2018-07-25,3.3299999237060547,3.3299999237060547,3.309999942779541,3.309999942779541,3.309999942779541,1300.0,NSYS
2018-07-25,78.36000061035156,81.47000122070312,78.36000061035156,81.41999816894531,78.08891296386719,2559400.0,NTAP
2018-07-25,48.27999877929688,50.0,47.86000061035156,49.9900016784668,46.11513137817383,393400.0,NTB
2018-07-25,30.5,30.85000038146973,30.20000076293945,30.60000038146973,30.60000038146973,547000.0,NTCT
2018-07-25,4.5,4.599999904632568,4.449999809265137,4.599999904632568,4.599999904632568,30600.0,NTEC
2018-07-25,265.47000122070307,270.6400146484375,265.16000366210943,270.3599853515625,259.48117065429693,427300.0,NTES
2018-07-25,15.470000267028807,15.68000030517578,15.369999885559082,15.65999984741211,12.961345672607422,1272000.0,NTG
2018-07-25,12.449999809265135,12.472000122070312,12.0,12.15999984741211,12.15999984741211,57500.0,NTGN
2018-07-25,40.44665145874024,41.50123977661133,38.92679977416992,41.50123977661133,41.50123977661133,1244100.0,NTGR
2018-07-25,19.799999237060547,19.799999237060547,18.549999237060547,19.200000762939453,18.420455932617188,14400.0,NTIC
2018-07-25,2.900000095367432,2.9500000476837163,2.799999952316284,2.900000095367432,2.674237012863159,34600.0,NTIP
2018-07-25,28.3700008392334,29.90999984741211,28.03000068664551,28.209999084472656,28.209999084472656,813700.0,NTLA
2018-07-25,4.619999885559082,4.619999885559082,4.619999885559082,4.619999885559082,4.619999885559082,1200.0,NTN
2018-07-25,53.31000137329102,55.02000045776367,53.0099983215332,54.45000076293945,54.45000076293945,1941600.0,NTNX
2018-07-25,10.350000381469727,10.399999618530273,10.100000381469727,10.300000190734863,10.227538108825684,25900.0,NTP
2018-07-25,52.54999923706055,53.08000183105469,52.16999816894531,52.959999084472656,49.590293884277344,1102200.0,NTR
2018-07-25,22.54999923706055,23.36000061035156,22.540000915527344,22.729999542236328,22.729999542236328,566900.0,NTRA
2018-07-25,9.869999885559082,10.050000190734863,9.562000274658203,10.010000228881836,10.010000228881836,21200.0,NTRP
2018-07-25,111.4000015258789,111.94000244140624,110.4499969482422,111.2699966430664,106.00727081298828,873200.0,NTRS
2018-07-25,34.950000762939446,36.93999862670898,33.09999847412109,33.84999847412109,33.84999847412109,1492100.0,NTUS
2018-07-25,5.550000190734863,5.699999809265138,5.550000190734863,5.699999809265138,5.699999809265138,16400.0,NTWK
2018-07-25,7.6500000953674325,7.800000190734862,7.6500000953674325,7.800000190734862,7.800000190734862,100.0,NTZ
2018-07-25,13.246753692626953,13.428571701049805,13.203463554382324,13.428571701049805,13.428571701049805,1209700.0,NUAN
2018-07-25,67.95999908447266,68.09999847412111,67.26000213623047,67.98000335693361,64.34326171875,3102600.0,NUE
2018-07-25,12.510000228881836,12.65999984741211,12.510000228881836,12.65999984741211,11.839421272277832,39900.0,NUM
2018-07-25,13.84000015258789,13.899999618530273,13.84000015258789,13.869999885559082,13.006891250610352,11200.0,NUO
2018-07-25,12.199999809265135,12.199999809265135,11.800000190734865,11.800000190734865,11.800000190734865,13300.0,NURO
2018-07-25,71.41000366210938,72.91000366210938,71.16000366210938,72.5999984741211,68.55243682861328,465800.0,NUS
2018-07-25,9.470000267028807,9.520000457763672,9.470000267028807,9.489999771118164,8.918404579162598,355300.0,NUV
2018-07-25,53.16999816894531,53.6500015258789,52.86999893188477,53.459999084472656,53.459999084472656,496800.0,NUVA
2018-07-25,15.40999984741211,15.4399995803833,15.40999984741211,15.420000076293945,14.37264633178711,18600.0,NUW
2018-07-25,27.60000038146973,27.60000038146973,25.399999618530273,25.79999923706055,25.79999923706055,205300.0,NVAX
2018-07-25,40.0,40.0,30.0,40.0,40.0,12000.0,NVCN
2018-07-25,36.400001525878906,37.70000076293945,36.349998474121094,37.45000076293945,37.45000076293945,681600.0,NVCR
2018-07-25,249.08999633789062,252.3800048828125,246.75,251.8699951171875,250.3526306152344,7977800.0,NVDA
2018-07-25,112.68000030517578,116.0,110.18000030517578,113.4000015258789,103.85887908935548,15300.0,NVEC
2018-07-25,72.8499984741211,73.57499694824219,72.25,73.5,73.5,35800.0,NVEE
2018-07-25,8.800000190734863,9.100000381469727,8.800000190734863,8.899999618530273,8.899999618530273,2800.0,NVFY
2018-07-25,14.670000076293945,14.710000038146973,14.649999618530273,14.649999618530273,13.451171875,181900.0,NVG
2018-07-25,12.0,12.350000381469727,12.0,12.149999618530273,12.149999618530273,67500.0,NVGS
2018-07-25,60.9000015258789,62.099998474121094,59.70000076293945,60.9000015258789,60.9000015258789,5400.0,NVIV
2018-07-25,28.46999931335449,28.899999618530273,28.15999984741211,28.8700008392334,28.8700008392334,136000.0,NVMI
2018-07-25,50.79999923706055,51.15999984741211,50.599998474121094,51.08000183105469,48.698646545410156,1643700.0,NVO
2018-07-25,2823.860107421875,2823.860107421875,2740.0,2790.43994140625,2790.43994140625,32800.0,NVR
2018-07-25,55.43000030517578,62.20000076293945,53.34199905395508,60.0099983215332,60.0099983215332,5331400.0,NVRO
2018-07-25,73.70071411132812,74.39067840576172,73.584228515625,74.3189926147461,69.23475646972656,1908500.0,NVS
2018-07-25,25.43000030517578,27.21999931335449,25.43000030517578,26.82999992370605,25.54457092285156,3001100.0,NVT
2018-07-25,8.689999580383299,8.930000305175781,8.550000190734862,8.8100004196167,8.8100004196167,665600.0,NVTA
2018-07-25,7.429999828338622,7.464000225067139,6.820000171661378,7.199999809265138,7.199999809265138,15700.0,NVUS
2018-07-25,18.190000534057614,18.190000534057614,17.90999984741211,18.049999237060547,16.76655387878418,483900.0,NWBI
2018-07-25,58.93000030517578,59.88999938964844,58.88999938964844,59.22000122070313,55.86267471313477,842800.0,NWE
2018-07-25,35.939998626708984,36.16999816894531,34.830001831054695,35.599998474121094,34.12930679321289,5500.0,NWFL
2018-07-25,4.001599788665772,4.239999771118163,4.001599788665772,4.1599998474121085,4.1599998474121085,762.0,NWGI
2018-07-25,9.84000015258789,9.869999885559082,9.460000038146973,9.5,9.5,151200.0,NWHM
2018-07-25,26.38999938964844,26.479999542236328,25.43000030517578,25.88999938964844,23.64266586303711,5027300.0,NWL
2018-07-25,316.57000732421875,316.7799987792969,315.0400085449219,316.7799987792969,315.9660949707031,3300.0,NWLI
2018-07-25,63.79999923706055,64.44999694824219,63.4000015258789,64.25,61.16086196899414,163900.0,NWN
2018-07-25,19.46999931335449,19.46999931335449,19.06999969482422,19.170000076293945,19.170000076293945,9600.0,NWPX
2018-07-25,15.25,15.399999618530273,15.199999809265135,15.399999618530273,14.920571327209473,226500.0,NWS
2018-07-25,15.020000457763672,15.199999809265135,14.989999771118164,15.170000076293945,14.684195518493652,1286900.0,NWSA
2018-07-25,17.200000762939453,17.200000762939453,16.549999237060547,16.850000381469727,16.277711868286133,151200.0,NX
2018-07-25,13.920000076293945,13.989999771118164,13.90999984741211,13.90999984741211,13.11508846282959,13800.0,NXC
2018-07-25,1.7899999618530271,1.8600000143051147,1.7899999618530271,1.8500000238418581,1.8500000238418581,96400.0,NXE
2018-07-25,20.200000762939453,20.649999618530273,20.18000030517578,20.6299991607666,20.6299991607666,416000.0,NXGN
2018-07-25,13.029999732971193,13.0600004196167,13.029999732971193,13.029999732971193,12.00847625732422,50400.0,NXJ
2018-07-25,12.859999656677244,12.93000030517578,12.850000381469727,12.850000381469727,12.100396156311035,5700.0,NXN
2018-07-25,14.239999771118164,14.289999961853027,14.1899995803833,14.229999542236328,13.394947052001953,27500.0,NXP
2018-07-25,97.95999908447266,100.91000366210938,94.91000366210938,98.37000274658205,96.2577896118164,19769600.0,NXPI
2018-07-25,13.75,13.779999732971193,13.739999771118164,13.75,12.958925247192385,15500.0,NXQ
2018-07-25,14.550000190734865,14.56999969482422,14.5,14.5,13.689770698547365,27200.0,NXR
2018-07-25,28.170000076293945,28.46500015258789,28.149999618530273,28.190000534057614,26.750959396362305,36500.0,NXRT
2018-07-25,77.1500015258789,78.0999984741211,75.80000305175781,77.44999694824219,74.9469985961914,819000.0,NXST
2018-07-25,1.870000004768372,1.8999999761581419,1.7000000476837158,1.75,1.75,477100.0,NXTD
2018-07-25,11.630000114440918,11.630000114440918,10.399999618530273,10.520000457763672,9.454938888549805,16512100.0,NYCB
2018-07-25,6.139999866485597,6.1500000953674325,6.119999885559082,6.130000114440918,5.048765182495117,623800.0,NYMT
2018-07-25,23.992000579833984,24.040000915527344,23.750999450683594,23.965999603271484,21.135683059692386,23500.0,NYMTN
2018-07-25,24.211000442504886,24.309999465942386,24.06999969482422,24.309999465942386,21.527196884155273,13800.0,NYMTO
2018-07-25,24.10000038146973,24.270000457763672,24.09000015258789,24.149999618530273,21.419845581054688,6900.0,NYMTP
2018-07-25,3.2699999809265137,3.2699999809265137,3.1700000762939453,3.259999990463257,3.259999990463257,41400.0,NYMX
2018-07-25,24.35000038146973,24.70000076293945,24.20000076293945,24.60000038146973,24.361831665039066,1357800.0,NYT
2018-07-25,13.579999923706055,13.649999618530273,13.579999923706055,13.649999618530273,12.71845817565918,2400.0,NYV
2018-07-25,14.40999984741211,14.460000038146973,14.390000343322756,14.449999809265135,13.26172161102295,137300.0,NZF
2018-07-25,55.06999969482422,55.88999938964844,54.91999816894531,55.75,51.96329116821289,1669000.0,O
2018-07-25,12.369999885559082,12.420000076293945,12.100000381469727,12.34000015258789,12.34000015258789,6208200.0,OAS
2018-07-25,9.09000015258789,9.09000015258789,9.09000015258789,9.09000015258789,9.09000015258789,0.0,OBAS
2018-07-25,3.7699999809265137,3.859999895095825,3.650000095367432,3.660000085830689,3.604545593261719,3600.0,OBCI
2018-07-25,19.299999237060547,22.70000076293945,18.5,19.799999237060547,19.799999237060547,11800.0,OBLN
2018-07-25,39.20000076293945,39.25699996948242,38.70000076293945,38.93999862670898,38.48445510864258,84200.0,OBNK
2018-07-25,15.710000038146973,15.850000381469727,15.050000190734865,15.149999618530273,15.149999618530273,30700.0,OBSV
2018-07-25,59.9900016784668,60.7599983215332,56.25,59.72000122070313,58.004371643066406,9287900.0,OC
2018-07-25,3.5499999523162837,3.5499999523162837,3.400000095367432,3.5,3.5,3400.0,OCC
2018-07-25,3.640000104904175,3.640000104904175,3.640000104904175,3.640000104904175,3.021507024765014,0.0,OCCI
2018-07-25,30.25,30.25,29.85000038146973,29.96999931335449,28.58486557006836,92700.0,OCFC
2018-07-25,141.0,143.39999389648438,138.60000610351562,139.80000305175778,139.80000305175778,1200.0,OCGN
2018-07-25,4.369999885559082,4.449999809265137,4.309999942779541,4.3400001525878915,4.3400001525878915,1235300.0,OCN
2018-07-25,8.449999809265138,8.449999809265138,8.279999732971191,8.399999618530272,7.3564696311950675,15400.0,OCSI
2018-07-25,4.800000190734863,4.809999942779541,4.75,4.760000228881836,4.160581588745116,563300.0,OCSL
2018-07-25,5.860000133514403,5.869999885559082,5.670000076293945,5.760000228881836,5.760000228881836,305000.0,OCUL
2018-07-25,3.0,3.0,2.799999952316284,2.799999952316284,2.799999952316284,42000.0,OCX
2018-07-25,44.16999816894531,44.86999893188477,42.65999984741211,43.310001373291016,41.14454650878906,8100.0,ODC
2018-07-25,96.94000244140624,98.8733367919922,94.7133331298828,98.63999938964844,97.7671356201172,1259400.0,ODFL
2018-07-25,2.619999885559082,2.630000114440918,2.549999952316284,2.630000114440918,2.4419844150543213,3217900.0,ODP
2018-07-25,22.190000534057614,22.200000762939453,21.100000381469727,21.280000686645508,21.280000686645508,26600.0,ODT
2018-07-25,32.049999237060554,32.09999847412109,31.57500076293945,32.049999237060554,29.92160606384277,319200.0,OEC
2018-07-25,1.0199999809265137,1.0599999427795408,1.0199999809265137,1.0199999809265137,1.0199999809265137,16900.0,OESX
2018-07-25,29.040000915527344,29.21999931335449,28.96999931335449,29.190000534057614,27.1055908203125,395500.0,OFC
2018-07-25,28.13999938964844,28.520000457763672,27.79999923706055,28.309999465942386,27.52722549438477,2800.0,OFED
2018-07-25,16.600000381469727,16.629999160766598,16.0,16.200000762939453,15.764538764953613,506700.0,OFG
2018-07-25,60.0099983215332,60.31999969482422,59.38000106811523,60.13000106811523,60.13000106811523,86700.0,OFIX
2018-07-25,90.4000015258789,93.0,90.4000015258789,92.0999984741211,87.62850189208984,18400.0,OFLX
2018-07-25,11.600000381469727,11.600000381469727,11.380000114440918,11.520000457763672,9.71741771697998,57800.0,OFS
2018-07-25,16.549999237060547,16.559999465942386,16.549999237060547,16.559999465942386,15.70915985107422,600.0,OGCP
2018-07-25,35.720001220703125,36.22999954223633,35.689998626708984,35.939998626708984,34.05733871459961,1166000.0,OGE
2018-07-25,0.5899999737739563,0.5899999737739563,0.5600000023841858,0.5600000023841858,0.5600000023841858,238900.0,OGEN
2018-07-25,76.0199966430664,76.16000366210938,75.44000244140625,75.58000183105469,72.60575103759766,134700.0,OGS
2018-07-25,29.81999969482422,30.399999618530273,29.81999969482422,30.20000076293945,26.616403579711914,971700.0,OHI
2018-07-25,18.40999984741211,18.670000076293945,17.84000015258789,17.950000762939453,17.592552185058594,2317500.0,OI
2018-07-25,7.6500000953674325,7.699999809265138,7.630000114440918,7.699999809265138,7.073874473571777,66000.0,OIA
2018-07-25,26.61000061035156,26.90999984741211,26.21999931335449,26.8700008392334,26.8700008392334,1871800.0,OII
2018-07-25,1.7899999618530271,1.7899999618530271,1.75,1.7599999904632568,1.7599999904632568,6300.0,OIIM
2018-07-25,39.43000030517578,39.43000030517578,39.43000030517578,39.43000030517578,39.43000030517578,0.0,OILX
2018-07-25,33.049999237060554,33.080001831054695,32.450000762939446,32.84999847412109,32.84999847412109,623200.0,OIS
2018-07-25,70.26000213623047,71.11000061035156,70.12999725341797,70.88999938964844,64.79933166503906,2011200.0,OKE
2018-07-25,55.1500015258789,58.0,55.0,57.38000106811523,57.38000106811523,1001600.0,OKTA
2018-07-25,97.1999969482422,100.0,95.4000015258789,99.8499984741211,99.40943145751952,831000.0,OLED
2018-07-25,20.489999771118164,20.489999771118164,20.489999771118164,20.489999771118164,20.489999771118164,0.0,OLEM
2018-07-25,74.25,74.75,73.30000305175781,74.0,74.0,480200.0,OLLI
2018-07-25,28.57999992370605,28.71999931335449,28.270000457763672,28.670000076293945,26.799495697021484,947200.0,OLN
2018-07-25,26.790000915527344,26.95000076293945,26.71999931335449,26.84000015258789,23.68393325805664,32900.0,OLP
2018-07-25,48.66999816894531,50.61000061035156,48.66999816894531,49.790000915527344,48.11777114868164,106100.0,OMAB
2018-07-25,68.01999664306639,68.55999755859375,67.48000335693361,67.80000305175781,63.84083938598633,1796900.0,OMC
2018-07-25,52.79999923706055,53.099998474121094,52.20000076293945,52.6500015258789,52.6500015258789,310400.0,OMCL
2018-07-25,20.420000076293945,21.399999618530273,20.420000076293945,21.239999771118164,21.239999771118164,684600.0,OMER
2018-07-25,7.380000114440918,7.4000000953674325,7.130000114440918,7.4000000953674325,7.4000000953674325,12700.0,OMEX
2018-07-25,35.060001373291016,35.27000045776367,34.700000762939446,34.84999847412109,30.58916282653809,358600.0,OMF
2018-07-25,17.93000030517578,17.93000030517578,17.200000762939453,17.600000381469727,17.102663040161133,651500.0,OMI
2018-07-25,19.25,19.649999618530273,19.23600006103516,19.540000915527344,16.362159729003903,34700.0,OMP
2018-07-25,23.459999084472656,23.51000022888184,22.81999969482422,23.29999923706055,23.29999923706055,8874900.0,ON
2018-07-25,19.850000381469727,19.950000762939453,19.299999237060547,19.299999237060547,18.320533752441406,1259500.0,ONB
2018-07-25,13.5,14.199999809265135,13.100000381469727,13.699999809265135,13.699999809265135,59800.0,ONCS
2018-07-25,129.57000732421878,131.38999938964844,121.8000030517578,123.5500030517578,123.5500030517578,17200.0,ONCT
2018-07-25,5.010000228881836,5.130000114440918,4.989999771118164,5.019999980926514,5.019999980926514,43700.0,ONCY
2018-07-25,7.360000133514403,7.4099998474121085,7.130000114440918,7.1599998474121085,7.1599998474121085,261600.0,ONDK
2018-07-25,11.020000457763672,11.333000183105467,10.529999732971193,10.899999618530273,10.899999618530273,286900.0,ONE
2018-07-25,6.449999809265138,7.050000190734862,6.449999809265138,6.75,6.75,13000.0,ONTX
2018-07-25,1.2899999618530271,1.309999942779541,1.2699999809265137,1.2999999523162842,1.2999999523162842,480500.0,ONVO
2018-07-25,16.0,16.299999237060547,15.899999618530273,15.949999809265135,15.949999809265135,51800.0,OOMA
2018-07-25,27.79999923706055,27.85000038146973,27.125,27.45000076293945,26.542953491210934,195300.0,OPB
2018-07-25,12.800000190734865,12.970000267028807,12.75,12.75,12.398527145385742,23100.0,OPBK
2018-07-25,11.520000457763672,11.640000343322756,11.15999984741211,11.479999542236328,11.479999542236328,87000.0,OPCH
2018-07-25,9.760000228881836,9.760000228881836,9.760000228881836,9.760000228881836,9.760000228881836,0.0,OPES
2018-07-25,10.100000381469727,10.100000381469727,10.100000381469727,10.100000381469727,10.100000381469727,0.0,OPESU
2018-07-25,38.20000076293945,39.5,37.060001373291016,38.79999923706055,38.79999923706055,2500.0,OPGN
2018-07-25,4.920000076293945,5.019999980926514,4.619999885559082,5.0,5.0,20000.0,OPHC
2018-07-25,62.88000106811523,63.43999862670898,62.68000030517578,63.11999893188477,53.67218017578125,171100.0,OPI
2018-07-25,25.35000038146973,25.363000869750977,25.1200008392334,25.170000076293945,22.74620819091797,17600.0,OPINI
2018-07-25,5.559999942779541,5.679999828338622,5.360000133514403,5.389999866485597,5.389999866485597,5845400.0,OPK
2018-07-25,14.399999618530273,14.670000076293945,14.0,14.420000076293945,14.420000076293945,11300.0,OPNT
2018-07-25,28.76000022888184,29.26000022888184,27.86000061035156,28.899999618530273,27.96333122253418,4100.0,OPOF
2018-07-25,17.370000839233402,17.379999160766598,17.260000228881836,17.379999160766598,14.12045955657959,60000.0,OPP
2018-07-25,10.300000190734863,10.739999771118164,10.199999809265137,10.470000267028807,10.470000267028807,33300.0,OPRX
2018-07-25,22.36000061035156,22.989999771118164,21.84000015258789,21.850000381469727,21.850000381469727,275900.0,OPTN
2018-07-25,15.0,15.399999618530273,14.399999618530273,15.0,15.0,6300.0,OPTT
2018-07-25,28.70000076293945,29.35000038146973,28.35000038146973,29.29999923706055,28.48632431030273,49400.0,OPY
2018-07-25,9.550000190734863,9.739999771118164,9.550000190734863,9.6899995803833,9.354270935058594,625800.0,OR
2018-07-25,51.84000015258789,52.68000030517578,51.84000015258789,52.61000061035156,51.97060775756836,116200.0,ORA
2018-07-25,16.389999389648438,16.559999465942386,16.280000686645508,16.510000228881836,15.39345932006836,198800.0,ORAN
2018-07-25,9.81999969482422,9.81999969482422,9.489999771118164,9.579999923706056,9.579999923706056,767900.0,ORBC
2018-07-25,8.170000076293945,8.329999923706055,8.170000076293945,8.289999961853027,6.327759742736816,906400.0,ORC
2018-07-25,48.52000045776367,48.97000122070313,48.5,48.95000076293945,47.72380065917969,16354900.0,ORCL
2018-07-25,10.0600004196167,10.0600004196167,10.0600004196167,10.0600004196167,10.0600004196167,0.0,ORGO
2018-07-25,7.670000076293945,7.800000190734862,7.539999961853027,7.539999961853027,7.539999961853027,25300.0,ORGS
2018-07-25,20.299999237060547,20.46999931335449,20.09000015258789,20.43000030517578,18.517282485961914,2649000.0,ORI
2018-07-25,294.30999755859375,297.3699951171875,291.1600036621094,297.20001220703125,297.20001220703125,1264500.0,ORLY
2018-07-25,5.460000038146973,5.579999923706055,5.420000076293945,5.449999809265137,5.449999809265137,32200.0,ORMP
2018-07-25,9.170000076293944,9.1899995803833,8.850000381469727,9.010000228881836,9.010000228881836,213800.0,ORN
2018-07-25,26.899999618530273,26.899999618530273,26.70000076293945,26.79999923706055,25.543420791625977,8700.0,ORRF
2018-07-25,36.47000122070313,36.52999877929688,35.540000915527344,36.45000076293945,29.69832992553711,100200.0,OSB
2018-07-25,15.0,15.300000190734865,14.899999618530273,15.25,15.170160293579102,92000.0,OSBC
2018-07-25,3.5799999237060547,3.6800000667572017,3.5299999713897705,3.670000076293945,3.670000076293945,257400.0,OSG
2018-07-25,76.76000213623047,78.16000366210938,76.63999938964844,77.72000122070312,77.72000122070312,72300.0,OSIS
2018-07-25,72.88999938964844,73.80999755859375,72.20999908447266,73.73999786376953,71.90503692626953,504800.0,OSK
2018-07-25,2.809999942779541,2.809999942779541,2.509999990463257,2.619999885559082,2.619999885559082,42000.0,OSN
2018-07-25,20.0,20.5,19.950000762939453,20.399999618530273,20.399999618530273,133200.0,OSPN
2018-07-25,4.150000095367432,4.5,4.059999942779541,4.460000038146973,4.460000038146973,11500.0,OSS
2018-07-25,36.45000076293945,38.25,35.45000076293945,38.20000076293945,38.20000076293945,1081700.0,OSTK
2018-07-25,16.930000305175778,17.229999542236328,16.889999389648438,16.950000762939453,16.950000762939453,248000.0,OSUR
2018-07-25,9.760000228881836,9.770000457763672,9.75,9.770000457763672,9.746793746948242,130900.0,OSW
2018-07-25,14.850000381469727,15.100000381469727,14.850000381469727,14.850000381469727,14.850000381469727,2400.0,OTEL
2018-07-25,37.72000122070313,37.9900016784668,37.59000015258789,37.97000122070313,36.87721252441406,330200.0,OTEX
2018-07-25,3.650000095367432,3.650000095367432,3.5,3.5,3.5,81100.0,OTIC
2018-07-25,7.1040000915527335,7.199999809265138,6.960000038146973,7.184000015258789,7.184000015258789,1400.0,OTLK
2018-07-25,47.6500015258789,48.0,47.599998474121094,47.9000015258789,45.6259994506836,62900.0,OTTR
2018-07-25,13.720000267028807,13.720000267028807,13.720000267028807,13.720000267028807,12.638808250427244,4700.0,OTTW
2018-07-25,21.040000915527344,21.25,20.790000915527344,20.81999969482422,18.697553634643555,627400.0,OUT
2018-07-25,50.70000076293945,50.70000076293945,49.5,50.54999923706055,48.63710021972656,5200.0,OVBC
2018-07-25,10.65999984741211,10.65999984741211,10.06999969482422,10.140000343322754,10.140000343322754,46100.0,OVID
2018-07-25,23.32999992370605,23.45000076293945,22.670000076293945,22.8700008392334,22.078828811645508,7800.0,OVLY
2018-07-25,64.94999694824219,66.19999694824219,64.30000305175781,66.19999694824219,63.046302795410156,870800.0,OVV
2018-07-25,1.6970000267028809,1.6970000267028809,1.6000000238418581,1.6299999952316284,1.6299999952316284,1600.0,OXBR
2018-07-25,11.93000030517578,12.880000114440918,11.93000030517578,12.789999961853027,12.789999961853027,156000.0,OXFD
2018-07-25,10.90999984741211,11.020000457763672,10.899999618530273,10.979999542236328,8.28477668762207,129600.0,OXLC
2018-07-25,25.399999618530273,25.399999618530273,25.399999618530273,25.399999618530273,22.71830177307129,800.0,OXLCM
2018-07-25,25.31999969482422,25.36000061035156,25.29999923706055,25.35000038146973,22.404579162597656,5900.0,OXLCO
2018-07-25,92.33000183105469,94.83999633789062,92.06999969482422,94.72000122070312,92.03121185302734,114100.0,OXM
2018-07-25,7.360000133514403,7.480000019073486,7.300000190734862,7.440000057220459,5.904457092285156,269700.0,OXSQ
2018-07-25,25.558000564575195,25.670000076293945,25.558000564575195,25.670000076293945,22.928640365600586,300.0,OXSQL
2018-07-25,83.66999816894531,84.93000030517578,83.36000061035156,84.33000183105469,74.97840118408203,4610200.0,OXY
2018-07-25,41.11000061035156,41.25,40.18000030517578,40.560001373291016,38.65856170654297,1456800.0,OZK
2018-07-25,23.76000022888184,24.45000076293945,23.670000076293945,24.3700008392334,21.53378295898437,2121800.0,PAA
2018-07-25,16.639999389648438,16.690000534057614,16.469999313354492,16.639999389648438,16.356687545776367,822500.0,PAAS
2018-07-25,103.16999816894531,104.12000274658205,102.18000030517578,102.83999633789062,92.41032409667969,53300.0,PAC
2018-07-25,3.7200000286102295,4.119999885559082,3.7100000381469727,4.0900001525878915,4.0900001525878915,1143100.0,PACB
2018-07-25,1600.0,1600.0,1600.0,1600.0,1600.0,0.0,PACD
2018-07-25,9.720000267028807,9.720000267028807,9.720000267028807,9.720000267028807,9.720000267028807,1400.0,PACK
2018-07-25,9.649999618530273,9.649999618530273,9.649999618530273,9.649999618530273,9.649999618530273,0.0,PACQ
2018-07-25,10.26099967956543,10.270000457763672,10.26099967956543,10.270000457763672,10.270000457763672,6100.0,PACQU
2018-07-25,1.3200000524520874,1.3200000524520874,1.3200000524520874,1.3200000524520874,1.3200000524520874,0.0,PACQW
2018-07-25,50.54999923706055,50.54999923706055,49.77999877929688,50.02999877929688,44.95952987670898,758800.0,PACW
2018-07-25,47.81000137329102,48.43999862670898,47.09000015258789,48.27000045776367,45.56886672973633,807900.0,PAG
2018-07-25,23.440000534057614,24.1299991607666,23.229999542236328,24.1200008392334,21.32193946838379,2122700.0,PAGP
2018-07-25,27.920000076293945,29.25,27.8799991607666,29.07999992370605,29.07999992370605,4372900.0,PAGS
2018-07-25,47.20000076293945,47.70000076293945,47.099998474121094,47.5,46.11967849731445,69400.0,PAHC
2018-07-25,13.449999809265135,13.470000267028807,13.420000076293945,13.420000076293945,12.396034240722654,27100.0,PAI
2018-07-25,38.599998474121094,40.54999923706055,38.459999084472656,40.22999954223633,40.22999954223633,285200.0,PAM
2018-07-25,3.289999961853028,3.289999961853028,3.1800000667572017,3.240000009536743,3.1386806964874268,23600.0,PANL
2018-07-25,208.7700042724609,215.1699981689453,208.7700042724609,214.7400054931641,214.7400054931641,868600.0,PANW
2018-07-25,18.399999618530273,18.90999984741211,18.32999992370605,18.690000534057614,18.690000534057614,80200.0,PAR
2018-07-25,17.100000381469727,17.200000762939453,17.020000457763672,17.149999618530273,17.149999618530273,163800.0,PARR
2018-07-25,21.700000762939453,21.700000762939453,21.09000015258789,21.09000015258789,17.63890838623047,1000.0,PATI
2018-07-25,57.95000076293945,58.0,55.349998474121094,56.349998474121094,55.80316162109375,441000.0,PATK
2018-07-25,1.6100000143051147,1.6100000143051147,1.25,1.440000057220459,1.440000057220459,2082700.0,PAVM
2018-07-25,0.12999999523162842,0.12999999523162842,0.12999999523162842,0.12999999523162842,0.12999999523162842,0.0,PAVMW
2018-07-25,109.5999984741211,112.97000122070312,109.5999984741211,112.61000061035156,112.61000061035156,436400.0,PAYC
2018-07-25,2.490000009536743,2.650000095367432,2.490000009536743,2.5999999046325684,2.5999999046325684,49900.0,PAYS
2018-07-25,71.19999694824219,72.06999969482422,71.19999694824219,72.0,68.22676086425781,2329800.0,PAYX
2018-07-25,69.87999725341797,71.05000305175781,68.37000274658203,68.87999725341797,65.89212799072266,685800.0,PB
2018-07-25,35.380001068115234,35.5099983215332,35.09999847412109,35.459999084472656,31.66568374633789,404600.0,PBA
2018-07-25,25.09000015258789,25.10000038146973,25.06999969482422,25.10000038146973,22.873592376708984,7500.0,PBB
2018-07-25,11.350000381469727,11.600000381469727,11.350000381469727,11.600000381469727,11.134150505065918,400.0,PBBI
2018-07-25,0.03999999910593033,0.03999999910593033,0.03999999910593033,0.03999999910593033,0.03731032833456993,27800.0,PBC
2018-07-25,18.46999931335449,18.520000457763672,18.200000762939453,18.299999237060547,16.99515151977539,3076100.0,PBCT
2018-07-25,25.8799991607666,25.96999931335449,25.770000457763672,25.93000030517578,23.58479118347168,14700.0,PBCTP
2018-07-25,43.22999954223633,43.72000122070313,42.900001525878906,43.59000015258789,40.75124740600586,1136700.0,PBF
2018-07-25,20.950000762939453,21.200000762939453,20.899999618530273,21.100000381469727,17.83363914489746,121100.0,PBFX
2018-07-25,36.0,36.43000030517578,35.2400016784668,35.45000076293945,35.45000076293945,511500.0,PBH
2018-07-25,15.5,15.5,15.5,15.5,15.110159873962402,0.0,PBHC
2018-07-25,8.729999542236326,8.779999732971191,8.600000381469728,8.680000305175781,7.846682071685791,2390600.0,PBI
2018-07-25,19.290000915527344,19.299999237060547,19.06999969482422,19.149999618530273,17.838407516479492,6000.0,PBIP
2018-07-25,12.699999809265135,12.850000381469727,12.550000190734865,12.600000381469727,12.600000381469727,120400.0,PBPB
2018-07-25,11.84000015258789,12.0,11.739999771118164,11.949999809265135,11.656009674072266,15890300.0,PBR
2018-07-25,9.380000114440918,9.380000114440918,9.220000267028807,9.279999732971193,7.919150352478027,77000.0,PBT
2018-07-25,24.899999618530273,24.899999618530273,24.82999992370605,24.8700008392334,22.60828018188477,21200.0,PBY
2018-07-25,50.95000076293945,51.22999954223633,49.4000015258789,49.95000076293945,49.95000076293945,840200.0,PBYI
2018-07-25,62.04999923706055,64.26999664306639,62.04999923706055,64.16999816894531,58.36309432983398,3615000.0,PCAR
2018-07-25,9.380000114440918,9.40999984741211,9.380000114440918,9.399999618530273,8.489442825317383,60100.0,PCF
2018-07-25,42.43999862670898,43.59000015258789,41.97999954223633,42.9900016784668,42.9900016784668,7594300.0,PCG
2018-07-25,47.4000015258789,47.45000076293945,46.5,47.1500015258789,40.45715713500977,328700.0,PCH
2018-07-25,23.90999984741211,24.059999465942386,23.8799991607666,24.03000068664551,20.19254493713379,369300.0,PCI
2018-07-25,8.319999694824219,8.319999694824219,8.220000267028809,8.260000228881836,7.535010814666747,132500.0,PCK
2018-07-25,11.119999885559082,11.1899995803833,11.109999656677246,11.170000076293944,9.676286697387695,32800.0,PCM
2018-07-25,17.979999542236328,18.1200008392334,17.889999389648438,17.90999984741211,15.640862464904785,81500.0,PCN
2018-07-25,15.890000343322756,16.129999160766598,15.289999961853027,15.479999542236328,15.479999542236328,79100.0,PCOM
2018-07-25,17.020000457763672,17.110000610351562,17.020000457763672,17.040000915527347,15.672286987304688,13700.0,PCQ
2018-07-25,36.900001525878906,37.650001525878906,35.95000076293945,36.25,36.25,407100.0,PCRX
2018-07-25,20.149999618530273,20.270000457763672,20.13500022888184,20.270000457763672,20.016780853271484,19800.0,PCSB
2018-07-25,6.190000057220459,6.25,6.119999885559082,6.199999809265138,5.782402515411378,11500.0,PCTI
2018-07-25,63.040000915527344,64.01000213623047,62.97999954223633,63.79999923706055,63.79999923706055,169300.0,PCTY
2018-07-25,8.199999809265138,8.199999809265138,7.9000000953674325,7.949999809265138,7.949999809265138,34200.0,PCYG
2018-07-25,10.449999809265137,10.75,10.449999809265137,10.550000190734863,10.550000190734863,19900.0,PCYO
2018-07-25,60.22000122070313,62.63000106811523,59.4900016784668,62.20000076293945,62.20000076293945,992900.0,PDCE
2018-07-25,24.3700008392334,24.459999084472656,23.26000022888184,23.86000061035156,22.13990974426269,1794000.0,PDCO
2018-07-25,6.5999999046325675,6.5999999046325675,6.4000000953674325,6.5,6.5,5000.0,PDEX
2018-07-25,11.329999923706055,11.449999809265135,10.800000190734863,10.899999618530273,10.899999618530273,282200.0,PDFS
2018-07-25,32.86999893188477,33.0,32.77000045776367,32.900001525878906,27.860395431518555,257300.0,PDI
2018-07-25,15.279999732971193,15.279999732971193,15.140000343322756,15.140000343322756,15.140000343322756,2800.0,PDLB
2018-07-25,2.5899999141693115,2.5999999046325684,2.539999961853028,2.5699999332427983,2.5699999332427983,1115100.0,PDLI
2018-07-25,19.43000030517578,19.540000915527344,19.3799991607666,19.440000534057614,18.0905818939209,634400.0,PDM
2018-07-25,3.4300000667572017,3.4600000381469727,3.380000114440918,3.4600000381469727,3.4600000381469727,1511400.0,PDS
2018-07-25,19.440000534057614,19.959999084472656,19.200000762939453,19.6200008392334,19.6200008392334,7400.0,PDSB
2018-07-25,16.040000915527347,16.100000381469727,16.020000457763672,16.040000915527347,14.270397186279295,42000.0,PDT
2018-07-25,31.459999084472656,31.940000534057614,31.170000076293945,31.899999618530273,31.640470504760746,2028600.0,PE
2018-07-25,25.93000030517578,26.29999923706055,25.86000061035156,26.229999542236328,24.14101409912109,2766700.0,PEAK
2018-07-25,38.90999984741211,39.25,38.58000183105469,39.16999816894531,36.25262069702149,581600.0,PEB
2018-07-25,31.25,32.59999847412109,31.25,32.419998168945305,31.046165466308594,2800.0,PEBK
2018-07-25,37.88000106811523,39.060001373291016,37.88000106811523,38.27999877929688,35.76378631591797,44000.0,PEBO
2018-07-25,10.5600004196167,10.5600004196167,10.550000190734863,10.550000190734863,10.550000190734863,6000.0,PECK
2018-07-25,2.2300000190734863,2.450000047683716,2.1199998855590816,2.2699999809265137,2.2699999809265137,629100.0,PED
2018-07-25,51.13999938964844,51.88999938964844,51.06000137329102,51.43999862670898,48.57931900024414,3222100.0,PEG
2018-07-25,57.29999923706055,58.20000076293945,57.20000076293945,57.54999923706055,57.36467361450195,176100.0,PEGA
2018-07-25,10.510000228881836,10.579999923706056,10.390000343322754,10.5,7.988648891448975,1077400.0,PEI
2018-07-25,2.8499999046325684,2.8499999046325684,2.549999952316284,2.650000095367432,2.650000095367432,357900.0,PEIX
2018-07-25,138.30000305175778,146.4499969482422,138.30000305175778,145.3000030517578,145.3000030517578,348400.0,PEN
2018-07-25,34.459999084472656,34.81999969482422,33.81999969482422,34.15999984741211,34.15999984741211,1495900.0,PENN
2018-07-25,19.950000762939453,20.09000015258789,19.940000534057614,20.040000915527344,18.210783004760746,54900.0,PEO
2018-07-25,114.94000244140624,115.66999816894531,114.5,115.20999908447266,109.35972595214844,4762300.0,PEP
2018-07-25,2.75,2.799999952316284,2.700000047683716,2.75,1.954548001289368,444400.0,PER
2018-07-25,2.9100000858306885,3.059999942779541,2.8499999046325684,3.0,3.0,55000.0,PERI
2018-07-25,4.5,4.5,4.300000190734863,4.300000190734863,4.300000190734863,14900.0,PESI
2018-07-25,27.739999771118164,29.15999984741211,27.25,27.979999542236328,27.979999542236328,543600.0,PETQ
2018-07-25,35.09999847412109,36.70000076293945,35.080001831054695,36.43999862670898,33.659114837646484,1218200.0,PETS
2018-07-25,3.9700000286102295,4.059999942779541,3.859999895095825,3.920000076293945,3.920000076293945,17800.0,PETZ
2018-07-25,65.51999664306639,65.51999664306639,63.93999862670898,64.18000030517578,62.01053237915039,97600.0,PFBC
2018-07-25,19.61000061035156,19.850000381469727,19.25,19.25,17.995349884033203,8500.0,PFBI
2018-07-25,13.68000030517578,13.720000267028807,13.68000030517578,13.720000267028807,12.350784301757812,24400.0,PFD
2018-07-25,37.66999816894531,38.06999969482422,37.560001373291016,37.9900016784668,35.67813491821289,16291300.0,PFE
2018-07-25,54.63999938964844,55.09000015258789,54.22000122070313,55.02000045776367,51.1265869140625,1408800.0,PFG
2018-07-25,37.75,38.79999923706055,37.45000076293945,38.70000076293945,38.70000076293945,472600.0,PFGC
2018-07-25,13.229999542236328,13.489999771118164,12.859999656677244,13.489999771118164,9.504846572875977,17700.0,PFH
2018-07-25,18.0,18.0,18.0,18.0,18.0,0.0,PFHD
2018-07-25,3.4100000858306885,3.440000057220459,3.369999885559082,3.4100000858306885,3.4100000858306885,180600.0,PFIE
2018-07-25,8.5,8.5,8.449999809265138,8.489999771118164,8.103322982788086,4100.0,PFIN
2018-07-25,46.61000061035156,47.7599983215332,46.0099983215332,46.599998474121094,44.18869018554688,2300.0,PFIS
2018-07-25,12.170000076293945,12.229999542236328,12.140000343322756,12.1899995803833,10.435385704040527,58900.0,PFL
2018-07-25,13.619999885559082,13.670000076293945,13.550000190734865,13.619999885559082,11.595458030700685,72900.0,PFLT
2018-07-25,2.150000095367432,2.190000057220459,2.0699999332427983,2.190000057220459,2.190000057220459,6900.0,PFMT
2018-07-25,10.640000343322754,10.720000267028807,10.630000114440918,10.65999984741211,9.072540283203123,114300.0,PFN
2018-07-25,5.380000114440918,5.6599998474121085,5.380000114440918,5.480000019073486,5.480000019073486,60700.0,PFNX
2018-07-25,11.399999618530273,11.609999656677244,11.229999542236328,11.550000190734865,10.378653526306152,237600.0,PFO
2018-07-25,121.47000122070312,123.97000122070312,121.2699966430664,123.5999984741211,123.5999984741211,556800.0,PFPT
2018-07-25,27.8700008392334,27.8700008392334,27.40999984741211,27.57999992370605,25.89330291748047,104000.0,PFS
2018-07-25,19.549999237060547,19.799999237060547,19.450000762939453,19.600000381469727,19.105287551879886,88700.0,PFSI
2018-07-25,10.239999771118164,10.350000381469727,10.09000015258789,10.149999618530273,10.149999618530273,17100.0,PFSW
2018-07-25,78.72000122070312,79.5999984741211,78.72000122070312,79.47000122070312,76.16651153564453,6208400.0,PG
2018-07-25,34.790000915527344,34.790000915527344,34.330001831054695,34.389999389648445,33.97880172729492,38700.0,PGC
2018-07-25,13.90999984741211,14.300000190734865,13.8100004196167,13.989999771118164,13.989999771118164,850600.0,PGEN
2018-07-25,41.22999954223633,41.22999954223633,41.22999954223633,41.22999954223633,41.22999954223633,0.0,PGM
2018-07-25,7.699999809265138,7.769999980926514,7.309999942779541,7.320000171661378,7.320000171661378,1382100.0,PGNX
2018-07-25,15.350000381469727,15.640000343322756,15.300000190734865,15.399999618530273,13.0779390335083,40200.0,PGP
2018-07-25,59.31999969482422,59.68000030517578,59.1500015258789,59.52000045776367,56.99737167358398,3190900.0,PGR
2018-07-25,15.25,15.3100004196167,15.1850004196167,15.279999732971193,14.45961093902588,871300.0,PGRE
2018-07-25,23.35000038146973,23.520000457763672,22.54999923706055,23.10000038146973,23.10000038146973,716600.0,PGTI
2018-07-25,17.959999084472656,18.15999984741211,17.8700008392334,18.1299991607666,16.123956680297848,20000.0,PGZ
2018-07-25,161.88999938964844,163.49000549316406,160.0500030517578,163.14999389648438,157.88583374023438,1340200.0,PH
2018-07-25,11.109999656677246,11.140000343322754,11.09000015258789,11.130000114440918,9.89663791656494,86000.0,PHD
2018-07-25,43.16999816894531,43.81999969482422,43.040000915527344,43.7599983215332,42.76427459716797,1449100.0,PHG
2018-07-25,25.71999931335449,25.790000915527344,25.25,25.54999923706055,22.44636344909668,60800.0,PHI
2018-07-25,94.0500030517578,94.93000030517578,81.94999694824219,83.05000305175781,83.05000305175781,3400.0,PHIO
2018-07-25,8.649999618530272,8.710000038146973,8.619999885559082,8.699999809265138,7.329824924468994,570000.0,PHK
2018-07-25,30.09000015258789,30.09000015258789,28.479999542236328,28.979999542236328,28.27560806274414,9804900.0,PHM
2018-07-25,9.260000228881836,9.279999732971193,9.25,9.270000457763672,7.978102207183838,73000.0,PHT
2018-07-25,10.418999671936037,10.418999671936037,10.418999671936037,10.418999671936037,10.418999671936037,0.0,PHUN
2018-07-25,20.25,20.25,19.700000762939453,20.0,19.55203437805176,27700.0,PHX
2018-07-25,23.959999084472656,24.95000076293945,23.959999084472656,24.8700008392334,24.8700008392334,120100.0,PI
2018-07-25,1071.0,1090.0,1065.0,1071.0,1071.0,765.0,PIC
2018-07-25,12.449999809265135,12.449999809265135,12.199999809265135,12.25,12.25,69000.0,PICO
2018-07-25,7.102000236511231,7.102000236511231,7.102000236511231,7.102000236511231,7.102000236511231,100.0,PIH
2018-07-25,25.792999267578125,25.792999267578125,25.60000038146973,25.60000038146973,22.296859741210934,1600.0,PIHPP
2018-07-25,111.1999969482422,111.1999969482422,102.88999938964844,110.12000274658205,105.06829071044922,3742300.0,PII
2018-07-25,4.570000171661377,4.639999866485597,4.570000171661377,4.619999885559082,4.052630424499512,106600.0,PIM
2018-07-25,37.150001525878906,37.36999893188477,37.060001373291016,37.36000061035156,37.36000061035156,172200.0,PINC
2018-07-25,6.0999999046325675,6.289999961853027,5.880000114440918,5.920000076293945,5.920000076293945,614000.0,PIRS
2018-07-25,136.0,136.0,122.4000015258789,125.5999984741211,125.5999984741211,9400.0,PIXY
2018-07-25,15.739999771118164,15.890000343322756,15.600000381469727,15.890000343322756,11.001604080200195,5500.0,PIY
2018-07-25,25.790000915527344,25.85000038146973,25.770000457763672,25.81999969482422,23.716344833374023,28800.0,PJH
2018-07-25,55.93000030517578,56.27000045776367,55.52999877929688,55.65999984741211,55.22472381591797,79700.0,PJT
2018-07-25,31.489999771118164,31.489999771118164,30.790000915527344,31.040000915527344,26.370080947875977,1767000.0,PK
2018-07-25,21.727272033691406,21.81818199157715,21.590909957885746,21.727272033691406,20.8605899810791,3500.0,PKBK
2018-07-25,23.209999084472656,23.479999542236328,22.82999992370605,23.04999923706055,16.962472915649414,73100.0,PKE
2018-07-25,116.19000244140624,116.52999877929688,114.6999969482422,116.33999633789062,110.06941223144531,779900.0,PKG
2018-07-25,78.81999969482422,79.44000244140625,78.19999694824219,79.2300033569336,78.86450958251953,1004000.0,PKI
2018-07-25,27.440000534057614,27.5,27.3799991607666,27.399999618530273,23.29576110839844,29300.0,PKO
2018-07-25,37.650001525878906,38.29999923706055,36.70000076293945,36.79999923706055,35.839683532714844,13800.0,PKOH
2018-07-25,72.16000366210938,73.31999969482422,71.61000061035156,73.27999877929688,69.64693450927734,254500.0,PKX
2018-07-25,8.75,8.75,8.5,8.649999618530272,8.649999618530272,293600.0,PLAB
2018-07-25,4.5,5.0,4.5,5.0,5.0,2300.0,PLAG
2018-07-25,48.25,48.75,47.25,47.599998474121094,46.63075637817383,628100.0,PLAY
2018-07-25,27.63999938964844,27.649999618530273,27.63999938964844,27.649999618530273,26.933576583862305,400.0,PLBC
2018-07-25,124.5500030517578,126.1500015258789,123.4499969482422,125.1500015258789,120.66315460205078,454500.0,PLCE
2018-07-25,62.58000183105469,63.790000915527344,62.4900016784668,63.7599983215332,60.695518493652344,3879800.0,PLD
2018-07-25,1.100000023841858,1.100000023841858,1.0,1.100000023841858,1.100000023841858,82000.0,PLG
2018-07-25,14.25,14.25,13.5,13.677000045776367,13.677000045776367,3400.0,PLL
2018-07-25,0.8199999928474426,0.8500000238418579,0.8000000119209291,0.8199999928474426,0.8199999928474426,480600.0,PLM
2018-07-25,49.77000045776367,50.63000106811523,49.4900016784668,50.4000015258789,50.4000015258789,686500.0,PLNT
2018-07-25,47.79999923706055,47.79999923706055,46.75,47.599998474121094,45.29343032836914,58400.0,PLOW
2018-07-25,89.69999694824219,89.69999694824219,87.80000305175781,88.0,85.81538391113281,15600.0,PLPC
2018-07-25,14.0,14.329999923706055,13.68000030517578,13.84000015258789,13.84000015258789,42600.0,PLSE
2018-07-25,70.51000213623047,70.9800033569336,69.65000152587889,70.93000030517578,68.61565399169922,823400.0,PLT
2018-07-25,1.950000047683716,1.9800000190734863,1.919999957084656,1.9600000381469729,1.9600000381469729,2014900.0,PLUG
2018-07-25,100.75,101.4499969482422,100.3000030517578,100.9000015258789,100.9000015258789,33900.0,PLUS
2018-07-25,5.099999904632568,5.199999809265137,5.099999904632568,5.099999904632568,5.099999904632568,279800.0,PLX
2018-07-25,3.900000095367432,3.900000095367432,3.5499999523162837,3.5499999523162837,3.5499999523162837,5800.0,PLXP
2018-07-25,60.7400016784668,60.849998474121094,59.33000183105469,59.86999893188477,59.86999893188477,180100.0,PLXS
2018-07-25,10.529999732971193,10.550000190734863,10.369999885559082,10.520000457763672,10.520000457763672,116800.0,PLYA
2018-07-25,15.279999732971193,15.45699977874756,15.279999732971193,15.45699977874756,13.063955307006836,48200.0,PLYM
2018-07-25,84.43000030517578,84.95999908447266,83.38999938964844,83.80999755859375,75.4731216430664,6212500.0,PM
2018-07-25,9.75,9.75,9.649999618530273,9.649999618530273,9.649999618530273,9800.0,PMBC
2018-07-25,19.799999237060547,20.6299991607666,19.799999237060547,20.36000061035156,18.272958755493164,30200.0,PMD
2018-07-25,2.5699999332427983,2.619999885559082,2.509999990463257,2.619999885559082,2.6099228858947754,46000.0,PME
2018-07-25,13.390000343322756,13.390000343322756,13.31999969482422,13.359999656677244,12.28089427947998,17000.0,PMF
2018-07-25,13.149999618530273,13.229999542236328,13.149999618530273,13.18000030517578,12.0606050491333,75400.0,PML
2018-07-25,7.130000114440918,7.1599998474121085,7.070000171661378,7.070000171661378,6.470335483551025,112200.0,PMM
2018-07-25,11.670000076293945,11.739999771118164,11.670000076293945,11.670000076293945,10.637895584106444,76000.0,PMO
2018-07-25,18.700000762939453,18.799999237060547,18.63999938964844,18.75,16.395591735839847,474500.0,PMT
2018-07-25,11.760000228881836,11.770000457763672,11.710000038146973,11.729999542236328,10.656609535217283,32200.0,PMX
2018-07-25,19.799999237060547,19.8700008392334,19.700000762939453,19.8700008392334,19.792211532592773,1500.0,PNBK
2018-07-25,143.5,143.6300048828125,142.25999450683594,142.7100067138672,136.21916198730472,3293900.0,PNC
2018-07-25,12.600000381469727,12.670000076293945,12.5,12.630000114440918,11.643232345581055,3200.0,PNF
2018-07-25,62.70000076293945,62.849998474121094,62.0,62.54999923706055,61.38130187988281,503700.0,PNFP
2018-07-25,10.720000267028807,10.989999771118164,10.720000267028807,10.9399995803833,10.13089370727539,33000.0,PNI
2018-07-25,37.79999923706055,38.349998474121094,37.79999923706055,38.099998474121094,36.4622917175293,383600.0,PNM
2018-07-25,7.4000000953674325,7.440000057220459,7.360000133514403,7.420000076293945,5.966975212097168,134200.0,PNNT
2018-07-25,43.63999938964844,44.41999816894531,41.63999938964844,41.90999984741211,40.79042434692383,4403500.0,PNR
2018-07-25,71.5,71.5,71.5,71.5,71.5,0.0,PNRG
2018-07-25,78.95999908447266,79.86000061035156,77.87999725341797,79.75,75.24063110351562,1295100.0,PNW
2018-07-25,11.199999809265137,11.300000190734865,10.800000190734863,11.0,11.0,17200.0,POAI
2018-07-25,84.0,86.0,83.20999908447266,85.62000274658203,85.62000274658203,945100.0,PODD
2018-07-25,44.7599983215332,44.7599983215332,41.810001373291016,43.47999954223633,41.50371551513672,868900.0,POL
2018-07-25,6.369999885559082,6.369999885559082,6.369999885559082,6.369999885559082,6.369999885559082,400.0,POLA
2018-07-25,156.61000061035156,158.8699951171875,154.6300048828125,157.05999755859375,153.99603271484375,145800.0,POOL
2018-07-25,71.30000305175781,71.30000305175781,71.30000305175781,71.30000305175781,65.25505065917969,0.0,POPE
2018-07-25,44.45000076293945,44.849998474121094,44.290000915527344,44.810001373291016,42.48725509643555,838300.0,POR
2018-07-25,87.55000305175781,88.45999908447266,87.27999877929688,88.43000030517578,88.43000030517578,347800.0,POST
2018-07-25,75.25,75.25,73.4000015258789,74.9000015258789,73.7358627319336,186800.0,POWI
2018-07-25,35.59000015258789,36.099998474121094,35.279998779296875,35.93000030517578,34.15863037109375,16600.0,POWL
2018-07-25,37.0,37.849998474121094,36.349998474121094,36.849998474121094,35.537071228027344,456400.0,PPBI
2018-07-25,17.850000381469727,18.09000015258789,17.59000015258789,18.059999465942386,18.059999465942386,1382800.0,PPC
2018-07-25,108.01000213623048,109.61000061035156,107.38999938964844,109.27999877929688,106.05120849609376,1933400.0,PPG
2018-07-25,9.300000190734863,9.300000190734863,9.300000190734863,9.300000190734863,9.300000190734863,0.0,PPIH
2018-07-25,28.489999771118164,28.90999984741211,28.3799991607666,28.76000022888184,26.229671478271484,5242700.0,PPL
2018-07-25,4.989999771118164,5.0,4.980000019073486,4.980000019073486,4.47902774810791,226700.0,PPR
2018-07-25,5.349999904632568,5.5,5.0,5.199999809265137,3.677777767181397,2900.0,PPSI
2018-07-25,5.179999828338623,5.21999979019165,5.179999828338623,5.190000057220459,4.534232139587402,261500.0,PPT
2018-07-25,25.540000915527344,25.6200008392334,25.489999771118164,25.57999992370605,23.114280700683594,14600.0,PPX
2018-07-25,17.6200008392334,17.649999618530273,17.270000457763672,17.600000381469727,17.600000381469727,116900.0,PQG
2018-07-25,39.75,40.150001525878906,39.349998474121094,40.150001525878906,37.801666259765625,477500.0,PRA
2018-07-25,43.099998474121094,43.150001525878906,41.70000076293945,41.79999923706055,41.79999923706055,366500.0,PRAA
2018-07-25,105.41000366210938,107.1750030517578,104.4000015258789,106.86000061035156,106.86000061035156,613400.0,PRAH
2018-07-25,10.729999542236328,10.960000038146973,10.600000381469727,10.960000038146973,10.960000038146973,11300.0,PRCP
2018-07-25,27.190000534057614,27.420000076293945,26.84000015258789,27.420000076293945,27.420000076293945,75500.0,PRFT
2018-07-25,76.80999755859375,77.38999938964844,76.4800033569336,77.27999877929688,75.25016021728516,572300.0,PRGO
2018-07-25,39.38999938964844,40.09000015258789,38.9900016784668,39.84000015258789,38.73245239257813,330900.0,PRGS
2018-07-25,9.350000381469727,9.449999809265137,9.25,9.399999618530273,9.399999618530273,25500.0,PRGX
2018-07-25,25.36000061035156,25.36000061035156,25.270000457763672,25.31999969482422,23.265361785888672,23200.0,PRH
2018-07-25,109.8000030517578,113.0999984741211,109.4000015258789,112.8499984741211,110.8084487915039,244000.0,PRI
2018-07-25,27.85000038146973,27.85000038146973,26.34000015258789,27.239999771118164,26.66025161743164,193300.0,PRIM
2018-07-25,111.9800033569336,111.9800033569336,109.01000213623048,110.25,103.51325988769531,38400.0,PRK
2018-07-25,134.89999389648438,137.60000610351562,134.05000305175778,137.25,137.25,148700.0,PRLB
2018-07-25,17.319999694824222,17.530000686645508,17.270000457763672,17.469999313354492,17.400535583496097,162300.0,PRMW
2018-07-25,37.2599983215332,38.18000030517578,37.2599983215332,37.709999084472656,37.709999084472656,196800.0,PRO
2018-07-25,1.25,1.274999976158142,1.25,1.2699999809265137,1.2699999809265137,5150.0,PROF
2018-07-25,18.6200008392334,18.6200008392334,18.209999084472656,18.5,17.612253189086914,18100.0,PROV
2018-07-25,2.9500000476837163,2.9600000381469727,2.9500000476837163,2.9500000476837163,2.421942949295044,1200.0,PRPH
2018-07-25,7.7189998626708975,7.7189998626708975,7.170000076293945,7.300000190734862,7.300000190734862,54400.0,PRPL
2018-07-25,5.550000190734863,5.8499999046325675,5.550000190734863,5.625,5.625,34000.0,PRPO
2018-07-25,6.949999809265138,7.0,6.9000000953674325,6.949999809265138,6.949999809265138,9100.0,PRQR
2018-07-25,71.69999694824219,72.38999938964844,70.91000366210938,71.43000030517578,71.43000030517578,55100.0,PRSC
2018-07-25,22.65999984741211,22.790000915527344,22.25,22.36000061035156,21.990062713623047,744400.0,PRSP
2018-07-25,16.129999160766598,16.239999771118164,16.110000610351562,16.149999618530273,13.5694580078125,44600.0,PRT
2018-07-25,14.619999885559082,14.9399995803833,14.09000015258789,14.289999961853027,14.289999961853027,493600.0,PRTA
2018-07-25,11.199999809265137,11.199999809265137,10.93299961090088,10.93299961090088,10.93299961090088,1800.0,PRTH
2018-07-25,10.350000381469727,10.649999618530273,10.25,10.649999618530273,10.649999618530273,597300.0,PRTK
2018-07-25,1.4099999666213991,1.4299999475479126,1.4099999666213991,1.4199999570846558,1.4199999570846558,28300.0,PRTS
2018-07-25,15.949999809265135,16.200000762939453,15.850000381469727,16.149999618530273,16.149999618530273,1015700.0,PRTY
2018-07-25,97.76000213623048,98.16999816894531,95.6500015258789,96.97000122070312,90.00411987304688,2430800.0,PRU
2018-07-25,4.889999866485597,4.900000095367432,4.199999809265137,4.4099998474121085,4.4099998474121085,296500.0,PRVB
2018-07-25,24.540000915527344,24.82500076293945,24.15999984741211,24.3799991607666,24.3799991607666,148000.0,PS
2018-07-25,219.97000122070312,220.4199981689453,218.82000732421875,219.6699981689453,206.07521057128903,1085000.0,PSA
2018-07-25,126.0199966430664,126.0199966430664,123.55999755859376,125.12000274658205,119.14427947998048,122600.0,PSB
2018-07-25,6.920000076293945,6.929999828338622,6.889999866485597,6.9099998474121085,5.694437026977539,842000.0,PSEC
2018-07-25,27.3700008392334,27.96999931335449,27.26000022888184,27.899999618530273,24.62277984619141,29200.0,PSF
2018-07-25,1.6399999856948853,1.940000057220459,1.6399999856948853,1.7200000286102295,1.7200000286102295,2291800.0,PSHG
2018-07-25,79.4000015258789,80.69999694824219,79.1500015258789,80.5,78.77714538574219,119000.0,PSMT
2018-07-25,11.9399995803833,12.0,11.899999618530273,11.989999771118164,11.307665824890135,278600.0,PSO
2018-07-25,22.670000076293945,23.20000076293945,22.350000381469727,23.10000038146973,23.10000038146973,2348900.0,PSTG
2018-07-25,12.600000381469727,13.0,12.600000381469727,12.800000190734865,12.800000190734865,14200.0,PSTI
2018-07-25,44.0,44.0,35.5,36.0,36.0,10600.0,PSTV
2018-07-25,11.399999618530273,11.5,11.199999809265137,11.199999809265137,11.199999809265137,12400.0,PSV
2018-07-25,111.5500030517578,112.58999633789062,111.12999725341795,112.3499984741211,105.73633575439452,1671100.0,PSX
2018-07-25,52.61000061035156,53.88000106811523,52.52000045776367,53.599998474121094,48.00885772705078,318900.0,PSXP
2018-07-25,95.98999786376952,99.56999969482422,95.79000091552734,99.2699966430664,99.2699966430664,1173100.0,PTC
2018-07-25,39.93000030517578,40.93999862670898,37.060001373291016,37.58000183105469,37.58000183105469,749900.0,PTCT
2018-07-25,19.51000022888184,26.209999084472656,19.149999618530273,20.96999931335449,20.96999931335449,3240200.0,PTE
2018-07-25,16.260000228881836,16.290000915527347,15.949999809265135,16.190000534057614,15.687846183776855,5516300.0,PTEN
2018-07-25,7.190000057220459,7.3499999046325675,7.0900001525878915,7.1500000953674325,7.1500000953674325,129800.0,PTGX
2018-07-25,2.759999990463257,2.7699999809265137,2.5999999046325684,2.5999999046325684,2.5999999046325684,285000.0,PTI
2018-07-25,40.95000076293945,42.11999893188477,40.72999954223633,41.75,41.75,822200.0,PTLA
2018-07-25,3.3399999141693115,3.3499999046325684,3.2699999809265137,3.289999961853028,2.286020278930664,31000.0,PTMN
2018-07-25,0.9900000095367432,1.0,0.9800000190734864,0.9800000190734864,0.9800000190734864,767300.0,PTN
2018-07-25,3.940000057220459,3.940000057220459,3.849999904632568,3.869999885559082,3.869999885559082,12300.0,PTNR
2018-07-25,73.06999969482422,74.27999877929688,72.72000122070312,74.16000366210938,69.9525146484375,96000.0,PTR
2018-07-25,44.11000061035156,59.0,43.47000122070313,52.95000076293945,52.95000076293945,111200.0,PTSI
2018-07-25,23.60000038146973,23.60000038146973,23.60000038146973,23.60000038146973,22.30946159362793,600.0,PTVCA
2018-07-25,23.5,23.5,23.20000076293945,23.35000038146973,22.08692169189453,15200.0,PTVCB
2018-07-25,17.809999465942386,17.969999313354492,17.809999465942386,17.899999618530273,15.374835014343262,284700.0,PTY
2018-07-25,35.849998474121094,36.150001525878906,35.400001525878906,35.650001525878906,34.65382766723633,18700.0,PUB
2018-07-25,46.31999969482422,46.68000030517578,45.93000030517578,46.61000061035156,38.05552291870117,149400.0,PUK
2018-07-25,5.099999904632568,5.099999904632568,4.800000190734863,4.900000095367432,4.900000095367432,18100.0,PULM
2018-07-25,14.6899995803833,14.779999732971193,14.350000381469727,14.539999961853027,14.539999961853027,1211200.0,PUMP
2018-07-25,87.9000015258789,88.87999725341797,87.13500213623047,88.16999816894531,88.16999816894531,335500.0,PVAC
2018-07-25,13.65660572052002,13.854527473449707,13.557644844055176,13.557644844055176,13.557644844055176,4000.0,PVBC
2018-07-25,8.199999809265138,8.800000190734863,8.180000305175781,8.609999656677246,8.609999656677246,2619900.0,PVG
2018-07-25,153.5500030517578,157.0399932861328,153.5500030517578,156.99000549316406,156.4710693359375,709300.0,PVH
2018-07-25,3.5499999523162837,3.5899999141693115,3.4500000476837163,3.5,2.7782423496246342,117300.0,PVL
2018-07-25,6.119999885559082,6.119999885559082,6.110000133514403,6.110000133514403,6.110000133514403,1400.0,PW
2018-07-25,45.4000015258789,45.70000076293945,45.25,45.4000015258789,41.88634490966797,1800.0,PWOD
2018-07-25,32.610000610351555,33.790000915527344,32.610000610351555,33.72999954223633,33.53818893432617,1757500.0,PWR
2018-07-25,187.1699981689453,189.1300048828125,186.0,188.6499938964844,185.3804626464844,1018100.0,PXD
2018-07-25,3.289999961853028,3.359999895095825,3.1800000667572017,3.3399999141693115,3.3399999141693115,251400.0,PXLW
2018-07-25,1.0299999713897705,1.0299999713897705,0.9399999976158142,0.9499999880790709,0.9499999880790709,184700.0,PXS
2018-07-25,9.359999656677246,9.4399995803833,9.359999656677246,9.43000030517578,8.709535598754883,4000.0,PYN
2018-07-25,91.12999725341795,92.3499984741211,91.01000213623048,91.37000274658205,91.37000274658205,11976800.0,PYPL
2018-07-25,18.299999237060547,18.399999618530273,18.290000915527344,18.399999618530273,16.07567024230957,3300.0,PYS
2018-07-25,22.15999984741211,22.15999984741211,22.15999984741211,22.15999984741211,20.861059188842773,0.0,PYT
2018-07-25,14.850000381469727,14.850000381469727,13.800000190734865,13.850000381469727,13.850000381469727,76800.0,PYX
2018-07-25,10.5600004196167,10.579999923706056,10.520000457763672,10.579999923706056,9.777353286743164,4900.0,PZC
2018-07-25,1.1699999570846558,1.1749999523162842,1.1599999666213991,1.1660000085830688,1.1660000085830688,10900.0,PZG
2018-07-25,9.079999923706056,9.130000114440918,8.949999809265137,8.949999809265137,7.877926826477051,47300.0,PZN
2018-07-25,46.13999938964844,46.22999954223633,43.93000030517578,44.68000030517578,43.323280334472656,3136400.0,PZZA
2018-07-25,50.75,53.20000076293945,49.95000076293945,52.849998474121094,52.35691452026367,59300.0,QADA
2018-07-25,38.88999938964844,41.0,38.88999938964844,41.0,40.56902313232422,1000.0,QADB
2018-07-25,7.53000020980835,8.050000190734862,7.440000057220459,8.029999732971191,8.029999732971191,33900.0,QBAK
2018-07-25,58.54999923706055,59.5,57.7599983215332,59.41999816894531,55.73194122314453,13143100.0,QCOM
2018-07-25,44.900001525878906,46.65999984741211,44.25,44.45000076293945,43.91385269165039,203400.0,QCRH
2018-07-25,8.130000114440918,8.369999885559082,8.100000381469728,8.25,8.25,1091500.0,QD
2018-07-25,69.87999725341797,70.68000030517578,69.19999694824219,69.94000244140625,69.94000244140625,156100.0,QDEL
2018-07-25,11.630000114440918,11.970000267028807,11.539999961853027,11.920000076293945,11.68080234527588,3577600.0,QEP
2018-07-25,6.889999866485597,7.139999866485597,6.623000144958496,7.059999942779541,7.059999942779541,24400.0,QES
2018-07-25,36.77999877929688,37.29999923706055,36.7400016784668,37.09000015258789,37.09000015258789,721000.0,QGEN
2018-07-25,4.550000190734863,4.739999771118164,4.429999828338623,4.5900001525878915,4.5900001525878915,223800.0,QHC
2018-07-25,16.299999237060547,16.360000610351562,16.149999618530273,16.229999542236328,15.549996376037598,33100.0,QIWI
2018-07-25,93.6500015258789,96.8499984741211,93.6500015258789,96.8000030517578,96.8000030517578,294000.0,QLYS
2018-07-25,1.950000047683716,1.9700000286102293,1.7899999618530271,1.7899999618530271,1.7899999618530271,341000.0,QMCO
2018-07-25,14.039999961853027,14.390000343322756,14.039999961853027,14.25,14.25,374400.0,QNST
2018-07-25,25.239999771118164,25.729999542236328,25.209999084472656,25.5,22.517040252685547,94400.0,QQQX
2018-07-25,1.8999999761581419,1.8999999761581419,1.8400000333786009,1.8600000143051147,1.8600000143051147,9800.0,QRHC
2018-07-25,21.3799991607666,21.40999984741211,21.059999465942386,21.40999984741211,21.40999984741211,2382100.0,QRTEA
2018-07-25,21.15999984741211,21.15999984741211,21.15999984741211,21.15999984741211,21.15999984741211,0.0,QRTEB
2018-07-25,81.0199966430664,81.5999984741211,79.5999984741211,81.25,81.25,998100.0,QRVO
2018-07-25,64.47000122070311,64.75,63.9900016784668,64.43000030517578,60.77764511108398,1324600.0,QSR
2018-07-25,7.53000020980835,7.800000190734862,7.510000228881836,7.71999979019165,7.71999979019165,267400.0,QTNT
2018-07-25,15.539999961853027,15.850000381469727,15.300000190734865,15.699999809265135,15.699999809265135,29900.0,QTRX
2018-07-25,40.36999893188477,41.02999877929688,40.06999969482422,40.86999893188477,38.254093170166016,585900.0,QTS
2018-07-25,62.54999923706055,63.4000015258789,61.7599983215332,62.1500015258789,62.1500015258789,276500.0,QTWO
2018-07-25,19.8700008392334,20.040000915527344,19.729999542236328,19.96999931335449,16.70124626159668,191700.0,QUAD
2018-07-25,15.81999969482422,15.81999969482422,15.68000030517578,15.81999969482422,15.81999969482422,6100.0,QUIK
2018-07-25,2.630000114440918,2.740000009536743,2.619999885559082,2.6700000762939453,2.6700000762939453,19000.0,QUMU
2018-07-25,14.800000190734865,15.0,14.649999618530273,14.899999618530273,14.899999618530273,233700.0,QUOT
2018-07-25,32.189998626708984,33.15800094604492,31.70000076293945,32.400001525878906,32.400001525878906,353400.0,QURE
2018-07-25,74.76000213623047,78.58000183105469,72.19000244140625,78.31999969482422,73.07331848144531,1424300.0,R
2018-07-25,23.07999992370605,23.10000038146973,23.020000457763672,23.086000442504886,19.159582138061523,99200.0,RA
2018-07-25,132.08999633789062,136.30000305175778,130.1199951171875,134.52000427246094,133.40357971191406,2319700.0,RACE
2018-07-25,35.599998474121094,38.20000076293945,35.599998474121094,37.79999923706055,37.79999923706055,794000.0,RAD
2018-07-25,2.9800000190734863,3.0799999237060547,2.9800000190734863,3.0299999713897705,3.0299999713897705,110300.0,RADA
2018-07-25,17.139999389648438,17.600000381469727,17.0,17.569999694824222,17.569999694824222,70700.0,RAIL
2018-07-25,42.77999877929688,43.52999877929688,42.72999954223633,43.459999084472656,43.459999084472656,404200.0,RAMP
2018-07-25,2.609999895095825,2.640000104904175,2.609999895095825,2.630000114440918,2.630000114440918,3900.0,RAND
2018-07-25,79.2300033569336,81.5,78.8499984741211,81.3499984741211,81.3499984741211,514200.0,RARE
2018-07-25,10.869999885559082,11.329999923706055,10.869999885559082,11.15999984741211,11.15999984741211,234900.0,RARX
2018-07-25,1.5800000429153442,1.6000000238418581,1.5499999523162842,1.5499999523162842,1.5499999523162842,9700.0,RAVE
2018-07-25,39.04999923706055,39.54999923706055,38.70000076293945,39.45000076293945,38.61368179321289,49300.0,RAVN
2018-07-25,32.11999893188477,32.36999893188477,32.0,32.330001831054695,31.22606468200684,352900.0,RBA
2018-07-25,31.28000068664551,31.42499923706055,30.56999969482422,30.84000015258789,29.84469413757324,36000.0,RBB
2018-07-25,7.28000020980835,7.369999885559082,7.170000076293945,7.300000190734862,7.300000190734862,186100.0,RBBN
2018-07-25,82.55000305175781,83.75,81.5999984741211,83.5,81.26115417480469,156600.0,RBC
2018-07-25,48.599998474121094,48.599998474121094,47.61000061035156,48.13999938964844,46.07841873168945,12800.0,RBCAA
2018-07-25,8.010000228881836,8.020000457763674,8.0,8.020000457763674,8.020000457763674,6700.0,RBCN
2018-07-25,28.0,29.25,27.82999992370605,28.84000015258789,28.157381057739254,20800.0,RBNC
2018-07-25,6.619999885559082,6.630000114440918,6.559999942779541,6.630000114440918,5.543373107910156,443900.0,RBS
2018-07-25,80.80000305175781,80.80000305175781,80.80000305175781,80.80000305175781,80.80000305175781,0.0,RBZ
2018-07-25,16.549999237060547,16.549999237060547,16.450000762939453,16.549999237060547,13.419182777404785,25100.0,RC
2018-07-25,28.75,28.79999923706055,28.70000076293945,28.79999923706055,27.94235420227051,38500.0,RCB
2018-07-25,1.25,1.2799999713897705,1.2300000190734863,1.2599999904632568,1.2599999904632568,85100.0,RCEL
2018-07-25,1.6499999761581419,1.690000057220459,1.6499999761581419,1.690000057220459,1.690000057220459,14000.0,RCG
2018-07-25,49.88000106811523,49.88000106811523,49.540000915527344,49.70000076293945,47.40419006347656,265100.0,RCI
2018-07-25,14.720000267028807,14.760000228881836,14.699999809265135,14.729999542236328,14.439549446105955,913300.0,RCII
2018-07-25,19.899999618530273,20.559999465942386,19.899999618530273,20.46999931335449,20.46999931335449,140400.0,RCKT
2018-07-25,27.45000076293945,28.0,27.18000030517578,27.85000038146973,26.93579864501953,57200.0,RCKY
2018-07-25,109.62000274658205,110.9000015258789,108.38999938964844,110.7699966430664,105.7278060913086,1137600.0,RCL
2018-07-25,8.800000190734863,9.095000267028807,8.680000305175781,9.050000190734863,9.050000190734863,420500.0,RCM
2018-07-25,4.78000020980835,4.900000095367432,4.760000228881836,4.760000228881836,4.760000228881836,19500.0,RCMT
2018-07-25,7.699999809265138,7.9000000953674325,7.449999809265138,7.75,7.75,9600.0,RCON
2018-07-25,25.65099906921387,25.665000915527344,25.60000038146973,25.60000038146973,23.27450942993164,1400.0,RCP
2018-07-25,9.699999809265137,9.960000038146973,9.699999809265137,9.93000030517578,8.649744033813478,101200.0,RCS
2018-07-25,11.59000015258789,11.739999771118164,11.074000358581543,11.4399995803833,11.4399995803833,47200.0,RCUS
2018-07-25,21.25,21.600000381469727,21.25,21.450000762939453,21.450000762939453,18700.0,RDCM
2018-07-25,25.01000022888184,25.774999618530273,24.690000534057614,25.68000030517578,25.68000030517578,1714500.0,RDFN
2018-07-25,10.100000381469727,10.100000381469727,9.84000015258789,9.989999771118164,9.989999771118164,99500.0,RDHL
2018-07-25,15.800000190734865,15.800000190734865,15.550000190734865,15.619999885559082,15.619999885559082,43600.0,RDI
2018-07-25,24.678699493408203,25.5,24.49530029296875,25.5,25.5,2209.0,RDIB
2018-07-25,17.84000015258789,17.850000381469727,17.639999389648438,17.700000762939453,17.595701217651367,2130400.0,RDN
2018-07-25,13.949999809265135,14.0,13.75,13.850000381469727,13.850000381469727,113300.0,RDNT
2018-07-25,27.059999465942386,28.809999465942386,25.81999969482422,26.170000076293945,26.170000076293945,1595400.0,RDUS
2018-07-25,7.03000020980835,7.480000019073486,7.015999794006348,7.46999979019165,7.46999979019165,24900.0,RDVT
2018-07-25,27.229999542236328,27.489999771118164,27.03000068664551,27.45000076293945,27.45000076293945,131200.0,RDWR
2018-07-25,30.21999931335449,31.86000061035156,30.020000457763672,30.420000076293945,30.193586349487305,235100.0,RDY
2018-07-25,222.22000122070312,225.1999969482422,220.2100067138672,223.6199951171875,214.30772399902344,314800.0,RE
2018-07-25,13.020000457763672,13.5,12.96500015258789,13.369999885559082,13.369999885559082,54500.0,REDU
2018-07-25,2.650000095367432,2.700000047683716,2.5999999046325684,2.700000047683716,2.700000047683716,32500.0,REED
2018-07-25,0.8500000238418579,0.8700000047683716,0.8500000238418579,0.8500000238418579,0.8500000238418579,23600.0,REFR
2018-07-25,60.83000183105469,63.43999862670898,60.83000183105469,62.83000183105469,59.02135848999024,7758400.0,REG
2018-07-25,16.5,16.629999160766598,16.299999237060547,16.549999237060547,16.549999237060547,508800.0,REGI
2018-07-25,370.9800109863281,376.1099853515625,369.5700073242188,374.489990234375,374.489990234375,672700.0,REGN
2018-07-25,12.899999618530273,13.0,12.5600004196167,12.880000114440918,12.880000114440918,429800.0,REI
2018-07-25,1.690000057220459,1.690000057220459,1.1799999475479126,1.4529999494552612,1.4529999494552612,32600.0,REKR
2018-07-25,9.5,9.75,9.5,9.670000076293944,9.04966640472412,24400.0,RELL
2018-07-25,4.760000228881836,4.929999828338623,4.760000228881836,4.920000076293945,4.920000076293945,1200.0,RELV
2018-07-25,22.350000381469727,22.520000457763672,22.15999984741211,22.46999931335449,21.779712677001953,137400.0,RELX
2018-07-25,27.0,27.489999771118164,27.0,27.21299934387207,19.901309967041016,9600.0,REML
2018-07-25,6.8400001525878915,7.019999980926514,6.8400001525878915,6.989999771118164,6.989999771118164,42000.0,RENN
2018-07-25,4.941704273223877,4.99910306930542,4.771300315856934,4.81614351272583,4.81614351272583,123100.0,REPH
2018-07-25,15.260000228881836,15.350000381469727,15.0,15.130000114440918,15.130000114440918,84900.0,REPL
2018-07-25,14.170000076293945,14.350000381469727,12.979999542236328,13.75,13.306172370910645,4820400.0,RES
2018-07-25,10.43000030517578,10.479999542236328,10.25,10.260000228881836,9.416788101196287,352400.0,RESI
2018-07-25,4.650000095367432,4.849999904632568,4.630000114440918,4.679999828338623,4.679999828338623,126300.0,RESN
2018-07-25,74.62999725341797,80.77999877929688,74.5,78.26000213623047,78.26000213623047,2562900.0,RETA
2018-07-25,4.6599998474121085,4.809999942779541,4.539999961853027,4.664999961853027,4.664999961853027,4200.0,RETO
2018-07-25,15.199999809265135,15.199999809265135,14.350000381469727,14.699999809265135,14.699999809265135,208100.0,REV
2018-07-25,15.710000038146973,16.100000381469727,15.56999969482422,15.859999656677244,15.525127410888672,560300.0,REVG
2018-07-25,73.76000213623047,74.95999908447266,73.05000305175781,74.73999786376953,74.73999786376953,48000.0,REX
2018-07-25,17.399999618530273,17.760000228881836,17.280000686645508,17.639999389648438,17.639999389648438,1500.0,REXN
2018-07-25,29.959999084472656,30.190000534057614,29.85000038146973,30.06999969482422,29.05999183654785,665400.0,REXR
2018-07-25,18.209999084472656,18.3799991607666,18.1299991607666,18.290000915527344,17.126033782958984,13383300.0,RF
2018-07-25,12.630000114440918,12.670000076293945,12.59000015258789,12.65999984741211,11.216312408447266,21400.0,RFI
2018-07-25,8.550000190734862,8.75,8.449999809265138,8.649999618530272,8.57526683807373,36600.0,RFIL
2018-07-25,9.390000343322754,9.539999961853027,9.25,9.529999732971193,9.529999732971193,37700.0,RFL
2018-07-25,4.699999809265137,4.75,4.6599998474121085,4.739999771118164,4.739999771118164,246000.0,RFM
2018-07-25,10.800000190734863,10.850000381469727,10.199999809265137,10.300000190734863,8.896730422973633,1074800.0,RFP
2018-07-25,137.92999267578122,138.99000549316406,136.36000061035156,138.91000366210938,134.77330017089844,236900.0,RGA
2018-07-25,28.209999084472656,28.46999931335449,28.0,28.1200008392334,27.14260482788086,3700.0,RGCO
2018-07-25,48.40999984741211,49.099998474121094,48.22999954223633,49.04999923706055,49.04999923706055,225800.0,RGEN
2018-07-25,90.72000122070312,92.0199966430664,90.69000244140624,91.91999816894531,90.43760681152344,356700.0,RGLD
2018-07-25,3.5999999046325684,3.5999999046325684,3.4800000190734863,3.4800000190734863,3.4800000190734863,92300.0,RGLS
2018-07-25,69.94999694824219,72.55000305175781,68.05000305175781,70.94999694824219,70.94999694824219,252700.0,RGNX
2018-07-25,55.4000015258789,55.849998474121094,54.5,55.20000076293945,53.53615951538086,150600.0,RGR
2018-07-25,17.729999542236328,17.81999969482422,17.379999160766598,17.790000915527344,17.790000915527344,102300.0,RGS
2018-07-25,10.609999656677246,10.739999771118164,10.609999656677246,10.739999771118164,10.634733200073242,14000.0,RGT
2018-07-25,137.47000122070312,137.99000549316406,133.86000061035156,136.91000366210938,136.91000366210938,666600.0,RH
2018-07-25,2.736000061035156,2.8559999465942383,2.6640000343322754,2.736000061035156,2.736000061035156,17900.0,RHE
2018-07-25,72.26000213623047,74.66999816894531,71.11000061035156,74.51000213623047,73.14469146728516,3383200.0,RHI
2018-07-25,83.22000122070312,84.11000061035156,82.56999969482422,83.95999908447266,76.45582580566406,196000.0,RHP
2018-07-25,2.25,2.4200000762939453,2.220000028610229,2.390000104904175,2.390000104904175,125400.0,RIBT
2018-07-25,32.189998626708984,34.84000015258789,32.189998626708984,33.650001525878906,33.26269149780273,89400.0,RICK
2018-07-25,18.25,18.51000022888184,18.25,18.450000762939453,15.851219177246096,39700.0,RIF
2018-07-25,12.670000076293945,12.899999618530273,12.630000114440918,12.850000381469727,12.850000381469727,9419500.0,RIG
2018-07-25,2.9800000190734863,3.059999942779541,2.900000095367432,2.970000028610229,2.970000028610229,4358500.0,RIGL
2018-07-25,22.5,22.6299991607666,22.31999969482422,22.399999618530273,20.95767593383789,27400.0,RILY
2018-07-25,24.82999992370605,24.88999938964844,24.82999992370605,24.8700008392334,22.717329025268555,2800.0,RILYG
2018-07-25,25.45000076293945,25.46999931335449,25.39900016784668,25.399999618530273,22.81838607788086,21800.0,RILYH
2018-07-25,24.95199966430664,24.96999931335449,24.940000534057614,24.959999084472656,22.31905174255371,11800.0,RILYZ
2018-07-25,55.11999893188477,56.31000137329102,54.959999084472656,56.31000137329102,49.6068229675293,2692600.0,RIO
2018-07-25,7.880000114440918,8.270000457763674,7.380000114440918,7.980000019073486,7.980000019073486,3911300.0,RIOT
2018-07-25,18.91838836669922,19.32841682434082,18.91838836669922,19.11504364013672,15.405757904052734,53200.0,RIV
2018-07-25,13.0,13.0,13.0,13.0,12.31935977935791,800.0,RIVE
2018-07-25,5.960000038146973,6.03000020980835,5.960000038146973,6.03000020980835,6.03000020980835,35900.0,RJA
2018-07-25,96.27999877929688,97.38999938964844,95.37999725341795,97.26000213623048,94.37120056152344,1099000.0,RJF
2018-07-25,5.519999980926514,5.570000171661377,5.519999980926514,5.570000171661377,5.570000171661377,58300.0,RJI
2018-07-25,3.1600000858306885,3.1700000762939453,3.130000114440918,3.1700000762939453,3.1700000762939453,2900.0,RJN
2018-07-25,8.060000419616701,8.060000419616701,8.060000419616701,8.060000419616701,8.060000419616701,500.0,RJZ
2018-07-25,7.119999885559082,7.260000228881836,6.9749999046325675,7.190000057220459,7.190000057220459,173200.0,RKDA
2018-07-25,133.57000732421878,137.25,133.32000732421878,137.16999816894528,131.18028259277344,923000.0,RL
2018-07-25,4.050000190734863,4.059999942779541,3.9800000190734863,4.010000228881837,4.010000228881837,73400.0,RLGT
2018-07-25,22.60000038146973,22.68000030517578,22.030000686645508,22.520000457763672,21.587366104125977,2603900.0,RLGY
2018-07-25,11.850000381469727,12.300000190734865,11.800000190734865,12.25,12.25,153200.0,RLH
2018-07-25,73.9800033569336,74.19000244140625,72.58999633789062,74.0,72.04182434082031,216600.0,RLI
2018-07-25,22.649999618530273,22.649999618530273,22.25,22.54999923706055,20.16336441040039,596600.0,RLJ
2018-07-25,5.119999885559082,5.119999885559082,4.519999980926514,4.760000228881836,4.760000228881836,1250.0,RLMD
2018-07-25,34.90999984741211,34.990001678466804,34.169998168945305,34.310001373291016,34.310001373291016,21400.0,RM
2018-07-25,53.6500015258789,53.75,52.0,52.20000076293945,50.04407119750977,129200.0,RMAX
2018-07-25,6.050000190734862,6.25,6.019999980926514,6.139999866485597,6.139999866485597,61000.0,RMBL
2018-07-25,13.1899995803833,13.300000190734865,13.029999732971193,13.229999542236328,13.229999542236328,853400.0,RMBS
2018-07-25,10.25,10.479999542236328,10.25,10.359999656677246,9.44491195678711,7000.0,RMCF
2018-07-25,108.3499984741211,109.66999816894531,108.25,109.33000183105469,107.79402160644531,862500.0,RMD
2018-07-25,7.065000057220459,7.110000133514403,6.949999809265138,7.019999980926514,7.019999980926514,7300.0,RMNI
2018-07-25,87.69999694824219,88.6500015258789,86.75,86.80000305175781,83.1425552368164,35200.0,RMR
2018-07-25,10.470000267028807,10.539999961853027,10.43000030517578,10.479999542236328,9.029342651367188,120900.0,RMT
2018-07-25,4.760000228881836,4.869999885559082,4.650000095367432,4.820000171661377,4.820000171661377,198000.0,RMTI
2018-07-25,16.940000534057614,16.940000534057614,16.770000457763672,16.770000457763672,16.770000457763672,200.0,RNDB
2018-07-25,10.850000381469727,11.199999809265137,10.800000190734863,11.149999618530273,11.149999618530273,51800.0,RNET
2018-07-25,79.4000015258789,82.0999984741211,79.05000305175781,81.55000305175781,81.55000305175781,608900.0,RNG
2018-07-25,9.75,9.75100040435791,9.600000381469727,9.649999618530273,9.649999618530273,35500.0,RNGR
2018-07-25,19.399999618530273,19.440000534057614,19.31999969482422,19.3700008392334,17.195589065551758,110000.0,RNP
2018-07-25,130.08999633789062,132.75999450683594,123.87999725341795,127.43000030517578,125.52179718017578,580800.0,RNR
2018-07-25,45.349998474121094,45.52000045776367,44.88999938964844,45.06999969482422,43.09789276123047,123800.0,RNST
2018-07-25,3.5699999332427983,3.670000076293945,3.4600000381469727,3.640000104904175,3.640000104904175,155400.0,RNWK
2018-07-25,12.470000267028807,12.89799976348877,12.300000190734865,12.739999771118164,12.739999771118164,41800.0,ROAD
2018-07-25,37.75,37.75,36.5,36.849998474121094,36.849998474121094,280800.0,ROCK
2018-07-25,70.0,70.0,70.0,70.0,70.0,0.0,RODI
2018-07-25,119.41000366210938,119.87999725341795,116.83000183105469,118.7699966430664,118.7699966430664,78600.0,ROG
2018-07-25,18.989999771118164,19.270000457763672,18.86000061035156,19.13999938964844,17.610118865966797,625200.0,ROIC
2018-07-25,175.5,183.6999969482422,174.67999267578125,183.4600067138672,176.44297790527344,3142900.0,ROK
2018-07-25,47.02000045776367,48.77000045776367,46.75,48.709999084472656,48.709999084472656,5332800.0,ROKU
2018-07-25,36.70000076293945,37.3466682434082,36.253334045410156,37.22666549682617,36.47530746459961,907000.0,ROL
2018-07-25,138.02000427246094,143.6199951171875,138.02000427246094,141.61000061035156,141.61000061035156,59300.0,ROLL
2018-07-25,281.95001220703125,289.3299865722656,281.95001220703125,288.5899963378906,286.1592712402344,529200.0,ROP
2018-07-25,9.159000396728516,9.159000396728516,8.399999618530272,8.5,8.5,19600.0,ROSE
2018-07-25,10.246999740600586,10.246999740600586,10.246999740600586,10.246999740600586,10.246999740600586,0.0,ROSEU
2018-07-25,86.54000091552734,87.58999633789062,86.48999786376953,87.45999908447266,85.88677978515625,1622700.0,ROST
2018-07-25,2.309999942779541,2.3299999237060547,2.2699999809265137,2.3299999237060547,1.9651899337768557,111400.0,ROYT
2018-07-25,58.9000015258789,60.1500015258789,58.599998474121094,59.349998474121094,59.349998474121094,650700.0,RP
2018-07-25,12.529999732971193,12.640000343322756,12.510000228881836,12.5600004196167,11.177675247192383,1258200.0,RPAI
2018-07-25,9.640000343322754,9.640000343322754,9.640000343322754,9.640000343322754,9.640000343322754,5500.0,RPAY
2018-07-25,31.399999618530273,31.96500015258789,31.15999984741211,31.75,31.75,348500.0,RPD
2018-07-25,62.41999816894531,63.5,62.040000915527344,63.09000015258789,60.976051330566406,1647200.0,RPM
2018-07-25,12.81999969482422,13.06999969482422,12.81999969482422,13.039999961853027,12.168391227722168,579400.0,RPT
2018-07-25,11.899999618530273,12.0,11.890000343322756,12.0,10.52562141418457,188200.0,RQI
2018-07-25,15.960000038146973,16.059999465942386,15.720000267028807,15.899999618530273,15.63376235961914,4599900.0,RRC
2018-07-25,5.489999771118164,5.559999942779541,5.429999828338623,5.53000020980835,5.211952209472656,755700.0,RRD
2018-07-25,48.5,48.9000015258789,48.1500015258789,48.54999923706055,48.54999923706055,207900.0,RRGB
2018-07-25,34.990001678466804,35.20000076293945,34.900001525878906,35.09999847412109,33.9443359375,178600.0,RRR
2018-07-25,57.25,60.75,54.0,59.25,59.25,41700.0,RRTS
2018-07-25,92.62000274658205,94.0500030517578,91.04000091552734,91.93000030517578,88.17485809326172,480200.0,RS
2018-07-25,68.36000061035156,70.69999694824219,68.36000061035156,70.58999633789062,68.23560333251953,2939600.0,RSG
2018-07-25,1.919999957084656,1.919999957084656,1.919999957084656,1.919999957084656,1.919999957084656,0.0,RSSS
2018-07-25,16.770000457763672,16.920000076293945,16.729999542236328,16.850000381469727,16.850000381469727,110800.0,RST
2018-07-25,4.599999904632568,4.75,4.599999904632568,4.650000095367432,4.650000095367432,81400.0,RTIX
2018-07-25,196.8000030517578,197.75,192.8800048828125,197.55999755859372,191.80653381347656,2882600.0,RTN
2018-07-25,29.53000068664551,29.95000076293945,28.61000061035156,28.86000061035156,28.86000061035156,378200.0,RTRX
2018-07-25,2.0799999237060547,2.1789999008178706,2.0109999179840092,2.150000095367432,2.150000095367432,36200.0,RTTR
2018-07-25,5.46999979019165,5.5,5.0900001525878915,5.199999809265137,5.199999809265137,345000.0,RTW
2018-07-25,3.109999895095825,3.259999990463257,3.0699999332427983,3.2000000476837163,3.2000000476837163,471700.0,RUBI
2018-07-25,25.01000022888184,25.79999923706055,24.01000022888184,24.29999923706055,24.29999923706055,130000.0,RUBY
2018-07-25,14.739999771118164,15.220000267028807,14.510000228881836,15.109999656677244,15.109999656677244,1516100.0,RUN
2018-07-25,43.099998474121094,43.11999893188477,38.72999954223633,42.47000122070313,41.59456253051758,680000.0,RUSHA
2018-07-25,42.20000076293945,43.43000030517578,39.45000076293945,43.0099983215332,42.12417221069336,20000.0,RUSHB
2018-07-25,30.0,30.35000038146973,29.25,29.75,28.636415481567386,209500.0,RUTH
2018-07-25,34.669998168945305,35.20000076293945,34.400001525878906,34.959999084472656,31.56061744689941,95600.0,RVI
2018-07-25,28.54999923706055,29.649999618530273,28.04999923706055,29.29999923706055,29.29999923706055,205800.0,RVNC
2018-07-25,0.8299999833106995,0.8399999737739563,0.8000000119209291,0.8399999737739563,0.8399999737739563,93500.0,RVP
2018-07-25,8.630000114440918,8.710000038146973,8.489999771118164,8.550000190734862,8.275595664978027,106600.0,RVSB
2018-07-25,15.789999961853027,15.989999771118164,15.789999961853027,15.979999542236328,13.77225399017334,319900.0,RVT
2018-07-25,23.5,24.54999923706055,21.325000762939453,23.75,23.75,34000.0,RWLK
2018-07-25,16.489999771118164,16.559999465942386,16.229999542236328,16.299999237060547,14.235297203063965,2780300.0,RWT
2018-07-25,30.020000457763672,30.239999771118164,29.68000030517578,30.0,29.93132972717285,589600.0,RXN
2018-07-25,76.91999816894531,77.5,76.6500015258789,77.4000015258789,71.61428833007812,813500.0,RY
2018-07-25,104.26000213623048,106.86000061035156,104.0,106.73999786376952,106.73999786376952,524200.0,RYAAY
2018-07-25,16.950000762939453,17.270000457763672,16.829999923706055,17.229999542236328,16.800973892211914,581700.0,RYAM
2018-07-25,21.3700008392334,22.020000457763672,20.86000061035156,21.899999618530273,21.899999618530273,106200.0,RYB
2018-07-25,39.0,39.599998474121094,38.400001525878906,39.400001525878906,39.400001525878906,3700.0,RYCE
2018-07-25,12.5,12.75,12.350000381469727,12.699999809265135,12.699999809265135,319600.0,RYI
2018-07-25,34.740001678466804,35.169998168945305,34.639999389648445,34.990001678466804,32.80384063720703,1412900.0,RYN
2018-07-25,30.38999938964844,31.399999618530273,29.38999938964844,30.239999771118164,30.239999771118164,226900.0,RYTM
2018-07-25,27.31999969482422,27.459999084472656,27.10000038146973,27.190000534057614,24.938751220703125,17000.0,RZA
2018-07-25,25.8799991607666,25.979999542236328,25.8799991607666,25.90999984741211,23.60602188110352,23500.0,RZB
2018-07-25,11.899999618530273,12.199999809265135,11.899999618530273,12.100000381469727,12.100000381469727,213600.0,SA
2018-07-25,26.35000038146973,26.649999618530273,26.31999969482422,26.36000061035156,24.72697448730469,1289400.0,SABR
2018-07-25,4.239999771118163,4.239999771118163,4.199999809265137,4.199999809265137,3.5421059131622314,16800.0,SACH
2018-07-25,34.799999237060554,36.400001525878906,33.400001525878906,34.0,34.0,26900.0,SAEX
2018-07-25,18.3799991607666,18.46999931335449,18.11000061035156,18.31999969482422,17.599294662475586,24100.0,SAFE
2018-07-25,98.52999877929688,98.73999786376952,95.97000122070312,97.36000061035156,95.64136505126952,473500.0,SAFM
2018-07-25,89.5,90.5999984741211,88.4000015258789,90.4499969482422,84.8565444946289,22500.0,SAFT
2018-07-25,160.33999633789062,162.07000732421875,155.1699981689453,156.08999633789062,156.08999633789062,480500.0,SAGE
2018-07-25,18.299999237060547,18.299999237060547,17.450000762939453,18.0,17.482139587402347,280600.0,SAH
2018-07-25,75.19999694824219,77.44999694824219,74.5,77.19999694824219,77.19999694824219,295000.0,SAIA
2018-07-25,84.68000030517578,85.43000030517578,83.63999938964844,84.95999908447266,82.72976684570312,123200.0,SAIC
2018-07-25,27.40999984741211,28.60000038146973,27.218000411987305,28.25,28.25,499200.0,SAIL
2018-07-25,42.5099983215332,42.5099983215332,42.5099983215332,42.5099983215332,40.486106872558594,0.0,SAL
2018-07-25,4.650000095367432,4.75,4.25,4.400000095367432,3.699376106262207,96400.0,SALM
2018-07-25,6.737918376922607,6.812267780303955,6.598513126373291,6.737918376922607,6.54572343826294,434400.0,SALT
2018-07-25,314.5,329.95001220703125,312.25,327.1000061035156,327.1000061035156,171300.0,SAM
2018-07-25,17.350000381469727,18.049999237060547,17.350000381469727,17.350000381469727,16.004121780395508,50200.0,SAMG
2018-07-25,5.550000190734863,5.559999942779541,5.46999979019165,5.53000020980835,5.251147270202637,7196600.0,SAN
2018-07-25,4.380000114440918,4.46999979019165,4.380000114440918,4.46999979019165,4.46999979019165,567200.0,SAND
2018-07-25,30.60000038146973,30.649999618530273,29.75,30.04999923706055,30.04999923706055,321300.0,SANM
2018-07-25,3.2300000190734863,3.2300000190734863,3.0499999523162837,3.0999999046325684,3.0999999046325684,10000.0,SANW
2018-07-25,118.11000061035156,119.4800033569336,117.48999786376952,119.2699966430664,117.666748046875,645300.0,SAP
2018-07-25,24.40999984741211,24.670000076293945,24.399999618530273,24.59000015258789,21.52276992797852,57100.0,SAR
2018-07-25,39.86999893188477,39.91999816894531,39.13999938964844,39.36000061035156,37.15372848510742,174400.0,SASR
2018-07-25,36.547813415527344,36.547813415527344,35.92382431030273,36.20745468139648,36.20745468139648,193100.0,SATS
2018-07-25,2.240000009536743,2.240000009536743,2.1700000762939453,2.2100000381469727,2.2100000381469727,31900.0,SAVA
2018-07-25,41.16999816894531,41.560001373291016,40.27999877929688,41.40999984741211,41.40999984741211,1982400.0,SAVE
2018-07-25,3.470000028610229,3.5299999713897705,3.400000095367432,3.440000057220459,3.440000057220459,223900.0,SB
2018-07-25,160.55999755859375,161.94000244140625,159.75999450683594,160.67999267578125,160.67999267578125,1703000.0,SBAC
2018-07-25,4.900000095367432,5.25,4.900000095367432,5.199999809265137,5.199999809265137,231100.0,SBBP
2018-07-25,29.649999618530273,29.649999618530273,29.20000076293945,29.29999923706055,28.62348175048828,14300.0,SBBX
2018-07-25,33.22999954223633,33.22999954223633,32.610000610351555,32.81999969482422,32.81999969482422,129200.0,SBCF
2018-07-25,20.020000457763672,20.239999771118164,20.020000457763672,20.049999237060547,19.373727798461914,1700.0,SBFG
2018-07-25,26.60000038146973,27.149999618530273,26.45000076293945,27.04999923706055,25.97307586669922,2845300.0,SBGI
2018-07-25,16.420000076293945,16.700000762939453,16.370000839233402,16.620000839233402,16.620000839233402,2346400.0,SBH
2018-07-25,8.640000343322754,8.670000076293945,8.640000343322754,8.649999618530272,8.12678050994873,42600.0,SBI
2018-07-25,12.90999984741211,13.09000015258789,12.800000190734865,13.020000457763672,12.879613876342773,293400.0,SBLK
2018-07-25,25.618000030517575,25.63999938964844,25.5,25.54800033569336,24.0183219909668,7800.0,SBLKZ
2018-07-25,24.80400085449219,24.899999618530273,24.80400085449219,24.899999618530273,23.649518966674805,1000.0,SBNA
2018-07-25,115.31999969482422,115.41000366210938,112.37000274658205,114.48999786376952,110.92170715332031,1087300.0,SBNY
2018-07-25,30.690000534057614,30.79999923706055,30.13999938964844,30.3700008392334,30.3700008392334,10700.0,SBOW
2018-07-25,12.869999885559082,13.4399995803833,12.684000015258787,13.100000381469727,13.100000381469727,29100.0,SBPH
2018-07-25,45.04999923706055,45.95000076293945,45.04999923706055,45.1500015258789,41.81621551513672,9900.0,SBR
2018-07-25,21.540000915527344,21.809999465942386,21.5,21.6200008392334,18.6281681060791,881000.0,SBRA
2018-07-25,7.03000020980835,7.059999942779541,6.889999866485597,7.03000020980835,6.8561339378356925,1585400.0,SBS
2018-07-25,35.40999984741211,35.4900016784668,35.029998779296875,35.349998474121094,33.19229507446289,83100.0,SBSI
2018-07-25,13.649999618530273,13.649999618530273,13.350000381469727,13.5,13.400320053100586,42500.0,SBT
2018-07-25,51.0099983215332,51.72000122070313,51.0099983215332,51.61999893188477,49.81736755371094,11368000.0,SBUX
2018-07-25,20.450000762939453,20.450000762939453,19.200000762939453,20.049999237060547,18.773712158203125,3655800.0,SC
2018-07-25,46.459999084472656,47.540000915527344,46.38999938964844,47.4900016784668,43.39736557006836,1063300.0,SCCO
2018-07-25,13.420000076293945,13.5,13.3100004196167,13.359999656677244,11.094123840332033,51600.0,SCD
2018-07-25,41.27000045776367,41.43999862670898,40.63999938964844,41.06999969482422,39.9682502746582,127100.0,SCHL
2018-07-25,34.450000762939446,34.509998321533196,33.700000762939446,34.299999237060554,33.327999114990234,183300.0,SCHN
2018-07-25,52.83000183105469,53.11000061035156,52.459999084472656,52.93999862670898,51.495506286621094,5445100.0,SCHW
2018-07-25,37.65999984741211,37.7400016784668,37.52000045776367,37.709999084472656,36.65938568115234,871600.0,SCI
2018-07-25,2.369999885559082,2.369999885559082,2.3399999141693115,2.3499999046325684,2.3499999046325684,5500.0,SCKT
2018-07-25,81.6500015258789,85.83000183105469,80.0,85.4000015258789,83.73728942871094,157600.0,SCL
2018-07-25,13.300000190734865,13.489999771118164,13.270000457763672,13.350000381469727,12.093192100524902,99100.0,SCM
2018-07-25,7.0,7.0,5.050000190734863,5.079999923706055,5.079999923706055,305500.0,SCON
2018-07-25,20.75,21.200000762939453,20.3799991607666,20.46999931335449,20.46999931335449,56300.0,SCOR
2018-07-25,4.619999885559082,4.809000015258789,4.599999904632568,4.71999979019165,4.71999979019165,40000.0,SCPH
2018-07-25,13.75,13.899999618530273,13.699999809265135,13.850000381469727,13.075812339782715,456900.0,SCS
2018-07-25,41.29999923706055,41.849998474121094,40.95000076293945,41.25,41.25,78900.0,SCSC
2018-07-25,20.5,21.200000762939453,20.5,21.100000381469727,19.630828857421875,18500.0,SCU
2018-07-25,31.540000915527344,31.81999969482422,30.84000015258789,31.739999771118164,31.210952758789066,194300.0,SCVL
2018-07-25,13.869999885559082,13.949999809265135,13.619999885559082,13.899999618530273,13.899999618530273,69000.0,SCWX
2018-07-25,6.5999999046325675,6.710000038146973,6.5999999046325675,6.6500000953674325,6.6500000953674325,4300.0,SCX
2018-07-25,1.7200000286102295,1.7799999713897705,1.7000000476837158,1.7300000190734863,1.7300000190734863,248700.0,SCYX
2018-07-25,16.889999389648438,17.069999694824222,16.790000915527347,17.030000686645508,17.030000686645508,137500.0,SD
2018-07-25,17.700000762939453,17.700000762939453,17.5,17.5,17.5,24000.0,SDI
2018-07-25,1.6200000047683716,1.6699999570846558,1.6200000047683716,1.6499999761581419,1.6499999761581419,58700.0,SDPI
2018-07-25,19.489999771118164,19.489999771118164,18.850000381469727,19.0,19.0,193000.0,SDRL
2018-07-25,84.05999755859375,84.05999755859375,84.05999755859375,84.05999755859375,76.29490661621094,0.0,SDYL
2018-07-25,14.470000267028807,14.859999656677244,14.170000076293945,14.460000038146973,14.460000038146973,1099800.0,SE
2018-07-25,3.2100000381469727,3.2300000190734863,3.190000057220459,3.2000000476837163,3.2000000476837163,44900.0,SEAC
2018-07-25,22.01000022888184,22.38999938964844,22.0,22.15999984741211,22.15999984741211,2126400.0,SEAS
2018-07-25,3736.889892578125,3815.0,3727.0,3804.580078125,3790.611572265625,200.0,SEB
2018-07-25,12.100000381469727,12.65999984741211,11.989999771118164,12.640000343322756,12.640000343322756,184800.0,SECO
2018-07-25,53.75,58.0,53.45000076293945,57.849998474121094,57.849998474121094,1232900.0,SEDG
2018-07-25,42.18999862670898,42.61999893188477,42.02000045776367,42.11000061035156,40.89715194702149,2043800.0,SEE
2018-07-25,9.5,10.90999984741211,9.199999809265137,10.40999984741211,10.40999984741211,294100.0,SEED
2018-07-25,12.300000190734865,12.300000190734865,11.399999618530273,11.399999618530273,11.399999618530273,3800.0,SEEL
2018-07-25,60.72999954223633,61.43999862670898,60.099998474121094,61.2400016784668,60.40108108520508,874300.0,SEIC
2018-07-25,12.489999771118164,12.489999771118164,12.0600004196167,12.3100004196167,12.3100004196167,77400.0,SELB
2018-07-25,4.099999904632568,4.099999904632568,4.0900001525878915,4.0900001525878915,3.6634430885314937,7300.0,SELF
2018-07-25,19.850000381469727,21.049999237060547,19.799999237060547,20.950000762939453,20.950000762939453,970000.0,SEM
2018-07-25,27.79999923706055,28.03000068664551,27.0,27.60000038146973,27.60000038146973,18700.0,SENEA
2018-07-25,27.5,27.5,27.5,27.5,27.5,0.0,SENEB
2018-07-25,3.849999904632568,3.900000095367432,3.75,3.7999999523162837,3.7999999523162837,1422000.0,SENS
2018-07-25,39.4306755065918,40.22772979736328,39.25653076171875,40.18754196166992,40.18754196166992,1137800.0,SERV
2018-07-25,22.79999923706055,22.79999923706055,22.239999771118164,22.79999923706055,22.79999923706055,900.0,SES
2018-07-25,1.8500000238418581,1.870000004768372,1.7999999523162842,1.830000042915344,1.830000042915344,359000.0,SESN
2018-07-25,54.099998474121094,54.099998474121094,52.56000137329102,53.61000061035156,52.638084411621094,340400.0,SF
2018-07-25,39.29999923706055,39.29999923706055,39.29999923706055,39.29999923706055,38.004432678222656,200.0,SFBC
2018-07-25,41.34000015258789,41.68999862670898,40.79999923706055,41.13999938964844,39.8548698425293,78600.0,SFBS
2018-07-25,11.75,11.800000190734865,11.350000381469727,11.550000190734865,10.600944519042967,115200.0,SFE
2018-07-25,31.29999923706055,32.06999969482422,30.149999618530273,31.489999771118164,31.489999771118164,2276300.0,SFIX
2018-07-25,14.449999809265135,14.449999809265135,14.300000190734865,14.350000381469727,11.849159240722654,599200.0,SFL
2018-07-25,21.350000381469727,21.530000686645508,21.06999969482422,21.190000534057614,21.190000534057614,1683500.0,SFM
2018-07-25,30.5,30.79999923706055,29.54999923706055,29.899999618530273,28.521337509155273,503400.0,SFNC
2018-07-25,42.900001525878906,43.349998474121094,42.70000076293945,43.04999923706055,43.04999923706055,7600.0,SFST
2018-07-25,15.850000381469727,18.5,15.75,18.25,18.25,380100.0,SFUN
2018-07-25,38.04999923706055,38.04999923706055,37.400001525878906,37.400001525878906,34.907413482666016,2800.0,SGA
2018-07-25,22.649999618530273,22.649999618530273,22.649999618530273,22.649999618530273,21.805320739746094,500.0,SGB
2018-07-25,110.8000030517578,110.8000030517578,102.8000030517578,103.0,103.0,300.0,SGBX
2018-07-25,19.670000076293945,20.40999984741211,19.670000076293945,20.11000061035156,19.21230125427246,14000.0,SGC
2018-07-25,69.84999847412111,72.0199966430664,69.15000152587889,70.94000244140625,70.94000244140625,926000.0,SGEN
2018-07-25,40.95000076293945,41.08000183105469,40.709999084472656,41.08000183105469,41.08000183105469,1900.0,SGG
2018-07-25,31.479999542236328,31.979999542236328,30.670000076293945,31.93000030517578,31.93000030517578,582700.0,SGH
2018-07-25,0.8510000109672546,0.8799999952316284,0.8510000109672546,0.8600000143051147,0.8600000143051147,44500.0,SGLB
2018-07-25,7.050000190734862,7.190000057220459,7.050000190734862,7.0900001525878915,7.0900001525878915,11100.0,SGMA
2018-07-25,13.649999618530273,14.149999618530273,13.529999732971193,13.699999809265135,13.699999809265135,2162600.0,SGMO
2018-07-25,49.0,50.0,48.45000076293945,48.5,48.5,497400.0,SGMS
2018-07-25,1.0700000524520874,1.0800000429153442,1.0299999713897705,1.0800000429153442,1.0800000429153442,13500.0,SGOC
2018-07-25,1.3400000333786009,1.3400000333786009,1.2799999713897705,1.2999999523162842,1.2999999523162842,31300.0,SGRP
2018-07-25,14.350000381469727,14.850000381469727,14.350000381469727,14.800000190734865,14.800000190734865,170100.0,SGRY
2018-07-25,9.760000228881836,9.989999771118164,9.670000076293944,9.739999771118164,8.902119636535645,36100.0,SGU
2018-07-25,65.40000152587889,66.16000366210939,65.13999938964844,65.31999969482422,65.31999969482422,540500.0,SHAK
2018-07-25,18.93000030517578,19.07999992370605,18.90999984741211,18.989999771118164,18.17374420166016,12300.0,SHBI
2018-07-25,31.649999618530273,31.75,31.399999618530273,31.60000038146973,31.394161224365234,148900.0,SHEN
2018-07-25,39.45000076293945,39.599998474121094,39.09000015258789,39.54999923706055,39.54999923706055,61300.0,SHG
2018-07-25,62.43999862670898,62.84000015258789,62.06000137329102,62.84000015258789,57.71910095214844,22100.0,SHI
2018-07-25,13.5,14.100000381469727,13.5,13.949999809265135,13.949999809265135,1400.0,SHIP
2018-07-25,8.119999885559082,8.119999885559082,7.679999828338622,7.789999961853027,7.789999961853027,39500.0,SHLO
2018-07-25,23.5,23.84000015258789,23.149999618530273,23.78000068664551,20.644800186157227,836100.0,SHLX
2018-07-25,16.559999465942386,16.600000381469727,16.229999542236328,16.489999771118164,14.878602981567385,2027700.0,SHO
2018-07-25,36.03333282470703,36.63333511352539,35.939998626708984,36.56666564941406,35.49567031860352,378400.0,SHOO
2018-07-25,167.91000366210938,174.02999877929688,165.57000732421875,173.77999877929688,173.77999877929688,1255900.0,SHOP
2018-07-25,11.010000228881836,11.020000457763672,10.850000381469727,10.880000114440918,10.880000114440918,29900.0,SHSP
2018-07-25,431.0400085449219,438.4100036621094,427.010009765625,437.2900085449219,430.3904113769531,891200.0,SHW
2018-07-25,2.289999961853028,2.3399999141693115,2.220000028610229,2.3199999332427983,2.0032191276550293,4267600.0,SID
2018-07-25,15.789999961853027,15.789999961853027,15.289999961853027,15.670000076293945,15.670000076293945,29400.0,SIEB
2018-07-25,20.709999084472656,21.905000686645508,20.540000915527344,21.65999984741211,21.65999984741211,379000.0,SIEN
2018-07-25,5.449999809265137,5.449999809265137,5.449999809265137,5.449999809265137,5.449999809265137,0.0,SIF
2018-07-25,2.0,2.0,1.870000004768372,1.8999999761581419,1.8758955001831052,141100.0,SIFY
2018-07-25,59.18000030517578,60.31000137329102,59.18000030517578,60.2599983215332,54.4409408569336,1307900.0,SIG
2018-07-25,7.28000020980835,7.5,7.269999980926514,7.46999979019165,7.46999979019165,111900.0,SIGA
2018-07-25,57.9000015258789,58.20000076293945,57.1500015258789,57.95000076293945,56.73457336425781,163900.0,SIGI
2018-07-25,37.38000106811523,37.93000030517578,37.06999969482422,37.150001525878906,37.150001525878906,30600.0,SILC
2018-07-25,2.470000028610229,2.650000095367432,2.4300000667572017,2.6440000534057617,2.6440000534057617,54000.0,SILV
2018-07-25,9.779999732971193,9.979999542236328,9.68000030517578,9.979999542236328,9.31215000152588,600.0,SIM
2018-07-25,53.709999084472656,55.72999954223633,53.68000030517578,55.36000061035156,52.50596618652344,573400.0,SIMO
2018-07-25,83.5,84.66999816894531,83.1500015258789,84.66000366210938,84.66000366210938,786000.0,SINA
2018-07-25,1.149999976158142,1.2300000190734863,1.1200000047683716,1.2200000286102295,1.2200000286102295,63900.0,SINO
2018-07-25,14.399999618530273,14.699999809265135,13.800000190734865,14.010000228881836,14.010000228881836,9500.0,SINT
2018-07-25,7.0999999046325675,7.199999809265138,7.059999942779541,7.139999866485597,7.045559406280518,16151900.0,SIRI
2018-07-25,13.699999809265135,14.140000343322756,13.699999809265135,14.050000190734865,14.050000190734865,2201921.0,SITC
2018-07-25,87.66000366210938,88.55999755859375,87.2699966430664,87.69999694824219,87.69999694824219,424600.0,SITE
2018-07-25,311.7200012207031,313.989990234375,308.6600036621094,310.760009765625,310.760009765625,416700.0,SIVB
2018-07-25,70.8499984741211,71.7699966430664,66.43000030517578,67.25,61.02730178833008,3092300.0,SIX
2018-07-25,33.860000610351555,33.860000610351555,33.459999084472656,33.470001220703125,31.298564910888672,358100.0,SJI
2018-07-25,54.459999084472656,54.459999084472656,54.459999084472656,54.459999084472656,48.01998519897461,300.0,SJIU
2018-07-25,107.55999755859376,108.87999725341795,106.9000015258789,108.5199966430664,102.79459381103516,970100.0,SJM
2018-07-25,20.13999938964844,20.21999931335449,19.979999542236328,20.190000534057614,18.288240432739254,358600.0,SJR
2018-07-25,6.199999809265138,6.210000038146973,6.010000228881836,6.059999942779541,5.4016289710998535,83700.0,SJT
2018-07-25,65.98000335693361,65.98000335693361,63.5,63.959999084472656,61.93341445922852,102900.0,SJW
2018-07-25,23.95000076293945,24.0,23.76000022888184,23.979999542236328,23.12224578857422,335800.0,SKM
2018-07-25,23.90999984741211,24.059999465942386,23.53000068664551,24.0,21.063520431518555,1167600.0,SKT
2018-07-25,27.0,27.84000015258789,26.940000534057614,27.63999938964844,27.63999938964844,4075600.0,SKX
2018-07-25,28.36000061035156,28.940000534057614,28.20000076293945,28.60000038146973,28.60000038146973,52500.0,SKY
2018-07-25,2.5,2.650000095367432,2.5,2.650000095367432,2.650000095367432,300.0,SKYS
2018-07-25,54.95000076293945,56.04999923706055,54.849998474121094,55.9000015258789,54.93755340576172,108100.0,SKYW
2018-07-25,102.6999969482422,108.1500015258789,98.0,99.25,99.25,1126000.0,SLAB
2018-07-25,65.59999847412111,65.86000061035156,64.73000335693361,65.77999877929689,60.205482482910156,7586700.0,SLB
2018-07-25,24.03000068664551,24.70000076293945,24.03000068664551,24.670000076293945,23.47390174865723,1482200.0,SLCA
2018-07-25,13.0,13.0,12.829999923706055,12.829999923706055,12.829999923706055,2800.0,SLCT
2018-07-25,39.41999816894531,39.65900039672852,37.52000045776367,37.88999938964844,37.88999938964844,267300.0,SLDB
2018-07-25,40.599998474121094,40.9900016784668,40.29999923706055,40.93999862670898,37.45378112792969,417100.0,SLF
2018-07-25,99.91000366210938,101.2300033569336,99.91000366210938,101.05999755859376,94.63350677490234,474700.0,SLG
2018-07-25,6.65399980545044,6.8400001525878915,6.619999885559082,6.8400001525878915,6.8400001525878915,6800.0,SLGL
2018-07-25,26.88999938964844,27.670000076293945,26.18000030517578,26.729999542236328,26.022823333740234,1117600.0,SLGN
2018-07-25,11.84000015258789,11.899999618530273,11.0600004196167,11.239999771118164,11.06655216217041,6307400.0,SLM
2018-07-25,72.1500015258789,72.5199966430664,71.5,71.70999908447266,63.76243209838867,128000.0,SLMBP
2018-07-25,2.619999885559082,2.619999885559082,2.4200000762939453,2.440000057220459,2.440000057220459,68000.0,SLNO
2018-07-25,18.350000381469727,19.0,18.299999237060547,18.899999618530273,18.635717391967773,103600.0,SLP
2018-07-25,20.950000762939453,20.950000762939453,20.649999618530273,20.700000762939453,17.77926254272461,45900.0,SLRC
2018-07-25,21.0,21.625,20.25,20.5,20.5,2500.0,SLRX
2018-07-25,65.5,66.0,62.0,65.0,65.0,10700.0,SLS
2018-07-25,7.199999809265138,7.199999809265138,7.119999885559082,7.1500000953674325,6.394716262817383,5600.0,SLVO
2018-07-25,26.770000457763672,27.60000038146973,26.6200008392334,27.5,27.19588661193848,1740400.0,SM
2018-07-25,22.809999465942386,23.309999465942386,22.71999931335449,22.790000915527344,22.790000915527344,136300.0,SMAR
2018-07-25,39.56999969482422,40.0,39.56999969482422,39.79999923706055,38.7209587097168,3400.0,SMBC
2018-07-25,24.229999542236328,25.79999923706055,24.229999542236328,25.18000030517578,25.0671329498291,19700.0,SMBK
2018-07-25,23.649999618530273,23.79999923706055,22.90999984741211,23.10000038146973,23.10000038146973,226900.0,SMCI
2018-07-25,3.559999942779541,3.619999885559082,3.559999942779541,3.559999942779541,3.559999942779541,4400.0,SMED
2018-07-25,8.069999694824219,8.130000114440918,8.050000190734862,8.119999885559082,7.594449043273926,683400.0,SMFG
2018-07-25,80.16999816894531,80.70999908447266,79.66999816894531,80.48999786376953,77.01632690429688,471500.0,SMG
2018-07-25,23.184999465942386,24.540000915527344,23.184999465942386,24.0,24.0,35300.0,SMHI
2018-07-25,2.8299999237060547,2.900000095367432,2.5999999046325684,2.609999895095825,2.609999895095825,70300.0,SMIT
2018-07-25,16.799999237060547,17.180000305175778,16.649999618530273,17.049999237060547,12.87106704711914,124700.0,SMLP
2018-07-25,10.210000038146973,10.489999771118164,10.210000038146973,10.489999771118164,9.073113441467283,31500.0,SMM
2018-07-25,27.04999923706055,27.04999923706055,25.54999923706055,25.54999923706055,24.445987701416016,13900.0,SMMF
2018-07-25,2.5799999237060547,2.5999999046325684,2.325999975204468,2.509999990463257,2.509999990463257,149500.0,SMMT
2018-07-25,48.2599983215332,49.06999969482422,46.93000030517578,47.75,46.25296401977539,155500.0,SMP
2018-07-25,16.930000305175778,17.149999618530273,16.870000839233402,17.069999694824222,17.069999694824222,490200.0,SMPL
2018-07-25,2.3199999332427983,2.3399999141693115,2.200000047683716,2.2100000381469727,2.2100000381469727,184900.0,SMRT
2018-07-25,2.4200000762939453,2.7100000381469727,2.400000095367432,2.609999895095825,2.609999895095825,683400.0,SMSI
2018-07-25,49.20000076293945,49.45000076293945,48.04999923706055,48.79999923706055,48.79999923706055,319200.0,SMTC
2018-07-25,2.5199999809265137,2.5799999237060547,2.506999969482422,2.559999942779541,2.559999942779541,146400.0,SMTS
2018-07-25,2.5999999046325684,2.609999895095825,2.5199999809265137,2.5199999809265137,2.5199999809265137,16800.0,SMTX
2018-07-25,165.5800018310547,168.36000061035156,164.61000061035156,168.24000549316406,161.28309631347656,759100.0,SNA
2018-07-25,13.31999969482422,13.4399995803833,13.15999984741211,13.390000343322756,13.390000343322756,16509100.0,SNAP
2018-07-25,31.25,31.75,30.45000076293945,30.979999542236328,30.979999542236328,1404400.0,SNBR
2018-07-25,5.5,5.53000020980835,5.4099998474121085,5.480000019073486,5.480000019073486,266500.0,SNCR
2018-07-25,5.230000019073486,5.5,5.139999866485597,5.480000019073486,5.480000019073486,418200.0,SND
2018-07-25,54.5,54.5,54.4000015258789,54.5,54.5,1100.0,SNDE
2018-07-25,26.09000015258789,26.53000068664551,25.70000076293945,26.53000068664551,25.99624443054199,604600.0,SNDR
2018-07-25,7.170000076293945,7.4000000953674325,7.110000133514403,7.21999979019165,7.21999979019165,274600.0,SNDX
2018-07-25,53.290000915527344,53.7400016784668,53.11000061035156,53.65999984741211,53.14738464355469,682100.0,SNE
2018-07-25,27.20000076293945,27.60000038146973,25.399999618530273,26.399999618530273,26.399999618530273,43500.0,SNES
2018-07-25,5.0,5.095238208770752,5.0,5.095238208770752,5.095238208770752,4700.0,SNFCA
2018-07-25,1.149999976158142,1.1799999475479126,1.1100000143051147,1.149999976158142,1.149999976158142,58800.0,SNGX
2018-07-25,11.75,11.850000381469727,11.75,11.75,9.876930236816406,21600.0,SNMP
2018-07-25,35.36999893188477,35.630001068115234,35.25,35.560001373291016,34.21129608154297,494500.0,SNN
2018-07-25,21.149999618530273,22.5,19.88999938964844,21.8700008392334,21.8700008392334,11500.0,SNOA
2018-07-25,93.63999938964844,94.91000366210938,93.06999969482422,94.6999969482422,84.99713897705078,126800.0,SNP
2018-07-25,91.83999633789062,93.16999816894531,91.83999633789062,93.16000366210938,93.16000366210938,1067800.0,SNPS
2018-07-25,7.1599998474121085,7.239999771118164,7.15500020980835,7.179999828338622,6.131379127502441,286400.0,SNR
2018-07-25,2.309999942779541,2.3299999237060547,2.299999952316284,2.3199999332427983,2.3199999332427983,113500.0,SNSS
2018-07-25,49.959999084472656,50.290000915527344,49.40999984741211,50.02999877929688,46.86050415039063,4175700.0,SNV
2018-07-25,96.45999908447266,96.45999908447266,94.63999938964844,95.94000244140624,93.83699798583984,277300.0,SNX
2018-07-25,42.7400016784668,43.27999877929688,42.599998474121094,43.20000076293945,41.46941375732422,1894400.0,SNY
2018-07-25,47.31999969482422,47.790000915527344,47.31000137329102,47.54999923706055,43.93478393554688,3674500.0,SO
2018-07-25,10.640000343322754,11.029999732971193,10.609999656677246,10.9399995803833,10.9399995803833,1815300.0,SOGO
2018-07-25,6.860000133514403,6.960000038146973,6.8499999046325675,6.9000000953674325,5.725390434265138,14900.0,SOHO
2018-07-25,25.54999923706055,25.71999931335449,25.51000022888184,25.7189998626709,21.36646842956543,2100.0,SOHOB
2018-07-25,25.11000061035156,25.11000061035156,25.04999923706055,25.04999923706055,20.62043571472168,3300.0,SOHOO
2018-07-25,31.09000015258789,33.0,31.09000015258789,32.59999847412109,32.59999847412109,332800.0,SOHU
2018-07-25,13.260000228881836,13.520000457763672,12.973999977111815,13.470000267028807,12.739608764648438,529800.0,SOI
2018-07-25,26.11000061035156,26.229999542236328,26.11000061035156,26.20000076293945,23.94186210632324,32000.0,SOJA
2018-07-25,24.920000076293945,25.04800033569336,24.82999992370605,24.84000015258789,22.63412094116211,45900.0,SOJB
2018-07-25,24.670000076293945,24.68899917602539,24.53199958801269,24.57999992370605,22.697784423828125,45800.0,SOJC
2018-07-25,2.4600000381469727,2.4800000190734863,2.4200000762939453,2.450000047683716,2.450000047683716,9400.0,SOL
2018-07-25,170.0,170.0,170.0,170.0,165.2638702392578,0.0,SOLN
2018-07-25,55.59000015258789,55.7599983215332,54.97000122070313,55.25,52.49994277954102,564900.0,SON
2018-07-25,17.34000015258789,17.399999618530273,16.950000762939453,17.09000015258789,16.42708396911621,22400.0,SONA
2018-07-25,40.29999923706055,40.4900016784668,40.099998474121094,40.45000076293945,35.27900695800781,12900.0,SOR
2018-07-25,4.96999979019165,4.989999771118164,4.880000114440918,4.880000114440918,4.880000114440918,90600.0,SORL
2018-07-25,37.54999923706055,37.9900016784668,37.349998474121094,37.45000076293945,37.45000076293945,59700.0,SP
2018-07-25,14.850000381469727,15.0,14.649999618530273,15.0,14.786595344543455,95700.0,SPAR
2018-07-25,77.7300033569336,78.0,75.30000305175781,76.83000183105469,73.04651641845703,996700.0,SPB
2018-07-25,1.8999999761581419,1.950000047683716,1.7899999618530271,1.7899999618530271,1.7899999618530271,159700.0,SPCB
2018-07-25,9.970000267028807,9.979999542236328,9.960000038146973,9.960000038146973,9.960000038146973,57400.0,SPCE
2018-07-25,15.199999809265135,15.199999809265135,15.06999969482422,15.18000030517578,12.188067436218262,30500.0,SPE
2018-07-25,0.5879999995231628,0.5879999995231628,0.5879999995231628,0.5879999995231628,0.5851313471794128,0.0,SPFI
2018-07-25,170.1699981689453,171.94000244140625,169.86000061035156,171.1300048828125,156.7601776123047,1630400.0,SPG
2018-07-25,213.0,215.08999633789062,212.4199981689453,214.77999877929688,211.06285095214844,1020400.0,SPGI
2018-07-25,23.649999618530273,23.670000076293945,23.36000061035156,23.63999938964844,19.709836959838867,185400.0,SPH
2018-07-25,4.1599998474121085,4.199999809265137,4.050000190734863,4.070000171661377,4.070000171661377,12200.0,SPI
2018-07-25,9.25,9.350000381469727,9.100000381469727,9.300000190734863,8.159958839416504,106900.0,SPKE
2018-07-25,23.65999984741211,23.75,23.65999984741211,23.72400093078613,19.95042991638184,5900.0,SPKEP
2018-07-25,102.81999969482422,104.7300033569336,102.0,104.04000091552734,104.04000091552734,1778500.0,SPLK
2018-07-25,16.420000076293945,16.479999542236328,16.420000076293945,16.479999542236328,16.479999542236328,300.0,SPLP
2018-07-25,12.81999969482422,12.960000038146973,12.770000457763672,12.84000015258789,12.84000015258789,15800.0,SPNE
2018-07-25,10.25,10.65999984741211,10.029999732971193,10.649999618530273,10.346943855285645,90500.0,SPNS
2018-07-25,14.600000381469727,14.600000381469727,14.199999809265135,14.449999809265135,13.48486328125,178900.0,SPOK
2018-07-25,185.5500030517578,188.08999633789062,184.5,187.9900054931641,187.9900054931641,2024700.0,SPOT
2018-07-25,22.3799991607666,22.790000915527344,21.959999084472656,22.100000381469727,22.100000381469727,1197400.0,SPPI
2018-07-25,88.69999694824219,90.33000183105469,88.04000091552734,90.2699966430664,89.44197845458984,1271900.0,SPR
2018-07-25,11.09000015258789,12.050000190734865,11.09000015258789,11.380000114440918,11.380000114440918,104000.0,SPRO
2018-07-25,2.759999990463257,2.7699999809265137,2.759999990463257,2.7699999809265137,1.431835651397705,1100.0,SPRT
2018-07-25,38.48500061035156,39.15499877929688,38.09500122070313,38.64500045776367,38.64500045776367,321600.0,SPSC
2018-07-25,24.13999938964844,24.3799991607666,23.93000030517578,24.270000457763672,22.14740753173828,141900.0,SPTN
2018-07-25,5.190000057220459,5.309999942779541,5.050000190734863,5.300000190734863,5.300000190734863,535700.0,SPWH
2018-07-25,7.28000020980835,7.550000190734862,7.210000038146973,7.53000020980835,7.53000020980835,1426600.0,SPWR
2018-07-25,36.02000045776367,36.27000045776367,35.5099983215332,36.099998474121094,36.099998474121094,117100.0,SPXC
2018-07-25,16.889999389648438,16.969999313354492,16.829999923706055,16.920000076293945,14.99095344543457,49900.0,SPXX
2018-07-25,69.73000335693361,72.52999877929688,69.62999725341797,72.52999877929688,72.52999877929688,8286200.0,SQ
2018-07-25,2.1199998855590816,2.1199998855590816,1.9900000095367432,2.039999961853028,2.039999961853028,67100.0,SQBG
2018-07-25,46.81000137329102,47.27000045776367,46.63999938964844,47.22999954223633,44.06928253173828,757000.0,SQM
2018-07-25,7.880000114440918,8.0,7.800000190734862,7.960000038146973,7.960000038146973,37500.0,SQNS
2018-07-25,72.1500015258789,72.80000305175781,71.94999694824219,72.0999984741211,68.41664123535156,189500.0,SR
2018-07-25,5.28000020980835,5.7170000076293945,5.28000020980835,5.599999904632568,5.599999904632568,188300.0,SRAX
2018-07-25,41.04999923706055,41.95000076293945,41.0,41.75,37.747337341308594,1174400.0,SRC
2018-07-25,58.25,58.25,57.099998474121094,57.63000106811523,55.42123031616211,30000.0,SRCE
2018-07-25,69.16999816894531,69.80000305175781,68.83000183105469,69.76000213623047,69.76000213623047,858100.0,SRCL
2018-07-25,62.099998474121094,63.68000030517578,62.0,63.29999923706055,63.29999923706055,90100.0,SRDX
2018-07-25,114.68000030517578,115.58999633789062,114.01000213623048,115.47000122070312,109.3414535522461,1364700.0,SRE
2018-07-25,3.650000095367432,3.7899999618530273,3.650000095367432,3.7699999809265137,3.7699999809265137,167500.0,SREV
2018-07-25,9.40999984741211,9.470000267028807,9.359999656677246,9.460000038146973,8.384745597839355,7900.0,SRF
2018-07-25,43.34000015258789,43.63999938964844,42.95000076293945,42.959999084472656,42.17721557617188,151300.0,SRG
2018-07-25,33.189998626708984,33.43000030517578,32.169998168945305,33.360000610351555,33.360000610351555,236600.0,SRI
2018-07-25,6.820000171661378,6.820000171661378,6.389999866485597,6.389999866485597,6.389999866485597,2200.0,SRL
2018-07-25,24.649999618530273,25.149999618530273,24.649999618530273,25.10000038146973,19.8155460357666,20000.0,SRLP
2018-07-25,5.599999904632568,5.9000000953674325,5.510000228881836,5.730000019073486,5.730000019073486,995100.0,SRNE
2018-07-25,130.46000671386722,133.55000305175778,130.25,131.22000122070312,131.22000122070312,839000.0,SRPT
2018-07-25,111.1999969482422,116.8000030517578,110.4000015258789,113.1999969482422,113.1999969482422,2700.0,SRRA
2018-07-25,15.149999618530273,15.619000434875488,15.149999618530273,15.399999618530273,15.399999618530273,5000.0,SRRK
2018-07-25,7.389999866485597,7.880000114440918,7.389999866485597,7.570000171661378,7.570000171661378,131700.0,SRT
2018-07-25,6.71999979019165,6.71999979019165,6.639999866485597,6.699999809265138,6.699999809265138,10900.0,SRTS
2018-07-25,11.899999618530273,12.039999961853027,11.899999618530273,12.0,9.909878730773926,24500.0,SRV
2018-07-25,88.8499984741211,88.9000015258789,87.69999694824219,88.1500015258789,84.90229034423828,87400.0,SSB
2018-07-25,15.5,15.5,15.5,15.5,14.496919631958008,0.0,SSBI
2018-07-25,61.459999084472656,61.459999084472656,59.540000915527344,59.88999938964844,58.44968032836914,353200.0,SSD
2018-07-25,2.2799999713897705,2.3399999141693115,2.1800000667572017,2.25,2.125115871429444,123400.0,SSI
2018-07-25,1.8600000143051147,1.9600000381469729,1.8600000143051147,1.940000057220459,1.940000057220459,118400.0,SSKN
2018-07-25,38.650001525878906,39.0,38.400001525878906,38.97999954223633,37.8637924194336,229600.0,SSL
2018-07-25,54.61999893188477,56.20000076293945,53.95000076293945,56.13000106811523,55.41119003295898,1070800.0,SSNC
2018-07-25,3.650000095367432,3.7000000476837163,3.5999999046325684,3.6800000667572017,3.2081286907196045,6200.0,SSNT
2018-07-25,12.90999984741211,13.25,12.609999656677244,13.119999885559082,12.797881126403807,1350000.0,SSP
2018-07-25,10.470000267028807,10.789999961853027,10.43000030517578,10.630000114440918,10.630000114440918,844100.0,SSRM
2018-07-25,6.96999979019165,7.039999961853027,6.8499999046325675,6.8499999046325675,6.5333333015441895,100400.0,SSSS
2018-07-25,42.2599983215332,44.959999084472656,41.63800048828125,44.88999938964844,44.88999938964844,160900.0,SSTI
2018-07-25,47.77999877929688,49.56999969482422,47.72000122070313,48.68000030517578,45.705787658691406,409100.0,SSTK
2018-07-25,1.3200000524520874,1.5499999523162842,1.3200000524520874,1.5,1.5,22600.0,SSY
2018-07-25,19.549999237060547,20.200000762939453,19.549999237060547,20.07999992370605,20.07999992370605,410700.0,SSYS
2018-07-25,52.5,53.04999923706055,51.5,52.31000137329102,52.31000137329102,1492100.0,ST
2018-07-25,34.0,35.0,33.950000762939446,34.950000762939446,34.950000762939446,205200.0,STAA
2018-07-25,2.4200000762939453,2.5899999141693115,2.309999942779541,2.5299999713897705,2.4523518085479736,332600.0,STAF
2018-07-25,26.709999084472656,27.020000457763672,26.6299991607666,26.96999931335449,24.70007133483887,463900.0,STAG
2018-07-25,10.890000343322754,10.90999984741211,10.75,10.789999961853027,10.149295806884766,274900.0,STAR
2018-07-25,21.51000022888184,21.940000534057614,21.43000030517578,21.850000381469727,19.69890594482422,1698100.0,STAY
2018-07-25,45.79999923706055,45.79999923706055,45.18000030517578,45.45000076293945,43.107688903808594,78900.0,STBA
2018-07-25,44.77999877929688,45.2400016784668,44.58000183105469,45.2400016784668,42.84505081176758,76400.0,STC
2018-07-25,2.059999942779541,2.150000095367432,2.049999952316284,2.1300001144409184,2.1300001144409184,37500.0,STCN
2018-07-25,112.81999969482422,113.55999755859376,112.5,113.16000366210938,111.1197509765625,556800.0,STE
2018-07-25,32.080001831054695,32.470001220703125,31.5,32.25,31.51881980895996,12100.0,STFC
2018-07-25,7.196000099182129,7.210000038146973,6.119999885559082,6.5,6.5,727300.0,STG
2018-07-25,26.3799991607666,26.75,25.85000038146973,25.920000076293945,25.920000076293945,137800.0,STIM
2018-07-25,22.049999237060547,22.15999984741211,21.88999938964844,22.15999984741211,18.460813522338867,39200.0,STK
2018-07-25,8.300000190734862,8.449999809265138,8.25,8.350000381469728,8.350000381469728,86300.0,STKL
2018-07-25,2.509999990463257,2.5699999332427983,2.440999984741211,2.5699999332427983,2.5699999332427983,10100.0,STKS
2018-07-25,23.20000076293945,23.25,22.649999618530273,22.70000076293945,22.155561447143555,2403500.0,STL
2018-07-25,49.15999984741211,49.63999938964844,48.95000076293945,49.599998474121094,47.0432243347168,2201200.0,STLD
2018-07-25,22.350000381469727,22.40999984741211,21.75,22.200000762939453,21.692716598510746,9909200.0,STM
2018-07-25,15.899999618530273,16.700000762939453,15.899999618530273,16.299999237060547,16.299999237060547,151600.0,STML
2018-07-25,273.35000610351557,280.5,271.25,280.0,280.0,152400.0,STMP
2018-07-25,25.45000076293945,26.29999923706055,25.45000076293945,26.25,25.102184295654297,11900.0,STN
2018-07-25,30.54999923706055,30.54999923706055,30.28000068664551,30.28000068664551,28.719623565673828,9200.0,STND
2018-07-25,23.0,23.5,22.100000381469727,22.899999618530273,22.399402618408203,280200.0,STNG
2018-07-25,3.7999999523162837,4.440000057220459,3.7699999809265137,4.300000190734863,4.300000190734863,407700.0,STON
2018-07-25,27.34000015258789,27.71500015258789,27.270000457763672,27.6299991607666,25.503175735473636,1069900.0,STOR
2018-07-25,30.399999618530273,30.709999084472656,30.399999618530273,30.709999084472656,30.709999084472656,600.0,STPP
2018-07-25,119.48999786376952,120.54000091552734,118.88999938964844,119.95999908447266,116.9825210571289,46600.0,STRA
2018-07-25,13.390000343322756,13.40999984741211,13.06999969482422,13.239999771118164,13.239999771118164,129300.0,STRL
2018-07-25,1.399999976158142,1.4099999666213991,1.399999976158142,1.4099999666213991,1.4099999666213991,600.0,STRM
2018-07-25,30.25,30.25,29.670000076293945,29.899999618530273,29.899999618530273,5900.0,STRS
2018-07-25,31.82999992370605,31.82999992370605,30.78000068664551,31.35000038146973,30.14478874206543,11600.0,STRT
2018-07-25,87.58000183105469,87.70999908447266,86.69999694824219,87.20999908447266,82.63461303710938,2742700.0,STT
2018-07-25,22.26000022888184,22.309999465942386,22.170000076293945,22.190000534057614,18.807960510253906,1659600.0,STWD
2018-07-25,55.959999084472656,56.47000122070313,55.52999877929688,56.43999862670898,51.24384307861328,2165400.0,STX
2018-07-25,21.270000457763672,21.600000381469727,21.030000686645508,21.59000015258789,21.59000015258789,26600.0,STXB
2018-07-25,0.8500000238418579,0.8799999952316284,0.8500000238418579,0.8500000238418579,0.8500000238418579,12300.0,STXS
2018-07-25,214.13999938964844,215.72000122070312,214.13999938964844,215.1499938964844,209.5215148925781,1733800.0,STZ
2018-07-25,40.84000015258789,40.84000015258789,40.31999969482422,40.7599983215332,37.23143768310547,3069500.0,SU
2018-07-25,96.01000213623048,97.18000030517578,96.01000213623048,96.5999984741211,92.5373764038086,400800.0,SUI
2018-07-25,25.1200008392334,25.34000015258789,24.40999984741211,25.25,25.25,1719600.0,SUM
2018-07-25,12.6899995803833,12.779999732971193,12.510000228881836,12.600000381469727,12.600000381469727,3300.0,SUMR
2018-07-25,26.270000457763672,26.51000022888184,26.059999465942386,26.40999984741211,21.837949752807614,183000.0,SUN
2018-07-25,16.799999237060547,16.819999694824222,16.700000762939453,16.709999084472653,14.476276397705078,23200.0,SUNS
2018-07-25,7.210000038146973,7.4130001068115225,7.077000141143799,7.139999866485597,7.139999866485597,3500.0,SUNW
2018-07-25,16.850000381469727,17.100000381469727,16.270000457763672,17.100000381469727,16.028799057006836,175600.0,SUP
2018-07-25,54.1500015258789,54.6500015258789,52.29999923706055,54.54999923706055,54.54999923706055,572100.0,SUPN
2018-07-25,11.8100004196167,13.0600004196167,11.8100004196167,12.970000267028807,12.79118537902832,1522600.0,SUPV
2018-07-25,13.109999656677244,13.109999656677244,11.25,12.0,12.0,291700.0,SURF
2018-07-25,11.08650016784668,11.595000267028807,11.08650016784668,11.595000267028807,11.469719886779785,1200.0,SUZ
2018-07-25,7.320000171661378,7.640999794006348,7.320000171661378,7.5,7.5,82550.0,SVA
2018-07-25,8.550000190734862,8.550000190734862,8.550000190734862,8.550000190734862,8.312883377075195,0.0,SVBI
2018-07-25,28.59000015258789,28.70000076293945,28.29999923706055,28.649999618530273,24.75329780578613,650800.0,SVC
2018-07-25,2.6600000858306885,2.700000047683716,2.630000114440918,2.690000057220459,2.6498794555664062,216800.0,SVM
2018-07-25,12.699999809265135,13.100000381469727,12.699999809265135,12.869999885559082,12.869999885559082,99000.0,SVRA
2018-07-25,9.800000190734863,9.800000190734863,9.800000190734863,9.800000190734863,9.639344215393066,0.0,SVT
2018-07-25,14.630000114440918,14.779999732971193,14.25,14.270000457763672,14.230490684509276,31300.0,SVVC
2018-07-25,13.25,13.479999542236328,13.25,13.449999809265135,13.260008811950685,417400.0,SWCH
2018-07-25,16.549999237060547,16.75,16.450000762939453,16.5,16.5,120200.0,SWIR
2018-07-25,139.86000061035156,140.75,138.10000610351562,140.39999389648438,135.57476806640622,1934300.0,SWK
2018-07-25,10.0,10.149999618530273,9.609999656677246,9.609999656677246,9.609999656677246,4000.0,SWKH
2018-07-25,94.23999786376952,95.20999908447266,92.72000122070312,94.81999969482422,91.67160034179688,2559300.0,SWKS
2018-07-25,42.59000015258789,42.65999984741211,41.93000030517578,42.04999923706055,38.20284271240234,98500.0,SWM
2018-07-25,5.300000190734863,5.3400001525878915,5.190000057220459,5.25,5.25,12984000.0,SWN
2018-07-25,108.6500015258789,109.0,106.72000122070312,108.0,98.4538345336914,13000.0,SWP
2018-07-25,78.13999938964844,79.3499984741211,78.0199966430664,78.22000122070312,74.69554901123047,238400.0,SWX
2018-07-25,12.779999732971193,12.8100004196167,12.760000228881836,12.800000190734865,7.796603202819824,28400.0,SWZ
2018-07-25,13.600000381469727,13.710000038146973,13.0,13.109999656677244,12.827235221862793,688100.0,SXC
2018-07-25,104.0999984741211,104.9000015258789,103.5500030517578,104.8000030517578,102.84649658203124,34400.0,SXI
2018-07-25,66.80999755859375,67.08999633789061,65.95999908447266,66.73999786376953,64.17240905761719,339200.0,SXT
2018-07-25,38.45000076293945,38.45000076293945,37.599998474121094,37.95000076293945,36.009910583496094,30600.0,SYBT
2018-07-25,10.989999771118164,11.220000267028807,10.81999969482422,10.979999542236328,10.979999542236328,46400.0,SYBX
2018-07-25,33.880001068115234,33.880001068115234,33.080001831054695,33.439998626708984,31.92077827453613,5476800.0,SYF
2018-07-25,168.5,170.74000549316406,166.07000732421875,169.97999572753906,166.60887145996094,2778600.0,SYK
2018-07-25,29.809999465942386,29.95000076293945,29.38999938964844,29.61000061035156,29.61000061035156,81000.0,SYKE
2018-07-25,7.3499999046325675,7.3499999046325675,7.0,7.0,7.0,7200.0,SYN
2018-07-25,49.13999938964844,49.790000915527344,48.68000030517578,49.59000015258789,49.59000015258789,396400.0,SYNA
2018-07-25,1.950000047683716,1.950000047683716,1.8999999761581419,1.9299999475479128,1.9299999475479128,34500.0,SYNC
2018-07-25,49.599998474121094,50.5,49.349998474121094,50.25,50.25,617000.0,SYNH
2018-07-25,20.5,21.399999618530273,19.600000381469727,21.25,20.928226470947266,51700.0,SYNL
2018-07-25,1.5099999904632568,1.5399999618530271,1.5099999904632568,1.5199999809265137,1.5199999809265137,12100.0,SYPR
2018-07-25,10.119999885559082,10.4399995803833,9.789999961853027,10.1899995803833,10.1899995803833,144200.0,SYRS
2018-07-25,46.0,46.290000915527344,45.40999984741211,45.790000915527344,33.552398681640625,74400.0,SYX
2018-07-25,70.23999786376953,70.97000122070312,70.05999755859375,70.93000030517578,67.89791107177734,1781000.0,SYY
2018-07-25,18.5,18.540000915527344,18.3799991607666,18.440000534057614,15.172287940979006,46900.0,SZC
2018-07-25,31.10000038146973,31.18000030517578,30.1299991607666,30.25,27.67198181152344,96511700.0,T
2018-07-25,23.0,23.0,21.25,22.25,22.25,56400.0,TA
2018-07-25,5.349999904632568,5.449999809265137,5.349999904632568,5.400000095367432,5.163346767425537,7000.0,TAC
2018-07-25,13.829999923706055,13.989999771118164,13.779999732971193,13.859999656677244,13.859999656677244,566000.0,TACO
2018-07-25,11.600000381469727,11.649999618530273,11.350000381469727,11.399999618530273,10.858016967773438,1400.0,TACT
2018-07-25,1.7799999713897705,1.9099999666213991,1.75,1.7999999523162842,1.6565314531326294,53000.0,TAIT
2018-07-25,21.3799991607666,21.3799991607666,21.170000076293945,21.299999237060547,20.0279598236084,143000.0,TAK
2018-07-25,40.0099983215332,41.43999862670898,40.0099983215332,40.81999969482422,40.81999969482422,4651200.0,TAL
2018-07-25,35.36000061035156,35.61000061035156,34.650001525878906,35.36999893188477,35.36999893188477,66600.0,TALO
2018-07-25,1.4279999732971191,1.5199999809265137,1.4099999666213991,1.4299999475479126,1.4299999475479126,1038800.0,TANH
2018-07-25,24.40999984741211,24.489999771118164,24.399999618530273,24.43000030517578,21.05006980895996,2200.0,TANNI
2018-07-25,24.05200004577637,24.190000534057614,24.00300025939941,24.040000915527344,20.88674736022949,22800.0,TANNL
2018-07-25,24.10000038146973,24.10000038146973,24.03199958801269,24.10000038146973,20.81456184387207,4700.0,TANNZ
2018-07-25,1.2899999618530271,1.2999999523162842,1.25,1.2999999523162842,1.2999999523162842,21700.0,TAOP
2018-07-25,64.86000061035156,65.58999633789061,64.69999694824219,65.41000366210939,61.57186508178711,3931700.0,TAP
2018-07-25,27.82699966430664,27.82699966430664,27.82699966430664,27.82699966430664,27.82699966430664,100.0,TAPR
2018-07-25,95.1999969482422,96.0,94.0,96.0,96.0,200.0,TARA
2018-07-25,112.93000030517578,114.48999786376952,112.68000030517578,114.16999816894531,99.70537567138672,41700.0,TARO
2018-07-25,14.699999809265135,14.850000381469727,14.600000381469727,14.699999809265135,14.699999809265135,168800.0,TAST
2018-07-25,1.1699999570846558,1.190000057220459,1.149999976158142,1.1699999570846558,1.1699999570846558,27400.0,TAT
2018-07-25,7.699999809265138,7.699999809265138,7.699999809265138,7.699999809265138,7.699999809265138,400.0,TATT
2018-07-25,11.5,11.5,11.5,11.5,11.5,100.0,TAYD
2018-07-25,24.96999931335449,24.96999931335449,24.1299991607666,24.290000915527344,22.462650299072266,1633600.0,TBB
2018-07-25,10.850000381469727,10.859999656677246,10.649999618530273,10.75,10.75,125500.0,TBBK
2018-07-25,24050.0,24050.0,24000.0,24000.0,22123.12109375,3450.0,TBC
2018-07-25,27.79999923706055,28.29999923706055,27.70000076293945,28.0,28.0,165600.0,TBI
2018-07-25,15.460000038146973,15.56999969482422,15.109999656677244,15.56999969482422,15.56999969482422,18300.0,TBIO
2018-07-25,39.25,39.29999923706055,38.650001525878906,39.25,39.25,146000.0,TBK
2018-07-25,30.5,30.61000061035156,30.440000534057614,30.5,28.13546562194824,12700.0,TBNK
2018-07-25,25.0,25.5,23.85000038146973,23.93000030517578,23.93000030517578,341300.0,TBPH
2018-07-25,93.4499969482422,93.4499969482422,91.83000183105469,92.0500030517578,92.0500030517578,831300.0,TCBI
2018-07-25,25.59000015258789,25.649999618530273,25.59000015258789,25.649999618530273,22.97658348083496,1200.0,TCBIL
2018-07-25,25.3799991607666,25.45000076293945,25.3799991607666,25.43000030517578,22.76264190673828,5200.0,TCBIP
2018-07-25,38.31999969482422,38.31999969482422,37.7599983215332,38.11999893188477,36.68195724487305,121900.0,TCBK
2018-07-25,4.170000076293944,4.199999809265137,4.150000095367432,4.150000095367432,4.150000095367432,9300.0,TCCO
2018-07-25,27.18000030517578,28.48500061035156,26.54999923706055,27.059999465942386,27.059999465942386,94700.0,TCDA
2018-07-25,56.47999954223633,58.349998474121094,55.61999893188477,57.15999984741211,53.3974609375,640000.0,TCF
2018-07-25,35.41999816894531,35.41999816894531,35.130001068115234,35.290000915527344,34.49154281616211,1300.0,TCFC
2018-07-25,36.04999923706055,37.13999938964844,35.810001373291016,35.810001373291016,35.810001373291016,1200.0,TCI
2018-07-25,51.65999984741211,54.72999954223633,51.33000183105469,53.5099983215332,53.5099983215332,212300.0,TCMD
2018-07-25,59.56999969482422,60.72999954223633,59.5,60.52999877929688,54.53901672363281,496500.0,TCO
2018-07-25,42.91999816894531,43.400001525878906,42.36999893188477,43.2400016784668,43.2400016784668,2850000.0,TCOM
2018-07-25,25.5,26.0,25.5,26.0,26.0,4300.0,TCON
2018-07-25,31.34000015258789,32.060001373291016,30.59000015258789,31.40999984741211,27.57485198974609,422600.0,TCP
2018-07-25,14.8100004196167,14.84000015258789,14.729999542236328,14.770000457763672,12.232159614562988,139400.0,TCPC
2018-07-25,8.180000305175781,8.239999771118164,8.079999923706055,8.130000114440918,6.069042682647705,79900.0,TCRD
2018-07-25,25.54999923706055,25.607999801635746,25.541000366210934,25.607999801635746,22.78943252563477,1100.0,TCRZ
2018-07-25,7.139999866485597,7.260000228881836,7.03000020980835,7.110000133514403,6.646304607391357,129300.0,TCS
2018-07-25,61.29999923706055,62.29999923706055,61.04999923706055,61.75,61.75,58200.0,TCX
2018-07-25,58.099998474121094,59.040000915527344,58.02000045776367,59.0,54.620826721191406,1142800.0,TD
2018-07-25,24.770000457763672,24.88999938964844,24.5,24.61000061035156,22.095680236816406,17500.0,TDA
2018-07-25,9.75,9.770000457763672,9.75,9.75,9.75,5200.0,TDAC
2018-07-25,10.055999755859377,10.055999755859377,10.055999755859377,10.055999755859377,10.055999755859377,0.0,TDACU
2018-07-25,40.72000122070313,41.38000106811523,40.68999862670898,41.02999877929688,41.02999877929688,686600.0,TDC
2018-07-25,25.670000076293945,25.690000534057614,25.03000068664551,25.32999992370605,22.474275588989254,27100.0,TDE
2018-07-25,21.40999984741211,21.670000076293945,21.40999984741211,21.6299991607666,17.328485488891598,46700.0,TDF
2018-07-25,363.2200012207031,372.7699890136719,361.5499877929688,372.0700073242188,332.26019287109375,232900.0,TDG
2018-07-25,25.61000061035156,25.61000061035156,25.399999618530273,25.399999618530273,23.05510711669922,2700.0,TDI
2018-07-25,25.309999465942386,25.32999992370605,25.020000457763672,25.07999992370605,22.19341278076172,37300.0,TDJ
2018-07-25,64.90000152587889,67.44999694824219,64.44999694824219,66.90000152587889,66.90000152587889,3348300.0,TDOC
2018-07-25,24.29999923706055,24.32999992370605,24.0,24.1299991607666,23.10243797302246,715100.0,TDS
2018-07-25,32.529998779296875,33.360000610351555,32.40999984741211,32.81999969482422,32.81999969482422,332500.0,TDW
2018-07-25,210.0500030517578,214.97999572753903,209.0,214.6499938964844,214.6499938964844,116400.0,TDY
2018-07-25,64.77999877929689,67.12000274658203,64.77999877929689,67.05000305175781,67.05000305175781,803100.0,TEAM
2018-07-25,84.30000305175781,85.41000366210938,84.0999984741211,84.94999694824219,84.94999694824219,267700.0,TECD
2018-07-25,162.0,166.00999450683594,161.7899932861328,165.63999938964844,163.7222900390625,163600.0,TECH
2018-07-25,25.01000022888184,25.149999618530273,24.40999984741211,25.01000022888184,24.53683662414551,3841800.0,TECK
2018-07-25,8.420000076293945,8.614999771118164,8.420000076293945,8.470000267028809,8.470000267028809,104800.0,TEDU
2018-07-25,8.689999580383299,8.729999542236326,8.609999656677246,8.710000038146973,8.010912895202638,991900.0,TEF
2018-07-25,10.489999771118164,10.600000381469727,10.489999771118164,10.550000190734863,9.198028564453123,89800.0,TEI
2018-07-25,90.81999969482422,94.3000030517578,90.04000091552734,93.98999786376952,90.63959503173828,4383900.0,TEL
2018-07-25,7.550000190734862,7.690000057220459,7.360000133514403,7.679999828338622,7.679999828338622,916700.0,TELL
2018-07-25,43.18000030517578,44.93999862670898,41.63999938964844,44.650001525878906,43.74621963500977,1079400.0,TEN
2018-07-25,6.48799991607666,6.769000053405763,6.4000000953674325,6.630000114440918,6.630000114440918,7000.0,TENX
2018-07-25,19.739999771118164,20.26000022888184,19.739999771118164,20.049999237060547,17.820070266723633,92900.0,TEO
2018-07-25,44.61000061035156,45.79999923706055,41.95000076293945,42.959999084472656,42.38097381591797,9627000.0,TER
2018-07-25,10.369999885559082,10.470000267028807,10.260000228881836,10.279999732971193,9.29755401611328,480000.0,TERP
2018-07-25,17.75,18.149999618530273,17.0,17.899999618530273,16.403202056884766,13800.0,TESS
2018-07-25,2.9800000190734863,3.0699999332427983,2.880000114440918,2.9300000667572017,2.9300000667572017,2749400.0,TEUM
2018-07-25,23.309999465942386,23.84000015258789,23.190000534057614,23.70000076293945,23.70000076293945,7551900.0,TEVA
2018-07-25,43.16999816894531,43.63999938964844,42.58000183105469,43.52999877929688,42.39342880249024,1614000.0,TEX
2018-07-25,50.7599983215332,51.02999877929688,50.290000915527344,50.68000030517578,47.79696655273438,4543600.0,TFC
2018-07-25,16.290000915527347,16.350000381469727,16.170000076293945,16.280000686645508,14.69744110107422,114800.0,TFSL
2018-07-25,274.57000732421875,279.32000732421875,274.57000732421875,278.72000122070307,276.48455810546875,126100.0,TFX
2018-07-25,25.149999618530273,25.35000038146973,24.95000076293945,25.25,24.13104057312012,106500.0,TG
2018-07-25,3.369999885559082,3.4600000381469727,3.309999942779541,3.369999885559082,3.1876139640808105,361400.0,TGA
2018-07-25,0.9399999976158142,0.9700000286102296,0.9300000071525574,0.9300000071525574,0.9300000071525574,343800.0,TGB
2018-07-25,0.9800000190734864,1.100000023841858,0.9800000190734864,1.0399999618530271,1.0399999618530271,184200.0,TGC
2018-07-25,22.200000762939453,23.09000015258789,22.15999984741211,23.09000015258789,19.98439598083496,1013600.0,TGE
2018-07-25,3.490000009536743,3.490000009536743,3.3499999046325684,3.400000095367432,3.400000095367432,8000.0,TGEN
2018-07-25,14.949999809265135,14.979999542236328,14.350000381469727,14.75,14.75,111300.0,TGH
2018-07-25,18.950000762939453,19.350000381469727,18.450000762939453,19.299999237060547,19.043045043945312,467700.0,TGI
2018-07-25,9.170000076293944,9.18000030517578,8.949999809265137,9.130000114440918,8.427654266357424,2900.0,TGLS
2018-07-25,10.859999656677246,11.199999809265137,10.8100004196167,11.170000076293944,10.787785530090332,2507600.0,TGNA
2018-07-25,16.450000762939453,16.770000457763672,16.450000762939453,16.700000762939453,15.371723175048828,101900.0,TGP
2018-07-25,15.0,15.869999885559082,14.960000038146973,15.850000381469727,13.92934799194336,174000.0,TGS
2018-07-25,79.5999984741211,80.18000030517578,79.16000366210938,79.98999786376953,75.8514633178711,3655700.0,TGT
2018-07-25,11.449999809265135,12.199999809265135,11.399999618530273,12.050000190734865,12.050000190734865,1093200.0,TGTX
2018-07-25,9.739999771118164,9.739999771118164,9.739999771118164,9.739999771118164,9.739999771118164,0.0,TH
2018-07-25,37.38999938964844,39.38000106811523,37.38000106811523,38.849998474121094,38.849998474121094,3733400.0,THC
2018-07-25,48.45000076293945,50.0,48.29999923706055,49.1500015258789,47.375938415527344,26800.0,THFF
2018-07-25,123.61000061035156,123.83999633789062,122.58999633789062,123.6999969482422,112.9339828491211,103800.0,THG
2018-07-25,25.459999084472656,25.5,25.420000076293945,25.45000076293945,22.811723709106445,2000.0,THGA
2018-07-25,0.5099999904632568,0.5299999713897705,0.5099999904632568,0.5199999809265137,0.5199999809265137,49200.0,THM
2018-07-25,92.05999755859376,92.26000213623048,87.62000274658203,90.26000213623048,86.05107116699219,2448800.0,THO
2018-07-25,17.6200008392334,17.84000015258789,17.6200008392334,17.84000015258789,15.683341979980467,117200.0,THQ
2018-07-25,23.959999084472656,24.09000015258789,23.57999992370605,23.76000022888184,23.76000022888184,49400.0,THR
2018-07-25,40.45000076293945,41.45000076293945,39.90999984741211,41.25,41.25,536800.0,THRM
2018-07-25,49.36000061035156,49.83000183105469,48.47999954223633,48.68999862670898,48.68999862670898,784900.0,THS
2018-07-25,7.28000020980835,7.6599998474121085,7.28000020980835,7.519999980926514,7.519999980926514,56700.0,THTX
2018-07-25,13.270000457763672,13.399999618530273,13.270000457763672,13.350000381469727,11.148176193237305,133900.0,THW
2018-07-25,137.99000549316406,139.69000244140622,137.82000732421878,139.5,134.15235900878906,1390000.0,TIF
2018-07-25,23.45000076293945,23.79999923706055,23.209999084472656,23.60000038146973,22.825050354003906,211700.0,TILE
2018-07-25,6.8499999046325675,6.9000000953674325,6.800000190734862,6.800000190734862,6.515252113342285,32900.0,TIPT
2018-07-25,22.200000762939453,22.57999992370605,21.93000030517578,22.5,22.5,145400.0,TISI
2018-07-25,15.710000038146973,15.710000038146973,14.56999969482422,15.09000015258789,15.09000015258789,325600.0,TITN
2018-07-25,12.300000190734865,12.5,12.100000381469727,12.149999618530273,11.089415550231934,724400.0,TIVO
2018-07-25,48.540000915527344,48.91999816894531,48.3849983215332,48.84000015258789,47.3189468383789,5311000.0,TJX
2018-07-25,6.809999942779541,7.110000133514403,6.78000020980835,7.0900001525878915,6.8673763275146475,952900.0,TK
2018-07-25,1.3300000429153442,1.3420000076293943,1.3300000429153442,1.3420000076293943,1.3420000076293943,3400.0,TKAT
2018-07-25,6.0999999046325675,6.3499999046325675,6.0,6.320000171661378,5.750346183776856,1034300.0,TKC
2018-07-25,44.04999923706055,44.349998474121094,43.599998474121094,44.0,42.14193344116211,664400.0,TKR
2018-07-25,7.75,7.75,7.739999771118164,7.75,7.75,600.0,TLF
2018-07-25,4.230000019073486,4.230000019073486,4.110000133514403,4.179999828338623,4.179999828338623,327100.0,TLGT
2018-07-25,10.029999732971193,10.029999732971193,9.989999771118164,10.0,8.83224105834961,9600.0,TLI
2018-07-25,27.270000457763672,27.31999969482422,27.06999969482422,27.28000068664551,26.91118431091309,214100.0,TLK
2018-07-25,61.849998474121094,62.54700088500977,61.54999923706055,62.11999893188477,62.11999893188477,111000.0,TLND
2018-07-25,21.350000381469727,21.959999084472656,21.350000381469727,21.809999465942386,19.549768447875977,1281200.0,TLRD
2018-07-25,25.309999465942386,27.149999618530273,24.20000076293945,26.489999771118164,26.489999771118164,3844100.0,TLRY
2018-07-25,15.09000015258789,15.640000343322756,15.06999969482422,15.5,12.66948127746582,242400.0,TLYS
2018-07-25,131.58000183105472,132.35000610351562,129.80999755859378,132.21000671386722,128.62765502929688,270700.0,TM
2018-07-25,3.0,3.0299999713897705,2.8199999332427983,2.990000009536743,2.990000009536743,219500.0,TMDI
2018-07-25,20.46999931335449,20.520000457763672,19.61000061035156,20.100000381469727,20.100000381469727,3595800.0,TMHC
2018-07-25,226.0,229.8500061035156,223.0,229.27999877929688,228.180419921875,2296700.0,TMO
2018-07-25,88.87999725341797,89.08999633789062,87.20999908447266,87.70999908447266,84.02973175048828,27800.0,TMP
2018-07-25,1.8500000238418581,1.9800000190734863,1.830000042915344,1.9800000190734863,1.9800000190734863,467200.0,TMQ
2018-07-25,3.5199999809265137,3.5199999809265137,3.5199999809265137,3.5199999809265137,3.5199999809265137,0.0,TMSR
2018-07-25,18.1299991607666,18.290000915527344,17.799999237060547,18.229999542236328,18.229999542236328,162100.0,TMST
2018-07-25,58.77999877929688,59.31999969482422,58.5099983215332,58.83000183105469,58.83000183105469,2194900.0,TMUS
2018-07-25,5.9000000953674325,5.9000000953674325,5.699999809265138,5.800000190734862,5.800000190734862,49700.0,TNAV
2018-07-25,81.5,86.02999877929688,80.44999694824219,81.19999694824219,79.36959075927734,392900.0,TNC
2018-07-25,26.479999542236328,28.0,26.1200008392334,27.459999084472656,27.459999084472656,1549200.0,TNDM
2018-07-25,55.9900016784668,56.68000030517578,55.93999862670898,56.66999816894531,56.66999816894531,220500.0,TNET
2018-07-25,8.079999923706055,8.319999694824219,8.0,8.239999771118164,8.239999771118164,147600.0,TNK
2018-07-25,3.359999895095825,3.539999961853028,3.359999895095825,3.5,3.3023571968078613,198400.0,TNP
2018-07-25,395.0,406.0,388.0,401.0,401.0,800.0,TNXP
2018-07-25,9.25,9.289999961853027,8.979999542236328,9.140000343322754,9.140000343322754,72600.0,TOCA
2018-07-25,36.18000030517578,36.18000030517578,34.34000015258789,34.970001220703125,34.34762954711914,4306200.0,TOL
2018-07-25,20.0,21.600000381469727,19.200000762939453,21.200000762939453,21.200000762939453,67000.0,TOPS
2018-07-25,19.86000061035156,20.59499931335449,12.8100004196167,13.470000267028807,13.470000267028807,7156500.0,TORC
2018-07-25,61.52999877929688,62.66999816894531,61.31999969482422,62.459999084472656,56.54464340209961,1942500.0,TOT
2018-07-25,7.800000190734862,8.069999694824219,7.800000190734862,8.0,8.0,80200.0,TOUR
2018-07-25,32.700000762939446,33.200000762939446,32.5,32.650001525878906,31.122636795043945,131400.0,TOWN
2018-07-25,33.27000045776367,33.654998779296875,33.139999389648445,33.36999893188477,32.996036529541016,61200.0,TPB
2018-07-25,18.200000762939453,18.299999237060547,17.799999237060547,18.200000762939453,18.200000762939453,340500.0,TPC
2018-07-25,16.0,16.75,15.25,15.399999618530273,12.572318077087402,458400.0,TPCO
2018-07-25,15.90999984741211,15.90999984741211,15.31999969482422,15.699999809265135,15.699999809265135,2096100.0,TPH
2018-07-25,6.547800064086914,6.5999999046325675,6.510000228881836,6.559999942779541,6.559999942779541,4800.0,TPHS
2018-07-25,30.01000022888184,30.85000038146973,29.60400009155273,30.809999465942386,30.809999465942386,207400.0,TPIC
2018-07-25,777.0,777.5,769.989990234375,773.9000244140625,750.6005859375,7700.0,TPL
2018-07-25,47.9000015258789,48.13000106811523,47.63999938964844,48.04999923706055,44.36636352539063,1867300.0,TPR
2018-07-25,12.649999618530273,12.75,12.5,12.649999618530273,12.649999618530273,367000.0,TPRE
2018-07-25,13.609999656677244,13.779999732971193,13.600000381469727,13.739999771118164,11.15078830718994,101900.0,TPVG
2018-07-25,25.27199935913086,25.27199935913086,25.149999618530273,25.15999984741211,22.71810531616211,7700.0,TPVY
2018-07-25,50.83000183105469,51.09000015258789,49.540000915527344,49.9900016784668,49.9900016784668,1728600.0,TPX
2018-07-25,19.100000381469727,19.350000381469727,19.07999992370605,19.25,16.517648696899414,20800.0,TPZ
2018-07-25,29.79999923706055,30.04999923706055,29.5,29.95000076293945,29.411296844482425,59600.0,TR
2018-07-25,24.03000068664551,24.15999984741211,23.809999465942386,23.90999984741211,23.90999984741211,77900.0,TRC
2018-07-25,1.0800000429153442,1.1200000047683716,1.0499999523162842,1.0700000524520874,1.0700000524520874,149200.0,TRCH
2018-07-25,15.0,15.130000114440918,14.850000381469727,15.0,15.0,27500.0,TREC
2018-07-25,245.3500061035156,248.5500030517578,243.6999969482422,246.0500030517578,246.0500030517578,222300.0,TREE
2018-07-25,65.86000061035156,65.86000061035156,64.08999633789061,65.37000274658203,65.37000274658203,395800.0,TREX
2018-07-25,52.0,52.7599983215332,51.709999084472656,52.59000015258789,45.29104232788086,1847100.0,TRGP
2018-07-25,63.36999893188477,64.87000274658203,63.29999923706055,64.62000274658203,64.62000274658203,407600.0,TRHC
2018-07-25,41.9900016784668,42.20000076293945,41.84000015258789,42.02999877929688,40.26774597167969,579400.0,TRI
2018-07-25,4.860000133514403,4.869999885559082,4.730000019073486,4.849999904632568,4.849999904632568,47400.0,TRIB
2018-07-25,5.449999809265137,5.5,5.400000095367432,5.449999809265137,5.449999809265137,35100.0,TRIL
2018-07-25,59.5,60.90999984741211,58.9900016784668,60.83000183105469,54.09463500976562,1220500.0,TRIP
2018-07-25,34.84999847412109,35.599998474121094,34.72999954223633,35.56999969482422,35.56999969482422,1710200.0,TRMB
2018-07-25,7.25,7.25,7.25,7.25,7.25,0.0,TRMD
2018-07-25,35.40999984741211,35.40999984741211,34.799999237060554,35.130001068115234,33.459732055664055,570100.0,TRMK
2018-07-25,13.399999618530273,13.510000228881836,13.399999618530273,13.460000038146973,11.495237350463867,900.0,TRMT
2018-07-25,26.26349830627441,26.97624206542969,26.069114685058594,26.83225250244141,25.62385177612305,2914800.0,TRN
2018-07-25,36.540000915527344,36.7400016784668,36.38000106811523,36.59000015258789,35.170467376708984,387100.0,TRNO
2018-07-25,21.899999618530273,22.299999237060547,21.0,21.899999618530273,21.899999618530273,28400.0,TRNS
2018-07-25,27.0,30.0,26.0,28.0,28.0,12600.0,TRNX
2018-07-25,4.679999828338623,4.679999828338623,4.380000114440918,4.5,4.5,126900.0,TROV
2018-07-25,119.8000030517578,125.3499984741211,118.66000366210938,124.80999755859376,118.61949157714844,1380100.0,TROW
2018-07-25,18.13999938964844,18.40999984741211,17.75,18.3700008392334,17.751365661621094,1976600.0,TROX
2018-07-25,44.43999862670898,44.83000183105469,44.16999816894531,44.72999954223633,39.60175323486328,687300.0,TRP
2018-07-25,3.401000022888184,3.4500000476837163,3.2300000190734863,3.4500000476837163,3.4500000476837163,12000.0,TRPX
2018-07-25,2.8399999141693115,2.859999895095825,2.799999952316284,2.8499999046325684,2.8499999046325684,1076600.0,TRQ
2018-07-25,29.0,29.45000076293945,28.95000076293945,29.35000038146973,29.35000038146973,54300.0,TRS
2018-07-25,9.050000190734863,9.199999809265137,8.949999809265137,9.149999618530273,8.617725372314451,627500.0,TRST
2018-07-25,4.96999979019165,5.0,4.650000095367432,4.8400001525878915,4.8400001525878915,27500.0,TRT
2018-07-25,30.75,30.940000534057614,29.88999938964844,30.09000015258789,26.929243087768555,471300.0,TRTN
2018-07-25,20.63999938964844,20.725000381469727,20.6200008392334,20.670000076293945,15.84179973602295,284800.0,TRTX
2018-07-25,73.0,74.93000030517578,72.77999877929688,74.51000213623047,73.97229766845703,1185900.0,TRU
2018-07-25,11.34000015258789,11.59000015258789,11.09000015258789,11.56999969482422,11.56999969482422,444000.0,TRUE
2018-07-25,45.52000045776367,45.89699935913086,45.27000045776367,45.43999862670898,45.43999862670898,186600.0,TRUP
2018-07-25,124.7699966430664,126.43000030517578,123.9800033569336,126.27999877929688,121.15808868408205,2167900.0,TRV
2018-07-25,4.079999923706056,4.449999809265137,4.010000228881837,4.389999866485597,4.389999866485597,2201700.0,TRVG
2018-07-25,1.4299999475479126,1.4900000095367432,1.4199999570846558,1.4600000381469729,1.4600000381469729,1510000.0,TRVN
2018-07-25,0.4099999964237213,0.4399999976158142,0.4099999964237213,0.41999998688697815,0.41999998688697815,140500.0,TRX
2018-07-25,64.34999847412111,70.8499984741211,63.83000183105469,69.41999816894531,69.41999816894531,526400.0,TRXC
2018-07-25,36.52999877929688,36.709999084472656,36.13999938964844,36.650001525878906,35.16000747680664,1506700.0,TS
2018-07-25,38.150001525878906,38.34000015258789,37.95000076293945,38.0,36.74601745605469,12800.0,TSBK
2018-07-25,29.79999923706055,29.79999923706055,29.149999618530273,29.399999618530273,29.399999618530273,211400.0,TSC
2018-07-25,26.25,26.43000030517578,26.20000076293945,26.239999771118164,23.398874282836914,3200.0,TSCAP
2018-07-25,78.23999786376953,78.83999633789062,76.3499984741211,78.16000366210938,76.28813171386719,3005100.0,TSCO
2018-07-25,71.6500015258789,72.25,70.69999694824219,72.19999694824219,68.39929962158203,164000.0,TSE
2018-07-25,23.29999923706055,23.54999923706055,22.979999542236328,23.20000076293945,23.20000076293945,843800.0,TSEM
2018-07-25,37.25,37.849998474121094,37.16999816894531,37.5,37.5,1527300.0,TSG
2018-07-25,5.53000020980835,5.550000190734863,5.5,5.5,4.839613437652588,34300.0,TSI
2018-07-25,296.739990234375,309.6199951171875,294.5,308.739990234375,308.739990234375,7075400.0,TSLA
2018-07-25,17.200000762939453,17.200000762939453,16.950000762939453,17.09000015258789,14.95887565612793,21400.0,TSLF
2018-07-25,19.07999992370605,19.239999771118164,19.049999237060547,19.190000534057614,16.380746841430664,196500.0,TSLX
2018-07-25,40.52999877929688,40.900001525878906,40.310001373291016,40.88999938964844,38.6753044128418,7725700.0,TSM
2018-07-25,63.02000045776367,63.16999816894531,62.06000137329102,62.61999893188477,60.08005142211914,3242300.0,TSN
2018-07-25,6.519999980926514,6.519999980926514,6.4000000953674325,6.489999771118164,5.930390357971191,51500.0,TSQ
2018-07-25,6.75,6.75,6.449999809265138,6.449999809265138,6.449999809265138,5200.0,TSRI
2018-07-25,17.389999389648438,17.68000030517578,17.260000228881836,17.639999389648438,16.942277908325195,1012000.0,TSU
2018-07-25,60.58000183105469,60.849998474121094,59.290000915527344,59.66999816894531,58.25728988647461,460500.0,TTC
2018-07-25,90.62000274658205,94.73999786376952,90.41000366210938,93.13999938964844,93.13999938964844,594500.0,TTD
2018-07-25,33.049999237060554,34.25,29.45000076293945,33.299999237060554,32.149547576904304,23400.0,TTEC
2018-07-25,60.20000076293945,60.6500015258789,59.9000015258789,60.6500015258789,59.85487365722656,112000.0,TTEK
2018-07-25,32.0,33.36999893188477,32.0,33.25,33.25,479300.0,TTGT
2018-07-25,4.269999980926514,4.2899999618530265,4.230000019073486,4.260000228881837,4.260000228881837,432200.0,TTI
2018-07-25,18.76000022888184,19.270000457763672,18.36000061035156,19.170000076293945,19.170000076293945,4469800.0,TTM
2018-07-25,17.59000015258789,17.700000762939453,17.239999771118164,17.690000534057614,17.690000534057614,705800.0,TTMI
2018-07-25,5.699999809265138,5.699999809265138,5.28000020980835,5.579999923706055,5.579999923706055,2600.0,TTNP
2018-07-25,6.039999961853027,6.119999885559082,5.894999980926514,5.960000038146973,5.960000038146973,1088700.0,TTOO
2018-07-25,17.579999923706055,17.649999618530273,17.389999389648438,17.6299991607666,14.82900619506836,45100.0,TTP
2018-07-25,59.79999923706055,61.06000137329102,56.599998474121094,57.4000015258789,57.4000015258789,48300.0,TTPH
2018-07-25,125.63999938964844,128.69999694824222,124.5500030517578,127.83999633789062,127.83999633789062,1682400.0,TTWO
2018-07-25,18.084999084472656,18.100000381469727,17.934999465942386,18.030000686645508,16.315513610839847,581400.0,TU
2018-07-25,2.9500000476837163,2.9500000476837163,2.799999952316284,2.8499999046325684,2.8499999046325684,69300.0,TUES
2018-07-25,36.97000122070313,37.290000915527344,33.759998321533196,34.09000015258789,31.427165985107425,4955300.0,TUP
2018-07-25,2.2100000381469727,2.25,2.1800000667572017,2.25,2.25,20100.0,TURN
2018-07-25,36.29999923706055,36.68000030517578,35.375,35.779998779296875,34.992366790771484,490200.0,TUSK
2018-07-25,19.940000534057614,20.170000076293945,19.90999984741211,19.96999931335449,19.77350234985352,1077300.0,TV
2018-07-25,24.10000038146973,24.13999938964844,24.0,24.1299991607666,22.915424346923828,19800.0,TVC
2018-07-25,23.78000068664551,23.95000076293945,23.78000068664551,23.90999984741211,22.54546546936035,21100.0,TVE
2018-07-25,369.2999877929688,371.5,352.0,356.70001220703125,356.70001220703125,583600.0,TVIX
2018-07-25,34.400001525878906,35.049999237060554,34.299999237060554,34.650001525878906,34.650001525878906,280000.0,TVTY
2018-07-25,10.18000030517578,10.270000457763672,9.800000190734863,10.100000381469727,10.002399444580078,223500.0,TWI
2018-07-25,25.68000030517578,26.06999969482422,25.540000915527344,25.920000076293945,25.920000076293945,23200.0,TWIN
2018-07-25,62.09000015258789,64.51599884033203,61.7599983215332,64.13999938964844,64.13999938964844,877400.0,TWLO
2018-07-25,20.0,20.600000381469727,18.399999618530273,18.600000381469727,18.600000381469727,1100.0,TWMC
2018-07-25,20.299999237060547,20.440000534057614,20.299999237060547,20.440000534057614,16.95958137512207,1800.0,TWN
2018-07-25,14.170000076293945,14.260000228881836,13.9399995803833,14.130000114440918,14.130000114440918,540100.0,TWNK
2018-07-25,2.049999952316284,2.0699999332427983,1.9900000095367432,2.0699999332427983,2.0699999332427983,12800.0,TWNKW
2018-07-25,15.56999969482422,15.630000114440918,15.510000228881836,15.59000015258789,13.028239250183105,1723700.0,TWO
2018-07-25,84.68000030517578,86.88500213623047,84.55599975585938,85.98999786376953,85.98999786376953,537100.0,TWOU
2018-07-25,42.349998474121094,44.38999938964844,42.349998474121094,44.22000122070313,44.22000122070313,25140700.0,TWTR
2018-07-25,37.16999816894531,37.45000076293945,36.68999862670898,37.36000061035156,35.62367248535156,342500.0,TX
2018-07-25,6.489999771118164,6.579999923706055,6.420000076293945,6.5,6.5,1642800.0,TXMD
2018-07-25,113.4000015258789,114.38999938964844,110.02999877929688,113.22000122070312,107.81134033203124,8218400.0,TXN
2018-07-25,68.05999755859375,69.23999786376953,67.26999664306639,67.77999877929689,65.35269927978516,607800.0,TXRH
2018-07-25,66.84999847412111,67.15000152587889,66.33999633789061,66.98000335693361,66.78077697753906,2376200.0,TXT
2018-07-25,27.20000076293945,27.399999618530273,27.18000030517578,27.3700008392334,25.17733764648437,45400.0,TY
2018-07-25,27.690000534057614,28.0,27.57999992370605,27.979999542236328,22.980255126953125,139300.0,TYG
2018-07-25,1.350000023841858,1.3799999952316284,1.2999999523162842,1.3300000429153442,1.3300000429153442,82500.0,TYHT
2018-07-25,237.6100006103516,239.63999938964844,236.47999572753903,238.33999633789062,238.33999633789062,136500.0,TYL
2018-07-25,2.799999952316284,2.8499999046325684,2.7850000858306885,2.809999942779541,2.809999942779541,80000.0,TYME
2018-07-25,17.5,17.5,12.550000190734865,12.699999809265135,12.699999809265135,923600.0,TZOO
2018-07-25,19.09000015258789,19.76000022888184,18.86000061035156,19.739999771118164,19.739999771118164,3185200.0,UA
2018-07-25,20.520000457763672,21.170000076293945,20.25,21.07999992370605,21.07999992370605,6632300.0,UAA
2018-07-25,16.200000762939453,16.200000762939453,16.200000762939453,16.200000762939453,16.200000762939453,0.0,UAG
2018-07-25,80.4000015258789,81.01000213623047,79.94000244140625,80.55999755859375,80.55999755859375,3859900.0,UAL
2018-07-25,0.5400000214576721,0.5400000214576721,0.5,0.5299999713897705,0.5299999713897705,50700.0,UAMY
2018-07-25,3.809999942779541,3.809999942779541,3.559999942779541,3.650000095367432,3.2794535160064697,3447200.0,UAN
2018-07-25,22.3799991607666,22.3799991607666,22.3799991607666,22.3799991607666,22.3799991607666,400.0,UAUD
2018-07-25,1.8999999761581419,2.0299999713897705,1.7899999618530271,1.8200000524520876,1.8200000524520876,218800.0,UAVS
2018-07-25,22.46999931335449,22.739999771118164,22.21999931335449,22.270000457763672,20.16671562194824,110300.0,UBA
2018-07-25,13.649999618530273,13.699999809265135,13.649999618530273,13.699999809265135,12.62558364868164,1900.0,UBCP
2018-07-25,10.600000381469727,10.699999809265137,10.600000381469727,10.699999809265137,10.063088417053224,20600.0,UBFO
2018-07-25,31.520000457763672,31.520000457763672,31.520000457763672,31.520000457763672,31.520000457763672,0.0,UBG
2018-07-25,23.04999923706055,23.07999992370605,22.399999618530273,22.399999618530273,21.491609573364254,2900.0,UBOH
2018-07-25,17.780000686645508,17.90999984741211,17.780000686645508,17.8700008392334,16.057342529296875,600.0,UBP
2018-07-25,16.110000610351562,16.139999389648438,15.9399995803833,16.059999465942386,15.216638565063475,3239500.0,UBS
2018-07-25,36.849998474121094,36.849998474121094,34.75,36.25,33.782283782958984,562400.0,UBSI
2018-07-25,15.0,15.029999732971193,14.68000030517578,14.720000267028807,14.720000267028807,131300.0,UBX
2018-07-25,30.84000015258789,30.84000015258789,29.729999542236328,30.489999771118164,29.104724884033203,998100.0,UCBI
2018-07-25,22.899999618530273,22.899999618530273,22.899999618530273,22.899999618530273,22.899999618530273,0.0,UCHF
2018-07-25,15.140000343322756,15.15999984741211,15.09000015258789,15.15999984741211,15.15999984741211,6000.0,UCI
2018-07-25,15.119999885559082,15.119999885559082,15.119999885559082,15.119999885559082,15.119999885559082,0.0,UCIB
2018-07-25,15.579999923706055,15.699999809265135,14.739999771118164,14.760000228881836,14.760000228881836,2396700.0,UCTT
2018-07-25,36.61000061035156,37.36000061035156,36.61000061035156,37.13000106811523,35.47012710571289,2000900.0,UDR
2018-07-25,22.31999969482422,22.65999984741211,22.31999969482422,22.43000030517578,20.601606369018555,402100.0,UE
2018-07-25,1.5800000429153442,1.5800000429153442,1.5099999904632568,1.5299999713897705,1.5299999713897705,1499900.0,UEC
2018-07-25,35.150001525878906,35.75,35.0,35.20000076293945,35.20000076293945,115700.0,UEIC
2018-07-25,9.31999969482422,9.40999984741211,9.31999969482422,9.369999885559082,9.369999885559082,189000.0,UEPS
2018-07-25,22.90999984741211,22.90999984741211,22.90999984741211,22.90999984741211,22.90999984741211,3200.0,UEUR
2018-07-25,8.616999626159668,8.739999771118164,8.550000190734862,8.729999542236326,8.272948265075684,5000.0,UFAB
2018-07-25,59.2400016784668,59.59000015258789,58.63000106811523,59.5099983215332,53.89972686767578,70300.0,UFCS
2018-07-25,30.84000015258789,30.84000015258789,30.440000534057614,30.81999969482422,30.81999969482422,60500.0,UFI
2018-07-25,35.650001525878906,35.650001525878906,34.900001525878906,35.45000076293945,34.777496337890625,329300.0,UFPI
2018-07-25,33.09999847412109,34.68000030517578,33.09999847412109,33.59999847412109,33.59999847412109,5800.0,UFPT
2018-07-25,47.58000183105469,47.709999084472656,47.06999969482422,47.61000061035156,43.68880081176758,264800.0,UFS
2018-07-25,18.90999984741211,19.0,18.649999618530273,19.0,17.417730331420902,4500.0,UG
2018-07-25,555.7999877929689,557.7999877929689,549.2000122070311,555.0,555.0,130400.0,UGAZ
2018-07-25,22.13999938964844,22.13999938964844,22.13999938964844,22.13999938964844,22.13999938964844,0.0,UGBP
2018-07-25,52.65999984741211,53.06999969482422,52.38999938964844,52.709999084472656,50.4010238647461,609300.0,UGI
2018-07-25,88.5,88.5999984741211,87.30000305175781,88.4000015258789,88.4000015258789,40400.0,UGLD
2018-07-25,6.014999866485597,6.190000057220459,5.96999979019165,6.105000019073486,5.652180194854736,2130000.0,UGP
2018-07-25,368.8900146484375,373.92999267578125,361.9599914550781,372.2200012207031,369.6422119140625,22800.0,UHAL
2018-07-25,115.33999633789062,118.55999755859376,114.33000183105469,118.12000274658205,117.24234771728516,1423600.0,UHS
2018-07-25,63.7400016784668,64.98000335693361,63.72999954223633,64.48000335693361,60.90501403808594,21100.0,UHT
2018-07-25,86.16000366210938,87.7300033569336,85.30000305175781,86.58999633789062,85.27770233154297,352900.0,UI
2018-07-25,19.950000762939453,20.13999938964844,19.84000015258789,20.1200008392334,19.526844024658203,43600.0,UIHC
2018-07-25,13.75,14.149999618530273,13.699999809265135,13.800000190734865,13.800000190734865,661500.0,UIS
2018-07-25,25.1299991607666,25.1299991607666,25.1299991607666,25.1299991607666,25.1299991607666,0.0,UJPY
2018-07-25,56.45000076293945,56.68000030517578,56.1500015258789,56.63999938964844,53.61931228637695,462000.0,UL
2018-07-25,9.949999809265137,10.050000190734863,9.899999618530273,10.050000190734863,10.050000190734863,1500.0,ULBI
2018-07-25,27.649999618530273,27.649999618530273,27.13999938964844,27.399999618530273,26.232458114624023,101400.0,ULH
2018-07-25,249.2400054931641,254.1000061035156,248.0,253.38999938964844,253.38999938964844,726500.0,ULTA
2018-07-25,72.01000213623047,76.05999755859375,72.0,73.98999786376953,71.61100769042969,1313300.0,UMBF
2018-07-25,2.9200000762939453,2.9600000381469727,2.9100000858306885,2.9600000381469727,2.8395512104034424,3755000.0,UMC
2018-07-25,15.5600004196167,15.739999771118164,15.470000267028807,15.56999969482422,14.230290412902832,83600.0,UMH
2018-07-25,22.520000457763672,22.53000068664551,22.01000022888184,22.030000686645508,20.08256721496582,1764500.0,UMPQ
2018-07-25,14.210000038146973,15.210000038146973,14.039999961853027,14.359999656677244,14.359999656677244,554900.0,UMRX
2018-07-25,57.27999877929688,57.5099983215332,56.959999084472656,57.5,54.39657211303711,1048800.0,UN
2018-07-25,7.1500000953674325,7.1500000953674325,7.1500000953674325,7.1500000953674325,7.1500000953674325,0.0,UNAM
2018-07-25,52.599998474121094,52.75,52.4000015258789,52.4000015258789,49.64020919799805,1800.0,UNB
2018-07-25,186.8500061035156,188.9499969482422,186.1000061035156,187.6499938964844,186.5105438232422,48900.0,UNF
2018-07-25,41.599998474121094,41.72999954223633,40.70000076293945,41.18000030517578,41.18000030517578,445300.0,UNFI
2018-07-25,254.80999755859372,255.2700042724609,252.7700042724609,254.8600006103516,247.90939331054688,3016900.0,UNH
2018-07-25,17.120000839233402,17.34000015258789,16.969999313354492,16.989999771118164,14.787619590759276,2370700.0,UNIT
2018-07-25,38.40999984741211,38.40999984741211,36.959999084472656,37.97000122070313,35.82708740234375,1912900.0,UNM
2018-07-25,25.190000534057614,25.25,25.12100028991699,25.239999771118164,22.981691360473636,113300.0,UNMA
2018-07-25,142.6199951171875,146.24000549316406,141.52000427246094,146.0399932861328,140.52772521972656,3861800.0,UNP
2018-07-25,25.20000076293945,25.28000068664551,24.61000061035156,24.84000015258789,24.84000015258789,340500.0,UNT
2018-07-25,25.35000038146973,25.35000038146973,25.020000457763672,25.04999923706055,24.41180992126465,3900.0,UNTY
2018-07-25,27.28000068664551,27.65999984741211,27.040000915527344,27.6299991607666,27.6299991607666,648300.0,UNVR
2018-07-25,2.3499999046325684,2.490000009536743,2.3499999046325684,2.450000047683716,2.450000047683716,5500.0,UONE
2018-07-25,2.150000095367432,2.200000047683716,2.0999999046325684,2.150000095367432,2.150000095367432,12800.0,UONEK
2018-07-25,34.759998321533196,35.65999984741211,34.5,35.189998626708984,35.189998626708984,194000.0,UPLD
2018-07-25,112.25,120.44000244140624,112.25,120.1999969482422,113.18148040771484,6725700.0,UPS
2018-07-25,45.08000183105469,46.22000122070313,45.08000183105469,45.84000015258789,45.84000015258789,1000700.0,URBN
2018-07-25,0.7099999785423279,0.7300000190734863,0.6899999976158142,0.7200000286102295,0.7200000286102295,422600.0,URG
2018-07-25,44.93000030517578,46.75,43.13000106811523,46.5099983215332,46.5099983215332,176100.0,URGN
2018-07-25,146.9499969482422,147.64999389648438,143.3300018310547,146.36000061035156,146.36000061035156,1634500.0,URI
2018-07-25,17.690000534057614,17.959999084472656,17.690000534057614,17.959999084472656,17.959999084472656,200.0,URR
2018-07-25,6.800000190734862,6.820000171661378,6.78000020980835,6.789999961853027,5.668759822845459,1119100.0,USA
2018-07-25,16.84000015258789,17.030000686645508,16.809999465942386,16.899999618530273,13.595260620117188,178900.0,USAC
2018-07-25,21.1200008392334,21.729999542236328,20.420000076293945,21.559999465942386,21.559999465942386,116700.0,USAK
2018-07-25,28.489999771118164,29.0,27.420000076293945,28.71999931335449,28.71999931335449,243400.0,USAP
2018-07-25,2.7100000381469727,2.799999952316284,2.7100000381469727,2.7799999713897705,2.7799999713897705,21300.0,USAS
2018-07-25,1.309999942779541,1.3200000524520874,1.2400000095367432,1.2699999809265137,1.2699999809265137,88800.0,USAU
2018-07-25,51.540000915527344,51.75,51.349998474121094,51.61999893188477,48.79023361206055,7672600.0,USB
2018-07-25,54.349998474121094,54.54999923706055,51.5,51.70000076293945,51.70000076293945,494800.0,USCR
2018-07-25,10.5,10.600000381469727,10.399999618530273,10.449999809265137,8.249717712402344,76100.0,USDP
2018-07-25,11.699999809265135,12.5,11.5,12.100000381469727,12.100000381469727,2900.0,USEG
2018-07-25,39.68000030517578,40.41999816894531,39.5,40.40999984741211,40.40999984741211,1641400.0,USFD
2018-07-25,1.7799999713897705,1.7899999618530271,1.690000057220459,1.75,1.75,52700.0,USIO
2018-07-25,80.0,81.98999786376953,79.58000183105469,80.1500015258789,75.081298828125,7400.0,USLM
2018-07-25,81.9000015258789,82.19999694824219,80.5999984741211,82.0,82.0,225300.0,USLV
2018-07-25,33.189998626708984,33.90999984741211,32.529998779296875,32.810001373291016,32.810001373291016,136200.0,USM
2018-07-25,123.5999984741211,137.94999694824222,123.5999984741211,136.25,136.25,716600.0,USNA
2018-07-25,28.216999053955078,28.5,28.20000076293945,28.5,22.069005966186523,2200.0,USOI
2018-07-25,104.4499969482422,106.3000030517578,103.8000030517578,105.9000015258789,104.09874725341795,28800.0,USPH
2018-07-25,19.65999984741211,19.65999984741211,19.65999984741211,19.65999984741211,19.65999984741211,0.0,USV
2018-07-25,14.220000267028807,14.220000267028807,13.25,13.34000015258789,13.34000015258789,977700.0,USX
2018-07-25,23.290000915527344,23.35000038146973,23.09000015258789,23.149999618530273,20.192216873168945,299600.0,UTF
2018-07-25,29.32999992370605,29.56999969482422,29.32999992370605,29.540000915527344,26.57860565185547,128400.0,UTG
2018-07-25,125.18000030517578,126.16999816894531,123.69000244140624,124.2699966430664,124.2699966430664,326800.0,UTHR
2018-07-25,3.150000095367432,3.2999999523162837,3.130000114440918,3.2000000476837163,3.2000000476837163,17800.0,UTI
2018-07-25,51.72999954223633,51.72999954223633,51.27999877929688,51.36999893188477,49.02642822265625,21500.0,UTL
2018-07-25,90.9000015258789,92.5999984741211,90.05000305175781,92.5999984741211,90.65174865722656,61000.0,UTMD
2018-07-25,3.7799999713897705,3.7899999618530273,3.7100000381469727,3.7100000381469727,3.7100000381469727,5900.0,UTSI
2018-07-25,133.55999755859378,134.97999572753906,132.5,134.75,129.71018981933594,5547500.0,UTX#
2018-07-25,133.55999755859378,134.97999572753906,132.5,134.75,129.71018981933594,5547500.0,UTX
2018-07-25,1.350000023841858,1.399999976158142,1.350000023841858,1.350000023841858,1.350000023841858,6200.0,UUU
2018-07-25,2.619999885559082,2.6800000667572017,2.470000028610229,2.5,2.5,1078900.0,UUUU
2018-07-25,37.849998474121094,38.099998474121094,37.400001525878906,38.04999923706055,36.87660598754883,140700.0,UVE
2018-07-25,27.60000038146973,27.95000076293945,27.29999923706055,27.35000038146973,25.850055694580078,103300.0,UVSP
2018-07-25,66.19999694824219,66.59999847412111,65.34999847412111,65.94999694824219,60.32021713256836,112800.0,UVV
2018-07-25,7.6500000953674325,7.769999980926514,7.489999771118164,7.610000133514403,7.610000133514403,677900.0,UXIN
2018-07-25,25.38999938964844,25.38999938964844,25.07999992370605,25.15999984741211,22.288326263427734,8600.0,UZA
2018-07-25,26.01000022888184,26.01000022888184,25.70000076293945,25.75,22.77578353881836,6100.0,UZB
2018-07-25,25.809999465942386,25.8700008392334,25.649999618530273,25.690000534057614,22.754802703857425,11900.0,UZC
2018-07-25,140.33999633789062,142.77000427246094,139.89999389648438,142.63999938964844,141.05990600585938,8376000.0,V
2018-07-25,117.4499969482422,117.9499969482422,115.62999725341795,116.12000274658205,112.3777084350586,229000.0,VAC
2018-07-25,26.84000015258789,27.399999618530273,26.15999984741211,27.040000915527344,26.88934326171875,3315000.0,VAL
2018-07-25,13.770000457763672,14.0,13.699999809265135,14.0,13.29200553894043,23886600.0,VALE
2018-07-25,22.479999542236328,23.0,21.899999618530273,22.649999618530273,21.381999969482425,2200.0,VALU
2018-07-25,15.0,15.0,14.850000381469727,14.850000381469727,12.430431365966795,300.0,VAM
2018-07-25,117.0,119.4499969482422,116.55999755859376,119.06999969482422,119.06999969482422,869300.0,VAR
2018-07-25,17.569999694824222,17.600000381469727,17.549999237060547,17.600000381469727,16.089818954467773,39500.0,VBF
2018-07-25,34.450000762939446,34.450000762939446,34.450000762939446,34.450000762939446,34.450000762939446,0.0,VBFC
2018-07-25,2.3299999237060547,2.450000047683716,2.1600000858306885,2.2699999809265137,2.2699999809265137,253909.0,VBIV
2018-07-25,2.049999952316284,2.0999999046325684,2.0,2.049999952316284,2.049999952316284,172100.0,VBLT
2018-07-25,31.32999992370605,31.59000015258789,30.940000534057614,31.04999923706055,30.266986846923828,385000.0,VBTX
2018-07-25,124.5,126.30999755859376,120.08000183105469,124.52999877929688,124.52999877929688,1006000.0,VC
2018-07-25,10.649999618530273,10.899999618530273,10.5,10.600000381469727,10.600000381469727,889100.0,VCEL
2018-07-25,14.350000381469727,14.4399995803833,14.350000381469727,14.4399995803833,13.434069633483887,700.0,VCF
2018-07-25,32.11999893188477,32.400001525878906,31.899999618530273,32.200000762939446,32.200000762939446,251000.0,VCRA
2018-07-25,10.300000190734863,10.390000343322754,10.06999969482422,10.25,10.166217803955078,65000.0,VCTR
2018-07-25,11.81999969482422,11.84000015258789,11.8100004196167,11.829999923706055,10.944194793701172,24600.0,VCV
2018-07-25,10.539999961853027,11.4399995803833,10.01099967956543,11.199999809265137,11.199999809265137,1015500.0,VCYT
2018-07-25,31.18000030517578,31.6299991607666,30.81999969482422,31.61000061035156,31.61000061035156,50500.0,VEC
2018-07-25,14.850000381469727,15.029999732971193,14.350000381469727,14.649999618530273,14.649999618530273,504300.0,VECO
2018-07-25,12.609999656677244,12.920000076293945,12.609999656677244,12.899999618530273,11.371957778930664,470900.0,VEDL
2018-07-25,80.69000244140625,83.01000213623047,80.47000122070312,82.69999694824219,82.69999694824219,888000.0,VEEV
2018-07-25,3.039999961853028,3.0799999237060547,2.9800000190734863,3.059999942779541,2.6609432697296143,1849300.0,VEON
2018-07-25,7.429999828338622,7.539999961853027,7.429999828338622,7.510000228881836,6.618087768554688,5114500.0,VER
2018-07-25,8.100000381469728,8.699999809265138,7.949999809265138,8.579999923706055,8.579999923706055,19200.0,VERB
2018-07-25,16.049999237060547,16.850000381469727,15.800000190734865,16.739999771118164,16.739999771118164,96300.0,VERI
2018-07-25,43.20000076293945,45.75,40.79999923706055,44.70000076293945,44.70000076293945,8900.0,VERO
2018-07-25,2.0,2.0899999141693115,1.9800000190734863,2.0199999809265137,2.0199999809265137,79000.0,VERU
2018-07-25,36.27000045776367,36.58000183105469,35.9900016784668,36.52999877929688,28.22751235961914,77400.0,VET
2018-07-25,85.84745788574219,87.07156372070312,85.16949462890625,87.00565338134766,83.45269012451172,2596500.0,VFC
2018-07-25,12.550000190734865,12.550000190734865,12.479999542236328,12.479999542236328,11.51628589630127,5100.0,VFL
2018-07-25,13.0600004196167,13.390000343322756,13.039999961853027,13.31999969482422,13.31999969482422,1266100.0,VG
2018-07-25,13.68000030517578,13.68000030517578,13.5,13.640000343322756,11.159042358398438,43000.0,VGI
2018-07-25,12.350000381469727,12.390000343322756,12.34000015258789,12.34000015258789,11.34906005859375,66100.0,VGM
2018-07-25,16.743764877319336,16.87074851989746,16.49886703491211,16.562358856201172,13.213191032409668,950900.0,VGR
2018-07-25,0.6000000238418579,0.6100000143051147,0.6000000238418579,0.6100000143051147,0.6100000143051147,50300.0,VGZ
2018-07-25,3.2999999523162837,3.359999895095825,3.2000000476837163,3.2000000476837163,3.2000000476837163,133800.0,VHC
2018-07-25,5.139999866485597,5.230000019073486,5.039999961853027,5.210000038146973,4.878903388977051,146300.0,VHI
2018-07-25,56.79999923706055,57.33000183105469,56.5099983215332,57.31000137329102,56.22488784790039,2324500.0,VIAC
2018-07-25,10.140000343322754,10.350000381469727,10.079999923706056,10.270000457763672,10.270000457763672,1402300.0,VIAV
2018-07-25,20.5,20.649999618530273,20.40999984741211,20.559999465942386,18.61336326599121,1300300.0,VICI
2018-07-25,55.45000076293945,62.70000076293945,54.5,58.95000076293945,58.95000076293945,1263200.0,VICR
2018-07-25,65.69999694824219,65.69999694824219,63.75,64.40000152587889,64.40000152587889,34500.0,VIIX
2018-07-25,9.960000038146973,10.1899995803833,9.81999969482422,10.149999618530273,10.149999618530273,4996400.0,VIPS
2018-07-25,4.849999904632568,4.949999809265137,4.800000190734863,4.949999809265137,4.913905620574951,4700.0,VIRC
2018-07-25,25.45000076293945,26.10000038146973,25.399999618530273,25.899999618530273,23.874496459960934,765400.0,VIRT
2018-07-25,6.199999809265138,6.4000000953674325,6.0,6.300000190734862,6.300000190734862,6600.0,VISL
2018-07-25,11.890000343322756,11.949999809265135,11.56999969482422,11.729999542236328,10.213751792907717,1482900.0,VIV
2018-07-25,251.0,257.0,247.0,253.0,253.0,2700.0,VIVE
2018-07-25,15.699999809265135,15.899999618530273,15.600000381469727,15.850000381469727,15.497156143188475,177800.0,VIVO
2018-07-25,3.559999942779541,3.5999999046325684,3.4800000190734863,3.5,3.5,39000.0,VJET
2018-07-25,10.770000457763672,10.770000457763672,10.65999984741211,10.65999984741211,9.780461311340332,64400.0,VKI
2018-07-25,11.960000038146973,11.960000038146973,11.90999984741211,11.9399995803833,10.956969261169434,102400.0,VKQ
2018-07-25,10.609999656677246,10.899999618530273,10.600000381469727,10.869999885559082,10.869999885559082,908900.0,VKTX
2018-07-25,29.809999465942386,29.95000076293945,29.38999938964844,29.88999938964844,27.92830467224121,36200.0,VLGEA
2018-07-25,107.41999816894531,109.36000061035156,107.0199966430664,109.33000183105469,101.92195892333984,3309900.0,VLO
2018-07-25,6.9000000953674325,7.199999809265138,6.679999828338622,7.119999885559082,7.119999885559082,558000.0,VLRS
2018-07-25,13.489999771118164,13.489999771118164,13.449999809265135,13.449999809265135,11.725650787353516,9500.0,VLT
2018-07-25,13.0,13.0,12.609999656677244,12.630000114440918,11.70560073852539,2506400.0,VLY
2018-07-25,121.93000030517578,121.93000030517578,117.6500015258789,120.5,118.42242431640624,2339000.0,VMC
2018-07-25,20550.0,20550.0,20550.0,20550.0,20550.0,10.0,VMD
2018-07-25,138.64999389648438,139.94999694824222,137.89999389648438,138.39999389648438,135.3433837890625,112000.0,VMI
2018-07-25,12.420000076293945,12.420000076293945,12.300000190734865,12.359999656677244,11.654824256896973,15800.0,VMM
2018-07-25,11.850000381469727,11.850000381469727,11.829999923706055,11.850000381469727,10.874220848083496,108700.0,VMO
2018-07-25,149.0,151.14999389648438,148.02999877929688,151.14999389648438,125.5638656616211,551600.0,VMW
2018-07-25,19.59000015258789,20.38999938964844,19.56999969482422,20.170000076293945,20.170000076293945,49300.0,VNCE
2018-07-25,20.450000762939453,20.700000762939453,20.299999237060547,20.450000762939453,20.450000762939453,290600.0,VNDA
2018-07-25,47.79999923706055,48.15999984741211,45.83000183105469,47.43000030517578,47.43000030517578,819000.0,VNE
2018-07-25,10.300000190734863,10.359999656677246,9.989999771118164,10.31999969482422,10.31999969482422,761400.0,VNET
2018-07-25,71.94000244140625,72.31999969482422,71.5999984741211,71.87000274658203,65.20505523681639,643400.0,VNO
2018-07-25,31.13999938964844,32.580001831054695,30.809999465942386,32.560001373291016,29.08215141296387,1012200.0,VNOM
2018-07-25,1.8500000238418581,1.8999999761581419,1.8200000524520876,1.870000004768372,1.870000004768372,31500.0,VNRX
2018-07-25,14.75,14.850000381469727,14.31999969482422,14.770000457763672,14.770000457763672,1090300.0,VNTR
2018-07-25,6.3499999046325675,6.3499999046325675,6.269999980926514,6.269999980926514,5.001116752624512,47400.0,VOC
2018-07-25,23.40999984741211,23.57999992370605,23.25,23.5,21.666454315185547,7910000.0,VOD
2018-07-25,3.7000000476837163,3.7999999523162837,3.7000000476837163,3.7999999523162837,3.7999999523162837,8700.0,VOLT
2018-07-25,5.300000190734863,5.400000095367432,5.25,5.349999904632568,5.349999904632568,48500.0,VOXX
2018-07-25,49.93000030517578,50.2400016784668,49.47000122070313,50.15999984741211,49.70615005493164,1009400.0,VOYA
2018-07-25,39.349998474121094,40.13000106811523,39.349998474121094,39.95000076293945,39.95000076293945,41300.0,VPG
2018-07-25,12.09000015258789,12.09000015258789,12.06999969482422,12.06999969482422,11.07291030883789,30900.0,VPV
2018-07-25,167.27999877929688,167.27999877929688,167.27999877929688,167.27999877929688,167.27999877929688,0.0,VQT
2018-07-25,13.649999618530273,13.789999961853027,13.539999961853027,13.649999618530273,13.649999618530273,144400.0,VRA
2018-07-25,10.550000190734863,13.210000038146973,10.550000190734863,12.0,12.0,16084900.0,VRAY
2018-07-25,18.68000030517578,18.809999465942386,18.11000061035156,18.25,18.25,22200.0,VRCA
2018-07-25,38.16999816894531,38.624000549316406,37.7400016784668,38.33000183105469,38.33000183105469,138200.0,VREX
2018-07-25,0.6499999761581421,0.6499999761581421,0.6200000047683716,0.6499999761581421,0.6499999761581421,106700.0,VRML
2018-07-25,12.324999809265135,13.491999626159668,12.324999809265135,12.68000030517578,12.68000030517578,5600.0,VRNA
2018-07-25,78.5999984741211,81.05000305175781,78.5999984741211,80.9000015258789,80.9000015258789,255600.0,VRNS
2018-07-25,47.0,47.349998474121094,46.79999923706055,47.099998474121094,47.099998474121094,354500.0,VRNT
2018-07-25,10.170000076293944,10.170000076293944,10.170000076293944,10.170000076293944,10.170000076293944,35600.0,VRRM
2018-07-25,21.239999771118164,21.3700008392334,20.8700008392334,21.040000915527344,21.040000915527344,187900.0,VRS
2018-07-25,112.87000274658205,114.61000061035156,112.13999938964844,114.4800033569336,113.48190307617188,546300.0,VRSK
2018-07-25,148.89999389648438,151.35000610351562,148.89999389648438,151.19000244140625,151.19000244140625,772400.0,VRSN
2018-07-25,129.10000610351562,131.94999694824222,126.3000030517578,129.80000305175778,125.19043731689452,71600.0,VRTS
2018-07-25,54.06999969482422,54.38000106811523,53.47999954223633,54.22999954223633,54.22999954223633,70200.0,VRTU
2018-07-25,38.900001525878906,38.900001525878906,36.400001525878906,37.04999923706055,37.04999923706055,56100.0,VRTV
2018-07-25,174.77999877929688,177.4199981689453,173.99000549316406,176.80999755859375,176.80999755859375,1524500.0,VRTX
2018-07-25,68.98999786376953,69.88999938964844,68.66999816894531,69.84999847412111,69.84999847412111,294400.0,VSAT
2018-07-25,47.06000137329102,48.41999816894531,47.06000137329102,47.11999893188477,46.36944961547852,13300.0,VSEC
2018-07-25,25.29999923706055,25.649999618530273,24.79999923706055,25.35000038146973,24.38781547546387,1730700.0,VSH
2018-07-25,5.75,5.949999809265138,5.6500000953674325,5.9000000953674325,5.9000000953674325,319000.0,VSLR
2018-07-25,22.520000457763672,22.71999931335449,22.190000534057614,22.309999465942386,21.67827796936035,2846900.0,VST
2018-07-25,7.809999942779541,7.96999979019165,7.739999771118164,7.809999942779541,7.809999942779541,1055500.0,VSTM
2018-07-25,15.470000267028807,15.75,15.130000114440918,15.710000038146973,15.710000038146973,620500.0,VSTO
2018-07-25,11.520000457763672,11.539999961853027,11.489999771118164,11.529999732971193,10.05534839630127,165500.0,VTA
2018-07-25,1.3600000143051147,1.3600000143051147,1.309999942779541,1.309999942779541,1.309999942779541,170900.0,VTGN
2018-07-25,9.550000190734863,9.550000190734863,9.550000190734863,9.550000190734863,9.550000190734863,21300.0,VTIQ
2018-07-25,10.053500175476074,10.06999969482422,10.053500175476074,10.06999969482422,10.06999969482422,50500.0,VTIQU
2018-07-25,0.550000011920929,0.550000011920929,0.5266000032424927,0.550000011920929,0.550000011920929,13800.0,VTIQW
2018-07-25,12.720000267028807,12.739999771118164,12.68000030517578,12.710000038146973,11.738954544067385,30000.0,VTN
2018-07-25,0.9800000190734864,1.0199999809265137,0.975000023841858,1.0199999809265137,1.0199999809265137,29600.0,VTNR
2018-07-25,57.88000106811523,58.61999893188477,57.70000076293945,58.18000030517578,52.41179656982422,1736500.0,VTR
2018-07-25,4.796000003814697,4.9099998474121085,4.796000003814697,4.9099998474121085,4.9099998474121085,5300.0,VTSI
2018-07-25,1.4199999570846558,1.4320000410079956,1.340999960899353,1.3799999952316284,1.3799999952316284,110300.0,VTVT
2018-07-25,7.300000190734862,7.300000190734862,6.1500000953674325,6.8499999046325675,6.8499999046325675,1073300.0,VUZI
2018-07-25,56.1500015258789,56.349998474121094,55.5,55.849998474121094,55.10882186889648,41800.0,VVI
2018-07-25,1.8400000333786009,1.8400000333786009,1.7599999904632568,1.7699999809265137,1.7699999809265137,18900.0,VVPR
2018-07-25,4.309999942779541,4.320000171661377,4.2800002098083505,4.2800002098083505,3.8256850242614746,359200.0,VVR
2018-07-25,7.0999999046325675,7.199999809265138,7.0,7.0,7.0,21800.0,VVUS
2018-07-25,22.21999931335449,22.274999618530273,22.030000686645508,22.25,21.405593872070312,527200.0,VVV
2018-07-25,3.0799999237060547,3.140000104904175,3.059999942779541,3.0899999141693115,3.0899999141693115,7500.0,VXRT
2018-07-25,30.86000061035156,31.0,30.20000076293945,30.459999084472656,30.459999084472656,29900.0,VXX
2018-07-25,18.23500061035156,18.23500061035156,18.23500061035156,18.23500061035156,18.23500061035156,0.0,VXZ
2018-07-25,18.6200008392334,19.38999938964844,18.32999992370605,18.5,18.5,287700.0,VYGR
2018-07-25,51.68999862670898,52.04999923706055,50.81000137329102,50.90999984741211,47.811485290527344,15702800.0,VZ
2018-07-25,120.2699966430664,126.54000091552734,119.44200134277344,125.97000122070312,125.97000122070312,927000.0,W
2018-07-25,107.41000366210938,109.81999969482422,107.41000366210938,109.66999816894531,108.53157806396484,1525200.0,WAB
2018-07-25,59.77999877929688,59.77999877929688,58.84000015258789,59.38999938964844,56.75957870483398,64000.0,WABC
2018-07-25,34.150001525878906,34.150001525878906,33.150001525878906,33.799999237060554,32.38895797729492,260000.0,WAFD
2018-07-25,58.38999938964844,58.38999938964844,56.88999938964844,57.22999954223633,56.37333297729492,734200.0,WAL
2018-07-25,25.63999938964844,25.63999938964844,25.45000076293945,25.459999084472656,22.17745590209961,15500.0,WALA
2018-07-25,62.099998474121094,62.099998474121094,59.68000030517578,60.75,56.5981330871582,19300.0,WASH
2018-07-25,197.00999450683597,197.52999877929688,191.72000122070312,196.66000366210938,196.66000366210938,922300.0,WAT
2018-07-25,13.5,14.25,13.5,14.229999542236328,14.229999542236328,369800.0,WATT
2018-07-25,88.62000274658203,90.06999969482422,88.0999984741211,89.72000122070312,89.72000122070312,1345600.0,WB
2018-07-25,65.51999664306639,66.76999664306639,65.45999908447266,66.69999694824219,63.35344314575195,7861900.0,WBA
2018-07-25,14.130000114440918,14.699999809265135,14.09000015258789,14.670000076293945,14.670000076293945,60600.0,WBAI
2018-07-25,119.9000015258789,120.5999984741211,117.87000274658205,119.5,119.5,423600.0,WBC
2018-07-25,21.81999969482422,21.959999084472656,21.690000534057614,21.950000762939453,19.864118576049805,229200.0,WBK
2018-07-25,67.83000183105469,67.83000183105469,66.80999755859375,67.33000183105469,64.11045074462889,385000.0,WBS
2018-07-25,22.86000061035156,23.01000022888184,22.65500068664551,22.790000915527344,22.790000915527344,755400.0,WBT
2018-07-25,58.5,58.70000076293945,57.77999877929688,58.25,58.25,285500.0,WCC
2018-07-25,74.2699966430664,79.08000183105469,73.94000244140625,78.20999908447266,77.18904113769531,1731600.0,WCN
2018-07-25,59.36000061035156,59.5,57.66999816894531,58.25,56.212303161621094,136700.0,WD
2018-07-25,131.32000732421878,134.13999938964844,131.32000732421878,133.66999816894528,133.66999816894528,1205300.0,WDAY
2018-07-25,75.16999816894531,76.13999938964844,75.05000305175781,75.62999725341797,71.12739562988281,3007400.0,WDC
2018-07-25,159.89999389648438,160.9499969482422,159.75,160.64999389648438,157.3385467529297,53000.0,WDFC
2018-07-25,19.420000076293945,19.420000076293945,18.8799991607666,19.01000022888184,17.434078216552734,736400.0,WDR
2018-07-25,12.739999771118164,12.739999771118164,12.670000076293945,12.670000076293945,11.461469650268555,12600.0,WEA
2018-07-25,33.009998321533196,33.009998321533196,33.0,33.0,32.60095596313477,300.0,WEBK
2018-07-25,64.25,65.08999633789061,64.25,64.44000244140625,61.22819900512695,1821600.0,WEC
2018-07-25,63.41999816894531,64.41999816894531,63.29999923706055,63.97000122070313,59.07925033569336,1620900.0,WELL
2018-07-25,16.819999694824222,16.950000762939453,16.680000305175778,16.729999542236328,16.12579345703125,1780200.0,WEN
2018-07-25,36.29999923706055,36.70000076293945,35.09999847412109,36.599998474121094,32.049015045166016,1948500.0,WERN
2018-07-25,36.06999969482422,36.72999954223633,35.91999816894531,36.41999816894531,31.12796401977539,230700.0,WES
2018-07-25,9.25,9.350000381469727,9.100000381469727,9.210000038146973,8.898944854736328,1122100.0,WETF
2018-07-25,195.4499969482422,198.82000732421875,195.4499969482422,198.63999938964844,198.63999938964844,213700.0,WEX
2018-07-25,36.5,36.5,33.630001068115234,35.84000015258789,33.638744354248054,6200.0,WEYS
2018-07-25,45.02000045776367,45.43000030517578,44.88999938964844,45.06999969482422,45.06999969482422,19300.0,WF
2018-07-25,58.099998474121094,58.5,57.849998474121094,58.22999954223633,54.547584533691406,15531100.0,WFC
2018-07-25,38.0,38.849998474121094,36.25,38.0,37.302101135253906,837600.0,WGO
2018-07-25,57.52000045776367,57.83000183105469,55.86999893188477,57.41999816894531,55.23154830932617,1169000.0,WH
2018-07-25,33.689998626708984,33.689998626708984,31.59000015258789,32.25,32.04247665405273,991500.0,WHD
2018-07-25,15.109999656677244,15.149999618530273,14.899999618530273,15.140000343322756,12.253215789794922,22700.0,WHF
2018-07-25,59.45000076293945,59.77999877929688,58.849998474121094,59.09000015258789,51.2668342590332,20200.0,WHG
2018-07-25,6.8499999046325675,6.8499999046325675,6.8499999046325675,6.8499999046325675,6.8499999046325675,0.0,WHLM
2018-07-25,4.989999771118164,5.639999866485597,4.96999979019165,5.309999942779541,5.309999942779541,182500.0,WHLR
2018-07-25,20.399999618530273,21.56800079345703,19.989999771118164,20.299999237060547,19.76870346069336,8300.0,WHLRD
2018-07-25,18.547000885009766,18.799999237060547,18.40999984741211,18.5,17.95181655883789,4700.0,WHLRP
2018-07-25,128.27000427246094,128.55000305175778,122.80999755859376,124.20999908447266,116.75275421142578,4794400.0,WHR
2018-07-25,11.31999969482422,11.399999618530273,11.31999969482422,11.380000114440918,10.70014190673828,51500.0,WIA
2018-07-25,22.11000061035156,22.81999969482422,22.11000061035156,22.3799991607666,22.3799991607666,496500.0,WIFI
2018-07-25,66.97000122070311,66.97000122070311,66.97000122070311,66.97000122070311,66.97000122070311,0.0,WIL
2018-07-25,6.889999866485597,6.9000000953674325,6.869999885559082,6.9000000953674325,6.9000000953674325,4200.0,WILC
2018-07-25,145.39999389648438,147.0,141.85000610351562,145.39999389648438,144.17242431640625,9800.0,WINA
2018-07-25,50.63000106811523,51.54999923706055,50.02099990844727,50.61000061035156,47.791297912597656,664200.0,WING
2018-07-25,57.77000045776367,57.77000045776367,57.77000045776367,57.77000045776367,57.77000045776367,600.0,WINS
2018-07-25,47.75,48.4000015258789,46.20000076293945,46.6500015258789,46.54698181152344,91600.0,WIRE
2018-07-25,5.0900001525878915,5.1599998474121085,5.0900001525878915,5.1599998474121085,5.127787113189697,655600.0,WIT
2018-07-25,10.9399995803833,10.989999771118164,10.9399995803833,10.949999809265137,10.246599197387695,142600.0,WIW
2018-07-25,100.9499969482422,111.0500030517578,100.5999984741211,110.8499984741211,110.8499984741211,1747500.0,WIX
2018-07-25,25.75,26.399999618530273,25.75,26.35000038146973,26.35000038146973,132700.0,WK
2018-07-25,1.4299999475479126,1.4639999866485596,1.4299999475479126,1.440000057220459,1.440000057220459,87600.0,WKHS
2018-07-25,29.420000076293945,29.43000030517578,28.09000015258789,28.540000915527344,28.540000915527344,74500.0,WLDN
2018-07-25,31.65999984741211,32.43000030517578,31.20000076293945,31.28000068664551,31.28000068664551,9500.0,WLFC
2018-07-25,105.0199966430664,105.6500015258789,102.62999725341795,105.52999877929688,102.77677917480469,955600.0,WLK
2018-07-25,24.70000076293945,24.70000076293945,24.60000038146973,24.60000038146973,21.53043937683105,25400.0,WLKP
2018-07-25,51.0,51.15999984741211,49.79999923706055,50.38999938964844,50.38999938964844,1837400.0,WLL
2018-07-25,161.1199951171875,163.11000061035156,161.02000427246094,163.0399932861328,158.85421752929688,294800.0,WLTW
2018-07-25,82.66999816894531,88.11000061035156,82.55000305175781,87.83999633789062,84.97624969482422,4727800.0,WM
2018-07-25,29.1200008392334,29.61000061035156,29.1200008392334,29.440000534057614,26.35652160644531,8461000.0,WMB
2018-07-25,10.789999961853027,10.81999969482422,10.75,10.770000457763672,8.926067352294922,166000.0,WMC
2018-07-25,24.540000915527344,25.10000038146973,24.36000061035156,24.82999992370605,24.82999992370605,1606400.0,WMGI
2018-07-25,52.09000015258789,52.29999923706055,51.13999938964844,51.7400016784668,49.21551895141602,71800.0,WMK
2018-07-25,28.45000076293945,28.5,28.04999923706055,28.20000076293945,26.81012916564941,122600.0,WMS
2018-07-25,87.2699966430664,88.0199966430664,87.11000061035156,87.9000015258789,84.81744384765625,5809100.0,WMT
2018-07-25,19.739999771118164,19.81999969482422,18.86000061035156,19.13999938964844,18.325544357299805,284600.0,WNC
2018-07-25,10.850000381469727,11.0,10.710000038146973,10.899999618530273,10.53188419342041,46600.0,WNEB
2018-07-25,49.66999816894531,50.1500015258789,49.47000122070313,49.86999893188477,49.86999893188477,168700.0,WNS
2018-07-25,45.68000030517578,46.91999816894531,45.68000030517578,46.77000045776367,44.69898986816406,325500.0,WOR
2018-07-25,3.838000059127808,3.990000009536743,3.76200008392334,3.7999999523162837,3.7999999523162837,8100.0,WORX
2018-07-25,10.479999542236328,10.529999732971193,9.994999885559082,10.119999885559082,10.119999885559082,454700.0,WOW
2018-07-25,64.83000183105469,65.34999847412111,64.79000091552734,65.05999755859375,58.891090393066406,199000.0,WPC
2018-07-25,7.550000190734862,7.699999809265138,7.519999980926514,7.679999828338622,5.36910343170166,1562500.0,WPG
2018-07-25,21.26000022888184,21.5,21.190000534057614,21.489999771118164,20.871013641357425,963400.0,WPM
2018-07-25,77.02999877929688,78.06999969482422,76.7300033569336,78.02999877929688,71.81375122070312,92900.0,WPP
2018-07-25,2.5,2.549999952316284,2.4800000190734863,2.5199999809265137,2.5199999809265137,168000.0,WPRT
2018-07-25,18.84000015258789,19.350000381469727,18.84000015258789,19.209999084472656,19.209999084472656,4559200.0,WPX
2018-07-25,50.0,52.31999969482422,48.80666732788086,49.56000137329102,48.12775039672852,896800.0,WRB
2018-07-25,29.90999984741211,30.3799991607666,29.90999984741211,30.15999984741211,27.96074676513672,1493400.0,WRE
2018-07-25,30.149999618530273,30.46999931335449,30.06999969482422,30.25,26.02854156494141,633200.0,WRI
2018-07-25,57.5,57.5,56.56000137329102,57.22999954223633,52.97945022583008,1554700.0,WRK
2018-07-25,114.18000030517578,114.18000030517578,111.3499984741211,111.88999938964844,111.88999938964844,58000.0,WRLD
2018-07-25,9.890000343322754,9.890000343322754,9.890000343322754,9.890000343322754,9.890000343322754,0.0,WRLS
2018-07-25,10.649999618530273,10.649999618530273,10.649999618530273,10.649999618530273,10.649999618530273,0.0,WRLSU
2018-07-25,0.8000000119209291,0.8199999928474426,0.8000000119209291,0.8199999928474426,0.8199999928474426,28200.0,WRN
2018-07-25,2.900000095367432,2.900000095367432,2.3499999046325684,2.5,2.5,1400.0,WRTC
2018-07-25,49.13999938964844,49.18000030517578,48.4900016784668,48.88999938964844,46.03774642944336,218700.0,WSBC
2018-07-25,17.049999237060547,17.049999237060547,16.950000762939453,17.0,15.312678337097168,29200.0,WSBF
2018-07-25,15.149999618530273,16.850000381469727,14.949999809265135,16.450000762939453,16.450000762939453,2414200.0,WSC
2018-07-25,56.5,56.79999923706055,55.79999923706055,56.6500015258789,55.60175323486328,239200.0,WSFS
2018-07-25,59.36000061035156,60.25,58.88000106811523,60.209999084472656,57.58926010131836,941800.0,WSM
2018-07-25,175.0,177.47000122070312,168.08999633789062,170.00999450683594,160.15322875976562,979900.0,WSO
2018-07-25,12.699999809265135,12.770000457763672,12.65999984741211,12.720000267028807,11.007537841796877,110800.0,WSR
2018-07-25,98.72000122070312,99.9000015258789,98.29000091552734,99.66999816894531,98.93457794189452,305400.0,WST
2018-07-25,13.550000190734865,13.550000190734865,13.550000190734865,13.550000190734865,12.21988296508789,300.0,WSTG
2018-07-25,2.7300000190734863,2.7799999713897705,2.700000047683716,2.7100000381469727,2.7100000381469727,12700.0,WSTL
2018-07-25,25.399999618530273,25.54999923706055,25.10000038146973,25.45000076293945,23.859867095947266,20500.0,WTBA
2018-07-25,1.7100000381469729,1.7300000190734863,1.5149999856948853,1.6399999856948853,1.6399999856948853,106200.0,WTER
2018-07-25,90.22000122070312,90.22000122070312,88.0,88.33000183105469,86.31604766845703,260400.0,WTFC
2018-07-25,26.92499923706055,27.104999542236328,26.809999465942386,26.88999938964844,24.156896591186523,8800.0,WTFCM
2018-07-25,8.340000152587889,8.380000114440918,7.690000057220459,7.730000019073486,7.730000019073486,5155700.0,WTI
2018-07-25,33.61999893188477,34.738998413085945,33.200000762939446,34.330001831054695,34.330001831054695,14400.0,WTIU
2018-07-25,905.1199951171876,912.7000122070312,900.0399780273438,910.010009765625,907.9095458984376,12000.0,WTM
2018-07-25,10.119999885559082,10.140000343322754,10.109999656677246,10.109999656677246,10.109999656677246,7200.0,WTRH
2018-07-25,83.5999984741211,84.19999694824219,83.05000305175781,84.19999694824219,82.69290161132812,87000.0,WTS
2018-07-25,2.0299999713897705,2.039999961853028,1.9600000381469729,2.0,2.0,13300.0,WTT
2018-07-25,14.779999732971193,14.949999809265135,14.529999732971193,14.869999885559082,14.869999885559082,520800.0,WTTR
2018-07-25,20.18000030517578,20.40999984741211,20.149999618530273,20.38999938964844,19.067502975463867,3464900.0,WU
2018-07-25,65.11000061035156,70.37000274658203,65.11000061035156,69.90000152587889,69.90000152587889,1735700.0,WUBA
2018-07-25,38.54999923706055,40.25,38.54999923706055,39.95000076293945,39.95000076293945,190100.0,WVE
2018-07-25,16.350000381469727,16.350000381469727,16.350000381469727,16.350000381469727,15.711607933044435,0.0,WVFC
2018-07-25,8.369999885559082,8.390000343322754,8.199999809265138,8.390000343322754,8.390000343322754,1200.0,WVVI
2018-07-25,4.599999904632568,4.599999904632568,4.599999904632568,4.599999904632568,4.212925434112549,0.0,WVVIP
2018-07-25,92.0,93.4499969482422,91.0500030517578,92.43000030517578,92.43000030517578,856700.0,WW
2018-07-25,83.05999755859375,83.87999725341797,82.25,83.70999908447266,82.7103271484375,163500.0,WWD
2018-07-25,80.61000061035156,82.3499984741211,80.5199966430664,81.27999877929688,80.25260162353516,1107700.0,WWE
2018-07-25,19.5,19.5,17.5,19.0,19.0,11500.0,WWR
2018-07-25,35.40999984741211,36.65999984741211,35.349998474121094,36.650001525878906,35.78764724731445,563600.0,WWW
2018-07-25,34.669998168945305,34.75,34.380001068115234,34.72999954223633,31.83649826049805,2734900.0,WY
2018-07-25,45.540000915527344,45.6500015258789,44.79999923706055,45.599998474121094,42.094642639160156,1363800.0,WYND
2018-07-25,163.77000427246094,165.9600067138672,163.2899932861328,165.8000030517578,157.24041748046875,1731500.0,WYNN
2018-07-25,0.5299999713897705,0.550000011920929,0.5299999713897705,0.5400000214576721,0.5400000214576721,51300.0,WYY
2018-07-25,37.86999893188477,38.40999984741211,37.4900016784668,38.2599983215332,37.58972930908203,5940700.0,X
2018-07-25,3.5,3.5999999046325684,3.5,3.5999999046325684,3.5999999046325684,1200.0,XAIR
2018-07-25,10.43000030517578,10.539999961853027,10.43000030517578,10.529999732971193,8.425332069396973,334100.0,XAN
2018-07-25,39.72000122070313,39.959999084472656,37.08000183105469,37.08000183105469,37.08000183105469,9000.0,XBIO
2018-07-25,4.440000057220459,4.510000228881836,4.320000171661377,4.389999866485597,4.389999866485597,11600.0,XBIT
2018-07-25,5.699999809265138,5.699999809265138,5.5,5.699999809265138,5.699999809265138,5100.0,XCUR
2018-07-25,97.81999969482422,98.98999786376952,96.94000244140624,98.36000061035156,96.0803680419922,982600.0,XEC
2018-07-25,45.47000122070313,45.93000030517578,45.31999969482422,45.68999862670898,43.51046752929688,3952900.0,XEL
2018-07-25,5.010000228881836,5.099999904632568,4.75,4.8400001525878915,4.8400001525878915,268990.0,XELA
2018-07-25,2.8399999141693115,2.8399999141693115,2.700000047683716,2.75,2.75,9600.0,XELB
2018-07-25,9.649999618530273,9.899999618530273,9.600000381469727,9.600000381469727,9.600000381469727,84000.0,XENE
2018-07-25,32.299999237060554,33.150001525878906,31.95000076293945,32.0,32.0,353700.0,XENT
2018-07-25,21.299999237060547,21.32999992370605,20.299999237060547,20.450000762939453,20.450000762939453,23800.0,XERS
2018-07-25,9.65999984741211,9.6899995803833,9.637999534606934,9.68000030517578,8.209661483764647,8600.0,XFLT
2018-07-25,16.860000610351562,17.43600082397461,16.260000228881836,16.319999694824222,16.319999694824222,43100.0,XFOR
2018-07-25,24.540000915527344,24.57099914550781,24.20000076293945,24.40999984741211,21.94259452819824,430200.0,XHR
2018-07-25,4.619999885559082,4.690000057220459,4.579999923706055,4.6599998474121085,4.062545299530028,109900.0,XIN
2018-07-25,67.69000244140625,68.0,66.34999847412111,67.97000122070311,66.1396484375,2304900.0,XLNX
2018-07-25,45.86000061035156,46.11000061035156,43.83000183105469,44.099998474121094,44.099998474121094,341500.0,XLRN
2018-07-25,39.36999893188477,40.2599983215332,39.27999877929688,39.95000076293945,39.95000076293945,187200.0,XNCR
2018-07-25,11.34000015258789,11.859999656677244,11.34000015258789,11.81999969482422,11.81999969482422,247600.0,XNET
2018-07-25,14.300000190734865,14.920000076293945,14.109999656677244,14.619999885559082,14.619999885559082,934700.0,XOG
2018-07-25,83.01000213623047,83.73999786376953,82.51000213623047,83.58999633789062,77.05648040771484,9523600.0,XOM
2018-07-25,24.56999969482422,24.88999938964844,24.489999771118164,24.88999938964844,24.88999938964844,24100.0,XOMA
2018-07-25,7.4000000953674325,7.579999923706055,7.369999885559082,7.550000190734862,7.550000190734862,79500.0,XONE
2018-07-25,15.899999618530273,16.100000381469727,15.649999618530273,16.100000381469727,14.912309646606445,431200.0,XPER
2018-07-25,0.41999998688697815,0.41999998688697815,0.4000000059604645,0.41999998688697815,0.41999998688697815,103400.0,XPL
2018-07-25,99.44000244140624,101.41999816894531,99.0,101.3000030517578,101.3000030517578,1073400.0,XPO
2018-07-25,46.81000137329102,46.97000122070313,46.29999923706055,46.790000915527344,46.11663818359375,1336600.0,XRAY
2018-07-25,1.950000047683716,2.1400001049041752,1.950000047683716,1.9900000095367432,1.9900000095367432,120200.0,XRF
2018-07-25,24.8799991607666,24.8799991607666,24.309999465942386,24.770000457763672,23.21493721008301,2536800.0,XRX
2018-07-25,5.400000095367432,5.599999904632568,4.800000190734863,5.400000095367432,5.400000095367432,8800.0,XSPA
2018-07-25,1.809999942779541,1.8400000333786009,1.7999999523162842,1.7999999523162842,1.7999999523162842,13500.0,XTLB
2018-07-25,6.059999942779541,6.179999828338622,6.010000228881836,6.050000190734862,6.050000190734862,2500.0,XTNT
2018-07-25,18.56999969482422,18.56999969482422,18.56999969482422,18.56999969482422,18.56999969482422,0.0,XVZ
2018-07-25,2.490000009536743,2.549999952316284,2.4300000667572017,2.4600000381469727,2.4600000381469727,1259500.0,XXII
2018-07-25,68.06999969482422,69.13999938964844,68.06999969482422,69.08000183105469,67.59871673583984,1126300.0,XYL
2018-07-25,617.0,619.780029296875,610.9000244140625,617.530029296875,604.3692626953125,30900.0,Y
2018-07-25,3.440000057220459,3.4600000381469727,3.2999999523162837,3.2999999523162837,3.2999999523162837,7500.0,YCBD
2018-07-25,38.27000045776367,39.27999877929688,38.11000061035156,38.9900016784668,38.9900016784668,1690700.0,YELP
2018-07-25,19.21999931335449,22.899999618530273,19.21999931335449,22.65999984741211,22.65999984741211,3947000.0,YEXT
2018-07-25,4.050000190734863,4.318999767303467,3.921000003814697,4.2199997901916495,4.2199997901916495,29500.0,YGYI
2018-07-25,7.5999999046325675,8.020000457763674,7.5999999046325675,7.800000190734862,7.408696174621582,31300.0,YIN
2018-07-25,37.5099983215332,38.650001525878906,37.31999969482422,38.61999893188477,38.61999893188477,3414100.0,YNDX
2018-07-25,31.60000038146973,31.75,31.20000076293945,31.25,30.24635887145996,8100.0,YORW
2018-07-25,17.149999618530273,17.40999984741211,16.979999542236328,17.219999313354492,16.980443954467773,1175000.0,YPF
2018-07-25,10.0,10.18000030517578,9.670000076293944,9.920000076293944,9.920000076293944,762900.0,YRCW
2018-07-25,19.61000061035156,20.989999771118164,19.61000061035156,20.950000762939453,20.950000762939453,281000.0,YRD
2018-07-25,56.79999923706055,58.0,54.0,55.20000076293945,55.20000076293945,3700.0,YTEN
2018-07-25,5.949999809265138,6.199999809265138,5.800000190734862,6.170000076293945,6.170000076293945,260300.0,YTRA
2018-07-25,77.68000030517578,78.72000122070312,77.68000030517578,78.66999816894531,76.38590240478516,1286300.0,YUM
2018-07-25,7.0349998474121085,7.0349998474121085,6.4650001525878915,6.5999999046325675,6.5999999046325675,7600.0,YUMA
2018-07-25,33.59000015258789,33.59000015258789,32.279998779296875,32.299999237060554,31.64440155029297,9318000.0,YUMC
2018-07-25,7.800000190734862,8.0,6.550000190734862,6.949999809265138,6.949999809265138,69900.0,YVR
2018-07-25,94.51000213623048,98.06999969482422,94.51000213623048,97.80999755859376,97.80999755859376,927200.0,YY
2018-07-25,61.0099983215332,62.099998474121094,60.849998474121094,62.02999877929688,62.02999877929688,1285600.0,Z
2018-07-25,17.0,17.049999237060547,16.0,16.200000762939453,16.200000762939453,530600.0,ZAGG
2018-07-25,114.0999984741211,117.54000091552734,114.0,117.13999938964844,115.50892639160156,1235100.0,ZBH
2018-07-25,144.07000732421875,145.85000610351562,143.02000427246094,145.39999389648438,145.39999389648438,220300.0,ZBRA
2018-07-25,3.1870000362396236,3.1870000362396236,3.111000061035156,3.150000095367432,3.150000095367432,1400.0,ZDGE
2018-07-25,15.15999984741211,15.229999542236328,15.079999923706055,15.1899995803833,15.1899995803833,1300.0,ZEAL
2018-07-25,58.90999984741211,61.22000122070313,58.834999084472656,60.61999893188477,60.61999893188477,1043200.0,ZEN
2018-07-25,23.190000534057614,23.51000022888184,22.690000534057614,22.940000534057614,22.727466583251953,55800.0,ZEUS
2018-07-25,10.399999618530273,11.18000030517578,10.119999885559082,10.739999771118164,10.739999771118164,406000.0,ZFGN
2018-07-25,61.41999816894531,62.7599983215332,61.41999816894531,62.70000076293945,62.70000076293945,253900.0,ZG
2018-07-25,57.1500015258789,58.6500015258789,56.349998474121094,58.29999923706055,58.29999923706055,485100.0,ZGNX
2018-07-25,52.0099983215332,52.52999877929688,51.22000122070313,51.52000045776367,49.17459106445313,5145000.0,ZION
2018-07-25,24.5,24.5,24.36450004577637,24.37430000305176,24.37430000305176,2765.0,ZIONP
2018-07-25,2.640000104904175,2.700000047683716,2.549999952316284,2.559999942779541,2.559999942779541,927700.0,ZIOP
2018-07-25,77.02999877929688,78.0,77.02999877929688,77.81999969482422,77.81999969482422,34300.0,ZIV
2018-07-25,5.550000190734863,5.550000190734863,5.420000076293945,5.519999980926514,5.519999980926514,171600.0,ZIXI
2018-07-25,3.3299999237060547,3.463000059127808,3.226999998092652,3.289999961853028,3.289999961853028,6900.0,ZKIN
2018-07-25,24.20000076293945,24.399999618530273,23.170000076293945,23.690000534057614,23.690000534057614,63500.0,ZLAB
2018-07-25,3.2300000190734863,3.3499999046325684,3.2100000381469727,3.3399999141693115,3.3399999141693115,213600.0,ZN
2018-07-25,4.139999866485597,4.269999980926514,4.139999866485597,4.230000019073486,4.230000019073486,4339300.0,ZNGA
2018-07-25,36.310001373291016,36.58000183105469,35.900001525878906,36.58000183105469,36.188209533691406,42800.0,ZNH
2018-07-25,2.2699999809265137,2.2799999713897705,2.220000028610229,2.25,2.25,26300.0,ZOM
2018-07-25,39.68999862670898,41.27999877929688,39.0,41.22000122070313,41.22000122070313,599900.0,ZS
2018-07-25,4.4099998474121085,4.429999828338623,4.320000171661377,4.349999904632568,4.349999904632568,147800.0,ZSAN
2018-07-25,20.86000061035156,21.049999237060547,19.85300064086914,21.030000686645508,20.74928855895996,2708500.0,ZTO
2018-07-25,11.739999771118164,11.770000457763672,11.699999809265135,11.770000457763672,9.556417465209961,61700.0,ZTR
2018-07-25,83.25,85.77999877929688,83.25,85.63999938964844,84.85880279541016,2496200.0,ZTS
2018-07-25,21.549999237060547,22.149999618530273,21.450000762939453,22.049999237060547,22.049999237060547,345800.0,ZUMZ
2018-07-25,25.45000076293945,26.45000076293945,25.40999984741211,26.309999465942386,26.309999465942386,752400.0,ZUO
2018-07-25,12.770000457763672,13.350000381469727,12.699999809265135,12.720000267028807,12.720000267028807,47600.0,ZYME
2018-07-25,7.71999979019165,7.940000057220459,7.579999923706055,7.730000019073486,7.730000019073486,484100.0,ZYNE
2018-07-25,2.6700000762939453,2.9200000762939453,2.650000095367432,2.900000095367432,2.8233962059021,9200.0,ZYXI
