Date,Open,High,Low,Close,Adj Close,Volume,stock
2010-11-23,25.65093040466309,25.65093040466309,25.12160301208496,25.34334754943848,23.133075714111328,3200300.0,A
2010-11-23,31.47929954528809,31.671539306640625,31.142879486083984,31.55138969421387,29.46993637084961,9648000.0,AA
2010-11-23,11.039999961853027,11.109999656677246,10.899999618530273,11.100000381469727,10.464430809020996,3572000.0,AAL
2010-11-23,1.950000047683716,1.950000047683716,1.8500000238418581,1.8600000143051147,1.718847155570984,1800.0,AAME
2010-11-23,19.540000915527344,20.0,19.459999084472656,20.0,19.447153091430664,2800.0,AAN
2010-11-23,7.39555549621582,7.484444618225098,7.342222213745117,7.469629764556885,6.822981357574463,49200.0,AAON
2010-11-23,66.12000274658203,66.33999633789061,65.41000366210939,66.26999664306639,64.71869659423828,417900.0,AAP
2010-11-23,44.349998474121094,44.53571319580078,43.79428482055664,44.104286193847656,38.284324645996094,129861900.0,AAPL
2010-11-23,2.890000104904175,2.990000009536743,2.859999895095825,2.9200000762939453,2.9200000762939453,290000.0,AAU
2010-11-23,56.43000030517578,56.43000030517578,54.61999893188477,54.88999938964844,54.88999938964844,167100.0,AAWW
2010-11-23,4.050000190734863,4.0900001525878915,4.0,4.0399999618530265,4.0399999618530265,237600.0,AAXN
2010-11-23,23.3799991607666,23.54999923706055,22.70000076293945,22.899999618530273,10.981019020080566,635800.0,AB
2010-11-23,19.84000015258789,19.899999618530273,19.600000381469727,19.65999984741211,13.7605562210083,6750900.0,ABB
2010-11-23,30.85000038146973,31.04999923706055,30.690000534057614,30.95000076293945,26.82114028930664,2376900.0,ABC
2010-11-23,9.529999732971193,9.75,9.529999732971193,9.68000030517578,9.121577262878418,30300.0,ABCB
2010-11-23,145.0,150.0,136.5,150.0,150.0,700.0,ABEO
2010-11-23,4.822400093078613,4.822400093078613,4.707200050354004,4.731599807739258,2.3268697261810303,155000.0,ABEV
2010-11-23,15.3100004196167,15.600000381469727,15.289999961853027,15.449999809265135,15.449999809265135,110200.0,ABG
2010-11-23,2759.39990234375,2804.760009765625,2729.159912109375,2751.840087890625,2751.840087890625,0.0,ABIO
2010-11-23,23.36000061035156,23.459999084472656,23.020000457763672,23.399999618530273,18.926990509033203,100300.0,ABM
2010-11-23,11.40999984741211,11.68000030517578,11.149999618530273,11.600000381469727,11.600000381469727,87900.0,ABMD
2010-11-23,5.3400001525878915,5.4099998474121085,5.3400001525878915,5.380000114440918,2.7739217281341557,23500.0,ABR
2010-11-23,22.63216590881348,22.64656066894531,22.47863006591797,22.52660942077637,16.845643997192386,18675400.0,ABT
2010-11-23,5.46999979019165,5.46999979019165,5.380000114440918,5.380000114440918,5.380000114440918,18100.0,ABUS
2010-11-23,332.5,332.5,329.0,329.0,321.53851318359375,258444.0,AC
2010-11-23,0.6800000071525574,0.7099999785423279,0.6700000166893005,0.699999988079071,0.699999988079071,411300.0,ACAD
2010-11-23,0.09000000357627869,0.09000000357627869,0.09000000357627869,0.09000000357627869,0.09000000357627869,20000.0,ACB
2010-11-23,31.459999084472656,31.70000076293945,31.209999084472656,31.34000015258789,22.016395568847656,530300.0,ACC
2010-11-23,6.96999979019165,7.03000020980835,6.789999961853027,6.920000076293945,6.50051736831665,175500.0,ACCO
2010-11-23,470.0,470.0,440.0,446.6666564941406,446.6666564941406,0.0,ACER
2010-11-23,9.978888511657717,10.088889122009276,9.935555458068848,10.065555572509766,10.065555572509766,2424600.0,ACGL
2010-11-23,22.5,22.60000038146973,22.399999618530273,22.40999984741211,22.368724822998047,250900.0,ACH
2010-11-23,6.28000020980835,6.5999999046325675,6.28000020980835,6.28000020980835,6.28000020980835,1600.0,ACHC
2010-11-23,1823.800048828125,1837.0,1782.0,1794.0999755859375,1794.0999755859375,200.0,ACHV
2010-11-23,8.486666679382324,8.553333282470701,8.416666984558105,8.529999732971191,8.529999732971191,268800.0,ACIW
2010-11-23,10.31999969482422,10.4399995803833,10.199999809265137,10.239999771118164,10.239999771118164,96200.0,ACLS
2010-11-23,26.479999542236328,26.51000022888184,26.1299991607666,26.149999618530273,26.149999618530273,639000.0,ACM
2010-11-23,43.540000915527344,43.849998474121094,42.22000122070313,43.709999084472656,35.853302001953125,3471600.0,ACN
2010-11-23,15.050000190734865,15.050000190734865,15.050000190734865,15.050000190734865,10.500811576843262,0.0,ACNB
2010-11-23,26.04999923706055,26.399999618530273,25.739999771118164,26.3700008392334,26.3700008392334,581800.0,ACOR
2010-11-23,25.46999931335449,26.28000068664551,25.25,26.239999771118164,23.705114364624023,281200.0,ACTG
2010-11-23,9.75,9.920000076293944,9.75,9.920000076293944,8.006125450134277,1100.0,ACU
2010-11-23,15.859999656677244,16.280000686645508,15.859999656677244,16.280000686645508,16.280000686645508,2900.0,ACY
2010-11-23,28.79999923706055,28.79999923706055,27.489999771118164,28.190000534057614,28.190000534057614,14184600.0,ADBE
2010-11-23,27.670000076293945,28.290000915527344,27.6200008392334,28.26000022888184,17.162212371826172,34100.0,ADC
2010-11-23,2.440000057220459,2.690000057220459,2.309999942779541,2.325000047683716,1.7602692842483518,90400.0,ADES
2010-11-23,35.52000045776367,36.06999969482422,35.29999923706055,35.709999084472656,27.9603271484375,4943800.0,ADI
2010-11-23,29.459999084472656,29.520000457763672,29.01000022888184,29.09000015258789,22.74435806274414,5376400.0,ADM
2010-11-23,4.079999923706056,4.25,4.079999923706056,4.079999923706056,4.079999923706056,3200.0,ADMP
2010-11-23,39.68393325805664,39.68393325805664,39.13081741333008,39.508338928222656,31.298200607299805,2880400.0,ADP
2010-11-23,61.72000122070313,62.91999816894531,61.72000122070313,62.599998474121094,59.74984359741211,536200.0,ADS
2010-11-23,34.290000915527344,34.470001220703125,33.68000030517578,34.419998168945305,34.419998168945305,2626400.0,ADSK
2010-11-23,31.61000061035156,31.61000061035156,30.739999771118164,30.959999084472656,25.898578643798828,1331900.0,ADTN
2010-11-23,4.150000095367432,4.150000095367432,4.099999904632568,4.110000133514403,4.110000133514403,11400.0,ADUS
2010-11-23,9.989999771118164,9.989999771118164,9.920000076293944,9.979999542236328,5.359652519226074,118500.0,ADX
2010-11-23,256.875,275.625,240.0,247.5,247.5,0.0,ADXS
2010-11-23,23.10000038146973,23.10000038146973,22.75,22.90999984741211,18.570383071899414,13300.0,AE
2010-11-23,21.86000061035156,21.86000061035156,21.670000076293945,21.670000076293945,14.85479736328125,28500.0,AEB
2010-11-23,29.07999992370605,29.09000015258789,28.899999618530273,29.040000915527344,20.020410537719727,1542500.0,AEE
2010-11-23,23.70000076293945,23.709999084472656,23.5,23.5,8.98803997039795,41700.0,AEF
2010-11-23,6.010000228881836,6.019999980926514,5.889999866485597,5.9000000953674325,3.777551889419556,2332000.0,AEG
2010-11-23,22.420000076293945,22.81999969482422,22.18000030517578,22.59000015258789,22.59000015258789,196000.0,AEGN
2010-11-23,0.9200000166893004,0.9800000190734864,0.9200000166893004,0.9300000071525574,0.9300000071525574,4600.0,AEHR
2010-11-23,11.5,11.640000343322756,11.399999618530273,11.470000267028807,11.470000267028807,661900.0,AEIS
2010-11-23,10.9399995803833,11.039999961853027,10.859999656677246,10.979999542236328,9.980710983276367,348600.0,AEL
2010-11-23,78.5199966430664,79.37000274658203,77.44999694824219,78.41999816894531,68.87699890136719,1699100.0,AEM
2010-11-23,187.5,187.5,180.0,180.0,180.0,100.0,AEMD
2010-11-23,16.559999465942386,17.170000076293945,16.459999084472653,17.15999984741211,12.833151817321776,13174100.0,AEO
2010-11-23,35.7400016784668,35.790000915527344,35.380001068115234,35.68000030517578,24.911806106567386,2464200.0,AEP
2010-11-23,13.390000343322756,13.550000190734865,13.18000030517578,13.279999732971193,13.279999732971193,140000.0,AER
2010-11-23,11.109999656677246,11.130000114440918,10.869999885559082,10.890000343322754,8.586599349975586,6218300.0,AES
2010-11-23,3.3199999332427983,3.3199999332427983,3.1600000858306885,3.2799999713897705,3.2799999713897705,17700.0,AEY
2010-11-23,834.0,834.0,792.0,792.0,792.0,4100.0,AEZS
2010-11-23,13.720000267028807,13.859999656677244,13.609999656677244,13.609999656677244,8.108782768249513,140600.0,AFB
2010-11-23,22.95000076293945,23.040000915527344,22.75,22.809999465942386,11.847820281982422,19300.0,AFC
2010-11-23,30.739999771118164,30.920000076293945,30.60000038146973,30.75,22.50980567932129,471400.0,AFG
2010-11-23,26.68000030517578,26.82999992370605,26.34000015258789,26.46500015258789,17.561607360839847,5810600.0,AFL
2010-11-23,11.18000030517578,11.220000267028807,10.880000114440918,11.220000267028807,11.220000267028807,120700.0,AG
2010-11-23,45.81999969482422,45.86000061035156,45.040000915527344,45.79999923706055,42.89935302734375,1027600.0,AGCO
2010-11-23,14.020000457763672,14.119999885559082,13.800000190734865,13.9399995803833,5.920050621032715,61600.0,AGD
2010-11-23,0.4350000023841858,0.44999998807907104,0.4050000011920929,0.44999998807907104,0.44999998807907104,279033.0,AGE
2010-11-23,5.460000038146973,5.519999980926514,5.3400001525878915,5.400000095367432,5.400000095367432,29600.0,AGEN
2010-11-23,17.799999237060547,18.5,17.799999237060547,18.229999542236328,16.788116455078125,2400.0,AGI
2010-11-23,11.130000114440918,11.130000114440918,11.130000114440918,11.130000114440918,8.68016529083252,0.0,AGM-A
2010-11-23,14.40999984741211,14.420000076293945,14.06999969482422,14.130000114440918,11.42768096923828,69700.0,AGM
2010-11-23,49.56000137329102,49.68999862670898,49.290000915527344,49.38999938964844,46.416664123535156,947500.0,AGN
2010-11-23,28.8799991607666,28.96999931335449,28.79999923706055,28.93000030517578,7.796272754669189,910400.0,AGNC
2010-11-23,16.629999160766598,17.09000015258789,16.530000686645508,16.809999465942386,14.235353469848633,2078200.0,AGO
2010-11-23,8.619999885559082,8.970000267028809,8.619999885559082,8.890000343322754,7.0153260231018075,23500.0,AGX
2010-11-23,5.0900001525878915,5.130000114440918,4.849999904632568,4.96999979019165,4.96999979019165,69600.0,AGYS
2010-11-23,8.229999542236326,8.310000419616701,8.119999885559082,8.170000076293945,3.523361921310425,46100.0,AHC
2010-11-23,8.0,8.0,8.0,8.0,8.0,0.0,AHPI
2010-11-23,5.917919635772705,5.98054313659668,5.861558437347412,5.905395030975343,3.06284761428833,298300.0,AHT
2010-11-23,24.149999618530273,24.149999618530273,23.01000022888184,23.459999084472656,5.76409387588501,84800.0,AI
2010-11-23,41.61000061035156,41.7400016784668,40.81999969482422,40.849998474121094,29.635292053222656,2727600.0,AIG
2010-11-23,264.0,274.5599975585937,258.72000122070307,258.72000122070307,258.72000122070307,800.0,AIM
2010-11-23,15.800000190734865,16.010000228881836,15.479999542236328,15.979999542236328,13.833888053894045,189400.0,AIMC
2010-11-23,20.71999931335449,20.950000762939453,20.56999969482422,20.690000534057614,17.56998062133789,132800.0,AIN
2010-11-23,32.009998321533196,32.15999984741211,31.59000015258789,31.709999084472656,10.957079887390137,406200.0,AINV
2010-11-23,8.394000053405763,8.394000053405763,8.394000053405763,8.394000053405763,8.207494735717772,0.0,AIO
2010-11-23,22.84000015258789,23.809999465942386,22.84000015258789,23.65999984741211,21.302526473999023,336600.0,AIR
2010-11-23,2.0,2.0,2.0,2.0,1.6914750337600708,600.0,AIRI
2010-11-23,6.440000057220459,6.5999999046325675,6.353333473205566,6.5999999046325675,6.059141635894775,18100.0,AIRT
2010-11-23,30.56999969482422,30.959999084472656,30.239999771118164,30.76000022888184,25.21391487121582,171200.0,AIT
2010-11-23,23.540000915527344,23.790000915527344,23.46999931335449,23.68000030517578,17.795513153076172,1388400.0,AIV
2010-11-23,34.779998779296875,35.110000610351555,34.529998779296875,34.81999969482422,28.62118530273437,880700.0,AIZ
2010-11-23,28.01000022888184,28.21999931335449,27.96999931335449,28.03000068664551,20.70119285583496,301400.0,AJG
2010-11-23,4.78000020980835,4.860000133514403,4.739999771118164,4.849999904632568,4.849999904632568,233900.0,AJRD
2010-11-23,6.185999870300293,6.185999870300293,6.185999870300293,6.185999870300293,4.974693775177002,0.0,AJXA
2010-11-23,49.5099983215332,49.68999862670898,48.36000061035156,48.88000106811523,48.88000106811523,2413000.0,AKAM
2010-11-23,8.920000076293945,9.0,8.760000228881836,8.760000228881836,8.760000228881836,65000.0,AKG
2010-11-23,18.36000061035156,18.479999542236328,18.06999969482422,18.11000061035156,12.814148902893065,902800.0,AKR
2010-11-23,5.449999809265137,5.46999979019165,5.260000228881836,5.28000020980835,5.28000020980835,353800.0,AKRX
2010-11-23,53.16999816894531,53.38999938964844,52.77999877929688,52.9000015258789,45.52099609375,566000.0,ALB
2010-11-23,201.6000061035156,205.1999969482422,196.8000030517578,200.3999938964844,200.3999938964844,4700.0,ALBO
2010-11-23,7.480000019073486,7.519999980926514,7.380000114440918,7.420000076293945,7.420000076293945,37495.0,ALC
2010-11-23,23.09000015258789,23.1299991607666,22.57999992370605,22.96999931335449,21.35773277282715,4300.0,ALCO
2010-11-23,35.130001068115234,35.22999954223633,34.939998626708984,35.130001068115234,24.96442413330078,141500.0,ALE
2010-11-23,25.28000068664551,25.53000068664551,24.81999969482422,25.21999931335449,23.80832481384277,18500.0,ALG
2010-11-23,17.120000839233402,17.540000915527347,17.010000228881836,17.450000762939453,17.450000762939453,608400.0,ALGN
2010-11-23,49.22000122070313,49.47999954223633,48.91999816894531,49.2400016784668,41.87759780883789,227700.0,ALGT
2010-11-23,11.420000076293945,12.239999771118164,11.09000015258789,11.779999732971193,11.779999732971193,166700.0,ALIM
2010-11-23,0.3100000023841858,0.3100000023841858,0.3100000023841858,0.3100000023841858,0.3100000023841858,0.0,ALJJ
2010-11-23,13.737500190734865,13.774999618530273,13.5600004196167,13.657500267028807,12.038945198059082,1037200.0,ALK
2010-11-23,10.630000114440918,10.75,10.470000267028807,10.649999618530273,10.649999618530273,768800.0,ALKS
2010-11-23,29.649999618530273,29.809999465942386,29.5,29.540000915527344,24.172401428222656,4204600.0,ALL
2010-11-23,7.880000114440918,8.029999732971191,7.829999923706055,7.989999771118164,7.989999771118164,171000.0,ALLT
2010-11-23,9.4399995803833,9.960000038146973,9.350000381469727,9.949999809265137,9.949999809265137,408100.0,ALNY
2010-11-23,20.0,20.0,19.0,19.0,19.0,7500.0,ALO
2010-11-23,7.070000171661378,7.239999771118164,7.059999942779541,7.239999771118164,5.727235794067383,1100.0,ALOT
2010-11-23,8.833333015441895,8.833333015441895,8.833333015441895,8.833333015441895,6.916393280029298,0.0,ALRS
2010-11-23,10.5,10.5,10.279999732971193,10.279999732971193,8.668210983276367,503700.0,ALSK
2010-11-23,1.0199999809265137,1.0449999570846558,1.0199999809265137,1.0199999809265137,1.0199999809265137,0.0,ALT
2010-11-23,53.2132568359375,53.72478485107422,52.34149932861328,52.68732070922852,38.98867416381836,1680500.0,ALV
2010-11-23,401.0,401.0,393.2999877929688,395.20001220703125,201.2836456298828,2600.0,ALX
2010-11-23,37.834999084472656,38.0,37.400001525878906,37.63999938964844,37.63999938964844,1345400.0,ALXN
2010-11-23,2.740000009536743,2.8399999141693115,2.7300000190734863,2.8299999237060547,2.0970044136047363,5700.0,ALYA
2010-11-23,14.229999542236328,14.600000381469727,13.81999969482422,13.989999771118164,13.989999771118164,605800.0,AMAG
2010-11-23,12.350000381469727,12.449999809265135,12.300000190734865,12.40999984741211,10.294305801391602,11613000.0,AMAT
2010-11-23,7.320000171661378,7.4099998474121085,7.260000228881836,7.320000171661378,7.320000171661378,10386700.0,AMD
2010-11-23,25.151111602783203,25.19555473327637,24.942222595214844,25.15999984741211,23.51218223571777,1023700.0,AME
2010-11-23,29.3700008392334,29.38999938964844,28.270000457763672,28.81999969482422,28.81999969482422,372400.0,AMED
2010-11-23,1.6000000238418581,1.6000000238418581,1.6000000238418581,1.6000000238418581,1.6000000238418581,700.0,AMEH
2010-11-23,88.55999755859375,88.7699966430664,86.48999786376953,87.12000274658203,84.48507690429688,680300.0,AMG
2010-11-23,54.27999877929688,54.33000183105469,53.5099983215332,53.599998474121094,43.60171890258789,7065900.0,AMGN
2010-11-23,36.150001525878906,36.38999938964844,35.97999954223633,36.36000061035156,20.1723690032959,2389700.0,AMJ
2010-11-23,4.579999923706055,4.579999923706055,4.579999923706055,4.579999923706055,4.579999923706055,0.0,AMK
2010-11-23,6.769999980926514,6.809999942779541,6.6500000953674325,6.800000190734862,6.800000190734862,2296600.0,AMKR
2010-11-23,5.800000190734862,5.889999866485597,5.5900001525878915,5.670000076293945,5.670000076293945,531500.0,AMN
2010-11-23,22.450000762939453,22.450000762939453,21.989999771118164,22.11000061035156,15.627062797546387,4900.0,AMNB
2010-11-23,5.099999904632568,5.210000038146973,5.099999904632568,5.199999809265137,4.883673191070557,2800.0,AMOT
2010-11-23,28.239999771118164,28.239999771118164,28.03499984741211,28.03499984741211,22.539119720458984,3400.0,AMOV
2010-11-23,51.27999877929688,51.52999877929688,50.91999816894531,51.290000915527344,41.06715393066406,1995800.0,AMP
2010-11-23,2.049999952316284,2.049999952316284,2.049999952316284,2.049999952316284,2.049999952316284,500.0,AMPE
2010-11-23,5.6599998474121085,5.710000038146973,5.5900001525878915,5.5900001525878915,5.323210716247559,900.0,AMRB
2010-11-23,12.899999618530273,12.949999809265135,12.699999809265135,12.859999656677244,12.859999656677244,73900.0,AMRC
2010-11-23,3.650000095367432,3.650000095367432,3.470000028610229,3.5199999809265137,3.5199999809265137,794500.0,AMRN
2010-11-23,288.8999938964844,303.0,288.75,300.1499938964844,300.1499938964844,3500.0,AMRS
2010-11-23,2.900000095367432,2.900000095367432,2.900000095367432,2.900000095367432,2.900000095367432,0.0,AMS
2010-11-23,334.3999938964844,341.20001220703125,332.5,335.8999938964844,335.8999938964844,72400.0,AMSC
2010-11-23,18.61000061035156,18.770000457763672,18.31999969482422,18.63999938964844,12.504619598388672,31300.0,AMSF
2010-11-23,6.9000000953674325,6.9000000953674325,6.619999885559082,6.760000228881836,4.40787410736084,40900.0,AMSWA
2010-11-23,51.13000106811523,51.56000137329102,50.77000045776367,51.1500015258789,44.037410736083984,3091100.0,AMT
2010-11-23,17.010000228881836,17.190000534057614,16.969999313354492,17.0,13.71979522705078,3895100.0,AMTD
2010-11-23,19.790000915527344,20.450000762939453,19.479999542236328,19.959999084472656,19.690587997436523,10000.0,AMWD
2010-11-23,28.43000030517578,28.489999771118164,28.0049991607666,28.114999771118164,23.556724548339844,4944200.0,AMX
2010-11-23,168.61000061035156,168.80999755859375,164.6199951171875,168.1999969482422,168.1999969482422,6465300.0,AMZN
2010-11-23,25.790000915527344,26.1299991607666,25.6200008392334,25.979999542236328,25.979999542236328,731800.0,AN
2010-11-23,79.2300033569336,80.22000122070312,79.11000061035156,79.2699966430664,57.89760208129883,16300.0,ANAT
2010-11-23,22.63333320617676,22.65999984741211,22.07333374023437,22.36000061035156,18.99214172363281,309400.0,ANDE
2010-11-23,47.33000183105469,49.599998474121094,47.33000183105469,48.43999862670898,35.759700775146484,7106000.0,ANF
2010-11-23,14.0,14.020000457763672,13.9399995803833,13.970000267028807,13.970000267028807,39400.0,ANGO
2010-11-23,6.9000000953674325,6.949999809265138,6.889999866485597,6.940000057220459,2.3951854705810547,972500.0,ANH
2010-11-23,6.260000228881836,6.320000171661378,6.199999809265138,6.300000190734862,6.300000190734862,7100.0,ANIK
2010-11-23,52.91999816894531,53.27999877929688,51.84000015258789,52.56000137329102,52.56000137329102,3900.0,ANIP
2010-11-23,8.75,8.75,6.25,7.0,7.0,6000.0,ANIX
2010-11-23,47.97999954223633,48.13999938964844,47.11000061035156,47.709999084472656,47.709999084472656,249100.0,ANSS
2010-11-23,40.0,41.20000076293945,35.900001525878906,36.20000076293945,36.20000076293945,324000.0,ANTE
2010-11-23,59.5099983215332,60.09000015258789,58.47999954223633,58.52000045776367,50.53089141845703,6020500.0,ANTM
2010-11-23,3.7999999523162837,3.859999895095825,3.7300000190734863,3.8199999332427983,3.8199999332427983,451300.0,AOBC
2010-11-23,11.539999961853027,11.579999923706055,11.399999618530273,11.479999542236328,4.642019748687744,639000.0,AOD
2010-11-23,40.58000183105469,40.61000061035156,40.150001525878906,40.25,36.17413330078125,1731700.0,AON
2010-11-23,9.145000457763672,9.2475004196167,9.1225004196167,9.192500114440918,7.003097534179688,945600.0,AOS
2010-11-23,11.449999809265135,11.579999923706055,11.380000114440918,11.539999961853027,11.539999961853027,27100.0,AOSL
2010-11-23,25.920000076293945,26.25,25.729999542236328,26.1200008392334,20.547351837158203,14500.0,AP
2010-11-23,107.12000274658205,107.5199966430664,104.95999908447266,105.4800033569336,89.96067810058594,2376200.0,APA
2010-11-23,78.25161743164062,78.46438598632812,76.864013671875,78.23311614990234,59.81427764892578,2327000.0,APD
2010-11-23,96.0,96.0,96.0,96.0,96.0,0.0,APDN
2010-11-23,33.400001525878906,33.65999984741211,32.759998321533196,33.59000015258789,33.59000015258789,77200.0,APEI
2010-11-23,474.3200073242188,490.489990234375,474.3200073242188,485.1000061035156,485.1000061035156,200.0,APEN
2010-11-23,60.5099983215332,61.11000061035156,60.0,60.5099983215332,51.3155746459961,9000.0,APEX
2010-11-23,25.13999938964844,25.26000022888184,24.76499938964844,24.834999084472656,22.489015579223636,1766400.0,APH
2010-11-23,1.6890000104904177,1.6890000104904177,1.6890000104904177,1.6890000104904177,1.6890000104904177,0.0,APM
2010-11-23,10.699999809265137,11.119999885559082,10.609999656677246,10.869999885559082,9.41711711883545,173100.0,APOG
2010-11-23,1.7000000476837158,1.7000000476837158,1.7000000476837158,1.7000000476837158,1.7000000476837158,0.0,APPS
2010-11-23,1.7000000476837158,1.7300000190734863,1.6799999475479126,1.690000057220459,1.690000057220459,77400.0,APT
2010-11-23,13.199999809265135,13.199999809265135,13.199999809265135,13.199999809265135,13.199999809265135,0.0,APTO
2010-11-23,6.5,6.5,6.5,6.5,6.0998783111572275,2500.0,APWC
2010-11-23,4.690000057220459,4.760000228881836,4.679999828338623,4.760000228881836,3.1526002883911133,2600.0,AQN
2010-11-23,0.36000001430511475,0.36000001430511475,0.36000001430511475,0.36000001430511475,0.36000001430511475,320000.0,ARA
2010-11-23,0.8100000023841858,0.8100000023841858,0.7699999809265137,0.7699999809265137,0.7699999809265137,12600.0,ARAV
2010-11-23,5.8499999046325675,6.039999961853027,5.8499999046325675,6.019999980926514,6.019999980926514,333000.0,ARAY
2010-11-23,7.0900001525878915,7.199999809265138,6.96999979019165,7.170000076293945,7.115682125091553,93200.0,ARC
2010-11-23,24.440000534057614,24.559999465942386,24.0,24.01000022888184,22.034887313842773,153800.0,ARCB
2010-11-23,16.34000015258789,16.430000305175778,16.25,16.25,6.635543823242188,972500.0,ARCC
2010-11-23,66.63999938964844,66.94999694824219,65.59999847412111,66.11000061035156,49.044349670410156,616800.0,ARE
2010-11-23,24.16620445251465,24.16620445251465,23.682748794555664,23.91140937805176,19.77773666381836,247900.0,ARGO
2010-11-23,16.200000762939453,16.229999542236328,16.15999984741211,16.200000762939453,6.060698509216309,67000.0,ARI
2010-11-23,14.5,14.979999542236328,14.399999618530273,14.59000015258789,9.046234130859377,1300.0,ARKR
2010-11-23,8.539999961853027,8.680000305175781,8.430000305175781,8.670000076293945,8.670000076293945,4900.0,ARL
2010-11-23,30.6299991607666,30.6299991607666,30.059999465942386,30.229999542236328,13.35025691986084,184000.0,ARLP
2010-11-23,2660.0,2800.0,2660.0,2800.0,2800.0,0.0,ARMP
2010-11-23,13.199999809265135,13.600000381469727,13.100000381469727,13.5,13.5,195400.0,ARNA
2010-11-23,29.46026992797852,29.640180587768555,29.145427703857425,29.52773666381836,26.982580184936523,10309200.0,ARNC
2010-11-23,23.229999542236328,23.229999542236328,22.90999984741211,22.96999931335449,17.522272109985348,257600.0,AROC
2010-11-23,21.842145919799805,22.31822395324707,21.842145919799805,22.09660148620605,15.804765701293945,12600.0,AROW
2010-11-23,59.20000076293945,59.7599983215332,59.20000076293945,59.7599983215332,30.85771942138672,12200.0,ARR
2010-11-23,18.709999084472656,18.780000686645508,18.51000022888184,18.530000686645508,13.586821556091307,6200.0,ARTNA
2010-11-23,9.949999809265137,9.949999809265137,9.489999771118164,9.649999618530273,9.136445999145508,10800.0,ARTW
2010-11-23,31.3700008392334,31.489999771118164,31.0,31.25,31.25,809100.0,ARW
2010-11-23,8.899999618530273,8.899999618530273,8.699999809265138,8.899999618530273,8.899999618530273,7100.0,ARWR
2010-11-23,34.330001831054695,34.400001525878906,33.509998321533196,33.799999237060554,31.7739372253418,51400.0,ASA
2010-11-23,12.899999618530273,13.109999656677244,12.880000114440918,12.920000076293945,10.625482559204102,735900.0,ASB
2010-11-23,7.670000076293945,7.679999828338622,7.21999979019165,7.21999979019165,3.224881887435913,43800.0,ASFI
2010-11-23,3.9700000286102295,3.9700000286102295,3.9500000476837163,3.9500000476837163,1.929252028465271,30900.0,ASG
2010-11-23,6.369999885559082,6.5,6.170000076293945,6.489999771118164,6.489999771118164,63500.0,ASGN
2010-11-23,25.26418876647949,25.26418876647949,24.765167236328125,24.955968856811523,19.989416122436523,3144200.0,ASH
2010-11-23,1.8200000524520876,1.870000004768372,1.7799999713897705,1.809999942779541,1.809999942779541,5200.0,ASM
2010-11-23,33.720001220703125,34.18000030517578,33.470001220703125,33.75,24.46085929870605,4852700.0,ASML
2010-11-23,235.1999969482422,239.5,233.6000061035156,238.6000061035156,238.6000061035156,96500.0,ASNA
2010-11-23,26.979999542236328,27.10000038146973,26.520000457763672,26.670000076293945,26.670000076293945,65700.0,ASPS
2010-11-23,49.4000015258789,49.70000076293945,48.61999893188477,48.81000137329102,38.13899612426758,26300.0,ASR
2010-11-23,5.329999923706055,5.360000133514403,5.289999961853027,5.329999923706055,5.329999923706055,283300.0,ASRT
2010-11-23,1.5299999713897705,1.6200000047683716,1.5199999809265137,1.5199999809265137,1.3597266674041748,6900.0,ASRV
2010-11-23,25.96999931335449,25.96999931335449,25.0,25.0,11.906299591064453,500.0,ASRVP
2010-11-23,6.1500000953674325,8.899999618530273,6.0999999046325675,7.3499999046325675,7.3499999046325675,1049200.0,ASTC
2010-11-23,31.86000061035156,31.86000061035156,31.25,31.38999938964844,28.25243186950684,128600.0,ASTE
2010-11-23,1.5133333206176758,1.5133333206176758,1.4733333587646484,1.4733333587646484,1.4733333587646484,7600.0,ASUR
2010-11-23,4.679999828338623,4.769999980926514,4.670000076293945,4.690000057220459,3.1333396434783936,1567000.0,ASX
2010-11-23,17.780000686645508,18.6299991607666,17.6200008392334,18.450000762939453,18.450000762939453,299900.0,ASYS
2010-11-23,13.649999618530273,13.65999984741211,13.579999923706055,13.619999885559082,8.92314338684082,174600.0,AT
2010-11-23,5.25,5.320000171661377,5.199999809265137,5.230000019073486,2.346263647079468,189400.0,ATAX
2010-11-23,25.07999992370605,25.559999465942386,24.60000038146973,25.07999992370605,25.07999992370605,39000.0,ATEC
2010-11-23,44.2599983215332,44.4900016784668,43.66999816894531,44.06999969482422,41.144630432128906,569900.0,ATGE
2010-11-23,8.640000343322754,8.640000343322754,8.279999732971191,8.340000152587889,8.340000152587889,3500.0,ATHE
2010-11-23,2.75,2.75,2.700000047683716,2.700000047683716,2.700000047683716,37700.0,ATHX
2010-11-23,49.81999969482422,50.52000045776367,49.25,50.29999923706055,44.39253234863281,1450100.0,ATI
2010-11-23,5.690000057220459,5.809999942779541,5.610000133514403,5.78000020980835,5.78000020980835,17800.0,ATLC
2010-11-23,19.649999618530273,19.649999618530273,19.239999771118164,19.36000061035156,14.478798866271973,6300.0,ATLO
2010-11-23,36.75,37.06999969482422,36.47999954223633,36.88000106811523,30.78112030029297,38400.0,ATNI
2010-11-23,30.170000076293945,30.170000076293945,29.75,29.96999931335449,22.753890991210934,356900.0,ATO
2010-11-23,45.61000061035156,45.61000061035156,45.13000106811523,45.45000076293945,39.24572372436523,93700.0,ATR
2010-11-23,8.649999618530272,8.899999618530273,8.439999580383299,8.720000267028809,8.720000267028809,49800.0,ATRC
2010-11-23,161.24000549316406,161.5500030517578,161.24000549316406,161.5500030517578,138.87677001953122,600.0,ATRI
2010-11-23,7.369820117950439,7.462452411651611,7.240134716033935,7.369820117950439,6.099009037017822,22200.0,ATRO
2010-11-23,1.4099999666213991,1.4199999570846558,1.3899999856948853,1.3899999856948853,1.3899999856948853,218100.0,ATRS
2010-11-23,7.440000057220459,7.53000020980835,7.309999942779541,7.4099998474121085,7.4099998474121085,305700.0,ATSG
2010-11-23,31.0,32.86666488647461,31.0,32.066665649414055,15.066710472106935,9000.0,ATV
2010-11-23,11.699999809265135,11.720000267028807,11.470000267028807,11.59000015258789,10.597387313842773,8138700.0,ATVI
2010-11-23,47.72000122070313,48.040000915527344,46.83000183105469,46.959999084472656,44.42226791381836,1290300.0,AU
2010-11-23,12.710000038146973,13.0,12.710000038146973,12.970000267028807,10.205323219299316,37800.0,AUB
2010-11-23,20.600000381469727,20.600000381469727,20.13999938964844,20.290000915527344,14.937403678894045,2100.0,AUBN
2010-11-23,4.610000133514403,4.650000095367432,4.5,4.599999904632568,4.328343391418457,143200.0,AUDC
2010-11-23,26.06999969482422,27.0,25.739999771118164,26.96999931335449,26.96999931335449,230100.0,AUMN
2010-11-23,4.0,4.0,3.7999999523162837,3.900000095367432,3.900000095367432,400.0,AUTO
2010-11-23,11.5,11.609999656677244,11.31999969482422,11.350000381469727,9.950069427490234,9627800.0,AUY
2010-11-23,21.489999771118164,21.61000061035156,21.420000076293945,21.559999465942386,14.933839797973633,264000.0,AVA
2010-11-23,24.0,24.18000030517578,23.899999618530273,24.07999992370605,24.07999992370605,175400.0,AVAV
2010-11-23,108.1500015258789,108.98999786376952,107.72000122070312,108.5,80.71800994873047,612300.0,AVB
2010-11-23,6.9000000953674325,7.0,6.769999980926514,6.869999885559082,6.493522644042969,119100.0,AVD
2010-11-23,7.170000076293945,7.210000038146973,7.0,7.039999961853027,7.039999961853027,26600.0,AVDL
2010-11-23,145.10000610351562,148.10000610351562,139.19999694824222,145.39999389648438,145.39999389648438,4700.0,AVEO
2010-11-23,25.899999618530273,26.059999465942386,25.65999984741211,25.979999542236328,21.21175193786621,645400.0,AVGO
2010-11-23,15.43000030517578,15.619999885559082,15.109999656677244,15.479999542236328,15.479999542236328,82300.0,AVID
2010-11-23,18.0,18.059999465942386,17.8700008392334,18.059999465942386,8.41718578338623,63300.0,AVK
2010-11-23,49.20000076293945,49.56000137329102,48.11999893188477,48.959999084472656,48.959999084472656,20000.0,AVNW
2010-11-23,31.020000457763672,31.04999923706055,30.54999923706055,30.68000030517578,27.355661392211914,1251300.0,AVT
2010-11-23,16.0,16.719999313354492,15.800000190734865,16.680000305175778,16.680000305175778,33800.0,AVXL
2010-11-23,37.2400016784668,37.68000030517578,37.099998474121094,37.52000045776367,29.688251495361328,1015100.0,AVY
2010-11-23,14.65999984741211,14.670000076293945,14.470000267028807,14.579999923706055,6.398298263549805,248500.0,AWF
2010-11-23,47.18999862670898,47.540000915527344,46.66999816894531,46.86000061035156,29.246583938598636,517000.0,AWI
2010-11-23,24.21999931335449,24.540000915527344,24.04999923706055,24.440000534057614,19.524816513061523,817100.0,AWK
2010-11-23,7.0900001525878915,7.110000133514403,7.03000020980835,7.0999999046325675,2.984693765640259,351600.0,AWP
2010-11-23,18.30500030517578,18.649999618530273,18.26499938964844,18.63999938964844,13.74205493927002,134800.0,AWR
2010-11-23,2.900000095367432,2.9600000381469727,2.880000114440918,2.890000104904175,1.3058044910430908,19200.0,AWRE
2010-11-23,2.799999952316284,2.880000114440918,2.799999952316284,2.880000114440918,2.880000114440918,1000.0,AWX
2010-11-23,3.234999895095825,3.2874999046325684,3.2149999141693115,3.25,3.25,44000.0,AX
2010-11-23,3.9600000381469727,3.990000009536743,3.7699999809265137,3.7899999618530273,3.7899999618530273,734400.0,AXAS
2010-11-23,0.9700000286102296,0.9700000286102296,0.9700000286102296,0.9700000286102296,0.9700000286102296,0.0,AXDX
2010-11-23,55.9000015258789,56.04999923706055,55.45000076293945,55.61000061035156,49.10528945922852,219200.0,AXE
2010-11-23,3.25,3.25,3.25,3.25,3.25,1000.0,AXGN
2010-11-23,10.869999885559082,10.979999542236328,10.630000114440918,10.899999618530273,10.899999618530273,2031500.0,AXL
2010-11-23,2.8989999294281006,2.8989999294281006,2.8989999294281006,2.8989999294281006,2.4519023895263667,0.0,AXO
2010-11-23,41.66999816894531,42.18999862670898,41.599998474121094,41.95000076293945,36.45893096923828,10406800.0,AXP
2010-11-23,11.699999809265135,11.720000267028807,11.399999618530273,11.529999732971193,11.529999732971193,700.0,AXR
2010-11-23,35.290000915527344,35.61999893188477,35.15999984741211,35.5,27.553375244140625,965800.0,AXS
2010-11-23,8.369999885559082,8.399999618530272,8.109999656677246,8.170000076293945,8.170000076293945,700300.0,AXTI
2010-11-23,7.1599998474121085,7.230000019073486,6.8499999046325675,7.0,7.0,373900.0,AXU
2010-11-23,52.099998474121094,52.099998474121094,51.2400016784668,51.91999816894531,49.56343078613281,233600.0,AYI
2010-11-23,11707.3173828125,11707.3173828125,11707.3173828125,11707.3173828125,11707.3173828125,0.0,AYTU
2010-11-23,23.989999771118164,24.06999969482422,23.76499938964844,23.81999969482422,11.201881408691406,3731400.0,AZN
2010-11-23,254.30999755859372,255.1300048828125,250.9199981689453,254.91000366210938,254.91000366210938,248200.0,AZO
2010-11-23,12.579999923706055,12.699999809265135,12.449999809265135,12.5600004196167,12.5600004196167,389900.0,AZPN
2010-11-23,18.93000030517578,18.94499969482422,18.700000762939453,18.864999771118164,15.730184555053713,75800.0,AZZ
2010-11-23,19.209999084472656,19.270000457763672,18.809999465942386,18.950000762939453,16.765996932983402,467700.0,B
2010-11-23,63.43000030517578,64.11000061035156,63.099998474121094,63.599998474121094,50.40874481201172,6567900.0,BA
2010-11-23,11.18000030517578,11.390000343322756,11.0600004196167,11.09000015258789,9.92307949066162,199123000.0,BAC
2010-11-23,13.869999885559082,13.979999542236328,13.800000190734865,13.920000076293945,8.221613883972168,25100.0,BAF
2010-11-23,19.420000076293945,19.75,19.420000076293945,19.65999984741211,10.839971542358398,152000.0,BAH
2010-11-23,56.93000030517578,57.36999893188477,55.2599983215332,56.25,56.25,149300.0,BAL
2010-11-23,16.73667335510254,16.84975814819336,16.538772583007812,16.61793327331543,13.632503509521484,1747200.0,BAM
2010-11-23,11.699999809265135,11.699999809265135,11.359999656677244,11.359999656677244,8.280956268310549,117300.0,BANC
2010-11-23,20.26499938964844,20.614999771118164,20.26499938964844,20.34499931335449,16.175291061401367,22800.0,BANF
2010-11-23,27.25,27.25,27.25,27.25,14.552854537963867,0.0,BANFP
2010-11-23,11.829999923706055,11.899999618530273,11.40999984741211,11.899999618530273,9.70358943939209,107400.0,BANR
2010-11-23,115.14918518066406,116.2848892211914,114.16746520996094,116.10202026367188,85.352294921875,242500.0,BAP
2010-11-23,0.8899999856948853,0.8899999856948853,0.8500000238418579,0.8500000238418579,0.8500000238418579,3500.0,BASI
2010-11-23,27.11569786071777,27.15372085571289,26.79521942138672,26.89299201965332,20.14737892150879,5119600.0,BAX
2010-11-23,58.75,59.75,57.56999969482422,57.849998474121094,57.849998474121094,10911000.0,BB
2010-11-23,11.9399995803833,11.9399995803833,11.619999885559082,11.779999732971193,9.780718803405762,241400.0,BBAR
2010-11-23,42.70000076293945,42.900001525878906,42.310001373291016,42.72999954223633,37.06312561035156,2037500.0,BBBY
2010-11-23,12.597044944763185,12.60330581665039,12.39669418334961,12.484347343444824,7.953860759735107,18740100.0,BBD
2010-11-23,17.889999389648438,18.1299991607666,17.799999237060547,18.049999237060547,6.971190452575684,49100.0,BBDC
2010-11-23,13.270000457763672,13.5,13.0600004196167,13.270000457763672,7.6202454566955575,34900.0,BBF
2010-11-23,4.059999942779541,4.139999866485597,4.059999942779541,4.139999866485597,3.1743392944335938,2600.0,BBGI
2010-11-23,137.19999694824222,138.60000610351562,133.0,134.39999389648438,134.39999389648438,8400.0,BBI
2010-11-23,14.289999961853027,14.399999618530273,14.279999732971193,14.350000381469727,8.044754028320312,37900.0,BBK
2010-11-23,72.63999938964844,72.73999786376953,71.76000213623047,71.94999694824219,44.59487533569336,1514000.0,BBL
2010-11-23,18.170000076293945,18.440000534057614,18.11000061035156,18.200000762939453,9.360272407531738,255500.0,BBN
2010-11-23,9.369999885559082,9.479999542236328,9.18000030517578,9.359999656677246,9.359999656677246,11300.0,BBQ
2010-11-23,14.539999961853027,14.720000267028807,14.359999656677244,14.539999961853027,12.28582763671875,9900.0,BBSI
2010-11-23,10.560999870300293,10.619999885559082,10.354499816894533,10.364333152770996,6.2485294342041025,1934300.0,BBVA
2010-11-23,6.360000133514403,6.440000057220459,6.130000114440918,6.199999809265138,6.199999809265138,84000.0,BBW
2010-11-23,0.25,0.25,0.23000000417232516,0.25,0.24400787055492398,155100.0,BBX
2010-11-23,44.54999923706055,45.63000106811523,43.93999862670898,44.16999816894531,34.15160751342773,4151400.0,BBY
2010-11-23,16.049999237060547,16.309999465942386,15.869999885559082,15.989999771118164,14.612176895141602,1094000.0,BC
2010-11-23,9.109999656677246,9.34000015258789,9.079999923706056,9.34000015258789,6.094414710998535,15600.0,BCBP
2010-11-23,7.559999942779541,8.640000343322754,5.400000095367432,8.640000343322754,8.640000343322754,5100.0,BCDA
2010-11-23,33.720001220703125,33.799999237060554,33.5,33.630001068115234,19.14248275756836,741300.0,BCE
2010-11-23,27.00437164306641,27.00437164306641,26.489301681518555,26.60580635070801,17.189022064208984,30900.0,BCH
2010-11-23,3.0,3.0,2.8499999046325684,3.0,3.0,4500.0,BCLI
2010-11-23,7.75,7.75,7.75,7.75,7.75,0.0,BCML
2010-11-23,24.959999084472656,25.01000022888184,24.54999923706055,24.670000076293945,22.02243423461914,236400.0,BCO
2010-11-23,33.299999237060554,33.299999237060554,33.299999237060554,33.299999237060554,11.736862182617188,0.0,BCOM
2010-11-23,7.630000114440918,7.699999809265138,7.610000133514403,7.6500000953674325,7.6500000953674325,198900.0,BCOR
2010-11-23,30.5,31.3799991607666,30.01000022888184,31.29999923706055,29.76296043395996,92000.0,BCPC
2010-11-23,4.75,4.880000114440918,4.710000038146973,4.849999904632568,4.849999904632568,137000.0,BCRX
2010-11-23,15.612903594970705,15.677419662475586,15.391705513000488,15.428571701049805,11.750964164733887,2149000.0,BCS
2010-11-23,9.280515670776367,9.280515670776367,9.280515670776367,9.280515670776367,7.45200777053833,0.0,BCTF
2010-11-23,16.170000076293945,16.200000762939453,15.850000381469727,16.079999923706055,9.812479972839355,13500.0,BCV
2010-11-23,32.630001068115234,32.959999084472656,32.279998779296875,32.81999969482422,31.6588077545166,186200.0,BDC
2010-11-23,25.059999465942386,25.3700008392334,24.399999618530273,24.479999542236328,17.573698043823242,15400.0,BDGE
2010-11-23,8.890000343322754,8.930000305175781,8.84000015258789,8.869999885559082,4.333016872406007,140800.0,BDJ
2010-11-23,7.3400001525878915,7.3400001525878915,7.170000076293945,7.170000076293945,6.60045862197876,800.0,BDL
2010-11-23,10.84000015258789,10.920000076293944,10.800000190734863,10.81999969482422,6.9140872955322275,1022200.0,BDN
2010-11-23,2.0799999237060547,2.0799999237060547,1.950000047683716,2.009999990463257,2.009999990463257,37300.0,BDR
2010-11-23,2.859999895095825,2.9300000667572017,2.7799999713897705,2.8399999141693115,2.8399999141693115,110400.0,BDSI
2010-11-23,76.72000122070312,76.9000015258789,76.36000061035156,76.63999938964844,64.86727905273439,1087400.0,BDX
2010-11-23,4.300000190734863,4.349999904632568,4.199999809265137,4.230000019073486,4.230000019073486,162200.0,BEAT
2010-11-23,15.850000381469727,15.979999542236328,15.640000343322756,15.859999656677244,15.859999656677244,292900.0,BECN
2010-11-23,24.0,24.0,24.0,24.0,21.16131401062012,0.0,BELFA
2010-11-23,22.1200008392334,22.18000030517578,21.280000686645508,21.649999618530273,18.88643455505371,21000.0,BELFB
2010-11-23,38.04999923706055,38.15666580200195,37.55666732788086,37.58000183105469,29.39034080505371,3038400.0,BEN
2010-11-23,20.899999618530273,20.899999618530273,20.739999771118164,20.81999969482422,11.020747184753418,11600.0,BEP
2010-11-23,11.899999618530273,12.0,11.899999618530273,12.0,9.908326148986816,1600.0,BFC
2010-11-23,9.3100004196167,9.420000076293944,9.300000190734863,9.390000343322754,8.043484687805176,18000.0,BFIN
2010-11-23,13.170000076293945,13.260000228881836,13.140000343322756,13.15999984741211,7.442860603332519,85800.0,BFK
2010-11-23,14.279999732971193,14.3100004196167,14.25,14.260000228881836,10.56705379486084,10000.0,BFO
2010-11-23,43.09000015258789,43.56999969482422,42.810001373291016,43.56999969482422,31.11202049255371,27300.0,BFS
2010-11-23,14.449999809265135,14.529999732971193,14.449999809265135,14.529999732971193,8.690258979797362,1900.0,BFY
2010-11-23,13.420000076293945,13.81999969482422,13.420000076293945,13.609999656677244,8.053753852844237,124300.0,BFZ
2010-11-23,60.81000137329102,60.88999938964844,60.06999969482422,60.599998474121094,49.29007339477539,778500.0,BG
2010-11-23,4.8681674003601065,4.887459754943848,4.7266879081726065,4.771704196929932,2.298600435256958,587600.0,BGCP
2010-11-23,12.489999771118164,12.5,12.229999542236328,12.399999618530273,7.897706031799316,57100.0,BGFV
2010-11-23,17.120000839233402,17.319999694824222,17.100000381469727,17.280000686645508,13.388867378234865,270700.0,BGG
2010-11-23,1.190000057220459,1.190000057220459,1.1799999475479126,1.1799999475479126,1.1799999475479126,600.0,BGI
2010-11-23,26.88999938964844,26.979999542236328,26.60000038146973,26.96999931335449,11.653996467590332,74200.0,BGR
2010-11-23,12.59000015258789,12.720000267028807,12.510000228881836,12.529999732971193,7.607822895050049,139400.0,BGS
2010-11-23,14.960000038146973,15.06999969482422,14.9399995803833,15.050000190734865,8.329774856567383,68800.0,BGT
2010-11-23,10.5600004196167,10.5600004196167,10.420000076293944,10.470000267028807,4.324372291564941,358400.0,BGY
2010-11-23,312.9501953125,318.98504638671875,305.19970703125,312.9415588378906,312.9415588378906,7600.0,BH
2010-11-23,239.9900054931641,240.0,239.9900054931641,240.0,240.0,1.0,BHAT
2010-11-23,12.11111068725586,12.11111068725586,12.11111068725586,12.11111068725586,7.373817443847656,3600.0,BHB
2010-11-23,24.86000061035156,24.989999771118164,24.56999969482422,24.96999931335449,24.96999931335449,1773400.0,BHC
2010-11-23,16.190000534057614,16.379999160766598,16.129999160766598,16.209999084472653,15.363506317138672,253400.0,BHE
2010-11-23,0.25200000405311584,0.25200000405311584,0.25200000405311584,0.25200000405311584,0.25200000405311584,0.0,BHF
2010-11-23,13.100000381469727,13.18000030517578,13.100000381469727,13.18000030517578,7.223448276519775,57000.0,BHK
2010-11-23,19.82999992370605,19.850000381469727,19.46999931335449,19.549999237060547,15.043628692626953,24300.0,BHLB
2010-11-23,84.33999633789062,84.44000244140625,83.02999877929688,83.30000305175781,54.54363632202149,3921800.0,BHP
2010-11-23,14.75,15.23799991607666,14.175000190734865,14.5,9.07869815826416,1713776.0,BHR
2010-11-23,19.600000381469727,19.979999542236328,18.76000022888184,18.979999542236328,12.20906925201416,18600.0,BHV
2010-11-23,106.69000244140624,107.66999816894531,105.33000183105469,106.30999755859376,106.30999755859376,7744500.0,BIDU
2010-11-23,6.28000020980835,6.28000020980835,6.210000038146973,6.210000038146973,4.315477371215819,17300.0,BIF
2010-11-23,29.399999618530273,31.5,29.35000038146973,31.1299991607666,26.35602951049805,5162400.0,BIG
2010-11-23,64.56999969482422,64.80999755859375,63.58000183105469,63.81999969482422,63.81999969482422,1608400.0,BIIB
2010-11-23,4.449999809265137,4.449999809265137,4.190000057220459,4.309999942779541,4.309999942779541,21700.0,BIMI
2010-11-23,93.86000061035156,93.9800033569336,93.04000091552734,93.25,93.25,30200.0,BIO
2010-11-23,6.589053630828857,6.68120813369751,6.312589645385742,6.68120813369751,6.68120813369751,3700.0,BIOL
2010-11-23,14.613333702087402,14.733333587646484,14.393333435058596,14.526666641235352,7.848041534423827,115500.0,BIP
2010-11-23,12.020000457763672,12.25,11.550000190734865,12.039999961853027,12.039999961853027,1138000.0,BITA
2010-11-23,34.950000762939446,35.75,34.59000015258789,35.41999816894531,34.464111328125,286800.0,BJRI
2010-11-23,27.059999465942386,27.1200008392334,26.809999465942386,26.8799991607666,22.37421989440918,7956100.0,BK
2010-11-23,11.3100004196167,11.380000114440918,11.229999542236328,11.279999732971193,4.049602508544922,450100.0,BKCC
2010-11-23,18.46999931335449,18.700000762939453,18.270000457763672,18.65999984741211,18.65999984741211,487500.0,BKD
2010-11-23,36.81281280517578,38.00410079956055,36.63704681396485,37.32057571411133,24.99105834960937,528000.0,BKE
2010-11-23,29.76000022888184,30.57999992370605,29.690000534057614,30.559999465942386,22.37506103515625,581100.0,BKH
2010-11-23,14.93000030517578,15.0,14.789999961853027,14.960000038146973,10.43655014038086,34600.0,BKK
2010-11-23,13.760000228881836,13.9399995803833,13.59000015258789,13.670000076293945,7.677978992462157,55900.0,BKN
2010-11-23,414.7999877929688,416.9700012207031,405.1400146484375,407.8500061035156,407.8500061035156,1083900.0,BKNG
2010-11-23,49.27999877929688,49.4000015258789,48.47999954223633,49.38999938964844,29.597625732421875,3778000.0,BKR
2010-11-23,9.42727279663086,9.42727279663086,9.42727279663086,9.42727279663086,6.76151704788208,200.0,BKSC
2010-11-23,6.929999828338622,6.940000057220459,6.9000000953674325,6.929999828338622,3.918927192687988,139200.0,BKT
2010-11-23,1.6799999475479126,1.8400000333786009,1.6200000047683716,1.7100000381469729,1.4564466476440432,82300.0,BKTI
2010-11-23,1.6799999475479126,1.7999999523162842,1.6799999475479126,1.7999999523162842,1.7999999523162842,1200.0,BKYI
2010-11-23,9.43000030517578,9.43000030517578,9.43000030517578,9.43000030517578,9.43000030517578,4327.0,BLBD
2010-11-23,1.2000000476837158,1.2000000476837158,1.2000000476837158,1.2000000476837158,1.2000000476837158,8700.0,BLD
2010-11-23,1.4700000286102295,1.4900000095367432,1.3799999952316284,1.4099999666213991,1.4099999666213991,437600.0,BLDP
2010-11-23,1.809999942779541,1.8400000333786009,1.7400000095367432,1.7400000095367432,1.7400000095367432,194800.0,BLDR
2010-11-23,13.729999542236328,13.770000457763672,13.640000343322756,13.710000038146973,7.729947090148926,46900.0,BLE
2010-11-23,0.9800000190734864,0.9800000190734864,0.9800000190734864,0.9800000190734864,0.9800000190734864,3000.0,BLFS
2010-11-23,1562.5,1562.5,1362.5,1475.0,1475.0,0.0,BLIN
2010-11-23,166.0,166.07000732421875,162.5500030517578,163.02999877929688,125.23657989501952,1200500.0,BLK
2010-11-23,25.59000015258789,25.59000015258789,25.0,25.309999465942386,22.883583068847656,107300.0,BLKB
2010-11-23,16.257499694824222,16.257499694824222,16.012500762939453,16.082500457763672,13.961909294128418,3528000.0,BLL
2010-11-23,1375.0,1375.0,1275.0,1300.0,1300.0,0.0,BLNK
2010-11-23,6.498195171356201,7.581227302551269,6.498195171356201,6.498195171356201,6.498195171356201,5000.0,BLU
2010-11-23,16.670000076293945,16.729999542236328,16.540000915527347,16.600000381469727,8.158246040344237,151100.0,BLW
2010-11-23,15.93000030517578,16.25,15.789999961853027,16.229999542236328,9.427726745605467,130000.0,BLX
2010-11-23,50.13000106811523,50.13000106811523,48.43999862670898,49.16999816894531,40.63462829589844,131400.0,BMA
2010-11-23,26.209999084472656,26.209999084472656,25.75,25.809999465942386,10.560725212097168,21700.0,BME
2010-11-23,20.98500061035156,21.13500022888184,20.86000061035156,21.03499984741211,16.88408088684082,82400.0,BMI
2010-11-23,58.5,58.68000030517578,58.09000015258789,58.25,36.18160629272461,508300.0,BMO
2010-11-23,0.3899999856948853,0.3899999856948853,0.3899999856948853,0.3899999856948853,0.3899999856948853,3100.0,BMRA
2010-11-23,17.040000915527347,17.125,16.864999771118164,16.864999771118164,14.271472930908205,5000.0,BMRC
2010-11-23,26.82999992370605,27.45000076293945,26.56999969482422,26.71999931335449,26.71999931335449,1400700.0,BMRN
2010-11-23,16.790000915527347,16.950000762939453,16.459999084472653,16.889999389648438,13.220083236694336,8500.0,BMTC
2010-11-23,25.690000534057614,25.70000076293945,25.43000030517578,25.559999465942386,18.961158752441406,9131100.0,BMY
2010-11-23,52.77999877929688,52.86999893188477,51.77999877929688,52.02000045776367,31.502748489379886,546500.0,BNS
2010-11-23,1.4099999666213991,1.5499999523162842,1.4099999666213991,1.5499999523162842,1.5499999523162842,1400.0,BNSO
2010-11-23,14.529999732971193,14.609999656677244,14.529999732971193,14.609999656677244,8.847305297851562,6100.0,BNY
2010-11-23,3.650000095367432,3.7000000476837163,3.609999895095825,3.6800000667572017,3.0038113594055176,11800.0,BOCH
2010-11-23,17.93000030517578,17.979999542236328,17.75,17.950000762939453,6.931412220001222,196600.0,BOE
2010-11-23,44.38999938964844,44.88999938964844,44.27000045776367,44.5,32.823429107666016,333100.0,BOH
2010-11-23,46.9000015258789,47.38000106811523,46.88000106811523,46.97999954223633,36.89692687988281,87700.0,BOKF
2010-11-23,15.779999732971193,15.949999809265135,15.6899995803833,15.859999656677244,14.680356979370115,54200.0,BOOM
2010-11-23,14.84000015258789,15.18000030517578,14.800000190734865,15.100000381469727,15.100000381469727,9119.0,BOOT
2010-11-23,6.28000020980835,6.480000019073486,6.28000020980835,6.480000019073486,6.480000019073486,300.0,BOSC
2010-11-23,7.75,7.75,7.75,7.75,6.937737464904785,200.0,BOTJ
2010-11-23,41.2400016784668,41.310001373291016,40.70000076293945,40.88999938964844,24.2750244140625,9536500.0,BP
2010-11-23,5.329999923706055,5.389999866485597,5.28000020980835,5.349999904632568,4.2203803062438965,402100.0,BPFH
2010-11-23,28.29999923706055,28.79999923706055,28.20000076293945,28.5,25.51026725769043,1115100.0,BPOP
2010-11-23,18.799999237060547,18.799999237060547,18.790000915527344,18.799999237060547,9.789461135864258,3000.0,BPOPM
2010-11-23,18.309999465942386,19.149999618530273,18.309999465942386,18.950000762939453,9.355144500732422,3800.0,BPOPN
2010-11-23,107.12000274658205,107.12000274658205,106.22000122070312,106.62000274658205,35.37575149536133,39800.0,BPT
2010-11-23,72.0,76.0,72.0,72.0,72.0,100.0,BPTH
2010-11-23,14.75,14.789999961853027,14.720000267028807,14.720000267028807,8.893961906433105,3300.0,BQH
2010-11-23,21.06999969482422,21.18000030517578,20.989999771118164,21.149999618530273,17.108051300048828,685600.0,BR
2010-11-23,30.51000022888184,30.84000015258789,30.01000022888184,30.82999992370605,24.373353958129886,192800.0,BRC
2010-11-23,7.170000076293945,7.170000076293945,6.829999923706055,6.96999979019165,6.96999979019165,33500.0,BREW
2010-11-23,14.350000381469727,14.420000076293945,13.979999542236328,14.020000457763672,12.648998260498047,1889500.0,BRFS
2010-11-23,11.640000343322756,11.65999984741211,11.100000381469727,11.369999885559082,11.28736972808838,6200.0,BRID
2010-11-23,9.770000457763672,9.960000038146973,9.710000038146973,9.93000030517578,7.356161117553711,339100.0,BRKL
2010-11-23,15.859999656677244,15.949999809265135,15.220000267028807,15.369999885559082,15.038830757141113,1463000.0,BRKR
2010-11-23,7.3400001525878915,7.4099998474121085,7.039999961853027,7.25,5.754125118255615,242900.0,BRKS
2010-11-23,2.990000009536743,3.190000057220459,2.9500000476837163,3.150000095367432,3.150000095367432,8000.0,BRN
2010-11-23,11.1899995803833,11.329999923706055,11.164999961853027,11.30500030517578,9.123332977294922,1840400.0,BRO
2010-11-23,6.5999999046325675,6.739999771118164,6.5999999046325675,6.6500000953674325,5.5387916564941415,12300.0,BRT
2010-11-23,2.539999961853028,2.549999952316284,2.539999961853028,2.549999952316284,2.3026912212371826,5000.0,BRY
2010-11-23,26.41769981384277,26.76420021057129,26.41769981384277,26.76420021057129,25.02247810363769,0.0,BSA
2010-11-23,35.650001525878906,36.20769119262695,35.5538444519043,36.0461540222168,24.48495483398437,307500.0,BSAC
2010-11-23,13.420000076293945,13.460000038146973,13.15999984741211,13.350000381469727,8.094592094421388,6575500.0,BSBR
2010-11-23,12.59000015258789,13.140000343322756,12.59000015258789,12.619999885559082,7.222745418548584,75600.0,BSD
2010-11-23,13.770000457763672,13.869999885559082,13.630000114440918,13.75,8.522432327270508,13800.0,BSE
2010-11-23,3.900000095367432,3.990000009536743,3.690000057220459,3.869999885559082,2.643404722213745,8700.0,BSET
2010-11-23,19.020000457763672,19.40999984741211,18.32999992370605,19.25,9.936506271362305,137000.0,BSL
2010-11-23,0.1080000028014183,0.1080000028014183,0.10666999965906143,0.10666999965906143,0.07172878831624985,64500.0,BSM
2010-11-23,5.9000000953674325,6.0900001525878915,5.75,6.050000190734862,6.050000190734862,152700.0,BSQR
2010-11-23,10.149999618530273,10.289999961853027,10.149999618530273,10.220000267028807,8.23017406463623,11000.0,BSRR
2010-11-23,11.970000267028807,11.970000267028807,11.970000267028807,11.970000267028807,8.236909866333008,0.0,BST
2010-11-23,23.38999938964844,23.38999938964844,22.82999992370605,22.86000061035156,22.86000061035156,1600.0,BSTC
2010-11-23,6.5900001525878915,6.5999999046325675,6.489999771118164,6.570000171661378,6.570000171661378,8861100.0,BSX
2010-11-23,10.699999809265137,10.779999732971193,10.5600004196167,10.56999969482422,6.006899833679199,61100.0,BTA
2010-11-23,40.52000045776367,40.81999969482422,40.2400016784668,40.65999984741211,30.79422187805176,182300.0,BTE
2010-11-23,2.3499999046325684,2.4300000667572017,2.3499999046325684,2.400000095367432,2.381234884262085,51100.0,BTG
2010-11-23,38.02999877929688,38.060001373291016,37.540000915527344,37.75500106811523,18.79295921325684,375200.0,BTI
2010-11-23,7.050000190734862,7.0999999046325675,6.760000228881836,6.889999866485597,6.889999866485597,165600.0,BTN
2010-11-23,15.119999885559082,15.229999542236328,15.029999732971193,15.170000076293945,9.016149520874023,84300.0,BTO
2010-11-23,12.649999618530273,12.699999809265135,12.59000015258789,12.600000381469727,6.558611869812013,89200.0,BTZ
2010-11-23,59.61000061035156,59.75,58.65999984741211,59.22000122070313,45.504844665527344,1350100.0,BUD
2010-11-23,13.020000457763672,13.31999969482422,12.869999885559082,13.020000457763672,9.679759979248047,38300.0,BUSE
2010-11-23,55.59000015258789,56.13000106811523,54.52999877929688,54.6500015258789,51.18968963623047,817000.0,BVN
2010-11-23,12.979999542236328,12.979999542236328,12.979999542236328,12.979999542236328,12.979999542236328,0.0,BVSN
2010-11-23,30.03499984741211,30.354999542236328,29.75,29.95499992370605,27.14826393127441,2799400.0,BWA
2010-11-23,16.5,16.700000762939453,16.200000762939453,16.299999237060547,16.299999237060547,29900.0,BWEN
2010-11-23,15.0,15.0,15.0,15.0,14.131410598754885,0.0,BWFG
2010-11-23,18.2546501159668,18.36194610595703,18.06867027282715,18.09728240966797,16.414850234985348,414600.0,BWXT
2010-11-23,13.06999969482422,13.100000381469727,12.869999885559082,12.93000030517578,7.134931564331055,2476400.0,BX
2010-11-23,37.0,37.5,36.099998474121094,37.099998474121094,37.099998474121094,31900.0,BXC
2010-11-23,2.9500000476837163,2.9800000190734863,2.890000104904175,2.9200000762939453,2.638612508773804,49895.0,BXG
2010-11-23,13.199999809265135,13.399999618530273,12.5,12.600000381469727,3.4423856735229488,11600.0,BXMT
2010-11-23,13.0,13.050000190734865,12.9399995803833,13.0,6.1051878929138175,74500.0,BXMX
2010-11-23,83.06999969482422,83.83999633789062,82.80999755859375,83.47000122070312,66.29768371582031,912800.0,BXP
2010-11-23,12.720000267028807,12.93000030517578,12.699999809265135,12.829999923706055,11.084575653076172,465900.0,BXS
2010-11-23,9.109999656677246,9.1899995803833,8.90999984741211,8.989999771118164,8.785419464111326,1659400.0,BYD
2010-11-23,2.0199999809265137,2.0199999809265137,2.0199999809265137,2.0199999809265137,2.0199999809265137,0.0,BYFC
2010-11-23,13.579999923706055,13.869999885559082,13.579999923706055,13.869999885559082,8.115894317626951,75600.0,BYM
2010-11-23,20.25,20.600000381469727,19.799999237060547,19.950000762939453,19.950000762939453,361900.0,BZH
2010-11-23,15.460000038146973,15.479999542236328,15.300000190734865,15.4399995803833,9.964303970336914,2400.0,BZM
2010-11-23,41.5,41.5,41.0,41.0,37.58802795410156,38789400.0,C
2010-11-23,15.119999885559082,15.5600004196167,15.06999969482422,15.199999809265135,14.89498233795166,111400.0,CAAS
2010-11-23,24.3799991607666,24.446666717529297,24.15999984741211,24.233333587646484,18.405540466308594,5100.0,CAC
2010-11-23,58.97999954223633,60.0,58.959999084472656,59.849998474121094,59.849998474121094,8900.0,CACC
2010-11-23,50.36000061035156,50.709999084472656,50.0099983215332,50.65999984741211,50.65999984741211,227600.0,CACI
2010-11-23,10.81999969482422,10.890000343322754,10.640000343322754,10.699999809265137,8.891961097717285,17300.0,CAE
2010-11-23,27.940000534057614,28.11000061035156,27.1200008392334,27.35000038146973,10.360845565795898,305000.0,CAF
2010-11-23,16.66147804260254,16.66147804260254,16.536964416503903,16.63035011291504,11.965699195861815,2408200.0,CAG
2010-11-23,35.75,36.0099983215332,35.599998474121094,35.93000030517578,27.81638145446777,2788900.0,CAH
2010-11-23,18.88999938964844,19.280000686645508,18.71999931335449,18.979999542236328,18.979999542236328,19300.0,CAI
2010-11-23,47.61999893188477,47.61999893188477,47.04999923706055,47.5,31.05512619018555,382500.0,CAJ
2010-11-23,30.96999931335449,31.46999931335449,30.90999984741211,31.40999984741211,26.93600273132324,1107300.0,CAKE
2010-11-23,13.550000190734865,14.600000381469727,13.5,14.170000076293945,12.190449714660645,3267100.0,CAL
2010-11-23,15.300000190734865,15.475000381469727,15.244999885559082,15.395000457763672,12.749024391174315,116200.0,CALM
2010-11-23,12.720000267028807,12.869999885559082,12.43000030517578,12.619999885559082,12.619999885559082,276100.0,CALX
2010-11-23,2.6700000762939453,2.6700000762939453,2.5999999046325684,2.640000104904175,2.640000104904175,10400.0,CAMP
2010-11-23,2.4100000858306885,2.4100000858306885,2.3299999237060547,2.400000095367432,2.1317720413208012,2900.0,CAMT
2010-11-23,300.0,305.0,280.0,295.0,295.0,0.0,CAPR
2010-11-23,12.84000015258789,13.050000190734865,12.68000030517578,12.710000038146973,12.710000038146973,2134800.0,CAR
2010-11-23,8.170000076293945,8.350000381469728,8.170000076293945,8.350000381469728,6.638597965240479,14500.0,CARE
2010-11-23,28.90819931030273,28.90819931030273,28.90819931030273,28.90819931030273,28.90819931030273,0.0,CARR#
2010-11-23,33.0,33.75,32.400001525878906,33.75,33.75,200.0,CARV
2010-11-23,4.25,4.306666851043701,4.25,4.303333282470703,3.714160442352295,18600.0,CASH
2010-11-23,5.329999923706055,5.329999923706055,5.010000228881836,5.079999923706055,5.079999923706055,31700.0,CASI
2010-11-23,24.18732833862305,24.18732833862305,23.801652908325195,24.02203941345215,20.439037322998047,11600.0,CASS
2010-11-23,39.22999954223633,39.33000183105469,38.9900016784668,39.16999816894531,35.645835876464844,280800.0,CASY
2010-11-23,83.27999877929688,83.37999725341797,82.01000213623047,82.62999725341797,62.7339096069336,5739200.0,CAT
2010-11-23,33.0,33.0,33.0,33.0,23.70436286926269,500.0,CATC
2010-11-23,17.010000228881836,17.100000381469727,16.670000076293945,16.860000610351562,16.860000610351562,217100.0,CATM
2010-11-23,28.020000457763672,28.459999084472656,28.020000457763672,28.31999969482422,17.95212745666504,80800.0,CATO
2010-11-23,72.0,72.0,72.0,72.0,72.0,0.0,CATS
2010-11-23,13.829999923706055,13.920000076293945,13.630000114440918,13.6899995803833,11.724278450012207,448700.0,CATY
2010-11-23,59.25,59.68000030517578,58.72000122070313,58.77000045776367,42.0126838684082,2499500.0,CB
2010-11-23,4.1599998474121085,4.1599998474121085,4.1599998474121085,4.1599998474121085,3.9791944026947017,200.0,CBAN
2010-11-23,10.350000381469727,10.350000381469727,10.050000190734863,10.050000190734863,10.050000190734863,34500.0,CBAT
2010-11-23,12.350000381469727,12.399999618530273,12.149999618530273,12.199999809265135,12.199999809265135,167200.0,CBB
2010-11-23,40.72999954223633,40.7400016784668,39.22999954223633,39.61000061035156,36.48117065429688,1377400.0,CBD
2010-11-23,18.75,18.75,18.75,18.75,12.781523704528807,0.0,CBFV
2010-11-23,3.2999999523162837,3.2999999523162837,3.2999999523162837,3.2999999523162837,2.8302626609802246,5000.0,CBH
2010-11-23,2355.14990234375,2371.949951171875,2325.75,2355.14990234375,1748.7786865234375,400.0,CBIO
2010-11-23,16.239999771118164,16.379999160766598,16.139999389648438,16.290000915527347,7.786610603332519,876000.0,CBL
2010-11-23,126.0,126.0,120.4000015258789,123.0,123.0,6400.0,CBLI
2010-11-23,6.0,6.0,6.0,6.0,6.0,400.0,CBMG
2010-11-23,24.5,24.899999618530273,24.5,24.690000534057614,21.356040954589844,104600.0,CBOE
2010-11-23,10.140000343322754,11.0,10.140000343322754,10.420000076293944,10.420000076293944,65800.0,CBPO
2010-11-23,18.420000076293945,18.700000762939453,18.36000061035156,18.520000457763672,18.520000457763672,2470600.0,CBRE
2010-11-23,55.79999923706055,55.79999923706055,53.56999969482422,55.040000915527344,37.852317810058594,873100.0,CBRL
2010-11-23,29.390066146850586,29.98554611206055,29.31171417236328,29.67213630676269,23.70709228515625,537100.0,CBSH
2010-11-23,34.450000762939446,34.459999084472656,34.110000610351555,34.34999847412109,27.75200843811035,406900.0,CBT
2010-11-23,23.770000457763672,24.209999084472656,23.65999984741211,24.1299991607666,17.74560546875,159800.0,CBU
2010-11-23,6.1500000953674325,6.260000228881836,6.1500000953674325,6.210000038146973,6.210000038146973,219600.0,CBZ
2010-11-23,2.150000095367432,2.150000095367432,2.150000095367432,2.150000095367432,2.150000095367432,0.0,CCB
2010-11-23,12.470000267028807,12.640000343322756,12.350000381469727,12.369999885559082,11.038702964782717,38000.0,CCBG
2010-11-23,63.52000045776367,63.52000045776367,61.91999816894531,61.91999816894531,55.406898498535156,9900.0,CCCL
2010-11-23,25.01000022888184,25.01000022888184,24.209999084472656,24.26000022888184,14.278233528137207,6137000.0,CCEP
2010-11-23,15.899999618530273,16.079999923706055,15.899999618530273,15.899999618530273,14.001334190368652,2100.0,CCF
2010-11-23,42.06999969482422,42.06999969482422,41.45000076293945,41.65999984741211,33.24317169189453,1182200.0,CCI
2010-11-23,34.810001373291016,35.20000076293945,34.59999847412109,35.189998626708984,28.68394470214844,1790000.0,CCJ
2010-11-23,31.1299991607666,31.15999984741211,30.65999984741211,30.979999542236328,30.979999542236328,1254800.0,CCK
2010-11-23,41.38999938964844,41.38999938964844,40.790000915527344,40.93999862670898,30.64008140563965,4817400.0,CCL
2010-11-23,6.412508964538574,6.772663593292236,6.412508964538574,6.746310710906982,4.046367645263672,224600.0,CCM
2010-11-23,40.0099983215332,40.08000183105469,39.47000122070313,39.84000015258789,26.70000076293945,120800.0,CCMP
2010-11-23,14.109999656677244,14.239999771118164,13.890000343322756,13.960000038146973,10.036848068237305,10700.0,CCNE
2010-11-23,13.489999771118164,13.609999656677244,12.989999771118164,13.119999885559082,3.489107608795166,159100.0,CCO
2010-11-23,11.800000190734865,11.949999809265135,11.56999969482422,11.829999923706055,8.86430549621582,113400.0,CCOI
2010-11-23,7.210000038146973,7.369999885559082,7.210000038146973,7.28000020980835,7.28000020980835,25900.0,CCRN
2010-11-23,24.61199951171875,24.61199951171875,24.011999130249023,24.21999931335449,18.142160415649414,80700.0,CCU
2010-11-23,25.290000915527344,25.290000915527344,25.11000061035156,25.1299991607666,20.018495559692386,16200.0,CCX
2010-11-23,34.759998321533196,34.759998321533196,34.759998321533196,34.759998321533196,25.76229286193848,100.0,CCZ
2010-11-23,23.979999542236328,24.03000068664551,23.5,23.8700008392334,23.8700008392334,2538100.0,CDE
2010-11-23,11.40999984741211,11.619999885559082,11.0600004196167,11.130000114440918,8.395439147949219,49600.0,CDMO
2010-11-23,8.069999694824219,8.180000305175781,8.039999961853027,8.050000190734862,8.050000190734862,2508600.0,CDNS
2010-11-23,82.09150695800781,82.09150695800781,74.771240234375,74.771240234375,59.71773147583008,2400.0,CDOR
2010-11-23,5.980000019073486,6.210000038146973,5.929999828338622,6.1500000953674325,4.056013584136963,219700.0,CDR
2010-11-23,4.949999809265137,4.949999809265137,4.800000190734863,4.949999809265137,4.949999809265137,5400.0,CDXC
2010-11-23,9.6899995803833,10.0,9.390000343322754,9.510000228881836,9.510000228881836,193100.0,CDXS
2010-11-23,10.90999984741211,11.34000015258789,10.760000228881836,11.140000343322754,11.140000343322754,53600.0,CDZI
2010-11-23,36.709999084472656,36.709999084472656,35.97999954223633,36.36999893188477,31.552303314208984,974100.0,CE
2010-11-23,28.60000038146973,28.60000038146973,28.21999931335449,28.21999931335449,27.1431884765625,24100.0,CEA
2010-11-23,5.210000038146973,5.570000171661377,5.210000038146973,5.480000019073486,4.7625017166137695,3500.0,CECE
2010-11-23,38.86999893188477,38.86999893188477,38.11999893188477,38.25,25.37567138671875,31700.0,CEE
2010-11-23,37500000.0,37500000.0,36523436.0,36914064.0,36914064.0,0.0,CEI
2010-11-23,34.36999893188477,34.36999893188477,33.72999954223633,33.799999237060554,26.744659423828125,336400.0,CEL
2010-11-23,0.6200000047683716,0.6600000262260437,0.6100000143051147,0.6600000262260437,0.6600000262260437,54000.0,CELH
2010-11-23,20.01000022888184,20.670000076293945,20.0,20.6200008392334,9.814555168151855,396800.0,CEM
2010-11-23,3.5199999809265137,3.5199999809265137,3.359999895095825,3.5199999809265137,3.5199999809265137,7200.0,CEMI
2010-11-23,8.789999961853027,9.130000114440918,8.789999961853027,8.949999809265137,8.949999809265137,138800.0,CENT
2010-11-23,8.899999618530273,9.18000030517578,8.84000015258789,9.050000190734863,9.050000190734863,164300.0,CENTA
2010-11-23,14.1899995803833,14.1899995803833,13.890000343322756,14.039999961853027,14.039999961853027,1193800.0,CENX
2010-11-23,221.47999572753903,221.8999938964844,217.55999755859372,218.8600006103516,149.227294921875,181300.0,CEO
2010-11-23,230.6831512451172,231.50765991210938,228.798583984375,231.50765991210938,136.78433227539062,53600.0,CEQP
2010-11-23,21.667499542236328,21.667499542236328,21.315000534057614,21.512500762939453,21.350004196166992,1728800.0,CERN
2010-11-23,2.470000028610229,2.509999990463257,2.4300000667572017,2.4300000667572017,2.4300000667572017,329700.0,CERS
2010-11-23,20.739999771118164,20.739999771118164,20.299999237060547,20.6200008392334,12.470809936523438,27900.0,CET
2010-11-23,20.5,20.65999984741211,20.309999465942386,20.6299991607666,4.176626682281493,481500.0,CETV
2010-11-23,12.350000381469727,12.350000381469727,12.199999809265135,12.199999809265135,7.427459239959718,9200.0,CEV
2010-11-23,22.01000022888184,22.32999992370605,21.8799991607666,22.309999465942386,22.309999465942386,301700.0,CEVA
2010-11-23,23.22599983215332,24.45400047302246,22.84000015258789,24.29400062561035,15.539620399475098,14064000.0,CF
2010-11-23,24.585636138916016,27.90055274963379,24.585636138916016,27.90055274963379,27.90055274963379,200.0,CFBK
2010-11-23,20.190000534057614,20.190000534057614,20.190000534057614,20.190000534057614,14.939742088317873,0.0,CFFI
2010-11-23,10.204532623291016,10.367981910705566,10.204532623291016,10.319388389587402,5.7030863761901855,688800.0,CFFN
2010-11-23,54.09000015258789,54.68000030517578,53.93000030517578,54.20000076293945,40.83317565917969,296000.0,CFR
2010-11-23,16.760000228881836,17.040000915527347,16.670000076293945,17.0,17.0,115500.0,CFX
2010-11-23,99.5999984741211,100.08000183105469,96.4800033569336,97.91999816894531,93.46908569335938,22100.0,CGA
2010-11-23,4.070000171661377,4.099999904632568,4.0,4.0300002098083505,4.0300002098083505,90200.0,CGEN
2010-11-23,7.125,7.247499942779541,7.085000038146973,7.235000133514403,6.684880256652832,511600.0,CGNX
2010-11-23,14.600000381469727,14.600000381469727,14.40999984741211,14.510000228881836,6.19472074508667,14700.0,CGO
2010-11-23,50.68999862670898,51.11999893188477,50.47000122070313,50.72000122070313,40.54615783691406,98500.0,CHA
2010-11-23,7.769999980926514,8.470000267028809,7.070000171661378,7.699999809265138,7.699999809265138,7900.0,CHCI
2010-11-23,32.389999389648445,33.299999237060554,32.200000762939446,32.689998626708984,23.67738151550293,20000.0,CHCO
2010-11-23,16.372499465942386,16.417499542236328,16.190000534057614,16.280000686645508,12.54820728302002,1366000.0,CHD
2010-11-23,12.623332977294922,12.666666984558105,12.470000267028807,12.623332977294922,11.548155784606935,41100.0,CHDN
2010-11-23,59.849998474121094,60.52999877929688,59.77000045776367,60.47000122070313,56.4133415222168,59700.0,CHE
2010-11-23,37.63999938964844,37.97999954223633,37.38999938964844,37.810001373291016,24.539535522460934,134300.0,CHH
2010-11-23,12.84000015258789,12.90999984741211,12.770000457763672,12.779999732971193,5.229654312133789,173900.0,CHI
2010-11-23,21.002838134765625,21.050142288208008,20.596027374267575,20.643329620361328,19.22630882263184,10879200.0,CHK
2010-11-23,43.5,43.68999862670898,42.72999954223633,43.150001525878906,43.150001525878906,987500.0,CHKP
2010-11-23,50.099998474121094,50.18000030517578,49.70000076293945,49.93999862670898,35.381866455078125,1343000.0,CHL
2010-11-23,21.549999237060547,21.549999237060547,21.549999237060547,21.549999237060547,15.688319206237793,200.0,CHMG
2010-11-23,32.150001525878906,32.15999984741211,31.520000457763672,32.06999969482422,12.486154556274414,49400.0,CHN
2010-11-23,14.899999618530273,14.899999618530273,14.050000190734865,14.829999923706055,14.829999923706055,19900.0,CHNR
2010-11-23,72.2699966430664,72.4000015258789,71.69999694824219,72.33000183105469,57.83903121948242,656100.0,CHRW
2010-11-23,11.390000343322756,11.9399995803833,11.350000381469727,11.8100004196167,8.520669937133789,7991100.0,CHS
2010-11-23,29.0,29.15999984741211,29.0,29.040000915527344,15.52167510986328,7400.0,CHSCP
2010-11-23,30.54999923706055,30.774999618530273,30.42499923706055,30.57500076293945,20.333221435546875,606100.0,CHT
2010-11-23,35.06999969482422,35.130001068115234,34.68000030517578,35.049999237060554,35.049999237060554,93300.0,CHTR
2010-11-23,13.260000228881836,13.380000114440918,13.170000076293945,13.34000015258789,11.89803695678711,1009700.0,CHU
2010-11-23,8.090000152587889,8.100000381469728,8.010000228881836,8.060000419616701,3.3021535873413086,253900.0,CHW
2010-11-23,12.979999542236328,13.010000228881836,12.850000381469727,12.890000343322756,5.462671756744385,274500.0,CHY
2010-11-23,37.09000015258789,37.18999862670898,36.16999816894531,36.36000061035156,36.19375991821289,3449500.0,CI
2010-11-23,6.980000019073486,7.010000228881836,6.9000000953674325,6.960000038146973,6.960000038146973,44600.0,CIA
2010-11-23,61.13000106811523,61.33000183105469,60.1500015258789,60.56000137329102,45.93849563598633,142400.0,CIB
2010-11-23,15.5,15.5,15.0,15.0,15.0,400.0,CIDM
2010-11-23,15.100000381469727,15.34000015258789,15.039999961853027,15.220000267028807,15.220000267028807,5328900.0,CIEN
2010-11-23,2.9500000476837163,2.9800000190734863,2.9300000667572017,2.970000028610229,1.2293771505355835,16200.0,CIF
2010-11-23,9.08491325378418,9.177118301391602,9.025251388549805,9.106608390808104,3.546527862548828,3110100.0,CIG
2010-11-23,15.629022598266602,15.629022598266602,15.471035957336426,15.541252136230467,15.138714790344238,36400.0,CIGI
2010-11-23,345.0,345.0,340.0,341.5,341.5,0.0,CIH
2010-11-23,15.479999542236328,15.529999732971193,15.359999656677244,15.5,6.9754180908203125,116900.0,CII
2010-11-23,3.650000095367432,3.6800000667572017,3.619999885559082,3.650000095367432,1.6727893352508545,117900.0,CIK
2010-11-23,20.100000381469727,20.149999618530273,19.950000762939453,20.049999237060547,8.736083984375,2198200.0,CIM
2010-11-23,29.709999084472656,29.88999938964844,29.56999969482422,29.78000068664551,21.154600143432614,936000.0,CINF
2010-11-23,39.0,39.290000915527344,38.7599983215332,39.11000061035156,38.23578643798828,56100.0,CIR
2010-11-23,40.400001525878906,40.56999969482422,40.0,40.0099983215332,35.729713439941406,616200.0,CIT
2010-11-23,4.0,4.079999923706056,3.880000114440918,3.900000095367432,3.3170175552368164,5300.0,CIVB
2010-11-23,11.630000114440918,11.630000114440918,11.229999542236328,11.520000457763672,9.30588150024414,1100.0,CIX
2010-11-23,18.0,18.25,17.950000762939453,18.25,11.85006046295166,3600.0,CIZN
2010-11-23,4.599999904632568,4.639999866485597,4.539999961853027,4.579999923706055,4.579999923706055,42000.0,CJJD
2010-11-23,80.55311584472656,81.61184692382812,79.89986419677734,81.41661834716797,66.50918579101561,246000.0,CKH
2010-11-23,12.649999618530273,12.649999618530273,12.649999618530273,12.649999618530273,11.34532642364502,0.0,CKX
2010-11-23,38.90499877929688,38.92499923706055,38.70000076293945,38.88000106811523,29.38920783996582,3700800.0,CL
2010-11-23,7.0900001525878915,7.0900001525878915,6.96999979019165,7.0,6.897380828857423,17200.0,CLAR
2010-11-23,83.56999969482422,83.9000015258789,82.73999786376953,83.88999938964844,68.81285858154297,401100.0,CLB
2010-11-23,155.0,155.0,135.0,136.0,135.17864990234378,2000.0,CLBS
2010-11-23,15.050000190734865,15.079999923706055,14.90999984741211,15.029999732971193,8.094806671142576,30200.0,CLCT
2010-11-23,5.099999904632568,5.099999904632568,5.099999904632568,5.099999904632568,4.4370079040527335,0.0,CLDB
2010-11-23,16.319999694824222,16.620000839233402,16.319999694824222,16.5,9.65288257598877,19700.0,CLDT
2010-11-23,65.84999847412111,67.65000152587889,61.349998474121094,62.849998474121094,62.849998474121094,37700.0,CLDX
2010-11-23,69.06999969482422,69.19999694824219,67.20999908447266,67.88999938964844,56.835243225097656,2591700.0,CLF
2010-11-23,3.1800000667572017,3.400000095367432,3.1800000667572017,3.25,3.25,28300.0,CLFD
2010-11-23,18.38999938964844,18.65999984741211,18.31999969482422,18.600000381469727,18.507083892822266,778700.0,CLGX
2010-11-23,36.65499877929688,36.94499969482422,36.51499938964844,36.875,36.875,320000.0,CLH
2010-11-23,30.739999771118164,31.10000038146973,30.71999931335449,31.04999923706055,20.63848876953125,617200.0,CLI
2010-11-23,36.36000061035156,36.36000061035156,34.47999954223633,35.599998474121094,5.6920719146728525,33000.0,CLM
2010-11-23,21.299999237060547,21.299999237060547,20.59000015258789,20.770000457763672,12.718937873840332,147500.0,CLMT
2010-11-23,13.850000381469727,14.029999732971193,13.5,13.529999732971193,13.529999732971193,1367300.0,CLNE
2010-11-23,26.649999618530273,26.84000015258789,26.40999984741211,26.65999984741211,26.57139015197754,1544200.0,CLR
2010-11-23,12240.0,12240.0,12240.0,12240.0,12240.0,0.0,CLRB
2010-11-23,3.7699999809265137,3.7699999809265137,3.5999999046325684,3.7699999809265137,3.4811599254608154,1300.0,CLRO
2010-11-23,8.84000015258789,9.0600004196167,8.800000190734863,9.0,9.0,712200.0,CLS
2010-11-23,184.7747802734375,185.4054107666016,175.94595336914062,178.46847534179688,178.46847534179688,800.0,CLSN
2010-11-23,3.1800000667572017,3.1800000667572017,3.0299999713897705,3.140000104904175,2.2570672035217285,23600.0,CLUB
2010-11-23,40.72000122070313,41.15499877929688,40.29999923706055,40.81499862670898,40.81499862670898,98600.0,CLW
2010-11-23,7.315000057220459,7.315000057220459,7.039999961853027,7.039999961853027,5.696000099182129,900.0,CLWT
2010-11-23,62.52999877929688,62.540000915527344,62.20000076293945,62.36000061035156,47.6593246459961,828300.0,CLX
2010-11-23,76.52999877929688,76.70999908447266,75.44000244140625,75.55000305175781,41.87590789794922,238900.0,CM
2010-11-23,36.599998474121094,37.11000061035156,36.43999862670898,36.4900016784668,29.97353935241699,1935000.0,CMA
2010-11-23,14.630000114440918,15.609999656677244,14.539999961853027,15.369999885559082,11.690579414367676,3677000.0,CMC
2010-11-23,5.5,6.5,5.5,6.0,4.427185535430908,1300.0,CMCL
2010-11-23,16.729999542236328,16.770000457763672,16.389999389648438,16.680000305175778,16.030879974365234,32500.0,CMCO
2010-11-23,10.09000015258789,10.130000114440918,10.020000457763672,10.074999809265137,8.446268081665039,35929800.0,CMCSA
2010-11-23,122.8499984741211,122.8499984741211,121.8000030517578,121.8000030517578,62.44726181030274,200.0,CMCT
2010-11-23,9.195555686950684,9.20888900756836,8.968889236450195,9.09333324432373,8.74806022644043,89700.0,CMD
2010-11-23,57.02799987792969,57.374000549316406,55.95399856567383,56.24800109863281,37.65413665771485,3242500.0,CME
2010-11-23,240.7400054931641,244.1000061035156,238.66000366210938,243.8999938964844,243.8999938964844,892000.0,CMG
2010-11-23,93.62999725341795,95.19000244140624,93.55999755859376,94.91000366210938,75.75436401367188,1884400.0,CMI
2010-11-23,11.640000343322756,11.8100004196167,11.619999885559082,11.739999771118164,4.680081844329834,557700.0,CMO
2010-11-23,82.44999694824219,82.47000122070312,81.11000061035156,82.05000305175781,58.68110656738281,226000.0,CMP
2010-11-23,40.75,41.36000061035156,40.709999084472656,41.349998474121094,41.349998474121094,421500.0,CMPR
2010-11-23,10.949999809265137,11.25,10.81999969482422,11.079999923706056,5.61793327331543,123900.0,CMRE
2010-11-23,17.920000076293945,17.969999313354492,17.760000228881836,17.8700008392334,13.06930446624756,3492000.0,CMS
2010-11-23,5.0,5.0900001525878915,4.9099998474121085,4.9099998474121085,4.856456279754639,900.0,CMT
2010-11-23,29.270000457763672,29.56999969482422,29.01000022888184,29.53000068664551,21.203149795532227,208900.0,CMTL
2010-11-23,4.349999904632568,4.510000228881836,4.349999904632568,4.5,2.5102319717407227,64600.0,CMU
2010-11-23,26.03000068664551,26.10000038146973,25.709999084472656,25.739999771118164,19.62655258178711,308600.0,CNA
2010-11-23,24.01000022888184,24.51000022888184,24.01000022888184,24.25,21.83888053894043,2600.0,CNBKA
2010-11-23,5.764999866485597,5.8125,5.735000133514403,5.75,5.75,814800.0,CNC
2010-11-23,9.725000381469727,10.125,9.625,10.125,10.125,2000.0,CNET
2010-11-23,0.9663699865341188,0.9663699865341188,0.9663699865341188,0.9663699865341188,0.9663699865341188,0.0,CNF
2010-11-23,31.739999771118164,31.7450008392334,31.32999992370605,31.399999618530273,24.600067138671875,1734000.0,CNI
2010-11-23,17.600000381469727,17.860000610351562,17.440000534057614,17.809999465942386,13.03091049194336,656900.0,CNK
2010-11-23,21.690000534057614,21.8799991607666,21.440000534057614,21.84000015258789,19.10097312927246,71400.0,CNMD
2010-11-23,5.6599998474121085,5.730000019073486,5.610000133514403,5.71999979019165,5.0190277099609375,1914100.0,CNO
2010-11-23,7.800000190734862,7.889999866485597,7.800000190734862,7.820000171661378,6.7947306632995605,19400.0,CNOB
2010-11-23,15.760000228881836,15.829999923706055,15.640000343322756,15.760000228881836,10.686480522155762,2804100.0,CNP
2010-11-23,38.650001525878906,38.810001373291016,38.0099983215332,38.2400016784668,28.14085578918457,2184500.0,CNQ
2010-11-23,9.800000190734863,10.0,9.600000381469727,9.989999771118164,9.989999771118164,132700.0,CNR
2010-11-23,25.21999931335449,25.26000022888184,24.6299991607666,25.0,19.06806755065918,131100.0,CNS
2010-11-23,18.59000015258789,18.670000076293945,18.530000686645508,18.65999984741211,8.79603099822998,79100.0,CNSL
2010-11-23,2.3499999046325684,2.359999895095825,2.299999952316284,2.3199999332427983,2.3199999332427983,6000.0,CNTY
2010-11-23,34.683334350585945,34.95833206176758,34.316665649414055,34.64166641235352,32.88278961181641,3926500.0,CNX
2010-11-23,8.180000305175781,8.569999694824219,8.140000343322754,8.539999961853027,7.2375874519348145,72200.0,CNXN
2010-11-23,3.920000076293945,3.920000076293945,3.7799999713897705,3.869999885559082,3.792777538299561,209600.0,CO
2010-11-23,16.450000762939453,16.600000381469727,16.430000305175778,16.440000534057614,7.496156692504883,192400.0,CODI
2010-11-23,0.1550000011920929,0.17499999701976776,0.15000000596046448,0.17499999701976776,0.17499999701976776,818000.0,COE
2010-11-23,36.810001373291016,37.18000030517578,36.43999862670898,36.54999923706055,31.34351348876953,4925200.0,COF
2010-11-23,10.06802749633789,10.06802749633789,10.06802749633789,10.06802749633789,7.273045063018799,1200.0,COFS
2010-11-23,8.842499732971191,8.842499732971191,8.649999618530272,8.699999809265138,8.153133392333983,5369600.0,COG
2010-11-23,41.099998474121094,42.5,40.79999923706055,41.099998474121094,23.884700775146484,2900.0,COHN
2010-11-23,42.560001373291016,42.560001373291016,41.61000061035156,41.91999816894531,41.04319381713867,111600.0,COHR
2010-11-23,14.420000076293945,14.699999809265135,14.140000343322756,14.520000457763672,12.204243659973145,78900.0,COHU
2010-11-23,58.36999893188477,58.36999893188477,57.91999816894531,58.02000045776367,53.01644897460938,9100.0,COKE
2010-11-23,17.790000915527344,17.940000534057614,17.600000381469727,17.809999465942386,12.940194129943848,110800.0,COLB
2010-11-23,27.03499984741211,27.59000015258789,27.0,27.420000076293945,24.31121635437012,305200.0,COLM
2010-11-23,3.380000114440918,3.390000104904175,3.2999999523162837,3.2999999523162837,3.2999999523162837,159900.0,CONN
2010-11-23,51.65999984741211,51.86000061035156,51.38000106811523,51.72000122070313,51.49955368041992,414000.0,COO
2010-11-23,46.28786087036133,46.31072998046875,45.78473281860352,46.1353988647461,33.529991149902344,8995600.0,COP
2010-11-23,13.199999809265135,13.199999809265135,12.989999771118164,13.0,9.153857231140137,428900.0,COR
2010-11-23,8.649999618530272,8.8149995803833,8.649999618530272,8.767499923706055,7.8668317794799805,232400.0,CORE
2010-11-23,36.04999923706055,36.5,36.0,36.29999923706055,22.95944976806641,5900.0,CORR
2010-11-23,3.400000095367432,3.5,3.3499999046325684,3.390000104904175,3.390000104904175,70200.0,CORT
2010-11-23,27.79999923706055,27.95000076293945,26.5,26.79999923706055,26.79999923706055,38100.0,CORV
2010-11-23,66.97000122070311,67.06999969482422,66.26999664306639,66.90000152587889,52.51724624633789,2985800.0,COST
2010-11-23,29.559999465942386,29.86000061035156,29.420000076293945,29.85000038146973,29.519399642944336,17900.0,COW
2010-11-23,14.880000114440918,16.0,14.760000228881836,16.0,2.3208110332489014,55300.0,COWN
2010-11-23,64.63999938964844,64.73000335693361,63.33000183105469,63.47999954223633,55.80435180664063,450700.0,CP
2010-11-23,55.68999862670898,55.72000122070313,54.91999816894531,55.0,41.20899963378906,211400.0,CPA
2010-11-23,17.100000381469727,17.100000381469727,17.100000381469727,17.100000381469727,17.100000381469727,0.0,CPAH
2010-11-23,34.47999954223633,34.650001525878906,33.93000030517578,34.0,25.601598739624023,4915100.0,CPB
2010-11-23,5.460000038146973,5.460000038146973,5.3400001525878915,5.4099998474121085,5.4099998474121085,247100.0,CPE
2010-11-23,28.0,28.399999618530273,27.20000076293945,28.0,23.69950866699219,4900.0,CPF
2010-11-23,39.650001525878906,39.68000030517578,39.47999954223633,39.599998474121094,21.782766342163086,18100.0,CPG
2010-11-23,11.850000381469727,11.850000381469727,11.220000267028807,11.220000267028807,9.543916702270508,8200.0,CPHC
2010-11-23,2.9300000667572017,2.9600000381469727,2.8499999046325684,2.9100000858306885,2.9100000858306885,27200.0,CPHI
2010-11-23,6.8400001525878915,7.0,6.829999923706055,6.860000133514403,6.860000133514403,46300.0,CPIX
2010-11-23,24.920000076293945,25.00666618347168,24.59333419799805,24.84000015258789,18.6968994140625,40200.0,CPK
2010-11-23,58.38000106811523,58.86999893188477,58.02999877929688,58.79999923706055,21.659664154052734,15900.0,CPLP
2010-11-23,8.762499809265138,8.829999923706055,8.699999809265138,8.755000114440918,8.755000114440918,1613600.0,CPRT
2010-11-23,1.1100000143051147,1.1399999856948853,1.0499999523162842,1.1100000143051147,1.1100000143051147,16400.0,CPRX
2010-11-23,45.0,45.0,44.0,44.75,44.75,400.0,CPS
2010-11-23,1.7000000476837158,1.7000000476837158,1.7000000476837158,1.7000000476837158,1.7000000476837158,1000.0,CPSH
2010-11-23,45.95000076293945,45.95000076293945,45.5099983215332,45.72000122070313,33.34435272216797,38600.0,CPSI
2010-11-23,0.5899999737739563,0.6499999761581421,0.5600000023841858,0.6200000047683716,0.6200000047683716,21100.0,CPSS
2010-11-23,160.0,160.0,154.0,160.0,160.0,4000.0,CPST
2010-11-23,50.45000076293945,50.81999969482422,50.4000015258789,50.63000106811523,34.38088607788086,506900.0,CPT
2010-11-23,24.29999923706055,24.420000076293945,24.209999084472656,24.32010078430176,23.95486640930176,90037.0,CPZ
2010-11-23,19.739999771118164,19.799999237060547,19.600000381469727,19.670000076293945,10.8565092086792,137400.0,CQP
2010-11-23,37.86999893188477,38.150001525878906,37.560001373291016,37.849998474121094,30.94421577453613,297000.0,CR
2010-11-23,19.540000915527344,20.6299991607666,19.540000915527344,20.43000030517578,19.295917510986328,24500.0,CRAI
2010-11-23,28.684999465942386,28.684999465942386,28.684999465942386,28.684999465942386,28.52630424499512,10.0,CRC
2010-11-23,57.79999923706055,59.27999877929688,57.45000076293945,58.5,58.5,2662300.0,CREE
2010-11-23,31.0,32.299999237060554,30.5,30.79999923706055,30.79999923706055,4000.0,CREG
2010-11-23,18.269041061401367,18.288822174072266,17.705242156982422,18.110780715942386,15.33440113067627,120000.0,CRESY
2010-11-23,187.5,190.5,187.5,187.5,187.5,200.0,CREX
2010-11-23,37.72000122070313,38.20000076293945,37.68000030517578,37.7599983215332,6.402530193328857,5000.0,CRF
2010-11-23,19.309999465942386,19.420000076293945,18.989999771118164,19.059999465942386,14.1463623046875,265700.0,CRH
2010-11-23,1.3600000143051147,1.3600000143051147,1.3600000143051147,1.3600000143051147,1.3600000143051147,2000.0,CRHM
2010-11-23,30.1299991607666,30.95000076293945,30.040000915527344,30.71999931335449,27.76716232299805,1049300.0,CRI
2010-11-23,7.699999809265138,7.699999809265138,7.4000000953674325,7.5,7.5,38100.0,CRIS
2010-11-23,124.5999984741211,124.5999984741211,121.8000030517578,123.0999984741211,116.41826629638672,92500.0,CRK
2010-11-23,32.950000762939446,33.220001220703125,32.689998626708984,32.889999389648445,32.889999389648445,783000.0,CRL
2010-11-23,34.314998626708984,35.73500061035156,34.299999237060554,35.625,35.625,25506800.0,CRM
2010-11-23,6.699999809265138,6.699999809265138,5.75,6.0,6.0,4300.0,CRMD
2010-11-23,25.059999465942386,25.540000915527344,24.8700008392334,25.489999771118164,25.489999771118164,100300.0,CRMT
2010-11-23,11.0,11.0,10.649999618530273,10.859999656677246,10.859999656677246,165100.0,CRNT
2010-11-23,16.799999237060547,17.120000839233402,16.700000762939453,16.899999618530273,16.899999618530273,2110400.0,CROX
2010-11-23,35.9900016784668,36.099998474121094,35.459999084472656,35.79999923706055,30.89113044738769,251000.0,CRS
2010-11-23,40.040000915527344,40.599998474121094,40.0099983215332,40.43000030517578,19.12049102783203,12700.0,CRT
2010-11-23,15.68000030517578,16.190000534057614,15.539999961853027,15.619999885559082,15.619999885559082,7359700.0,CRUS
2010-11-23,22.88999938964844,23.13999938964844,22.65500068664551,23.13999938964844,23.13999938964844,35400.0,CRVL
2010-11-23,5.21999979019165,5.21999979019165,5.110000133514403,5.119999885559082,2.742100715637207,1800.0,CRWS
2010-11-23,5.369999885559082,5.5900001525878915,5.309999942779541,5.400000095367432,5.149054050445557,154000.0,CRY
2010-11-23,38.740234375,38.90625,38.203125,38.369140625,27.941747665405273,1230800.0,CS
2010-11-23,10.800000190734863,10.800000190734863,10.800000190734863,10.800000190734863,10.800000190734863,0.0,CSBR
2010-11-23,19.440000534057614,19.440000534057614,19.18000030517578,19.200000762939453,14.863001823425293,91969500.0,CSCO
2010-11-23,6.4099998474121085,6.6500000953674325,6.4099998474121085,6.550000190734862,6.02307653427124,151000.0,CSFL
2010-11-23,51.7599983215332,52.06999969482422,51.0,51.68000030517578,51.68000030517578,40000.0,CSGP
2010-11-23,19.0,19.11000061035156,18.940000534057614,19.059999465942386,16.483369827270508,119100.0,CSGS
2010-11-23,10.449999809265137,10.449999809265137,9.670000076293944,9.84000015258789,9.84000015258789,227100.0,CSII
2010-11-23,14.199999809265135,14.449999809265135,14.06999969482422,14.289999961853027,14.289999961853027,1128500.0,CSIQ
2010-11-23,36.22000122070313,36.540000915527344,36.11000061035156,36.52000045776367,32.27722930908203,326100.0,CSL
2010-11-23,4.5900001525878915,4.699999809265137,4.5900001525878915,4.699999809265137,2.9341628551483154,8000.0,CSPI
2010-11-23,8.9399995803833,8.970000267028809,8.880000114440918,8.899999618530273,4.049516201019287,500600.0,CSQ
2010-11-23,6.320000171661378,6.420000076293945,6.300000190734862,6.389999866485597,6.389999866485597,40200.0,CSU
2010-11-23,5.039999961853027,5.039999961853027,4.849999904632568,4.960000038146973,4.545792102813722,28900.0,CSV
2010-11-23,24.649999618530273,24.75,23.73500061035156,23.982500076293945,12.998844146728516,18000.0,CSWC
2010-11-23,20.34666633605957,20.350000381469727,20.00666618347168,20.06333351135254,16.621099472045902,11862000.0,CSX
2010-11-23,8.020999908447267,8.020999908447267,8.020999908447267,8.020999908447267,6.624242305755615,0.0,CTAA
2010-11-23,27.190000534057614,27.26000022888184,26.70000076293945,26.790000915527344,23.563518524169922,904600.0,CTAS
2010-11-23,21.13999938964844,21.3799991607666,20.8700008392334,21.040000915527344,17.986249923706055,494000.0,CTB
2010-11-23,25.06363677978516,25.236364364624023,25.0,25.19090843200684,18.00014305114746,37000.0,CTBI
2010-11-23,3.4500000476837163,3.4500000476837163,3.359999895095825,3.359999895095825,3.359999895095825,6200.0,CTEK
2010-11-23,9.5,9.970000267028807,9.380000114440918,9.93000030517578,8.976959228515625,23500.0,CTG
2010-11-23,2.150000095367432,2.190000057220459,2.1099998950958248,2.1400001049041752,2.1400001049041752,53800.0,CTHR
2010-11-23,5.460000038146973,5.690000057220459,5.199999809265137,5.510000228881836,5.408593654632568,53100.0,CTIB
2010-11-23,114.0,114.0,111.0,114.0,114.0,7300.0,CTIC
2010-11-23,42.2400016784668,42.29999923706055,41.810001373291016,42.08000183105469,19.634262084960934,3440700.0,CTL
2010-11-23,27.09000015258789,27.489999771118164,26.809999465942386,26.899999618530273,26.099842071533203,5100.0,CTO
2010-11-23,51.29999923706055,53.70000076293945,51.0,52.79999923706055,52.79999923706055,15900.0,CTRC
2010-11-23,24.0,24.6299991607666,22.93000030517578,23.60000038146973,21.929706573486328,164500.0,CTRN
2010-11-23,9.619999885559082,9.789999961853027,9.619999885559082,9.770000457763672,8.969022750854492,93500.0,CTS
2010-11-23,32.560001373291016,32.764999389648445,32.264999389648445,32.674999237060554,31.53969764709473,5183200.0,CTSH
2010-11-23,2.200000047683716,2.299999952316284,2.125,2.25,2.25,7700.0,CTSO
2010-11-23,10.18000030517578,10.18000030517578,10.18000030517578,10.18000030517578,7.290165424346924,0.0,CTV
2010-11-23,53.45596313476562,53.70281982421875,51.8394660949707,52.7950325012207,51.72864151000977,5394500.0,CTXS
2010-11-23,0.029999999329447743,0.029999999329447743,0.029999999329447743,0.029999999329447743,0.02282422408461571,3700.0,CTZ
2010-11-23,44.36000061035156,44.58000183105469,43.63000106811523,44.47000122070313,42.382625579833984,53300.0,CUB
2010-11-23,6.8499999046325675,6.860000133514403,6.800000190734862,6.809999942779541,3.987886905670166,7900.0,CUBA
2010-11-23,0.2829999923706055,0.2829999923706055,0.2829999923706055,0.2829999923706055,0.2764909863471985,3533.0,CUBB
2010-11-23,8.25,8.279999732971191,8.090000152587889,8.189999580383299,5.977238655090332,458900.0,CUBE
2010-11-23,9.600000381469727,9.600000381469727,8.699999809265138,9.300000190734863,9.300000190734863,1400.0,CUI
2010-11-23,41.34000015258789,41.34000015258789,40.63999938964844,40.86999893188477,31.24517250061035,166100.0,CUK
2010-11-23,10.239999771118164,10.56999969482422,10.140000343322754,10.359999656677246,9.41012954711914,34000.0,CULP
2010-11-23,15.75,15.75,15.75,15.75,15.75,0.0,CUO
2010-11-23,7.0900001525878915,7.1500000953674325,7.0,7.110000133514403,7.110000133514403,16300.0,CUTR
2010-11-23,21.56669044494629,21.82074737548828,21.369089126586914,21.369089126586914,19.152183532714844,110300.0,CUZ
2010-11-23,15.640000343322756,15.760000228881836,15.489999771118164,15.640000343322756,9.7171049118042,489300.0,CVA
2010-11-23,8.029999732971191,8.640000343322754,8.020000457763674,8.310000419616701,6.289643287658691,1437500.0,CVBF
2010-11-23,34.669998168945305,34.669998168945305,32.75,33.029998779296875,33.029998779296875,31000.0,CVCO
2010-11-23,5.550000190734863,5.550000190734863,5.5,5.5,4.8142499923706055,2300.0,CVCY
2010-11-23,28.520000457763672,28.81999969482422,28.399999618530273,28.649999618530273,21.598648071289066,1107600.0,CVE
2010-11-23,13.81999969482422,13.93000030517578,13.5600004196167,13.8100004196167,13.8100004196167,65700.0,CVGI
2010-11-23,22.86000061035156,23.209999084472656,22.56999969482422,23.020000457763672,19.26685905456543,38300.0,CVGW
2010-11-23,11.199999809265137,11.550000190734865,11.149999618530273,11.5,5.192464351654053,944900.0,CVI
2010-11-23,28.979999542236328,29.229999542236328,28.209999084472656,28.989999771118164,28.989999771118164,269600.0,CVLT
2010-11-23,7.0517354011535645,7.0517354011535645,6.934206485748291,6.934206485748291,5.275779247283936,1800.0,CVLY
2010-11-23,162.5,170.0,152.5,170.0,170.0,3500.0,CVM
2010-11-23,17.0,17.0,16.979999542236328,17.0,13.174113273620605,1500.0,CVR
2010-11-23,30.68000030517578,31.01000022888184,30.489999771118164,31.0,25.67426300048828,10495200.0,CVS
2010-11-23,7.5999999046325675,7.78000020980835,7.5999999046325675,7.78000020980835,7.78000020980835,8800.0,CVTI
2010-11-23,13.75,14.09000015258789,13.510000228881836,14.06999969482422,14.06999969482422,55800.0,CVU
2010-11-23,6.800000190734862,6.989999771118164,6.789999961853027,6.9000000953674325,6.9000000953674325,6200.0,CVV
2010-11-23,82.47000122070312,82.5,81.1500015258789,81.75,57.73533630371094,9507700.0,CVX
2010-11-23,29.51000022888184,30.690000534057614,29.420000076293945,30.479999542236328,28.43374443054199,334900.0,CW
2010-11-23,3.289999961853028,3.4100000858306885,3.289999961853028,3.359999895095825,3.033433198928833,1100.0,CWBC
2010-11-23,9.18000030517578,9.390000343322754,9.010000228881836,9.260000228881836,7.095212459564209,55400.0,CWCO
2010-11-23,4.429999828338623,4.429999828338623,4.309999942779541,4.369999885559082,4.369999885559082,47600.0,CWST
2010-11-23,18.350000381469727,18.565000534057614,18.28499984741211,18.5049991607666,14.35883331298828,156800.0,CWT
2010-11-23,7.191862106323242,7.215571403503418,7.073315143585205,7.097024440765381,6.918381214141847,8303400.0,CX
2010-11-23,5.5900001525878915,5.670000076293945,5.570000171661377,5.670000076293945,5.670000076293945,67100.0,CXDC
2010-11-23,4.860000133514403,4.980000019073486,4.849999904632568,4.949999809265137,2.759237766265869,131100.0,CXE
2010-11-23,9.18000030517578,9.239999771118164,9.170000076293944,9.18000030517578,5.509564399719238,15600.0,CXH
2010-11-23,78.36000061035156,78.80000305175781,77.56999969482422,78.52999877929688,77.84465026855469,742700.0,CXO
2010-11-23,24.28000068664551,24.28000068664551,23.959999084472656,24.1200008392334,11.116559028625488,515100.0,CXW
2010-11-23,15.649999618530273,15.84000015258789,15.630000114440918,15.8100004196167,11.612841606140135,2347000.0,CY
2010-11-23,3.859999895095825,3.990000009536743,3.7100000381469727,3.7799999713897705,3.7799999713897705,35400.0,CYAN
2010-11-23,8.399999618530272,8.850000381469727,8.130000114440918,8.850000381469727,8.850000381469727,8500.0,CYBE
2010-11-23,145.32000732421875,147.0,141.9600067138672,147.0,147.0,5400.0,CYCC
2010-11-23,3.9700000286102295,3.9700000286102295,3.9700000286102295,3.9700000286102295,1.8087172508239744,0.0,CYCCP
2010-11-23,24.79999923706055,25.149999618530273,24.61000061035156,24.78000068664551,13.825263023376465,181400.0,CYD
2010-11-23,26.60330581665039,26.85950469970703,26.314048767089844,26.61157035827637,26.388843536376953,1098900.0,CYH
2010-11-23,31.239999771118164,31.46999931335449,30.51000022888184,30.729999542236328,8.610984802246094,110500.0,CYOU
2010-11-23,3.539999961853028,3.5999999046325684,3.4600000381469727,3.5999999046325684,3.5999999046325684,25500.0,CYRN
2010-11-23,8.039999961853027,8.399999618530272,8.039999961853027,8.399999618530272,8.399999618530272,1300.0,CYRX
2010-11-23,13.260000228881836,13.260000228881836,12.960000038146973,13.079999923706055,13.079999923706055,14200.0,CYTK
2010-11-23,15.010000228881836,15.210000038146973,15.010000228881836,15.130000114440918,9.90065097808838,12200.0,CZNC
2010-11-23,4.199999809265137,4.199999809265137,4.199999809265137,4.199999809265137,3.8317525386810303,0.0,CZWI
2010-11-23,12.550000190734865,12.550000190734865,12.149999618530273,12.279999732971193,10.610933303833008,1177800.0,CZZ
2010-11-23,42.7599983215332,42.81999969482422,42.36999893188477,42.4900016784668,28.95748710632324,2552600.0,D
2010-11-23,55.29999923706055,55.86000061035156,53.9000015258789,54.040000915527344,54.040000915527344,3700.0,DAC
2010-11-23,5.690000057220459,5.800000190734862,5.679999828338622,5.75,5.75,10100.0,DAIO
2010-11-23,13.619999885559082,14.5,12.93000030517578,12.9399995803833,8.760810852050781,1102000.0,DAKT
2010-11-23,13.579999923706055,13.729999542236328,13.390000343322756,13.710000038146973,12.178722381591795,12173300.0,DAL
2010-11-23,14.760000228881836,15.010000228881836,14.600000381469727,14.800000190734865,13.066435813903807,2222900.0,DAN
2010-11-23,23.18000030517578,23.18000030517578,23.18000030517578,23.18000030517578,23.18000030517578,0.0,DAO
2010-11-23,11.56999969482422,11.609999656677244,11.34000015258789,11.510000228881836,11.510000228881836,686300.0,DAR
2010-11-23,50.267173767089844,50.42938995361328,49.71374130249024,49.83778762817383,42.6230583190918,1274400.0,DB
2010-11-23,31.95000076293945,32.080001831054695,31.38999938964844,31.709999084472656,24.84070014953613,261400.0,DBD
2010-11-23,19.674999237060547,20.920000076293945,19.38500022888184,19.63500022888184,14.319127082824707,2496600.0,DBI
2010-11-23,10496.6396484375,10718.400390625,10496.6396484375,10718.400390625,10718.400390625,0.0,DCAR
2010-11-23,10.430500030517578,10.430500030517578,10.430500030517578,10.430500030517578,8.82702922821045,316.0,DCF
2010-11-23,26.57500076293945,26.84000015258789,26.53000068664551,26.63999938964844,22.767047882080078,403800.0,DCI
2010-11-23,20.690000534057614,21.350000381469727,20.399999618530273,21.229999542236328,21.157590866088867,41000.0,DCO
2010-11-23,13.949999809265135,14.100000381469727,13.90999984741211,13.979999542236328,10.212227821350098,62700.0,DCOM
2010-11-23,34.669998168945305,34.799999237060554,34.419998168945305,34.790000915527344,15.934892654418945,81700.0,DCP
2010-11-23,43.99326705932617,44.20675659179688,43.50935745239258,43.86517333984375,35.62025451660156,4976700.0,DD
2010-11-23,9.140000343322754,9.34000015258789,8.899999618530273,9.31999969482422,9.31999969482422,204300.0,DDD
2010-11-23,7.510000228881836,7.510000228881836,7.429999828338622,7.460000038146973,3.584681510925293,12300.0,DDF
2010-11-23,31.540000915527344,32.720001220703125,31.45000076293945,32.240001678466804,30.89293670654297,1400000.0,DDS
2010-11-23,24.29999923706055,24.29999923706055,24.01000022888184,24.25,12.360005378723145,10800.0,DDT
2010-11-23,76.22000122070312,76.76000213623047,75.5199966430664,76.33999633789062,61.53190994262695,4195700.0,DE
2010-11-23,67.48999786376953,69.79000091552734,67.01000213623047,69.06999969482422,69.06999969482422,1604600.0,DECK
2010-11-23,16.190000534057614,16.440000534057614,16.149999618530273,16.270000457763672,12.511987686157227,1416600.0,DEI
2010-11-23,3.690000057220459,3.7200000286102295,3.5999999046325684,3.609999895095825,3.609999895095825,372900.0,DENN
2010-11-23,74.69999694824219,74.72000122070312,73.54000091552734,73.77999877929688,56.25709533691406,642500.0,DEO
2010-11-23,12.210000038146973,12.210000038146973,12.06999969482422,12.1899995803833,5.305294990539551,38100.0,DEX
2010-11-23,6000.0,6750.0,6000.0,6750.0,6750.0,0.0,DFFN
2010-11-23,18.170000076293945,18.290000915527344,18.020000457763672,18.209999084472656,15.438187599182127,3627800.0,DFS
2010-11-23,31.739999771118164,33.72999954223633,31.739999771118164,33.279998779296875,31.39702033996582,2483600.0,DG
2010-11-23,14.140000343322756,14.479999542236328,14.140000343322756,14.25,10.152420997619627,7200.0,DGICA
2010-11-23,17.260000228881836,17.260000228881836,17.260000228881836,17.260000228881836,13.267831802368164,0.0,DGICB
2010-11-23,9.699999809265137,9.770000457763672,9.579999923706056,9.68000030517578,9.68000030517578,29000.0,DGII
2010-11-23,12.399999618530273,12.399999618530273,12.079999923706055,12.079999923706055,12.079999923706055,9300.0,DGLY
2010-11-23,39.91999816894531,40.7400016784668,39.810001373291016,40.36000061035156,40.36000061035156,1373200.0,DGP
2010-11-23,49.93000030517578,50.18000030517578,49.58000183105469,49.790000915527344,41.84017562866211,1093300.0,DGX
2010-11-23,15.75,15.760000228881836,15.59000015258789,15.640000343322756,15.640000343322756,114900.0,DGZ
2010-11-23,22.61000061035156,22.770000457763672,22.3700008392334,22.489999771118164,22.050827026367188,1092500.0,DHC
2010-11-23,4.510000228881836,4.510000228881836,4.46999979019165,4.5,1.8006048202514648,202000.0,DHF
2010-11-23,10.31999969482422,10.359999656677246,10.029999732971193,10.0600004196167,9.019718170166016,6682500.0,DHI
2010-11-23,83.0,83.20999908447266,81.41999816894531,82.62000274658203,45.92376327514648,24300.0,DHIL
2010-11-23,32.683853149414055,32.76724624633789,32.403335571289055,32.638362884521484,21.150075912475586,2509600.0,DHR
2010-11-23,53.52000045776367,54.599998474121094,53.040000915527344,54.47999954223633,34.85336685180664,22400.0,DHT
2010-11-23,10.829999923706056,10.949999809265137,10.649999618530273,10.93000030517578,10.93000030517578,51200.0,DHX
2010-11-23,2.9800000190734863,2.9800000190734863,2.9500000476837163,2.970000028610229,1.1568089723587036,406700.0,DHY
2010-11-23,50.599998474121094,51.4000015258789,50.22999954223633,51.290000915527344,35.99400329589844,174800.0,DIN
2010-11-23,23.809999465942386,24.1299991607666,23.71999931335449,24.10000038146973,24.10000038146973,166100.0,DIOD
2010-11-23,36.52999877929688,36.61999893188477,36.0,36.11999893188477,31.46159172058105,11925900.0,DIS
2010-11-23,21.313234329223636,21.313234329223636,20.91466522216797,21.052631378173828,21.052631378173828,2924500.0,DISCA
2010-11-23,21.230770111083984,21.230770111083984,21.230770111083984,21.230770111083984,21.230770111083984,0.0,DISCB
2010-11-23,18.09000015258789,18.09000015258789,17.795000076293945,17.895000457763672,17.895000457763672,1585600.0,DISCK
2010-11-23,18.850000381469727,18.850000381469727,18.57999992370605,18.709999084472656,16.78013801574707,2787000.0,DISH
2010-11-23,72.0,72.6500015258789,71.5999984741211,72.5,65.59703063964844,3900.0,DIT
2010-11-23,27.6200008392334,27.6200008392334,27.6200008392334,27.6200008392334,27.6200008392334,0.0,DJCI
2010-11-23,71.5,71.5,71.5,71.5,71.5,200.0,DJCO
2010-11-23,43.349998474121094,43.849998474121094,43.290000915527344,43.790000915527344,43.790000915527344,583000.0,DJP
2010-11-23,6.960000038146973,7.079999923706055,6.949999809265138,7.059999942779541,5.450570106506348,39000.0,DK
2010-11-23,34.189998626708984,34.65999984741211,33.959999084472656,34.330001831054695,29.09811019897461,1155000.0,DKS
2010-11-23,5.019999980926514,5.050000190734863,4.920000076293945,4.940000057220459,2.622328519821167,4800.0,DL
2010-11-23,12.479999542236328,12.479999542236328,12.399999618530273,12.399999618530273,12.399999618530273,4700.0,DLA
2010-11-23,64.79000091552734,64.98000335693361,63.790000915527344,64.26999664306639,53.58367919921875,443100.0,DLB
2010-11-23,0.5,0.5,0.5,0.5,0.5,0.0,DLHC
2010-11-23,4.0,4.400000095367432,3.5999999046325684,3.5999999046325684,3.5999999046325684,600.0,DLPN
2010-11-23,50.70000076293945,51.31000137329102,50.6500015258789,51.08000183105469,33.50658416748047,1470300.0,DLR
2010-11-23,27.21500015258789,27.489999771118164,27.024999618530273,27.434999465942386,27.434999465942386,3683000.0,DLTR
2010-11-23,21.559999465942386,21.670000076293945,21.280000686645508,21.559999465942386,17.045831680297848,328200.0,DLX
2010-11-23,8.880000114440918,9.100000381469727,8.880000114440918,9.079999923706056,5.181370735168457,72400.0,DMF
2010-11-23,27.899999618530273,28.0,27.489999771118164,27.809999465942386,13.54854965209961,53500.0,DMLP
2010-11-23,21.51000022888184,21.56999969482422,21.3799991607666,21.479999542236328,6.924745082855225,31200.0,DMO
2010-11-23,28.59000015258789,28.95000076293945,28.31999969482422,28.75,27.594196319580078,15400.0,DMRC
2010-11-23,16.760000228881836,16.84000015258789,16.719999313354492,16.719999313354492,7.180280208587647,7600.0,DNI
2010-11-23,2.5,2.5299999713897705,2.440000057220459,2.509999990463257,2.509999990463257,2122800.0,DNN
2010-11-23,10.06999969482422,10.079999923706056,10.0,10.020000457763672,4.983094215393066,269200.0,DNP
2010-11-23,18.26000022888184,18.26000022888184,17.860000610351562,17.899999618530273,16.873353958129886,3244600.0,DNR
2010-11-23,66.69000244140625,66.75,65.51999664306639,65.84999847412111,51.37685012817383,1478300.0,DO
2010-11-23,37.0,37.0,37.0,37.0,37.0,0.0,DOOR
2010-11-23,18.010000228881836,18.184999465942386,17.875,18.07999992370605,17.2982177734375,117800.0,DORM
2010-11-23,36.78802108764648,36.94890213012695,36.332191467285156,36.57351303100586,28.31057548522949,1807100.0,DOV
2010-11-23,26.239999771118164,26.28000068664551,25.899999618530273,26.07999992370605,23.253093719482425,746800.0,DOX
2010-11-23,1120.0,1152.0,1120.0,1128.0,1128.0,0.0,DPW
2010-11-23,14.600000381469727,14.619999885559082,14.329999923706055,14.609999656677244,12.497482299804688,463100.0,DPZ
2010-11-23,57.75,57.9000015258789,56.75,57.5,57.5,20300.0,DQ
2010-11-23,21.299999237060547,21.299999237060547,20.5,20.700000762939453,15.346047401428224,2800.0,DRAD
2010-11-23,4.949999809265137,4.980000019073486,4.900000095367432,4.900000095367432,3.613297939300537,54200.0,DRD
2010-11-23,11.010000228881836,11.170000076293944,11.010000228881836,11.079999923706056,7.592048168182372,2259000.0,DRE
2010-11-23,9.890000343322754,10.010000228881836,9.829999923706056,9.960000038146973,6.896226406097412,671500.0,DRH
2010-11-23,43.5418701171875,44.24805068969727,43.354148864746094,43.93518447875977,31.03928565979004,2682000.0,DRI
2010-11-23,76.95999908447266,76.95999908447266,74.5999984741211,75.58999633789062,75.58999633789062,185700.0,DRQ
2010-11-23,44.95000076293945,45.70000076293945,44.95000076293945,45.63999938964844,45.63999938964844,59400.0,DRR
2010-11-23,2.7300000190734863,2.7799999713897705,2.690000057220459,2.75,2.75,203100.0,DRRX
2010-11-23,2.6203362941741943,2.6288163661956787,2.5058555603027344,2.522815704345703,1.3498438596725464,2508100.0,DS
2010-11-23,6.730000019073486,6.8499999046325675,6.730000019073486,6.8499999046325675,6.8499999046325675,5500.0,DSGX
2010-11-23,7.869999885559082,7.940000057220459,7.820000171661378,7.889999866485597,4.39923620223999,129300.0,DSM
2010-11-23,7.519999980926514,7.630000114440918,7.519999980926514,7.539999961853027,7.539999961853027,32400.0,DSPG
2010-11-23,19.479999542236328,20.600000381469727,19.479999542236328,20.600000381469727,20.600000381469727,34800.0,DSS
2010-11-23,11.729999542236328,11.880000114440918,11.640000343322756,11.850000381469727,5.8015074729919425,228800.0,DSU
2010-11-23,2.9800000190734863,3.2000000476837163,2.9800000190734863,3.2000000476837163,1.755961298942566,24700.0,DSWL
2010-11-23,12.899999618530273,12.949999809265135,12.75,12.829999923706055,12.829999923706055,690600.0,DSX
2010-11-23,45.59000015258789,45.61999893188477,45.040000915527344,45.13999938964844,31.27297592163086,1194300.0,DTE
2010-11-23,15.229999542236328,15.399999618530273,15.229999542236328,15.399999618530273,9.48410701751709,8900.0,DTF
2010-11-23,68.87999725341797,69.5,67.20999908447266,67.90000152587889,67.90000152587889,268300.0,DTO
2010-11-23,6966.7001953125,6966.7001953125,6966.7001953125,6966.7001953125,6860.65869140625,0.0,DTP
2010-11-23,51.6500015258789,51.6500015258789,51.56000137329102,51.61000061035156,51.61000061035156,500.0,DTUL
2010-11-23,48.11000061035156,48.18000030517578,48.11000061035156,48.18000030517578,48.18000030517578,600.0,DTUS
2010-11-23,52.52999877929688,52.65999984741211,52.099998474121094,52.25,52.25,15800.0,DTYL
2010-11-23,12.029999732971193,12.09000015258789,11.84000015258789,12.029999732971193,6.562667846679688,106600.0,DUC
2010-11-23,52.77000045776367,52.86000061035156,52.349998474121094,52.709999084472656,36.30133438110352,2080600.0,DUK
2010-11-23,2.059999942779541,2.190000057220459,2.0299999713897705,2.1400001049041752,2.1400001049041752,132264.0,DUO
2010-11-23,36.334999084472656,36.334999084472656,36.01499938964844,36.17499923706055,36.17499923706055,1143400.0,DVA
2010-11-23,19.899999618530273,19.899999618530273,19.100000381469727,19.200000762939453,19.200000762939453,188900.0,DVAX
2010-11-23,1.7699999809265137,1.809999942779541,1.75,1.809999942779541,1.4184901714324951,3300.0,DVD
2010-11-23,71.5,71.52999877929688,70.66999816894531,70.87000274658203,62.12869644165039,2526700.0,DVN
2010-11-23,8.318756103515625,8.396501541137695,8.111434936523438,8.189180374145508,7.811704158782959,5500.0,DWSN
2010-11-23,32.040000915527344,32.130001068115234,31.5,31.559999465942386,19.84685707092285,67100.0,DX
2010-11-23,24.0,24.26000022888184,23.81999969482422,24.20000076293945,13.195438385009766,117200.0,DXB
2010-11-23,22.57024383544922,22.60502052307129,22.38145446777344,22.5106258392334,12.617117881774902,1844500.0,DXC
2010-11-23,11.729999542236328,11.859999656677244,11.609999656677244,11.8100004196167,11.8100004196167,196200.0,DXCM
2010-11-23,132.0,137.27999877929688,117.0,119.4000015258789,119.4000015258789,436900.0,DXF
2010-11-23,4.900000095367432,4.929999828338623,4.800000190734863,4.829999923706055,4.829999923706055,86000.0,DXLG
2010-11-23,20.90999984741211,21.049999237060547,20.09000015258789,20.59000015258789,20.59000015258789,29900.0,DXPE
2010-11-23,9.199999809265137,9.199999809265137,9.199999809265137,9.199999809265137,7.974502086639403,200.0,DXR
2010-11-23,3.5,3.5499999523162837,3.220000028610229,3.369999885559082,3.369999885559082,11700.0,DXYN
2010-11-23,11.170000076293944,12.550000190734865,11.170000076293944,12.470000267028807,12.470000267028807,1283100.0,DY
2010-11-23,2.1600000858306885,2.289999961853028,2.0,2.0,2.0,71100.0,DYAI
2010-11-23,3.2999999523162837,3.3499999046325684,3.2000000476837163,3.3499999046325684,3.3499999046325684,300.0,DYNT
2010-11-23,13.050000190734865,13.600000381469727,13.0,13.25,13.25,17100.0,DZSI
2010-11-23,8.649999618530272,8.649999618530272,8.449999809265138,8.529999732971191,8.529999732971191,1000000.0,DZZ
2010-11-23,42.81999969482422,42.97000122070313,42.33000183105469,42.47999954223633,24.41882133483887,1221900.0,E
2010-11-23,15.279999732971193,15.279999732971193,14.829999923706055,14.850000381469727,14.850000381469727,6757100.0,EA
2010-11-23,9.899999618530273,9.9399995803833,9.850000381469727,9.899999618530273,4.180948257446288,116300.0,EAD
2010-11-23,19.01000022888184,19.450000762939453,18.950000762939453,19.36000061035156,14.724153518676758,2101200.0,EAT
2010-11-23,12.727272987365724,12.777777671813965,12.47895622253418,12.702020645141602,12.455888748168945,28633400.0,EBAY
2010-11-23,16.180000305175778,16.520000457763672,16.129999160766598,16.420000076293945,11.011186599731444,71600.0,EBF
2010-11-23,21.399999618530273,21.5,20.780000686645508,21.170000076293945,19.7269344329834,629700.0,EBIX
2010-11-23,10.0,10.0,10.0,10.0,8.015302658081055,300.0,EBMT
2010-11-23,13.050000190734865,13.079999923706055,12.869999885559082,12.9399995803833,10.997575759887695,711300.0,EBR
2010-11-23,17.709999084472656,17.8799991607666,17.360000610351562,17.75,17.75,99400.0,EBS
2010-11-23,4.313725471496582,4.379085063934326,4.276960849761963,4.3668298721313485,4.128344535827637,84900.0,EBSB
2010-11-23,11.399999618530273,11.5,11.399999618530273,11.399999618530273,9.240300178527832,700.0,EBTC
2010-11-23,42.56999969482422,43.0,42.36999893188477,42.75,29.50158882141113,141900.0,EC
2010-11-23,7.039999961853027,7.059999942779541,6.989999771118164,7.010000228881836,4.222428321838379,26500.0,ECF
2010-11-23,10.43000030517578,10.9399995803833,10.289999961853027,10.859999656677246,10.859999656677246,154500.0,ECHO
2010-11-23,48.65999984741211,48.68000030517578,48.08000183105469,48.41999816894531,43.20491409301758,1104400.0,ECL
2010-11-23,16.5,16.520000457763672,16.059999465942386,16.370000839233402,13.379180908203125,58600.0,ECOL
2010-11-23,18.5,18.86000061035156,18.299999237060547,18.799999237060547,18.799999237060547,69700.0,ECPG
2010-11-23,26.5,26.8799991607666,25.6200008392334,25.809999465942386,7.499791622161865,159800.0,ECT
2010-11-23,48.38000106811523,48.459999084472656,48.06000137329102,48.2400016784668,33.571224212646484,2094400.0,ED
2010-11-23,4.599999904632568,4.650000095367432,4.4099998474121085,4.579999923706055,4.579999923706055,295600.0,EDAP
2010-11-23,17.139999389648438,17.139999389648438,16.930000305175778,17.0,7.288435935974121,310900.0,EDD
2010-11-23,10.140000343322754,10.760000228881836,10.010000228881836,10.739999771118164,10.739999771118164,100800.0,EDN
2010-11-23,407.3999938964844,424.20001220703125,407.3999938964844,424.20001220703125,424.20001220703125,0.0,EDSA
2010-11-23,26.75,27.07250022888184,26.302499771118164,26.34499931335449,24.697120666503906,755200.0,EDU
2010-11-23,3.1749999523162837,3.2000000476837163,3.0999999046325684,3.2000000476837163,1.151633620262146,3400.0,EDUC
2010-11-23,26.489999771118164,26.489999771118164,26.229999542236328,26.38999938964844,20.53218078613281,177000.0,EE
2010-11-23,7.230000019073486,7.230000019073486,7.130000114440918,7.1500000953674325,6.125082015991211,13000.0,EEA
2010-11-23,16.930000305175778,17.030000686645508,16.600000381469727,16.850000381469727,16.850000381469727,157800.0,EEFT
2010-11-23,9.0600004196167,9.0600004196167,9.0600004196167,9.0600004196167,9.0600004196167,400.0,EEH
2010-11-23,22.200000762939453,22.399999618530273,22.200000762939453,22.399999618530273,7.056413173675537,27100.0,EFC
2010-11-23,10.100000381469727,10.100000381469727,9.699999809265137,10.0,10.0,7300.0,EFOI
2010-11-23,15.699999809265135,15.920000076293945,15.699999809265135,15.890000343322756,8.435429573059082,118300.0,EFR
2010-11-23,10.260000228881836,10.390000343322754,10.210000038146973,10.229999542236328,8.996855735778809,35300.0,EFSC
2010-11-23,16.219999313354492,16.34000015258789,16.149999618530273,16.299999237060547,8.932392120361328,96100.0,EFT
2010-11-23,34.130001068115234,34.279998779296875,33.93000030517578,34.09999847412109,30.08532905578613,527000.0,EFX
2010-11-23,1.0599999427795408,1.190000057220459,1.0599999427795408,1.190000057220459,1.190000057220459,5400.0,EGAN
2010-11-23,11.590909004211426,11.64545440673828,11.372727394104006,11.5,11.34215259552002,28800.0,EGBN
2010-11-23,16.200000762939453,16.290000915527347,16.129999160766598,16.239999771118164,10.608087539672852,38400.0,EGF
2010-11-23,2.9800000190734863,2.9800000190734863,2.900000095367432,2.9600000381469727,2.9600000381469727,773500.0,EGHT
2010-11-23,7497.4111328125,7555.6435546875,7380.94677734375,7468.294921875,7468.294921875,1100.0,EGLE
2010-11-23,86.1500015258789,86.55000305175781,85.0,85.69999694824219,82.28607177734375,673800.0,EGO
2010-11-23,8.569999694824219,8.569999694824219,8.369999885559082,8.409999847412111,6.710844039916992,116800.0,EGOV
2010-11-23,38.88000106811523,39.09000015258789,38.52000045776367,38.90999984741211,27.2421817779541,133400.0,EGP
2010-11-23,7.4000000953674325,7.5349998474121085,7.3499999046325675,7.46999979019165,7.46999979019165,243800.0,EGY
2010-11-23,18.38999938964844,18.51000022888184,18.239999771118164,18.299999237060547,15.853116035461426,575800.0,EHC
2010-11-23,12.989999771118164,13.010000228881836,12.850000381469727,12.90999984741211,5.406057834625244,113700.0,EHI
2010-11-23,14.380000114440918,14.6899995803833,14.34000015258789,14.649999618530273,14.649999618530273,92400.0,EHTH
2010-11-23,5.873869895935059,5.873869895935059,5.873869895935059,5.873869895935059,5.873869895935059,22200.0,EIC
2010-11-23,15.979999542236328,16.110000610351562,15.84000015258789,15.989999771118164,14.020135879516602,92600.0,EIG
2010-11-23,12.34000015258789,12.529999732971193,12.279999732971193,12.470000267028807,7.2802085876464835,141500.0,EIM
2010-11-23,37.38999938964844,37.43000030517578,36.86000061035156,37.150001525878906,27.40690040588379,1817300.0,EIX
2010-11-23,37.80500030517578,37.935001373291016,37.584999084472656,37.77000045776367,32.91015243530273,2872400.0,EL
2010-11-23,29705.19921875,30208.599609375,30208.599609375,30082.80078125,30082.80078125,5720.0,ELC
2010-11-23,56.599998474121094,57.29999923706055,54.79999923706055,57.0,57.0,14700.0,ELGX
2010-11-23,5.9000000953674325,6.300000190734862,5.0,6.300000190734862,6.130645275115968,1900.0,ELLO
2010-11-23,3.400000095367432,3.400000095367432,3.400000095367432,3.400000095367432,3.400000095367432,100.0,ELMD
2010-11-23,520.0,540.0,520.0,520.0,520.0,0.0,ELOX
2010-11-23,24.31999969482422,24.38999938964844,23.84000015258789,24.270000457763672,16.325275421142578,329900.0,ELP
2010-11-23,13.557499885559082,13.640000343322756,13.46500015258789,13.522500038146973,7.512584209442139,1098400.0,ELS
2010-11-23,4.099999904632568,4.099999904632568,4.099999904632568,4.099999904632568,3.7214787006378174,0.0,ELSE
2010-11-23,5.9000000953674325,5.9000000953674325,5.6500000953674325,5.699999809265138,5.699999809265138,5200.0,ELTK
2010-11-23,7.489999771118164,7.539999961853027,7.4000000953674325,7.519999980926514,7.225139141082764,500100.0,ELY
2010-11-23,5.119999885559082,5.230000019073486,4.889999866485597,5.139999866485597,4.998402118682861,189200.0,EMAN
2010-11-23,16.209999084472653,16.209999084472653,16.209999084472653,16.209999084472653,11.381288528442385,0.0,EMCF
2010-11-23,18.920000076293945,19.13999938964844,18.8799991607666,19.049999237060547,9.10493278503418,108200.0,EMD
2010-11-23,25.6299991607666,25.979999542236328,25.59000015258789,25.940000534057614,24.65569496154785,435900.0,EME
2010-11-23,22.70000076293945,22.70000076293945,21.75,22.15999984741211,13.401862144470215,132900.0,EMF
2010-11-23,5.1599998474121085,5.239999771118164,5.079999923706055,5.079999923706055,3.90407395362854,46400.0,EMKR
2010-11-23,17.610000610351562,17.6200008392334,17.0,17.5,14.336210250854492,3000.0,EML
2010-11-23,2.2180449962615967,2.44360899925232,2.1804511547088623,2.44360899925232,2.44360899925232,41500.0,EMMS
2010-11-23,39.09000015258789,39.15499877929688,38.61000061035156,38.88000106811523,30.13559150695801,1691800.0,EMN
2010-11-23,15.899999618530273,15.899999618530273,15.880000114440918,15.880000114440918,15.880000114440918,120.0,EMP
2010-11-23,54.91999816894531,55.20000076293945,54.540000915527344,55.099998474121094,41.13654327392578,3958900.0,EMR
2010-11-23,2.5799999237060547,2.630000114440918,2.5799999237060547,2.5899999141693115,2.5899999141693115,9300.0,EMX
2010-11-23,27.85000038146973,28.040000915527344,27.72500038146973,27.80500030517578,17.15042495727539,455000.0,ENB
2010-11-23,35.31999969482422,35.59000015258789,35.049999237060554,35.400001525878906,35.400001525878906,891400.0,ENDP
2010-11-23,2.9800000190734863,3.0199999809265137,2.9500000476837163,2.9800000190734863,2.9800000190734863,48400.0,ENG
2010-11-23,12.571160316467285,12.624563217163086,12.49105453491211,12.56581974029541,7.981086254119872,278100.0,ENIA
2010-11-23,9.529999732971193,9.630000114440918,9.369999885559082,9.449999809265137,5.7577338218688965,259800.0,ENLC
2010-11-23,68.63999938964844,69.08000183105469,68.08000183105469,68.80999755859375,58.08675003051758,474900.0,ENR
2010-11-23,30.940000534057614,30.940000534057614,30.03000068664551,30.290000915527344,28.211584091186523,564300.0,ENS
2010-11-23,5.3228487968444815,5.340710639953613,5.261608123779297,5.335607528686523,4.987914085388184,243300.0,ENSG
2010-11-23,0.44999998807907104,0.44999998807907104,0.41999998688697815,0.41999998688697815,0.41999998688697815,2300.0,ENSV
2010-11-23,6.3400001525878915,6.4099998474121085,6.230000019073486,6.4099998474121085,6.283571720123291,1080700.0,ENTG
2010-11-23,15.970000267028807,15.970000267028807,14.979999542236328,15.609999656677244,11.468571662902832,56100.0,ENV
2010-11-23,12.800000190734865,12.850000381469727,12.699999809265135,12.739999771118164,7.766871452331543,33500.0,ENX
2010-11-23,4.260000228881837,4.2899999618530265,4.139999866485597,4.269999980926514,4.269999980926514,81200.0,ENZ
2010-11-23,10.09000015258789,10.140000343322754,10.0600004196167,10.119999885559082,3.695488691329956,176800.0,EOD
2010-11-23,45.57500076293945,45.599998474121094,44.25,44.349998474121094,40.61064529418945,5899600.0,EOG
2010-11-23,13.09000015258789,13.140000343322756,13.039999961853027,13.140000343322756,6.132984161376952,83800.0,EOI
2010-11-23,12.93000030517578,13.06999969482422,12.93000030517578,13.0600004196167,6.1294846534729,133100.0,EOS
2010-11-23,20.32999992370605,20.3700008392334,20.020000457763672,20.280000686645508,12.333630561828613,48500.0,EOT
2010-11-23,19.01000022888184,19.01000022888184,18.57999992370605,18.71999931335449,18.71999931335449,106500.0,EPAY
2010-11-23,50.88213348388672,51.20830154418945,50.46701431274414,51.008155822753906,48.18166732788086,640600.0,EPC
2010-11-23,21.200000762939453,21.51000022888184,21.049999237060547,21.51000022888184,10.746515274047852,2172400.0,EPD
2010-11-23,5.889999866485597,5.949999809265138,5.813000202178955,5.880000114440918,4.3306827545166025,26900.0,EPM
2010-11-23,46.4900016784668,46.93999862670898,46.04999923706055,46.75,25.637582778930664,290600.0,EPR
2010-11-23,2.7300000190734863,2.759999990463257,2.690000057220459,2.690000057220459,2.690000057220459,16300.0,EPSN
2010-11-23,3.6800000667572017,3.7200000286102295,3.5999999046325684,3.7200000286102295,3.7200000286102295,9766.0,EQ
2010-11-23,24.86000061035156,25.149999618530273,24.85000038146973,24.88999938964844,16.219694137573242,261600.0,EQC
2010-11-23,81.75,82.44999694824219,80.1500015258789,80.86000061035156,66.89512634277344,1019000.0,EQIX
2010-11-23,20.530000686645508,20.549999237060547,20.270000457763672,20.420000076293945,12.92790699005127,2681700.0,EQNR
2010-11-23,49.25,49.7599983215332,49.25,49.63000106811523,32.924732208251946,2296000.0,EQR
2010-11-23,2.0299999713897705,2.039999961853028,2.009999990463257,2.0299999713897705,2.0299999713897705,14400.0,EQS
2010-11-23,22.00326538085937,22.03592872619629,21.714752197265625,21.774633407592773,19.778547286987305,1270200.0,EQT
2010-11-23,15.800000190734865,15.880000114440918,15.710000038146973,15.84000015258789,6.941424369812013,121700.0,ERC
2010-11-23,27.84000015258789,28.04999923706055,27.5,27.71999931335449,16.968120574951172,605600.0,ERF
2010-11-23,11.8100004196167,11.8100004196167,11.6899995803833,11.779999732971193,5.96916389465332,33300.0,ERH
2010-11-23,0.032000001519918435,0.032000001519918435,0.032000001519918435,0.032000001519918435,0.032000001519918435,0.0,ERI
2010-11-23,10.289999961853027,10.31999969482422,10.199999809265137,10.260000228881836,7.250816822052003,3815900.0,ERIC
2010-11-23,61.40999984741211,62.38999938964844,61.099998474121094,61.83000183105469,45.89995956420898,42400.0,ERIE
2010-11-23,3.5799999237060547,3.5799999237060547,3.2999999523162837,3.3499999046325684,3.3499999046325684,399500.0,ERII
2010-11-23,28.54999923706055,28.809999465942386,28.440000534057614,28.770000457763672,25.453710556030273,484400.0,ERJ
2010-11-23,31.440000534057614,31.54999923706055,31.1200008392334,31.440000534057614,23.061908721923828,1508600.0,ES
2010-11-23,13.0263671875,13.0263671875,12.98701286315918,12.98701286315918,8.33079719543457,500.0,ESBK
2010-11-23,5.389999866485597,5.389999866485597,5.28000020980835,5.389999866485597,3.6573541164398193,9100.0,ESCA
2010-11-23,35.0,35.36999893188477,34.389999389648445,34.97999954223633,32.59705352783203,127100.0,ESE
2010-11-23,312.79998779296875,328.0,311.20001220703125,316.0,259.53729248046875,1000.0,ESEA
2010-11-23,85.43000030517578,85.48999786376953,83.26000213623047,84.20999908447266,84.20999908447266,16800.0,ESGR
2010-11-23,49.5,49.68000030517578,49.27000045776367,49.29999923706055,38.56196975708008,16400.0,ESLT
2010-11-23,24.79999923706055,25.25,24.54999923706055,24.90999984741211,17.254108428955078,18900.0,ESP
2010-11-23,107.9000015258789,108.9499969482422,107.76000213623048,108.4000015258789,81.43525695800781,207500.0,ESS
2010-11-23,12.380000114440918,12.600000381469727,12.380000114440918,12.579999923706055,10.093228340148926,14800.0,ESSA
2010-11-23,11.0,11.0,10.5,11.0,11.0,200.0,ESTE
2010-11-23,0.8199999928474426,0.8500000238418579,0.8100000023841858,0.8100000023841858,0.7931694388389587,16900.0,ESXB
2010-11-23,9.835000038146973,9.897500038146973,9.774999618530273,9.897500038146973,3.2521479129791264,1052800.0,ET
2010-11-23,14.770000457763672,14.84000015258789,14.699999809265135,14.739999771118164,6.668396949768066,37100.0,ETB
2010-11-23,14.789999961853027,15.029999732971193,14.649999618530273,14.699999809265135,14.436180114746096,3244500.0,ETFC
2010-11-23,14.050000190734865,14.050000190734865,13.869999885559082,13.979999542236328,6.603329181671143,174200.0,ETG
2010-11-23,16.319999694824222,16.780000686645508,16.100000381469727,16.290000915527347,13.114171028137207,241800.0,ETH
2010-11-23,13.109999656677244,13.229999542236328,13.109999656677244,13.199999809265135,5.017875671386719,553300.0,ETJ
2010-11-23,8.130000114440918,8.399999618530272,8.130000114440918,8.390000343322754,7.295579433441162,143800.0,ETM
2010-11-23,48.0250015258789,48.31499862670898,47.3849983215332,47.90499877929688,21.305980682373047,3275000.0,ETN
2010-11-23,20.09000015258789,20.09000015258789,19.780000686645508,19.899999618530273,8.466458320617676,42600.0,ETO
2010-11-23,4.519999980926514,4.519999980926514,4.519999980926514,4.519999980926514,4.519999980926514,516532.0,ETON
2010-11-23,72.97000122070312,72.97000122070312,71.80000305175781,72.3499984741211,47.52453994750977,1558400.0,ETR
2010-11-23,13.460000038146973,13.479999542236328,13.380000114440918,13.4399995803833,5.470445156097412,180000.0,ETV
2010-11-23,12.729999542236328,12.770000457763672,12.649999618530273,12.75,4.920617580413818,328600.0,ETW
2010-11-23,11.420000076293945,11.550000190734865,11.369999885559082,11.449999809265135,4.7123684883117685,789900.0,ETY
2010-11-23,30.149999618530273,31.76000022888184,29.13999938964844,29.46999931335449,22.099754333496094,3490100.0,EV
2010-11-23,13.550000190734865,13.550000190734865,13.5,13.5,10.20159149169922,1000.0,EVBN
2010-11-23,2.3299999237060547,2.4200000762939453,2.289999961853028,2.400000095367432,1.7023727893829346,97700.0,EVC
2010-11-23,7.03000020980835,7.070000171661378,7.03000020980835,7.059999942779541,3.9292082786560063,103900.0,EVF
2010-11-23,17.379999160766598,17.59000015258789,17.379999160766598,17.549999237060547,9.150094032287598,59200.0,EVG
2010-11-23,4.809999942779541,4.809999942779541,4.809999942779541,4.809999942779541,4.809999942779541,0.0,EVGN
2010-11-23,1.0599999427795408,1.0599999427795408,1.0599999427795408,1.0599999427795408,0.5696800947189331,0.0,EVI
2010-11-23,2.25,2.25,1.7799999713897705,2.0799999237060547,2.0799999237060547,19500.0,EVK
2010-11-23,11.710000038146973,11.850000381469727,11.68000030517578,11.800000190734865,6.993964195251465,34700.0,EVM
2010-11-23,11.949999809265135,11.979999542236328,11.770000457763672,11.880000114440918,6.587528705596924,49300.0,EVN
2010-11-23,7.9000000953674325,7.9000000953674325,7.820000171661378,7.869999885559082,3.4582309722900386,22800.0,EVOL
2010-11-23,30.57999992370605,30.90999984741211,30.13999938964844,30.270000457763672,24.13032531738281,167600.0,EVR
2010-11-23,25.04999923706055,25.21999931335449,24.93000030517578,25.21999931335449,17.641948699951172,1432700.0,EVRG
2010-11-23,2.5699999332427983,2.5899999141693115,2.369999885559082,2.380000114440918,2.380000114440918,1700900.0,EVRI
2010-11-23,21.75,22.0,19.5,22.0,22.0,100.0,EVSI
2010-11-23,16.020000457763672,16.059999465942386,15.890000343322756,16.030000686645508,7.783914566040039,163100.0,EVT
2010-11-23,16.190000534057614,16.270000457763672,15.760000228881836,16.129999160766598,7.782713413238525,283600.0,EVV
2010-11-23,13.25,13.300000190734865,13.199999809265135,13.199999809265135,7.883308410644531,5400.0,EVY
2010-11-23,33.27000045776367,33.27000045776367,32.529998779296875,32.72499847412109,32.72499847412109,862000.0,EW
2010-11-23,16.75,17.040000915527347,16.680000305175778,16.819999694824222,14.239118576049805,849700.0,EWBC
2010-11-23,5.6500000953674325,5.800000190734862,5.480000019073486,5.510000228881836,5.510000228881836,966600.0,EXAS
2010-11-23,39.63999938964844,39.7400016784668,39.400001525878906,39.58000183105469,26.904720306396484,3560100.0,EXC
2010-11-23,18.520000457763672,18.670000076293945,18.21999931335449,18.549999237060547,7.441781997680664,57200.0,EXD
2010-11-23,5.800000190734862,5.9000000953674325,5.670000076293945,5.690000057220459,5.690000057220459,1412300.0,EXEL
2010-11-23,6.039999961853027,6.050000190734862,5.989999771118164,6.010000228881836,6.010000228881836,3800.0,EXFO
2010-11-23,10.890000343322754,10.949999809265137,10.75,10.850000381469727,4.091378688812257,1217400.0,EXG
2010-11-23,6.019999980926514,6.1500000953674325,5.869999885559082,6.070000171661378,5.8996686935424805,1733600.0,EXK
2010-11-23,20.40999984741211,20.799999237060547,20.26000022888184,20.700000762939453,20.700000762939453,54000.0,EXLS
2010-11-23,24.95000076293945,25.09000015258789,24.57999992370605,24.790000915527344,23.23867034912109,323500.0,EXP
2010-11-23,51.0,51.15999984741211,50.36000061035156,51.04999923706055,44.86574172973633,1319800.0,EXPD
2010-11-23,51.2599983215332,51.27999877929688,50.06000137329102,50.72000122070313,33.80860137939453,2138600.0,EXPE
2010-11-23,8.252499580383299,8.292499542236326,8.162500381469728,8.265000343322754,7.575456142425537,95600.0,EXPO
2010-11-23,14.6899995803833,15.0,14.470000267028807,14.619999885559082,14.138965606689453,261300.0,EXPR
2010-11-23,15.579999923706055,15.779999732971193,15.520000457763672,15.640000343322756,11.408692359924315,528000.0,EXR
2010-11-23,2.809999942779541,2.8299999237060547,2.7699999809265137,2.8199999332427983,2.8199999332427983,173000.0,EXTR
2010-11-23,5.179999828338623,5.579999923706055,5.119999885559082,5.579999923706055,5.579999923706055,100700.0,EYPT
2010-11-23,24.43000030517578,24.690000534057614,24.28000068664551,24.61000061035156,24.61000061035156,146700.0,EZPW
2010-11-23,16.010000228881836,16.15999984741211,15.619999885559082,15.699999809265135,11.03549575805664,96689100.0,F
2010-11-23,13.739999771118164,13.899999618530273,13.510000228881836,13.699999809265135,10.715895652770996,372100.0,FAF
2010-11-23,17.489999771118164,17.489999771118164,17.360000610351562,17.40999984741211,7.4519362449646,34600.0,FAM
2010-11-23,21.920000076293945,22.21999931335449,18.5,19.0,16.749282836914062,3946200.0,FANH
2010-11-23,16.879999160766598,17.0,16.639999389648438,16.879999160766598,16.804473876953125,3200.0,FARM
2010-11-23,26.75,27.190000534057614,26.690000534057614,27.06999969482422,27.06999969482422,19700.0,FARO
2010-11-23,13.06999969482422,13.170000076293945,12.970000267028807,13.162500381469727,10.366520881652832,3377600.0,FAST
2010-11-23,6.809999942779541,6.869999885559082,6.809999942779541,6.860000133514403,3.357778787612915,564800.0,FAX
2010-11-23,12.399999618530273,12.600000381469727,12.300000190734865,12.300000190734865,12.224205017089846,129900.0,FBC
2010-11-23,7.0250000953674325,7.2249999046325675,6.9749999046325675,7.170000076293945,5.893747806549072,27200.0,FBIZ
2010-11-23,9.0,9.0,9.0,9.0,8.165308952331543,0.0,FBMS
2010-11-23,13.59000015258789,14.0,13.59000015258789,13.90999984741211,11.60079860687256,18400.0,FBNC
2010-11-23,3.900000095367432,4.050000190734863,3.900000095367432,3.900000095367432,3.811116933822632,65200.0,FBP
2010-11-23,12.90999984741211,12.90999984741211,12.90999984741211,12.90999984741211,9.588376998901367,100.0,FBSS
2010-11-23,7.9000000953674325,8.090000152587889,7.809999942779541,8.039999961853027,8.039999961853027,62300.0,FC
2010-11-23,15.15999984741211,15.15999984741211,15.15999984741211,15.15999984741211,11.180401802062988,400.0,FCAP
2010-11-23,5.159460544586182,5.159460544586182,5.159460544586182,5.159460544586182,4.49323034286499,900.0,FCAU
2010-11-23,13.579999923706055,13.760000228881836,13.579999923706055,13.65999984741211,10.23703384399414,17400.0,FCBC
2010-11-23,5.239999771118164,5.25,5.239999771118164,5.25,4.309839725494385,900.0,FCCO
2010-11-23,6.444228649139403,6.444228649139403,6.444228649139403,6.444228649139403,6.138907909393311,0.0,FCCY
2010-11-23,180.0,181.44000244140625,172.8000030517578,174.24000549316406,174.24000549316406,8800.0,FCEL
2010-11-23,6.199999809265138,6.3400001525878915,6.199999809265138,6.289999961853027,4.860085487365723,404700.0,FCF
2010-11-23,27.75,28.31999969482422,27.440000534057614,28.290000915527344,26.84607315063477,125700.0,FCFS
2010-11-23,35.0,36.15999984741211,34.990001678466804,35.95000076293945,35.95000076293945,403400.0,FCN
2010-11-23,177.24000549316406,180.00999450683594,176.77000427246094,178.27000427246094,170.00155639648438,6200.0,FCNCA
2010-11-23,12.5600004196167,12.68000030517578,12.529999732971193,12.600000381469727,5.518235206604004,33400.0,FCO
2010-11-23,13.579999923706055,13.670000076293945,13.539999961853027,13.640000343322756,7.46637487411499,68800.0,FCT
2010-11-23,50.0,50.04499816894531,48.96500015258789,49.349998474121094,38.45121383666992,22066000.0,FCX
2010-11-23,11.833333015441895,11.833333015441895,11.833333015441895,11.833333015441895,7.6104736328125,2500.0,FDBC
2010-11-23,5.860000133514403,5.960000038146973,5.78000020980835,5.860000133514403,4.870570182800293,17000.0,FDEF
2010-11-23,21.90999984741211,22.0,21.649999618530273,21.93000030517578,19.333311080932614,169700.0,FDP
2010-11-23,89.37000274658203,89.41999816894531,88.44999694824219,88.77999877929688,79.11913299560547,135100.0,FDS
2010-11-23,86.31999969482422,86.9000015258789,85.80999755859375,86.13999938964844,79.71954345703125,1614300.0,FDX
2010-11-23,35.81999969482422,35.81999969482422,35.290000915527344,35.400001525878906,23.039852142333984,3134300.0,FE
2010-11-23,6.039999961853027,6.110000133514403,6.0,6.0,5.857481956481934,9100.0,FEIM
2010-11-23,19.149999618530273,19.149999618530273,18.674999237060547,18.950000762939453,17.161449432373047,126600.0,FELE
2010-11-23,26.309999465942386,26.670000076293945,26.20000076293945,26.20000076293945,12.428285598754885,96200.0,FEN
2010-11-23,21.8799991607666,21.959999084472656,21.690000534057614,21.93000030517578,9.615557670593262,21700.0,FEO
2010-11-23,11.729999542236328,11.84000015258789,11.6899995803833,11.710000038146973,5.858657360076903,69100.0,FFA
2010-11-23,16.520000457763672,16.629999160766598,16.440000534057614,16.540000915527347,11.082382202148438,239000.0,FFBC
2010-11-23,16.670000076293945,16.75,16.5,16.649999618530273,7.764025688171388,112100.0,FFC
2010-11-23,27.15999984741211,27.190000534057614,26.739999771118164,27.059999465942386,19.5222110748291,48900.0,FFG
2010-11-23,8.239999771118164,8.680000305175781,8.039999961853027,8.560000419616701,8.560000419616701,10400.0,FFHL
2010-11-23,12.90999984741211,13.380000114440918,12.68000030517578,13.300000190734865,9.640170097351074,77400.0,FFIC
2010-11-23,7.960000038146973,8.083333015441895,7.938333511352539,8.026666641235353,6.569144248962402,197200.0,FFIN
2010-11-23,129.64999389648438,131.5,127.20999908447266,129.13999938964844,129.13999938964844,2303000.0,FFIV
2010-11-23,3.380000114440918,3.559999942779541,3.3499999046325684,3.4100000858306885,2.986945152282715,44700.0,FFNW
2010-11-23,7.360000133514403,7.449999809265138,7.1500000953674325,7.449999809265138,3.045439958572388,40200.0,FGB
2010-11-23,1065.0,1065.0,1040.0,1040.0,922.6265869140624,13045.0,FHB
2010-11-23,9.56999969482422,9.699999809265137,9.5,9.529999732971193,7.984640598297119,2485400.0,FHN
2010-11-23,14.020000457763672,14.140000343322756,13.90999984741211,14.06999969482422,10.553597450256348,39300.0,FIBK
2010-11-23,23.35000038146973,23.6299991607666,23.20000076293945,23.520000457763672,23.27829742431641,245600.0,FICO
2010-11-23,0.8100000023841858,0.8199999928474426,0.8100000023841858,0.8199999928474426,0.7785142660140991,12773.0,FINS
2010-11-23,27.290000915527344,27.309999465942386,26.979999542236328,27.040000915527344,23.510120391845703,930100.0,FIS
2010-11-23,17.709999084472656,17.989999771118164,17.670000076293945,17.920000076293945,13.219366073608398,9300.0,FISI
2010-11-23,13.99250030517578,13.994999885559082,13.737500190734865,13.792499542236328,13.792499542236328,3291600.0,FISV
2010-11-23,11.9399995803833,12.050000190734865,11.779999732971193,11.779999732971193,9.163506507873537,10792600.0,FITB
2010-11-23,130.0,130.94000244140622,130.0,130.66000366210938,125.17937469482422,7340.0,FITBP
2010-11-23,10.9399995803833,11.199999809265137,10.890000343322754,11.130000114440918,9.907069206237793,62200.0,FIX
2010-11-23,13.960000038146973,14.130000114440918,13.899999618530273,13.920000076293945,9.358255386352539,16500.0,FIZZ
2010-11-23,18.149999618530273,18.65999984741211,18.13999938964844,18.36000061035156,14.73219108581543,3555800.0,FL
2010-11-23,50.7599983215332,50.86000061035156,50.4000015258789,50.56000137329102,50.56000137329102,4700.0,FLAT
2010-11-23,17.75,17.799999237060547,17.430000305175778,17.690000534057614,8.292391777038574,29800.0,FLC
2010-11-23,7.03000020980835,7.050000190734862,6.96999979019165,7.0,7.0,4799000.0,FLEX
2010-11-23,11.431111335754395,11.484444618225098,11.386666297912598,11.422222137451172,8.652629852294924,8700.0,FLIC
2010-11-23,26.959999084472656,27.020000457763672,26.59000015258789,26.6200008392334,23.57238006591797,1499500.0,FLIR
2010-11-23,3.0,3.0899999141693115,2.859999895095825,2.9300000667572017,2.9300000667572017,230100.0,FLL
2010-11-23,14.550000190734865,14.550000190734865,13.75,14.25,14.25,2700.0,FLNT
2010-11-23,11.404444694519045,11.528888702392578,11.30222225189209,11.515555381774902,8.209917068481445,1582200.0,FLO
2010-11-23,3.2000000476837163,3.220000028610229,3.0999999046325684,3.119999885559082,3.119999885559082,63871.0,FLOW
2010-11-23,57.15999984741211,57.61999893188477,56.540000915527344,56.91999816894531,48.89880752563477,3768500.0,FLR
2010-11-23,35.33666610717773,35.5433349609375,35.040000915527344,35.15999984741211,28.92727088928223,1882500.0,FLS
2010-11-23,2.049999952316284,2.0699999332427983,1.9600000381469729,2.039999961853028,2.039999961853028,276300.0,FLWS
2010-11-23,17.399999618530273,17.399999618530273,17.069999694824222,17.200000762939453,13.393143653869627,10400.0,FLXS
2010-11-23,13.289999961853027,13.5,13.09000015258789,13.31999969482422,9.578479766845703,32100.0,FLY
2010-11-23,8.755000114440918,8.755000114440918,8.755000114440918,8.755000114440918,6.420280933380128,0.0,FMAO
2010-11-23,18.5,18.5,18.5,18.5,15.01752758026123,0.0,FMBH
2010-11-23,9.81999969482422,9.960000038146973,9.779999732971193,9.84000015258789,8.487480163574219,531600.0,FMBI
2010-11-23,33.23503875732422,33.23503875732422,32.74501419067383,32.93581771850586,28.84044647216797,1222600.0,FMC
2010-11-23,14.220000267028807,14.3100004196167,14.220000267028807,14.260000228881836,8.281852722167969,14900.0,FMN
2010-11-23,3.5499999523162837,3.5499999523162837,3.5499999523162837,3.5499999523162837,2.904649019241333,700.0,FMNB
2010-11-23,20.459999084472656,20.59000015258789,20.200000762939453,20.59000015258789,7.949671268463135,115400.0,FMO
2010-11-23,29.34000015258789,29.38999938964844,28.98500061035156,29.145000457763672,25.936420440673828,162400.0,FMS
2010-11-23,54.61999893188477,55.27000045776367,54.4900016784668,54.79999923706055,47.60577774047852,399300.0,FMX
2010-11-23,19.350000381469727,19.46999931335449,19.18000030517578,19.459999084472656,10.075801849365234,17800.0,FMY
2010-11-23,17.260000228881836,18.34000015258789,17.149999618530273,18.0,18.0,236300.0,FN
2010-11-23,8.899999618530273,9.020000457763672,8.84000015258789,8.890000343322754,6.075863361358643,1043500.0,FNB
2010-11-23,3.5,3.5,3.5,3.5,3.208991527557373,1200.0,FNCB
2010-11-23,8.093055725097656,8.253372192382812,8.069304466247559,8.188057899475098,5.591273307800293,1886300.0,FNF
2010-11-23,3.390000104904175,3.390000104904175,3.309999942779541,3.369999885559082,3.0315394401550293,800.0,FNHC
2010-11-23,13.979999542236328,13.979999542236328,13.800000190734865,13.8100004196167,9.046222686767578,6700.0,FNLC
2010-11-23,33.25,33.25,32.68000030517578,32.68000030517578,28.59136962890625,14400.0,FNV
2010-11-23,14.270000457763672,14.449999809265135,13.90999984741211,14.369999885559082,14.369999885559082,867000.0,FOE
2010-11-23,13.010000228881836,13.149999618530273,13.010000228881836,13.0600004196167,5.920803546905518,45300.0,FOF
2010-11-23,4.230000019073486,4.2800002098083505,4.179999828338623,4.25,4.25,10400.0,FOLD
2010-11-23,1.5800000429153442,1.5900000333786009,1.3700000047683716,1.4800000190734863,1.4800000190734863,254600.0,FONR
2010-11-23,18.11000061035156,18.200000762939453,17.770000457763672,18.1200008392334,18.1200008392334,139100.0,FOR
2010-11-23,3.4800000190734863,3.5699999332427983,3.4500000476837163,3.5699999332427983,3.5699999332427983,8500.0,FORD
2010-11-23,9.350000381469727,9.479999542236328,9.149999618530273,9.199999809265137,9.199999809265137,433100.0,FORM
2010-11-23,35.049999237060554,35.540000915527344,34.860000610351555,35.110000610351555,28.259599685668945,92400.0,FORR
2010-11-23,16.350000381469727,16.5,16.350000381469727,16.399999618530273,12.845015525817873,5100.0,FORTY
2010-11-23,66.22000122070311,68.30000305175781,66.22000122070311,67.26999664306639,67.26999664306639,755100.0,FOSL
2010-11-23,5.0,5.0,5.0,5.0,5.0,0.0,FPAY
2010-11-23,7.230000019073486,7.440000057220459,7.170000076293945,7.360000133514403,6.106911659240723,688600.0,FR
2010-11-23,14.81999969482422,14.869999885559082,14.739999771118164,14.869999885559082,8.370098114013674,23500.0,FRA
2010-11-23,17.149999618530273,17.25,17.149999618530273,17.25,12.04814910888672,2100.0,FRAF
2010-11-23,3.0,3.0,3.0,3.0,2.9140958786010738,0.0,FRBA
2010-11-23,2.1300001144409184,2.190000057220459,2.1099998950958248,2.1400001049041752,2.1400001049041752,38400.0,FRBK
2010-11-23,7.739999771118164,7.760000228881836,7.6500000953674325,7.6500000953674325,5.59373950958252,14900.0,FRD
2010-11-23,778.9500122070312,778.9500122070312,778.9500122070312,778.9500122070312,778.9500122070312,0.0,FRHC
2010-11-23,8.300000190734862,8.460000038146973,8.229999542236326,8.369999885559082,7.228452682495117,46400.0,FRME
2010-11-23,137.39999389648438,140.69999694824222,136.85000610351562,138.75,107.12580871582031,537400.0,FRO
2010-11-23,22.36000061035156,22.663333892822266,22.31666755676269,22.44333267211914,18.72344398498535,5400.0,FRPH
2010-11-23,78.1500015258789,78.3499984741211,77.7300033569336,77.95999908447266,57.53802871704102,389500.0,FRT
2010-11-23,6.890849113464356,6.890849113464356,6.890849113464356,6.890849113464356,6.890849113464356,0.0,FSBC
2010-11-23,19.020000457763672,19.06999969482422,18.51000022888184,18.850000381469727,8.611478805541992,154600.0,FSD
2010-11-23,14.5,14.5,14.5,14.5,12.84847640991211,0.0,FSFG
2010-11-23,1.3600000143051147,1.3899999856948853,1.3300000429153442,1.3799999952316284,1.2588472366333008,7700.0,FSI
2010-11-23,123.0,125.1999969482422,122.12000274658205,124.1999969482422,124.1999969482422,2280100.0,FSLR
2010-11-23,4.079999923706056,4.099999904632568,3.9500000476837163,4.050000190734863,4.050000190734863,109700.0,FSM
2010-11-23,12.260000228881836,12.460000038146973,12.199999809265135,12.279999732971193,7.059512615203857,261800.0,FSP
2010-11-23,6.230000019073486,6.25,6.119999885559082,6.210000038146973,5.6089134216308585,218700.0,FSS
2010-11-23,34.540000915527344,34.779998779296875,33.93000030517578,34.400001525878906,33.427291870117195,24500.0,FSTR
2010-11-23,6.4099998474121085,6.429999828338622,6.329999923706055,6.369999885559082,3.5175871849060063,35700.0,FT
2010-11-23,854.2000122070312,854.2000122070312,841.9000244140625,841.9000244140625,533.782470703125,808555600.0,FTAI
2010-11-23,6.730000019073486,6.949999809265138,6.730000019073486,6.880000114440918,6.880000114440918,49200.0,FTEK
2010-11-23,13.300000190734865,13.420000076293945,13.239999771118164,13.380000114440918,6.1090755462646475,141000.0,FTF
2010-11-23,38.400001525878906,40.400001525878906,37.84000015258789,40.08000183105469,40.08000183105469,27200.0,FTFT
2010-11-23,40.77000045776367,40.974998474121094,40.165000915527344,40.71500015258789,29.45410919189453,1886800.0,FTI
2010-11-23,3.5699999332427983,3.859999895095825,3.4500000476837163,3.829999923706055,3.829999923706055,2307200.0,FTK
2010-11-23,15.6899995803833,15.885000228881836,15.53499984741211,15.720000267028807,15.720000267028807,1229200.0,FTNT
2010-11-23,136.94999694824222,137.25,135.14999389648438,135.44999694824222,65.43516540527344,503900.0,FTR
2010-11-23,30.709999084472656,30.709999084472656,30.709999084472656,30.709999084472656,20.899097442626953,0.0,FTS
2010-11-23,25.60000038146973,25.96999931335449,24.93000030517578,25.96999931335449,25.96999931335449,6400.0,FUD
2010-11-23,10.079999923706056,10.079999923706056,9.84000015258789,10.0600004196167,10.0600004196167,1600.0,FUE
2010-11-23,20.36000061035156,20.600000381469727,20.25,20.57999992370605,18.444543838500977,156300.0,FUL
2010-11-23,8.649999618530272,8.8100004196167,8.649999618530272,8.729999542236326,6.634591102600098,1691200.0,FULT
2010-11-23,14.699999809265135,15.140000343322756,14.609999656677244,14.670000076293945,8.483802795410156,101200.0,FUN
2010-11-23,4.199999809265137,4.199999809265137,4.010000228881837,4.010000228881837,3.8530876636505127,6100.0,FUNC
2010-11-23,6.96999979019165,7.079999923706055,6.96999979019165,7.070000171661378,3.816796064376831,13800.0,FUND
2010-11-23,9.779999732971193,9.880000114440918,9.699999809265137,9.699999809265137,9.1015043258667,1200.0,FUSB
2010-11-23,60.599998474121094,60.79999923706055,59.4000015258789,60.4000015258789,60.4000015258789,12900.0,FVE
2010-11-23,27.170000076293945,27.3799991607666,27.01000022888184,27.290000915527344,24.73129653930664,85800.0,FWRD
2010-11-23,13.25,13.25,13.25,13.25,12.059335708618164,0.0,FXNC
2010-11-23,14.279999732971193,14.300000190734865,14.039999961853027,14.149999618530273,12.072616577148438,254400.0,G
2010-11-23,5.178513050079347,5.197908401489258,5.149420261383057,5.188210964202881,2.001077890396118,426300.0,GAB
2010-11-23,11.859999656677244,11.986666679382324,11.613333702087402,11.773333549499512,9.468425750732422,35100.0,GABC
2010-11-23,7.309999942779541,7.489999771118164,7.110000133514403,7.46999979019165,7.324668884277344,71200.0,GAIA
2010-11-23,7.789999961853027,7.8400001525878915,7.670000076293945,7.690000057220459,3.332272291183472,22200.0,GAIN
2010-11-23,4.199999809265137,4.260000228881837,4.139999866485597,4.199999809265137,4.199999809265137,16400.0,GALT
2010-11-23,25.1299991607666,25.1299991607666,24.81999969482422,24.959999084472656,15.152949333190918,40300.0,GAM
2010-11-23,5.28000020980835,5.309999942779541,5.150000095367432,5.1599998474121085,5.1599998474121085,6800.0,GASS
2010-11-23,32.47999954223633,32.709999084472656,32.09999847412109,32.59999847412109,25.131391525268555,196100.0,GATX
2010-11-23,8.300000190734862,8.720000267028809,8.279999732971191,8.409999847412111,8.409999847412111,148800.0,GAZ
2010-11-23,20.0,20.0,20.0,20.0,10.308588027954102,58200.0,GBAB
2010-11-23,12.989999771118164,13.4399995803833,12.960000038146973,13.300000190734865,9.60733127593994,508600.0,GBCI
2010-11-23,16.360000610351562,16.540000915527347,15.970000267028807,16.469999313354492,7.743028163909912,31400.0,GBDC
2010-11-23,22.67097473144531,22.88637542724609,22.342487335205078,22.390953063964844,20.84231948852539,41000.0,GBL
2010-11-23,18.809999465942386,19.049999237060547,18.739999771118164,18.82999992370605,17.52320671081543,15900.0,GBLI
2010-11-23,5.059999942779541,5.059999942779541,5.039999961853027,5.039999961853027,5.039999961853027,200.0,GBR
2010-11-23,1.218999981880188,1.218999981880188,1.218999981880188,1.218999981880188,1.218999981880188,0.0,GBT
2010-11-23,18.229999542236328,18.440000534057614,18.010000228881836,18.09000015258789,15.821438789367676,222900.0,GBX
2010-11-23,8.875,8.875,8.284999847412111,8.284999847412111,6.50504207611084,1400.0,GCBC
2010-11-23,17.260000228881836,17.260000228881836,17.260000228881836,17.260000228881836,8.611334800720215,0.0,GCE
2010-11-23,12.68000030517578,12.800000190734865,12.520000457763672,12.56999969482422,5.326027870178223,3698300.0,GCI
2010-11-23,37.18000030517578,39.25,37.18000030517578,38.54999923706055,38.54999923706055,732000.0,GCO
2010-11-23,6.039999961853027,6.039999961853027,5.980000019073486,5.989999771118164,2.6289258003234863,24300.0,GCV
2010-11-23,65.62999725341797,66.62000274658203,65.48000335693361,66.48000335693361,53.232276916503906,1896600.0,GD
2010-11-23,4.460000038146973,4.460000038146973,4.3400001525878915,4.400000095367432,3.8334338665008554,9200.0,GDEN
2010-11-23,13.800000190734865,13.859999656677244,13.770000457763672,13.829999923706055,6.873782634735107,51600.0,GDL
2010-11-23,18.530000686645508,18.729999542236328,18.5,18.59000015258789,8.98606014251709,95500.0,GDO
2010-11-23,50.5,53.83000183105469,50.5,52.84000015258789,52.84000015258789,49500.0,GDOT
2010-11-23,13.91840648651123,13.91840648651123,13.833017349243164,13.89943027496338,7.914777755737305,234900.0,GDV
2010-11-23,15.22115421295166,15.27884578704834,15.02884578704834,15.15384578704834,11.194416046142578,58186900.0,GE
2010-11-23,26.520000457763672,27.479999542236328,26.040000915527344,27.36000061035156,27.36000061035156,42400.0,GEC
2010-11-23,58.81000137329102,59.09000015258789,58.4900016784668,58.86000061035156,41.13582229614258,98600.0,GEF
2010-11-23,23.899999618530273,24.11000061035156,23.81999969482422,24.059999465942386,12.515764236450195,169600.0,GEL
2010-11-23,6.639999866485597,6.769999980926514,6.5,6.5900001525878915,6.5900001525878915,293700.0,GEN
2010-11-23,4.880000114440918,4.880000114440918,4.880000114440918,4.880000114440918,4.880000114440918,0.0,GENC
2010-11-23,13.800000190734865,15.399999618530273,13.600000381469727,13.600000381469727,13.600000381469727,0.0,GENE
2010-11-23,16.00666618347168,16.093334197998047,15.800000190734865,15.873332977294922,6.3788819313049325,593800.0,GEO
2010-11-23,33.509998321533196,33.665000915527344,32.99499893188477,33.009998321533196,33.009998321533196,20000.0,GEOS
2010-11-23,5.425330638885498,5.453686237335205,5.321361064910889,5.368619918823242,5.368619918823242,747500.0,GERN
2010-11-23,44.97000122070313,45.47999954223633,44.68999862670898,45.34000015258789,31.51618003845215,2428300.0,GES
2010-11-23,14.84000015258789,14.93000030517578,14.720000267028807,14.84000015258789,7.006753444671631,34100.0,GF
2010-11-23,4.8400001525878915,5.0,4.8400001525878915,5.0,4.473775863647461,2800.0,GFED
2010-11-23,12.479999542236328,12.539999961853027,12.31999969482422,12.460000038146973,10.675593376159668,154400.0,GFF
2010-11-23,14.453057289123535,14.54780387878418,14.26356601715088,14.384151458740234,12.380192756652832,3373000.0,GFI
2010-11-23,1.8500000238418581,2.1300001144409184,1.8500000238418581,1.9900000095367432,1.9900000095367432,3900.0,GFN
2010-11-23,16.049999237060547,16.5,16.010000228881836,16.469999313354492,10.014615058898926,13200.0,GFY
2010-11-23,15.15999984741211,15.279999732971193,15.010000228881836,15.09000015258789,14.457930564880373,753300.0,GGAL
2010-11-23,12.149999618530273,12.289999961853027,12.039999961853027,12.18000030517578,10.45834255218506,7211000.0,GGB
2010-11-23,11.896666526794435,11.920000076293945,11.806666374206545,11.883333206176758,7.796854496002197,544800.0,GGG
2010-11-23,18.149999618530273,18.149999618530273,17.950000762939453,18.100000381469727,5.75386905670166,285500.0,GGN
2010-11-23,7.872954845428468,7.872954845428468,7.795957565307617,7.834456443786621,2.8471088409423833,14500.0,GGT
2010-11-23,236.8580017089844,236.8580017089844,227.9637451171875,229.6918487548828,189.84942626953125,86300.0,GHC
2010-11-23,75.11000061035156,76.02999877929688,75.05999755859375,75.56999969482422,51.32252502441406,170900.0,GHL
2010-11-23,15.970000267028807,16.5,15.960000038146973,16.440000534057614,14.665860176086426,35300.0,GHM
2010-11-23,16.010000228881836,16.030000686645508,15.75,15.93000030517578,15.93000030517578,229100.0,GIB
2010-11-23,24.690000534057614,26.0,24.3700008392334,25.70000076293945,23.22773551940918,77600.0,GIFI
2010-11-23,1.4500000476837158,1.4700000286102295,1.4099999666213991,1.4099999666213991,1.4099999666213991,393500.0,GIGM
2010-11-23,13.609999656677244,13.729999542236328,13.335000038146973,13.699999809265135,13.699999809265135,211600.0,GIII
2010-11-23,14.4350004196167,14.8100004196167,14.324999809265135,14.475000381469727,12.419528007507324,1939000.0,GIL
2010-11-23,18.700000762939453,18.799999237060547,18.46999931335449,18.489999771118164,16.047370910644528,18199600.0,GILD
2010-11-23,4.849999904632568,4.949999809265137,4.800000190734863,4.949999809265137,4.701672077178955,31500.0,GILT
2010-11-23,10.220000267028807,10.56999969482422,10.210000038146973,10.56999969482422,5.347207069396973,329200.0,GIM
2010-11-23,35.0,35.220001220703125,34.81999969482422,34.990001678466804,25.44524574279785,5524000.0,GIS
2010-11-23,2.1856400966644287,2.1856400966644287,2.1856400966644287,2.1856400966644287,2.1856400966644287,0.0,GIX
2010-11-23,9.239999771118164,9.239999771118164,9.06999969482422,9.06999969482422,4.8806986808776855,3000.0,GJH
2010-11-23,18.989999771118164,18.989999771118164,18.989999771118164,18.989999771118164,15.798593521118164,1000.0,GJO
2010-11-23,22.899999618530273,22.899999618530273,22.899999618530273,22.899999618530273,16.697261810302734,0.0,GJP
2010-11-23,20.25,20.25,20.25,20.25,17.564727783203125,100.0,GJR
2010-11-23,16.0,16.0,15.899999618530273,15.899999618530273,12.98963451385498,900.0,GJS
2010-11-23,17.40999984741211,17.40999984741211,17.40999984741211,17.40999984741211,14.158380508422852,100.0,GJT
2010-11-23,25.81333351135254,25.9022216796875,25.54222297668457,25.8799991607666,23.10916519165039,1505200.0,GL
2010-11-23,11.25,11.300000190734865,10.829999923706056,10.90999984741211,4.471498966217041,117900.0,GLAD
2010-11-23,394.7999877929688,394.7999877929688,394.7999877929688,394.7999877929688,339.3379211425781,0.0,GLBS
2010-11-23,8.199999809265138,8.199999809265138,8.149999618530272,8.149999618530272,5.717180252075195,400.0,GLBZ
2010-11-23,7.309999942779541,7.429999828338622,7.170000076293945,7.429999828338622,7.0434980392456055,393300.0,GLDD
2010-11-23,15.0,15.079999923706055,14.699999809265135,14.800000190734865,11.022395133972168,135700.0,GLNG
2010-11-23,12.859999656677244,12.920000076293945,12.789999961853027,12.8100004196167,4.885798454284668,195800.0,GLO
2010-11-23,25.71999931335449,26.15999984741211,25.71999931335449,26.0,11.336331367492676,69000.0,GLP
2010-11-23,14.579999923706055,14.600000381469727,14.399999618530273,14.420000076293945,5.715118408203125,64000.0,GLQ
2010-11-23,28.149999618530273,28.45000076293945,28.020000457763672,28.149999618530273,28.149999618530273,51000.0,GLRE
2010-11-23,12.729999542236328,12.789999961853027,12.539999961853027,12.640000343322756,9.92738437652588,145400.0,GLT
2010-11-23,20.709999084472656,20.850000381469727,20.36000061035156,20.36000061035156,11.317007064819336,3900.0,GLU
2010-11-23,2.2100000381469727,2.309999942779541,2.0999999046325684,2.1800000667572017,2.1800000667572017,257100.0,GLUU
2010-11-23,15.100000381469727,15.109999656677244,14.9399995803833,14.9399995803833,5.9082794189453125,23900.0,GLV
2010-11-23,17.75,17.899999618530273,17.6200008392334,17.739999771118164,14.294846534729006,11238800.0,GLW
2010-11-23,33.950000762939446,33.990001678466804,33.189998626708984,33.25,25.436412811279297,31170200.0,GM
2010-11-23,1.350000023841858,1.350000023841858,1.350000023841858,1.350000023841858,1.350000023841858,0.0,GMAB
2010-11-23,20.25,20.450000762939453,20.100000381469727,20.209999084472656,13.60739517211914,2153600.0,GME
2010-11-23,5.730000019073486,5.730000019073486,5.420000076293945,5.480000019073486,5.480000019073486,471300.0,GMO
2010-11-23,0.39399999380111694,0.39399999380111694,0.39399999380111694,0.39399999380111694,0.2741261720657349,0.0,GNL
2010-11-23,4.0,4.0,3.4100000858306885,3.759999990463257,3.759999990463257,3000.0,GNMK
2010-11-23,15.130000114440918,15.56999969482422,15.09000015258789,15.289999961853027,10.075000762939453,255500.0,GNRC
2010-11-23,10.585000038146973,10.68000030517578,10.5,10.574999809265137,8.760160446166992,1046600.0,GNTX
2010-11-23,11.170000076293944,11.350000381469727,11.100000381469727,11.289999961853027,11.289999961853027,7400400.0,GNW
2010-11-23,19.950000762939453,20.09000015258789,19.8799991607666,20.09000015258789,7.63325309753418,19200.0,GOF
2010-11-23,114.6500015258789,116.6500015258789,114.0500030517578,115.8499984741211,69.28952026367189,48500.0,GOGL
2010-11-23,32.360000610351555,32.400001525878906,31.15999984741211,31.60000038146973,31.3142204284668,797000.0,GOL
2010-11-23,50.22999954223633,50.9900016784668,50.0,50.81999969482422,23.82968521118164,9379900.0,GOLD
2010-11-23,18.5,18.549999237060547,18.149999618530273,18.420000076293945,8.527116775512695,19500.0,GOOD
2010-11-23,292.4089660644531,293.4052429199219,288.0204162597656,290.41644287109375,290.41644287109375,4341300.0,GOOG
2010-11-23,293.7987976074219,294.7998046875,289.389404296875,291.7967834472656,291.7967834472656,4320800.0,GOOGL
2010-11-23,24.5,26.43000030517578,24.5,25.79999923706055,21.047382354736328,508400.0,GORO
2010-11-23,47.459999084472656,47.66999816894531,47.02000045776367,47.58000183105469,35.94172286987305,828500.0,GPC
2010-11-23,39.66999816894531,39.9900016784668,38.95000076293945,39.540000915527344,35.22770690917969,237400.0,GPI
2010-11-23,3.5199999809265137,3.539999961853028,3.4500000476837163,3.509999990463257,3.1320784091949463,184000.0,GPK
2010-11-23,1.950000047683716,1.9600000381469729,1.8600000143051147,1.9099999666213991,1.9099999666213991,324700.0,GPL
2010-11-23,9.220000267028807,9.229999542236328,9.140000343322754,9.15999984741211,3.110610008239746,60500.0,GPM
2010-11-23,20.31999969482422,20.46999931335449,20.18000030517578,20.23500061035156,19.87791633605957,730600.0,GPN
2010-11-23,18.59000015258789,18.86000061035156,18.31999969482422,18.46999931335449,18.46999931335449,213200.0,GPOR
2010-11-23,10.869999885559082,11.170000076293944,10.760000228881836,11.130000114440918,9.613533020019533,408000.0,GPRE
2010-11-23,12.149999618530273,12.149999618530273,12.149999618530273,12.149999618530273,12.0415620803833,0.0,GPRK
2010-11-23,20.600000381469727,20.96999931335449,20.399999618530273,20.59000015258789,15.485198974609375,9298300.0,GPS
2010-11-23,9.229999542236328,9.270000457763672,8.90999984741211,9.25,9.25,25100.0,GPX
2010-11-23,33.02000045776367,33.279998779296875,32.709999084472656,33.009998321533196,31.3059024810791,334000.0,GRA
2010-11-23,1.350000023841858,1.350000023841858,1.350000023841858,1.350000023841858,1.350000023841858,0.0,GRAF
2010-11-23,24.15143585205078,24.281984329223636,22.8459529876709,22.8459529876709,22.8459529876709,10400.0,GRBK
2010-11-23,18.944000244140625,19.007999420166016,18.617599487304688,18.87360000610352,16.337047576904293,32100.0,GRC
2010-11-23,6.300000190734862,6.300000190734862,6.269999980926514,6.269999980926514,3.28633189201355,900.0,GRF
2010-11-23,27.040000915527344,27.5,26.32999992370605,26.76000022888184,24.29288673400879,3800.0,GRIF
2010-11-23,28.559999465942386,28.790000915527344,28.489999771118164,28.520000457763672,18.980688095092773,937800.0,GRMN
2010-11-23,26.649999618530273,26.65999984741211,26.649999618530273,26.65999984741211,26.65999984741211,300.0,GRN
2010-11-23,8.239999771118164,8.270000457763674,8.090000152587889,8.100000381469728,6.409777641296388,42800.0,GROW
2010-11-23,6.21999979019165,6.369999885559082,6.190000057220459,6.3400001525878915,6.3400001525878915,36000.0,GRU
2010-11-23,7.28000020980835,7.4000000953674325,7.039999961853027,7.199999809265138,7.199999809265138,43800.0,GRVY
2010-11-23,6.120408535003662,6.148440837860107,6.120408535003662,6.120408535003662,3.8893463611602783,11400.0,GRX
2010-11-23,159.10000610351562,160.89999389648438,157.66000366210938,157.77999877929688,137.50177001953122,7315000.0,GS
2010-11-23,1.5399999618530271,1.5499999523162842,1.5099999904632568,1.5199999809265137,1.5199999809265137,170400.0,GSAT
2010-11-23,2.0799999237060547,2.0999999046325684,1.9600000381469729,2.009999990463257,1.16989266872406,25500.0,GSB
2010-11-23,21.96999931335449,22.280000686645508,21.920000076293945,22.100000381469727,16.900693893432614,26000.0,GSBC
2010-11-23,43.08000183105469,43.54999923706055,43.08000183105469,43.52999877929688,43.52999877929688,1100.0,GSC
2010-11-23,20.3799991607666,20.420000076293945,20.1200008392334,20.15999984741211,15.305274963378904,47000.0,GSH
2010-11-23,7.320000171661378,7.4099998474121085,7.199999809265138,7.329999923706055,7.329999923706055,151600.0,GSIT
2010-11-23,39.209999084472656,39.29999923706055,38.83000183105469,39.0099983215332,24.17751502990723,3164100.0,GSK
2010-11-23,37.20000076293945,37.52000045776367,36.63999938964844,36.79999923706055,33.562896728515625,6100.0,GSL
2010-11-23,16.520000457763672,16.520000457763672,16.200000762939453,16.430000305175778,14.32261848449707,354300.0,GSM
2010-11-23,30.190000534057614,30.51000022888184,30.059999465942386,30.43000030517578,30.43000030517578,53100.0,GSP
2010-11-23,21.450000762939453,21.649999618530273,21.0,21.200000762939453,21.200000762939453,522200.0,GSS
2010-11-23,10.050000190734863,10.149999618530273,9.84000015258789,9.960000038146973,8.851526260375977,5072500.0,GT
2010-11-23,7.5900001525878915,7.630000114440918,7.489999771118164,7.630000114440918,7.630000114440918,557400.0,GTE
2010-11-23,2.0699999332427983,2.0999999046325684,2.0699999332427983,2.0999999046325684,2.0999999046325684,1300.0,GTIM
2010-11-23,28.170000076293945,28.989999771118164,27.71999931335449,28.809999465942386,28.809999465942386,318900.0,GTLS
2010-11-23,1.7799999713897705,1.7799999713897705,1.7000000476837158,1.7400000095367432,1.7400000095367432,99400.0,GTN
2010-11-23,19.0,19.100000381469727,18.729999542236328,18.90999984741211,18.90999984741211,41300.0,GTS
2010-11-23,1.100000023841858,1.100000023841858,1.100000023841858,1.100000023841858,1.100000023841858,0.0,GTT
2010-11-23,29.440000534057614,29.440000534057614,29.040000915527344,29.28000068664551,18.434961318969727,124200.0,GTY
2010-11-23,52.45000076293945,52.5,50.54999923706055,51.25,51.25,48100.0,GURE
2010-11-23,6.869999885559082,6.869999885559082,6.6500000953674325,6.75,2.958119630813598,87200.0,GUT
2010-11-23,0.33000001311302185,0.33000001311302185,0.30000001192092896,0.3100000023841858,0.3100000023841858,9200.0,GV
2010-11-23,25.68000030517578,25.75,25.26000022888184,25.53000068664551,22.047977447509766,344900.0,GVA
2010-11-23,3.400000095367432,3.4300000667572017,3.3499999046325684,3.4100000858306885,3.4100000858306885,48000.0,GVP
2010-11-23,13.75,13.75,13.75,13.75,12.10977840423584,0.0,GWB
2010-11-23,124.58000183105469,124.93000030517578,123.62000274658205,124.05999755859376,104.2764892578125,756800.0,GWW
2010-11-23,21.96999931335449,21.96999931335449,21.31999969482422,21.540000915527344,15.127629280090332,8600.0,GYC
2010-11-23,876.6666870117188,888.5555419921875,876.6666870117188,883.3333129882812,89.5776596069336,300.0,GYRO
2010-11-23,40.650001525878906,41.20000076293945,40.43000030517578,41.060001373291016,40.237548828125,181400.0,H
2010-11-23,7.019999980926514,7.289999961853027,6.9099998474121085,7.269999980926514,7.004725456237793,720200.0,HA
2010-11-23,29.21999931335449,29.375,28.940000534057614,29.354999542236328,29.354999542236328,224000.0,HAE
2010-11-23,7.199999809265138,7.360000133514403,6.880000114440918,7.28000020980835,6.0093674659729,112900.0,HAFC
2010-11-23,13.145000457763672,13.234999656677244,13.050000190734865,13.09000015258789,13.09000015258789,515400.0,HAIN
2010-11-23,36.70000076293945,36.83000183105469,36.02000045776367,36.459999084472656,30.992637634277344,15698200.0,HAL
2010-11-23,8.699999809265138,8.800000190734863,8.619999885559082,8.739999771118164,8.739999771118164,17600.0,HALL
2010-11-23,7.039999961853027,7.1500000953674325,6.980000019073486,7.110000133514403,7.110000133514403,269400.0,HALO
2010-11-23,46.77999877929688,47.2599983215332,46.54999923706055,47.22000122070313,36.24761199951172,920200.0,HAS
2010-11-23,39.79999923706055,40.83000183105469,39.15999984741211,40.2599983215332,32.878353118896484,28900.0,HAYN
2010-11-23,5.6500000953674325,5.71999979019165,5.559999942779541,5.570000171661377,4.2662715911865225,11210600.0,HBAN
2010-11-23,13.529999732971193,13.550000190734865,13.449999809265135,13.449999809265135,12.286354064941404,7200.0,HBCP
2010-11-23,6.6875,6.815000057220459,6.670000076293945,6.797500133514403,5.322088241577148,3616000.0,HBI
2010-11-23,2.964366912841797,3.0326004028320312,2.9567854404449463,2.9946930408477783,2.9946930408477783,36800.0,HBIO
2010-11-23,17.139999389648438,17.200000762939453,16.829999923706055,17.09000015258789,15.918787002563475,25800.0,HBM
2010-11-23,5.71999979019165,5.71999979019165,5.71999979019165,5.71999979019165,5.71999979019165,0.0,HBMD
2010-11-23,5.013333320617676,5.017283916473389,5.013333320617676,5.017283916473389,4.027541160583496,19000.0,HBNC
2010-11-23,0.8500000238418579,0.8500000238418579,0.8100000023841858,0.8299999833106995,0.8299999833106995,5900.0,HBP
2010-11-23,10.470000267028807,10.489999771118164,10.0,10.100000381469727,10.100000381469727,6400.0,HCCI
2010-11-23,10.75,10.75,10.699999809265137,10.75,2.4888908863067627,3700.0,HCHC
2010-11-23,8.479999542236326,8.479999542236326,8.100000381469728,8.199999809265138,5.822203636169434,7600.0,HCI
2010-11-23,3.5299999713897705,3.5299999713897705,3.4600000381469727,3.5,2.9997959136962886,52100.0,HCKT
2010-11-23,15.640000343322756,15.649999618530273,15.420000076293945,15.640000343322756,12.382533073425293,282600.0,HCSG
2010-11-23,30.979999542236328,31.0,30.82999992370605,30.90999984741211,24.794639587402344,11698400.0,HD
2010-11-23,18.100000381469727,18.145999908447266,17.72599983215332,17.80699920654297,14.78943157196045,1588000.0,HDB
2010-11-23,1.5499999523162842,1.5499999523162842,1.5,1.5099999904632568,1.5099999904632568,34200.0,HDSN
2010-11-23,22.209999084472656,22.25,21.950000762939453,22.100000381469727,15.048151969909668,337900.0,HE
2010-11-23,7.0,7.0,6.4000000953674325,7.0,7.0,3400.0,HEAR
2010-11-23,9.899999618530273,10.100000381469727,9.649999618530273,9.960000038146973,4.934709072113037,42900.0,HEES
2010-11-23,13.01282787322998,13.101957321166992,12.926321029663086,13.08098602294922,12.522249221801758,369000.0,HEI
2010-11-23,23.979999542236328,24.149999618530273,23.809999465942386,24.03000068664551,24.03000068664551,105600.0,HELE
2010-11-23,25.434999465942386,25.934999465942386,25.38500022888184,25.934999465942386,11.844043731689453,98800.0,HEP
2010-11-23,68.90000152587889,69.33000183105469,68.38999938964844,69.05000305175781,60.24105072021485,3211400.0,HES
2010-11-23,10.0600004196167,10.0600004196167,10.0600004196167,10.0600004196167,8.624404907226562,0.0,HFBL
2010-11-23,17.295000076293945,17.395000457763672,17.040000915527347,17.084999084472653,10.807397842407227,752200.0,HFC
2010-11-23,14.449999809265135,14.449999809265135,14.300000190734865,14.380000114440918,10.860739707946776,4900.0,HFWA
2010-11-23,3.0499999523162837,3.400000095367432,3.0499999523162837,3.2799999713897705,3.2799999713897705,4400.0,HGSH
2010-11-23,41.31999969482422,41.88999938964844,40.61999893188477,41.70000076293945,41.70000076293945,135200.0,HHC
2010-11-23,121.1999969482422,121.5999984741211,119.1999969482422,119.8000030517578,90.7808837890625,22400.0,HHS
2010-11-23,49.68000030517578,49.79999923706055,48.0,48.959999084472656,48.959999084472656,9900.0,HHT
2010-11-23,20.040000915527344,20.15999984741211,19.40999984741211,19.729999542236328,15.093338966369627,367200.0,HI
2010-11-23,33.299999237060554,33.950000762939446,33.060001373291016,33.889999389648445,33.889999389648445,543300.0,HIBB
2010-11-23,44.29999923706055,44.29999923706055,43.13999938964844,43.13999938964844,38.35100936889648,500.0,HIFS
2010-11-23,22.81999969482422,22.8799991607666,22.520000457763672,22.59000015258789,18.837947845458984,6363300.0,HIG
2010-11-23,3.8199999332427983,3.8199999332427983,3.640000104904175,3.759999990463257,1.9957336187362669,15800.0,HIHO
2010-11-23,5.369999885559082,5.449999809265137,5.260000228881836,5.289999961853027,5.289999961853027,37800.0,HIL
2010-11-23,2.200000047683716,2.200000047683716,2.1800000667572017,2.200000047683716,1.5738190412521362,137000.0,HIMX
2010-11-23,6.179999828338622,6.199999809265138,6.130000114440918,6.179999828338622,2.9805283546447754,276700.0,HIO
2010-11-23,30.31999969482422,30.43000030517578,30.0,30.34000015258789,19.73208236694336,759100.0,HIW
2010-11-23,9.68000030517578,9.779999732971193,9.65999984741211,9.739999771118164,3.9406588077545166,91400.0,HIX
2010-11-23,23.459999084472656,23.6299991607666,23.45000076293945,23.54999923706055,10.883784294128418,3600.0,HJV
2010-11-23,8.930000305175781,9.06999969482422,8.760000228881836,8.949999809265137,8.60135555267334,13843000.0,HL
2010-11-23,17.1875,17.194999694824222,16.950000762939453,17.065000534057614,16.011955261230472,1687600.0,HLF
2010-11-23,20.959999084472656,21.33333396911621,20.733333587646484,21.246665954589844,18.52273178100586,36300.0,HLIO
2010-11-23,6.670000076293945,6.730000019073486,6.5999999046325675,6.639999866485597,6.639999866485597,496300.0,HLIT
2010-11-23,13.600000381469727,13.619999885559082,13.279999732971193,13.5,13.5,1186500.0,HLX
2010-11-23,36.61000061035156,36.7400016784668,36.38000106811523,36.63000106811523,27.74883270263672,540600.0,HMC
2010-11-23,4.099999904632568,4.099999904632568,3.920000076293945,3.920000076293945,2.2787272930145264,600.0,HMG
2010-11-23,142.0,142.0,142.0,142.0,142.0,8.0,HMI
2010-11-23,16.209999084472653,16.360000610351562,16.069999694824222,16.299999237060547,12.325919151306152,293900.0,HMN
2010-11-23,3.0,3.0,3.0,3.0,3.0,400.0,HMNF
2010-11-23,20.709999084472656,20.85333251953125,20.61000061035156,20.790000915527344,20.790000915527344,367800.0,HMSY
2010-11-23,11.81999969482422,11.880000114440918,11.609999656677244,11.640000343322756,10.859946250915527,1932100.0,HMY
2010-11-23,18.540000915527344,18.68000030517578,18.25,18.65999984741211,18.65999984741211,103700.0,HNGR
2010-11-23,25.3799991607666,25.38999938964844,24.729999542236328,24.8799991607666,18.888338088989254,138500.0,HNI
2010-11-23,1.7000000476837158,1.7333333492279053,1.7000000476837158,1.7333333492279053,1.354316234588623,15700.0,HNNA
2010-11-23,22.0,22.0,21.65999984741211,21.8700008392334,14.393370628356935,129700.0,HNP
2010-11-23,11.630000114440918,11.871000289916992,11.630000114440918,11.760000228881836,8.74383544921875,1500.0,HNRG
2010-11-23,21.25,21.350000381469727,21.01000022888184,21.229999542236328,8.981531143188477,28100.0,HNW
2010-11-23,11.390000343322756,11.520000457763672,11.119999885559082,11.239999771118164,8.925235748291016,32200.0,HOFT
2010-11-23,30.940000534057614,31.440000534057614,30.770000457763672,31.13999938964844,24.744144439697266,2096500.0,HOG
2010-11-23,13.5600004196167,14.0,13.550000190734865,14.0,13.199437141418455,301000.0,HOLI
2010-11-23,16.200000762939453,16.5,15.90999984741211,16.440000534057614,16.440000534057614,5481300.0,HOLX
2010-11-23,5.132500171661377,5.197500228881836,5.114999771118164,5.175000190734863,4.369646072387694,142000.0,HOMB
2010-11-23,46.90578079223633,47.59220504760742,46.79137802124024,47.28712844848633,38.3557014465332,4972300.0,HON
2010-11-23,7.639999866485597,7.809999942779541,7.619999885559082,7.75,6.271728992462157,171400.0,HOPE
2010-11-23,91.5,95.25,91.25,95.0,95.0,39000.0,HOV
2010-11-23,6.3499999046325675,6.440000057220459,6.119999885559082,6.25,6.25,20400.0,HOVNP
2010-11-23,45.54999923706055,45.61999893188477,44.56999969482422,44.86999893188477,32.171642303466804,2032100.0,HP
2010-11-23,18.86000061035156,18.959999084472656,18.790000915527344,18.959999084472656,9.018430709838867,52600.0,HPF
2010-11-23,18.959999084472656,19.06999969482422,18.88999938964844,19.06999969482422,9.146803855895996,54000.0,HPI
2010-11-23,15.479999542236328,15.81999969482422,15.289999961853027,15.710000038146973,12.080280303955078,152800.0,HPP
2010-11-23,19.97275161743164,20.18165397644043,19.577655792236328,20.068119049072266,13.710545539855955,113475000.0,HPQ
2010-11-23,38.25,38.5,37.70000076293945,38.04999923706055,38.04999923706055,443800.0,HPR
2010-11-23,16.440000534057614,16.489999771118164,16.34000015258789,16.489999771118164,7.836886405944824,108000.0,HPS
2010-11-23,12.710000038146973,12.710000038146973,12.529999732971193,12.619999885559082,5.689389228820801,53900.0,HQH
2010-11-23,5.28000020980835,5.400000095367432,4.920000076293945,4.920000076293945,4.920000076293945,9500.0,HQI
2010-11-23,10.09000015258789,10.100000381469727,9.960000038146973,10.020000457763672,4.418765068054199,47000.0,HQL
2010-11-23,20.450000762939453,20.540000915527344,20.280000686645508,20.3700008392334,13.318026542663574,384300.0,HR
2010-11-23,12.609999656677244,12.68000030517578,12.369999885559082,12.670000076293945,8.934327125549316,4776300.0,HRB
2010-11-23,40.0,40.0,39.209999084472656,39.77000045776367,35.44329833984375,381500.0,HRC
2010-11-23,35.36999893188477,36.11999893188477,35.36999893188477,35.81999969482422,35.81999969482422,671100.0,HRI
2010-11-23,12.25,12.4350004196167,12.022500038146973,12.287500381469727,9.201680183410645,5420800.0,HRL
2010-11-23,21.600000381469727,21.600000381469727,21.600000381469727,21.600000381469727,21.600000381469727,0.0,HROW
2010-11-23,11.0,11.600000381469727,11.0,11.0,11.0,4400.0,HRTX
2010-11-23,14.6899995803833,14.949999809265135,14.649999618530273,14.800000190734865,5.277114391326903,139400.0,HRZN
2010-11-23,51.47999954223633,51.56000137329102,50.9000015258789,51.099998474121094,30.486671447753906,3222200.0,HSBC
2010-11-23,22.96999931335449,23.11000061035156,22.81999969482422,23.040000915527344,18.67727279663086,545700.0,HSC
2010-11-23,22.4078426361084,22.4078426361084,21.980392456054688,22.12156867980957,22.12156867980957,1281300.0,HSIC
2010-11-23,21.350000381469727,22.01000022888184,21.1200008392334,21.309999465942386,16.84341812133789,41000.0,HSII
2010-11-23,4.699999809265137,4.699999809265137,4.400000095367432,4.699999809265137,4.56744384765625,17000.0,HSKA
2010-11-23,38.099998474121094,38.099998474121094,37.5,38.0,36.4708366394043,3300.0,HSON
2010-11-23,15.800000190734865,15.979999542236328,15.710000038146973,15.960000038146973,11.554154396057127,8390200.0,HST
2010-11-23,6.360000133514403,6.360000133514403,6.1599998474121085,6.239999771118164,5.985409736633301,66000.0,HSTM
2010-11-23,46.27000045776367,46.849998474121094,46.06000137329102,46.70000076293945,37.6298828125,1630300.0,HSY
2010-11-23,24.63999938964844,25.07999992370605,24.20000076293945,24.479999542236328,15.935897827148438,284400.0,HT
2010-11-23,3.690000057220459,3.7300000190734863,3.650000095367432,3.7000000476837163,3.015493631362915,5400.0,HTBK
2010-11-23,15.039999961853027,15.0600004196167,14.859999656677244,14.970000267028807,7.59819221496582,106000.0,HTD
2010-11-23,9.949999809265137,10.0,9.81999969482422,9.899999618530273,4.639113903045653,191800.0,HTGC
2010-11-23,9.81999969482422,9.880000114440918,9.789999961853027,9.84000015258789,9.418951034545898,56600.0,HTH
2010-11-23,5.947500228881836,6.005000114440918,5.78249979019165,5.9724998474121085,5.698328495025635,1121200.0,HTHT
2010-11-23,15.220000267028807,15.350000381469727,15.100000381469727,15.300000190734865,13.596871376037598,333200.0,HTLD
2010-11-23,16.239999771118164,16.399999618530273,15.93000030517578,16.209999084472653,14.026290893554688,32700.0,HTLF
2010-11-23,14.050000190734865,14.140000343322756,13.920000076293945,13.920000076293945,5.2000041007995605,38100.0,HTY
2010-11-23,11.789999961853027,12.039999961853027,11.789999961853027,11.9399995803833,11.9399995803833,2013400.0,HTZ
2010-11-23,55.849998474121094,55.849998474121094,55.0,55.849998474121094,44.824684143066406,326800.0,HUBB
2010-11-23,31.989999771118164,32.009998321533196,31.43000030517578,32.009998321533196,32.009998321533196,130200.0,HUBG
2010-11-23,57.88000106811523,57.88000106811523,56.63999938964844,56.88999938964844,52.51244354248047,2921800.0,HUM
2010-11-23,13.539999961853027,13.579999923706055,13.18000030517578,13.56999969482422,10.499972343444824,3318200.0,HUN
2010-11-23,19.989999771118164,20.0,19.65999984741211,19.75,18.283594131469727,8400.0,HURC
2010-11-23,22.239999771118164,22.63999938964844,21.979999542236328,22.450000762939453,22.450000762939453,92500.0,HURN
2010-11-23,15.699999809265135,16.5,15.470000267028807,16.479999542236328,16.282794952392578,219500.0,HUSA
2010-11-23,11.869999885559082,11.979999542236328,11.56999969482422,11.600000381469727,9.610307693481444,51800.0,HVT
2010-11-23,7.864198684692383,7.992419242858888,7.693237781524657,7.992419242858888,6.742259502410889,2200.0,HWBK
2010-11-23,31.01000022888184,31.440000534057614,31.01000022888184,31.29999923706055,23.73957061767578,76000.0,HWC
2010-11-23,11.34000015258789,11.40999984741211,11.1899995803833,11.359999656677244,9.206501960754396,27300.0,HWCC
2010-11-23,40.560001373291016,40.88000106811523,39.900001525878906,40.540000915527344,33.62052154541016,29600.0,HWKN
2010-11-23,16.510000228881836,16.690000534057614,16.360000610351562,16.540000915527347,15.75663948059082,908100.0,HXL
2010-11-23,10.279999732971193,10.369999885559082,10.239999771118164,10.270000457763672,4.451387405395508,54200.0,HYB
2010-11-23,20.01000022888184,20.01000022888184,20.0,20.0,9.124384880065918,25600.0,HYI
2010-11-23,11.229999542236328,11.31999969482422,11.229999542236328,11.289999961853027,5.072479724884033,133600.0,HYT
2010-11-23,7.210000038146973,7.289999961853027,7.070000171661378,7.21999979019165,7.21999979019165,52700.0,HZO
2010-11-23,0.5,0.5,0.5,0.5,0.5,0.0,IAA
2010-11-23,27.71999931335449,27.940000534057614,27.5,27.920000076293945,25.890892028808594,799300.0,IAC
2010-11-23,18.75,18.75,18.209999084472656,18.3799991607666,7.209667205810548,108800.0,IAE
2010-11-23,12.600000381469727,12.600000381469727,12.260000228881836,12.3100004196167,4.2869367599487305,95300.0,IAF
2010-11-23,17.200000762939453,17.290000915527347,16.790000915527347,16.809999465942386,15.458721160888672,3803800.0,IAG
2010-11-23,21.15999984741211,21.524999618530273,21.13999938964844,21.46999931335449,21.46999931335449,130400.0,IART
2010-11-23,25.239999771118164,25.28000068664551,24.440000534057614,24.690000534057614,20.932924270629886,3900.0,IBA
2010-11-23,1.2400000095367432,1.2699999809265137,1.2300000190734863,1.2599999904632568,1.0929348468780518,22800.0,IBCP
2010-11-23,29.5,29.5,28.20000076293945,28.79999923706055,28.79999923706055,5500.0,IBIO
2010-11-23,49.97999954223633,50.4900016784668,49.72000122070313,50.11999893188477,40.09463882446289,95000.0,IBKC
2010-11-23,17.549999237060547,17.709999084472656,17.469999313354492,17.520000457763672,13.919416427612305,458600.0,IBKR
2010-11-23,144.24000549316406,144.52999877929688,142.3300018310547,143.17999267578125,105.7571029663086,4570300.0,IBM
2010-11-23,9.229090690612793,9.296363830566406,9.103636741638184,9.225454330444336,5.990085124969482,12934300.0,IBN
2010-11-23,18.059999465942386,18.239999771118164,17.889999389648438,18.010000228881836,14.531678199768065,169800.0,IBOC
2010-11-23,7.300000190734862,7.550000190734862,7.1500000953674325,7.25,7.25,14700.0,ICAD
2010-11-23,3.039999961853028,3.0499999523162837,3.039999961853028,3.0499999523162837,3.0499999523162837,1500.0,ICCC
2010-11-23,22.336000442504886,22.56599998474121,22.20199966430664,22.36199951171875,17.521448135375973,2421000.0,ICE
2010-11-23,24.229999542236328,24.31999969482422,23.68000030517578,24.190000534057614,23.77375221252441,74400.0,ICFI
2010-11-23,14.529999732971193,14.529999732971193,14.529999732971193,14.529999732971193,4.518946170806885,600.0,ICL
2010-11-23,19.899999618530273,19.950000762939453,19.559999465942386,19.82999992370605,19.82999992370605,483100.0,ICLR
2010-11-23,181.5,186.5,180.3000030517578,183.3000030517578,183.3000030517578,48900.0,ICON
2010-11-23,36.040000915527344,36.20000076293945,35.75,36.13000106811523,36.13000106811523,30000.0,ICUI
2010-11-23,35.7599983215332,35.779998779296875,35.459999084472656,35.72999954223633,27.32503700256348,216000.0,IDA
2010-11-23,33.09000015258789,34.630001068115234,33.040000915527344,33.830001831054695,28.354257583618164,712800.0,IDCC
2010-11-23,19.1299991607666,19.309999465942386,19.049999237060547,19.1200008392334,7.309736251831055,63900.0,IDE
2010-11-23,3.0,3.0,3.0,3.0,3.0,0.0,IDEX
2010-11-23,10.0,10.079999923706056,9.84000015258789,10.079999923706056,10.079999923706056,2900.0,IDN
2010-11-23,21.200000762939453,21.600000381469727,20.0,21.600000381469727,21.600000381469727,3200.0,IDRA
2010-11-23,18.554521560668945,18.723583221435547,18.089603424072266,18.17413330078125,6.898043632507324,378200.0,IDT
2010-11-23,1036.0,1036.0,1021.0,1025.0,1025.0,300.0,IDXG
2010-11-23,31.95000076293945,32.584999084472656,31.75,32.47999954223633,32.47999954223633,581600.0,IDXX
2010-11-23,4.429289817810059,4.429289817810059,4.429289817810059,4.429289817810059,4.429289817810059,0.0,IEA
2010-11-23,6.25,6.300000190734862,6.019999980926514,6.289999961853027,6.289999961853027,12500.0,IEC
2010-11-23,34.940689086914055,34.940689086914055,33.59868621826172,34.63922500610352,17.450815200805664,16600.0,IEP
2010-11-23,3.4500000476837163,3.4500000476837163,3.359999895095825,3.4300000667572017,3.4300000667572017,12700.0,IESC
2010-11-23,37.06999969482422,37.099998474121094,36.68000030517578,36.91999816894531,32.057357788085945,314100.0,IEX
2010-11-23,51.40999984741211,51.68000030517578,51.16999816894531,51.52999877929688,42.60504531860352,537900.0,IFF
2010-11-23,36.18000030517578,36.310001373291016,35.720001220703125,35.81999969482422,12.987616539001465,388300.0,IFN
2010-11-23,9400.0,9400.0,9400.0,9400.0,9400.0,0.0,IFS
2010-11-23,13.899999618530273,13.899999618530273,13.779999732971193,13.800000190734865,5.610373497009277,54300.0,IGA
2010-11-23,7.5,7.9000000953674325,7.0,7.300000190734862,7.300000190734862,9900.0,IGC
2010-11-23,11.5600004196167,11.59000015258789,11.449999809265135,11.489999771118164,4.120193958282472,279000.0,IGD
2010-11-23,20.5,20.649999618530273,20.440000534057614,20.6299991607666,12.079150199890135,81900.0,IGI
2010-11-23,7.570000171661378,7.570000171661378,7.5,7.539999961853027,3.802159070968628,374200.0,IGR
2010-11-23,15.710000038146973,15.739999771118164,15.399999618530273,15.5,10.11941623687744,3135700.0,IGT
2010-11-23,7.739999771118164,7.800000190734862,7.730000019073486,7.800000190734862,7.3210082054138175,2600.0,IHC
2010-11-23,27.61918640136719,27.61918640136719,27.128177642822266,27.17420959472656,18.380210876464844,109300.0,IHG
2010-11-23,1.5199999809265137,1.5199999809265137,1.5199999809265137,1.5199999809265137,1.4022108316421509,0.0,IHT
2010-11-23,11.260000228881836,11.300000190734865,11.199999809265137,11.25,4.416384696960449,25600.0,IID
2010-11-23,27.20000076293945,27.20000076293945,26.65999984741211,27.0,14.706310272216795,146000.0,IIF
2010-11-23,2.25,2.25,2.059999942779541,2.0899999141693115,1.739688515663147,105700.0,III
2010-11-23,9.800000190734863,10.020000457763672,9.460000038146973,9.81999969482422,8.081912040710451,116100.0,IIIN
2010-11-23,14.239999771118164,14.380000114440918,14.18000030517578,14.34000015258789,8.64483642578125,50500.0,IIM
2010-11-23,4.179999828338623,4.179999828338623,4.099999904632568,4.099999904632568,4.099999904632568,1600.0,IIN
2010-11-23,20.239999771118164,20.46999931335449,19.854999542236328,20.200000762939453,20.200000762939453,179400.0,IIVI
2010-11-23,7.949999809265138,7.949999809265138,7.949999809265138,7.949999809265138,7.07637357711792,0.0,IKNX
2010-11-23,60.56999969482422,60.72000122070313,59.40999984741211,60.20000076293945,60.20000076293945,1194400.0,ILMN
2010-11-23,24.940000534057614,25.25,24.399999618530273,25.18000030517578,25.18000030517578,1185500.0,IMAX
2010-11-23,32.0,34.59999847412109,31.899999618530273,33.5,33.5,29800.0,IMBI
2010-11-23,7.989999771118164,8.119999885559082,7.889999866485597,8.090000152587889,8.090000152587889,485200.0,IMGN
2010-11-23,2.75,2.759999990463257,2.75,2.75,2.75,1500.0,IMH
2010-11-23,18.3799991607666,18.81999969482422,18.149999618530273,18.290000915527344,14.004387855529785,16400.0,IMKTA
2010-11-23,5.630000114440918,5.670000076293945,5.5,5.559999942779541,5.559999942779541,64700.0,IMMR
2010-11-23,3.0999999046325684,3.190000057220459,3.0699999332427983,3.150000095367432,3.150000095367432,414300.0,IMMU
2010-11-23,36.72999954223633,36.81999969482422,36.38999938964844,36.52000045776367,30.970645904541016,316100.0,IMO
2010-11-23,5.4258999824523935,5.4258999824523935,5.201379776000977,5.201379776000977,3.199182748794556,100800.0,IMOS
2010-11-23,2.756410360336304,2.756410360336304,2.756410360336304,2.756410360336304,2.756410360336304,0.0,IMV
2010-11-23,8.0,8.0,8.0,8.0,7.314028739929199,0.0,INBK
2010-11-23,15.130000114440918,15.199999809265135,14.869999885559082,14.979999542236328,14.979999542236328,1092900.0,INCY
2010-11-23,23.940000534057614,24.309999465942386,23.63999938964844,24.15999984741211,19.12494468688965,44400.0,INDB
2010-11-23,6.320000171661378,6.5,6.110000133514403,6.380000114440918,6.380000114440918,12900.0,INFI
2010-11-23,8.600000381469728,8.600000381469728,8.279999732971191,8.399999618530272,8.399999618530272,2445900.0,INFN
2010-11-23,2.450000047683716,2.5,2.299999952316284,2.5,2.5,2600.0,INFU
2010-11-23,8.244999885559082,8.301250457763674,8.147500038146973,8.211250305175781,3.312350988388061,6307200.0,INFY
2010-11-23,10.020000457763672,10.039999961853027,9.789999961853027,9.8100004196167,7.745096683502197,8900300.0,ING
2010-11-23,44.040000915527344,44.040000915527344,43.099998474121094,43.52999877929688,35.90055847167969,858800.0,INGR
2010-11-23,8.310000419616701,8.350000381469728,8.300999641418457,8.350000381469728,8.350000381469728,3678.0,INMD
2010-11-23,4.920000076293945,5.0,4.800000190734863,4.8400001525878915,4.8400001525878915,66500.0,INO
2010-11-23,3.009999990463257,3.039999961853028,2.9800000190734863,3.0,3.0,32800.0,INOD
2010-11-23,1.0900000333786009,1.2000000476837158,1.0399999618530271,1.149999976158142,1.0329941511154177,20000.0,INS
2010-11-23,10.3100004196167,10.390000343322754,9.93000030517578,10.0,10.0,580900.0,INSG
2010-11-23,18.36000061035156,18.399999618530273,18.299999237060547,18.299999237060547,11.077963829040527,10500.0,INSI
2010-11-23,7.199999809265138,7.199999809265138,7.0,7.199999809265138,7.199999809265138,7300.0,INSM
2010-11-23,28.81999969482422,29.149999618530273,28.75,29.10000038146973,27.458986282348636,704000.0,INT
2010-11-23,21.040000915527344,21.21999931335449,20.809999465942386,21.09000015258789,15.880216598510742,44856200.0,INTC
2010-11-23,23.56999969482422,24.0,22.76000022888184,22.940000534057614,22.940000534057614,3100.0,INTG
2010-11-23,22.53000068664551,22.53000068664551,21.75,21.90999984741211,21.90999984741211,52900.0,INTL
2010-11-23,2.369999885559082,2.369999885559082,2.3199999332427983,2.3399999141693115,2.262644529342652,10100.0,INTT
2010-11-23,45.27000045776367,45.34000015258789,44.18999862670898,44.65999984741211,40.79006576538086,4955900.0,INTU
2010-11-23,3.900000095367432,4.099999904632568,3.7999999523162837,4.0,4.0,11900.0,INUV
2010-11-23,17.534246444702152,17.727638244628906,17.252216339111328,17.493955612182614,16.287630081176758,296300.0,INVA
2010-11-23,24.20000076293945,24.5,23.899999618530273,24.0,24.0,2700.0,INVE
2010-11-23,6.170000076293945,6.429999828338622,6.110000133514403,6.210000038146973,6.210000038146973,244100.0,INWK
2010-11-23,96.0,97.0500030517578,94.0500030517578,95.8499984741211,95.8499984741211,51300.0,IO
2010-11-23,9.5,9.640000343322754,9.3100004196167,9.479999542236328,9.479999542236328,908800.0,IONS
2010-11-23,3.990000009536743,3.990000009536743,3.990000009536743,3.990000009536743,3.990000009536743,0.0,IOR
2010-11-23,20.200000762939453,20.36000061035156,20.0,20.149999618530273,17.387798309326172,74900.0,IOSP
2010-11-23,96.0,96.0,96.0,96.0,96.0,0.0,IOVA
2010-11-23,24.49704170227051,24.73372840881348,24.181459426879886,24.28007888793945,17.380386352539062,4118600.0,IP
2010-11-23,18.799999237060547,18.799999237060547,18.25,18.40999984741211,15.35016632080078,62200.0,IPAR
2010-11-23,10.460000038146973,10.470000267028807,10.25,10.31999969482422,7.95689582824707,4091100.0,IPG
2010-11-23,27.729999542236328,27.76000022888184,26.8700008392334,27.20000076293945,27.20000076293945,113500.0,IPGP
2010-11-23,15.0,15.25,14.850000381469727,15.119999885559082,15.119999885559082,78800.0,IPHI
2010-11-23,30.75,31.07999992370605,30.20000076293945,30.920000076293945,29.89434814453125,580500.0,IPI
2010-11-23,12.5,12.5600004196167,12.460000038146973,12.5600004196167,7.141223430633545,28700.0,IQI
2010-11-23,32.412139892578125,32.5,31.84504699707031,32.076675415039055,26.110137939453125,6390700.0,IR
2010-11-23,20.0,20.170000076293945,19.75,20.020000457763672,20.020000457763672,119500.0,IRBT
2010-11-23,16.989999771118164,17.059999465942386,15.800000190734865,16.260000228881836,8.728407859802246,10000.0,IRCP
2010-11-23,9.630000114440918,9.649999618530273,9.40999984741211,9.59000015258789,9.59000015258789,337500.0,IRDM
2010-11-23,87.9000015258789,88.19999694824219,87.5,88.0999984741211,78.15682220458984,12900.0,IRET
2010-11-23,3.670000076293945,3.7300000190734863,3.5999999046325684,3.7300000190734863,3.7300000190734863,2100.0,IRIX
2010-11-23,6.510000228881836,6.53000020980835,6.420000076293945,6.420000076293945,3.899303436279297,59300.0,IRL
2010-11-23,20.38817024230957,20.63770866394043,20.28650665283203,20.462106704711914,10.557760238647461,1050100.0,IRM
2010-11-23,15.0,15.010000228881836,14.779999732971193,14.81999969482422,5.203816890716553,128900.0,IRR
2010-11-23,15.65999984741211,15.729999542236328,15.489999771118164,15.68000030517578,10.712919235229492,9800.0,IRS
2010-11-23,8.994975090026855,9.12897777557373,8.994975090026855,9.087101936340332,9.087101936340332,165300.0,IRWD
2010-11-23,4.684189796447754,4.731266975402832,4.668497562408447,4.707728385925293,3.9982447624206543,285400.0,ISBC
2010-11-23,1.8999999761581419,1.8999999761581419,1.8999999761581419,1.8999999761581419,1.6678690910339355,0.0,ISDR
2010-11-23,6.880000114440918,6.880000114440918,6.739999771118164,6.809999942779541,3.5355014801025386,12100.0,ISIG
2010-11-23,12.5,12.550000190734865,12.220000267028807,12.260000228881836,12.260000228881836,6200.0,ISNS
2010-11-23,1.4199999570846558,1.440000057220459,1.3899999856948853,1.399999976158142,1.399999976158142,33400.0,ISR
2010-11-23,83.913330078125,84.68333435058594,83.43000030517578,83.76000213623047,83.76000213623047,1081500.0,ISRG
2010-11-23,5.260000228881836,5.260000228881836,5.150000095367432,5.150000095367432,3.589393854141236,1600.0,ISSC
2010-11-23,31.96999931335449,32.209999084472656,31.809999465942386,32.029998779296875,32.029998779296875,289200.0,IT
2010-11-23,24.45000076293945,24.45000076293945,24.045000076293945,24.4379997253418,11.57059097290039,15300.0,ITCB
2010-11-23,22.170000076293945,22.290000915527344,21.979999542236328,22.25,22.25,53100.0,ITGR
2010-11-23,1.4299999475479126,1.4500000476837158,1.4199999570846558,1.440000057220459,1.440000057220459,34100.0,ITI
2010-11-23,29.020000457763672,30.45000076293945,29.020000457763672,30.440000534057614,25.317874908447266,600.0,ITIC
2010-11-23,5.630000114440918,5.800000190734862,5.400000095367432,5.46999979019165,5.317824840545653,477200.0,ITP
2010-11-23,57.38000106811523,58.31999969482422,57.04999923706055,58.31999969482422,58.31999969482422,410200.0,ITRI
2010-11-23,15.050000190734865,15.18000030517578,14.899999618530273,15.149999618530273,-0.5414077043533325,36200.0,ITRN
2010-11-23,15.227071762084961,15.260231971740724,15.127592086791992,15.207176208496096,13.072111129760742,2540400.0,ITT
2010-11-23,11.980966567993164,11.98597526550293,11.635361671447756,11.710493087768555,8.040979385375978,26911000.0,ITUB
2010-11-23,47.0,47.02000045776367,46.290000915527344,46.61000061035156,37.15096664428711,2656300.0,ITW
2010-11-23,12.609999656677244,12.789999961853027,12.449999809265135,12.739999771118164,12.739999771118164,66000.0,IVAC
2010-11-23,27.25,27.25,26.60000038146973,27.1299991607666,26.151885986328125,261600.0,IVC
2010-11-23,22.5,22.59000015258789,22.440000534057614,22.489999771118164,5.975747585296631,363400.0,IVR
2010-11-23,21.36000061035156,21.40999984741211,21.020000457763672,21.15999984741211,14.70068645477295,4029700.0,IVZ
2010-11-23,43.02000045776367,43.150001525878906,42.4900016784668,42.63000106811523,34.79391860961914,13400.0,IX
2010-11-23,39.2400016784668,39.310001373291016,38.5,39.0099983215332,37.84102249145508,2702700.0,J
2010-11-23,21.15999984741211,21.15999984741211,20.07999992370605,20.229999542236328,18.349933624267575,3425900.0,JACK
2010-11-23,18.850000381469727,19.299999237060547,18.76000022888184,19.270000457763672,18.311756134033203,136200.0,JAKK
2010-11-23,16.549999237060547,17.799999237060547,16.549999237060547,17.600000381469727,17.600000381469727,100.0,JAN
2010-11-23,16.25,16.399999618530273,15.739999771118164,16.360000610351562,16.360000610351562,540000.0,JAZZ
2010-11-23,36.77999877929688,36.88000106811523,36.5,36.7599983215332,33.51229476928711,1372200.0,JBHT
2010-11-23,22.09000015258789,22.299999237060547,21.850000381469727,21.850000381469727,12.07979679107666,3200.0,JBK
2010-11-23,14.25,14.539999961853027,14.100000381469727,14.239999771118164,12.461922645568848,3383500.0,JBL
2010-11-23,6.699999809265138,6.730000019073486,6.550000190734862,6.5999999046325675,6.5999999046325675,3535500.0,JBLU
2010-11-23,23.35000038146973,23.59000015258789,23.35000038146973,23.59000015258789,8.005056381225586,4800.0,JBN
2010-11-23,23.29999923706055,23.86000061035156,23.29999923706055,23.85000038146973,10.094595909118652,3200.0,JBR
2010-11-23,12.130000114440918,12.15999984741211,12.020000457763672,12.06999969482422,8.067750930786133,15200.0,JBSS
2010-11-23,17.799999237060547,17.90999984741211,17.610000610351562,17.809999465942386,16.253040313720707,76700.0,JBT
2010-11-23,12.899999618530273,12.920000076293945,12.68000030517578,12.710000038146973,4.592101573944092,99300.0,JCE
2010-11-23,19.592506408691406,19.602916717529297,19.332244873046875,19.483196258544922,12.122316360473633,7586300.0,JCI
2010-11-23,26.88999938964844,27.31999969482422,26.75,27.309999465942386,22.7248649597168,189300.0,JCOM
2010-11-23,31.790000915527344,32.830001831054695,31.60000038146973,32.380001068115234,31.231340408325195,4056600.0,JCP
2010-11-23,13.770000457763672,13.8100004196167,13.609999656677244,13.609999656677244,8.652527809143066,8000.0,JCS
2010-11-23,2.259999990463257,2.259999990463257,2.259999990463257,2.259999990463257,2.259999990463257,0.0,JCTCF
2010-11-23,11.109999656677246,11.170000076293944,11.029999732971193,11.140000343322754,4.695925235748291,50900.0,JDD
2010-11-23,14.40999984741211,14.4399995803833,14.25,14.31999969482422,6.374622821807861,7800.0,JE
2010-11-23,24.10569953918457,24.142168045043945,23.795717239379886,23.8413028717041,20.513254165649414,772600.0,JEF
2010-11-23,5.630000114440918,5.6500000953674325,5.570000171661377,5.610000133514403,4.051261901855469,69800.0,JEQ
2010-11-23,11.40999984741211,11.4399995803833,11.34000015258789,11.40999984741211,5.852049350738525,108400.0,JFR
2010-11-23,5.670000076293945,5.670000076293945,5.579999923706055,5.579999923706055,5.579999923706055,833.0,JG
2010-11-23,20.59000015258789,20.600000381469727,20.270000457763672,20.56999969482422,9.431493759155273,23100.0,JHI
2010-11-23,14.899999618530273,14.899999618530273,14.630000114440918,14.859999656677244,8.24190616607666,28700.0,JHS
2010-11-23,5.179999828338623,5.179999828338623,5.113999843597412,5.113999843597412,1.8642123937606807,3500.0,JHX
2010-11-23,53.290000915527344,54.41999816894531,52.709999084472656,54.02999877929688,54.02999877929688,69000.0,JJA
2010-11-23,49.29999923706055,49.61000061035156,49.13999938964844,49.349998474121094,49.349998474121094,132800.0,JJC
2010-11-23,21.1299991607666,21.1299991607666,21.1299991607666,21.1299991607666,21.1299991607666,300.0,JJE
2010-11-23,45.29999923706055,46.27999877929688,44.79999923706055,46.20000076293945,46.20000076293945,214400.0,JJG
2010-11-23,40.310001373291016,40.56999969482422,40.25,40.310001373291016,40.310001373291016,7900.0,JJM
2010-11-23,31.29999923706055,32.0,31.29999923706055,31.899999618530273,31.899999618530273,14900.0,JJN
2010-11-23,76.9800033569336,77.36000061035156,76.73999786376953,77.11000061035156,77.11000061035156,5200.0,JJP
2010-11-23,66.5,67.88999938964844,65.05999755859375,67.88999938964844,67.88999938964844,19700.0,JJS
2010-11-23,42.47999954223633,43.04999923706055,42.47999954223633,42.83000183105469,38.19921112060547,16300.0,JJSF
2010-11-23,56.97999954223633,56.97999954223633,55.83000183105469,55.9900016784668,55.9900016784668,13000.0,JJT
2010-11-23,30.649999618530273,30.649999618530273,30.28000068664551,30.28000068664551,30.28000068664551,200.0,JJU
2010-11-23,27.51000022888184,27.670000076293945,27.059999465942386,27.440000534057614,24.22383689880371,595400.0,JKHY
2010-11-23,25.28000068664551,26.3799991607666,24.84000015258789,25.46999931335449,25.46999931335449,1736300.0,JKS
2010-11-23,77.27999877929688,78.63999938964844,77.27999877929688,77.86000061035156,74.19496154785156,314500.0,JLL
2010-11-23,24.690000534057614,25.020000457763672,24.540000915527344,24.809999465942386,11.213997840881348,68000.0,JLS
2010-11-23,8.569999694824219,8.710000038146973,8.569999694824219,8.710000038146973,4.815898418426514,13600.0,JMM
2010-11-23,6.920000076293945,6.920000076293945,6.8499999046325675,6.880000114440918,4.585938930511475,14900.0,JMP
2010-11-23,62.9900016784668,63.25,62.6500015258789,62.86999893188477,47.44203186035156,14766500.0,JNJ
2010-11-23,34.200000762939446,34.259998321533196,33.450000762939446,33.47999954223633,29.70013999938965,6422500.0,JNPR
2010-11-23,54.7599983215332,56.56000137329102,54.65999984741211,56.36000061035156,56.36000061035156,10800.0,JO
2010-11-23,3.5999999046325684,3.7999999523162837,3.5999999046325684,3.7999999523162837,3.7999999523162837,200.0,JOB
2010-11-23,23.32500076293945,25.06999969482422,23.13999938964844,24.90999984741211,24.90999984741211,434400.0,JOBS
2010-11-23,17.389999389648438,17.8799991607666,17.25,17.549999237060547,17.549999237060547,1157500.0,JOE
2010-11-23,8.159999847412111,8.210000038146973,8.100000381469728,8.210000038146973,4.2857112884521475,83600.0,JOF
2010-11-23,13.239999771118164,13.390000343322756,13.039999961853027,13.18000030517578,12.351073265075685,19100.0,JOUT
2010-11-23,8.439999580383299,8.460000038146973,8.369999885559082,8.430000305175781,3.9012470245361333,149200.0,JPC
2010-11-23,38.0099983215332,38.22000122070313,37.599998474121094,37.63000106811523,29.339282989501953,35340400.0,JPM
2010-11-23,8.100000381469728,8.149999618530272,8.100000381469728,8.140000343322754,3.9815614223480233,244300.0,JPS
2010-11-23,8.850000381469727,8.859999656677246,8.770000457763674,8.8100004196167,3.8906736373901367,305900.0,JQC
2010-11-23,76.0999984741211,76.0999984741211,73.19999694824219,74.5999984741211,74.5999984741211,3500.0,JRJC
2010-11-23,11.789999961853027,11.84000015258789,11.789999961853027,11.84000015258789,5.925140380859375,56700.0,JRO
2010-11-23,10.460000038146973,10.600000381469727,10.40999984741211,10.600000381469727,4.720642566680908,69100.0,JRS
2010-11-23,20.3799991607666,20.3799991607666,20.0,20.15999984741211,10.377399444580078,50400.0,JSM
2010-11-23,11.079999923706056,11.079999923706056,10.90999984741211,11.039999961853027,5.033929824829102,79600.0,JTA
2010-11-23,12.920000076293945,12.920000076293945,12.479999542236328,12.779999732971193,5.974956512451173,41100.0,JTD
2010-11-23,3.849999904632568,3.849999904632568,3.759999990463257,3.839999914169312,3.685070991516113,6700.0,JVA
2010-11-23,42.84000015258789,43.18999862670898,42.18999862670898,42.88999938964844,31.075517654418945,2880600.0,JWN
2010-11-23,49.02000045776367,49.31999969482422,48.68999862670898,49.29999923706055,36.51782989501953,3214600.0,K
2010-11-23,21.049999237060547,21.06999969482422,20.07999992370605,20.56999969482422,18.765735626220703,44100.0,KAI
2010-11-23,46.77000045776367,46.84000015258789,46.0,46.58000183105469,38.0900993347168,56900.0,KALU
2010-11-23,27.209999084472656,28.04999923706055,26.88999938964844,28.040000915527344,23.94523811340332,103400.0,KAMN
2010-11-23,4.610143661499023,4.6744890213012695,4.610143661499023,4.647994041442871,2.6423444747924805,353700.0,KAR
2010-11-23,43.27000045776367,43.709999084472656,42.79999923706055,43.040000915527344,36.86251068115234,315000.0,KB
2010-11-23,4.5355191230773935,4.558938503265381,4.402810096740723,4.434035778045653,3.6304469108581534,157100.0,KBAL
2010-11-23,11.050000190734863,11.210000038146973,10.8100004196167,10.949999809265137,10.059174537658693,2994500.0,KBH
2010-11-23,27.6200008392334,27.6299991607666,27.170000076293945,27.229999542236328,23.757503509521484,1121500.0,KBR
2010-11-23,37.72000122070313,37.72999954223633,37.2400016784668,37.36999893188477,4.6692466735839835,1212900.0,KDP
2010-11-23,17.40999984741211,17.649999618530273,17.069999694824222,17.489999771118164,15.652270317077635,358200.0,KELYA
2010-11-23,17.579999923706055,17.579999923706055,17.579999923706055,17.579999923706055,15.7374267578125,100.0,KELYB
2010-11-23,14.010000228881836,14.239999771118164,13.899999618530273,14.079999923706055,13.930554389953613,345700.0,KEM
2010-11-23,12.449999809265135,12.449999809265135,12.09000015258789,12.300000190734865,10.619985580444336,3172200.0,KEP
2010-11-23,12.279999732971193,12.279999732971193,12.279999732971193,12.279999732971193,9.267973899841307,200.0,KEQU
2010-11-23,44.36999893188477,44.36999893188477,43.86000061035156,44.290000915527344,44.290000915527344,115000.0,KEX
2010-11-23,7.630000114440918,7.730000019073486,7.519999980926514,7.570000171661378,5.9902896881103525,9628000.0,KEY
2010-11-23,40.16999816894531,41.38999938964844,40.16999816894531,40.88999938964844,23.321895599365234,67400.0,KF
2010-11-23,9.710000038146973,9.710000038146973,9.670000076293944,9.670000076293944,6.134732723236084,6500.0,KFFB
2010-11-23,14.779999732971193,15.020000457763672,14.670000076293945,15.0,12.144408226013185,108300.0,KFRC
2010-11-23,5.880000114440918,5.880000114440918,5.519999980926514,5.559999942779541,5.559999942779541,4500.0,KFS
2010-11-23,17.709999084472656,17.889999389648438,17.40999984741211,17.489999771118164,16.459466934204098,241400.0,KFY
2010-11-23,18.020000457763672,18.25,17.899999618530273,18.0,17.424646377563473,5510400.0,KGC
2010-11-23,9.170000076293944,9.170000076293944,8.949999809265137,9.100000381469727,8.535658836364746,9400.0,KGJI
2010-11-23,16.170000076293945,16.329999923706055,15.989999771118164,16.309999465942386,9.805365562438963,4614700.0,KIM
2010-11-23,3.509999990463257,3.509999990463257,3.509999990463257,3.509999990463257,2.757852554321289,100.0,KINS
2010-11-23,0.33000001311302185,0.33000001311302185,0.3199999928474426,0.3199999928474426,0.3168953657150269,47400.0,KIQ
2010-11-23,11.029999732971193,11.579999923706055,11.020000457763672,11.579999923706055,10.930168151855467,348500.0,KIRK
2010-11-23,12.670000076293945,12.8100004196167,12.600000381469727,12.760000228881836,7.901583671569824,1066900.0,KKR
2010-11-23,12.630000114440918,12.93000030517578,12.56999969482422,12.75,12.530056953430176,208914.0,KL
2010-11-23,36.599998474121094,36.77999877929688,36.25,36.459999084472656,22.60234069824219,1806800.0,KLAC
2010-11-23,6.230000019073486,6.380000114440918,6.119999885559082,6.320000171661378,6.056636333465576,1620700.0,KLIC
2010-11-23,59.46308898925781,59.46308898925781,58.87823486328125,58.92617416381836,42.50840759277344,2358700.0,KMB
2010-11-23,23.020000457763672,23.11000061035156,22.809999465942386,22.85000038146973,18.006256103515625,166500.0,KMPR
2010-11-23,33.52000045776367,33.68000030517578,32.84999847412109,33.22999954223633,27.48383712768555,346400.0,KMT
2010-11-23,32.81999969482422,33.220001220703125,32.470001220703125,32.810001373291016,32.810001373291016,1261700.0,KMX
2010-11-23,5.730000019073486,5.800000190734862,5.400000095367432,5.480000019073486,5.480000019073486,237400.0,KNDI
2010-11-23,15.380000114440918,15.460000038146973,15.100000381469727,15.350000381469727,11.779095649719238,93100.0,KNL
2010-11-23,18.61000061035156,18.75,18.450000762939453,18.63999938964844,16.91855812072754,1224500.0,KNX
2010-11-23,31.96500015258789,32.0,31.63999938964844,31.809999465942386,22.58578109741211,17662200.0,KO
2010-11-23,81.0199966430664,83.0999984741211,80.36000061035156,81.5,65.10134887695311,49500.0,KOF
2010-11-23,29.670000076293945,29.71999931335449,28.85000038146973,29.38999938964844,26.492534637451172,72000.0,KOP
2010-11-23,3.859999895095825,4.010000228881837,3.809999942779541,4.0,4.0,297200.0,KOPN
2010-11-23,5.739999771118164,5.739999771118164,5.179999828338623,5.389999866485597,4.536392211914063,7000.0,KOSS
2010-11-23,11.515000343322756,11.574999809265135,11.46500015258789,11.505000114440918,9.056407928466797,15711800.0,KR
2010-11-23,28.28000068664551,28.28000068664551,27.90999984741211,28.09000015258789,28.09000015258789,246200.0,KRA
2010-11-23,34.200000762939446,34.490001678466804,33.97999954223633,34.080001831054695,26.479717254638672,582000.0,KRC
2010-11-23,19.479999542236328,20.0,19.440000534057614,19.920000076293945,13.065840721130373,24200.0,KRG
2010-11-23,6.295276641845702,6.353230953216553,6.266299724578857,6.317009449005128,5.676731586456299,101000.0,KRNY
2010-11-23,21.06999969482422,21.06999969482422,20.475000381469727,20.68000030517578,12.998496055603027,167000.0,KRO
2010-11-23,12.630000114440918,12.68000030517578,12.5600004196167,12.619999885559082,7.0431060791015625,13400.0,KSM
2010-11-23,54.91999816894531,55.97999954223633,54.86000061035156,55.84000015258789,38.72727966308594,5353300.0,KSS
2010-11-23,45.97000122070313,46.1500015258789,45.31000137329102,45.72000122070313,41.37555694580078,914200.0,KSU
2010-11-23,20.989999771118164,21.040000915527344,20.3700008392334,20.71999931335449,15.96866226196289,840300.0,KT
2010-11-23,19000.0,19900.0,19900.0,19100.0,18218.38671875,186020.0,KTB
2010-11-23,5.570000171661377,5.929999828338622,5.570000171661377,5.789999961853027,5.789999961853027,73600.0,KTCC
2010-11-23,11.859999656677244,11.890000343322756,11.6899995803833,11.789999961853027,6.712573528289795,222600.0,KTF
2010-11-23,28.06999969482422,28.56999969482422,28.06999969482422,28.56999969482422,16.15493392944336,2000.0,KTH
2010-11-23,28.770000457763672,28.770000457763672,28.45000076293945,28.68000030517578,15.197620391845705,900.0,KTN
2010-11-23,10.649999618530273,10.720000267028807,10.399999618530273,10.699999809265137,10.699999809265137,63500.0,KTOS
2010-11-23,24.85000038146973,24.85000038146973,24.85000038146973,24.85000038146973,8.850997924804688,1800.0,KTP
2010-11-23,13.199999809265135,13.34000015258789,12.93000030517578,13.1899995803833,13.1899995803833,91500.0,KVHI
2010-11-23,9.800000190734863,10.020000457763672,9.800000190734863,9.859999656677246,7.753911018371582,135300.0,KW
2010-11-23,38.70000076293945,39.0,37.45000076293945,37.7400016784668,32.82196044921875,71800.0,KWR
2010-11-23,28.290000915527344,28.290000915527344,27.60000038146973,28.1200008392334,12.566472053527832,278100.0,KYN
2010-11-23,3.159973621368408,3.2916393280029297,3.0283081531524663,3.225806474685669,3.225806474685669,3700.0,KZIA
2010-11-23,37.97999954223633,37.9900016784668,37.56999969482422,37.61000061035156,35.55627822875977,1501000.0,L
2010-11-23,5.599999904632568,5.75,5.5,5.550000190734863,5.550000190734863,20100.0,LAC
2010-11-23,13.800000190734865,13.800000190734865,13.470000267028807,13.510000228881836,12.180391311645508,186800.0,LAD
2010-11-23,9.5,9.5,9.25,9.449999809265137,9.449999809265137,3600.0,LAKE
2010-11-23,36.16999816894531,36.16999816894531,35.34000015258789,35.61999893188477,26.175939559936523,537300.0,LAMR
2010-11-23,52.09000015258789,52.13999938964844,51.4900016784668,51.88999938964844,38.49986267089844,46100.0,LANC
2010-11-23,11.378007888793945,11.378007888793945,11.378007888793945,11.378007888793945,7.84221887588501,0.0,LARK
2010-11-23,20.25,20.46999931335449,18.96999931335449,20.200000762939453,19.1424617767334,20500.0,LAWS
2010-11-23,36.38000106811523,36.43999862670898,35.75,35.75,26.434001922607425,282200.0,LAZ
2010-11-23,32.689998626708984,33.34999847412109,32.52000045776367,32.990001678466804,18.905012130737305,6929700.0,LB
2010-11-23,8.621099472045897,9.053017616271973,8.603822708129883,8.98391056060791,6.927885055541992,99900.0,LBAI
2010-11-23,6.0999999046325675,8.84000015258789,6.0999999046325675,6.0999999046325675,5.834606647491455,0.0,LBC
2010-11-23,19.192642211914066,19.192642211914066,17.766990661621094,18.819622039794922,18.819622039794922,2792400.0,LBTYA
2010-11-23,19.76386070251465,19.76386070251465,19.25564765930176,19.25564765930176,19.25564765930176,1100.0,LBTYB
2010-11-23,17.690000534057614,17.704999923706055,17.354999542236328,17.450000762939453,17.450000762939453,967000.0,LBTYK
2010-11-23,14.390000343322756,14.720000267028807,14.199999809265135,14.3100004196167,12.798046112060547,81100.0,LBY
2010-11-23,5.789999961853027,5.789999961853027,5.230000019073486,5.309999942779541,5.309999942779541,33800.0,LCI
2010-11-23,20.34000015258789,20.34000015258789,19.93000030517578,20.299999237060547,15.002628326416016,36800.0,LCII
2010-11-23,11.75,11.75,11.75,11.75,7.921189785003662,0.0,LCNB
2010-11-23,7.800000190734862,7.949999809265138,7.5,7.730000019073486,7.730000019073486,261600.0,LCTX
2010-11-23,15.029999732971193,15.029999732971193,14.350000381469727,14.609999656677244,13.119986534118652,24800.0,LCUT
2010-11-23,54.27999877929688,54.31000137329102,53.88999938964844,54.31000137329102,54.31000137329102,4800.0,LD
2010-11-23,7.03000020980835,7.130000114440918,7.03000020980835,7.0999999046325675,7.0999999046325675,43700.0,LDL
2010-11-23,38.197532653808594,38.24691390991211,37.8271598815918,38.0987663269043,21.625957489013672,682900.0,LDOS
2010-11-23,43.85499954223633,44.28499984741211,43.61999893188477,44.0,38.79079818725586,493200.0,LEA
2010-11-23,30.34000015258789,30.47500038146973,30.03499984741211,30.38999938964844,25.46098709106445,179000.0,LECO
2010-11-23,1.8500000238418581,1.9299999475479128,1.809999942779541,1.9299999475479128,1.9299999475479128,178900.0,LEE
2010-11-23,20.15999984741211,20.440000534057614,20.100000381469727,20.239999771118164,14.252018928527832,1259300.0,LEG
2010-11-23,14.798426628112793,14.906587600708008,14.56243896484375,14.611602783203125,14.01449489593506,3856600.0,LEN
2010-11-23,8.340000152587889,8.350000381469728,8.159999847412111,8.239999771118164,4.589932441711426,132100.0,LEO
2010-11-23,1516.4835205078125,1530.2197265625,1491.75830078125,1516.4835205078125,1516.4835205078125,6900.0,LEU
2010-11-23,21.546667098999023,21.586666107177734,21.176666259765625,21.293333053588867,18.223243713378906,2022900.0,LFC
2010-11-23,43.959999084472656,45.61000061035156,43.95000076293945,45.58000183105469,41.30666732788086,143800.0,LFUS
2010-11-23,2.799999952316284,2.799999952316284,2.5899999141693115,2.5899999141693115,2.5899999141693115,22300.0,LFVN
2010-11-23,15.079999923706055,15.079999923706055,14.81999969482422,15.010000228881836,7.120162010192871,35700.0,LGI
2010-11-23,11.755027770996096,12.72394847869873,11.444241523742676,12.492383003234865,12.492383003234865,74600.0,LGL
2010-11-23,8.189999580383299,8.479999542236326,8.140000343322754,8.270000457763674,8.270000457763674,69400.0,LGND
2010-11-23,81.25,81.66000366210938,80.94999694824219,81.13999938964844,81.13999938964844,704200.0,LH
2010-11-23,25.770000457763672,25.989999771118164,25.3799991607666,25.95000076293945,25.95000076293945,110400.0,LHCG
2010-11-23,46.0099983215332,46.0099983215332,45.52999877929688,45.65999984741211,36.90684127807617,900200.0,LHX
2010-11-23,42.150001525878906,42.47000122070313,42.040000915527344,42.36999893188477,37.328712463378906,495500.0,LII
2010-11-23,91.06999969482422,91.55999755859376,90.38999938964844,91.16000366210938,74.2356185913086,1388400.0,LIN
2010-11-23,14.56999969482422,14.6899995803833,14.369999885559082,14.609999656677244,11.50001335144043,209700.0,LINC
2010-11-23,13.899999618530273,13.899999618530273,13.0,13.380000114440918,13.380000114440918,2200.0,LIVE
2010-11-23,13.626667022705078,13.773333549499512,13.56666660308838,13.726666450500488,11.042144775390623,48600.0,LKFN
2010-11-23,10.765000343322754,10.895000457763672,10.675000190734863,10.734999656677246,10.734999656677246,1445000.0,LKQ
2010-11-23,21.950000762939453,22.60000038146973,21.850000381469727,22.559999465942386,22.559999465942386,357000.0,LL
2010-11-23,82.0,82.0,80.0,80.0,80.0,100.0,LLEX
2010-11-23,5.6599998474121085,5.690000057220459,5.1599998474121085,5.420000076293945,5.420000076293945,9400.0,LLIT
2010-11-23,6.619999885559082,6.769999980926514,6.53000020980835,6.6500000953674325,6.6500000953674325,1003000.0,LLNW
2010-11-23,34.34999847412109,34.360000610351555,34.06999969482422,34.080001831054695,25.080625534057614,5980400.0,LLY
2010-11-23,32.759998321533196,33.009998321533196,32.459999084472656,32.490001678466804,25.931663513183594,2097400.0,LM
2010-11-23,6.3499999046325675,6.539999961853027,6.260000228881836,6.369999885559082,5.646937370300293,24300.0,LMAT
2010-11-23,22.709999084472656,23.10000038146973,22.709999084472656,22.979999542236328,21.048763275146484,6300.0,LMNR
2010-11-23,17.030000686645508,17.120000839233402,16.75,16.959999084472653,16.325864791870114,84900.0,LMNX
2010-11-23,49.0476188659668,49.0476188659668,49.0476188659668,49.0476188659668,48.86138534545898,100.0,LMST
2010-11-23,68.23999786376953,68.91000366210939,68.13999938964844,68.31999969482422,49.47661590576172,2363000.0,LMT
2010-11-23,23.75,23.809999465942386,23.34000015258789,23.420000076293945,19.78868865966797,4360600.0,LNC
2010-11-23,6.0900001525878915,6.190000057220459,6.070000171661378,6.139999866485597,6.139999866485597,29100.0,LNDC
2010-11-23,5.800000190734862,6.199999809265138,5.5900001525878915,6.0,6.0,4041500.0,LNG
2010-11-23,58.2400016784668,58.68999862670898,57.0099983215332,57.66999816894531,51.93705749511719,149000.0,LNN
2010-11-23,18.010000228881836,18.049999237060547,17.844999313354492,18.010000228881836,12.760425567626953,707600.0,LNT
2010-11-23,1.3899999856948853,1.399999976158142,1.3899999856948853,1.399999976158142,0.8917077779769897,2200.0,LOAN
2010-11-23,89.5,89.5,79.75,79.75,79.75,16600.0,LODE
2010-11-23,20.46999931335449,20.5,20.11000061035156,20.21999931335449,15.234562873840332,1133100.0,LOGI
2010-11-23,43.209999084472656,43.45000076293945,42.31999969482422,43.040000915527344,40.857582092285156,182400.0,LOGM
2010-11-23,10.5,10.5,10.5,10.5,10.5,0.0,LONE
2010-11-23,18.649999618530273,19.25,18.32999992370605,19.149999618530273,19.149999618530273,273400.0,LOPE
2010-11-23,75.66999816894531,78.88999938964844,75.01000213623047,75.83999633789062,40.74429702758789,150500.0,LORL
2010-11-23,3.009999990463257,3.009999990463257,2.900000095367432,2.9300000667572017,2.9300000667572017,17700.0,LOV
2010-11-23,22.149999618530273,22.18000030517578,21.93000030517578,22.06999969482422,18.63384437561035,11923800.0,LOW
2010-11-23,17.739999771118164,17.739999771118164,17.5,17.549999237060547,16.230987548828125,1380000.0,LPL
2010-11-23,32.009998321533196,33.0,31.5,32.759998321533196,26.19791412353516,288400.0,LPLA
2010-11-23,9.40999984741211,9.479999542236328,9.199999809265137,9.25,9.25,234300.0,LPSN
2010-11-23,1.830000042915344,1.830000042915344,1.75,1.7999999523162842,1.7999999523162842,18300.0,LPTH
2010-11-23,7.880000114440918,8.319999694824219,7.869999885559082,8.199999809265138,7.841011047363281,2568500.0,LPX
2010-11-23,14.9399995803833,15.029999732971193,14.5,15.0,15.0,116100.0,LQDT
2010-11-23,46.31000137329102,46.4000015258789,45.47999954223633,46.0099983215332,41.73380661010742,1326000.0,LRCX
2010-11-23,24.809999465942386,25.29999923706055,24.690000534057614,25.03000068664551,25.03000068664551,171600.0,LRN
2010-11-23,8.029999732971191,8.029999732971191,8.029999732971191,8.029999732971191,6.406780242919923,300.0,LSBK
2010-11-23,4.5,4.6599998474121085,4.460000038146973,4.599999904632568,4.599999904632568,719900.0,LSCC
2010-11-23,35.09999847412109,35.38999938964844,35.0,35.34000015258789,24.55314064025879,86400.0,LSI
2010-11-23,37.36999893188477,37.40999984741211,36.86000061035156,36.90999984741211,33.26958465576172,681300.0,LSTR
2010-11-23,306.6000061035156,306.6000061035156,300.0,300.6000061035156,300.6000061035156,700.0,LTBR
2010-11-23,26.809999465942386,26.96999931335449,26.61000061035156,26.71999931335449,16.499839782714847,112800.0,LTC
2010-11-23,30.959999084472656,31.190000534057614,30.790000915527344,30.959999084472656,29.44635963439941,293000.0,LTM
2010-11-23,3.059999942779541,3.119999885559082,2.869999885559082,3.119999885559082,3.119999885559082,1500.0,LTRX
2010-11-23,5.6500000953674325,5.6500000953674325,5.579999923706055,5.639999866485597,5.639999866485597,33800.0,LUB
2010-11-23,26.44499969482422,27.38500022888184,26.184999465942386,26.71500015258789,26.71500015258789,3137400.0,LULU
2010-11-23,1.8400000333786009,2.059999942779541,1.7999999523162842,1.8899999856948853,1.8899999856948853,21100.0,LUNA
2010-11-23,13.479999542236328,13.5,13.3100004196167,13.420000076293945,12.464585304260256,3506100.0,LUV
2010-11-23,49.4000015258789,49.9900016784668,48.709999084472656,49.06000137329102,32.719078063964844,37940100.0,LVS
2010-11-23,9.649999618530273,9.829999923706056,9.59000015258789,9.600000381469727,9.488967895507812,15400.0,LWAY
2010-11-23,7.480000019073486,7.699999809265138,7.440000057220459,7.670000076293945,4.163249492645264,624000.0,LXP
2010-11-23,9.800000190734863,10.010000228881836,9.59000015258789,9.729999542236328,9.729999542236328,116000.0,LXRX
2010-11-23,21.86000061035156,22.53000068664551,21.780000686645508,22.46999931335449,22.46999931335449,72900.0,LXU
2010-11-23,29.25,29.25,28.809999465942386,28.95000076293945,20.97122573852539,4384400.0,LYB
2010-11-23,4.0,4.050000190734863,3.9700000286102295,3.9700000286102295,3.225957155227661,2845100.0,LYG
2010-11-23,8.659999847412111,9.039999961853027,8.529999732971191,8.989999771118164,6.70168924331665,113400.0,LYTS
2010-11-23,10.649999618530273,10.670000076293944,10.420000076293944,10.449999809265137,10.449999809265137,1420200.0,LYV
2010-11-23,7.789999961853027,7.789999961853027,7.28000020980835,7.449999809265138,6.716257572174072,2375800.0,LZB
2010-11-23,25.35000038146973,26.13999938964844,25.29999923706055,25.45000076293945,17.640287399291992,11114500.0,M
2010-11-23,24.15200042724609,24.23600006103516,23.54800033569336,23.565000534057614,20.45271110534668,11405000.0,MA
2010-11-23,59.88000106811523,60.41999816894531,59.79999923706055,60.41999816894531,41.92970657348633,195800.0,MAA
2010-11-23,44.66999816894531,45.2400016784668,44.5099983215332,44.77000045776367,28.188220977783203,1265600.0,MAC
2010-11-23,9.890000343322754,10.5,9.890000343322754,10.31999969482422,10.31999969482422,272200.0,MAG
2010-11-23,3.2999999523162837,3.2999999523162837,3.0699999332427983,3.2000000476837163,3.2000000476837163,25300.0,MAGS
2010-11-23,17.290000915527347,17.350000381469727,17.0,17.059999465942386,8.236787796020508,58800.0,MAIN
2010-11-23,55.4900016784668,55.959999084472656,55.09000015258789,55.7400016784668,46.67652130126953,547900.0,MAN
2010-11-23,7.747499942779541,7.8375000953674325,7.672500133514403,7.8375000953674325,7.8375000953674325,324400.0,MANH
2010-11-23,39.38999938964844,39.61999893188477,39.0,39.540000915527344,31.5764217376709,155900.0,MANT
2010-11-23,36.29594802856445,36.52214813232422,36.022621154785156,36.38077163696289,32.125457763671875,1706300.0,MAR
2010-11-23,4.239999771118163,4.239999771118163,4.010000228881837,4.2199997901916495,4.2199997901916495,4700.0,MARK
2010-11-23,21.979999542236328,22.100000381469727,21.959999084472656,22.100000381469727,9.780007362365724,1100.0,MARPS
2010-11-23,9.49912166595459,9.666080474853516,9.446396827697754,9.446396827697754,8.05666446685791,3684800.0,MAS
2010-11-23,31.04999923706055,31.34000015258789,30.70000076293945,31.1299991607666,28.980731964111328,599600.0,MASI
2010-11-23,24.96999931335449,25.35000038146973,24.8700008392334,25.26000022888184,18.13188934326172,4293700.0,MAT
2010-11-23,33.130001068115234,33.130001068115234,32.580001831054695,32.689998626708984,29.042503356933594,80700.0,MATW
2010-11-23,16.907169342041016,16.94552993774414,16.715370178222653,16.864015579223633,12.98910427093506,355300.0,MATX
2010-11-23,13.199999809265135,13.210000038146973,13.130000114440918,13.199999809265135,6.990054130554199,50300.0,MAV
2010-11-23,50.25,50.25,50.25,50.25,41.330814361572266,0.0,MAXR
2010-11-23,11.729999542236328,13.43000030517578,11.729999542236328,13.43000030517578,13.43000030517578,1600.0,MAYS
2010-11-23,8.75,8.75,8.75,8.75,6.141113758087157,0.0,MBCN
2010-11-23,10.18000030517578,10.239999771118164,9.989999771118164,10.0600004196167,10.0600004196167,3678400.0,MBI
2010-11-23,18468.0,18468.0,17658.0,17658.0,17658.0,0.0,MBOT
2010-11-23,20.93000030517578,21.1200008392334,20.809999465942386,21.030000686645508,9.85155963897705,2596500.0,MBT
2010-11-23,6.710000038146973,7.130000114440918,6.5900001525878915,6.960000038146973,5.015122890472412,28000.0,MBWM
2010-11-23,13.399999618530273,13.510000228881836,13.399999618530273,13.479999542236328,8.035678863525389,137900.0,MCA
2010-11-23,2.0999999046325684,2.1199998855590816,2.0199999809265137,2.0799999237060547,1.8279926776885984,38000.0,MCBC
2010-11-23,79.05000305175781,79.19999694824219,78.44000244140625,79.01000213623047,59.1983871459961,5460400.0,MCD
2010-11-23,57.75,58.16999816894531,56.7599983215332,57.599998474121094,54.75836181640625,185000.0,MCF
2010-11-23,33.669998168945305,33.860000610351555,33.470001220703125,33.759998321533196,25.991374969482425,2018400.0,MCHP
2010-11-23,6.820000171661378,7.050000190734862,6.809999942779541,7.019999980926514,5.453178405761719,86600.0,MCHX
2010-11-23,15.279999732971193,15.449999809265135,15.03499984741211,15.045000076293945,7.410309314727782,10000.0,MCI
2010-11-23,64.90000152587889,64.90000152587889,63.959999084472656,64.19000244140625,59.29579162597656,1671400.0,MCK
2010-11-23,8.899999618530273,8.920000076293945,8.8100004196167,8.8100004196167,3.6733820438385014,92500.0,MCN
2010-11-23,26.6200008392334,26.68000030517578,26.31999969482422,26.32999992370605,23.194171905517575,1855600.0,MCO
2010-11-23,9.539999961853027,9.5600004196167,9.489999771118164,9.539999961853027,4.2652010917663565,102300.0,MCR
2010-11-23,11.8100004196167,11.899999618530273,11.710000038146973,11.859999656677244,11.859999656677244,9000.0,MCRI
2010-11-23,12.93000030517578,13.140000343322756,12.890000343322756,13.039999961853027,10.58686637878418,36900.0,MCS
2010-11-23,43.099998474121094,43.20000076293945,42.93999862670898,43.09000015258789,26.503704071044922,162800.0,MCY
2010-11-23,30.114999771118164,30.190000534057614,29.86000061035156,30.024999618530273,30.024999618530273,373000.0,MD
2010-11-23,23.08333396911621,23.24073982238769,22.768518447875977,22.80555534362793,15.980066299438475,480900.0,MDC
2010-11-23,9.380000114440918,9.380000114440918,9.166666984558104,9.34666633605957,7.196287155151367,211600.0,MDCA
2010-11-23,143.5,143.85000610351562,141.0500030517578,142.10000610351562,142.10000610351562,2400.0,MDGL
2010-11-23,30.34000015258789,30.35000038146973,30.1200008392334,30.229999542236328,16.337139129638672,7526800.0,MDLZ
2010-11-23,33.18000030517578,33.439998626708984,33.060001373291016,33.34999847412109,22.27891540527344,437200.0,MDP
2010-11-23,17.790000915527344,17.799999237060547,17.229999542236328,17.280000686645508,17.280000686645508,2234700.0,MDRX
2010-11-23,34.25,34.580001831054695,33.700000762939446,34.18000030517578,27.756277084350586,9741100.0,MDT
2010-11-23,20.38999938964844,20.450000762939453,20.229999542236328,20.40999984741211,15.301952362060547,496100.0,MDU
2010-11-23,23.270000457763672,23.920000076293945,23.03000068664551,23.8700008392334,20.9635066986084,242200.0,MED
2010-11-23,7.3499999046325675,7.760000228881836,7.320000171661378,7.449999809265138,7.449999809265138,36000.0,MEET
2010-11-23,10.119999885559082,10.199999809265137,9.859999656677246,9.899999618530273,8.528095245361326,206100.0,MEI
2010-11-23,4.800000190734863,4.980000019073486,4.800000190734863,4.860000133514403,4.860000133514403,700.0,MEIP
2010-11-23,64.41999816894531,64.44000244140625,63.08000183105469,63.959999084472656,61.977088928222656,580500.0,MELI
2010-11-23,10.829999923706056,11.029999732971193,10.789999961853027,10.9399995803833,6.3232831954956055,87600.0,MEN
2010-11-23,29.78000068664551,29.78000068664551,29.09000015258789,29.15999984741211,22.44983673095703,740900.0,MEOH
2010-11-23,6.269999980926514,6.4000000953674325,6.25,6.360000133514403,5.09349250793457,136000.0,MERC
2010-11-23,15.989999771118164,15.989999771118164,15.989999771118164,15.989999771118164,15.989999771118164,0.0,MESO
2010-11-23,34.13547134399414,34.13547134399414,33.70766448974609,33.72549057006836,25.22700500488281,8654000.0,MET
2010-11-23,8.149999618530272,8.199999809265138,8.149999618530272,8.170000076293945,2.4209179878234863,2225100.0,MFA
2010-11-23,14.300000190734865,14.4399995803833,13.960000038146973,14.09000015258789,9.45413875579834,3823400.0,MFC
2010-11-23,14.229999542236328,14.229999542236328,14.079999923706055,14.1899995803833,5.947752952575684,12100.0,MFD
2010-11-23,3.2799999713897705,3.2799999713897705,3.2100000381469727,3.2300000190734863,2.217580318450928,830900.0,MFG
2010-11-23,8.680000305175781,8.75,8.489999771118164,8.5,5.323474407196045,34600.0,MFIN
2010-11-23,13.510000228881836,13.56999969482422,13.460000038146973,13.460000038146973,7.786118984222412,105100.0,MFL
2010-11-23,6.699999809265138,6.730000019073486,6.639999866485597,6.6500000953674325,3.806756258010864,90000.0,MFM
2010-11-23,4.880000114440918,4.880000114440918,4.880000114440918,4.880000114440918,3.971248149871826,0.0,MFNC
2010-11-23,8.5,8.689999580383299,8.5,8.659999847412111,7.0400047302246085,4600.0,MFSF
2010-11-23,12.949999809265135,13.020000457763672,12.93000030517578,13.0,7.501055717468263,30400.0,MFT
2010-11-23,7.3400001525878915,7.4000000953674325,7.230000019073486,7.3499999046325675,2.940826892852783,24900.0,MFV
2010-11-23,11.619999885559082,11.710000038146973,11.5600004196167,11.649999618530273,11.649999618530273,26000.0,MG
2010-11-23,24.184999465942386,24.29999923706055,23.60000038146973,23.6924991607666,17.25699234008789,1550400.0,MGA
2010-11-23,27.81999969482422,27.920000076293945,27.60666656494141,27.81333351135254,21.65102767944336,66100.0,MGEE
2010-11-23,7.239999771118164,7.300000190734862,7.199999809265138,7.260000228881836,3.551101922988892,61100.0,MGF
2010-11-23,19.84000015258789,20.31999969482422,19.68000030517578,20.239999771118164,20.239999771118164,62600.0,MGI
2010-11-23,5.960000038146973,6.6500000953674325,5.860000133514403,6.570000171661378,5.181384563446045,3134000.0,MGIC
2010-11-23,48.45000076293945,49.20000076293945,48.33000183105469,48.88999938964844,48.88999938964844,243800.0,MGLN
2010-11-23,12.390000343322756,12.449999809265135,12.0600004196167,12.170000076293945,11.505967140197756,27770600.0,MGM
2010-11-23,9.039999961853027,9.15999984741211,8.960000038146973,9.039999961853027,8.30632495880127,47200.0,MGPI
2010-11-23,27.690000534057614,27.78000068664551,27.209999084472656,27.53000068664551,20.875396728515625,49100.0,MGRC
2010-11-23,16.950000762939453,16.950000762939453,16.680000305175778,16.809999465942386,9.114250183105467,83800.0,MGU
2010-11-23,3.3499999046325684,3.3499999046325684,3.3299999237060547,3.3499999046325684,3.3499999046325684,2500.0,MGYR
2010-11-23,15.970000267028807,16.440000534057614,15.84000015258789,16.200000762939453,9.011676788330078,76100.0,MHD
2010-11-23,14.0,14.0,13.920000076293945,14.0,8.777124404907228,2600.0,MHE
2010-11-23,7.510000228881836,7.550000190734862,7.389999866485597,7.5,4.823044300079347,54000.0,MHF
2010-11-23,1.440000057220459,1.440000057220459,1.440000057220459,1.440000057220459,1.0391830205917358,0.0,MHH
2010-11-23,14.100000381469727,14.220000267028807,14.010000228881836,14.100000381469727,7.661478996276855,76400.0,MHI
2010-11-23,52.70000076293945,53.290000915527344,52.29999923706055,52.5099983215332,52.5099983215332,397000.0,MHK
2010-11-23,7.570000171661378,7.630000114440918,7.5,7.53000020980835,5.268426895141602,186000.0,MHLD
2010-11-23,14.210000038146973,14.350000381469727,14.15999984741211,14.3100004196167,8.544332504272461,84900.0,MHN
2010-11-23,11.350000381469727,11.4399995803833,10.880000114440918,11.1899995803833,11.1899995803833,194700.0,MHO
2010-11-23,19.479999542236328,19.479999542236328,19.01000022888184,19.209999084472656,10.24810028076172,81400.0,MIC
2010-11-23,5.579999923706055,5.579999923706055,5.579999923706055,5.579999923706055,5.402583599090576,0.0,MICR
2010-11-23,26.03333282470703,26.303333282470703,26.0,26.170000076293945,26.170000076293945,248700.0,MIDD
2010-11-23,6.789999961853027,6.809999942779541,6.75,6.78000020980835,2.9183316230773926,394700.0,MIN
2010-11-23,9.399999618530273,9.56999969482422,9.300000190734863,9.420000076293944,9.420000076293944,28300.0,MIND
2010-11-23,17.59000015258789,18.020000457763672,17.350000381469727,17.969999313354492,15.219151496887207,88400.0,MINI
2010-11-23,3.0999999046325684,3.400000095367432,3.0999999046325684,3.3499999046325684,3.3499999046325684,243200.0,MITK
2010-11-23,14.0,14.079999923706055,14.0,14.020000457763672,8.193967819213867,31000.0,MIY
2010-11-23,43.959999084472656,43.959999084472656,43.65999984741211,43.88999938964844,36.438926696777344,515900.0,MKC
2010-11-23,360.4100036621094,363.67999267578125,356.4200134277344,357.04998779296875,357.04998779296875,29100.0,MKL
2010-11-23,20.450000762939453,20.780000686645508,20.239999771118164,20.670000076293945,17.69036102294922,157200.0,MKSI
2010-11-23,18.6200008392334,18.86000061035156,16.700000762939453,18.280000686645508,16.681354522705078,202800.0,MKTX
2010-11-23,26.0,26.10000038146973,26.0,26.10000038146973,24.28210258483887,800.0,MLAB
2010-11-23,6.0,6.0900001525878915,5.980000019073486,6.019999980926514,4.798861026763916,8124000.0,MLCO
2010-11-23,20.899999618530273,21.11000061035156,20.51000022888184,20.850000381469727,17.74747085571289,92600.0,MLHR
2010-11-23,15.170000076293945,15.329999923706055,15.125,15.220000267028807,12.165138244628904,192600.0,MLI
2010-11-23,85.44000244140625,85.77999877929688,84.3499984741211,85.4800033569336,75.64701843261719,265900.0,MLM
2010-11-23,23.899999618530273,24.20000076293945,23.45000076293945,24.18000030517578,24.18000030517578,231500.0,MLNX
2010-11-23,4.110000133514403,4.110000133514403,3.7699999809265137,3.869999885559082,3.869999885559082,6400.0,MLP
2010-11-23,27.989999771118164,28.040000915527344,27.690000534057614,27.78000068664551,15.744990348815918,6500.0,MLPG
2010-11-23,29.690000534057614,29.690000534057614,29.13999938964844,29.61000061035156,17.164894104003903,49700.0,MLPI
2010-11-23,13.479999542236328,13.5600004196167,13.43000030517578,13.479999542236328,10.264561653137207,36100.0,MLR
2010-11-23,1.0199999809265137,1.0199999809265137,1.0199999809265137,1.0199999809265137,1.0199999809265137,200.0,MLSS
2010-11-23,5.573129653930664,5.573129653930664,5.573129653930664,5.573129653930664,5.547209739685059,0.0,MLVF
2010-11-23,1.0,1.0499999523162842,0.9499999880790709,1.0499999523162842,1.0499999523162842,72100.0,MMAC
2010-11-23,24.8799991607666,24.979999542236328,24.71999931335449,24.770000457763672,19.95078468322754,3334400.0,MMC
2010-11-23,37.0,37.27999877929688,36.09000015258789,36.709999084472656,13.33046054840088,100800.0,MMLP
2010-11-23,83.91000366210938,84.54000091552734,83.13999938964844,83.58999633789062,65.59576416015625,3933200.0,MMM
2010-11-23,27.78499984741211,28.059999465942386,27.69499969482422,28.059999465942386,16.427799224853516,641400.0,MMP
2010-11-23,15.1225004196167,15.145000457763672,14.767499923706055,15.085000038146973,13.842147827148438,346000.0,MMS
2010-11-23,11.904000282287598,12.02400016784668,11.887999534606935,12.015999794006348,12.015999794006348,95200.0,MMSI
2010-11-23,6.9000000953674325,6.949999809265138,6.860000133514403,6.949999809265138,3.174524545669556,177800.0,MMT
2010-11-23,12.550000190734865,12.739999771118164,12.510000228881836,12.739999771118164,7.5663814544677725,139500.0,MMU
2010-11-23,29.40999984741211,29.56999969482422,28.13999938964844,28.68000030517578,28.68000030517578,245300.0,MMYT
2010-11-23,2.220000028610229,2.220000028610229,2.2100000381469727,2.220000028610229,0.7378515005111694,19600.0,MNDO
2010-11-23,13.520000457763672,13.529999732971193,13.43000030517578,13.449999809265135,8.706050872802733,6100.0,MNE
2010-11-23,30.899999618530273,31.70000076293945,30.35000038146973,31.60000038146973,31.60000038146973,381400.0,MNKD
2010-11-23,5.289999961853027,5.889999866485597,5.289999961853027,5.440000057220459,5.440000057220459,600.0,MNOV
2010-11-23,13.739999771118164,13.960000038146973,13.699999809265135,13.739999771118164,8.32801628112793,37200.0,MNP
2010-11-23,8.069999694824219,8.220000267028809,8.050000190734862,8.149999618530272,4.765030860900879,36500.0,MNR
2010-11-23,32.360000610351555,32.433334350585945,31.940000534057614,32.35333251953125,29.17425346374512,250800.0,MNRO
2010-11-23,4.809523582458496,4.809523582458496,4.809523582458496,4.809523582458496,4.809523582458496,300.0,MNSB
2010-11-23,8.75,8.791666984558105,8.670000076293945,8.744999885559082,8.744999885559082,3631200.0,MNST
2010-11-23,15.199999809265135,15.270000457763672,14.899999618530273,15.09000015258789,15.09000015258789,544100.0,MNTA
2010-11-23,3.660000085830689,3.7000000476837163,3.4600000381469727,3.5699999332427983,3.5699999332427983,73100.0,MNTX
2010-11-23,24.309999465942386,24.61000061035156,24.18000030517578,24.540000915527344,15.164301872253418,13625000.0,MO
2010-11-23,14.210000038146973,14.539999961853027,14.09000015258789,14.460000038146973,14.460000038146973,314000.0,MOD
2010-11-23,14.670000076293945,14.8100004196167,14.06999969482422,14.56999969482422,11.794217109680176,12900.0,MOFG
2010-11-23,16.979999542236328,17.200000762939453,16.893333435058597,16.986665725708008,16.986665725708008,205900.0,MOH
2010-11-23,0.6000000238418579,0.6000000238418579,0.6000000238418579,0.6000000238418579,0.590853214263916,300.0,MOMO
2010-11-23,49.2400016784668,49.47999954223633,48.91999816894531,48.959999084472656,44.97264099121094,243300.0,MORN
2010-11-23,68.86000061035156,69.63999938964844,67.81999969482422,69.01999664306639,58.77223205566406,3912500.0,MOS
2010-11-23,826.0,848.0,802.0,842.0,842.0,200.0,MOSY
2010-11-23,11.399999618530273,11.520000457763672,11.3100004196167,11.43000030517578,9.74377155303955,36400.0,MOV
2010-11-23,14.010000228881836,14.130000114440918,13.9399995803833,14.079999923706055,8.352748870849611,28100.0,MPA
2010-11-23,12.59000015258789,12.699999809265135,12.140000343322756,12.56999969482422,12.56999969482422,56800.0,MPAA
2010-11-23,7.5,7.5,7.5,7.5,5.974757194519043,0.0,MPB
2010-11-23,13.630000114440918,13.949999809265135,13.630000114440918,13.949999809265135,6.9050865173339835,7400.0,MPV
2010-11-23,10.600000381469727,10.68000030517578,10.550000190734863,10.640000343322754,5.587149620056152,426000.0,MPW
2010-11-23,15.800000190734865,16.549999237060547,15.65999984741211,16.299999237060547,14.548794746398926,529700.0,MPWR
2010-11-23,6.179999828338622,6.300000190734862,6.1500000953674325,6.199999809265138,5.13832950592041,9300.0,MPX
2010-11-23,12.020000457763672,12.119999885559082,12.020000457763672,12.079999923706055,7.0299015045166025,33600.0,MQT
2010-11-23,13.979999542236328,14.289999961853027,13.970000267028807,14.199999809265135,8.276012420654299,110600.0,MQY
2010-11-23,16.520000457763672,16.739999771118164,16.110000610351562,16.700000762939453,16.067346572875973,137000.0,MRCY
2010-11-23,35.34000015258789,35.380001068115234,34.709999084472656,34.810001373291016,25.15674591064453,18337000.0,MRK
2010-11-23,192.0,240.0,192.0,228.0,228.0,0.0,MRKR
2010-11-23,11.020000457763672,11.020000457763672,10.800000190734863,10.81999969482422,7.224518775939941,11800.0,MRLN
2010-11-23,35.57609939575195,36.10469818115234,34.744598388671875,36.08689880371094,36.08689880371094,2211.0,MRNS
2010-11-23,20.23924446105957,20.23924446105957,19.809764862060547,19.87537956237793,16.485000610351562,10619700.0,MRO
2010-11-23,8.779999732971191,8.928000450134277,8.583999633789062,8.63599967956543,7.645255088806152,357000.0,MRTN
2010-11-23,19.780000686645508,20.11000061035156,19.68000030517578,19.799999237060547,17.272207260131836,10386500.0,MRVL
2010-11-23,24.76000022888184,24.989999771118164,24.649999618530273,24.65999984741211,21.03179168701172,12929100.0,MS
2010-11-23,28.670000076293945,28.670000076293945,28.209999084472656,28.489999771118164,22.84030914306641,56200.0,MSA
2010-11-23,43.34000015258789,43.72000122070313,42.040000915527344,43.16999816894531,19.742401123046875,197800.0,MSB
2010-11-23,6.010000228881836,6.010000228881836,6.010000228881836,6.010000228881836,5.219945907592773,500.0,MSBF
2010-11-23,34.72999954223633,34.75,34.06999969482422,34.299999237060554,32.040084838867195,542800.0,MSCI
2010-11-23,11.130000114440918,11.18000030517578,11.020000457763672,11.079999923706056,5.786367893218994,104800.0,MSD
2010-11-23,17.68000030517578,17.989999771118164,17.610000610351562,17.860000610351562,13.456747055053713,28200.0,MSEX
2010-11-23,25.56999969482422,25.60000038146973,25.09000015258789,25.1200008392334,20.128751754760746,69742500.0,MSFT
2010-11-23,6.92865800857544,6.92865800857544,6.807738780975343,6.8802900314331055,6.8802900314331055,429300.0,MSGN
2010-11-23,32.259151458740234,32.38042449951172,31.57192420959473,31.77404975891113,26.744815826416016,7189900.0,MSI
2010-11-23,59.09000015258789,60.52999877929688,59.02999877929688,60.290000915527344,45.84393692016602,445100.0,MSM
2010-11-23,2.049999952316284,2.1199998855590816,2.049999952316284,2.0999999046325684,0.9515624642372132,58100.0,MSN
2010-11-23,2.470000028610229,2.799999952316284,2.470000028610229,2.690000057220459,2.690000057220459,30400.0,MSON
2010-11-23,89.0999984741211,89.75,87.33999633789062,88.30999755859375,88.30999755859375,147000.0,MSTR
2010-11-23,5.967604637145996,5.967604637145996,5.967604637145996,5.967604637145996,5.210388660430908,0.0,MSVB
2010-11-23,96.08999633789062,96.66000366210938,94.91999816894531,95.63999938964844,83.26661682128906,1680400.0,MT
2010-11-23,12.5,12.5,12.170000076293945,12.350000381469727,12.230704307556152,74211.0,MTA
2010-11-23,76.22000122070312,77.44000244140625,75.87000274658203,77.11000061035156,60.42993927001953,1610400.0,MTB
2010-11-23,0.12999999523162842,0.12999999523162842,0.125,0.12999999523162842,0.12999999523162842,26170.0,MTC
2010-11-23,143.0500030517578,143.10000610351562,141.55999755859375,142.35000610351562,142.35000610351562,162000.0,MTD
2010-11-23,12.100000381469727,12.869999885559082,12.100000381469727,12.31999969482422,12.31999969482422,1700.0,MTEM
2010-11-23,17.5,20.299999237060547,17.200000762939453,18.899999618530273,15.880611419677734,68500.0,MTEX
2010-11-23,8.170000076293945,8.310000419616701,8.100000381469728,8.189999580383299,8.081308364868164,2581600.0,MTG
2010-11-23,18.739999771118164,18.81999969482422,18.36000061035156,18.600000381469727,18.600000381469727,251700.0,MTH
2010-11-23,47.47999954223633,47.47999954223633,46.41999816894531,46.91999816894531,45.77789306640625,817800.0,MTL
2010-11-23,44.90999984741211,45.38000106811523,44.709999084472656,45.33000183105469,37.14339065551758,342900.0,MTN
2010-11-23,17.850000381469727,18.010000228881836,17.469999313354492,17.639999389648438,17.639999389648438,1222400.0,MTOR
2010-11-23,51.20000076293945,51.20000076293945,49.70000076293945,50.68999862670898,22.97425079345703,3900.0,MTR
2010-11-23,35.060001373291016,35.77000045776367,34.540000915527344,35.54999923706055,32.73093795776367,76600.0,MTRN
2010-11-23,9.56999969482422,9.699999809265137,9.5,9.56999969482422,9.56999969482422,72400.0,MTRX
2010-11-23,34.880001068115234,35.439998626708984,34.720001220703125,35.41999816894531,28.601919174194336,49300.0,MTSC
2010-11-23,1.4800000190734863,1.4800000190734863,1.4299999475479126,1.4700000286102295,1.4700000286102295,5500.0,MTSL
2010-11-23,21.07999992370605,21.1200008392334,20.940000534057614,21.07999992370605,13.841914176940918,21500.0,MTT
2010-11-23,10.181528091430664,10.281169891357422,9.973187446594238,9.973187446594238,9.6410493850708,2149000.0,MTW
2010-11-23,30.149999618530273,30.3700008392334,30.024999618530273,30.19499969482422,29.04178047180176,183400.0,MTX
2010-11-23,14.399999618530273,14.630000114440918,14.289999961853027,14.390000343322756,14.390000343322756,574400.0,MTZ
2010-11-23,7.210000038146973,7.519999980926514,7.179999828338622,7.420000076293945,7.420000076293945,36899800.0,MU
2010-11-23,12.359999656677244,12.380000114440918,12.260000228881836,12.34000015258789,7.496034622192383,57700.0,MUA
2010-11-23,13.640000343322756,13.649999618530273,13.550000190734865,13.649999618530273,8.196332931518555,123000.0,MUC
2010-11-23,13.050000190734865,13.079999923706055,12.890000343322756,13.029999732971193,7.552106857299805,81200.0,MUE
2010-11-23,4.849999904632568,4.880000114440918,4.800000190734863,4.8400001525878915,3.6979947090148926,2112100.0,MUFG
2010-11-23,14.239999771118164,14.289999961853027,14.140000343322756,14.289999961853027,8.029560089111326,35200.0,MUH
2010-11-23,14.359999656677244,14.640000343322756,14.359999656677244,14.600000381469727,8.834732055664062,166500.0,MUI
2010-11-23,14.300000190734865,14.350000381469727,14.260000228881836,14.279999732971193,8.412530899047853,34700.0,MUJ
2010-11-23,56.89982604980469,56.92573547363281,56.02763366699219,56.39032745361328,41.67202377319336,1839200.0,MUR
2010-11-23,12.8100004196167,12.9399995803833,12.8100004196167,12.93000030517578,7.450724124908447,36900.0,MUS
2010-11-23,5.619999885559082,5.868000030517577,5.5900001525878915,5.730000019073486,5.598477840423584,980300.0,MUX
2010-11-23,13.039999961853027,13.25,13.039999961853027,13.18000030517578,8.040416717529299,43700.0,MVC
2010-11-23,9.59000015258789,9.640000343322754,9.399999618530273,9.510000228881836,5.322539329528809,108300.0,MVF
2010-11-23,11.279999732971193,11.359999656677244,10.239999771118164,10.479999542236328,10.479999542236328,151700.0,MVIS
2010-11-23,31.649999618530273,32.0,31.59000015258789,31.76000022888184,11.227673530578613,62200.0,MVO
2010-11-23,14.510000228881836,14.739999771118164,14.489999771118164,14.649999618530273,8.211535453796388,30200.0,MVT
2010-11-23,3.4100000858306885,3.470000028610229,3.4100000858306885,3.440000057220459,3.00746488571167,869400.0,MWA
2010-11-23,39.17499923706055,39.17499923706055,39.17499923706055,39.17499923706055,39.17499923706055,0.0,MWK
2010-11-23,7.1500000953674325,7.1500000953674325,7.1500000953674325,7.1500000953674325,7.1500000953674325,0.0,MXC
2010-11-23,10.890000343322754,10.9399995803833,10.56999969482422,10.869999885559082,8.783465385437013,5200.0,MXE
2010-11-23,27.10000038146973,27.270000457763672,26.899999618530273,27.040000915527344,12.72665786743164,11500.0,MXF
2010-11-23,23.399999618530273,23.61000061035156,23.26000022888184,23.399999618530273,17.265111923217773,2895800.0,MXIM
2010-11-23,10.260000228881836,10.300000190734863,9.90999984741211,10.229999542236328,10.229999542236328,110600.0,MXL
2010-11-23,13.65999984741211,13.6899995803833,13.5600004196167,13.600000381469727,7.772200584411621,79300.0,MYC
2010-11-23,13.850000381469727,13.979999542236328,13.84000015258789,13.90999984741211,7.852998733520508,168400.0,MYD
2010-11-23,9.729999542236328,9.970000267028807,9.720000267028807,9.770000457763672,7.4110107421875,75500.0,MYE
2010-11-23,13.289999961853027,13.380000114440918,13.220000267028807,13.380000114440918,7.557272434234619,56500.0,MYF
2010-11-23,21.1200008392334,22.0,21.100000381469727,21.959999084472656,21.959999084472656,1494900.0,MYGN
2010-11-23,13.039999961853027,13.18000030517578,13.0,13.15999984741211,7.675419807434082,178400.0,MYI
2010-11-23,14.75,14.800000190734865,14.720000267028807,14.75,8.606307029724121,20200.0,MYJ
2010-11-23,19.920000076293945,20.13999938964844,19.75,20.13999938964844,20.13999938964844,15771400.0,MYL
2010-11-23,13.3100004196167,13.399999618530273,13.229999542236328,13.359999656677244,8.02266788482666,61400.0,MYN
2010-11-23,12.5,12.5,12.5,12.5,12.5,0.0,MYOS
2010-11-23,14.59000015258789,14.729999542236328,14.34000015258789,14.5600004196167,14.5600004196167,70700.0,MYRG
2010-11-23,13.149999618530273,13.25,12.970000267028807,13.039999961853027,8.044923782348633,10500.0,MZA
2010-11-23,12.960000038146973,13.039999961853027,12.850000381469727,12.90999984741211,7.463634014129639,86300.0,NAC
2010-11-23,13.800000190734865,13.9399995803833,13.800000190734865,13.9399995803833,8.026984214782715,77800.0,NAD
2010-11-23,6.739999771118164,6.8499999046325675,6.739999771118164,6.760000228881836,6.760000228881836,3100.0,NAII
2010-11-23,9.140000343322754,9.149999618530273,8.989999771118164,9.0,9.0,174000.0,NAK
2010-11-23,13.65999984741211,13.729999542236328,13.630000114440918,13.729999542236328,8.394453048706055,5500.0,NAN
2010-11-23,25.65276527404785,25.672332763671875,25.34947204589844,25.476659774780273,12.428974151611328,448900.0,NAT
2010-11-23,16.0,16.110000610351562,16.0,16.010000228881836,9.611745834350586,1700.0,NATH
2010-11-23,22.71999931335449,22.75333404541016,22.513334274291992,22.69333267211914,18.47413825988769,259500.0,NATI
2010-11-23,8.699999809265138,8.710000038146973,8.600000381469728,8.609999656677246,6.217151165008545,8000.0,NATR
2010-11-23,52.20000076293945,52.459999084472656,51.16999816894531,51.38000106811523,51.38000106811523,1001500.0,NAV
2010-11-23,36.400001525878906,36.400001525878906,35.79999923706055,36.20000076293945,36.20000076293945,4400.0,NAVB
2010-11-23,13.579999923706055,13.579999923706055,13.399999618530273,13.420000076293945,8.36727237701416,3500.0,NAZ
2010-11-23,18.850000381469727,19.09000015258789,18.790000915527344,18.82999992370605,10.305073738098145,154300.0,NBB
2010-11-23,14.270000457763672,14.390000343322756,14.199999809265135,14.31999969482422,8.550986289978027,48700.0,NBH
2010-11-23,6.789999961853027,6.8400001525878915,6.53000020980835,6.579999923706055,6.579999923706055,415700.0,NBIX
2010-11-23,40.69499969482422,40.94499969482422,39.935001373291016,39.9900016784668,35.37921524047852,2905000.0,NBL
2010-11-23,17.209999084472653,17.209999084472653,15.989999771118164,16.0,13.96851921081543,1700.0,NBN
2010-11-23,14.270000457763672,14.369999885559082,14.25,14.369999885559082,9.165468215942383,7400.0,NBO
2010-11-23,21.989999771118164,22.0,21.13999938964844,21.32999992370605,17.79546356201172,7780300.0,NBR
2010-11-23,22.350000381469727,22.5,22.1299991607666,22.309999465942386,16.151504516601562,66300.0,NBTB
2010-11-23,14.09000015258789,14.31999969482422,14.09000015258789,14.25,8.992586135864258,6100.0,NBW
2010-11-23,45.75,46.0,44.5,46.0,46.0,100.0,NBY
2010-11-23,7.199213981628418,7.25092077255249,6.828275203704834,7.019364833831787,2.428600788116455,549700.0,NC
2010-11-23,9.100000381469727,9.170000076293944,8.970000267028809,9.130000114440918,6.022120952606201,61000.0,NCA
2010-11-23,14.8100004196167,14.880000114440918,14.720000267028807,14.880000114440918,9.152657508850098,8700.0,NCB
2010-11-23,18.670000076293945,18.71999931335449,18.3799991607666,18.489999771118164,9.082375526428224,153100.0,NCMI
2010-11-23,14.199999809265135,14.460000038146973,14.1899995803833,14.420000076293945,14.420000076293945,1706400.0,NCR
2010-11-23,19.350000381469727,19.88999938964844,19.07999992370605,19.31999969482422,19.31999969482422,4600.0,NCTY
2010-11-23,9.829999923706056,9.829999923706056,9.699999809265137,9.729999542236328,3.198350429534912,177500.0,NCV
2010-11-23,9.0600004196167,9.1899995803833,9.0600004196167,9.100000381469727,2.916888236999512,163000.0,NCZ
2010-11-23,21.299999237060547,21.57999992370605,21.200000762939453,21.239999771118164,18.370620727539066,2595200.0,NDAQ
2010-11-23,39.27999877929688,39.59500122070313,38.34500122070313,39.41999816894531,35.54246139526367,322600.0,NDSN
2010-11-23,31.153846740722656,31.171329498291016,30.38461494445801,30.472028732299805,24.526355743408203,4973400.0,NE
2010-11-23,14.0,14.0600004196167,13.960000038146973,14.050000190734865,8.333536148071289,33400.0,NEA
2010-11-23,51.33000183105469,51.33000183105469,51.0,51.16999816894531,37.937355041503906,2623300.0,NEE
2010-11-23,60.95000076293945,61.83000183105469,60.52999877929688,60.59000015258789,50.96419525146485,6441500.0,NEM
2010-11-23,22.36666679382324,22.36666679382324,21.75,21.75,15.5347318649292,1500.0,NEN
2010-11-23,1.2799999713897705,1.2899999618530271,1.2599999904632568,1.2899999618530271,1.2899999618530271,8500.0,NEO
2010-11-23,18.054513931274414,18.30957794189453,17.884471893310547,18.259565353393555,18.259565353393555,102700.0,NEOG
2010-11-23,20.0,20.0,20.0,20.0,20.0,800.0,NEON
2010-11-23,25.20000076293945,27.0,25.20000076293945,27.0,27.0,46.0,NEPH
2010-11-23,1.919999957084656,1.9700000286102293,1.8999999761581419,1.919999957084656,1.919999957084656,7400.0,NEPT
2010-11-23,3.2000000476837163,3.2000000476837163,3.2000000476837163,3.2000000476837163,3.2000000476837163,1000.0,NET
2010-11-23,2.0,2.0,2.0,2.0,2.0,0.0,NETE
2010-11-23,123.12999725341795,124.33999633789062,122.05999755859376,123.79000091552734,107.37322235107422,57500.0,NEU
2010-11-23,13.489999771118164,13.850000381469727,13.399999618530273,13.5,7.672910213470459,105500.0,NEV
2010-11-23,12.0,16.5,12.0,12.0,12.0,0.0,NEW
2010-11-23,7.0,7.0,6.75,6.8499999046325675,3.4065825939178467,1100.0,NEWT
2010-11-23,0.4350000023841858,0.44999998807907104,0.41999998688697815,0.41999998688697815,0.41999998688697815,168875.0,NEXT
2010-11-23,8.860218048095703,9.0526762008667,8.774681091308594,9.024164199829102,7.30832052230835,20200.0,NFBK
2010-11-23,1321.47998046875,1361.25,1321.47998046875,1325.9000244140625,1325.9000244140625,574.0,NFE
2010-11-23,63.47999954223633,63.47999954223633,62.20000076293945,62.290000915527344,47.59914016723633,370900.0,NFG
2010-11-23,15.829999923706055,15.850000381469727,15.670000076293945,15.729999542236328,6.347453594207764,353200.0,NFJ
2010-11-23,26.604286193847656,27.44285774230957,26.5771427154541,26.81571388244629,26.81571388244629,47708500.0,NFLX
2010-11-23,14.510000228881836,14.670000076293945,14.289999961853027,14.579999923706055,14.579999923706055,3326100.0,NG
2010-11-23,9.050000190734863,9.119999885559082,8.880000114440918,9.0600004196167,9.0600004196167,3148800.0,NGD
2010-11-23,50.55677032470703,50.58951950073242,49.890830993652344,50.02183532714844,30.621192932128906,545000.0,NGG
2010-11-23,16.209999084472653,16.209999084472653,15.75,16.0,16.0,22300.0,NGS
2010-11-23,41.040000915527344,41.209999084472656,40.7400016784668,40.7400016784668,30.879098892211914,6100.0,NHC
2010-11-23,30.71999931335449,30.79999923706055,30.28000068664551,30.520000457763672,7.696764945983888,45500.0,NHF
2010-11-23,44.540000915527344,45.040000915527344,44.31999969482422,44.86000061035156,27.09872055053711,71300.0,NHI
2010-11-23,3.900000095367432,3.900000095367432,3.7000000476837163,3.7000000476837163,3.7000000476837163,700.0,NHLD
2010-11-23,13.390000343322756,13.5,13.380000114440918,13.420000076293945,6.19512414932251,32400.0,NHS
2010-11-23,0.09000000357627869,0.09000000357627869,0.09000000357627869,0.09000000357627869,0.06383022665977478,21400.0,NHTC
2010-11-23,6.6836934089660645,6.7229862213134775,6.612966537475586,6.6836934089660645,3.8630568981170654,6057800.0,NI
2010-11-23,40.2599983215332,40.65999984741211,39.90999984741211,40.40999984741211,40.40999984741211,13000.0,NIB
2010-11-23,32.580001831054695,32.59000015258789,32.240001678466804,32.400001525878906,30.70736694335937,134800.0,NICE
2010-11-23,9.850000381469727,10.0,9.850000381469727,10.0,9.26652717590332,3600.0,NICK
2010-11-23,17.379999160766598,17.540000915527347,17.360000610351562,17.540000915527347,8.663384437561035,103300.0,NIE
2010-11-23,10.380000114440918,10.380000114440918,10.300000190734863,10.3100004196167,7.527390480041504,18400.0,NIM
2010-11-23,20.98500061035156,21.290000915527344,20.78499984741211,21.21999931335449,13.27935791015625,547000.0,NJR
2010-11-23,14.90999984741211,15.0,14.8100004196167,14.869999885559082,8.79578971862793,7700.0,NJV
2010-11-23,21.262500762939453,21.46999931335449,21.21999931335449,21.315000534057614,16.381868362426758,6632000.0,NKE
2010-11-23,13.460000038146973,13.520000457763672,13.460000038146973,13.5,8.795953750610353,2100.0,NKG
2010-11-23,27.170000076293945,27.25,26.85000038146973,26.85000038146973,19.92133331298828,7000.0,NKSH
2010-11-23,13.600000381469727,13.609999656677244,13.15999984741211,13.1899995803833,13.1899995803833,671800.0,NKTR
2010-11-23,12.829999923706055,12.93000030517578,12.829999923706055,12.84000015258789,7.6369709968566895,7800.0,NKX
2010-11-23,11.800000190734865,12.0,11.800000190734865,11.9399995803833,10.367003440856934,10800.0,NL
2010-11-23,1.5,1.5499999523162842,1.4600000381469729,1.5199999809265137,1.5199999809265137,161300.0,NLS
2010-11-23,17.84000015258789,17.920000076293945,17.790000915527344,17.90999984741211,5.7651915550231925,8023000.0,NLY
2010-11-23,55.099998474121094,55.099998474121094,53.4000015258789,53.79999923706055,41.44169616699219,54500.0,NM
2010-11-23,10.779999732971193,10.779999732971193,10.4399995803833,10.619999885559082,6.8831963539123535,27700.0,NMI
2010-11-23,279.45001220703125,279.60000610351557,275.39999389648443,277.20001220703125,245.61769104003903,16000.0,NMM
2010-11-23,5.809999942779541,5.880000114440918,5.760000228881836,5.800000190734862,4.47058629989624,696500.0,NMR
2010-11-23,14.470000267028807,14.640000343322756,14.449999809265135,14.449999809265135,9.156506538391113,9100.0,NMT
2010-11-23,14.670000076293945,14.68000030517578,14.600000381469727,14.619999885559082,9.167129516601562,7800.0,NMY
2010-11-23,12.300000190734865,12.390000343322756,12.199999809265135,12.300000190734865,6.6847825050354,79900.0,NMZ
2010-11-23,77.25,77.25,71.25,73.5,56.39402389526367,48100.0,NNA
2010-11-23,9.850000381469727,10.020000457763672,9.3100004196167,10.010000228881836,8.919790267944336,145200.0,NNBR
2010-11-23,21.600000381469727,22.13999938964844,21.600000381469727,22.0,19.498943328857425,86200.0,NNI
2010-11-23,25.88999938964844,25.979999542236328,25.729999542236328,25.82999992370605,16.673898696899414,674200.0,NNN
2010-11-23,116.9000015258789,117.5999984741211,109.1999969482422,112.6999969482422,112.6999969482422,8100.0,NNVC
2010-11-23,9.399999618530273,9.770000457763672,9.390000343322754,9.550000190734863,6.556227684020996,42600.0,NNY
2010-11-23,9.34000015258789,9.34000015258789,9.149999618530273,9.210000038146973,7.971615314483643,233200.0,NOA
2010-11-23,20.40999984741211,20.40999984741211,19.350000381469727,19.770000457763672,19.08115577697754,388200.0,NOAH
2010-11-23,55.50200653076172,55.745948791503906,54.79727554321289,55.37551498413086,44.858646392822266,2256200.0,NOC
2010-11-23,22.239999771118164,22.65999984741211,21.8700008392334,22.200000762939453,22.200000762939453,704200.0,NOG
2010-11-23,9.640000343322754,9.699999809265137,9.5600004196167,9.56999969482422,6.925741672515869,40194700.0,NOK
2010-11-23,15.960000038146973,16.229999542236328,15.890000343322756,15.899999618530273,10.40200138092041,1100.0,NOM
2010-11-23,54.12083053588867,54.95942306518555,53.58881759643555,54.88728713989258,47.816932678222656,4508400.0,NOV
2010-11-23,8.550000190734862,8.699999809265138,8.489999771118164,8.640000343322754,8.640000343322754,34900.0,NOVT
2010-11-23,17.889999389648438,18.06999969482422,17.540000915527347,17.950000762939453,14.812496185302734,87900.0,NP
2010-11-23,0.07000000029802322,0.07000000029802322,0.07000000029802322,0.07000000029802322,0.07000000029802322,40000.0,NPA
2010-11-23,110.4800033569336,112.25,109.75,111.86000061035156,59.63645935058594,17000.0,NPK
2010-11-23,14.850000381469727,14.9399995803833,14.8100004196167,14.899999618530273,9.564844131469727,2500.0,NPN
2010-11-23,35.310001373291016,35.7599983215332,35.11999893188477,35.56999969482422,32.97220993041992,86900.0,NPO
2010-11-23,15.119999885559082,15.25,14.970000267028807,15.25,9.720728874206543,23100.0,NPV
2010-11-23,13.760000228881836,13.93000030517578,13.760000228881836,13.899999618530273,8.149530410766603,19800.0,NQP
2010-11-23,5.690000057220459,5.71999979019165,5.53000020980835,5.599999904632568,5.599999904632568,798300.0,NR
2010-11-23,19.51000022888184,19.51000022888184,19.229999542236328,19.399999618530273,17.283203125,2847000.0,NRG
2010-11-23,17.790000915527344,18.0,17.790000915527344,18.0,13.706753730773926,600.0,NRIM
2010-11-23,13.899999618530273,13.970000267028807,13.890000343322756,13.890000343322756,8.589056015014647,2400.0,NRK
2010-11-23,3.7999999523162837,3.829999923706055,3.7999999523162837,3.829999923706055,1.897016286849976,215500.0,NRO
2010-11-23,306.1000061035156,306.3999938964844,302.3999938964844,303.79998779296875,220.0583038330078,24000.0,NRP
2010-11-23,29.04999923706055,29.04999923706055,28.54999923706055,28.68000030517578,12.175952911376953,4000.0,NRT
2010-11-23,66.43000030517578,67.33999633789061,66.12000274658203,67.33999633789061,29.543806076049805,125300.0,NS
2010-11-23,60.38000106811523,60.52000045776367,59.20000076293945,59.63000106811523,47.64882278442383,2912200.0,NSC
2010-11-23,11.5,11.5,11.5,11.5,9.61907196044922,0.0,NSEC
2010-11-23,12.949999809265135,13.1899995803833,12.75,13.130000114440918,13.130000114440918,214300.0,NSIT
2010-11-23,7.110000133514403,7.179999828338622,7.0999999046325675,7.179999828338622,3.7049372196197514,49800.0,NSL
2010-11-23,13.979999542236328,14.045000076293945,13.829999923706055,14.03499984741211,9.719048500061037,77800.0,NSP
2010-11-23,1.6399999856948853,1.6399999856948853,1.6399999856948853,1.6399999856948853,1.6399999856948853,100.0,NSSC
2010-11-23,4.53000020980835,4.53000020980835,4.2100000381469735,4.429999828338623,4.429999828338623,2100.0,NSYS
2010-11-23,51.5,51.959999084472656,50.38000106811523,50.849998474121094,44.01100158691406,6353700.0,NTAP
2010-11-23,12579.2001953125,12850.7001953125,12850.7001953125,12669.7001953125,10997.2236328125,326240.0,NTB
2010-11-23,22.1299991607666,22.18000030517578,21.26000022888184,21.600000381469727,21.600000381469727,244300.0,NTCT
2010-11-23,38.540000915527344,38.58000183105469,37.81999969482422,38.22999954223633,32.99173355102539,409000.0,NTES
2010-11-23,23.899999618530273,24.25,23.899999618530273,23.959999084472656,11.039946556091307,181300.0,NTG
2010-11-23,19.54714584350586,19.720844268798828,19.292804718017575,19.491315841674805,19.491315841674805,245500.0,NTGR
2010-11-23,7.494999885559082,7.494999885559082,7.014999866485597,7.014999866485597,6.56236743927002,2600.0,NTIC
2010-11-23,1.6499999761581419,1.6499999761581419,1.6000000238418581,1.6299999952316284,1.3530769348144531,69500.0,NTIP
2010-11-23,17.0,17.5,17.0,17.0,17.0,200.0,NTN
2010-11-23,6.389999866485597,6.440000057220459,6.230000019073486,6.420000076293945,4.915428161621094,86300.0,NTP
2010-11-23,50.27999877929688,50.5099983215332,49.9000015258789,50.34000015258789,40.4194221496582,1250900.0,NTRS
2010-11-23,12.770000457763672,12.93000030517578,12.640000343322756,12.90999984741211,12.90999984741211,106300.0,NTUS
2010-11-23,14.199999809265135,14.399999618530273,13.800000190734865,13.800000190734865,13.800000190734865,30700.0,NTWK
2010-11-23,16.0,16.149999618530273,15.600000381469727,15.75,15.75,5700.0,NTZ
2010-11-23,15.151515007019045,16.61471939086914,14.978355407714846,15.367965698242188,15.367965698242188,18024700.0,NUAN
2010-11-23,37.81999969482422,37.81999969482422,37.25,37.5,27.80066108703613,3066400.0,NUE
2010-11-23,13.43000030517578,13.470000267028807,13.40999984741211,13.449999809265135,8.093376159667969,11000.0,NUM
2010-11-23,15.460000038146973,15.460000038146973,15.279999732971193,15.380000114440918,9.445838928222656,16500.0,NUO
2010-11-23,6796.7998046875,6912.0,6566.39990234375,6566.39990234375,6566.39990234375,0.0,NURO
2010-11-23,31.75,31.75,31.21999931335449,31.35000038146973,24.728130340576172,359100.0,NUS
2010-11-23,9.5600004196167,9.59000015258789,9.449999809265137,9.489999771118164,6.31656551361084,491100.0,NUV
2010-11-23,23.13999938964844,23.739999771118164,23.04999923706055,23.51000022888184,23.51000022888184,793900.0,NUVA
2010-11-23,16.559999465942386,16.600000381469727,16.469999313354492,16.549999237060547,10.558510780334473,27700.0,NUW
2010-11-23,44.599998474121094,45.20000076293945,43.20000076293945,44.20000076293945,44.20000076293945,23200.0,NVAX
2010-11-23,680.0,680.0,680.0,680.0,680.0,0.0,NVCN
2010-11-23,13.600000381469727,13.739999771118164,13.34000015258789,13.4399995803833,12.369894981384276,11445800.0,NVDA
2010-11-23,50.1500015258789,50.65999984741211,49.22999954223633,50.18999862670898,36.77592849731445,18800.0,NVEC
2010-11-23,14.279999732971193,14.390000343322756,14.220000267028807,14.380000114440918,8.441157341003418,50200.0,NVG
2010-11-23,15.5,15.5,15.5,15.5,15.5,0.0,NVGS
2010-11-23,7650.0,7650.0,3900.0,3900.0,3900.0,0.0,NVIV
2010-11-23,6.989999771118164,7.199999809265138,6.699999809265138,6.869999885559082,6.869999885559082,297100.0,NVMI
2010-11-23,20.739999771118164,20.777999877929688,20.559999465942386,20.66399955749512,13.586654663085938,723500.0,NVO
2010-11-23,611.5,618.2000122070312,611.5,615.489990234375,615.489990234375,20100.0,NVR
2010-11-23,49.90143203735352,49.94623565673828,49.18458938598633,49.310035705566406,33.155284881591804,5863900.0,NVS
2010-11-23,10.510000228881836,10.600000381469727,10.399999618530273,10.43000030517578,6.569850444793701,1561900.0,NWBI
2010-11-23,28.649999618530273,28.739999771118164,28.43000030517578,28.6299991607666,20.070627212524414,176300.0,NWE
2010-11-23,17.42424201965332,17.42424201965332,17.42424201965332,17.42424201965332,10.486632347106934,0.0,NWFL
2010-11-23,0.032000001519918435,0.032000001519918435,0.032000001519918435,0.032000001519918435,0.032000001519918435,50.0,NWGI
2010-11-23,16.790000915527347,16.940000534057614,16.719999313354492,16.739999771118164,13.016596794128418,2831000.0,NWL
2010-11-23,168.0,168.0,161.3000030517578,166.25999450683594,163.5093231201172,7900.0,NWLI
2010-11-23,48.65999984741211,49.06000137329102,48.540000915527344,48.97000122070313,34.97420120239258,108100.0,NWN
2010-11-23,21.350000381469727,21.559999465942386,21.07999992370605,21.479999542236328,21.479999542236328,52900.0,NWPX
2010-11-23,16.690000534057614,16.930000305175778,16.510000228881836,16.770000457763672,15.127373695373535,274600.0,NX
2010-11-23,13.18000030517578,13.25,13.149999618530273,13.25,8.580220222473145,11900.0,NXC
2010-11-23,31.22500038146973,31.36000061035156,30.8700008392334,31.32999992370605,26.22105598449707,178600.0,NXGN
2010-11-23,13.600000381469727,13.729999542236328,13.600000381469727,13.699999809265135,8.223452568054201,7100.0,NXJ
2010-11-23,13.9399995803833,13.989999771118164,13.829999923706055,13.90999984741211,9.405675888061523,3100.0,NXN
2010-11-23,14.270000457763672,14.270000457763672,14.079999923706055,14.140000343322756,9.498892784118652,44300.0,NXP
2010-11-23,12.800000190734865,12.899999618530273,12.699999809265135,12.800000190734865,12.52515697479248,440000.0,NXPI
2010-11-23,13.449999809265135,13.489999771118164,13.229999542236328,13.350000381469727,9.028444290161133,51600.0,NXQ
2010-11-23,13.960000038146973,14.119999885559082,13.9399995803833,14.039999961853027,9.58871841430664,27100.0,NXR
2010-11-23,4.75,4.75,4.550000190734863,4.730000019073486,4.153434753417969,10300.0,NXST
2010-11-23,16.84000015258789,17.139999389648438,16.829999923706055,16.920000076293945,9.606860160827637,2246200.0,NYCB
2010-11-23,6.369999885559082,6.389999866485597,6.3499999046325675,6.369999885559082,1.659115433692932,9600.0,NYMT
2010-11-23,3.9300000667572017,3.9600000381469727,3.880000114440918,3.910000085830689,3.910000085830689,38400.0,NYMX
2010-11-23,8.390000343322754,9.279999732971193,8.390000343322754,8.899999618530273,8.34195613861084,8941000.0,NYT
2010-11-23,14.8100004196167,14.920000076293945,14.59000015258789,14.800000190734865,9.746768951416016,24800.0,NYV
2010-11-23,14.359999656677244,14.43000030517578,14.279999732971193,14.390000343322756,8.317073822021483,62500.0,NZF
2010-11-23,33.59999847412109,33.959999084472656,33.549999237060554,33.81999969482422,21.88363075256348,680300.0,O
2010-11-23,24.209999084472656,25.09000015258789,24.03000068664551,24.68000030517578,24.68000030517578,600600.0,OAS
2010-11-23,7.550000190734862,7.8499999046325675,7.5,7.5,7.5,200.0,OBAS
2010-11-23,1.7899999618530271,1.7899999618530271,1.7200000286102295,1.7200000286102295,1.5802050828933716,118700.0,OBCI
2010-11-23,26.07999992370605,26.270000457763672,25.540000915527344,25.59000015258789,23.283184051513672,1999800.0,OC
2010-11-23,3.059999942779541,3.0799999237060547,3.0199999809265137,3.059999942779541,2.810154914855957,3900.0,OCC
2010-11-23,3.5,3.5,3.5,3.5,2.90529465675354,234.0,OCCI
2010-11-23,12.130000114440918,12.3100004196167,12.050000190734865,12.140000343322756,9.27100658416748,30500.0,OCFC
2010-11-23,8.819999694824219,8.930000305175781,8.75,8.800000190734863,8.800000190734863,524800.0,OCN
2010-11-23,11.739999771118164,11.800000190734865,11.640000343322756,11.670000076293945,4.35593318939209,352700.0,OCSL
2010-11-23,21.559999465942386,21.649999618530273,21.26000022888184,21.31999969482422,16.395933151245114,6100.0,ODC
2010-11-23,12.684444427490234,12.875555992126465,12.573333740234375,12.853333473205565,12.66673469543457,1577300.0,ODFL
2010-11-23,4.519999980926514,4.670000076293945,4.519999980926514,4.639999866485597,4.046052932739259,8757300.0,ODP
2010-11-23,3.2300000190734863,3.2300000190734863,3.140000104904175,3.150000095367432,3.150000095367432,33700.0,OESX
2010-11-23,33.990001678466804,34.09999847412109,33.799999237060554,33.81999969482422,22.236909866333008,557500.0,OFC
2010-11-23,11.579999923706055,11.960000038146973,11.529999732971193,11.880000114440918,9.647194862365724,186300.0,OFG
2010-11-23,26.60000038146973,27.270000457763672,26.0,26.71999931335449,26.71999931335449,159700.0,OFIX
2010-11-23,17.329999923706055,17.350000381469727,17.040000915527347,17.129999160766598,13.753096580505373,1900.0,OFLX
2010-11-23,22.34499931335449,22.38999938964844,22.059999465942386,22.375,15.073304176330565,898200.0,OGE
2010-11-23,42.0,42.0,42.0,42.0,42.0,0.0,OGEN
2010-11-23,20.976200103759766,24.20330047607422,20.976200103759766,24.20330047607422,24.20330047607422,5050.0,OGI
2010-11-23,20.950000762939453,21.040000915527344,20.700000762939453,20.8700008392334,10.674467086791992,647000.0,OHI
2010-11-23,27.3799991607666,27.3799991607666,27.03000068664551,27.209999084472656,26.66815185546875,1426400.0,OI
2010-11-23,6.539999961853027,6.559999942779541,6.380000114440918,6.550000190734862,3.8446991443634033,38000.0,OIA
2010-11-23,35.029998779296875,35.040000915527344,33.985000610351555,34.700000762939446,30.67418098449707,1068600.0,OII
2010-11-23,6.170000076293945,6.170000076293945,6.03000020980835,6.119999885559082,6.119999885559082,64600.0,OIIM
2010-11-23,32.74285888671875,32.76571273803711,32.422855377197266,32.662857055664055,32.662857055664055,344400.0,OIS
2010-11-23,22.2334098815918,22.33409118652344,22.005779266357425,22.325336456298828,13.757381439208984,1058300.0,OKE
2010-11-23,23.899999618530273,24.459999084472656,23.61000061035156,24.28000068664551,24.12206077575684,140600.0,OLED
2010-11-23,18.149999618530273,18.200000762939453,17.899999618530273,18.190000534057614,13.16813850402832,987200.0,OLN
2010-11-23,15.630000114440918,15.789999961853027,15.010000228881836,15.100000381469727,7.534389019012451,59000.0,OLP
2010-11-23,14.859999656677244,14.859999656677244,14.5,14.760000228881836,9.696942329406738,32900.0,OMAB
2010-11-23,45.36999893188477,45.36999893188477,44.599998474121094,44.83000183105469,34.36236953735352,2159000.0,OMC
2010-11-23,12.899999618530273,13.039999961853027,12.699999809265135,13.010000228881836,13.010000228881836,160200.0,OMCL
2010-11-23,8.210000038146973,8.300000190734862,8.199999809265138,8.220000267028809,8.220000267028809,20700.0,OMER
2010-11-23,22.200000762939453,23.520000457763672,22.200000762939453,22.440000534057614,22.440000534057614,18900.0,OMEX
2010-11-23,28.54999923706055,28.559999465942386,28.28000068664551,28.399999618530273,21.549842834472656,202600.0,OMI
2010-11-23,8.0,8.039999961853027,7.880000114440918,7.949999809265138,7.949999809265138,3367500.0,ON
2010-11-23,9.90999984741211,10.220000267028807,9.880000114440918,10.15999984741211,7.575571537017822,776000.0,ONB
2010-11-23,191.1000061035156,193.1999969482422,191.1000061035156,191.8000030517578,191.8000030517578,500.0,ONCT
2010-11-23,45.40999984741211,45.40999984741211,43.70000076293945,43.70000076293945,43.70000076293945,7300.0,ONCY
2010-11-23,1.25,1.25,1.25,1.25,1.2155419588088991,0.0,OPBK
2010-11-23,16.760000228881836,17.0,16.399999618530273,16.600000381469727,16.600000381469727,83300.0,OPCH
2010-11-23,71.5999984741211,71.5999984741211,71.5999984741211,71.5999984741211,71.5999984741211,0.0,OPHC
2010-11-23,102.31999969482422,102.91999816894531,101.68000030517578,101.87999725341795,47.59636306762695,37300.0,OPI
2010-11-23,2.880000114440918,2.9500000476837163,2.880000114440918,2.940000057220459,2.940000057220459,71900.0,OPK
2010-11-23,0.30000001192092896,0.30000001192092896,0.30000001192092896,0.30000001192092896,0.30000001192092896,0.0,OPNT
2010-11-23,10.699999809265137,10.81999969482422,10.649999618530273,10.649999618530273,8.950615882873535,8600.0,OPOF
2010-11-23,2.8499999046325684,3.0,2.8499999046325684,3.0,3.0,1300.0,OPRX
2010-11-23,1056.0,1114.0,1040.0,1114.0,1114.0,200.0,OPTT
2010-11-23,23.75,23.95000076293945,23.59000015258789,23.6299991607666,19.30567741394043,12900.0,OPY
2010-11-23,26.85000038146973,27.25,26.6200008392334,27.059999465942386,25.33901405334473,78100.0,ORA
2010-11-23,22.030000686645508,22.07999992370605,21.729999542236328,21.76000022888184,12.240033149719238,930600.0,ORAN
2010-11-23,2.6800000667572017,2.740000009536743,2.6600000858306885,2.6800000667572017,2.6800000667572017,10300.0,ORBC
2010-11-23,27.75,27.81999969482422,27.07999992370605,27.190000534057614,24.040733337402344,31294200.0,ORCL
2010-11-23,12.760000228881836,12.829999923706055,12.539999961853027,12.539999961853027,7.169346809387207,1311800.0,ORI
2010-11-23,59.93000030517578,59.95000076293945,59.2599983215332,59.86999893188477,59.86999893188477,834000.0,ORLY
2010-11-23,3.5999999046325684,3.839999914169312,3.5999999046325684,3.839999914169312,3.839999914169312,0.0,ORMP
2010-11-23,13.600000381469727,13.670000076293945,13.40999984741211,13.600000381469727,13.600000381469727,128300.0,ORN
2010-11-23,25.190000534057614,25.8700008392334,25.190000534057614,25.76000022888184,22.338581085205078,13400.0,ORRF
2010-11-23,1.9099999666213991,1.9900000095367432,1.8500000238418581,1.9900000095367432,1.962377429008484,36500.0,OSBC
2010-11-23,35.45000076293945,35.9900016784668,35.0,35.25,35.25,75900.0,OSIS
2010-11-23,28.57999992370605,29.04999923706055,28.43000030517578,28.5,26.01233673095703,786100.0,OSK
2010-11-23,8.579999923706055,8.710000038146973,8.340000152587889,8.640000343322754,8.640000343322754,112200.0,OSPN
2010-11-23,13.5600004196167,13.6899995803833,13.199999809265135,13.5,13.5,80100.0,OSTK
2010-11-23,4.920000076293945,5.239999771118164,4.78000020980835,5.199999809265137,5.199999809265137,251800.0,OSUR
2010-11-23,0.026000000536441803,0.026000000536441803,0.026000000536441803,0.026000000536441803,0.0259382426738739,0.0,OSW
2010-11-23,17.569999694824222,17.709999084472656,17.569999694824222,17.700000762939453,14.741253852844238,16700.0,OTEL
2010-11-23,10.729999542236328,10.729999542236328,10.522500038146973,10.585000038146973,9.404851913452148,1176800.0,OTEX
2010-11-23,20.65999984741211,20.739999771118164,20.5,20.600000381469727,14.233543395996096,110100.0,OTTR
2010-11-23,4.446308612823486,4.446308612823486,4.446308612823486,4.446308612823486,3.910674333572388,500.0,OTTW
2010-11-23,19.170000076293945,19.170000076293945,19.170000076293945,19.170000076293945,13.82464599609375,700.0,OVBC
2010-11-23,5.8400001525878915,6.0,5.71999979019165,5.71999979019165,5.062903881072998,800.0,OVLY
2010-11-23,140.5,140.75,138.80000305175778,139.55000305175778,128.28054809570312,514100.0,OVV
2010-11-23,24.26000022888184,25.170000076293945,23.959999084472656,24.59000015258789,21.353605270385746,348500.0,OXM
2010-11-23,10.68000030517578,10.800000190734863,10.520000457763672,10.649999618530273,2.9419474601745605,136200.0,OXSQ
2010-11-23,83.45673370361328,84.66388702392578,83.21721649169922,84.38604736328125,57.64562606811523,4992500.0,OXY
2010-11-23,9.457500457763672,9.547499656677246,9.442500114440918,9.482500076293944,8.017607688903809,267600.0,OZK
2010-11-23,31.01499938964844,31.13999938964844,30.75,31.13999938964844,15.54348087310791,695200.0,PAA
2010-11-23,37.93999862670898,38.040000915527344,37.02999877929688,37.22000122070313,31.507339477539066,2206800.0,PAAS
2010-11-23,37.290000915527344,37.290000915527344,36.20000076293945,36.52000045776367,22.58756828308105,72500.0,PAC
2010-11-23,12.100000381469727,12.130000114440918,11.899999618530273,12.029999732971193,12.029999732971193,62800.0,PACB
2010-11-23,17.959999084472656,17.989999771118164,17.709999084472656,17.790000915527344,12.13137912750244,124000.0,PACW
2010-11-23,0.2946000099182129,0.304749995470047,0.2895199954509735,0.2946000099182129,0.2946000099182129,24523118.0,PAE
2010-11-23,14.970000267028807,15.1899995803833,14.84000015258789,15.15999984741211,12.200191497802734,576800.0,PAG
2010-11-23,13.1899995803833,13.279999732971193,13.149999618530273,13.25,8.271851539611816,18200.0,PAI
2010-11-23,14.420000076293945,15.5,14.289999961853027,15.199999809265135,15.016889572143555,525700.0,PAM
2010-11-23,6.449999809265138,6.53000020980835,6.050000190734862,6.050000190734862,6.050000190734862,36900.0,PAR
2010-11-23,0.8000000119209291,0.804444432258606,0.7955555319786072,0.7955555319786072,0.7878352403640747,9900.0,PATK
2010-11-23,0.25,0.25,0.25,0.25,0.25,0.0,PAYS
2010-11-23,28.25,28.270000457763672,27.90999984741211,28.20000076293945,20.484346389770508,2214700.0,PAYX
2010-11-23,32.36999893188477,32.740001678466804,32.189998626708984,32.59999847412109,26.855121612548828,181300.0,PB
2010-11-23,21.32999992370605,21.36000061035156,21.07999992370605,21.280000686645508,11.841946601867676,17400.0,PBA
2010-11-23,2.94957971572876,2.94957971572876,2.94957971572876,2.94957971572876,2.664023160934448,500.0,PBBI
2010-11-23,46.0,60.0,46.0,46.0,42.9068717956543,0.0,PBC
2010-11-23,12.420000076293945,12.489999771118164,12.289999961853027,12.289999961853027,8.151922225952147,4344400.0,PBCT
2010-11-23,11.800000190734865,12.029999732971193,11.710000038146973,11.93000030517578,11.93000030517578,356100.0,PBH
2010-11-23,4.839101314544678,4.839101314544678,4.839101314544678,4.839101314544678,4.256386280059815,0.0,PBHC
2010-11-23,22.3700008392334,22.5,22.299999237060547,22.36000061035156,13.092568397521973,2068300.0,PBI
2010-11-23,6.843220233917236,6.843220233917236,6.843220233917236,6.843220233917236,6.05266809463501,0.0,PBIP
2010-11-23,32.06999969482422,32.299999237060554,31.8700008392334,32.029998779296875,28.173599243164066,19980600.0,PBR
2010-11-23,22.0,22.149999618530273,21.959999084472656,22.049999237060547,11.542346000671387,110500.0,PBT
2010-11-23,52.790000915527344,53.0099983215332,52.2599983215332,52.790000915527344,37.58233642578125,2471300.0,PCAR
2010-11-23,0.6700000166893005,0.6899999976158142,0.6700000166893005,0.6700000166893005,0.5382767915725708,4520.0,PCB
2010-11-23,8.329999923706055,8.439999580383299,8.319999694824219,8.390000343322754,5.089456558227539,23600.0,PCF
2010-11-23,47.15999984741211,47.22000122070313,46.83000183105469,46.97999954223633,36.00477600097656,2007000.0,PCG
2010-11-23,31.520000457763672,31.670000076293945,31.32999992370605,31.559999465942386,19.878053665161133,240600.0,PCH
2010-11-23,8.829999923706055,8.869999885559082,8.760000228881836,8.779999732971191,4.76359224319458,78900.0,PCK
2010-11-23,10.8100004196167,10.90999984741211,10.729999542236328,10.880000114440918,4.239117622375488,21200.0,PCM
2010-11-23,15.93000030517578,16.049999237060547,15.760000228881836,15.960000038146973,6.245554924011231,117900.0,PCN
2010-11-23,12.630000114440918,12.6899995803833,12.5,12.510000228881836,7.142960071563722,53400.0,PCQ
2010-11-23,5.989999771118164,6.110000133514403,5.949999809265138,6.0900001525878915,4.757285118103027,31200.0,PCTI
2010-11-23,4.559999942779541,4.650000095367432,4.559999942779541,4.619999885559082,4.619999885559082,3700.0,PCYG
2010-11-23,3.2000000476837163,3.4500000476837163,3.2000000476837163,3.4500000476837163,3.4500000476837163,4900.0,PCYO
2010-11-23,34.900001525878906,35.439998626708984,34.47999954223633,34.86999893188477,34.86999893188477,303600.0,PDCE
2010-11-23,28.8799991607666,29.59000015258789,28.45000076293945,29.040000915527344,22.84392738342285,1543900.0,PDCO
2010-11-23,2.1400001049041752,2.150000095367432,2.1400001049041752,2.150000095367432,2.150000095367432,12600.0,PDEX
2010-11-23,3.9500000476837163,4.050000190734863,3.880000114440918,4.010000228881837,4.010000228881837,80900.0,PDFS
2010-11-23,5.599999904632568,5.760000228881836,5.550000190734863,5.739999771118164,3.5857417583465576,2615800.0,PDLI
2010-11-23,19.450000762939453,19.90999984741211,19.43000030517578,19.700000762939453,12.326774597167967,853200.0,PDM
2010-11-23,8.239999771118164,8.239999771118164,8.020000457763674,8.109999656677246,7.404163837432861,1019400.0,PDS
2010-11-23,11.260000228881836,11.279999732971193,11.15999984741211,11.270000457763672,5.266387939453125,76800.0,PDT
2010-11-23,29.526411056518555,29.535518646240234,29.30783271789551,29.38069152832031,17.663280487060547,3628400.0,PEAK
2010-11-23,18.11000061035156,18.479999542236328,18.11000061035156,18.38999938964844,13.162736892700195,102600.0,PEB
2010-11-23,4.545454502105713,4.545454502105713,4.545454502105713,4.545454502105713,3.835182666778565,100.0,PEBK
2010-11-23,11.945454597473145,12.045454978942873,11.899999618530273,11.909090995788574,9.092074394226074,5000.0,PEBO
2010-11-23,201.6000061035156,201.6000061035156,201.6000061035156,201.6000061035156,201.6000061035156,0.0,PED
2010-11-23,30.61000061035156,30.79999923706055,30.45000076293945,30.63999938964844,21.113325119018555,3195300.0,PEG
2010-11-23,15.279999732971193,15.529999732971193,15.130000114440918,15.46500015258789,14.948498725891113,535600.0,PEGA
2010-11-23,13.489999771118164,13.84000015258789,13.40999984741211,13.56999969482422,7.10654878616333,482200.0,PEI
2010-11-23,73.5,75.5999984741211,72.44999694824219,73.5,73.5,14700.0,PEIX
2010-11-23,7.88831090927124,7.89283275604248,7.739090919494629,7.777526378631593,7.234644889831543,1815600.0,PENN
2010-11-23,24.75,25.0,24.540000915527344,24.79999923706055,14.65414047241211,47500.0,PEO
2010-11-23,64.11000061035156,64.23999786376953,63.59000015258789,63.88999938964844,48.30001831054688,7198400.0,PEP
2010-11-23,19.26000022888184,19.559999465942386,18.93000030517578,19.200000762939453,18.15652275085449,11500.0,PERI
2010-11-23,7.5,7.699999809265138,7.4000000953674325,7.6500000953674325,7.6500000953674325,17700.0,PESI
2010-11-23,17.280000686645508,17.450000762939453,17.209999084472653,17.40999984741211,11.761080741882324,146700.0,PETS
2010-11-23,8.0,8.050000190734862,8.0,8.050000190734862,7.296706676483153,2000.0,PFBC
2010-11-23,5.0416831970214835,5.0416831970214835,4.962286472320557,4.962286472320557,3.548926591873169,6500.0,PFBI
2010-11-23,11.90999984741211,12.130000114440918,11.880000114440918,12.039999961853027,5.918105602264403,31400.0,PFD
2010-11-23,16.520000457763672,16.729999542236328,16.430000305175778,16.569999694824222,11.82680892944336,39655700.0,PFE
2010-11-23,27.989999771118164,28.04999923706055,27.26000022888184,27.40999984741211,20.471332550048828,4308100.0,PFG
2010-11-23,24.76000022888184,24.770000457763672,24.70000076293945,24.70000076293945,8.299301147460938,1300.0,PFH
2010-11-23,0.25,0.25,0.25,0.25,0.25,0.0,PFIE
2010-11-23,3.359999895095825,3.4300000667572017,3.359999895095825,3.4300000667572017,2.956691026687622,3900.0,PFIN
2010-11-23,27.0,27.0,26.79999923706055,26.79999923706055,20.364044189453125,800.0,PFIS
2010-11-23,11.989999771118164,12.18000030517578,11.9399995803833,12.109999656677244,4.827073097229004,129600.0,PFL
2010-11-23,10.140000343322754,10.25,10.0600004196167,10.149999618530273,4.1045870780944815,135800.0,PFN
2010-11-23,9.899999618530273,9.979999542236328,9.770000457763672,9.979999542236328,4.820295333862305,33600.0,PFO
2010-11-23,13.649999618530273,13.789999961853027,13.529999732971193,13.739999771118164,9.947418212890623,529300.0,PFS
2010-11-23,3.5,3.5199999809265137,3.359999895095825,3.400000095367432,3.400000095367432,22300.0,PFSW
2010-11-23,63.06999969482422,63.13000106811523,62.31999969482422,62.61000061035156,46.83002090454102,10488100.0,PG
2010-11-23,12.0600004196167,12.100000381469727,12.0,12.039999961853027,10.952561378479004,6900.0,PGC
2010-11-23,38.7400016784668,39.11999893188477,38.7400016784668,38.91999816894531,38.91999816894531,18900.0,PGM
2010-11-23,4.690000057220459,4.789999961853027,4.639999866485597,4.75,4.75,90700.0,PGNX
2010-11-23,21.559999465942386,21.71999931335449,21.299999237060547,21.57999992370605,8.302316665649414,48600.0,PGP
2010-11-23,20.76000022888184,20.86000061035156,20.65999984741211,20.65999984741211,15.217622756958008,4768600.0,PGR
2010-11-23,2.1199998855590816,2.150000095367432,2.0999999046325684,2.0999999046325684,2.0999999046325684,14700.0,PGTI
2010-11-23,80.30000305175781,80.41000366210938,79.0,79.93000030517578,67.17420959472656,909200.0,PH
2010-11-23,13.100000381469727,13.170000076293945,13.020000457763672,13.170000076293945,7.0023298263549805,83000.0,PHD
2010-11-23,30.170000076293945,30.26000022888184,29.71999931335449,29.8700008392334,22.325580596923828,1999900.0,PHG
2010-11-23,55.43000030517578,55.77999877929688,55.02000045776367,55.11000061035156,33.44520950317383,113600.0,PHI
2010-11-23,13.079999923706055,13.15999984741211,12.949999809265135,12.989999771118164,4.316527366638184,309500.0,PHK
2010-11-23,6.4099998474121085,6.440000057220459,6.25,6.269999980926514,5.67024564743042,12540500.0,PHM
2010-11-23,15.84000015258789,15.890000343322756,15.6899995803833,15.880000114440918,6.471133708953857,79200.0,PHT
2010-11-23,13.145000457763672,13.204999923706055,13.145000457763672,13.170000076293945,11.656257629394533,16600.0,PHX
2010-11-23,29.21999931335449,29.520000457763672,29.0,29.3700008392334,21.188941955566406,70200.0,PICO
2010-11-23,36.24499893188477,36.48500061035156,35.654998779296875,36.060001373291016,29.29897880554199,677800.0,PII
2010-11-23,5.869999885559082,5.960000038146973,5.800000190734862,5.800000190734862,3.0582144260406494,492100.0,PIM
2010-11-23,25.11000061035156,25.11000061035156,25.11000061035156,25.11000061035156,9.265087127685547,400.0,PIY
2010-11-23,5900.6201171875,6055.89990234375,6055.89990234375,5978.259765625,5838.505859375,20531.0,PJT
2010-11-23,6.816474437713622,6.816474437713622,6.522778511047362,6.522778511047362,5.729257106781006,11600.0,PKBK
2010-11-23,27.20000076293945,27.3700008392334,26.989999771118164,27.20000076293945,11.371870040893555,42100.0,PKE
2010-11-23,25.899999618530273,25.920000076293945,25.40999984741211,25.809999465942386,19.58357048034668,1018000.0,PKG
2010-11-23,23.68000030517578,23.76000022888184,23.459999084472656,23.489999771118164,22.088768005371094,1095600.0,PKI
2010-11-23,26.399999618530273,26.45000076293945,26.309999465942386,26.43000030517578,9.49335765838623,41500.0,PKO
2010-11-23,18.450000762939453,18.690000534057614,18.190000534057614,18.57999992370605,17.149959564208984,44600.0,PKOH
2010-11-23,95.5999984741211,97.0999984741211,94.8499984741211,95.33999633789062,71.97437286376953,1020600.0,PKX
2010-11-23,6.070000171661378,6.130000114440918,5.989999771118164,6.110000133514403,6.110000133514403,180600.0,PLAB
2010-11-23,68.25,68.5,66.75,68.0,68.0,3000.0,PLAG
2010-11-23,2.009999990463257,2.009999990463257,1.919999957084656,1.919999957084656,1.817238450050354,1600.0,PLBC
2010-11-23,48.04999923706055,50.43999862670898,47.56000137329102,49.68000030517578,45.312950134277344,808700.0,PLCE
2010-11-23,28.71999931335449,29.190000534057614,28.71999931335449,28.940000534057614,21.27140235900879,1418000.0,PLD
2010-11-23,217.0,220.0,211.0,212.0,212.0,3900.0,PLG
2010-11-23,1.7395105361938477,1.7744755744934082,1.695804238319397,1.7569930553436282,1.7569930553436282,298200.0,PLM
2010-11-23,14.359999656677244,14.699999809265135,14.359999656677244,14.670000076293945,9.84465789794922,46300.0,PLOW
2010-11-23,46.0,46.63000106811523,45.38000106811523,46.02000045776367,39.9531364440918,18500.0,PLPC
2010-11-23,34.759998321533196,35.0,34.330001831054695,34.97999954223633,31.27175712585449,230200.0,PLT
2010-11-23,4.900000095367432,4.900000095367432,4.300000190734863,4.400000095367432,4.400000095367432,55900.0,PLUG
2010-11-23,11.970000267028807,11.970000267028807,11.75,11.75,11.059473037719727,13200.0,PLUS
2010-11-23,84.19999694824219,86.0,84.19999694824219,85.5999984741211,85.5999984741211,13600.0,PLX
2010-11-23,27.31999969482422,27.440000534057614,26.70000076293945,27.20000076293945,27.20000076293945,468300.0,PLXS
2010-11-23,58.77999877929688,58.959999084472656,58.40999984741211,58.77000045776367,37.64451599121094,8530600.0,PM
2010-11-23,3.7999999523162837,3.7999999523162837,3.7100000381469727,3.7899999618530273,3.7899999618530273,7100.0,PMBC
2010-11-23,9.119999885559082,9.149999618530273,9.039999961853027,9.100000381469727,5.914939880371094,11900.0,PMD
2010-11-23,12.899999618530273,12.979999542236328,12.789999961853027,12.899999618530273,7.22700309753418,56700.0,PMF
2010-11-23,10.670000076293944,10.710000038146973,10.56999969482422,10.640000343322754,5.949841022491455,141900.0,PML
2010-11-23,7.210000038146973,7.260000228881836,7.190000057220459,7.210000038146973,4.141514301300049,130700.0,PMM
2010-11-23,11.460000038146973,11.510000228881836,11.40999984741211,11.460000038146973,6.6545982360839835,37600.0,PMO
2010-11-23,17.530000686645508,17.649999618530273,17.450000762939453,17.579999923706055,6.551864147186278,41900.0,PMT
2010-11-23,10.239999771118164,10.489999771118164,10.239999771118164,10.40999984741211,5.633769989013673,94800.0,PMX
2010-11-23,21.0,21.899999618530273,20.799999237060547,21.0,20.859594345092773,100.0,PNBK
2010-11-23,54.709999084472656,55.22000122070313,54.5,54.6500015258789,43.67876815795898,3790800.0,PNC
2010-11-23,10.449999809265137,10.550000190734863,10.4399995803833,10.5,6.174176216125487,5000.0,PNF
2010-11-23,10.75,10.760000228881836,10.380000114440918,10.390000343322754,9.73517608642578,159000.0,PNFP
2010-11-23,11.15999984741211,11.260000228881836,11.15999984741211,11.170000076293944,6.354295253753662,15400.0,PNI
2010-11-23,12.199999809265135,12.199999809265135,11.949999809265135,12.09000015258789,9.360313415527344,1004900.0,PNM
2010-11-23,11.09000015258789,11.3100004196167,11.010000228881836,11.270000457763672,3.765712738037109,334300.0,PNNT
2010-11-23,21.658830642700195,21.88045692443848,21.53794479370117,21.833444595336914,16.874765396118164,711700.0,PNR
2010-11-23,20.200000762939453,20.5,19.920000076293945,20.440000534057614,20.440000534057614,12900.0,PNRG
2010-11-23,40.72000122070313,40.72000122070313,40.400001525878906,40.61999893188477,28.63459014892578,510000.0,PNW
2010-11-23,3000.0,3000.0,3000.0,3000.0,3000.0,0.0,POAI
2010-11-23,12.6899995803833,12.949999809265135,12.600000381469727,12.75,12.75,524700.0,PODD
2010-11-23,11.960000038146973,12.0600004196167,11.600000381469727,11.81999969482422,10.261878967285156,739500.0,POL
2010-11-23,21.01000022888184,21.200000762939453,20.809999465942386,21.13999938964844,18.554250717163086,217400.0,POOL
2010-11-23,34.0,34.0,33.5,33.5,23.137779235839844,900.0,POPE
2010-11-23,20.850000381469727,21.01000022888184,20.75,20.940000534057614,15.088153839111328,522300.0,POR
2010-11-23,38.849998474121094,39.5,38.81999969482422,39.310001373291016,36.45416259765625,448100.0,POWI
2010-11-23,33.610000610351555,33.880001068115234,33.220001220703125,33.709999084472656,27.964488983154297,15900.0,POWL
2010-11-23,5.28000020980835,5.349999904632568,5.25,5.300000190734863,5.1111674308776855,14000.0,PPBI
2010-11-23,6.6500000953674325,6.6500000953674325,6.380000114440918,6.440000057220459,4.86782169342041,382900.0,PPC
2010-11-23,38.150001525878906,38.209999084472656,37.67499923706055,37.959999084472656,29.7673454284668,1723200.0,PPG
2010-11-23,8.149999618530272,8.390000343322754,8.010000228881836,8.090000152587889,8.090000152587889,9500.0,PPIH
2010-11-23,23.93697929382324,23.93697929382324,23.56442070007324,23.806583404541016,14.748543739318848,4184700.0,PPL
2010-11-23,5.730000019073486,5.800000190734862,5.71999979019165,5.800000190734862,3.2258930206298833,407900.0,PPR
2010-11-23,6.489999771118164,6.53000020980835,6.420000076293945,6.449999809265138,3.40833044052124,340500.0,PPT
2010-11-23,29.979999542236328,30.114999771118164,29.73500061035156,29.899999618530273,23.75497817993164,287600.0,PRA
2010-11-23,21.350000381469727,21.61666679382324,21.16666603088379,21.31666755676269,21.31666755676269,207900.0,PRAA
2010-11-23,5.25,5.28000020980835,5.050000190734863,5.199999809265137,4.820305347442627,34100.0,PRCP
2010-11-23,10.949999809265137,11.09000015258789,10.890000343322754,11.050000190734863,11.050000190734863,94900.0,PRFT
2010-11-23,62.4000015258789,62.47999954223633,61.63999938964844,62.02000045776367,58.18033981323242,618400.0,PRGO
2010-11-23,25.61333274841309,25.873332977294922,25.399999618530273,25.66666603088379,24.29648208618164,206400.0,PRGS
2010-11-23,5.809999942779541,5.869999885559082,5.800000190734862,5.8499999046325675,5.8499999046325675,107000.0,PRGX
2010-11-23,22.020000457763672,22.25,22.01000022888184,22.13999938964844,20.13307380676269,134900.0,PRI
2010-11-23,8.460000038146973,8.630000114440918,8.140000343322754,8.409999847412111,7.686918258666992,43100.0,PRIM
2010-11-23,67.69999694824219,68.0,67.25,67.79000091552734,44.14692306518555,47400.0,PRK
2010-11-23,12.229999542236328,12.289999961853027,11.979999542236328,11.979999542236328,11.932365417480467,102200.0,PRMW
2010-11-23,9.739999771118164,9.899999618530273,9.539999961853027,9.829999923706056,9.829999923706056,60200.0,PRO
2010-11-23,6.380000114440918,6.889999866485597,6.3499999046325675,6.5,5.202777862548828,37700.0,PROV
2010-11-23,1.350000023841858,1.4299999475479126,1.2799999713897705,1.309999942779541,0.7932214736938477,9200.0,PRPH
2010-11-23,15.449999809265135,15.899999618530273,15.359999656677244,15.880000114440918,15.880000114440918,71900.0,PRSC
2010-11-23,5.1599998474121085,5.1599998474121085,5.050000190734863,5.099999904632568,4.1153292655944815,3815.0,PRT
2010-11-23,73.55999755859375,75.12000274658203,72.36000061035156,74.87999725341797,18.2164363861084,5900.0,PRTK
2010-11-23,8.210000038146973,8.220000267028809,7.9099998474121085,7.960000038146973,7.960000038146973,90400.0,PRTS
2010-11-23,52.15999984741211,52.22000122070313,51.540000915527344,51.59000015258789,38.3729133605957,5630200.0,PRU
2010-11-23,18.5,18.5,18.100000381469727,18.299999237060547,18.299999237060547,4625400.0,PS
2010-11-23,96.63999938964844,97.45999908447266,96.3000030517578,96.8000030517578,70.19813537597656,877100.0,PSA
2010-11-23,53.0,53.18000030517578,52.75,52.86000061035156,40.67000961303711,137600.0,PSB
2010-11-23,9.90999984741211,9.970000267028807,9.899999618530273,9.899999618530273,3.195186853408813,881600.0,PSEC
2010-11-23,32.310001373291016,32.700000762939446,32.009998321533196,32.630001068115234,29.88660430908203,63500.0,PSMT
2010-11-23,14.949999809265135,14.979999542236328,14.640000343322756,14.84000015258789,10.031962394714355,116800.0,PSO
2010-11-23,13.5,14.100000381469727,13.5,14.100000381469727,14.100000381469727,2700.0,PSTI
2010-11-23,34200.0,34350.0,33750.0,33975.0,33975.0,0.0,PSTV
2010-11-23,21.530000686645508,21.6200008392334,21.309999465942386,21.5,21.5,1211600.0,PTC
2010-11-23,28.559999465942386,28.559999465942386,26.8799991607666,27.29999923706055,19.25368309020996,1600.0,PTE
2010-11-23,19.59000015258789,19.59000015258789,19.25,19.440000534057614,17.276023864746097,4244500.0,PTEN
2010-11-23,6.75,6.860000133514403,6.6500000953674325,6.699999809265138,1.8076636791229248,57600.0,PTMN
2010-11-23,1.309999942779541,1.3300000429153442,1.2200000286102295,1.2899999618530271,1.2899999618530271,40300.0,PTN
2010-11-23,20.700000762939453,20.700000762939453,20.450000762939453,20.51000022888184,17.35112190246582,118900.0,PTNR
2010-11-23,121.95999908447266,122.11000061035156,119.88999938964844,120.44000244140624,90.26863861083984,352700.0,PTR
2010-11-23,11.100000381469727,11.100000381469727,10.949999809265137,11.010000228881836,9.182695388793944,130300.0,PTSI
2010-11-23,22.100000381469727,22.200000762939453,22.01000022888184,22.01000022888184,14.334229469299315,4300.0,PTVCA
2010-11-23,23.85000038146973,23.93000030517578,23.559999465942386,23.559999465942386,15.452301025390625,3800.0,PTVCB
2010-11-23,17.100000381469727,17.260000228881836,17.09000015258789,17.25,6.018551349639893,189100.0,PTY
2010-11-23,19.020000457763672,19.15999984741211,18.6299991607666,18.68000030517578,12.155940055847168,122700.0,PUK
2010-11-23,64.11000061035156,65.66000366210939,64.0,64.75,63.806541442871094,717800.0,PVH
2010-11-23,11.5,11.5,11.5,11.5,10.506470680236816,500.0,PW
2010-11-23,35.0,35.59000015258789,35.0,35.27000045776367,25.76334953308105,1900.0,PWOD
2010-11-23,17.600000381469727,17.75,17.350000381469727,17.549999237060547,17.450197219848633,2221700.0,PWR
2010-11-23,78.55000305175781,78.61000061035156,77.05000305175781,77.44999694824219,75.71305084228516,1100500.0,PXD
2010-11-23,3.509999990463257,3.619999885559082,3.400000095367432,3.4100000858306885,3.4100000858306885,105400.0,PXLW
2010-11-23,9.1899995803833,9.1899995803833,9.09000015258789,9.149999618530273,5.234879493713379,6300.0,PYN
2010-11-23,23.770000457763672,23.86000061035156,22.809999465942386,23.15999984741211,12.109712600708008,19100.0,PYS
2010-11-23,18.75,18.75,18.649999618530273,18.65999984741211,13.251798629760742,1100.0,PYT
2010-11-23,38.70000076293945,38.900001525878906,38.29999923706055,38.79999923706055,38.79999923706055,53200.0,PYX
2010-11-23,9.199999809265137,9.289999961853027,9.1899995803833,9.220000267028807,5.155920028686523,44200.0,PZC
2010-11-23,1.6499999761581419,1.6699999570846558,1.6200000047683716,1.6399999856948853,1.6399999856948853,346900.0,PZG
2010-11-23,7.170000076293945,7.320000171661378,7.0900001525878915,7.260000228881836,4.477010726928711,33000.0,PZN
2010-11-23,12.8149995803833,13.045000076293945,12.765000343322756,12.925000190734865,11.80494213104248,260800.0,PZZA
2010-11-23,43.599998474121094,43.70000076293945,42.400001525878906,42.79999923706055,34.53085708618164,7100.0,QADB
2010-11-23,10.079999923706056,10.199999809265137,9.960000038146973,9.960000038146973,9.960000038146973,1900.0,QBAK
2010-11-23,47.22999954223633,47.36999893188477,46.72999954223633,47.099998474121094,36.3408317565918,17892100.0,QCOM
2010-11-23,8.5,8.5,8.420000076293945,8.5,8.024317741394043,2900.0,QCRH
2010-11-23,12.899999618530273,13.109999656677244,12.770000457763672,13.09000015258789,13.09000015258789,182700.0,QDEL
2010-11-23,35.209999084472656,35.279998779296875,33.939998626708984,34.31999969482422,33.13019561767578,799400.0,QEP
2010-11-23,19.667360305786133,19.67775535583496,19.428274154663086,19.51143455505371,18.767614364624023,1103800.0,QGEN
2010-11-23,29.60000038146973,30.399999618530273,28.63999938964844,29.20000076293945,29.20000076293945,996200.0,QMCO
2010-11-23,19.100000381469727,19.459999084472656,18.979999542236328,19.399999618530273,19.399999618530273,198500.0,QNST
2010-11-23,13.65999984741211,13.93000030517578,13.619999885559082,13.869999885559082,6.8548831939697275,86900.0,QQQX
2010-11-23,14.800000190734865,14.800000190734865,14.399999618530273,14.399999618530273,14.399999618530273,0.0,QRHC
2010-11-23,13.113367080688475,13.113367080688475,12.783417701721193,12.910321235656738,12.910321235656738,6257200.0,QRTEA
2010-11-23,13.0736665725708,13.0736665725708,13.0736665725708,13.0736665725708,13.0736665725708,0.0,QRTEB
2010-11-23,41.5,41.79999923706055,41.4900016784668,41.65999984741211,22.812732696533203,12600.0,QUAD
2010-11-23,77.0,79.0999984741211,76.0199966430664,77.83999633789062,77.83999633789062,20900.0,QUIK
2010-11-23,15.640000343322756,15.789999961853027,15.579999923706055,15.609999656677244,14.140875816345215,24600.0,QUMU
2010-11-23,42.9900016784668,43.41999816894531,42.709999084472656,42.97000122070313,33.814014434814446,445700.0,R
2010-11-23,18.399999618530273,19.399999618530273,18.200000762939453,18.600000381469727,18.600000381469727,129900.0,RAD
2010-11-23,5.099999904632568,5.099999904632568,4.699999809265137,4.900000095367432,4.900000095367432,3800.0,RADA
2010-11-23,23.959999084472656,24.29999923706055,23.51000022888184,24.15999984741211,22.152801513671875,69800.0,RAIL
2010-11-23,3.2799999713897705,3.2799999713897705,3.2799999713897705,3.2799999713897705,3.2799999713897705,0.0,RAND
2010-11-23,1.950000047683716,1.950000047683716,1.8899999856948853,1.8899999856948853,1.8899999856948853,1100.0,RAVE
2010-11-23,20.770000457763672,21.780000686645508,20.55500030517578,21.700000762939453,18.448362350463867,70800.0,RAVN
2010-11-23,19.850000381469727,20.040000915527344,19.670000076293945,19.850000381469727,15.902206420898438,196200.0,RBA
2010-11-23,13.399999618530273,13.550000190734865,13.199999809265135,13.199999809265135,13.199999809265135,351800.0,RBBN
2010-11-23,56.86999893188477,58.209999084472656,56.86999893188477,57.79999923706055,50.95214080810547,813200.0,RBC
2010-11-23,21.450000762939453,21.6299991607666,21.18000030517578,21.440000534057614,16.444345474243164,14200.0,RBCAA
2010-11-23,219.0,223.8000030517578,214.5,218.8000030517578,218.8000030517578,34500.0,RBCN
2010-11-23,12.720000267028807,12.859999656677244,12.630000114440918,12.68000030517578,10.601804733276367,436500.0,RBS
2010-11-23,3.039999961853028,3.039999961853028,3.039999961853028,3.039999961853028,3.039999961853028,10.0,RCA
2010-11-23,26.0447998046875,26.0447998046875,25.62540054321289,25.81180000305176,25.043140411376953,669111.0,RCB
2010-11-23,2.0299999713897705,2.0299999713897705,2.0299999713897705,2.0299999713897705,2.0299999713897705,400.0,RCG
2010-11-23,36.06999969482422,36.13999938964844,35.61000061035156,35.66999816894531,24.49030685424805,230900.0,RCI
2010-11-23,27.399999618530273,27.399999618530273,26.86000061035156,27.31999969482422,22.432369232177734,591500.0,RCII
2010-11-23,9.140000343322754,9.25,9.0600004196167,9.130000114440918,7.493058681488037,12800.0,RCKY
2010-11-23,40.68000030517578,40.68999862670898,40.11000061035156,40.43000030517578,33.572219848632805,2115300.0,RCL
2010-11-23,4.8400001525878915,4.8400001525878915,4.800000190734863,4.809999942779541,1.6808731555938718,34500.0,RCMT
2010-11-23,24.29999923706055,24.70000076293945,24.0,24.0,24.0,1500.0,RCON
2010-11-23,0.029999999329447743,0.029999999329447743,0.02800000086426735,0.02800000086426735,0.025044163689017296,720575.0,RCP
2010-11-23,10.920000076293944,10.920000076293944,10.800000190734863,10.81999969482422,4.018429756164552,118800.0,RCS
2010-11-23,9.739999771118164,9.899999618530273,9.600000381469727,9.850000381469727,9.850000381469727,18800.0,RDCM
2010-11-23,5.139999866485597,5.139999866485597,5.03000020980835,5.099999904632568,5.099999904632568,35700.0,RDI
2010-11-23,7.28000020980835,7.3400001525878915,7.039999961853027,7.119999885559082,7.009246349334718,6959400.0,RDN
2010-11-23,2.799999952316284,2.859999895095825,2.75,2.8299999237060547,2.8299999237060547,53100.0,RDNT
2010-11-23,16.375,16.520000457763672,16.129999160766598,16.405000686645508,16.405000686645508,698800.0,RDWR
2010-11-23,38.52000045776367,39.11000061035156,38.5,38.93999862670898,35.85097122192383,496700.0,RDY
2010-11-23,83.80999755859375,84.87000274658203,83.66999816894531,84.19999694824219,68.62587738037111,293900.0,RE
2010-11-23,2.1199998855590816,2.1199998855590816,2.039999961853028,2.049999952316284,2.049999952316284,10400.0,REED
2010-11-23,4.889999866485597,4.920000076293945,4.800000190734863,4.920000076293945,4.920000076293945,33600.0,REFR
2010-11-23,40.52999877929688,40.88999938964844,40.47999954223633,40.70000076293945,29.38916015625,472500.0,REG
2010-11-23,29.25,30.899999618530273,28.709999084472656,29.989999771118164,29.989999771118164,2518800.0,REGN
2010-11-23,4.0,4.0,4.0,4.0,4.0,0.0,REI
2010-11-23,10.6899995803833,10.699999809265137,10.510000228881836,10.600000381469727,8.084917068481445,56000.0,RELL
2010-11-23,11.829999923706055,12.460000038146973,11.760000228881836,12.18000030517578,12.069620132446287,900.0,RELV
2010-11-23,8.515000343322754,8.529999732971191,8.345000267028809,8.372500419616701,3.9864990711212163,83600.0,RELX
2010-11-23,12.128889083862305,12.19111156463623,11.88888931274414,12.06666660308838,10.28709888458252,1323000.0,RES
2010-11-23,9.850000381469727,10.020000457763672,9.649999618530273,9.710000038146973,9.710000038146973,120600.0,REV
2010-11-23,16.200000762939453,16.200000762939453,15.880000114440918,16.09000015258789,16.09000015258789,12500.0,REX
2010-11-23,123.5999984741211,127.1999969482422,120.0,124.8000030517578,124.8000030517578,1400.0,REXN
2010-11-23,5.21999979019165,5.559999942779541,5.170000076293945,5.210000038146973,4.312631607055663,72941200.0,RF
2010-11-23,14.359999656677244,14.739999771118164,14.289999961853027,14.699999809265135,6.290510177612305,30000.0,RFI
2010-11-23,2.970000028610229,3.039999961853028,2.970000028610229,3.039999961853028,1.9849076271057131,5400.0,RFIL
2010-11-23,1.8928099870681765,1.8928099870681765,1.8541799783706665,1.8831499814987185,1.8831499814987185,1592596.0,RFM
2010-11-23,50.31999969482422,50.31999969482422,49.7599983215332,50.08000183105469,43.560340881347656,449300.0,RGA
2010-11-23,10.16333293914795,10.563333511352539,10.149999618530273,10.563333511352539,6.2259178161621085,3900.0,RGCO
2010-11-23,3.9800000190734863,4.0,3.849999904632568,3.9600000381469727,3.9600000381469727,51300.0,RGEN
2010-11-23,51.36000061035156,51.86999893188477,51.0,51.459999084472656,45.93002700805664,332100.0,RGLD
2010-11-23,15.789999961853027,16.049999237060547,15.760000228881836,15.869999885559082,12.701151847839355,118400.0,RGR
2010-11-23,18.06999969482422,18.229999542236328,17.90999984741211,17.950000762939453,16.860319137573242,1059500.0,RGS
2010-11-23,26.979999542236328,27.209999084472656,26.68000030517578,27.1200008392334,22.99715232849121,880000.0,RHI
2010-11-23,32.59999847412109,33.200000762939446,32.59999847412109,33.139999389648445,18.73094749450684,463500.0,RHP
2010-11-23,46.0,46.0,40.0,42.0,42.0,1100.0,RIBT
2010-11-23,7.119999885559082,7.190000057220459,7.070000171661378,7.139999866485597,6.9219818115234375,27000.0,RICK
2010-11-23,17.71895980834961,17.71895980834961,17.420597076416016,17.49759292602539,9.06082820892334,7300.0,RIF
2010-11-23,66.29000091552734,66.84999847412111,65.59999847412111,66.30000305175781,52.72056198120117,4150700.0,RIG
2010-11-23,7.630000114440918,7.730000019073486,7.5,7.630000114440918,7.630000114440918,125100.0,RIGL
2010-11-23,10.89108943939209,10.89108943939209,10.89108943939209,10.89108943939209,9.485030174255373,0.0,RILY
2010-11-23,65.59999847412111,65.94000244140625,64.62000274658203,65.01999664306639,42.14638137817383,2257500.0,RIO
2010-11-23,10.5,10.5,10.5,10.5,7.357195377349853,0.0,RIVE
2010-11-23,9.220000267028807,9.329999923706056,9.130000114440918,9.3100004196167,9.3100004196167,589400.0,RJA
2010-11-23,28.88999938964844,29.0,28.70000076293945,28.739999771118164,25.083425521850586,391800.0,RJF
2010-11-23,8.119999885559082,8.199999809265138,8.079999923706055,8.170000076293945,8.170000076293945,309800.0,RJI
2010-11-23,5.789999961853027,5.8499999046325675,5.760000228881836,5.829999923706055,5.829999923706055,63700.0,RJN
2010-11-23,10.899999618530273,10.960000038146973,10.880000114440918,10.890000343322754,10.890000343322754,73600.0,RJZ
2010-11-23,106.4800033569336,107.13999938964844,105.56999969482422,106.55999755859376,91.28295135498048,965600.0,RL
2010-11-23,0.5299999713897705,0.6000000238418579,0.5299999713897705,0.6000000238418579,0.6000000238418579,58000.0,RLGT
2010-11-23,7.670000076293945,7.989999771118164,7.639999866485597,7.920000076293945,7.920000076293945,81000.0,RLH
2010-11-23,28.6200008392334,28.940000534057614,28.57500076293945,28.84000015258789,23.404827117919922,96000.0,RLI
2010-11-23,19.850000381469727,20.09000015258789,19.809999465942386,19.959999084472656,19.959999084472656,572100.0,RMBS
2010-11-23,9.529999732971193,9.670000076293944,9.5,9.649999618530273,6.382294178009032,4300.0,RMCF
2010-11-23,31.979999542236328,32.049999237060554,31.790000915527344,31.899999618530273,28.058807373046875,1488400.0,RMD
2010-11-23,0.3630000054836273,0.3630000054836273,0.3630000054836273,0.3630000054836273,0.3630000054836273,23871.0,RMG
2010-11-23,8.829999923706055,8.829999923706055,8.760000228881836,8.819999694824219,3.268061876296997,29900.0,RMT
2010-11-23,7.75,7.75,7.630000114440918,7.739999771118164,7.739999771118164,17000.0,RMTI
2010-11-23,14.15999984741211,14.1899995803833,14.0600004196167,14.140000343322756,6.921913146972656,105600.0,RNP
2010-11-23,60.02000045776367,61.54999923706055,60.02000045776367,61.33000183105469,54.99398422241211,516000.0,RNR
2010-11-23,17.260000228881836,17.540000915527347,17.100000381469727,17.489999771118164,13.468912124633787,56200.0,RNST
2010-11-23,13.640000343322756,13.720000267028807,13.399999618530273,13.5600004196167,9.114099502563477,97600.0,RNWK
2010-11-23,31.75,32.450000762939446,31.71999931335449,32.279998779296875,32.279998779296875,61300.0,ROG
2010-11-23,9.720000267028807,9.81999969482422,9.619999885559082,9.75,6.658171653747559,78200.0,ROIC
2010-11-23,65.90000152587889,66.26999664306639,65.47000122070311,65.86000061035156,53.69015121459961,722600.0,ROK
2010-11-23,7.804444313049316,7.8755555152893075,7.757037162780763,7.848888874053955,6.3158769607543945,325500.0,ROL
2010-11-23,35.970001220703125,36.18999862670898,35.29999923706055,36.040000915527344,34.886722564697266,77800.0,ROLL
2010-11-23,71.19999694824219,71.5,70.29000091552734,71.44999694824219,67.64511108398439,404300.0,ROP
2010-11-23,35.27000045776367,35.880001068115234,34.59999847412109,35.040000915527344,35.040000915527344,1183718.0,ROSE
2010-11-23,16.045000076293945,16.272499084472653,15.954999923706055,16.030000686645508,14.563796997070312,6106800.0,ROST
2010-11-23,28.0,28.229999542236328,26.84000015258789,27.11000061035156,27.11000061035156,20000.0,RP
2010-11-23,20.6299991607666,20.75,20.450000762939453,20.6200008392334,16.139307022094727,501900.0,RPM
2010-11-23,11.06999969482422,11.3100004196167,10.93000030517578,11.140000343322754,6.8533973693847665,116400.0,RPT
2010-11-23,8.380000114440918,8.430000305175781,8.319999694824219,8.399999618530272,4.076370716094972,350100.0,RQI
2010-11-23,42.93000030517578,42.959999084472656,41.75,42.22000122070313,40.54693603515625,2017500.0,RRC
2010-11-23,16.0,16.049999237060547,15.710000038146973,15.970000267028807,9.127663612365724,1992300.0,RRD
2010-11-23,18.46999931335449,18.81999969482422,18.399999618530273,18.6200008392334,18.6200008392334,189400.0,RRGB
2010-11-23,323.25,327.75,322.75,325.0,325.0,2900.0,RRTS
2010-11-23,44.52999877929688,44.77999877929688,44.06999969482422,44.45000076293945,36.503089904785156,357400.0,RS
2010-11-23,27.899999618530273,28.06999969482422,27.79999923706055,28.0,21.80584716796875,1677700.0,RSG
2010-11-23,1.8999999761581419,1.8999999761581419,1.8999999761581419,1.8999999761581419,1.8999999761581419,9000.0,RSSS
2010-11-23,19.540000915527344,19.899999618530273,19.5,19.850000381469727,19.850000381469727,76300.0,RST
2010-11-23,2.549999952316284,2.630000114440918,2.549999952316284,2.619999885559082,2.619999885559082,105300.0,RTIX
2010-11-23,46.1500015258789,46.540000915527344,46.040000915527344,46.43999862670898,36.58098602294922,2478000.0,RTN
2010-11-23,3.990000009536743,3.990000009536743,3.990000009536743,3.990000009536743,3.990000009536743,500.0,RUBY
2010-11-23,17.6200008392334,17.670000076293945,17.100000381469727,17.450000762939453,17.090301513671875,163800.0,RUSHA
2010-11-23,16.239999771118164,16.420000076293945,16.200000762939453,16.200000762939453,15.866347312927244,4600.0,RUSHB
2010-11-23,5.239999771118164,5.329999923706055,5.019999980926514,5.059999942779541,4.47189998626709,325800.0,RUTH
2010-11-23,1.5900000333786009,1.5900000333786009,1.4900000095367432,1.5299999713897705,1.5299999713897705,17000.0,RVP
2010-11-23,2.4600000381469727,2.4600000381469727,2.2799999713897705,2.309999942779541,2.1168034076690674,18600.0,RVSB
2010-11-23,11.992619514465332,12.038744926452635,11.909594535827635,12.029520034790039,5.776627063751222,120100.0,RVT
2010-11-23,13.93000030517578,14.020000457763672,13.869999885559082,13.970000267028807,7.075432777404785,276500.0,RWT
2010-11-23,53.31000137329102,53.43999862670898,52.66999816894531,52.86999893188477,34.15373992919922,651600.0,RY
2010-11-23,30.67692375183105,30.9743595123291,30.5025634765625,30.820512771606445,26.80993843078613,706400.0,RYAAY
2010-11-23,25.710729598999023,25.82026481628418,25.54642677307129,25.57630157470703,16.5799560546875,1080100.0,RYN
2010-11-23,28.15999984741211,28.5,27.920000076293945,28.13999938964844,28.13999938964844,171100.0,SA
2010-11-23,4.550000190734863,4.599999904632568,4.5,4.550000190734863,4.150451183319092,9180200.0,SAF
2010-11-23,44.40999984741211,44.40999984741211,43.18000030517578,43.29999923706055,37.83766555786133,262500.0,SAFM
2010-11-23,45.31999969482422,45.81999969482422,45.0,45.77000045776367,30.05297470092773,48800.0,SAFT
2010-11-23,12.619999885559082,12.739999771118164,12.300000190734865,12.489999771118164,11.487659454345705,273500.0,SAH
2010-11-23,10.06666660308838,10.06666660308838,9.726666450500488,9.81999969482422,9.81999969482422,54400.0,SAIA
2010-11-23,23.790000915527344,25.0,23.790000915527344,25.0,17.880830764770508,400.0,SAL
2010-11-23,3.5,3.5,3.4600000381469727,3.5,2.158031463623047,3000.0,SALM
2010-11-23,81.9000015258789,82.66000366210938,81.5,82.51000213623047,82.51000213623047,45200.0,SAM
2010-11-23,10.729999542236328,10.779999732971193,10.4399995803833,10.479999542236328,5.558141708374023,15462100.0,SAN
2010-11-23,3.5,3.5,3.3499999046325684,3.5,3.5,30700.0,SAND
2010-11-23,10.850000381469727,11.050000190734863,10.800000190734863,10.949999809265137,10.949999809265137,1619100.0,SANM
2010-11-23,3.0899999141693115,3.0899999141693115,2.859999895095825,3.039999961853028,3.039999961853028,18700.0,SANW
2010-11-23,49.13000106811523,49.290000915527344,48.38999938964844,48.68999862670898,41.51892852783203,978600.0,SAP
2010-11-23,18.100000381469727,18.11000061035156,17.6200008392334,17.6200008392334,6.7281575202941895,6300.0,SAR
2010-11-23,17.34000015258789,17.549999237060547,17.139999389648438,17.360000610351562,13.241971969604492,30900.0,SASR
2010-11-23,16.920583724975586,16.944894790649414,16.693679809570312,16.750404357910153,16.750404357910153,340500.0,SATS
2010-11-23,55.6500015258789,56.41999816894531,55.36999893188477,56.0,32.63532257080078,20400.0,SAVA
2010-11-23,7.8400001525878915,7.9099998474121085,7.75,7.800000190734862,6.153292655944824,107200.0,SB
2010-11-23,37.70000076293945,38.22999954223633,37.70000076293945,38.0099983215332,38.0099983215332,1600500.0,SBAC
2010-11-23,5.28000020980835,5.710000038146973,5.210000038146973,5.210000038146973,4.837523460388184,2100.0,SBBX
2010-11-23,6.199999809265138,6.25,6.0,6.199999809265138,6.199999809265138,17500.0,SBCF
2010-11-23,3.990000009536743,4.0,3.5499999523162837,3.829999923706055,3.35405707359314,7200.0,SBFG
2010-11-23,8.039999961853027,8.180000305175781,7.9099998474121085,8.130000114440918,5.462191581726074,302100.0,SBGI
2010-11-23,12.56999969482422,13.119999885559082,12.390000343322756,13.109999656677244,13.109999656677244,924000.0,SBH
2010-11-23,9.760000228881836,9.81999969482422,9.68000030517578,9.81999969482422,6.406301498413086,10000.0,SBI
2010-11-23,221.25,222.0,214.5,218.25,176.96299743652344,2900.0,SBLK
2010-11-23,43.86000061035156,44.25,43.59000015258789,43.86000061035156,42.49302291870117,411300.0,SBNY
2010-11-23,57.4000015258789,58.209999084472656,57.27999877929688,57.709999084472656,31.104684829711914,10400.0,SBR
2010-11-23,16.829999923706055,16.979999542236328,16.40999984741211,16.469999313354492,8.180787086486816,182200.0,SBRA
2010-11-23,8.001667022705076,8.053333282470701,7.885000228881836,8.03166675567627,5.8709168434143075,1211400.0,SBS
2010-11-23,16.40584373474121,16.526357650756836,16.261228561401367,16.373706817626953,11.461912155151367,29400.0,SBSI
2010-11-23,2600.0,2650.0,2600.0,2650.0,2626.51708984375,99.0,SBT
2010-11-23,15.260000228881836,15.380000114440918,15.074999809265135,15.199999809265135,13.083227157592773,17195600.0,SBUX
2010-11-23,42.86999893188477,43.16999816894531,41.75,41.93999862670898,29.7039794921875,3221500.0,SCCO
2010-11-23,11.93000030517578,11.93000030517578,11.789999961853027,11.829999923706055,5.280949115753174,76500.0,SCD
2010-11-23,27.790000915527344,27.82999992370605,27.46999931335449,27.690000534057614,23.70244216918945,168500.0,SCHL
2010-11-23,56.18000030517578,56.33000183105469,55.04999923706055,55.9000015258789,44.15835952758789,357500.0,SCHN
2010-11-23,14.81999969482422,15.039999961853027,14.75,14.899999618530273,13.265676498413086,12224300.0,SCHW
2010-11-23,7.9099998474121085,8.0,7.860000133514403,7.96999979019165,6.771453857421875,892000.0,SCI
2010-11-23,2.049999952316284,2.1099998950958248,2.049999952316284,2.0999999046325684,2.0999999046325684,9500.0,SCKT
2010-11-23,35.41999816894531,35.5,34.935001373291016,35.290000915527344,30.116863250732425,55800.0,SCL
2010-11-23,2520.0,2520.0,2466.0,2520.0,2520.0,0.0,SCON
2010-11-23,20.979999542236328,21.530000686645508,20.899999618530273,21.38999938964844,21.38999938964844,120900.0,SCOR
2010-11-23,9.3100004196167,9.520000457763672,9.239999771118164,9.510000228881836,7.00772762298584,390200.0,SCS
2010-11-23,27.649999618530273,27.65999984741211,26.88999938964844,27.46999931335449,27.46999931335449,75700.0,SCSC
2010-11-23,140.69999694824222,141.89999389648438,136.80000305175778,137.19999694824222,113.15241241455078,24200.0,SCU
2010-11-23,18.19333267211914,18.66666603088379,18.19333267211914,18.486665725708008,16.19832992553711,199800.0,SCVL
2010-11-23,12.199999809265135,12.199999809265135,12.0,12.119999885559082,9.463449478149414,18700.0,SCX
2010-11-23,8349.068359375,8418.6884765625,8300.8701171875,8399.9453125,5827.44921875,5800.0,SDRL
2010-11-23,8.390000343322754,8.399999618530272,8.25,8.279999732971191,8.279999732971191,195700.0,SEAC
2010-11-23,1925.0,1931.25,1907.4000244140625,1915.0,1893.4326171875,400.0,SEB
2010-11-23,22.78000068664551,22.989999771118164,22.57999992370605,22.88999938964844,19.27410125732422,1071800.0,SEE
2010-11-23,86.0,87.4000015258789,85.0999984741211,86.9000015258789,86.9000015258789,21800.0,SEED
2010-11-23,990.0,1098.0,951.0,999.0,999.0,6800.0,SEEL
2010-11-23,22.709999084472656,22.90999984741211,22.290000915527344,22.649999618530273,20.207475662231445,854700.0,SEIC
2010-11-23,4.0,4.050000190734863,3.990000009536743,4.050000190734863,2.1185555458068848,5900.0,SELF
2010-11-23,5.739999771118164,5.920000076293945,5.6599998474121085,5.8400001525878915,4.684576511383057,399200.0,SEM
2010-11-23,22.65999984741211,22.770000457763672,22.299999237060547,22.440000534057614,22.440000534057614,35800.0,SENEA
2010-11-23,22.31999969482422,22.31999969482422,22.26000022888184,22.299999237060547,22.299999237060547,1000.0,SENEB
2010-11-23,64.0,64.0,60.15999984741211,61.43999862670898,61.43999862670898,900.0,SES
2010-11-23,35.2066650390625,35.38666534423828,34.84000015258789,34.85333251953125,33.95602798461914,330300.0,SF
2010-11-23,4.800000190734863,4.800000190734863,4.800000190734863,4.800000190734863,4.305731296539307,2500.0,SFBC
2010-11-23,14.6899995803833,14.760000228881836,14.510000228881836,14.68000030517578,13.4737548828125,46400.0,SFE
2010-11-23,21.739999771118164,21.850000381469727,21.43000030517578,21.729999542236328,7.9085373878479,216000.0,SFL
2010-11-23,14.050000190734865,14.220000267028807,14.050000190734865,14.1850004196167,11.202256202697754,41600.0,SFNC
2010-11-23,4.620585918426514,4.770848751068115,4.620585918426514,4.620585918426514,4.620585918426514,9600.0,SFST
2010-11-23,18.75,19.149999618530273,18.364999771118164,19.0,14.254926681518555,176000.0,SFUN
2010-11-23,15.9375,16.125,15.75749969482422,15.869999885559082,12.338872909545898,900.0,SGA
2010-11-23,7.5999999046325675,7.5999999046325675,6.25,7.199999809265138,5.928343296051025,5100.0,SGB
2010-11-23,5.489999771118164,5.545000076293945,5.4099998474121085,5.434999942779541,3.565403938293457,2800.0,SGC
2010-11-23,14.779999732971193,15.100000381469727,14.640000343322756,14.779999732971193,14.779999732971193,864000.0,SGEN
2010-11-23,75.41000366210938,79.58000183105469,74.33000183105469,79.4000015258789,79.4000015258789,80900.0,SGG
2010-11-23,19.899999618530273,20.0,19.0,19.0,19.0,400.0,SGLB
2010-11-23,5.760000228881836,5.760000228881836,5.610000133514403,5.710000038146973,5.710000038146973,4900.0,SGMA
2010-11-23,4.0399999618530265,4.119999885559082,3.9800000190734863,4.010000228881837,4.010000228881837,153000.0,SGMO
2010-11-23,7.059999942779541,7.059999942779541,6.880000114440918,6.9000000953674325,6.9000000953674325,564200.0,SGMS
2010-11-23,32.0,32.0,32.0,32.0,32.0,0.0,SGOC
2010-11-23,1.0,1.0,1.0,1.0,1.0,0.0,SGRP
2010-11-23,5.260000228881836,5.289999961853027,5.199999809265137,5.25,3.1765651702880864,90700.0,SGU
2010-11-23,9.899999618530273,9.949999809265137,9.84000015258789,9.9399995803833,9.024072647094727,1600.0,SHBI
2010-11-23,9.0649995803833,9.0649995803833,8.904999732971191,8.970000267028809,7.292672634124756,28000.0,SHEN
2010-11-23,36.91999816894531,37.11000061035156,36.50500106811523,36.68999862670898,30.0170955657959,119200.0,SHG
2010-11-23,31.70000076293945,31.70000076293945,31.26666641235352,31.26666641235352,20.81385803222656,12400.0,SHI
2010-11-23,1192.5,1237.5,1170.0,1170.0,1170.0,100.0,SHIP
2010-11-23,11.600000381469727,11.600000381469727,11.09000015258789,11.350000381469727,10.481488227844238,6200.0,SHLO
2010-11-23,9.40999984741211,9.550000190734863,9.369999885559082,9.489999771118164,7.0772972106933585,857300.0,SHO
2010-11-23,12.954073905944824,13.5051851272583,12.853333473205565,13.217778205871582,12.726269721984865,1603300.0,SHOO
2010-11-23,74.2699966430664,74.6500015258789,73.81999969482422,74.08999633789062,66.75820159912111,643300.0,SHW
2010-11-23,16.280000686645508,16.34000015258789,15.970000267028807,16.149999618530273,10.75892448425293,4729700.0,SID
2010-11-23,1.9700000286102293,1.9700000286102293,1.9700000286102293,1.9700000286102293,1.7001370191574097,0.0,SIEB
2010-11-23,13.699999809265135,13.75,13.649999618530273,13.649999618530273,13.153066635131836,5200.0,SIF
2010-11-23,1.870000004768372,1.870000004768372,1.7200000286102295,1.7699999809265137,1.639293193817139,147300.0,SIFY
2010-11-23,38.40999984741211,40.38000106811523,38.40999984741211,39.63000106811523,33.011947631835945,1355200.0,SIG
2010-11-23,12.739999771118164,13.15999984741211,12.5,12.600000381469727,12.600000381469727,404000.0,SIGA
2010-11-23,16.440000534057614,16.579999923706055,16.239999771118164,16.440000534057614,13.708273887634276,116700.0,SIGI
2010-11-23,17.450000762939453,17.5,17.010000228881836,17.170000076293945,14.750786781311035,34400.0,SILC
2010-11-23,1.9980800151824951,2.0274600982666016,1.9393099546432493,1.9687000513076784,1.9687000513076784,1316682.0,SILK
2010-11-23,7.070000171661378,7.130000114440918,6.889999866485597,6.940000057220459,6.475583553314209,54600.0,SIM
2010-11-23,4.0,4.269999980926514,3.990000009536743,4.199999809265137,3.4224603176116943,116600.0,SIMO
2010-11-23,58.90999984741211,60.5,58.56999969482422,59.95000076293945,59.95000076293945,1254400.0,SINA
2010-11-23,2.7100000381469727,2.7799999713897705,2.700000047683716,2.7699999809265137,2.7699999809265137,2500.0,SINO
2010-11-23,1.3700000047683716,1.3899999856948853,1.350000023841858,1.3700000047683716,1.3091375827789309,29596000.0,SIRI
2010-11-23,20.652000427246094,21.048200607299805,20.503400802612305,21.015199661254886,21.015199661254886,1753834.0,SITC
2010-11-23,45.31999969482422,45.88999938964844,44.9900016784668,45.13000106811523,45.13000106811523,396900.0,SIVB
2010-11-23,12.9375,13.0,12.712499618530273,12.755000114440918,7.5877623558044425,320000.0,SIX
2010-11-23,25.18000030517578,25.44499969482422,25.01000022888184,25.36000061035156,15.802933692932127,141400.0,SJI
2010-11-23,62.52000045776367,62.93999862670898,61.9900016784668,62.72999954223633,49.662879943847656,786200.0,SJM
2010-11-23,20.26000022888184,20.350000381469727,20.100000381469727,20.190000534057614,12.124213218688965,111200.0,SJR
2010-11-23,25.0,25.0,24.56999969482422,24.709999084472656,14.00547981262207,186000.0,SJT
2010-11-23,24.70000076293945,24.95000076293945,24.56999969482422,24.81999969482422,19.778621673583984,17100.0,SJW
2010-11-23,18.040000915527344,18.040000915527344,17.81999969482422,17.969999313354492,11.838934898376465,1459500.0,SKM
2010-11-23,23.614999771118164,23.80500030517578,23.47500038146973,23.690000534057614,16.06477928161621,946600.0,SKT
2010-11-23,7.119999885559082,7.4733333587646475,7.0900001525878915,7.28000020980835,7.28000020980835,4344300.0,SKX
2010-11-23,18.6200008392334,18.65999984741211,18.270000457763672,18.43000030517578,17.090570449829098,19000.0,SKY
2010-11-23,15.949999809265135,15.949999809265135,15.579999923706055,15.729999542236328,14.184330940246582,221200.0,SKYW
2010-11-23,42.36999893188477,43.290000915527344,42.27999877929688,42.61999893188477,42.61999893188477,1106500.0,SLAB
2010-11-23,75.41999816894531,75.4800033569336,73.83000183105469,75.44000244140625,58.45263671875,9621500.0,SLB
2010-11-23,4.0,4.099999904632568,3.990000009536743,4.010000228881837,4.010000228881837,3500.0,SLCT
2010-11-23,27.8799991607666,27.940000534057614,27.290000915527344,27.3700008392334,17.31754493713379,640800.0,SLF
2010-11-23,63.06000137329102,63.83000183105469,62.9900016784668,63.54999923706055,50.83235549926758,689500.0,SLG
2010-11-23,17.045000076293945,17.084999084472653,16.885000228881836,17.024999618530273,15.08337688446045,517400.0,SLGN
2010-11-23,4.0779128074646005,4.1172266006469735,4.042172908782959,4.060042858123778,3.666860342025757,9805300.0,SLM
2010-11-23,41.0,41.0,40.97999954223633,41.0,27.04902458190918,2100.0,SLMBP
2010-11-23,2.799999952316284,2.809999942779541,2.700000047683716,2.7100000381469727,2.1465194225311284,15500.0,SLP
2010-11-23,23.31999969482422,23.63999938964844,23.31999969482422,23.459999084472656,10.121636390686037,119100.0,SLRC
2010-11-23,94200.0,97200.0,91500.0,93900.0,93900.0,0.0,SLS
2010-11-23,49.02000045776367,49.4000015258789,48.31999969482422,48.95000076293945,47.52835083007813,557800.0,SM
2010-11-23,7.605000019073486,7.934999942779541,7.5,7.934999942779541,6.163680076599121,7200.0,SMBC
2010-11-23,6.800000190734862,6.800000190734862,6.800000190734862,6.800000190734862,6.769519805908202,0.0,SMBK
2010-11-23,10.329999923706056,10.420000076293944,10.210000038146973,10.390000343322754,10.390000343322754,115800.0,SMCI
2010-11-23,4.480000019073486,4.550000190734863,4.349999904632568,4.400000095367432,4.400000095367432,42900.0,SMED
2010-11-23,6.199999809265138,6.21999979019165,6.1599998474121085,6.199999809265138,4.38692045211792,285000.0,SMFG
2010-11-23,50.43999862670898,50.56999969482422,49.63999938964844,50.2599983215332,37.93086242675781,403400.0,SMG
2010-11-23,2.9500000476837163,2.9600000381469727,2.9500000476837163,2.9600000381469727,2.9600000381469727,3100.0,SMIT
2010-11-23,4.75,4.849999904632568,4.75,4.849999904632568,4.291168212890625,1200.0,SMMF
2010-11-23,12.550000190734865,12.550000190734865,11.920000076293945,12.119999885559082,10.314756393432617,186000.0,SMP
2010-11-23,9.899999618530273,10.119999885559082,9.75,9.779999732971193,4.970559120178223,183400.0,SMRT
2010-11-23,55.63999938964844,56.27999877929688,53.72000122070313,56.2400016784668,56.2400016784668,80400.0,SMSI
2010-11-23,23.18000030517578,23.270000457763672,22.90999984741211,23.25,23.25,410600.0,SMTC
2010-11-23,2.5899999141693115,2.5899999141693115,2.5199999809265137,2.5899999141693115,2.50986385345459,600.0,SMTS
2010-11-23,3.869999885559082,3.9700000286102295,3.8199999332427983,3.829999923706055,3.829999923706055,229500.0,SMTX
2010-11-23,52.5,52.5099983215332,51.790000915527344,52.0,43.519798278808594,328700.0,SNA
2010-11-23,8.279999732971191,8.460000038146973,8.090000152587889,8.449999809265138,8.449999809265138,323700.0,SNBR
2010-11-23,26.06999969482422,26.459999084472656,25.75,25.95000076293945,25.95000076293945,930600.0,SNCR
2010-11-23,34.52000045776367,34.790000915527344,34.389999389648445,34.450000762939446,31.61717987060547,1288000.0,SNE
2010-11-23,1.2721195220947266,1.2792264223098757,1.2507991790771484,1.2507991790771484,1.2507991790771484,3900.0,SNFCA
2010-11-23,32.0,36.0,30.0,34.0,34.0,700.0,SNGX
2010-11-23,28.899999618530273,29.399999618530273,28.20000076293945,29.20000076293945,16.13588523864746,3800.0,SNMP
2010-11-23,18.5914363861084,18.6114444732666,18.307323455810547,18.33133316040039,13.55814266204834,66200.0,SNN
2010-11-23,519.75,532.3499755859375,516.5999755859375,526.0499877929689,526.0499877929689,0.0,SNOA
2010-11-23,72.28461456298828,72.5076904296875,71.21538543701172,71.38461303710938,41.11139297485352,378800.0,SNP
2010-11-23,25.11000061035156,25.20000076293945,24.790000915527344,25.07999992370605,25.07999992370605,635000.0,SNPS
2010-11-23,12.239999771118164,12.239999771118164,11.880000114440918,11.880000114440918,11.880000114440918,38100.0,SNSS
2010-11-23,14.140000343322756,14.210000038146973,13.789999961853027,14.0,12.224900245666506,1934700.0,SNV
2010-11-23,29.20000076293945,29.20000076293945,28.75,28.90999984741211,27.192779541015625,103200.0,SNX
2010-11-23,32.689998626708984,32.81999969482422,32.31999969482422,32.47999954223633,22.635746002197266,2996800.0,SNY
2010-11-23,38.02999877929688,38.099998474121094,37.75,37.959999084472656,24.505788803100586,2975900.0,SO
2010-11-23,2.309999942779541,2.3399999141693115,2.220000028610229,2.299999952316284,1.3802483081817627,14700.0,SOHO
2010-11-23,74.47000122070312,75.12999725341797,72.31999969482422,72.94000244140625,72.94000244140625,770200.0,SOHU
2010-11-23,46.95000076293945,48.599998474121094,46.5,47.349998474121094,47.349998474121094,560500.0,SOL
2010-11-23,32.470001220703125,32.689998626708984,32.209999084472656,32.540000915527344,23.811695098876953,382000.0,SON
2010-11-23,7.53000020980835,7.539999961853027,7.25,7.5,6.212277412414551,15900.0,SONA
2010-11-23,49.56999969482422,49.56999969482422,48.88000106811523,49.27000045776367,14.574115753173828,6900.0,SOR
2010-11-23,8.739999771118164,8.760000228881836,8.409999847412111,8.439999580383299,8.439999580383299,102300.0,SORL
2010-11-23,17.780000686645508,17.860000610351562,17.6299991607666,17.780000686645508,17.780000686645508,34700.0,SP
2010-11-23,5.139999866485597,5.210000038146973,5.050000190734863,5.110000133514403,4.44600248336792,70900.0,SPAR
2010-11-23,27.592592239379886,27.96296310424805,27.037036895751953,27.469135284423828,22.72710037231445,4700.0,SPB
2010-11-23,0.5525000095367432,0.5525000095367432,0.5525000095367432,0.5525000095367432,0.5525000095367432,0.0,SPCB
2010-11-23,14.260000228881836,14.270000457763672,14.260000228881836,14.270000457763672,6.841727256774902,3100.0,SPE
2010-11-23,0.35499998927116394,0.3558399975299835,0.3458400070667267,0.3516699969768524,0.3499543070793152,269868.0,SPFI
2010-11-23,91.2793960571289,92.02257537841795,91.2511749267578,91.78739166259766,64.98361206054689,1495100.0,SPG
2010-11-23,34.610000610351555,34.68000030517578,34.11999893188477,34.139999389648445,28.308534622192386,2808900.0,SPGI
2010-11-23,54.72000122070313,55.0,54.2599983215332,55.0,23.43374252319336,108100.0,SPH
2010-11-23,2.5799999237060547,2.5799999237060547,2.5199999809265137,2.5699999332427983,2.2644081115722656,2400.0,SPNS
2010-11-23,16.420000076293945,16.559999465942386,16.120000839233402,16.5,11.154184341430664,70100.0,SPOK
2010-11-23,4.559999942779541,4.599999904632568,4.489999771118164,4.510000228881836,4.449813365936278,346400.0,SPPI
2010-11-23,18.549999237060547,18.940000534057614,18.440000534057614,18.940000534057614,18.57660675048828,2227000.0,SPR
2010-11-23,18.780000686645508,18.899999618530273,18.690000534057614,18.809999465942386,9.723042488098145,144800.0,SPRT
2010-11-23,6.5349998474121085,6.550000190734862,6.3499999046325675,6.355000019073486,6.355000019073486,21800.0,SPSC
2010-11-23,0.32499998807907104,0.32499998807907104,0.25,0.26499998569488525,0.26499998569488525,154800.0,SPT
2010-11-23,15.199999809265135,15.34000015258789,15.09000015258789,15.329999923706055,11.974103927612305,33700.0,SPTN
2010-11-23,12.100000381469727,12.220000267028807,11.93000030517578,12.079999923706055,12.079999923706055,2882100.0,SPWR
2010-11-23,16.333417892456055,16.396373748779293,16.215059280395508,16.351045608520508,15.240798950195312,925200.0,SPXC
2010-11-23,13.739999771118164,13.770000457763672,13.65999984741211,13.710000038146973,6.7353758811950675,52600.0,SPXX
2010-11-23,1.0499999523162842,1.0499999523162842,1.0499999523162842,1.0499999523162842,1.0499999523162842,0.0,SQBG
2010-11-23,48.93865585327149,49.41577529907226,48.68549346923828,49.10418701171875,35.610374450683594,347400.0,SQM
2010-11-23,35.169998168945305,35.380001068115234,35.0,35.34000015258789,24.47818374633789,70200.0,SR
2010-11-23,18.32999992370605,18.68000030517578,18.32999992370605,18.5,14.882386207580565,10300.0,SRCE
2010-11-23,71.87000274658203,72.44000244140625,71.5,72.12000274658203,72.12000274658203,339400.0,SRCL
2010-11-23,9.289999961853027,9.300000190734863,9.06999969482422,9.079999923706056,9.079999923706056,80300.0,SRDX
2010-11-23,50.41999816894531,50.41999816894531,49.72000122070313,50.06999969482422,37.30448913574219,1075900.0,SRE
2010-11-23,12.6899995803833,12.949999809265135,12.520000457763672,12.75,12.75,137800.0,SRI
2010-11-23,39.79999923706055,40.04999923706055,39.400001525878906,40.0,35.5185661315918,26800.0,SRL
2010-11-23,7.5,15.0,7.5,15.0,15.0,0.0,SRNE
2010-11-23,11.15999984741211,11.220000267028807,10.859999656677246,10.979999542236328,10.979999542236328,181000.0,SRPT
2010-11-23,4.199999809265137,4.25,4.199999809265137,4.2199997901916495,4.2199997901916495,34000.0,SRT
2010-11-23,49.1500015258789,49.5,48.599998474121094,49.25,19.19902992248535,41300.0,SRV
2010-11-23,30.6200008392334,30.90999984741211,30.60000038146973,30.729999542236328,26.00993156433105,10000.0,SSB
2010-11-23,5.151999950408936,5.151999950408936,5.072000026702881,5.119999885559082,3.2615396976470947,1700.0,SSBI
2010-11-23,25.170000076293945,25.51000022888184,24.979999542236328,25.38999938964844,21.8122501373291,201100.0,SSD
2010-11-23,13.989999771118164,14.289999961853027,13.880000114440918,14.239999771118164,8.783502578735353,198000.0,SSI
2010-11-23,212.5,215.0,194.5,199.5,199.5,83600.0,SSKN
2010-11-23,45.72999954223633,45.97999954223633,45.31000137329102,45.52999877929688,32.54532241821289,324200.0,SSL
2010-11-23,9.25,9.385000228881836,9.005000114440918,9.350000381469727,8.974520683288574,177600.0,SSNC
2010-11-23,7.90594482421875,7.90594482421875,7.639751434326173,7.763975143432617,7.213358402252197,387500.0,SSP
2010-11-23,26.0,26.63999938964844,25.88999938964844,26.13999938964844,26.13999938964844,1760700.0,SSRM
2010-11-23,1.9700000286102293,2.150000095367432,1.9700000286102293,2.150000095367432,2.150000095367432,3000.0,SSY
2010-11-23,32.990001678466804,33.990001678466804,32.990001678466804,33.689998626708984,33.689998626708984,144300.0,SSYS
2010-11-23,27.54999923706055,27.790000915527344,27.26000022888184,27.649999618530273,27.649999618530273,466000.0,ST
2010-11-23,5.199999809265137,5.25,5.170000076293945,5.199999809265137,5.199999809265137,32300.0,STAA
2010-11-23,5.519999980926514,5.559999942779541,5.3400001525878915,5.389999866485597,5.069943904876709,1965000.0,STAR
2010-11-23,19.700000762939453,20.020000457763672,19.57999992370605,20.0,15.442171096801758,83700.0,STBA
2010-11-23,10.5,10.59000015258789,10.34000015258789,10.399999618530273,8.799469947814941,75000.0,STC
2010-11-23,6.889999866485597,6.889999866485597,6.630000114440918,6.679999828338622,5.753124713897705,120000.0,STCN
2010-11-23,34.080001831054695,34.36999893188477,33.880001068115234,34.330001831054695,29.62724685668945,275000.0,STE
2010-11-23,15.789999961853027,15.880000114440918,15.609999656677244,15.869999885559082,12.864400863647461,24600.0,STFC
2010-11-23,4769.080078125,5020.080078125,5020.080078125,5020.080078125,5020.080078125,7362.0,STG
2010-11-23,19.299999237060547,19.299999237060547,18.600000381469727,18.670000076293945,6.889285564422607,83800.0,STK
2010-11-23,6.619999885559082,6.78000020980835,6.550000190734862,6.579999923706055,6.579999923706055,341800.0,STKL
2010-11-23,9.260000228881836,9.520000457763672,9.25,9.479999542236328,7.885242462158202,61000.0,STL
2010-11-23,15.800000190734865,15.949999809265135,15.710000038146973,15.800000190734865,12.285515785217285,3107400.0,STLD
2010-11-23,8.90999984741211,8.949999809265137,8.789999961853027,8.84000015258789,6.206575393676758,2264600.0,STM
2010-11-23,12.520000457763672,12.619999885559082,12.239999771118164,12.449999809265135,12.449999809265135,47700.0,STMP
2010-11-23,13.05500030517578,13.279999732971193,13.03499984741211,13.225000381469727,10.878610610961914,27600.0,STN
2010-11-23,13.5,13.640000343322756,13.109999656677244,13.5600004196167,11.578453063964846,2200.0,STND
2010-11-23,98.0,99.5,97.0999984741211,98.0999984741211,93.84347534179688,16600.0,STNG
2010-11-23,28.540000915527344,29.43000030517578,28.53000068664551,28.93000030517578,15.502034187316895,96000.0,STON
2010-11-23,49.0,49.36000061035156,48.9000015258789,49.18999862670898,49.18999862670898,5400.0,STPP
2010-11-23,142.67999267578125,144.33999633789062,140.27999877929688,141.3000030517578,123.49524688720705,158400.0,STRA
2010-11-23,13.630000114440918,13.630000114440918,13.25,13.3100004196167,13.3100004196167,38000.0,STRL
2010-11-23,1.2799999713897705,1.2999999523162842,1.2699999809265137,1.2999999523162842,1.2999999523162842,500.0,STRM
2010-11-23,8.850000381469727,8.850000381469727,8.75,8.800000190734863,8.485152244567871,1100.0,STRS
2010-11-23,34.650001525878906,34.68000030517578,31.29999923706055,31.29999923706055,27.498920440673828,10500.0,STRT
2010-11-23,15.520000457763672,16.0,15.510000228881836,15.75,15.75,54439.0,STSA
2010-11-23,42.22999954223633,42.52999877929688,41.93999862670898,42.099998474121094,34.67885589599609,3046600.0,STT
2010-11-23,16.65053939819336,16.739234924316403,16.553781509399414,16.577970504760742,6.726077079772949,376600.0,STWD
2010-11-23,14.399999618530273,14.43000030517578,13.800000190734865,13.8100004196167,8.65891170501709,16942800.0,STX
2010-11-23,32.11678695678711,33.21167755126953,32.11678695678711,33.120437622070305,33.120437622070305,41600.0,STXS
2010-11-23,20.600000381469727,20.63999938964844,20.43000030517578,20.549999237060547,19.35197257995605,1144800.0,STZ
2010-11-23,33.689998626708984,33.86999893188477,32.90999984741211,33.25,23.981290817260746,9481000.0,SU
2010-11-23,33.0,33.130001068115234,32.830001831054695,32.889999389648445,21.370014190673828,114400.0,SUI
2010-11-23,63.81000137329102,64.08000183105469,61.6500015258789,63.81000137329102,63.81000137329102,8300.0,SUMR
2010-11-23,32.49769973754883,32.95529937744141,32.17319869995117,32.90539932250977,17.452232360839847,2574104.0,SUN
2010-11-23,27.29999923706055,27.29999923706055,27.29999923706055,27.29999923706055,27.29999923706055,0.0,SUNW
2010-11-23,18.920000076293945,18.989999771118164,18.71999931335449,18.959999084472656,13.639098167419435,95800.0,SUP
2010-11-23,9.09333324432373,9.09333324432373,9.09333324432373,9.09333324432373,6.9764251708984375,0.0,SUZ
2010-11-23,3.7300000190734863,3.7300000190734863,3.0899999141693115,3.220000028610229,3.10608172416687,6900.0,SVBI
2010-11-23,21.899999618530273,21.950000762939453,21.670000076293945,21.850000381469727,11.13049030303955,632500.0,SVC
2010-11-23,8.850000381469727,8.850000381469727,8.850000381469727,8.850000381469727,7.336019992828369,0.0,SVT
2010-11-23,11.149999618530273,11.34000015258789,11.100000381469727,11.279999732971193,11.279999732971193,200400.0,SWIR
2010-11-23,58.7400016784668,59.02999877929688,58.34000015258789,58.709999084472656,47.80711364746094,1726800.0,SWK
2010-11-23,8.899999618530273,10.100000381469727,8.899999618530273,10.0,10.0,400.0,SWKH
2010-11-23,24.420000076293945,24.770000457763672,24.270000457763672,24.76000022888184,22.75647163391113,3279100.0,SWKS
2010-11-23,31.520000457763672,31.95000076293945,31.07500076293945,31.78499984741211,22.24095344543457,113200.0,SWM
2010-11-23,37.47999954223633,37.47999954223633,36.31999969482422,36.36999893188477,36.36999893188477,7459700.0,SWN
2010-11-23,34.610000610351555,34.779998779296875,34.52000045776367,34.75,26.806093215942386,148600.0,SWX
2010-11-23,13.020000457763672,13.0600004196167,12.979999542236328,12.979999542236328,4.646910190582275,28400.0,SWZ
2010-11-23,28.63999938964844,28.90999984741211,28.3799991607666,28.86000061035156,26.92494964599609,26500.0,SXI
2010-11-23,33.299999237060554,33.72999954223633,33.290000915527344,33.639999389648445,27.97995948791504,231100.0,SXT
2010-11-23,15.873332977294922,15.993332862854006,15.859999656677244,15.9399995803833,12.087862968444824,12900.0,SYBT
2010-11-23,50.88000106811523,51.0,50.56999969482422,50.88000106811523,44.61461639404297,1660900.0,SYK
2010-11-23,17.600000381469727,17.649999618530273,17.319999694824222,17.479999542236328,17.479999542236328,287000.0,SYKE
2010-11-23,27.649999618530273,27.649999618530273,26.25,26.25,26.25,2100.0,SYN
2010-11-23,27.54999923706055,27.959999084472656,27.440000534057614,27.8700008392334,27.8700008392334,389500.0,SYNA
2010-11-23,9.609999656677246,9.619999885559082,9.5,9.510000228881836,8.260017395019531,1500.0,SYNL
2010-11-23,3.369999885559082,3.5,3.369999885559082,3.4100000858306885,3.199028968811035,7700.0,SYPR
2010-11-23,12.859999656677244,12.949999809265135,12.649999618530273,12.850000381469727,8.211674690246582,20500.0,SYX
2010-11-23,29.28000068664551,29.290000915527344,29.0,29.059999465942386,21.783132553100586,4033100.0,SYY
2010-11-23,28.10000038146973,28.149999618530273,27.90999984741211,28.03000068664551,17.018653869628903,18897000.0,T
2010-11-23,16.200000762939453,16.399999618530273,15.850000381469727,16.049999237060547,16.049999237060547,20300.0,TA
2010-11-23,20.530000686645508,20.6299991607666,20.440000534057614,20.520000457763672,12.119842529296875,59700.0,TAC
2010-11-23,9.149999618530273,9.239999771118164,9.029999732971193,9.239999771118164,7.086918354034424,6000.0,TACT
2010-11-23,1.0099999904632568,1.1699999570846558,1.0099999904632568,1.1299999952316284,0.8726748824119568,67300.0,TAIT
2010-11-23,23.59000015258789,23.670000076293945,23.45000076293945,23.5,16.741203308105472,26600.0,TAK
2010-11-23,2.671666622161865,2.7149999141693115,2.6433334350585938,2.6733334064483643,2.5142815113067627,739200.0,TAL
2010-11-23,11.0,11.020000457763672,10.399999618530273,10.579999923706056,10.579999923706056,101000.0,TAOP
2010-11-23,48.65999984741211,49.02000045776367,48.0099983215332,49.0,38.44899368286133,1542700.0,TAP
2010-11-23,14.0,14.119999885559082,13.899999618530273,13.949999809265135,12.182621955871582,4600.0,TARO
2010-11-23,6.980000019073486,7.0999999046325675,6.960000038146973,7.039999961853027,1.8580367565155032,57400.0,TAST
2010-11-23,32.900001525878906,33.299999237060554,31.79999923706055,31.899999618530273,31.899999618530273,102100.0,TAT
2010-11-23,5.599999904632568,5.670000076293945,5.550000190734863,5.579999923706055,3.7108912467956543,5600.0,TATT
2010-11-23,4.579999923706055,4.579999923706055,4.559999942779541,4.559999942779541,4.559999942779541,300.0,TAYD
2010-11-23,8.460000038146973,8.560000419616701,8.340000152587889,8.449999809265138,8.449999809265138,30400.0,TBBK
2010-11-23,11600.0,12000.0,12000.0,12000.0,11061.560546875,9570.0,TBC
2010-11-23,16.0,16.15999984741211,15.600000381469727,16.100000381469727,16.100000381469727,185500.0,TBI
2010-11-23,18.0,18.07999992370605,17.899999618530273,18.040000915527344,13.41770839691162,33000.0,TBNK
2010-11-23,18.57999992370605,18.96999931335449,18.43000030517578,18.76000022888184,18.76000022888184,120600.0,TCBI
2010-11-23,14.59000015258789,14.65999984741211,14.25,14.520000457763672,11.896543502807615,13800.0,TCBK
2010-11-23,11.109999656677246,11.109999656677246,11.100000381469727,11.100000381469727,9.88751220703125,200.0,TCCO
2010-11-23,20.280000686645508,20.729999542236328,20.280000686645508,20.57999992370605,14.190105438232422,54400.0,TCF
2010-11-23,16.0,16.0,16.0,16.0,13.4639310836792,0.0,TCFC
2010-11-23,9.100000381469727,9.100000381469727,9.0600004196167,9.079999923706056,9.079999923706056,500.0,TCI
2010-11-23,46.2599983215332,47.540000915527344,46.2599983215332,47.08000183105469,33.00790405273437,721200.0,TCO
2010-11-23,23.0,23.38500022888184,22.940000534057614,23.20499992370605,23.20499992370605,2585000.0,TCOM
2010-11-23,47.25,47.41999816894531,46.77000045776367,47.1500015258789,25.11786651611328,79900.0,TCP
2010-11-23,12.960000038146973,13.0,12.800000190734865,12.970000267028807,4.275970458984375,78000.0,TCRD
2010-11-23,2.759999990463257,2.759999990463257,2.720000028610229,2.759999990463257,2.759999990463257,11000.0,TCX
2010-11-23,36.25,36.40499877929688,35.89500045776367,35.97999954223633,21.24839782714844,1271600.0,TD
2010-11-23,40.66999816894531,41.02999877929688,40.11000061035156,40.4900016784668,40.4900016784668,1257400.0,TDC
2010-11-23,29.65999984741211,29.65999984741211,29.45000076293945,29.5,11.097376823425293,55800.0,TDF
2010-11-23,67.66000366210939,68.02999877929689,67.19000244140625,67.79000091552734,35.019886016845696,226100.0,TDG
2010-11-23,24.809999465942386,24.809999465942386,24.63999938964844,24.65999984741211,13.662632942199707,3200.0,TDI
2010-11-23,33.01747894287109,33.01747894287109,32.52989959716797,32.83348846435547,26.71066474914551,170300.0,TDS
2010-11-23,1531.6129150390625,1540.6451416015625,1521.6129150390625,1529.3548583984375,1318.7626953125,13600.0,TDW
2010-11-23,39.58000183105469,40.16999816894531,39.560001373291016,40.0099983215332,40.0099983215332,91300.0,TDY
2010-11-23,45.84000015258789,45.84000015258789,44.5099983215332,45.0099983215332,45.0099983215332,539500.0,TECD
2010-11-23,59.290000915527344,60.52999877929688,58.599998474121094,59.41999816894531,52.9194221496582,86500.0,TECH
2010-11-23,48.86000061035156,49.06999969482422,47.56999969482422,47.77000045776367,38.783653259277344,4590400.0,TECK
2010-11-23,23.489999771118164,23.546667098999023,23.01000022888184,23.10000038146973,13.099822998046875,3853500.0,TEF
2010-11-23,16.75,16.90999984741211,16.59000015258789,16.899999618530273,7.82957124710083,132000.0,TEI
2010-11-23,31.10000038146973,31.43000030517578,30.8700008392334,30.959999084472656,25.34627342224121,1457700.0,TEL
2010-11-23,15.199999809265135,15.279999732971193,15.039999961853027,15.119999885559082,15.119999885559082,6200.0,TELL
2010-11-23,35.849998474121094,36.18000030517578,35.349998474121094,36.060001373291016,34.38054656982422,869200.0,TEN
2010-11-23,900.0,920.0,888.0,892.0,892.0,0.0,TENX
2010-11-23,24.70000076293945,24.90999984741211,23.75,24.04999923706055,14.445764541625975,226700.0,TEO
2010-11-23,12.31999969482422,12.789999961853027,12.260000228881836,12.529999732971193,11.812565803527832,11561300.0,TER
2010-11-23,15.479999542236328,15.529999732971193,15.270000457763672,15.449999809265135,10.088500022888184,5500.0,TESS
2010-11-23,85.5,86.25,81.25,81.25,81.25,1700.0,TEUM
2010-11-23,49.95000076293945,50.16999816894531,49.5099983215332,49.93999862670898,41.38854217529297,6127700.0,TEVA
2010-11-23,25.020000457763672,25.06999969482422,24.53000068664551,24.60000038146973,22.94567680358887,1076700.0,TEX
2010-11-23,23.79999923706055,24.04999923706055,23.559999465942386,23.59000015258789,18.027097702026367,5982500.0,TFC
2010-11-23,11.3100004196167,11.43000030517578,11.279999732971193,11.279999732971193,11.114457130432127,66264.0,TFII
2010-11-23,8.0,8.100000381469728,7.940000057220459,8.010000228881836,6.44193172454834,705100.0,TFSL
2010-11-23,52.22999954223633,52.22999954223633,51.61999893188477,51.959999084472656,46.48527145385742,245000.0,TFX
2010-11-23,18.489999771118164,18.739999771118164,18.26000022888184,18.6200008392334,14.889453887939453,77600.0,TG
2010-11-23,15.4399995803833,15.6899995803833,15.170000076293945,15.449999809265135,13.009363174438475,324900.0,TGA
2010-11-23,4.570000171661377,4.610000133514403,4.420000076293945,4.480000019073486,4.480000019073486,3184400.0,TGB
2010-11-23,4.800000190734863,4.800000190734863,4.699999809265137,4.800000190734863,4.800000190734863,1100.0,TGC
2010-11-23,28.03000068664551,28.399999618530273,27.63999938964844,28.15999984741211,20.39480400085449,78300.0,TGH
2010-11-23,41.36999893188477,41.599998474121094,41.0,41.46500015258789,39.77295684814453,239400.0,TGI
2010-11-23,6.633364677429199,6.696140766143799,6.549662590026856,6.575819492340088,4.355726242065431,7069300.0,TGNA
2010-11-23,35.689998626708984,35.959999084472656,35.040000915527344,35.75,21.027729034423828,83900.0,TGP
2010-11-23,4.6599998474121085,4.670000076293945,4.510000228881836,4.559999942779541,2.181649923324585,16100.0,TGS
2010-11-23,55.47999954223633,55.88000106811523,55.16999816894531,55.2400016784668,42.11613464355469,6330100.0,TGT
2010-11-23,56.25,56.25,56.25,56.25,56.25,0.0,TGTX
2010-11-23,0.4010899960994721,0.4119299948215485,0.4010899960994721,0.4119299948215485,0.4119299948215485,59500.0,TH
2010-11-23,17.120000839233402,17.120000839233402,16.879999160766598,17.0,17.0,1656500.0,THC
2010-11-23,30.81999969482422,31.09000015258789,30.1200008392334,30.84000015258789,23.11725616455078,13500.0,THFF
2010-11-23,45.88999938964844,46.0099983215332,45.599998474121094,45.66999816894531,34.32574462890625,253900.0,THG
2010-11-23,8.329999923706055,8.470000267028809,8.199999809265138,8.319999694824219,8.319999694824219,230700.0,THM
2010-11-23,33.72999954223633,33.939998626708984,33.5,33.61999893188477,27.602766036987305,279800.0,THO
2010-11-23,10.630000114440918,10.779999732971193,10.359999656677246,10.6899995803833,10.6899995803833,142000.0,THRM
2010-11-23,49.56999969482422,49.77999877929688,49.25,49.75,49.75,107900.0,THS
2010-11-23,5.380000114440918,5.429999828338623,5.369999885559082,5.369999885559082,5.369999885559082,25400.0,THTX
2010-11-23,58.5,59.02999877929688,57.25,58.27000045776367,48.34894561767578,4595800.0,TIF
2010-11-23,14.300000190734865,14.390000343322756,13.899999618530273,13.949999809265135,12.619458198547365,458500.0,TILE
2010-11-23,4.349999904632568,4.349999904632568,4.349999904632568,4.349999904632568,3.319945812225342,300.0,TIPT
2010-11-23,19.770000457763672,20.030000686645508,19.57999992370605,19.979999542236328,19.979999542236328,71100.0,TISI
2010-11-23,22.489999771118164,22.60000038146973,21.709999084472656,21.790000915527344,21.790000915527344,113400.0,TITN
2010-11-23,54.209999084472656,54.47999954223633,53.43000030517578,54.06000137329102,46.1961669921875,922100.0,TIVO
2010-11-23,11.5,11.595000267028807,11.397500038146973,11.460000038146973,8.911645889282227,11434400.0,TJX
2010-11-23,33.360000610351555,33.380001068115234,32.529998779296875,32.810001373291016,24.75666236877441,583300.0,TK
2010-11-23,17.270000457763672,17.430000305175778,17.110000610351562,17.389999389648438,12.152469635009766,1481600.0,TKC
2010-11-23,31.403005599975586,31.61775207519531,31.13099479675293,31.53901290893555,24.89813041687012,1188800.0,TKR
2010-11-23,4.5,4.5,4.5,4.5,4.174511432647705,0.0,TLF
2010-11-23,1.559999942779541,1.559999942779541,1.5499999523162842,1.5499999523162842,1.5499999523162842,1100.0,TLGT
2010-11-23,11.239999771118164,11.369999885559082,11.239999771118164,11.350000381469727,5.790241241455077,28400.0,TLI
2010-11-23,18.649999618530273,18.649999618530273,18.43000030517578,18.46999931335449,13.314493179321287,459600.0,TLK
2010-11-23,27.190000534057614,28.35000038146973,27.190000534057614,28.20000076293945,20.328767776489254,850300.0,TLRD
2010-11-23,77.41000366210938,78.36000061035156,77.08000183105469,77.43000030517578,60.787025451660156,627100.0,TM
2010-11-23,63.599998474121094,64.5,61.20000076293945,62.4000015258789,62.4000015258789,2100.0,TMDI
2010-11-23,51.11999893188477,51.2599983215332,50.43000030517578,50.68999862670898,48.71833038330078,2022800.0,TMO
2010-11-23,38.5,38.88000106811523,38.310001373291016,38.560001373291016,29.23763465881348,9400.0,TMP
2010-11-23,24.420000076293945,24.5,24.020000457763672,24.18000030517578,19.66171264648437,1452700.0,TMUS
2010-11-23,6.989999771118164,6.989999771118164,6.860000133514403,6.949999809265138,6.949999809265138,50500.0,TNAV
2010-11-23,33.959999084472656,34.189998626708984,33.209999084472656,34.060001373291016,29.83761787414551,34400.0,TNC
2010-11-23,95.83999633789062,96.72000122070312,95.36000061035156,96.4800033569336,59.32569122314453,37900.0,TNK
2010-11-23,9.84000015258789,9.84000015258789,9.25,9.350000381469727,6.1202826499938965,539400.0,TNP
2010-11-23,17.549999237060547,18.020000457763672,17.350000381469727,17.940000534057614,17.389230728149414,4368400.0,TOL
2010-11-23,1915200000.0,2142000000.0,1915200000.0,1990800000.0,1990800000.0,0.0,TOPS
2010-11-23,51.08000183105469,51.27999877929688,50.52000045776367,50.959999084472656,30.286651611328125,5064800.0,TOT
2010-11-23,14.970873832702635,15.155340194702148,14.951456069946287,15.126214027404785,11.98393440246582,34600.0,TOWN
2010-11-23,21.63999938964844,21.63999938964844,19.899999618530273,19.979999542236328,19.979999542236328,879900.0,TPC
2010-11-23,39.29999923706055,40.0,39.09000015258789,39.70000076293945,37.09524917602539,6300.0,TPL
2010-11-23,54.75,55.11000061035156,54.290000915527344,54.56999969482422,40.2211799621582,2778200.0,TPR
2010-11-23,35.75,36.18000030517578,34.689998626708984,35.049999237060554,35.049999237060554,799300.0,TPX
2010-11-23,22.95000076293945,22.95000076293945,22.520000457763672,22.78000068664551,11.173014640808104,68800.0,TPZ
2010-11-23,22.15145874023437,22.251956939697266,21.98396110534668,22.243581771850586,19.849895477294922,103900.0,TR
2010-11-23,21.89409828186035,22.054183959960934,21.498592376708984,21.55509376525879,21.55509376525879,34700.0,TRC
2010-11-23,0.2524999976158142,0.2524999976158142,0.2524999976158142,0.2524999976158142,0.2524999976158142,0.0,TRCH
2010-11-23,3.0,3.0699999332427983,2.9800000190734863,2.9800000190734863,2.9800000190734863,17900.0,TREC
2010-11-23,7.679999828338622,7.730000019073486,7.489999771118164,7.550000190734862,7.116092205047607,68700.0,TREE
2010-11-23,4.440000057220459,4.460000038146973,4.377500057220459,4.457499980926514,4.457499980926514,315200.0,TREX
2010-11-23,36.47999954223633,36.560001373291016,36.11000061035156,36.349998474121094,26.535633087158203,861100.0,TRI
2010-11-23,7.9000000953674325,7.9000000953674325,7.4000000953674325,7.769999980926514,7.116971969604492,114600.0,TRIB
2010-11-23,18.09499931335449,18.209999084472656,17.899999618530273,18.145000457763672,18.145000457763672,940000.0,TRMB
2010-11-23,21.82999992370605,22.01000022888184,21.709999084472656,21.93000030517578,15.61627197265625,283900.0,TRMK
2010-11-23,8.236141204833983,8.25413990020752,8.052556037902832,8.117350578308105,6.185455322265625,1872600.0,TRN
2010-11-23,17.799999237060547,18.18000030517578,17.799999237060547,18.06999969482422,13.940351486206055,9600.0,TRNO
2010-11-23,6.989999771118164,6.989999771118164,6.989999771118164,6.989999771118164,6.989999771118164,0.0,TRNS
2010-11-23,22500.0,24000.0,22500.0,24000.0,24000.0,0.0,TRNX
2010-11-23,133.91999816894528,138.24000549316406,129.60000610351562,138.24000549316406,138.24000549316406,100.0,TROV
2010-11-23,57.5099983215332,57.849998474121094,57.0,57.18000030517578,43.30192947387695,2537300.0,TROW
2010-11-23,35.20000076293945,35.2599983215332,34.900001525878906,35.080001831054695,20.75906562805176,325600.0,TRP
2010-11-23,18.799076080322266,18.799076080322266,18.1986141204834,18.5604305267334,18.5604305267334,2480900.0,TRQ
2010-11-23,14.557768821716307,15.298805236816404,14.438246726989744,15.16334629058838,15.16334629058838,382600.0,TRS
2010-11-23,5.550000190734863,5.639999866485597,5.510000228881836,5.599999904632568,3.824304580688477,128700.0,TRST
2010-11-23,4.900000095367432,4.900000095367432,4.650000095367432,4.8400001525878915,4.8400001525878915,3400.0,TRT
2010-11-23,28.60000038146973,29.479999542236328,28.35000038146973,28.84000015258789,14.01441478729248,183700.0,TRTN
2010-11-23,54.40999984741211,54.56000137329102,53.93000030517578,54.29999923706055,43.08967971801758,4647300.0,TRV
2010-11-23,6.690000057220459,6.809999942779541,6.539999961853027,6.5900001525878915,6.5900001525878915,345200.0,TRX
2010-11-23,133.25,133.25,133.25,133.25,133.25,0.0,TRXC
2010-11-23,43.0,43.43000030517578,42.77999877929688,43.2599983215332,34.50827789306641,1887500.0,TS
2010-11-23,3.3299999237060547,3.630000114440918,3.3299999237060547,3.5999999046325684,3.1378383636474614,2700.0,TSBK
2010-11-23,20.729999542236328,20.950000762939453,20.559999465942386,20.920000076293945,18.88637351989746,607400.0,TSCO
2010-11-23,21.0,21.0,20.399999618530273,20.700000762939453,20.700000762939453,65500.0,TSEM
2010-11-23,2.9500000476837163,2.9500000476837163,2.9500000476837163,2.9500000476837163,2.9500000476837163,0.0,TSG
2010-11-23,5.289999961853027,5.300000190734863,5.25,5.260000228881836,2.4422411918640137,69600.0,TSI
2010-11-23,33.290000915527344,35.68000030517578,32.189998626708984,34.56999969482422,34.56999969482422,1577800.0,TSLA
2010-11-23,10.989999771118164,11.0,10.720000267028807,10.739999771118164,7.814551830291747,11475400.0,TSM
2010-11-23,16.459999084472653,16.479999542236328,16.100000381469727,16.190000534057614,14.312704086303713,4453600.0,TSN
2010-11-23,4.599999904632568,4.599999904632568,4.559999942779541,4.599999904632568,2.9085054397583012,1300.0,TSRI
2010-11-23,32.290000915527344,32.290000915527344,31.209999084472656,31.71999931335449,26.45595932006836,812200.0,TSU
2010-11-23,2.900000095367432,3.0799999237060547,2.890000104904175,2.9100000858306885,2.882731914520264,479675.0,TT
2010-11-23,14.210000038146973,14.25,14.029999732971193,14.21500015258789,11.075737953186037,456000.0,TTC
2010-11-23,18.57999992370605,18.86000061035156,18.440000534057614,18.81999969482422,17.290454864501953,226300.0,TTEC
2010-11-23,22.61000061035156,22.86000061035156,22.489999771118164,22.85000038146973,21.584945678710934,214800.0,TTEK
2010-11-23,5.9000000953674325,5.940000057220459,5.880000114440918,5.9099998474121085,5.9099998474121085,17800.0,TTGT
2010-11-23,10.220000267028807,10.649999618530273,10.15999984741211,10.619999885559082,9.33999252319336,1254600.0,TTI
2010-11-23,33.400001525878906,36.36000061035156,31.57999992370605,32.5,30.86773109436035,7018700.0,TTM
2010-11-23,13.0,13.15999984741211,12.550000190734865,12.619999885559082,12.619999885559082,701600.0,TTMI
2010-11-23,38.45303726196289,39.77900695800781,38.12154769897461,39.77900695800781,39.77900695800781,100.0,TTNP
2010-11-23,10.989999771118164,11.0600004196167,10.710000038146973,10.770000457763672,10.770000457763672,1383800.0,TTWO
2010-11-23,10.932499885559082,10.9399995803833,10.845000267028807,10.88249969482422,6.9329352378845215,566000.0,TU
2010-11-23,5.079999923706055,5.130000114440918,4.949999809265137,5.110000133514403,5.110000133514403,148700.0,TUES
2010-11-23,47.5,47.709999084472656,46.90999984741211,47.4000015258789,32.906139373779304,411900.0,TUP
2010-11-23,4.400000095367432,4.449999809265137,4.360000133514403,4.369999885559082,4.369999885559082,69300.0,TURN
2010-11-23,22.54999923706055,22.59000015258789,22.149999618530273,22.31999969482422,21.19304847717285,1653400.0,TV
2010-11-23,26.479999542236328,26.489999771118164,26.229999542236328,26.29999923706055,18.33622932434082,23700.0,TVC
2010-11-23,25.649999618530273,25.670000076293945,25.5,25.54999923706055,18.51858329772949,16300.0,TVE
2010-11-23,10.199999809265137,10.199999809265137,9.890000343322754,10.020000457763672,10.020000457763672,229600.0,TVTY
2010-11-23,15.989999771118164,16.100000381469727,15.84000015258789,16.069999694824222,15.704811096191404,457400.0,TWI
2010-11-23,23.670000076293945,23.770000457763672,23.06999969482422,23.709999084472656,21.736587524414066,44200.0,TWIN
2010-11-23,0.0006000000284984707,0.0006000000284984707,0.0006000000284984707,0.0006000000284984707,0.0006000000284984707,1500.0,TWLO
2010-11-23,34.59999847412109,35.20000076293945,34.200000762939446,34.59999847412109,26.95157814025879,1700.0,TWMC
2010-11-23,16.950000762939453,16.950000762939453,16.680000305175778,16.799999237060547,11.135241508483887,97100.0,TWN
2010-11-23,14.717612266540527,14.809121131896973,14.70236110687256,14.70236110687256,6.480014324188232,206500.0,TWO
2010-11-23,34.40999984741211,34.47999954223633,33.81999969482422,34.220001220703125,24.82538414001465,194700.0,TX
2010-11-23,14.0,14.0,13.699999809265135,13.899999618530273,13.899999618530273,37730.0,TXG
2010-11-23,7.0,7.0,7.0,7.0,7.0,0.0,TXMD
2010-11-23,31.90999984741211,32.220001220703125,31.85000038146973,31.979999542236328,25.107580184936523,11933600.0,TXN
2010-11-23,16.319999694824222,16.829999923706055,16.079999923706055,16.760000228881836,13.906603813171387,1142000.0,TXRH
2010-11-23,21.71999931335449,21.71999931335449,21.38999938964844,21.530000686645508,21.055856704711914,2715300.0,TXT
2010-11-23,13.100000381469727,13.100000381469727,12.989999771118164,13.039999961853027,8.945554733276367,37800.0,TY
2010-11-23,37.36999893188477,37.61000061035156,36.72000122070313,37.16999816894531,18.408811569213867,77800.0,TYG
2010-11-23,20.690000534057614,20.809999465942386,20.489999771118164,20.700000762939453,20.700000762939453,61800.0,TYL
2010-11-23,38.58000183105469,38.75,37.5,38.34000015258789,38.34000015258789,190800.0,TZOO
2010-11-23,6.817500114440918,6.976250171661378,6.764999866485597,6.940000057220459,6.940000057220459,5298400.0,UAA
2010-11-23,25.93000030517578,26.35000038146973,25.20000076293945,25.959999084472656,25.959999084472656,2100.0,UAG
2010-11-23,28.290000915527344,28.420000076293945,27.75,27.920000076293945,27.920000076293945,2884100.0,UAL
2010-11-23,0.4099999964237213,0.4099999964237213,0.4099999964237213,0.4099999964237213,0.4099999964237213,3300.0,UAMY
2010-11-23,187.5,187.5,187.5,187.5,187.5,0.0,UAVS
2010-11-23,18.63999938964844,18.799999237060547,18.520000457763672,18.700000762939453,11.327071189880373,42100.0,UBA
2010-11-23,8.5,8.630000114440918,8.220000267028809,8.220000267028809,5.325939655303955,1800.0,UBCP
2010-11-23,3.326002836227417,3.453926086425781,3.2833619117736816,3.453926086425781,3.110514640808105,15600.0,UBFO
2010-11-23,36.5,36.5,36.5,36.5,36.5,0.0,UBG
2010-11-23,9.24085807800293,9.926470756530762,9.24085807800293,9.926470756530762,8.364293098449707,4400.0,UBOH
2010-11-23,16.049999237060547,16.049999237060547,16.010000228881836,16.010000228881836,9.368037223815918,300.0,UBP
2010-11-23,16.040000915527347,16.059999465942386,15.729999542236328,15.770000457763672,11.472471237182615,7435900.0,UBS
2010-11-23,26.059999465942386,26.29999923706055,26.01000022888184,26.29999923706055,17.90359878540039,144500.0,UBSI
2010-11-23,16.0,16.0,16.0,16.0,16.0,0.0,UBX
2010-11-23,7.4000000953674325,7.449999809265138,7.1500000953674325,7.1500000953674325,6.4503173828125,163600.0,UCBI
2010-11-23,20.959999084472656,20.959999084472656,20.90999984741211,20.90999984741211,20.90999984741211,400.0,UCI
2010-11-23,7.880000114440918,8.0,7.71999979019165,7.78000020980835,7.78000020980835,88900.0,UCTT
2010-11-23,21.93000030517578,22.11000061035156,21.86000061035156,21.920000076293945,15.757308959960938,1803400.0,UDR
2010-11-23,5.769999980926514,6.0999999046325675,5.599999904632568,6.019999980926514,6.019999980926514,1443000.0,UEC
2010-11-23,27.8700008392334,28.32999992370605,27.54999923706055,27.989999771118164,27.989999771118164,137000.0,UEIC
2010-11-23,12.25,12.8100004196167,11.710000038146973,11.869999885559082,11.869999885559082,581600.0,UEPS
2010-11-23,19.920000076293945,20.21999931335449,19.86000061035156,20.059999465942386,14.81999969482422,26500.0,UFCS
2010-11-23,14.640000343322756,14.640000343322756,14.029999732971193,14.199999809265135,14.199999809265135,153000.0,UFI
2010-11-23,10.786666870117188,10.833333015441896,10.616666793823242,10.796667098999023,9.690726280212402,227400.0,UFPI
2010-11-23,10.850000381469727,11.06999969482422,10.789999961853027,10.880000114440918,10.880000114440918,53000.0,UFPT
2010-11-23,39.15499877929688,39.15499877929688,37.65999984741211,37.79999923706055,24.194828033447266,2011000.0,UFS
2010-11-23,14.050000190734865,14.100000381469727,13.600000381469727,13.899999618530273,8.95138931274414,1300.0,UG
2010-11-23,19.940000534057614,20.046667098999023,19.799999237060547,19.893333435058594,14.487672805786133,736300.0,UGI
2010-11-23,7.643750190734862,7.643750190734862,7.427499771118164,7.481249809265138,4.6743998527526855,466400.0,UGP
2010-11-23,94.04000091552734,95.4000015258789,93.58000183105469,94.66000366210938,86.0064926147461,32000.0,UHAL
2010-11-23,39.70000076293945,40.349998474121094,39.2400016784668,40.29999923706055,38.54632568359375,972400.0,UHS
2010-11-23,35.060001373291016,35.290000915527344,34.779998779296875,35.110000610351555,21.76206398010254,45100.0,UHT
2010-11-23,3.0,3.0,3.0,3.0,2.6397595405578613,0.0,UIHC
2010-11-23,21.899999618530273,22.100000381469727,21.63999938964844,21.700000762939453,21.700000762939453,485100.0,UIS
2010-11-23,29.290000915527344,29.3799991607666,28.96999931335449,29.10000038146973,21.3855037689209,1457000.0,UL
2010-11-23,6.239999771118164,6.3499999046325675,6.059999942779541,6.21999979019165,6.21999979019165,74300.0,ULBI
2010-11-23,14.800000190734865,14.800000190734865,14.729999542236328,14.760000228881836,11.395034790039062,2200.0,ULH
2010-11-23,32.27000045776367,33.5,32.240001678466804,33.47999954223633,33.10952377319336,410700.0,ULTA
2010-11-23,36.72000122070313,37.2400016784668,36.5,37.06999969482422,31.407115936279297,70100.0,UMBF
2010-11-23,2.9100000858306885,3.0199999809265137,2.9100000858306885,2.9300000667572017,2.057776689529419,1965100.0,UMC
2010-11-23,9.649999618530273,9.84000015258789,9.649999618530273,9.729999542236328,5.131619930267334,15000.0,UMH
2010-11-23,10.600000381469727,10.8100004196167,10.600000381469727,10.649999618530273,7.438755989074707,326500.0,UMPQ
2010-11-23,29.81999969482422,29.93000030517578,29.5,29.71999931335449,21.78301239013672,4001300.0,UN
2010-11-23,9.149999618530273,9.149999618530273,9.149999618530273,9.149999618530273,7.992913246154785,3400.0,UNAM
2010-11-23,18.149999618530273,18.149999618530273,18.1299991607666,18.149999618530273,12.49066925048828,800.0,UNB
2010-11-23,48.86999893188477,49.79999923706055,48.79999923706055,49.099998474121094,48.13996124267578,25300.0,UNF
2010-11-23,36.209999084472656,36.72999954223633,35.209999084472656,36.72999954223633,36.72999954223633,295400.0,UNFI
2010-11-23,36.150001525878906,36.34000015258789,35.779998779296875,36.04999923706055,31.01784896850586,6577900.0,UNH
2010-11-23,21.700000762939453,21.770000457763672,21.450000762939453,21.479999542236328,17.487842559814453,2451700.0,UNM
2010-11-23,44.69499969482422,44.724998474121094,44.15999984741211,44.50500106811523,33.824813842773445,7054600.0,UNP
2010-11-23,40.63000106811523,40.63000106811523,39.790000915527344,40.08000183105469,40.08000183105469,152900.0,UNT
2010-11-23,5.081818103790283,5.081818103790283,5.054545402526856,5.054545402526856,4.610527038574219,600.0,UNTY
2010-11-23,1.2200000286102295,1.3300000429153442,1.1399999856948853,1.190000057220459,1.190000057220459,10900.0,UONE
2010-11-23,1.2400000095367432,1.2400000095367432,1.100000023841858,1.100000023841858,1.100000023841858,1286700.0,UONEK
2010-11-23,68.01000213623047,68.26000213623047,67.43000030517578,68.16000366210939,51.54678726196289,3775400.0,UPS
2010-11-23,37.72000122070313,38.18999862670898,37.43000030517578,37.7400016784668,37.7400016784668,5953100.0,URBN
2010-11-23,1.6499999761581419,1.7999999523162842,1.6000000238418581,1.7899999618530271,1.7899999618530271,1174600.0,URG
2010-11-23,19.530000686645508,20.01000022888184,19.43000030517578,19.84000015258789,19.84000015258789,1626600.0,URI
2010-11-23,28.85000038146973,28.85000038146973,28.85000038146973,28.85000038146973,28.85000038146973,1100.0,URR
2010-11-23,4.630000114440918,4.630000114440918,4.570000171661377,4.5900001525878915,2.0448365211486816,552400.0,USA
2010-11-23,12.93000030517578,13.140000343322756,12.93000030517578,13.050000190734865,13.050000190734865,7200.0,USAK
2010-11-23,29.920000076293945,29.93000030517578,29.0,29.520000457763672,29.520000457763672,38400.0,USAP
2010-11-23,13.079999923706055,13.31999969482422,12.600000381469727,12.720000267028807,12.720000267028807,8900.0,USAS
2010-11-23,141.83999633789062,151.9199981689453,140.39999389648438,151.1999969482422,151.1999969482422,100.0,USAU
2010-11-23,24.3799991607666,24.520000457763672,24.04999923706055,24.07999992370605,19.1177921295166,12580600.0,USB
2010-11-23,7.75,7.9000000953674325,7.460000038146973,7.460000038146973,7.460000038146973,70000.0,USCR
2010-11-23,293.3999938964844,295.79998779296875,287.3999938964844,289.20001220703125,289.20001220703125,2000.0,USEG
2010-11-23,0.6000000238418579,0.6000000238418579,0.6000000238418579,0.6000000238418579,0.6000000238418579,200.0,USIO
2010-11-23,40.790000915527344,40.88000106811523,39.7400016784668,40.22000122070313,36.2846565246582,1900.0,USLM
2010-11-23,45.9000015258789,45.91999816894531,45.5,45.7400016784668,39.23158645629883,111200.0,USM
2010-11-23,22.045000076293945,22.15999984741211,21.645000457763672,22.084999084472656,22.084999084472656,51400.0,USNA
2010-11-23,18.799999237060547,19.06999969482422,18.690000534057614,19.040000915527344,16.914655685424805,21400.0,USPH
2010-11-23,39.88000106811523,39.900001525878906,39.88000106811523,39.900001525878906,39.900001525878906,400.0,USV
2010-11-23,16.520000457763672,16.520000457763672,16.350000381469727,16.399999618530273,7.5859718322753915,266200.0,UTF
2010-11-23,21.979999542236328,21.979999542236328,21.709999084472656,21.82999992370605,11.802785873413086,47700.0,UTG
2010-11-23,62.1500015258789,62.63999938964844,61.61000061035156,61.97999954223633,61.97999954223633,475400.0,UTHR
2010-11-23,20.149999618530273,20.399999618530273,19.979999542236328,20.049999237060547,17.483642578125,82700.0,UTI
2010-11-23,22.38999938964844,22.729999542236328,22.38999938964844,22.71999931335449,15.686117172241213,72700.0,UTL
2010-11-23,29.0,29.0,28.70000076293945,28.70000076293945,23.06809425354004,1800.0,UTMD
2010-11-23,6.360000133514403,6.510000228881836,6.239999771118164,6.239999771118164,6.239999771118164,177300.0,UTSI
2010-11-23,74.37000274658203,74.4800033569336,73.69999694824219,74.18000030517578,59.81458282470703,4109700.0,UTX#
2010-11-23,74.37000274658203,74.4800033569336,73.69999694824219,74.18000030517578,59.81458282470703,4109700.0,UTX
2010-11-23,6.699999809265138,6.699999809265138,6.6500000953674325,6.6500000953674325,6.6500000953674325,900.0,UUU
2010-11-23,29.5,29.5,28.5,28.5,28.5,100.0,UUUU
2010-11-23,4.78000020980835,4.880000114440918,4.75,4.860000133514403,3.422949314117432,114000.0,UVE
2010-11-23,18.350000381469727,18.559999465942386,18.32999992370605,18.36000061035156,12.642885208129885,18800.0,UVSP
2010-11-23,41.18999862670898,41.63000106811523,40.65999984741211,41.599998474121094,26.955345153808594,179500.0,UVV
2010-11-23,18.75,18.787500381469727,18.627500534057614,18.662500381469727,15.772675514221193,14625600.0,V
2010-11-23,197.83999633789062,198.3999938964844,193.3600006103516,195.32000732421875,157.06204223632812,362400.0,VAL
2010-11-23,31.93000030517578,32.0,31.36000061035156,31.70000076293945,23.647613525390625,21915200.0,VALE
2010-11-23,14.720000267028807,14.720000267028807,14.220000267028807,14.369999885559082,9.440975189208984,7300.0,VALU
2010-11-23,56.67404556274414,56.69158554077149,56.13036727905274,56.52497482299805,56.52497482299805,709700.0,VAR
2010-11-23,19.43000030517578,19.530000686645508,19.350000381469727,19.520000457763672,11.225690841674805,9900.0,VBF
2010-11-23,31.36000061035156,31.68000030517578,30.399999618530273,31.68000030517578,31.68000030517578,0.0,VBFC
2010-11-23,64.40000152587889,64.40000152587889,62.5,63.25,36.63778305053711,46000.0,VC
2010-11-23,49.20000076293945,49.4000015258789,45.4000015258789,46.0,46.0,76000.0,VCEL
2010-11-23,13.460000038146973,13.609999656677244,13.199999809265135,13.359999656677244,8.556649208068848,28900.0,VCF
2010-11-23,12.300000190734865,12.359999656677244,12.25,12.34000015258789,7.108798503875732,52100.0,VCV
2010-11-23,42.650001525878906,42.86000061035156,41.68000030517578,42.13999938964844,42.13999938964844,1510300.0,VECO
2010-11-23,25.37562561035156,25.37562561035156,24.74123573303223,25.00834655761719,16.915821075439453,788000.0,VEDL
2010-11-23,0.5899999737739563,0.5899999737739563,0.5699999928474426,0.5799999833106995,0.5799999833106995,35000.0,VEL
2010-11-23,15.649999618530273,15.649999618530273,15.229999542236328,15.390000343322756,8.413289070129395,3546200.0,VEON
2010-11-23,0.1599999964237213,0.1599999964237213,0.15000000596046448,0.1599999964237213,0.08907878398895264,103888.0,VER
2010-11-23,6.0,6.050000190734862,5.75,5.760000228881836,5.02119779586792,54900.0,VERU
2010-11-23,38.72000122070313,38.86999893188477,38.59000015258789,38.849998474121094,18.9005126953125,8500.0,VET
2010-11-23,19.44915199279785,19.595104217529297,19.319679260253906,19.526836395263672,12.305597305297852,3276900.0,VFC
2010-11-23,12.149999618530273,12.210000038146973,12.109999656677244,12.119999885559082,7.593778133392334,4800.0,VFL
2010-11-23,2.509999990463257,2.549999952316284,2.400000095367432,2.539999961853028,2.539999961853028,3446800.0,VG
2010-11-23,13.920000076293945,14.0,13.869999885559082,13.989999771118164,7.739769458770753,130600.0,VGM
2010-11-23,11.944602966308596,12.002617835998535,11.886588096618652,11.951048851013185,4.1148953437805185,391900.0,VGR
2010-11-23,2.970000028610229,3.039999961853028,2.8499999046325684,2.9100000858306885,2.9100000858306885,509800.0,VGZ
2010-11-23,13.210000038146973,13.6899995803833,13.119999885559082,13.289999961853027,13.289999961853027,752100.0,VHC
2010-11-23,7.329999923706055,7.576666831970215,7.329999923706055,7.496666431427003,5.839574337005615,27000.0,VHI
2010-11-23,16.170000076293945,16.360000610351562,16.100000381469727,16.239999771118164,15.932510375976562,8791000.0,VIAC
2010-11-23,6.81456184387207,6.899886131286621,6.763367652893066,6.820250511169434,6.820250511169434,5449800.0,VIAV
2010-11-23,16.969999313354492,17.170000076293945,16.75,17.059999465942386,16.855279922485348,107600.0,VICR
2010-11-23,2.690000057220459,2.740000009536743,2.690000057220459,2.7100000381469727,2.6223604679107666,4600.0,VIRC
2010-11-23,24.01000022888184,24.01000022888184,23.06999969482422,23.29999923706055,12.57093334197998,156000.0,VIV
2010-11-23,8000.0,8000.0,5680.0,8000.0,8000.0,0.0,VIVE
2010-11-23,21.90999984741211,22.15999984741211,21.68000030517578,22.020000457763672,16.08513069152832,86400.0,VIVO
2010-11-23,11.859999656677244,11.93000030517578,11.789999961853027,11.890000343322756,6.579488277435303,68100.0,VKI
2010-11-23,13.359999656677244,13.479999542236328,13.3100004196167,13.380000114440918,7.512119770050049,66800.0,VKQ
2010-11-23,29.729999542236328,30.11000061035156,29.51000022888184,30.0,20.271581649780273,5700.0,VLGEA
2010-11-23,17.861061096191406,17.934186935424805,17.559415817260742,17.69652557373047,13.422337532043455,8825700.0,VLO
2010-11-23,16.329999923706055,16.329999923706055,16.149999618530273,16.170000076293945,7.567753791809082,9400.0,VLT
2010-11-23,11.619047164916992,11.764172554016113,11.56462574005127,11.600907325744627,7.34288740158081,659200.0,VLY
2010-11-23,39.36999893188477,39.61999893188477,39.04999923706055,39.20000076293945,36.662193298339844,677800.0,VMC
2010-11-23,0.11500000208616255,0.11500000208616255,0.11500000208616255,0.11500000208616255,0.11500000208616255,0.0,VMD
2010-11-23,79.44000244140625,79.61000061035156,78.56999969482422,79.51000213623047,71.84846496582031,130400.0,VMI
2010-11-23,12.859999656677244,12.859999656677244,12.75,12.8100004196167,8.511561393737793,6900.0,VMM
2010-11-23,13.800000190734865,13.850000381469727,13.75,13.779999732971193,7.672859191894531,68300.0,VMO
2010-11-23,80.83000183105469,81.83000183105469,78.86000061035156,79.08999633789062,65.70192718505861,2317400.0,VMW
2010-11-23,8.319999694824219,8.369999885559082,8.109999656677246,8.149999618530272,8.149999618530272,258500.0,VNDA
2010-11-23,7159.64013671875,7400.97998046875,7400.97998046875,7400.97998046875,7400.97998046875,916622.0,VNE
2010-11-23,58.5286979675293,59.06277465820313,58.28726577758789,59.055458068847656,39.58223724365234,1883200.0,VNO
2010-11-23,26.8603458404541,26.880733489990234,26.371049880981445,26.48318099975586,15.095766067504885,7410500.0,VOD
2010-11-23,6.550000190734862,6.71999979019165,6.389999866485597,6.699999809265138,6.699999809265138,36300.0,VOLT
2010-11-23,6.579999923706055,6.610000133514403,6.46999979019165,6.570000171661378,6.570000171661378,32100.0,VOXX
2010-11-23,16.139999389648438,16.25,16.110000610351562,16.129999160766598,16.129999160766598,34800.0,VPG
2010-11-23,13.369999885559082,13.460000038146973,13.329999923706055,13.359999656677244,7.664018630981445,35300.0,VPV
2010-11-23,103.88999938964844,103.98999786376952,103.88999938964844,103.98999786376952,103.98999786376952,1900.0,VQT
2010-11-23,28.790000915527344,29.5,28.790000915527344,29.36000061035156,29.36000061035156,98500.0,VRA
2010-11-23,5.070000171661377,5.070000171661377,4.880000114440918,5.019999980926514,5.019999980926514,44600.0,VRML
2010-11-23,32.580001831054695,32.959999084472656,32.18000030517578,32.59999847412109,32.59999847412109,79900.0,VRNT
2010-11-23,30.70000076293945,30.79999923706055,30.45000076293945,30.45000076293945,30.18452072143555,320100.0,VRSK
2010-11-23,35.09999847412109,35.09999847412109,34.360000610351555,34.52000045776367,29.31269645690918,1678800.0,VRSN
2010-11-23,4.400000095367432,4.400000095367432,4.170000076293944,4.300000190734863,4.300000190734863,28056.0,VRT
2010-11-23,40.97999954223633,41.959999084472656,40.77000045776367,41.38000106811523,37.28659439086914,24700.0,VRTS
2010-11-23,13.670000076293945,13.779999732971193,13.420000076293945,13.520000457763672,13.520000457763672,52300.0,VRTU
2010-11-23,34.0,34.0,33.09999847412109,33.439998626708984,33.439998626708984,1928800.0,VRTX
2010-11-23,40.66999816894531,41.27999877929688,40.52999877929688,41.209999084472656,41.209999084472656,165800.0,VSAT
2010-11-23,15.024999618530273,15.05500030517578,14.800000190734865,14.890000343322756,13.748867988586426,24000.0,VSEC
2010-11-23,13.800000190734865,14.039999961853027,13.68000030517578,13.81999969482422,12.319427490234375,2661100.0,VSH
2010-11-23,2.178070068359375,2.187969923019409,2.0988600254058842,2.138469934463501,1.78180193901062,102003.0,VST
2010-11-23,12.199999809265135,12.300000190734865,12.109999656677244,12.300000190734865,6.075104713439941,213900.0,VTA
2010-11-23,14.600000381469727,14.670000076293945,14.529999732971193,14.670000076293945,8.504361152648926,16400.0,VTN
2010-11-23,0.7400000095367432,0.7400000095367432,0.7400000095367432,0.7400000095367432,0.7400000095367432,300.0,VTNR
2010-11-23,58.38757705688477,58.92428970336914,58.20486450195313,58.49034881591797,37.82287979125977,1253300.0,VTR
2010-11-23,7.5,7.5,7.5,7.5,7.5,0.0,VUZI
2010-11-23,19.671289443969727,19.7911319732666,19.47440528869629,19.68840980529785,14.841690063476562,64100.0,VVI
2010-11-23,4.75,4.809999942779541,4.710000038146973,4.760000228881836,2.5712785720825195,598100.0,VVR
2010-11-23,63.0,63.9000015258789,60.79999923706055,62.099998474121094,62.099998474121094,243900.0,VVUS
2010-11-23,336.6000061035156,337.260009765625,331.9800109863281,333.29998779296875,299.1058654785156,2400.0,VXRT
2010-11-23,283.3599853515625,288.2799987792969,283.3599853515625,284.3599853515625,284.3599853515625,217100.0,VXZ
2010-11-23,32.31999969482422,32.56999969482422,32.22999954223633,32.389999389648445,21.171335220336914,13965600.0,VZ
2010-11-23,23.184999465942386,23.44499969482422,23.09000015258789,23.34000015258789,22.397611618041992,322600.0,WAB
2010-11-23,49.68999862670898,50.33000183105469,49.68999862670898,49.97999954223633,37.72926330566406,152800.0,WABC
2010-11-23,14.779999732971193,15.029999732971193,14.779999732971193,14.850000381469727,12.157876014709473,341400.0,WAFD
2010-11-23,5.800000190734862,6.0900001525878915,5.690000057220459,6.03000020980835,5.9397382736206055,607200.0,WAL
2010-11-23,20.790000915527344,21.030000686645508,20.700000762939453,20.700000762939453,14.778770446777346,37600.0,WASH
2010-11-23,77.87000274658203,77.98999786376953,77.02999877929688,77.2300033569336,77.2300033569336,595400.0,WAT
2010-11-23,34.549999237060554,34.560001373291016,33.830001831054695,33.97999954223633,27.35818672180176,7145800.0,WBA
2010-11-23,49.68999862670898,49.77999877929688,48.77000045776367,49.29999923706055,49.29999923706055,283000.0,WBC
2010-11-23,20.86400032043457,20.86400032043457,20.50200080871582,20.597999572753906,5.556982040405273,215000.0,WBK
2010-11-23,16.610000610351562,16.780000686645508,16.520000457763672,16.600000381469727,13.482077598571776,316400.0,WBS
2010-11-23,47.31999969482422,47.40999984741211,46.75,47.290000915527344,47.290000915527344,549300.0,WCC
2010-11-23,17.260000228881836,17.35333251953125,17.173334121704098,17.266666412353516,15.258249282836914,823200.0,WCN
2010-11-23,33.259998321533196,33.56999969482422,32.810001373291016,32.959999084472656,26.21776580810547,2722800.0,WDC
2010-11-23,38.77000045776367,39.22000122070313,38.72000122070313,39.18000030517578,32.87220001220703,34600.0,WDFC
2010-11-23,30.79999923706055,30.95000076293945,30.40999984741211,30.59000015258789,18.02373504638672,795000.0,WDR
2010-11-23,15.109999656677244,15.149999618530273,14.890000343322756,15.119999885559082,7.4635376930236825,44100.0,WEA
2010-11-23,29.59499931335449,29.96999931335449,29.584999084472656,29.84499931335449,21.27947807312012,1061600.0,WEC
2010-11-23,45.52999877929688,45.68000030517578,45.25,45.52999877929688,28.686967849731445,1330900.0,WELL
2010-11-23,4.679999828338623,4.78000020980835,4.610000133514403,4.690000057220459,3.830745458602905,2218200.0,WEN
2010-11-23,20.75,21.01000022888184,20.63999938964844,20.96999931335449,15.679326057434082,679400.0,WERN
2010-11-23,29.729999542236328,29.93000030517578,29.70000076293945,29.90999984741211,19.236053466796875,184400.0,WES
2010-11-23,3.7300000190734863,3.75,3.7000000476837163,3.7000000476837163,3.218939781188965,13400.0,WETF
2010-11-23,42.709999084472656,42.959999084472656,42.400001525878906,42.91999816894531,42.91999816894531,116900.0,WEX
2010-11-23,23.10000038146973,23.18000030517578,23.10000038146973,23.170000076293945,17.380043029785153,4300.0,WEYS
2010-11-23,40.96543502807617,41.09654235839844,40.66746139526367,40.92967987060547,32.92440414428711,4700.0,WF
2010-11-23,26.63999938964844,26.95000076293945,26.53000068664551,26.79999923706055,20.56340217590332,30165900.0,WFC
2010-11-23,10.270000457763672,10.359999656677246,10.0,10.029999732971193,9.208109855651855,292600.0,WGO
2010-11-23,37.41999816894531,37.63999938964844,36.41999816894531,36.5,23.41219520568848,4900.0,WHG
2010-11-23,2.5999999046325684,2.5999999046325684,2.5999999046325684,2.5999999046325684,2.5999999046325684,0.0,WHLM
2010-11-23,74.69000244140625,75.08000183105469,73.97000122070312,74.30999755859375,58.62114715576172,1162800.0,WHR
2010-11-23,12.970000267028807,13.029999732971193,12.970000267028807,13.020000457763672,9.4204740524292,63900.0,WIA
2010-11-23,6.6599998474121085,6.6599998474121085,6.550000190734862,6.6599998474121085,6.246620655059815,11600.0,WILC
2010-11-23,33.209999084472656,33.700000762939446,33.209999084472656,33.27000045776367,30.38323974609375,2500.0,WINA
2010-11-23,22.07999992370605,22.6200008392334,22.07999992370605,22.57999992370605,22.12681770324707,64900.0,WIRE
2010-11-23,6.150758266448975,6.1552186012268075,6.066012382507324,6.083853721618652,5.0040321350097665,938200.0,WIT
2010-11-23,12.68000030517578,12.760000228881836,12.65999984741211,12.760000228881836,9.02149772644043,122200.0,WIW
2010-11-23,7.0,7.0,6.800000190734862,6.800000190734862,6.800000190734862,1000.0,WKHS
2010-11-23,3.5299999713897705,3.5299999713897705,3.5299999713897705,3.5299999713897705,3.5299999713897705,0.0,WLDN
2010-11-23,13.029999732971193,13.149999618530273,12.779999732971193,13.039999961853027,13.039999961853027,8300.0,WLFC
2010-11-23,18.975000381469727,18.975000381469727,18.34000015258789,18.479999542236328,16.300710678100586,345200.0,WLK
2010-11-23,216.6000061035156,218.0,213.1199951171875,214.1000061035156,214.1000061035156,299000.0,WLL
2010-11-23,85.80132293701172,86.09271240234375,85.08609008789062,85.27152252197266,68.93943786621094,155800.0,WLTW
2010-11-23,34.93000030517578,35.439998626708984,34.810001373291016,34.86999893188477,26.283151626586914,2445400.0,WM
2010-11-23,18.8474235534668,18.88818359375,18.545799255371094,18.708839416503906,11.58991241455078,8527800.0,WMB
2010-11-23,38.61000061035156,38.88999938964844,38.61000061035156,38.790000915527344,29.19326400756836,18400.0,WMK
2010-11-23,43.65999984741211,43.88000106811523,42.7599983215332,43.09000015258789,39.4703483581543,446502.0,WMS
2010-11-23,54.20000076293945,54.2599983215332,53.56000137329102,53.66999816894531,42.41469192504883,13851400.0,WMT
2010-11-23,9.06999969482422,9.779999732971193,9.050000190734863,9.520000457763672,8.905970573425293,3577300.0,WNC
2010-11-23,7.699999809265138,7.949999809265138,7.679999828338622,7.920000076293945,5.951008319854736,48300.0,WNEB
2010-11-23,10.600000381469727,10.619999885559082,10.43000030517578,10.539999961853027,10.539999961853027,6900.0,WNS
2010-11-23,15.720000267028807,15.859999656677244,15.510000228881836,15.68000030517578,12.643662452697756,545000.0,WOR
2010-11-23,29.88999938964844,30.0,29.75,29.790000915527344,17.239694595336914,76900.0,WPC
2010-11-23,35.7599983215332,35.939998626708984,34.810001373291016,35.52000045776367,31.239032745361328,11259000.0,WPM
2010-11-23,57.4900016784668,57.54999923706055,56.61999893188477,56.86000061035156,40.80001831054688,44500.0,WPP
2010-11-23,17.81999969482422,18.059999465942386,17.5,18.030000686645508,18.030000686645508,535200.0,WPRT
2010-11-23,18.15999984741211,18.19333267211914,17.946666717529297,17.96666717529297,14.777324676513672,1783200.0,WRB
2010-11-23,30.059999465942386,30.20000076293945,29.90999984741211,30.04999923706055,19.33819961547852,276900.0,WRE
2010-11-23,23.020000457763672,23.3799991607666,22.96999931335449,23.29999923706055,13.748058319091795,836100.0,WRI
2010-11-23,42.20000076293945,44.06999969482422,41.88999938964844,43.68000030517578,43.68000030517578,292500.0,WRLD
2010-11-23,2.0799999237060547,2.0799999237060547,2.0,2.059999942779541,2.059999942779541,99900.0,WRN
2010-11-23,17.65999984741211,17.809999465942386,17.6299991607666,17.700000762939453,13.267475128173828,29100.0,WSBC
2010-11-23,3.3266496658325195,3.372220277786255,3.199052095413208,3.353991985321045,2.59741759300232,13800.0,WSBF
2010-11-23,14.223333358764648,14.493332862854006,14.013333320617676,14.216666221618652,13.079024314880373,42300.0,WSFS
2010-11-23,32.130001068115234,32.86999893188477,32.06999969482422,32.779998779296875,26.10287475585937,2982200.0,WSM
2010-11-23,59.4000015258789,60.68000030517578,59.22000122070313,60.61999893188477,46.39976119995117,313000.0,WSO
2010-11-23,14.020000457763672,14.020000457763672,13.710000038146973,13.989999771118164,6.256234169006348,10000.0,WSR
2010-11-23,18.90999984741211,18.989999771118164,18.7450008392334,18.95499992370605,16.67880630493164,164600.0,WST
2010-11-23,11.149999618530273,11.600000381469727,11.149999618530273,11.510000228881836,7.41857099533081,7600.0,WSTG
2010-11-23,12.520000457763672,12.68000030517578,12.239999771118164,12.5600004196167,12.5600004196167,60800.0,WSTL
2010-11-23,7.239999771118164,7.329999923706055,7.199999809265138,7.210000038146973,5.295165538787842,18400.0,WTBA
2010-11-23,28.86000061035156,29.70000076293945,28.85000038146973,29.239999771118164,27.03840065002441,134600.0,WTFC
2010-11-23,16.040000915527347,16.040000915527347,15.630000114440918,15.81999969482422,12.85081672668457,853500.0,WTI
2010-11-23,318.25,321.75,318.25,318.8999938964844,313.905517578125,16100.0,WTM
2010-11-23,32.59999847412109,32.86999893188477,32.400001525878906,32.72999954223633,29.523029327392575,211200.0,WTS
2010-11-23,0.75,0.7599999904632568,0.7400000095367432,0.7400000095367432,0.7400000095367432,12300.0,WTT
2010-11-23,17.969999313354492,18.100000381469727,17.850000381469727,17.950000762939453,13.3912935256958,5456500.0,WU
2010-11-23,9.850000381469727,9.960000038146973,9.699999809265137,9.710000038146973,8.263508796691895,14500.0,WVFC
2010-11-23,3.539999961853028,3.5899999141693115,3.470000028610229,3.5899999141693115,3.5899999141693115,600.0,WVVI
2010-11-23,33.860000610351555,34.009998321533196,33.439998626708984,33.900001525878906,32.528823852539055,228700.0,WW
2010-11-23,31.85000038146973,32.25,31.76000022888184,32.240001678466804,29.98637771606445,268500.0,WWD
2010-11-23,13.779999732971193,13.970000267028807,13.760000228881836,13.899999618530273,10.094822883605957,210000.0,WWE
2010-11-23,14880.0,17280.0,14700.0,16980.0,16980.0,1200.0,WWR
2010-11-23,14.744999885559082,15.0600004196167,14.6899995803833,15.050000190734865,13.080167770385742,627000.0,WWW
2010-11-23,17.0,17.200000762939453,16.829999923706055,16.959999084472653,12.091389656066895,4420800.0,WY
2010-11-23,12.8577880859375,12.902934074401855,12.753950119018555,12.871332168579102,8.373466491699219,3434100.0,WYND
2010-11-23,103.11000061035156,103.33999633789062,101.0,101.6500015258789,72.40459442138672,1833900.0,WYNN
2010-11-23,1.2699999809265137,1.2999999523162842,1.2699999809265137,1.2699999809265137,1.2699999809265137,52200.0,WYY
2010-11-23,46.959999084472656,47.2400016784668,46.06000137329102,46.54999923706055,42.80327224731445,9966400.0,X
2010-11-23,25.920000076293945,26.1200008392334,25.8799991607666,25.920000076293945,13.965697288513185,103500.0,XAN
2010-11-23,81.7300033569336,82.38999938964844,80.58000183105469,80.81999969482422,75.93396759033203,414100.0,XEC
2010-11-23,23.46999931335449,23.51000022888184,23.29999923706055,23.35000038146973,16.515974044799805,2436400.0,XEL
2010-11-23,2.509999990463257,2.509999990463257,2.359999895095825,2.380000114440918,1.3696248531341553,1219900.0,XIN
2010-11-23,27.09000015258789,27.520000457763672,26.989999771118164,27.28000068664551,22.094106674194336,7130500.0,XLNX
2010-11-23,68.80000305175781,69.15000152587889,68.31999969482422,68.98000335693361,50.55204391479492,22672000.0,XOM
2010-11-23,46.20000076293945,47.20000076293945,45.4000015258789,46.599998474121094,46.599998474121094,11200.0,XOMA
2010-11-23,20.649999618530273,20.68000030517578,20.38999938964844,20.540000915527344,15.647313117980955,288500.0,XPER
2010-11-23,2.25,2.259999990463257,2.25,2.25,2.25,11200.0,XPL
2010-11-23,9.4399995803833,9.720000267028807,9.4399995803833,9.5600004196167,9.5600004196167,35300.0,XPO
2010-11-23,30.86000061035156,31.01000022888184,30.709999084472656,30.86000061035156,29.056568145751953,1187500.0,XRAY
2010-11-23,30.43478202819824,30.5665340423584,29.85507202148437,30.30303001403809,25.838850021362305,3693900.0,XRX
2010-11-23,466.0,466.0,430.0,430.0,430.0,0.0,XSPA
2010-11-23,11.5,11.5,11.5,11.5,11.5,1100.0,XTLB
2010-11-23,792.0,852.0,792.0,852.0,852.0,0.0,XTNT
2010-11-23,293.13726806640625,295.558837890625,293.13726806640625,293.42156982421875,282.33258056640625,16400.0,Y
2010-11-23,16.069999694824222,16.239999771118164,15.869999885559082,16.129999160766598,12.790478706359865,18200.0,YORW
2010-11-23,40.060001373291016,40.27000045776367,39.59000015258789,39.959999084472656,34.41159439086914,34000.0,YPF
2010-11-23,1020.0,1020.0,993.0,1011.0,1011.0,3700.0,YRCW
2010-11-23,25104.0,25584.0,24600.0,25200.0,25200.0,100.0,YTEN
2010-11-23,36.03163146972656,36.19697952270508,35.5643424987793,35.72969055175781,28.41996765136719,4287200.0,YUM
2010-11-23,1359.0,1374.0,1347.0,1360.5,1360.2027587890625,0.0,YUMA
2010-11-23,13.350000381469727,13.399999618530273,11.949999809265135,12.350000381469727,12.350000381469727,6600.0,YVR
2010-11-23,7.050000190734862,7.170000076293945,6.980000019073486,7.03000020980835,7.03000020980835,397900.0,ZAGG
2010-11-23,49.63999938964844,50.31000137329102,49.56999969482422,50.02000045776367,46.50741577148438,1766800.0,ZBH
2010-11-23,36.650001525878906,37.060001373291016,36.4900016784668,37.02999877929688,37.02999877929688,413200.0,ZBRA
2010-11-23,22.11000061035156,22.1299991607666,21.68000030517578,21.739999771118164,20.846763610839844,45600.0,ZEUS
2010-11-23,40.0,42.79999923706055,30.63999938964844,31.84000015258789,31.84000015258789,301500.0,ZGNX
2010-11-23,19.76000022888184,19.979999542236328,19.420000076293945,19.549999237060547,17.749242782592773,4293800.0,ZION
2010-11-23,4.0399999618530265,4.269999980926514,3.990000009536743,4.099999904632568,4.099999904632568,211000.0,ZIOP
2010-11-23,3.8199999332427983,3.900000095367432,3.6800000667572017,3.7200000286102295,3.7200000286102295,498400.0,ZIXI
2010-11-23,4.789999961853027,4.849999904632568,4.710000038146973,4.739999771118164,4.739999771118164,50300.0,ZN
2010-11-23,33.790000915527344,33.790000915527344,33.150001525878906,33.31999969482422,27.806108474731445,76700.0,ZNH
2010-11-23,14.720000267028807,15.0,14.720000267028807,14.960000038146973,4.583284854888916,184300.0,ZTR
2010-11-23,30.309999465942386,30.690000534057614,29.36000061035156,29.96999931335449,29.96999931335449,360100.0,ZUMZ
2010-11-23,0.6399999856948853,0.6399999856948853,0.6000000238418579,0.6000000238418579,0.3264372944831848,167600.0,ZYXI
