Date,Open,High,Low,Close,Adj Close,Volume,stock
1997-08-26,51.42419815063477,51.42419815063477,50.65523910522461,51.35211181640625,36.88471984863281,965000.0,AA
1997-08-26,3.1875,3.25,3.1875,3.25,3.003361940383911,13100.0,AAME
1997-08-26,4.333333492279054,4.407407283782959,4.333333492279054,4.407407283782959,4.805474758148193,202500.0,AAN
1997-08-26,0.6913580298423767,0.7023319602012634,0.68038409948349,0.6913580298423767,0.5872660279273987,120300.0,AAON
1997-08-26,0.8080357313156128,0.8214285969734192,0.7901785969734192,0.7946428656578064,0.689782440662384,56551600.0,AAPL
1997-08-26,16.75,16.875,16.5625,16.71875,3.4205222129821777,60000.0,AB
1997-08-26,6.140625,6.21875,5.890625,5.9375,4.5717811584472665,864800.0,ABC
1997-08-26,10.975994110107422,11.31371784210205,10.975994110107422,11.31371784210205,7.272382736206055,900.0,ABCB
1997-08-26,2031.25,2031.25,2031.25,2031.25,1862.1929931640625,0.0,ABEO
1997-08-26,0.4749999940395355,0.4749999940395355,0.4749999940395355,0.4749999940395355,0.00775483250617981,0.0,ABEV
1997-08-26,623700.0,640710.0,618030.0,635040.0,635040.0,0.0,ABIO
1997-08-26,12.15625,12.25,12.15625,12.25,6.640198707580566,40600.0,ABM
1997-08-26,9.0,9.0,8.5,8.6875,8.6875,2800.0,ABMD
1997-08-26,13.354801177978516,13.593279838562012,13.298688888549805,13.452998161315918,5.096245288848877,6074800.0,ABT
1997-08-26,2.3888888359069824,2.3888888359069824,2.3888888359069824,2.3888888359069824,2.3888888359069824,7200.0,ACGL
1997-08-26,11.5,11.625,10.5,11.0,11.0,27000.0,ACHC
1997-08-26,79200.0,82417.5,77962.5,81180.0,81180.0,0.0,ACHV
1997-08-26,11.625,11.791666984558105,11.625,11.708333015441895,11.708333015441895,452700.0,ACIW
1997-08-26,19.954648971557614,19.954648971557614,19.954648971557614,19.954648971557614,7.415846347808838,0.0,ACNB
1997-08-26,7.5,7.75,7.5,7.75,5.728724002838135,5900.0,ACU
1997-08-26,5.28125,5.296875,5.09375,5.1015625,5.028867721557617,13752800.0,ADBE
1997-08-26,20.5,20.5625,20.25,20.5625,3.934948444366455,13200.0,ADC
1997-08-26,17.4375,17.5625,17.375,17.4375,11.839810371398926,1115800.0,ADI
1997-08-26,18.04803466796875,18.099454879760746,17.893779754638672,17.94519805908203,11.303199768066404,1060000.0,ADM
1997-08-26,871.25,966.875,850.0,956.25,956.25,800.0,ADMP
1997-08-26,18.042207717895508,18.141340255737305,17.893508911132812,18.042207717895508,11.528642654418945,1042100.0,ADP
1997-08-26,11.125,11.15625,10.65625,10.71875,10.178359031677246,4051600.0,ADSK
1997-08-26,20.4375,22.0,20.0,21.875,15.72526741027832,3505600.0,ADTN
1997-08-26,15.791666984558105,15.833333015441895,15.708333015441895,15.833333015441895,3.1800782680511475,79600.0,ADX
1997-08-26,13.625,13.625,13.5,13.5,8.700155258178711,1400.0,AE
1997-08-26,24.9375,25.0625,24.75,24.9375,2.0728445053100586,31800.0,AEF
1997-08-26,18.299278259277344,18.389423370361328,18.073917388916016,18.209135055541992,7.44209098815918,624400.0,AEG
1997-08-26,8.375,8.5,8.375,8.375,8.375,53300.0,AEGN
1997-08-26,19.625,19.75,17.625,18.0,18.0,102900.0,AEHR
1997-08-26,30.625,31.125,30.0,30.875,30.875,186100.0,AEIS
1997-08-26,9.0625,9.125,8.875,8.875,7.521242618560791,14200.0,AEM
1997-08-26,1.037037014961243,1.0987653732299805,1.037037014961243,1.0617283582687378,0.6933512687683105,2757600.0,AEO
1997-08-26,43.625,44.1875,43.625,43.875,15.490681648254395,559200.0,AEP
1997-08-26,18.0,18.4375,18.0,18.203125,14.35288906097412,973200.0,AES
1997-08-26,13.1875,15.0,13.1875,15.0,15.0,20600.0,AEY
1997-08-26,28.66666603088379,28.75,28.45833396911621,28.625,13.471633911132812,69900.0,AFG
1997-08-26,6.8984375,6.9375,6.8984375,6.9296875,3.046529531478882,818400.0,AFL
1997-08-26,33.125,33.375,32.125,32.5,30.08968734741211,305100.0,AGCO
1997-08-26,17.5,17.5,15.75,15.75,10.215082168579102,2200.0,AGM-A
1997-08-26,12.75,12.75,12.5,12.583333015441895,8.827962875366211,12000.0,AGM
1997-08-26,24.4375,25.9375,24.375,25.8125,21.43904685974121,2617200.0,AGN
1997-08-26,13.828125,13.828125,13.828125,13.828125,10.912127494812012,0.0,AGX
1997-08-26,15.0,15.0625,14.75,14.875,13.075662612915039,36500.0,AGYS
1997-08-26,14.5,14.5,14.0,14.0,14.0,2400.0,AHPI
1997-08-26,700.4444580078125,704.0,692.0,694.2222290039062,501.6667785644531,79400.0,AIG
1997-08-26,1567.5,1567.5,1501.5,1534.5,1534.5,100.0,AIM
1997-08-26,25.27763748168945,25.45606803894043,25.27763748168945,25.39659118652344,18.40863037109375,10800.0,AIN
1997-08-26,22.33333396911621,22.58333396911621,22.25,22.375,18.33366584777832,84400.0,AIR
1997-08-26,2.8333332538604736,2.8333332538604736,2.8333332538604736,2.8333332538604736,1.8216713666915891,600.0,AIRT
1997-08-26,12.685185432434082,12.685185432434082,12.629630088806152,12.629630088806152,5.891716480255128,12700.0,AIT
1997-08-26,32.125,32.25,31.5,32.125,10.297595024108887,47800.0,AIV
1997-08-26,9.0,9.0625,8.96875,8.96875,3.1778149604797363,129200.0,AJG
1997-08-26,14.572187423706055,14.572187423706055,14.077655792236328,14.275468826293945,12.81847095489502,135300.0,AJRD
1997-08-26,9.1875,9.25,9.125,9.25,3.3158783912658687,41000.0,AKR
1997-08-26,11.5625,11.75,11.53125,11.6875,6.4780354499816895,156000.0,ALB
1997-08-26,24.5,25.25,23.5,24.0,16.05742073059082,32300.0,ALCO
1997-08-26,51.0,51.1875,50.53125,51.1875,19.59548568725586,32500.0,ALE
1997-08-26,21.625,21.625,21.625,21.625,16.19455909729004,500.0,ALG
1997-08-26,5.375,5.5625,5.375,5.5625,5.5625,49200.0,ALJJ
1997-08-26,6.984375,7.03125,6.921875,6.921875,6.101561069488525,532000.0,ALK
1997-08-26,9.125,9.125,8.5,9.0625,9.0625,419400.0,ALKS
1997-08-26,37.5,38.0,37.46875,37.65625,22.018535614013672,1422000.0,ALL
1997-08-26,5.8181819915771475,6.170454502105713,5.8181819915771475,6.170454502105713,3.075277090072632,103500.0,ALOT
1997-08-26,27.377521514892575,27.557636260986328,27.287464141845703,27.422550201416016,13.911497116088867,80000.0,ALV
1997-08-26,71.8125,71.8125,71.8125,71.8125,35.06340789794922,0.0,ALX
1997-08-26,3.0,3.0,2.71875,2.8125,2.8125,256800.0,ALXN
1997-08-26,28.125,29.0,27.75,28.375,21.025619506835934,331200.0,ALYA
1997-08-26,10.875,11.125,10.875,11.125,11.125,3900.0,AMAG
1997-08-26,12.46875,12.5625,12.2890625,12.296875,9.371164321899414,29836800.0,AMAT
1997-08-26,20.5,20.5,19.59375,19.75,19.75,2213000.0,AMD
1997-08-26,3.435185194015503,3.462962865829468,3.3981480598449707,3.4166667461395264,1.878141164779663,358300.0,AME
1997-08-26,4.125,4.3125,4.03125,4.3125,4.3125,57800.0,AMED
1997-08-26,13.0625,13.125,12.65625,12.71875,10.346254348754883,16243600.0,AMGN
1997-08-26,3.6875,4.5,3.6875,4.4375,4.167559623718262,28900.0,AMOT
1997-08-26,487.5,493.75,481.25,481.25,481.25,100.0,AMRN
1997-08-26,1.75,1.75,1.625,1.75,1.3906536102294922,3800.0,AMS
1997-08-26,88.75,90.0,86.25,90.0,90.0,1300.0,AMSC
1997-08-26,12.0,12.25,10.5,10.875,4.835991382598877,643100.0,AMSWA
1997-08-26,1.6041666269302368,1.65625,1.59375,1.625,1.0099679231643677,978000.0,AMTD
1997-08-26,8.5625,8.5625,8.0,8.03125,7.045270442962647,136000.0,AMWD
1997-08-26,2.2395832538604736,2.3541667461395264,2.2291667461395264,2.34375,2.34375,2574000.0,AMZN
1997-08-26,25.0,25.375,24.5,25.1875,22.737403869628906,5885600.0,AN
1997-08-26,97.0,98.75,97.0,97.5,45.17456436157226,7500.0,ANAT
1997-08-26,2.875,2.875,2.875,2.875,1.9729249477386477,16200.0,ANDE
1997-08-26,10.8125,11.5625,10.8125,11.3125,7.5192317962646475,236200.0,ANF
1997-08-26,6.8125,7.125,6.75,7.125,7.125,52500.0,ANIK
1997-08-26,109.375,114.0625,104.6875,104.6875,104.6875,6700.0,ANIX
1997-08-26,2.59375,2.625,2.53125,2.625,2.625,154400.0,ANSS
1997-08-26,34.33333206176758,34.5,33.95833206176758,34.16666793823242,22.825143814086914,377200.0,AON
1997-08-26,3.930555582046509,3.9791667461395264,3.902777671813965,3.902777671813965,0.5166850686073303,248800.0,AOS
1997-08-26,17.75,18.0,17.75,18.0,9.554069519042967,8900.0,AP
1997-08-26,16.369047164916992,16.477272033691403,16.260822296142578,16.39610481262207,12.122451782226562,448000.0,APA
1997-08-26,37.52312850952149,38.01456832885742,37.32076644897461,37.55203628540039,21.05478858947754,394900.0,APD
1997-08-26,34.125,34.125,33.75,33.75,9.097829818725586,4000.0,APEX
1997-08-26,2.5,2.5,2.49609375,2.49609375,2.1862378120422363,57600.0,APH
1997-08-26,20.875,21.125,20.875,20.875,13.500898361206055,34700.0,APOG
1997-08-26,247.5,247.5,247.5,247.5,247.5,0.0,APTO
1997-08-26,10.375,10.5,10.375,10.4375,7.813722133636475,40900.0,ARCB
1997-08-26,26.0,26.125,25.625,25.625,10.85219669342041,19200.0,ARE
1997-08-26,32.37157440185547,33.22991180419922,32.37157440185547,32.73943328857422,21.394058227539066,23600.0,ARGO
1997-08-26,10.125,10.125,10.125,10.125,4.413136959075928,1500.0,ARKR
1997-08-26,12.1875,12.1875,12.1875,12.1875,11.904117584228516,200.0,ARL
1997-08-26,293125.0,293125.0,280000.0,288750.0,288750.0,0.0,ARMP
1997-08-26,48.3156852722168,48.3156852722168,47.50749588012695,48.21026992797852,33.88247299194336,1031100.0,ARNC
1997-08-26,9.069341659545898,9.2852783203125,9.069341659545898,9.155715942382812,4.015068531036377,10000.0,AROW
1997-08-26,8.222222328186035,8.222222328186035,8.05555534362793,8.05555534362793,3.5122179985046387,2400.0,ARTNA
1997-08-26,4.0,4.25,4.0,4.0,3.5727117061614986,5200.0,ARTW
1997-08-26,30.875,31.125,30.625,30.65625,30.65625,119200.0,ARW
1997-08-26,91.0,91.0,91.0,91.0,91.0,0.0,ARWR
1997-08-26,10.104166984558104,10.166666984558104,10.083333015441896,10.125,6.663565635681152,123900.0,ASA
1997-08-26,18.292011260986328,18.292011260986328,18.07162475585937,18.07162475585937,8.100844383239746,3000.0,ASB
1997-08-26,0.53125,0.53125,0.53125,0.53125,0.2189147621393204,5000.0,ASFI
1997-08-26,12.0,12.0,11.9375,12.0,1.5854203701019287,30300.0,ASG
1997-08-26,10.625,10.75,10.375,10.375,10.375,20000.0,ASGN
1997-08-26,19.36985206604004,19.393617630004886,19.060884475708008,19.084651947021484,7.2668704986572275,252400.0,ASH
1997-08-26,17.109375,17.4609375,16.8984375,17.109375,11.021446228027344,2410600.0,ASML
1997-08-26,49.0625,49.0625,47.5,47.5,47.5,50400.0,ASNA
1997-08-26,20.41666603088379,20.83333396911621,20.41666603088379,20.41666603088379,12.528106689453125,10800.0,ASRV
1997-08-26,512.5,512.5,506.25,506.25,506.25,400.0,ASTC
1997-08-26,7.5625,7.75,7.5625,7.625,6.862846851348878,34400.0,ASTE
1997-08-26,47.91666793823242,50.83333206176758,47.5,49.16666793823242,49.16666793823242,101800.0,ASUR
1997-08-26,6.0,6.0,5.25,5.25,5.25,6900.0,ASYS
1997-08-26,7.25,7.25,7.0625,7.125,1.1028099060058594,8800.0,ATAX
1997-08-26,14.34375,14.46875,14.0,14.0,12.912593841552734,37200.0,ATGE
1997-08-26,5.224999904632568,5.300000190734863,5.224999904632568,5.300000190734863,2.749976396560669,5700.0,ATNI
1997-08-26,26.875,27.4375,26.8125,27.375,10.997191429138184,96000.0,ATO
1997-08-26,13.421875,13.5,13.421875,13.46875,9.0369291305542,198400.0,ATR
1997-08-26,14.125,14.375,14.125,14.25,10.863094329833984,13200.0,ATRI
1997-08-26,2.589491844177246,2.589491844177246,2.4000167846679688,2.56843900680542,0.5824928879737854,12700.0,ATRO
1997-08-26,10.0,12.5,10.0,12.1875,12.1875,14400.0,ATRS
1997-08-26,1.0208333730697632,1.03125,1.0104166269302368,1.0260416269302368,0.925546407699585,302800.0,ATVI
1997-08-26,10.333333015441896,10.333333015441896,10.333333015441896,10.333333015441896,6.031639575958253,0.0,AUB
1997-08-26,9.0,9.0,8.791666984558105,9.0,4.460233211517334,6000.0,AUBN
1997-08-26,20.0,20.0,19.625,19.625,8.651559829711914,156600.0,AVA
1997-08-26,36.75,37.25,36.75,37.125,14.346047401428224,18800.0,AVB
1997-08-26,1.00723135471344,1.00723135471344,0.9749483466148376,1.00723135471344,0.4966510832309723,475200.0,AVD
1997-08-26,4.375,4.5625,4.375,4.375,4.375,53600.0,AVDL
1997-08-26,31.375,31.75,30.5,30.875,30.875,467600.0,AVID
1997-08-26,243.75,251.25,243.75,247.5,247.5,36100.0,AVNW
1997-08-26,35.375,35.40625,34.96875,35.0,29.553112030029297,223600.0,AVT
1997-08-26,41.0625,42.1875,41.0625,41.375,23.30683708190918,153800.0,AVY
1997-08-26,14.6875,14.75,14.625,14.6875,1.3180533647537231,220700.0,AWF
1997-08-26,7.25,7.354166507720947,7.145833492279053,7.145833492279053,1.6682271957397459,51200.0,AWR
1997-08-26,11.875,13.0,11.875,12.0,5.422025203704834,265600.0,AWRE
1997-08-26,14.25,14.375,13.875,13.9375,13.9375,19200.0,AXAS
1997-08-26,12.5,12.5,12.0,12.375,12.375,147700.0,AXDX
1997-08-26,16.75,16.8125,16.5,16.5,11.69330596923828,584000.0,AXE
1997-08-26,5.75,6.25,5.75,6.25,5.119255065917969,6200.0,AXGN
1997-08-26,23.505451202392575,23.633100509643555,23.0495662689209,23.26839256286621,16.182676315307614,3272100.0,AXP
1997-08-26,4.75,4.875,4.75,4.75,3.9863965511322017,11500.0,AXR
1997-08-26,15.541666984558105,15.708333015441895,15.520833015441895,15.5625,3.1323184967041016,57600.0,AZN
1997-08-26,28.375,28.8125,28.0625,28.25,28.25,257200.0,AZO
1997-08-26,34.75,34.875,33.875,34.5,34.5,94700.0,AZPN
1997-08-26,4.90625,4.921875,4.65625,4.71875,3.1008195877075195,122000.0,AZZ
1997-08-26,13.78125,13.84375,13.75,13.78125,5.923975467681885,37800.0,B
1997-08-26,55.5,55.5,54.1875,54.375,33.835384368896484,3091600.0,BA
1997-08-26,31.875,32.1875,31.59375,31.84375,13.787053108215332,2811400.0,BAC
1997-08-26,2.858553409576416,2.858553409576416,2.78525710105896,2.8271408081054688,0.33500123023986816,109700.0,BAM
1997-08-26,7.53125,7.53125,7.375,7.4375,4.679107666015625,5200.0,BANF
1997-08-26,143.18182373046875,143.18182373046875,141.01239013671875,141.01239013671875,82.55203247070312,1800.0,BANR
1997-08-26,17.827455520629886,17.991512298583984,17.827455520629886,17.88214111328125,9.10129451751709,41300.0,BAP
1997-08-26,14.954508781433105,14.954508781433105,14.699891090393065,14.699891090393065,6.171724319458008,2679300.0,BAX
1997-08-26,30.755712509155273,30.86555290222168,30.48110771179199,30.536027908325195,17.291751861572266,17400.0,BBAR
1997-08-26,7.71875,7.90625,7.71875,7.90625,6.8577208518981925,889600.0,BBBY
1997-08-26,853.125,857.5,822.5,840.0,840.0,200.0,BBI
1997-08-26,14.375,14.625,14.25,14.25,14.25,18000.0,BBQ
1997-08-26,10.25,10.5,10.166666984558104,10.5,8.052556037902832,6100.0,BBSI
1997-08-26,8.508157730102539,8.62912654876709,8.508157730102539,8.608964920043945,3.033808469772339,16300.0,BBVA
1997-08-26,1.8611111640930176,1.8819444179534912,1.8333333730697632,1.8611111640930176,1.316120743751526,3081600.0,BBY
1997-08-26,32.0,32.0,31.5625,31.6875,22.720008850097656,330100.0,BC
1997-08-26,1755.0,1788.75,1755.0,1788.75,1788.75,0.0,BCDA
1997-08-26,28.4375,28.6875,28.1875,28.25,2.233194589614868,123800.0,BCE
1997-08-26,35.5,35.8125,35.3125,35.75,16.143491744995114,58100.0,BCO
1997-08-26,1.7942386865615845,1.8106995820999143,1.7613168954849243,1.7613168954849243,1.5893421173095703,43800.0,BCPC
1997-08-26,11.875,11.875,11.375,11.875,11.875,3400.0,BCRX
1997-08-26,21.082948684692386,21.082948684692386,20.96774101257324,20.96774101257324,5.863677501678468,2100.0,BCS
1997-08-26,26.0,26.125,26.0,26.0,4.717169761657715,3500.0,BCV
1997-08-26,29.88888931274414,30.11111068725586,29.77777862548828,29.88888931274414,27.458171844482425,12000.0,BDC
1997-08-26,3.71875,3.71875,3.71875,3.71875,2.5105912685394287,0.0,BDL
1997-08-26,21.3125,21.3125,21.0,21.0,4.984440803527832,44700.0,BDN
1997-08-26,13.25,13.25,12.625,12.625,12.625,8300.0,BDR
1997-08-26,24.28125,24.5625,24.0,24.15625,16.9681396484375,455400.0,BDX
1997-08-26,8.5,8.75,8.5,8.5,7.020650863647461,34400.0,BELFA
1997-08-26,13.083333015441895,13.09375,12.927083015441895,12.9375,7.400722026824951,690000.0,BEN
1997-08-26,17.8125,17.9375,17.625,17.875,5.60639762878418,29300.0,BFS
1997-08-26,24.5,24.625,24.28125,24.34375,10.658915519714355,76600.0,BGG
1997-08-26,176.81332397460938,179.9483184814453,176.1863250732422,179.32131958007812,179.32131958007812,1800.0,BH
1997-08-26,7.4375,7.46875,7.375,7.375,4.947526931762695,170000.0,BHC
1997-08-26,10.916666984558104,10.916666984558104,10.722222328186037,10.722222328186037,10.162302017211914,35200.0,BHE
1997-08-26,12.529659271240234,12.559924125671387,12.499394416809082,12.499394416809082,4.082654476165772,84600.0,BHP
1997-08-26,9.125,9.25,9.125,9.25,2.800360679626465,1500.0,BIF
1997-08-26,36.6875,36.75,36.1875,36.5,30.873809814453125,112500.0,BIG
1997-08-26,4.583333492279053,4.645833492279053,4.5625,4.604166507720947,4.604166507720947,1359600.0,BIIB
1997-08-26,13.875,14.09375,13.875,14.09375,14.09375,18800.0,BIO
1997-08-26,17.278985977172848,17.56696891784668,16.703020095825195,16.703020095825195,16.576114654541016,7600.0,BIOL
1997-08-26,1.375,1.5625,1.375,1.375,1.3378924131393433,25800.0,BJRI
1997-08-26,24.280527114868164,24.379901885986328,24.08177947998047,24.08177947998047,15.00946807861328,1143500.0,BK
1997-08-26,6.473615646362305,6.762938976287843,6.437449932098389,6.762938976287843,3.1902835369110107,36800.0,BKE
1997-08-26,18.5,18.5,18.29166603088379,18.33333396911621,7.586422920227051,9700.0,BKH
1997-08-26,19.25,19.5629997253418,19.25,19.4379997253418,19.4379997253418,129200.0,BKI
1997-08-26,13.4375,13.5625,13.4375,13.5,3.28938102722168,23200.0,BKN
1997-08-26,41.8125,42.625,41.4375,42.5,21.566036224365234,1127400.0,BKR
1997-08-26,8.196161270141603,8.196161270141603,8.196161270141603,8.196161270141603,3.731372356414795,3800.0,BKSC
1997-08-26,6.6875,6.8125,6.6875,6.75,1.4142682552337646,123700.0,BKT
1997-08-26,4.5,4.5,4.25,4.375,3.331554412841797,6600.0,BKTI
1997-08-26,126.0,132.0,123.0,132.0,132.0,1500.0,BKYI
1997-08-26,10.458333015441896,10.458333015441896,10.333333015441896,10.458333015441896,10.458333015441896,16800.0,BLDP
1997-08-26,28.4375,28.4375,26.25,26.25,26.25,400.0,BLFS
1997-08-26,2.05859375,2.0625,2.0390625,2.05078125,0.3832359313964844,336000.0,BLL
1997-08-26,45.3125,45.375,45.25,45.3125,13.624871253967285,34100.0,BLX
1997-08-26,5.59375,5.78125,5.515625,5.75,0.7091075778007507,44800.0,BMI
1997-08-26,19.59375,19.875,19.4375,19.4375,6.403494834899902,24600.0,BMO
1997-08-26,2.75,2.9375,2.75,2.875,2.875,5800.0,BMRA
1997-08-26,9.9375,9.9375,9.9375,9.9375,5.660518169403076,0.0,BMTC
1997-08-26,36.583927154541016,36.8813591003418,35.899837493896484,35.899837493896484,15.936749458312988,4061000.0,BMY
1997-08-26,5.25,5.875,5.25,5.875,5.21995735168457,43200.0,BNSO
1997-08-26,24.65625,24.6875,24.625,24.625,11.773477554321287,266200.0,BOH
1997-08-26,15.45357894897461,15.45357894897461,15.45357894897461,15.45357894897461,11.059117317199707,0.0,BOKF
1997-08-26,5.125,5.25,4.9375,5.125,4.589743137359619,15800.0,BOOM
1997-08-26,15.25,16.0,15.25,15.25,15.25,2000.0,BOOT
1997-08-26,390.0,390.0,340.0,340.0,340.0,3600.0,BOSC
1997-08-26,41.9375,42.125,41.78125,42.0,14.809535026550293,491200.0,BP
1997-08-26,8.125,8.125,8.0,8.0,5.6433753967285165,1000.0,BPFH
1997-08-26,106.875,108.4375,106.875,108.125,68.24076080322266,57400.0,BPOP
1997-08-26,17.0,17.25,16.9375,17.1875,1.1371140480041504,49200.0,BPT
1997-08-26,14.5,14.9375,14.5,14.625,7.4161553382873535,36200.0,BRC
1997-08-26,7.25,7.375,7.0,7.25,7.25,55800.0,BREW
1997-08-26,8.471074104309082,8.884297370910645,8.471074104309082,8.884297370910645,7.50690746307373,6900.0,BRID
1997-08-26,38.125,39.75,37.75,37.875,30.060344696044922,214500.0,BRKS
1997-08-26,3.0625,3.0625,3.0625,3.0625,2.7494585514068604,3600.0,BRN
1997-08-26,1.4895833730697632,1.4895833730697632,1.4895833730697632,1.4895833730697632,0.4437846541404724,1600.0,BRO
1997-08-26,7.625,7.75,7.625,7.625,2.526774644851685,6400.0,BRT
1997-08-26,9.3149995803833,9.406499862670898,9.3125,9.3125,8.40933895111084,37800.0,BRY
1997-08-26,9.663461685180664,9.663461685180664,9.567307472229004,9.663461685180664,3.0632638931274414,32200.0,BSAC
1997-08-26,26.75,27.25,26.5,26.75,9.653940200805664,28000.0,BSET
1997-08-26,15.5,15.75,15.5,15.75,9.142803192138672,1400.0,BSRR
1997-08-26,5.5,5.625,5.375,5.375,5.375,2300.0,BSTC
1997-08-26,18.328125,18.390625,18.1875,18.1875,18.1875,932800.0,BSX
1997-08-26,8.40625,8.75,8.40625,8.65625,1.1932872533798218,308800.0,BTI
1997-08-26,37.1875,37.1875,36.875,37.125,5.219175338745117,42400.0,BTO
1997-08-26,4.78125,4.796875,4.75,4.78125,3.16763687133789,31600.0,BVN
1997-08-26,135.0,135.0,129.0,133.0,133.0,3000.0,BVSN
1997-08-26,6.5390625,6.546875,6.5078125,6.515625,2.4910545349121094,356800.0,BWA
1997-08-26,3.809999942779541,3.875,3.75,3.875,3.5015830993652344,16800.0,BXG
1997-08-26,320.625,333.75,320.625,333.75,86.94158172607422,600.0,BXMT
1997-08-26,29.375,29.375,29.25,29.25,12.69304084777832,266800.0,BXP
1997-08-26,15.375,15.375,15.28125,15.375,8.272027969360353,6200.0,BXS
1997-08-26,8.375,8.375,7.9375,8.1875,7.4429073333740225,326400.0,BYD
1997-08-26,5.092592716217041,5.092592716217041,5.092592716217041,5.092592716217041,3.8398687839508057,0.0,BYFC
1997-08-26,33.22916793823242,33.33333206176758,33.125,33.125,31.99853134155273,17200.0,BZH
1997-08-26,218.5416717529297,220.8333282470703,215.0,216.25,178.88980102539062,321800.0,C
1997-08-26,12.875,13.0,12.5,12.875,12.875,369400.0,CACC
1997-08-26,8.375,8.4375,8.25,8.3125,8.3125,97000.0,CACI
1997-08-26,3.880000114440918,3.880000114440918,3.880000114440918,3.880000114440918,2.1365907192230225,0.0,CAE
1997-08-26,25.26750946044922,25.41342353820801,25.04863739013672,25.04863739013672,9.74667739868164,1107100.0,CAG
1997-08-26,29.16666603088379,29.36111068725586,28.52777862548828,28.66666603088379,14.68077564239502,3640600.0,CAH
1997-08-26,19.06666755676269,19.16666603088379,19.049999237060547,19.13333320617676,9.932684898376463,42700.0,CAJ
1997-08-26,5.456789970397949,5.604938507080078,5.456789970397949,5.50617265701294,4.721880912780762,2526400.0,CAKE
1997-08-26,7.527777671813965,7.55555534362793,7.333333492279053,7.416666507720947,3.7179131507873535,122100.0,CAL
1997-08-26,1.765625,1.796875,1.75,1.75,1.1835167407989502,67600.0,CALM
1997-08-26,4.0625,4.25,4.0,4.1875,4.1875,59000.0,CAMP
1997-08-26,40.29999923706055,40.5,39.5,39.599998474121094,36.25027847290039,817000.0,CAR
1997-08-26,189.375,193.125,189.375,190.3125,148.57672119140625,100.0,CARV
1997-08-26,5.833333492279053,5.916666507720947,5.833333492279053,5.916666507720947,3.376792907714844,9000.0,CASH
1997-08-26,109.3125,114.125,108.625,108.625,108.625,300.0,CASI
1997-08-26,5.962815761566162,5.962815761566162,5.962815761566162,5.962815761566162,3.660145521163941,0.0,CASS
1997-08-26,11.125,11.4375,11.125,11.3125,9.247306823730467,624800.0,CASY
1997-08-26,29.875,29.96875,29.125,29.3125,13.066088676452635,1445600.0,CAT
1997-08-26,5.416666507720947,5.583333492279053,5.416666507720947,5.458333492279053,2.0869588851928706,133300.0,CATO
1997-08-26,6.375,6.375,6.3125,6.375,4.486258506774902,12000.0,CATY
1997-08-26,28.20833396911621,28.41666603088379,28.16666603088379,28.20833396911621,11.449271202087402,217800.0,CB
1997-08-26,134.0625,135.625,131.5625,134.6875,53.08980178833008,34900.0,CBB
1997-08-26,11.15625,11.28125,11.09375,11.09375,7.0834407806396475,166200.0,CBD
1997-08-26,11.90625,11.96875,11.90625,11.90625,2.0487720966339107,52600.0,CBL
1997-08-26,30.8125,30.875,30.25,30.375,18.166303634643555,494200.0,CBRL
1997-08-26,14.370089530944824,14.57784938812256,14.266209602355955,14.57784938812256,9.033805847167967,82600.0,CBSH
1997-08-26,26.5,27.125,26.5,27.0625,9.425621032714844,71500.0,CBT
1997-08-26,14.0625,14.375,13.875,14.375,5.019567489624023,34200.0,CBU
1997-08-26,9.0,9.0,8.375,8.625,8.625,53300.0,CBZ
1997-08-26,14.613333702087402,14.613333702087402,14.613333702087402,14.613333702087402,9.30765438079834,100.0,CCBG
1997-08-26,28.0625,28.0625,27.4375,27.4375,9.67611026763916,541800.0,CCEP
1997-08-26,6.0,6.0,5.875,6.0,2.883091449737549,5800.0,CCF
1997-08-26,5.958333492279053,5.958333492279053,5.9375,5.9375,2.317409038543701,6000.0,CCJ
1997-08-26,50.875,51.125,50.625,50.8125,44.35806655883789,170400.0,CCK
1997-08-26,22.15625,22.25,22.09375,22.125,12.968053817749025,584000.0,CCL
1997-08-26,7.6343750953674325,7.6343750953674325,7.6343750953674325,7.6343750953674325,3.031395673751831,0.0,CCNE
1997-08-26,10.550000190734863,10.550000190734863,10.449999809265137,10.5,2.7198050022125244,40700.0,CCU
1997-08-26,146.875,146.875,144.375,144.375,144.375,5600.0,CDE
1997-08-26,124.6875,129.0625,118.125,126.875,95.70272064208984,3500.0,CDMO
1997-08-26,23.46875,23.46875,23.125,23.4375,23.4375,688000.0,CDNS
1997-08-26,581.6993408203125,581.6993408203125,549.0195922851561,549.0195922851561,431.7785034179688,0.0,CDOR
1997-08-26,18.0,18.0,18.0,18.0,7.306912899017334,700.0,CDR
1997-08-26,168.75,173.4375,165.625,173.4375,173.4375,5900.0,CDZI
1997-08-26,19.875,19.9375,19.28125,19.4375,17.663528442382812,122400.0,CEA
1997-08-26,3.5625,3.75,3.5,3.5625,3.0960602760314937,114800.0,CECE
1997-08-26,24.6875,24.6875,24.5,24.625,7.983897686004639,10100.0,CEE
1997-08-26,24.75,25.125,24.5625,25.09375,8.459527015686035,102900.0,CENT
1997-08-26,16.625,16.625,16.3125,16.3125,14.828990936279295,23300.0,CENX
1997-08-26,3.703125,3.75,3.515625,3.515625,3.4890692234039307,1910400.0,CERN
1997-08-26,16.625,17.125,16.625,16.625,16.625,14400.0,CERS
1997-08-26,29.8125,29.875,29.75,29.875,5.921846389770508,2400.0,CET
1997-08-26,25.0,26.25,25.0,25.9375,5.2511515617370605,71200.0,CETV
1997-08-26,22.625,22.6875,22.5,22.5,11.356228828430176,17600.0,CFR
1997-08-26,9.34375,9.78125,9.34375,9.53125,7.764838218688965,2633200.0,CGNX
1997-08-26,38.5,39.5,38.5,39.5,19.368844985961914,1300.0,CHCO
1997-08-26,2.3125,2.3229167461395264,2.3125,2.3229167461395264,0.7599576115608215,496800.0,CHD
1997-08-26,5.75,5.75,5.625,5.625,4.247905254364014,6600.0,CHDN
1997-08-26,18.5,19.1875,18.46875,18.875,11.164027214050293,92400.0,CHE
1997-08-26,8.84375,9.65625,8.8125,9.3125,4.3522019386291495,2626000.0,CHH
1997-08-26,7.272942066192628,7.272942066192628,6.859035015106201,6.977294445037843,5.869837284088135,408900.0,CHK
1997-08-26,4.208333492279054,4.229166507720946,4.104166507720946,4.166666507720946,4.166666507720946,1960200.0,CHKP
1997-08-26,19.0,19.3125,18.75,19.3125,2.533289909362793,63000.0,CHN
1997-08-26,33.75,35.0,33.75,35.0,35.0,1400.0,CHNR
1997-08-26,0.34375,0.3541666567325592,0.34375,0.3472222089767456,0.2478083968162537,1141200.0,CHS
1997-08-26,20.38888931274414,20.43055534362793,20.22222137451172,20.30555534362793,17.595287322998047,2520000.0,CI
1997-08-26,4.766157627105713,4.804906845092773,4.727408409118652,4.766157627105713,4.766157627105713,12400.0,CIA
1997-08-26,17.375,17.75,17.375,17.75,7.753864765167236,81200.0,CIB
1997-08-26,175.0,176.75,168.4375,168.765625,168.765625,297900.0,CIEN
1997-08-26,7.5,7.5,7.4375,7.5,0.7238809466362,58500.0,CIF
1997-08-26,5.909758567810059,5.939307689666747,5.730618953704834,5.909758567810059,0.027402911335229874,1651300.0,CIG
1997-08-26,2.4136922359466557,2.4136922359466557,2.340549945831299,2.3999781608581543,2.0288257598876958,16700.0,CIGI
1997-08-26,8.375,8.375,8.3125,8.375,0.9247160553932191,59700.0,CIK
1997-08-26,23.960695266723636,24.527587890625,23.960695266723636,24.338624954223636,11.493780136108398,70700.0,CINF
1997-08-26,36.0,36.0,36.0,36.0,17.606767654418945,2400.0,CIVB
1997-08-26,27.21896553039551,27.62568473815918,27.03124809265137,27.40668296813965,22.38850212097168,189300.0,CKH
1997-08-26,16.375,16.546875,16.09375,16.140625,7.2433342933654785,4566800.0,CL
1997-08-26,7.34375,7.34375,7.125,7.125,5.723062515258789,23600.0,CLB
1997-08-26,427.5,427.5,382.5,405.0,405.0,2200.0,CLDX
1997-08-26,5.25,5.2734375,5.1953125,5.203125,0.9424989223480223,373600.0,CLF
1997-08-26,6.0,6.0,6.0,6.0,6.0,1300.0,CLFD
1997-08-26,5.439408302307129,5.5266289710998535,5.439408302307129,5.510770797729492,3.439549446105957,69300.0,CLGX
1997-08-26,1.28125,1.3125,1.21875,1.3125,1.3125,10200.0,CLH
1997-08-26,37.0625,37.25,36.875,37.1875,9.76368522644043,42300.0,CLI
1997-08-26,0.84375,0.96875,0.84375,0.9375,0.8656729459762573,89700.0,CLRO
1997-08-26,11.542277336120605,13.0112943649292,11.542277336120605,13.0112943649292,10.52731990814209,8600.0,CLWT
1997-08-26,34.1875,34.265625,33.40625,33.5,18.38761711120605,960400.0,CLX
1997-08-26,47.91666793823242,48.16666793823242,47.33333206176758,47.70833206176758,24.642230987548828,239500.0,CMA
1997-08-26,3.8046875,3.84375,3.8046875,3.8203125,1.0817152261734009,120000.0,CMC
1997-08-26,25.0,25.0,21.875,25.0,18.446603775024414,1300.0,CMCL
1997-08-26,20.625,20.75,20.25,20.25,17.92287254333496,24300.0,CMCO
1997-08-26,3.9791667461395264,4.0,3.9166667461395264,3.9375,3.1287589073181152,309000.0,CMCSA
1997-08-26,294.375,295.3125,290.625,292.5,134.62528991699222,500.0,CMCT
1997-08-26,1.2592592239379885,1.2839505672454834,1.2592592239379885,1.2839505672454834,1.2203284502029421,52800.0,CMD
1997-08-26,19.828125,19.96875,19.578125,19.59375,5.575119972229004,468400.0,CMI
1997-08-26,105.5,105.5,104.75,105.5,5.492831230163574,22700.0,CMO
1997-08-26,35.375,35.5,35.3125,35.4375,17.434797286987305,90600.0,CMS
1997-08-26,3.5,3.5,3.375,3.375,3.33819580078125,5200.0,CMT
1997-08-26,1.0555555820465088,1.0555555820465088,1.0,1.0555555820465088,0.7516430616378784,7600.0,CMTL
1997-08-26,7.625,7.6875,7.625,7.625,1.6703959703445437,23600.0,CMU
1997-08-26,37.75,37.77083206176758,37.66666793823242,37.75,28.071292877197266,76500.0,CNA
1997-08-26,15.0,15.0,14.875,15.0,10.530035018920898,8600.0,CNBKA
1997-08-26,4.166666507720946,4.1875,4.166666507720946,4.177083492279054,1.1997143030166626,938400.0,CNI
1997-08-26,11.916666984558105,12.416666984558105,11.916666984558105,12.416666984558105,10.859450340270996,35800.0,CNMD
1997-08-26,6.5293846130371085,6.5293846130371085,6.5293846130371085,6.5293846130371085,3.621589183807373,1400.0,CNOB
1997-08-26,17.228813171386722,17.334186553955078,17.070749282836914,17.176124572753903,4.765217781066895,515000.0,CNP
1997-08-26,90.0,90.3125,88.125,90.0,90.0,15800.0,CNR
1997-08-26,0.75,0.75,0.75,0.75,0.75,0.0,CNTY
1997-08-26,29139.599609375,29925.0,24939.599609375,29139.599609375,29139.599609375,101.0,CODA
1997-08-26,12.958333015441895,12.958333015441895,12.541666984558105,12.604166984558105,9.72616958618164,1454100.0,COF
1997-08-26,1.7864583730697632,1.84375,1.7864583730697632,1.8333333730697632,0.7997875213623047,886400.0,COG
1997-08-26,23.5625,23.625,23.375,23.5,23.008472442626953,120800.0,COHR
1997-08-26,24.0625,27.25,24.0625,27.0,18.929405212402344,674400.0,COHU
1997-08-26,50.25,50.75,50.25,50.25,35.22665023803711,9300.0,COKE
1997-08-26,11.541631698608398,11.541631698608398,11.184674263000488,11.184674263000488,7.262085914611816,61000.0,COLB
1997-08-26,14.9375,15.15625,14.8125,15.09375,14.613116264343262,263000.0,COO
1997-08-26,18.057373046875,18.295597076416016,17.96208381652832,18.15266227722168,6.073267459869385,968800.0,COP
1997-08-26,17.9375,18.21875,17.5,17.875,13.034347534179688,2884200.0,COST
1997-08-26,14.6875,14.96875,14.6875,14.90625,9.906124114990234,350400.0,CP
1997-08-26,47.3125,49.125,47.1875,47.8125,24.819019317626953,460700.0,CPB
1997-08-26,17.375,17.375,16.75,17.375,16.72730827331543,7700.0,CPE
1997-08-26,180.0,180.625,180.0,180.0,149.0199737548828,800.0,CPF
1997-08-26,11.0,11.0,10.916666984558104,10.916666984558104,3.1673908233642583,900.0,CPK
1997-08-26,0.734375,0.75,0.734375,0.75,0.75,336000.0,CPRT
1997-08-26,1.25,1.25,1.25,1.25,1.25,0.0,CPSH
1997-08-26,15.75,16.875,15.25,16.875,16.875,570000.0,CPSS
1997-08-26,29.375,29.625,28.75,29.5,8.755688667297362,74000.0,CPT
1997-08-26,30.25,30.33333396911621,29.58333396911621,29.66666603088379,18.02080535888672,187300.0,CR
1997-08-26,13.31999969482422,13.375,13.25,13.375,13.301004409790039,1200.0,CRC
1997-08-26,4.25,4.25,4.0625,4.15625,4.15625,250800.0,CREE
1997-08-26,20.78856086730957,20.78856086730957,20.78856086730957,20.78856086730957,13.510169982910154,9500.0,CRESY
1997-08-26,128.0,128.0,126.5,127.0,4.140271663665772,200.0,CRF
1997-08-26,10.899999618530273,10.899999618530273,10.899999618530273,10.899999618530273,3.319495677947998,500.0,CRH
1997-08-26,60.625,61.25,59.6875,60.9375,57.62986755371094,48200.0,CRK
1997-08-26,1.9583333730697632,1.9583333730697632,1.875,1.9583333730697632,1.9583333730697632,79300.0,CRMT
1997-08-26,22.5,22.71875,22.375,22.5,9.904204368591307,27000.0,CRS
1997-08-26,17.25,17.25,17.125,17.25,2.3675167560577397,16100.0,CRT
1997-08-26,16.8125,17.75,16.625,17.0625,17.0625,5558400.0,CRUS
1997-08-26,3.9166667461395264,3.9166667461395264,3.777777671813965,3.8333332538604736,3.8333332538604736,81000.0,CRVL
1997-08-26,8.666666984558105,8.75,8.625,8.75,8.343375205993652,61600.0,CRY
1997-08-26,29.4189453125,29.4189453125,28.1982421875,29.4189453125,15.48528289794922,2400.0,CS
1997-08-26,8.604166984558105,8.748264312744139,8.583333015441895,8.61805534362793,6.67136287689209,43660800.0,CSCO
1997-08-26,14.1875,14.375,14.1875,14.25,12.32361125946045,95400.0,CSGS
1997-08-26,21.3125,21.625,21.28125,21.28125,12.666393280029295,176800.0,CSL
1997-08-26,5.728775501251222,5.728775501251222,5.728775501251222,5.728775501251222,3.576418161392212,400.0,CSPI
1997-08-26,21.75,22.0,21.75,21.875,20.04823112487793,21400.0,CSV
1997-08-26,18.5625,18.625,18.5625,18.625,8.803556442260742,2400.0,CSWC
1997-08-26,9.979166984558104,9.979166984558104,9.802083015441896,9.885416984558104,6.333885192871094,1954800.0,CSX
1997-08-26,23.33333396911621,23.33333396911621,23.04166603088379,23.33333396911621,17.969270706176758,155700.0,CTAS
1997-08-26,23.6875,24.0625,23.6875,24.0,13.992070198059082,255000.0,CTB
1997-08-26,14.041289329528807,14.25296688079834,14.041289329528807,14.041289329528807,6.04543399810791,3600.0,CTBI
1997-08-26,46.5,47.0,45.5,45.75,40.53965759277344,27000.0,CTG
1997-08-26,162000.0,162000.0,157500.0,159000.0,159000.0,0.0,CTIC
1997-08-26,16.58333396911621,16.69444465637207,16.44444465637207,16.44444465637207,5.709175109863281,206700.0,CTL
1997-08-26,18.125,18.25,17.75,17.875,14.845667839050293,3300.0,CTO
1997-08-26,178.125,187.5,168.75,178.125,178.125,600.0,CTRC
1997-08-26,13.479166984558105,13.479166984558105,13.40625,13.416666984558105,10.56515884399414,24600.0,CTS
1997-08-26,6.453389644622803,6.818362712860107,6.320672035217285,6.61928653717041,6.48558521270752,4311400.0,CTXS
1997-08-26,10.333333015441896,10.583333015441896,10.3125,10.541666984558104,7.756459712982178,19200.0,CUB
1997-08-26,5.40625,5.5625,5.40625,5.40625,2.2241711616516118,19900.0,CUBA
1997-08-26,18.875,19.125,18.875,19.125,16.01446533203125,27000.0,CULP
1997-08-26,10.625,10.625,10.625,10.625,10.625,1000.0,CUO
1997-08-26,49.63537979125977,50.105857849121094,49.63537979125977,49.98823928833008,23.435970306396484,10900.0,CUZ
1997-08-26,8.375,8.375,8.375,8.375,4.738509178161621,1000.0,CVA
1997-08-26,3.4317510128021236,3.4317510128021236,3.4317510128021236,3.4317510128021236,1.7858020067214966,100.0,CVBF
1997-08-26,8.180562973022461,8.180562973022461,8.180562973022461,8.180562973022461,3.170578956604004,0.0,CVLY
1997-08-26,859.375,859.375,796.875,843.75,843.75,100.0,CVM
1997-08-26,31.125,31.125,30.125,30.375,14.413690567016602,4000.0,CVR
1997-08-26,14.15625,14.5625,14.15625,14.5,10.321650505065918,2514400.0,CVS
1997-08-26,17.0,17.0,16.25,16.875,16.875,13400.0,CVTI
1997-08-26,7.3125,7.5,6.75,6.9375,6.9375,17200.0,CVU
1997-08-26,38.84375,39.28125,38.78125,39.125,14.315675735473633,1523400.0,CVX
1997-08-26,9.140625,9.140625,9.125,9.140625,5.567972660064697,64800.0,CW
1997-08-26,6.5,6.5,6.5,6.5,5.304164409637451,0.0,CWBC
1997-08-26,3.4375,3.625,3.4375,3.5,1.7565077543258667,6400.0,CWCO
1997-08-26,11.9375,12.0625,11.921875,12.0625,3.385035753250122,81600.0,CWT
1997-08-26,8.375,8.5,8.375,8.4375,1.8281127214431765,37900.0,CXE
1997-08-26,10.6875,10.75,10.6875,10.75,2.8356759548187256,7000.0,CXH
1997-08-26,105.625,107.91666412353516,105.41666412353516,107.5,13.795940399169922,25400.0,CXW
1997-08-26,3.511625051498413,3.7007124423980713,3.4981186389923096,3.660193681716919,2.68850326538086,10366900.0,CY
1997-08-26,20.25,20.5,20.0,20.0,20.0,6100.0,CYAN
1997-08-26,13.416666984558105,13.666666984558105,13.083333015441895,13.666666984558105,13.666666984558105,85900.0,CYBE
1997-08-26,3.0,3.0,2.9375,3.0,1.0199521780014038,15100.0,CYD
1997-08-26,34.375,34.9375,34.375,34.9375,34.64508819580078,28400.0,CYH
1997-08-26,19.239233016967773,19.239233016967773,19.239233016967773,19.239233016967773,7.13763952255249,300.0,CZNC
1997-08-26,18.65625,18.71875,18.5,18.65625,4.285250663757323,5031600.0,D
1997-08-26,5.0,5.0,4.875,4.875,4.875,2000.0,DAIO
1997-08-26,0.65625,0.671875,0.640625,0.640625,0.39570352435112,42400.0,DAKT
1997-08-26,8.916666984558105,8.916666984558105,8.916666984558105,8.916666984558105,8.916666984558105,0.0,DAR
1997-08-26,58.20610809326172,58.80248260498047,58.20610809326172,58.20610809326172,37.44997787475586,8400.0,DB
1997-08-26,48.4375,48.5625,47.3125,48.125,28.0275936126709,80600.0,DBD
1997-08-26,173.8419952392578,173.8419952392578,173.8419952392578,173.8419952392578,147.117431640625,17.0,DCF
1997-08-26,5.453125,5.4765625,5.4296875,5.4375,3.0369794368743896,98400.0,DCI
1997-08-26,24.25,25.25,24.25,25.25,24.18385505676269,63100.0,DCO
1997-08-26,5.629629611968994,5.629629611968994,5.518518447875977,5.5740742683410645,2.61470103263855,451800.0,DCOM
1997-08-26,42.223670959472656,42.49053192138672,42.07541275024414,42.19401931762695,21.0826358795166,853600.0,DD
1997-08-26,2.8333332538604736,2.875,2.75,2.8333332538604736,2.8333332538604736,389700.0,DDD
1997-08-26,17.25,17.375,17.1875,17.1875,1.8737802505493164,20300.0,DDF
1997-08-26,39.5,39.5,38.875,39.0625,33.123302459716804,281200.0,DDS
1997-08-26,28.875,29.15625,28.34375,28.375,14.35048007965088,1182600.0,DE
1997-08-26,2.4583332538604736,2.5,2.3333332538604736,2.3333332538604736,2.3333332538604736,89100.0,DECK
1997-08-26,37.1875,37.4375,37.0,37.0,17.533449172973633,35300.0,DEO
1997-08-26,8.490234375,8.490234375,8.2265625,8.2265625,4.4538302421569815,1600.0,DGICB
1997-08-26,14.0,15.3125,13.875,14.375,14.375,254200.0,DGII
1997-08-26,4.6875,4.75,4.671875,4.71875,3.708423137664795,342400.0,DGX
1997-08-26,3.9776015281677246,4.029258728027344,3.8742871284484863,4.012039661407472,2.68257999420166,325700.0,DHI
1997-08-26,23.75,23.75,21.875,23.125,9.526314735412598,1300.0,DHIL
1997-08-26,5.123436450958252,5.176743507385254,5.093821048736572,5.176743507385254,3.0980889797210693,301700.0,DHR
1997-08-26,17.71875,17.9375,17.5625,17.6875,10.435501098632812,49400.0,DIN
1997-08-26,2.493827104568481,2.5308642387390137,2.4691357612609863,2.4691357612609863,2.4691357612609863,72900.0,DIOD
1997-08-26,25.75176048278809,25.87507247924805,25.484582901000977,25.484582901000977,19.42560577392578,2962200.0,DIS
1997-08-26,2.015625,2.09375,1.984375,2.0703125,1.4752191305160522,1144800.0,DISH
1997-08-26,9.545454978942873,9.545454978942873,9.545454978942873,9.545454978942873,8.031723022460938,0.0,DIT
1997-08-26,37.5,37.5,37.5,37.5,37.5,0.0,DJCO
1997-08-26,23.625,25.375,23.625,24.9375,24.9375,1800.0,DLHC
1997-08-26,5.6111111640930185,5.907407283782959,5.44444465637207,5.518518447875977,5.518518447875977,1108800.0,DLTR
1997-08-26,26.38349914550781,26.483436584472656,26.23359298706055,26.33353042602539,10.639891624450684,233600.0,DLX
1997-08-26,10.5,10.5,10.375,10.5,2.5951297283172607,25400.0,DMF
1997-08-26,9.4375,9.5,9.375,9.5,1.6764272451400757,216100.0,DNP
1997-08-26,4.109375,4.109375,4.03125,4.0625,3.8294963836669917,339200.0,DNR
1997-08-26,44.25,47.625,43.8125,47.375,24.309001922607425,911300.0,DO
1997-08-26,2.0,2.0,2.0,2.0,1.9135197401046755,2400.0,DORM
1997-08-26,24.132081985473636,24.15303039550781,23.31511116027832,23.650279998779297,13.035000801086426,1043800.0,DOV
1997-08-26,7900.0,8100.0,7900.0,8100.0,8100.0,0.0,DPW
1997-08-26,27.5,30.0,27.5,30.0,21.147436141967773,900.0,DRD
1997-08-26,21.0,21.375,20.9375,21.125,5.914698600769043,87000.0,DRE
1997-08-26,6.294545650482178,6.44352912902832,6.2200541496276855,6.2572999000549325,3.7154247760772714,673000.0,DRI
1997-08-26,10.25,10.25,10.0625,10.1875,2.388640880584717,66900.0,DSM
1997-08-26,12.9375,14.8125,12.6875,14.609375,12.945818901062012,3776400.0,DSPG
1997-08-26,6.4000000953674325,6.4000000953674325,4.800000190734863,6.4000000953674325,6.4000000953674325,100.0,DSS
1997-08-26,10.55555534362793,10.88888931274414,10.55555534362793,10.777777671813963,1.7983074188232422,38200.0,DSWL
1997-08-26,29.8125,29.9375,29.75,29.9375,10.477567672729492,166000.0,DTE
1997-08-26,16.1875,16.1875,16.0625,16.0625,4.798149585723877,2500.0,DTF
1997-08-26,13.3125,13.3125,13.25,13.3125,2.6931936740875244,42900.0,DUC
1997-08-26,43.4190673828125,43.52802276611328,42.98324203491211,43.0377197265625,20.34836196899414,588800.0,DUK
1997-08-26,8.774999618530272,8.800000190734863,8.699999809265138,8.725000381469728,8.725000381469728,153800.0,DVA
1997-08-26,9.71875,9.71875,9.5,9.5,2.77036452293396,101400.0,DVD
1997-08-26,20.03125,20.375,19.9375,19.9375,15.501605033874512,81000.0,DVN
1997-08-26,8.339628219604492,8.339628219604492,8.339628219604492,8.339628219604492,7.955217361450195,11800.0,DWSN
1997-08-26,170.25,172.5,168.75,172.5,97.99290466308594,5600.0,DX
1997-08-26,18.754714965820312,18.81681632995605,18.44420623779297,18.5373592376709,10.252691268920898,799000.0,DXC
1997-08-26,4.25,4.25,4.125,4.125,4.125,24300.0,DXLG
1997-08-26,9.375,9.375,9.25,9.25,6.2852396965026855,2900.0,DXR
1997-08-26,12.75,13.0,12.75,12.875,12.678824424743652,113400.0,DXYN
1997-08-26,8.138889312744139,8.277777671813965,8.0,8.25,8.25,141900.0,DY
1997-08-26,5.0,5.3125,5.0,5.15625,5.15625,16000.0,DYNT
1997-08-26,22.82500076293945,22.82500076293945,22.70000076293945,22.75,5.304463863372803,93500.0,E
1997-08-26,7.84375,8.0,7.71875,7.875,7.875,2890800.0,EA
1997-08-26,6.888888835906982,7.166666507720947,6.888888835906982,7.166666507720947,4.810441970825195,2269000.0,EAT
1997-08-26,10.8125,10.875,10.625,10.875,3.7731313705444336,24500.0,EBF
1997-08-26,4.583333492279053,4.8611111640930185,4.44444465637207,4.8611111640930185,4.5297508239746085,239400.0,EBIX
1997-08-26,11.0,11.125,10.9375,11.125,1.9266449213027956,12100.0,ECF
1997-08-26,11.03125,11.296875,11.03125,11.171875,7.758188247680664,354400.0,ECL
1997-08-26,1.9375,2.0625,1.9375,2.0,1.3122951984405518,6800.0,ECOL
1997-08-26,30.625,30.9375,30.5625,30.875,10.568585395812988,302100.0,ED
1997-08-26,7.0,7.125,6.875,7.125,7.125,24000.0,EDAP
1997-08-26,3.375,3.4375,3.375,3.4375,0.5819261074066162,2200.0,EDUC
1997-08-26,6.5,6.5,6.25,6.375,4.9599342346191415,105000.0,EE
1997-08-26,14.9375,15.0,14.8125,14.875,4.289337158203125,25100.0,EEA
1997-08-26,13.625,14.375,13.5,14.375,14.375,29700.0,EEFT
1997-08-26,59.375,59.375,56.875,58.75,58.75,200.0,EFOI
1997-08-26,29.3125,30.375,29.25,29.75,14.206128120422365,364400.0,EFX
1997-08-26,9.375,9.375,8.75,8.75,8.75,16900.0,EGHT
1997-08-26,19.625,20.3125,19.5625,20.3125,6.250452995300293,15900.0,EGP
1997-08-26,1.875,2.0,1.875,1.875,1.874610185623169,18100.0,EGY
1997-08-26,123.4375,123.75,120.625,122.1875,105.8498992919922,165600.0,EHC
1997-08-26,24.75,24.75,24.4375,24.5,12.681367874145508,1138000.0,EIX
1997-08-26,12.0,12.046875,11.890625,11.9375,8.02924919128418,436000.0,EL
1997-08-26,78.75,82.5,78.75,82.5,82.5,2400.0,ELGX
1997-08-26,17.5,17.5,13.75,13.75,13.380376815795898,300.0,ELLO
1997-08-26,5.90625,5.90625,5.875,5.90625,0.3942953944206238,122400.0,ELS
1997-08-26,2.5,2.5,2.5,2.5,1.238003134727478,0.0,ELSE
1997-08-26,8.125,8.125,5.625,6.25,6.25,1600.0,ELTK
1997-08-26,34.0,34.0625,33.4375,33.6875,25.53408241271973,546600.0,ELY
1997-08-26,3.9375,3.9375,3.90625,3.90625,3.712849140167236,36000.0,EME
1997-08-26,24.3125,24.5,24.25,24.25,4.796103477478027,26000.0,EMF
1997-08-26,48.5,48.5,46.0,46.0,35.35185241699219,2400.0,EMKR
1997-08-26,6.472222328186035,6.527777671813965,6.472222328186035,6.527777671813965,3.125014066696167,173200.0,EML
1997-08-26,87.64097595214844,95.86466217041016,87.40601348876953,89.52067565917969,60.862159729003906,205400.0,EMMS
1997-08-26,29.71875,30.0625,29.71875,29.8125,8.344376564025879,490200.0,EMN
1997-08-26,27.75,28.125,27.5,27.875,11.723531723022461,1595800.0,EMR
1997-08-26,4.46875,4.46875,4.46875,4.46875,0.41275039315223694,0.0,ENB
1997-08-26,9.25,9.25,8.5,8.5,8.5,77100.0,ENG
1997-08-26,19.425485610961914,19.49224090576172,19.358732223510746,19.425485610961914,7.799981117248535,60000.0,ENIA
1997-08-26,0.15000000596046448,0.15000000596046448,0.15000000596046448,0.15000000596046448,0.04513266682624817,0.0,ENSV
1997-08-26,12.046714782714846,12.095685005187988,11.75289249420166,11.75289249420166,11.75289249420166,46400.0,ENZ
1997-08-26,5.65625,5.75,5.625,5.734375,4.2400851249694815,648800.0,EOG
1997-08-26,4500.0,4500.0,4500.0,4500.0,3314.29833984375,0.0,EPM
1997-08-26,71.75,72.5,71.75,72.0,28.6168270111084,53400.0,EQC
1997-08-26,25.21875,25.46875,25.09375,25.46875,6.1321959495544425,71000.0,EQR
1997-08-26,19.659090042114254,19.772727966308594,19.545454025268555,19.602272033691406,5.236936569213867,7300.0,EQS
1997-08-26,4.023203372955321,4.082743644714356,4.023203372955321,4.065732002258302,0.8136767745018005,321800.0,EQT
1997-08-26,26.796875,26.953125,26.5625,26.6015625,16.062982559204098,1869600.0,ERIC
1997-08-26,32.5,32.5,31.25,31.25,16.578096389770508,2200.0,ERIE
1997-08-26,10.0625,10.125,10.0,10.125,5.278925895690918,166100.0,ES
1997-08-26,4.969269752502441,5.022134304046631,4.916405200958252,4.916405200958252,1.937835454940796,61000.0,ESBK
1997-08-26,1.5833333730697632,1.5833333730697632,1.5833333730697632,1.5833333730697632,0.9116594195365906,0.0,ESCA
1997-08-26,8.625,8.625,8.46875,8.5,7.8404412269592285,60800.0,ESE
1997-08-26,12.25,12.375,12.0,12.375,12.016892433166506,7100.0,ESGR
1997-08-26,14.0,14.0,13.75,13.9375,7.367043972015381,9700.0,ESLT
1997-08-26,8.375,8.4375,8.375,8.4375,3.019899606704712,1400.0,ESP
1997-08-26,31.75,31.75,30.5,30.625,11.969118118286133,62500.0,ESS
1997-08-26,0.699999988079071,0.699999988079071,0.699999988079071,0.699999988079071,0.699999988079071,100.0,ESTE
1997-08-26,70.0,72.96875,70.0,72.1875,62.62058639526367,304200.0,ETFC
1997-08-26,23.27083396911621,24.0,23.27083396911621,24.0,14.771620750427244,229800.0,ETH
1997-08-26,19.27920913696289,19.441904067993164,19.19786262512207,19.27920913696289,2.683481216430664,892800.0,ETN
1997-08-26,24.8125,25.0,24.75,24.875,10.125738143920898,408400.0,ETR
1997-08-26,3.3359375,3.3828125,3.3359375,3.375,1.7020691633224487,84800.0,EV
1997-08-26,0.90625,0.90625,0.90625,0.90625,0.4152022898197174,0.0,EVI
1997-08-26,33.3125,33.75,33.3125,33.75,10.90310001373291,63100.0,EVRG
1997-08-26,11.40625,11.90625,11.375,11.84375,5.139398097991943,2070200.0,EXC
1997-08-26,9.291666984558104,9.375,9.229166984558104,9.354166984558104,5.8840880393981925,52500.0,EXP
1997-08-26,4.625,4.75,4.625,4.6875,3.845088243484497,778400.0,EXPD
1997-08-26,0.90625,0.953125,0.90625,0.9375,0.8592849969863892,825600.0,EXPO
1997-08-26,3.2083332538604736,3.2916667461395264,3.2083332538604736,3.2916667461395264,3.2431483268737797,4500.0,EZPW
1997-08-26,16.10352897644043,16.514101028442386,16.057910919189453,16.240386962890625,7.399688243865968,13164600.0,F
1997-08-26,15.100000381469727,15.100000381469727,15.050000190734865,15.050000190734865,11.944347381591795,6000.0,FARM
1997-08-26,3.59375,3.6484375,3.5625,3.625,2.5450167655944824,2016000.0,FAST
1997-08-26,9.375,9.4375,9.3125,9.4375,1.3999550342559814,246300.0,FAX
1997-08-26,436.1111145019531,441.6666564941406,427.77777099609375,438.8888854980469,433.59326171875,2700.0,FBC
1997-08-26,11.0,11.0,11.0,11.0,5.901365756988525,0.0,FBNC
1997-08-26,69.84375,69.84375,68.59375,68.59375,64.62861633300781,14300.0,FBP
1997-08-26,24.5625,24.6875,24.5,24.5,24.5,75000.0,FC
1997-08-26,17.851240158081055,17.851240158081055,17.851240158081055,17.851240158081055,7.6355648040771475,200.0,FCBC
1997-08-26,231.0,237.0,231.0,237.0,230.6545867919922,0.0,FCEL
1997-08-26,10.5,10.59375,10.46875,10.5,4.109576225280762,21800.0,FCF
1997-08-26,2.0833332538604736,2.125,2.0625,2.0833332538604736,1.9769995212554927,48200.0,FCFS
1997-08-26,3.0,3.0,3.0,3.0,3.0,600.0,FCN
1997-08-26,89.5625,89.5625,89.5625,89.5625,75.4613265991211,0.0,FCNCA
1997-08-26,12.125,12.1875,12.125,12.125,1.7505455017089844,8300.0,FCO
1997-08-26,14.40625,14.5,14.3125,14.4375,7.518381595611572,334400.0,FCX
1997-08-26,7.375,7.75,7.375,7.5,3.932449102401733,42000.0,FDEF
1997-08-26,6.041666507720947,6.041666507720947,6.041666507720947,6.041666507720947,4.824665069580078,3000.0,FDS
1997-08-26,34.25,34.25,33.625,33.625,29.9335880279541,1166400.0,FDX
1997-08-26,14.0,14.333333015441895,13.75,14.333333015441895,11.770337104797365,10600.0,FEIM
1997-08-26,6.625,6.703125,6.59375,6.65625,5.166681289672852,64000.0,FELE
1997-08-26,15.9207181930542,15.9207181930542,15.65239143371582,15.786555290222168,6.4505672454833975,15200.0,FFBC
1997-08-26,16.15625,16.15625,15.9375,15.9375,8.627714157104492,97000.0,FFG
1997-08-26,5.925925731658936,6.0740742683410645,5.925925731658936,5.962963104248048,3.0587465763092037,30600.0,FFIC
1997-08-26,2.8909091949462886,2.8909091949462886,2.8909091949462886,2.8909091949462886,1.423248529434204,4800.0,FFIN
1997-08-26,24.41530990600586,24.41530990600586,24.236223220825195,24.32576560974121,13.425638198852539,303900.0,FHN
1997-08-26,12.44444465637207,12.518518447875975,12.370369911193848,12.370369911193848,11.86717414855957,24900.0,FICO
1997-08-26,3.425925970077514,3.5,3.425925970077514,3.467592477798462,3.467592477798462,2538000.0,FISV
1997-08-26,26.22222137451172,26.5,26.11111068725586,26.22222137451172,15.014130592346193,392400.0,FITB
1997-08-26,18.3125,18.3125,17.5,17.625,14.578933715820312,19000.0,FIX
1997-08-26,4.0625,4.140625,4.0625,4.140625,1.9161217212677,12900.0,FIZZ
1997-08-26,23.9375,24.875,23.5,23.6875,15.147759437561035,1280400.0,FL
1997-08-26,4.5,4.78125,4.5,4.75,4.75,1855200.0,FLEX
1997-08-26,4.44444465637207,4.641975402832031,4.44444465637207,4.44444465637207,2.5475382804870605,10800.0,FLIC
1997-08-26,2.296875,2.328125,2.25,2.25,1.992406129837036,180800.0,FLIR
1997-08-26,1.875,1.9375,1.875,1.9375,1.9375,300.0,FLL
1997-08-26,1.5912208557128906,1.629629611968994,1.5857338905334473,1.6241426467895508,0.6136349439620972,2419800.0,FLO
1997-08-26,9.880000114440918,10.062999725341797,9.625,9.875,9.875,31100.0,FLOW
1997-08-26,11.6875,11.708333015441895,11.604166984558105,11.645833015441895,7.0291690826416025,216000.0,FLS
1997-08-26,11.75,12.25,11.75,11.875,5.708123207092285,69800.0,FLXS
1997-08-26,18.33333396911621,18.66666603088379,18.33333396911621,18.66666603088379,11.43149471282959,7100.0,FMBI
1997-08-26,18.13204765319824,18.348873138427734,17.833911895751953,17.888118743896484,7.15712833404541,1342000.0,FMC
1997-08-26,12.25,12.25,12.03125,12.1875,8.982870101928711,155000.0,FMS
1997-08-26,23.13267707824707,23.13267707824707,22.75956916809082,22.75956916809082,4.431594371795653,1900.0,FNB
1997-08-26,25.04166603088379,25.25,25.04166603088379,25.125,18.42776870727539,44800.0,FOE
1997-08-26,74.21875,74.21875,70.703125,71.875,71.82703399658203,8700.0,FONR
1997-08-26,1.375,1.5,1.3125,1.3125,1.3125,66900.0,FORD
1997-08-26,13.75,13.75,13.75,13.75,11.067203521728516,7000.0,FORR
1997-08-26,3.592592477798462,3.592592477798462,3.5061728954315186,3.555555582046509,3.555555582046509,87300.0,FOSL
1997-08-26,30.75,30.9375,30.0,30.0,9.638843536376953,62900.0,FR
1997-08-26,18.399999618530273,18.399999618530273,18.399999618530273,18.399999618530273,7.66838264465332,0.0,FRAF
1997-08-26,6.189809322357178,6.6166930198669425,6.189809322357178,6.260956764221191,5.502054214477539,11300.0,FRBK
1997-08-26,7.882518291473389,8.098477363586426,7.882518291473389,7.882518291473389,3.3071305751800537,11000.0,FRD
1997-08-26,18.284563064575195,18.284563064575195,17.852643966674805,18.212575912475586,9.633350372314453,1900.0,FRME
1997-08-26,8.583333015441895,8.583333015441895,8.583333015441895,8.583333015441895,7.1606812477111825,0.0,FRPH
1997-08-26,25.0,25.125,24.8125,24.9375,8.558008193969728,53800.0,FRT
1997-08-26,25.75,26.0625,25.625,25.875,15.901575088500975,145200.0,FSS
1997-08-26,5.0,5.125,4.9375,4.9375,4.797883033752441,110600.0,FSTR
1997-08-26,9.375,9.4375,9.3125,9.4375,1.6669864654541016,41100.0,FT
1997-08-26,1028.0999755859377,1028.0999755859377,1028.0999755859377,1028.0999755859377,651.8370361328125,0.0,FTAI
1997-08-26,1.625,1.75,1.5,1.625,1.625,31200.0,FTEK
1997-08-26,122.1993408203125,123.09130859375,119.52344512939452,121.30738067626952,28.235923767089844,33200.0,FTR
1997-08-26,13.5625,13.5625,13.375,13.46875,7.238900184631348,88000.0,FUL
1997-08-26,10.211483001708984,10.211483001708984,10.029134750366213,10.029134750366213,4.9893150329589835,112300.0,FULT
1997-08-26,21.875,21.875,21.75,21.84375,5.200716972351074,20800.0,FUN
1997-08-26,18.0,18.0,18.0,18.0,10.043924331665039,500.0,FUNC
1997-08-26,5.3125,5.5625,5.28125,5.3125,1.0814170837402344,96500.0,FUND
1997-08-26,4.083333492279054,4.083333492279054,3.8333332538604736,3.8333332538604736,2.0276813507080083,17500.0,FWRD
1997-08-26,8.741818428039549,8.741818428039549,8.688837051391603,8.741818428039549,0.8327545523643494,174800.0,GAB
1997-08-26,10.18643283843994,10.18643283843994,10.18643283843994,10.18643283843994,5.0812416076660165,0.0,GABC
1997-08-26,25.0,25.375,24.875,25.0,5.163364887237549,13300.0,GAM
1997-08-26,30.8125,31.125,30.8125,30.9375,14.754019737243652,145000.0,GATX
1997-08-26,5.3912529945373535,5.3912529945373535,5.3912529945373535,5.3912529945373535,2.645665407180786,0.0,GBCI
1997-08-26,220.625,221.875,218.75,218.75,218.75,200.0,GBR
1997-08-26,12.625,12.6875,12.625,12.625,9.10801601409912,23200.0,GBX
1997-08-26,49.4375,49.78125,48.65625,49.0,15.364334106445312,389000.0,GCI
1997-08-26,11.8125,12.25,11.8125,12.1875,12.1875,69300.0,GCO
1997-08-26,9.875,9.875,9.875,9.875,1.2912466526031494,2700.0,GCV
1997-08-26,20.828125,21.0234375,20.703125,20.78125,11.34166431427002,391600.0,GD
1997-08-26,20.53285217285156,20.97355842590332,20.272436141967773,20.272436141967773,9.660024642944336,15500100.0,GE
1997-08-26,15.625,15.625,15.25,15.5,6.990586757659912,32600.0,GEF
1997-08-26,19.9375,20.125,19.875,20.0625,3.0271072387695312,27100.0,GEL
1997-08-26,6.111111164093018,6.111111164093018,5.916666507720947,6.06944465637207,2.439076662063598,377100.0,GEO
1997-08-26,12.169187545776367,12.169187545776367,11.2830810546875,11.342155456542967,11.342155456542967,512400.0,GERN
1997-08-26,4.71875,4.71875,4.4375,4.6875,3.092209577560425,47400.0,GES
1997-08-26,14.625,14.75,14.625,14.6875,2.8878300189971924,109300.0,GF
1997-08-26,9.580528259277344,9.70999526977539,9.580528259277344,9.70999526977539,5.980334758758545,34500.0,GFED
1997-08-26,13.068181991577148,13.238636016845705,13.068181991577148,13.181818008422852,11.294038772583008,80900.0,GFF
1997-08-26,6.540697574615479,6.5676140785217285,6.352282524108888,6.459948539733888,4.068509101867677,51800.0,GFI
1997-08-26,2.0823044776916504,2.0905349254608154,2.0781893730163574,2.0823044776916504,0.380745530128479,210600.0,GGG
1997-08-26,7.459095478057861,7.579403400421143,7.459095478057861,7.519249439239503,1.1270800828933716,8600.0,GGT
1997-08-26,256.11782836914057,256.57098388671875,255.4380645751953,255.4380645751953,163.5046844482422,7200.0,GHC
1997-08-26,3.6749999523162837,3.6749999523162837,3.6749999523162837,3.6749999523162837,2.358318567276001,4400.0,GHM
1997-08-26,17.625,17.75,17.25,17.625,14.69961929321289,25600.0,GIFI
1997-08-26,1.7291666269302368,1.7916666269302368,1.7083333730697632,1.7916666269302368,1.7916666269302368,19400.0,GIII
1997-08-26,0.99609375,1.0078125,0.9765625,1.0,0.8678945302963257,11081600.0,GILD
1997-08-26,645.0,660.0,637.5,640.0,607.8930053710938,2400.0,GILT
1997-08-26,7.5625,7.625,7.5,7.5,1.2316218614578247,287900.0,GIM
1997-08-26,16.40625,16.53125,16.3125,16.5,5.174053192138672,1596000.0,GIS
1997-08-26,16.05555534362793,16.722221374511722,16.0,16.61111068725586,9.264556884765623,1031800.0,GL
1997-08-26,19.875,20.5,19.75,20.3125,9.56119441986084,101300.0,GLT
1997-08-26,18.70833396911621,19.08333396911621,18.70833396911621,18.97916603088379,12.861773490905762,4912200.0,GLW
1997-08-26,2.8515625,2.90625,2.796875,2.859375,1.976394295692444,1016800.0,GNTX
1997-08-26,129.375,130.625,129.375,130.0,16.51380729675293,11600.0,GOGL
1997-08-26,23.5625,23.75,23.375,23.375,8.891712188720703,821600.0,GOLD
1997-08-26,31.5,31.6875,31.1875,31.5,14.763526916503904,330100.0,GPC
1997-08-26,14.027777671813965,14.166666984558105,13.99305534362793,14.166666984558105,12.641343116760256,46900.0,GPK
1997-08-26,13.222222328186035,13.222222328186035,13.018518447875975,13.037036895751953,8.497711181640625,1875100.0,GPS
1997-08-26,11.0,11.125,10.875,11.0,10.874250411987305,54200.0,GPX
1997-08-26,69.6875,70.125,69.625,69.625,17.495420455932614,496600.0,GRA
1997-08-26,6.2668800354003915,6.307839870452881,6.2668800354003915,6.307839870452881,2.2239208221435547,2200.0,GRC
1997-08-26,17.75,17.75,17.75,17.75,15.486987113952635,300.0,GRIF
1997-08-26,1.4375,1.4375,1.3125,1.375,0.987649142742157,449000.0,GROW
1997-08-26,8.5625,8.5625,8.375,8.375,4.559009075164795,1200.0,GSBC
1997-08-26,23.125,23.625,23.0,23.1875,8.554202079772951,118300.0,GSH
1997-08-26,39.5,39.5625,38.625,38.8125,15.187037467956545,284100.0,GSK
1997-08-26,62.9375,63.1875,62.75,62.9375,46.63973617553711,353800.0,GT
1997-08-26,6.09375,7.03125,6.09375,7.03125,7.03125,300.0,GTIM
1997-08-26,17.5625,17.5625,17.5,17.5,3.8101963996887207,46800.0,GTY
1997-08-26,0.375,0.375,0.3125,0.3125,0.3125,16000.0,GV
1997-08-26,8.972222328186035,9.05555534362793,8.972222328186035,9.027777671813963,6.247392654418945,32500.0,GVA
1997-08-26,4.0,4.25,4.0,4.25,4.25,18400.0,GVP
1997-08-26,45.1875,45.375,44.75,45.1875,30.399362564086914,118400.0,GWW
1997-08-26,215.9090881347656,215.9090881347656,199.4949493408203,199.4949493408203,19.057735443115234,0.0,GYRO
1997-08-26,4.375,4.5,4.25,4.25,4.094922065734863,38900.0,HA
1997-08-26,8.40625,8.40625,8.28125,8.375,8.375,92000.0,HAE
1997-08-26,27.28623962402344,27.28623962402344,27.28623962402344,27.28623962402344,20.595325469970703,0.0,HAFC
1997-08-26,5.125,5.25,5.125,5.21875,5.21875,164000.0,HAIN
1997-08-26,21.625,22.6875,21.59375,22.53125,13.594598770141602,1821400.0,HAL
1997-08-26,4.875,4.875,4.875,4.875,4.875,0.0,HALL
1997-08-26,18.25,18.33333396911621,17.95833396911621,17.95833396911621,11.130718231201172,1371100.0,HAS
1997-08-26,24.135988235473636,24.511646270751953,24.04207420349121,24.22990226745605,11.291305541992188,537200.0,HBAN
1997-08-26,1.5308642387390137,1.5802469253540041,1.5308642387390137,1.5308642387390137,0.9935858249664308,77800.0,HCSG
1997-08-26,16.3125,16.39583396911621,16.0,16.125,10.600337982177734,3150600.0,HD
1997-08-26,5.875,6.0,5.5625,5.8125,5.8125,24100.0,HDSN
1997-08-26,17.875,18.15625,17.875,17.875,3.6287539005279537,65800.0,HE
1997-08-26,1.8819921016693115,1.9476430416107176,1.8819921016693115,1.925759434700012,1.5117441415786743,227500.0,HEI
1997-08-26,15.75,16.125,15.75,16.0,16.0,678400.0,HELE
1997-08-26,19.35416603088379,19.66666603088379,19.3125,19.66666603088379,11.390589714050293,775800.0,HES
1997-08-26,1.6484375,1.671875,1.640625,1.671875,0.032557103782892234,56000.0,HFC
1997-08-26,102.29166412353516,103.54166412353516,101.875,102.91666412353516,67.33034515380861,17200.0,HHS
1997-08-26,5.037036895751953,5.037036895751953,4.839506149291992,5.037036895751953,5.037036895751953,26200.0,HIBB
1997-08-26,15.833333015441895,15.833333015441895,15.833333015441895,15.833333015441895,10.03314208984375,0.0,HIFS
1997-08-26,41.1875,41.34375,40.3125,40.3125,24.78686141967773,779000.0,HIG
1997-08-26,4.125,4.125,4.125,4.125,1.475598931312561,5000.0,HIHO
1997-08-26,12.125,12.25,12.125,12.25,1.5642747879028318,95500.0,HIO
1997-08-26,31.625,32.25,31.625,32.25,8.115721702575684,70000.0,HIW
1997-08-26,5.5625,5.625,5.5,5.5,5.285749435424805,162700.0,HL
1997-08-26,3.407407522201538,3.462962865829468,3.3333332538604736,3.462962865829468,1.9057954549789429,218700.0,HLIO
1997-08-26,8.5,9.5,8.5,9.46875,9.46875,788400.0,HLIT
1997-08-26,7.09375,7.15625,6.90625,7.125,7.125,103600.0,HLX
1997-08-26,15.25,15.390625,15.25,15.359375,9.419711112976074,43200.0,HMC
1997-08-26,4.5,4.5,4.5,4.5,2.1289255619049072,0.0,HMG
1997-08-26,27.1875,27.5,27.1875,27.5,15.516277313232422,24600.0,HMN
1997-08-26,16.33333396911621,16.33333396911621,16.33333396911621,16.33333396911621,11.523210525512695,600.0,HMNF
1997-08-26,2.625,2.6666667461395264,2.5416667461395264,2.6458332538604736,2.6458332538604736,300300.0,HMSY
1997-08-26,4.875,4.875,4.875,4.875,3.8537917137146,4500.0,HMY
1997-08-26,11.5625,12.0625,11.5625,12.0625,12.0625,27600.0,HNGR
1997-08-26,28.125,29.625,28.0,28.875,16.39229965209961,27000.0,HNI
1997-08-26,12.875,12.875,12.375,12.5,3.855959415435791,324000.0,HNP
1997-08-26,1.75,1.75,1.75,1.75,1.2842457294464111,0.0,HNRG
1997-08-26,14.109375,14.140625,14.0,14.03125,9.420071601867676,1157600.0,HOG
1997-08-26,6.0,6.15625,5.96875,6.125,6.125,1012400.0,HOLX
1997-08-26,40.57778930664063,40.845924377441406,40.339447021484375,40.339447021484375,24.07223892211914,865000.0,HON
1997-08-26,85.15625,85.9375,85.15625,85.15625,85.15625,400.0,HOV
1997-08-26,16.953125,17.15625,16.953125,17.125,7.343050003051758,398000.0,HP
1997-08-26,14.220026969909668,14.34775161743164,14.092302322387695,14.163260459899902,5.186406135559082,9862700.0,HPQ
1997-08-26,16.0625,16.125,16.0,16.0625,1.8415180444717407,12400.0,HQH
1997-08-26,12.9375,13.0625,12.9375,12.9375,1.5926904678344729,11700.0,HQL
1997-08-26,27.875,28.125,27.8125,28.0,5.628645896911621,29500.0,HR
1997-08-26,9.65625,9.921875,9.640625,9.84375,3.569117307662964,1760400.0,HRB
1997-08-26,24.38176155090332,24.44883728027344,23.81162452697754,23.9122371673584,14.013541221618652,59800.0,HRC
1997-08-26,3.609375,3.6796875,3.59375,3.625,0.8403934836387634,388000.0,HRL
1997-08-26,610.0,620.0,580.0,610.0,610.0,1000.0,HRTX
1997-08-26,22.5,22.53125,22.25,22.4375,12.698094367980955,111000.0,HSC
1997-08-26,7.058823585510254,7.058823585510254,6.911764621734619,7.034313678741455,7.034313678741455,511000.0,HSIC
1997-08-26,90.0,90.0,87.5,90.0,87.4616928100586,2400.0,HSKA
1997-08-26,19.21194267272949,19.456682205200195,19.21194267272949,19.395496368408203,7.746565818786621,421800.0,HST
1997-08-26,27.46875,27.8125,27.09375,27.1875,14.41289520263672,505400.0,HSY
1997-08-26,6.341556072235107,6.5318031311035165,6.087893962860107,6.087893962860107,4.3794779777526855,126400.0,HTLD
1997-08-26,46.4375,46.625,46.25,46.5,23.4116268157959,35600.0,HUBB
1997-08-26,8.5,8.5,8.5,8.5,8.5,0.0,HUBG
1997-08-26,24.3125,24.375,23.9375,24.125,22.26864051818848,301000.0,HUM
1997-08-26,7.875,8.5,7.75,8.25,7.637448310852051,124200.0,HURC
1997-08-26,6.5625,6.625,6.4375,6.625,4.306975364685059,12600.0,HVT
1997-08-26,15.666666984558105,15.833333015441895,15.666666984558105,15.833333015441895,8.798847198486328,22400.0,HWC
1997-08-26,8.5,8.5,8.5,8.5,4.830571174621582,0.0,HWKN
1997-08-26,27.125,27.3125,27.125,27.3125,26.018930435180664,44500.0,HXL
1997-08-26,26.5625,26.5625,26.25,26.25,2.50350284576416,23300.0,HYB
1997-08-26,7.9988365173339835,8.08973217010498,7.9988365173339835,8.013985633850098,7.431562900543213,125300.0,IAC
1997-08-26,8.5625,8.5625,8.4375,8.5,0.8435373306274414,31100.0,IAF
1997-08-26,4.0,4.25,3.875,4.0,4.0,55200.0,IART
1997-08-26,19.399999618530273,19.700000762939453,19.399999618530273,19.5,11.138854026794434,22500.0,IBKC
1997-08-26,51.6875,52.1875,51.53125,51.65625,32.83481216430664,5977000.0,IBM
1997-08-26,9.151208877563477,9.151208877563477,9.01775360107422,9.01775360107422,5.35713529586792,42000.0,IBOC
1997-08-26,8.75,9.0625,8.125,9.0625,9.0625,800.0,ICAD
1997-08-26,2.4375,2.4375,2.4375,2.4375,2.4375,100.0,ICCC
1997-08-26,58.125,58.125,54.375,56.875,56.875,58000.0,ICON
1997-08-26,5.625,5.708333492279053,5.625,5.625,5.625,60700.0,ICUI
1997-08-26,32.375,32.4375,32.25,32.25,13.067169189453125,36600.0,IDA
1997-08-26,5.5625,5.6875,5.5,5.5625,4.662149906158447,120100.0,IDCC
1997-08-26,980.0,1000.0,920.0,960.0,960.0,0.0,IDRA
1997-08-26,4.21875,4.78125,4.1875,4.71875,4.71875,4260800.0,IDXX
1997-08-26,18.375,18.75,18.125,18.75,18.75,67700.0,IEC
1997-08-26,10.636343002319336,10.818679809570312,10.636343002319336,10.697121620178224,4.893534183502197,31700.0,IEP
1997-08-26,14.472222328186035,14.472222328186035,14.36111068725586,14.416666984558105,8.490208625793457,65800.0,IEX
1997-08-26,52.9375,53.0625,52.0625,52.625,30.77224540710449,134800.0,IFF
1997-08-26,8.6875,8.9375,8.6875,8.9375,1.5363584756851196,96200.0,IFN
1997-08-26,4.765625,4.90625,4.734375,4.875,2.725838661193848,6474000.0,IGT
1997-08-26,7.638888835906982,7.8125,7.638888835906982,7.8125,6.862440586090088,4600.0,IHC
1997-08-26,5.0,5.0,4.875,4.875,3.931893110275269,200.0,IHT
1997-08-26,11.75,11.875,11.6875,11.875,2.0429856777191158,79900.0,IIF
1997-08-26,3.6875,3.6875,3.6875,3.6875,2.463253259658813,16400.0,IIIN
1997-08-26,13.125,13.1875,13.0625,13.0625,3.52686071395874,67900.0,IIM
1997-08-26,11.8125,12.0,11.75,11.9375,10.220783233642578,18300.0,IIN
1997-08-26,3.15625,3.3125,3.15625,3.21875,3.21875,146400.0,IIVI
1997-08-26,6.161616325378418,6.161616325378418,6.161616325378418,6.161616325378418,5.48451566696167,100.0,IKNX
1997-08-26,25.375,25.375,24.0,24.0,24.0,93700.0,IMAX
1997-08-26,43.75,45.0,43.125,43.75,43.75,3800.0,IMBI
1997-08-26,1.5,1.59375,1.4375,1.5,1.5,121300.0,IMGN
1997-08-26,173.75,174.1666717529297,171.6666717529297,172.5,54.38520812988281,4900.0,IMH
1997-08-26,13.25,13.375,13.0,13.1875,5.273362159729004,107900.0,IMKTA
1997-08-26,4.3125,4.5625,4.3125,4.5,4.5,40700.0,IMMU
1997-08-26,6.125,6.13194465637207,6.111111164093018,6.111111164093018,2.6037514209747314,323100.0,IMO
1997-08-26,16.0,16.0625,14.90625,15.0,15.0,154000.0,INCY
1997-08-26,12.875,13.25,12.875,13.0,7.37147045135498,22400.0,INDB
1997-08-26,22.875,23.28125,22.78125,23.125,10.37558364868164,99200.0,ING
1997-08-26,4.428800106048584,4.554880142211914,4.369919776916504,4.369919776916504,4.369919776916504,22546.0,INMD
1997-08-26,0.1875,0.21875,0.1875,0.21875,0.21875,20400.0,INOD
1997-08-26,5.25,5.25,5.0,5.0,4.2243685722351065,38700.0,INS
1997-08-26,19.8125,19.8125,19.75,19.8125,4.665158748626709,1200.0,INSI
1997-08-26,3.8333332538604736,3.875,3.8333332538604736,3.8541667461395264,2.0538244247436523,49600.0,INT
1997-08-26,23.375,23.5625,23.140625,23.171875,14.795306205749512,46042800.0,INTC
1997-08-26,12.407407760620115,12.407407760620115,12.407407760620115,12.407407760620115,12.407407760620115,0.0,INTG
1997-08-26,3.2400450706481934,3.2400450706481934,3.2400450706481934,3.2400450706481934,3.2400450706481934,500.0,INTL
1997-08-26,14.75,14.75,14.375,14.5,14.02066135406494,61200.0,INTT
1997-08-26,4.03125,4.041666507720946,3.9791667461395264,4.0,3.653386116027832,3414000.0,INTU
1997-08-26,315.0,315.0,312.1875,313.125,313.125,13400.0,IO
1997-08-26,15.375,15.8125,15.375,15.375,15.375,227500.0,IONS
1997-08-26,3.8333332538604736,3.8333332538604736,3.8333332538604736,3.8333332538604736,3.0109071731567383,300.0,IOR
1997-08-26,53.62425994873047,54.73372650146485,53.25443649291992,53.68589782714844,26.564979553222656,1086700.0,IP
1997-08-26,1.8888888359069824,1.9259259700775144,1.796296238899231,1.85185182094574,1.413461685180664,216600.0,IPAR
1997-08-26,23.8125,24.0625,23.59375,24.0,17.175407409667972,712800.0,IPG
1997-08-26,15.4375,15.5,15.375,15.375,3.544944524765014,46500.0,IQI
1997-08-26,16.623401641845707,16.68996238708496,16.473642349243164,16.540203094482422,8.98235034942627,876600.0,IR
1997-08-26,9.375,9.75,9.25,9.25,9.25,30100.0,IRIX
1997-08-26,16.75,16.875,16.75,16.8125,3.430360555648804,4200.0,IRL
1997-08-26,5.4311861991882315,5.476826190948486,5.38554573059082,5.38554573059082,2.754832029342652,199600.0,IRM
1997-08-26,39.13878631591797,39.13878631591797,39.13878631591797,39.13878631591797,22.53708839416504,700.0,IRS
1997-08-26,3.0,3.09375,2.9375,3.0,1.5574896335601809,14000.0,ISIG
1997-08-26,3.6458332538604736,3.6458332538604736,3.6458332538604736,3.6458332538604736,3.6458332538604736,100.0,ISNS
1997-08-26,27.5,27.625,25.0,25.5,24.03144645690918,1089900.0,IT
1997-08-26,14.625,14.625,14.125,14.375,5.77098560333252,31900.0,ITI
1997-08-26,17.5,17.5,17.5,17.5,13.359440803527832,1700.0,ITIC
1997-08-26,23.125,23.625,23.125,23.125,23.125,32800.0,ITRI
1997-08-26,5.0983500480651855,5.160524845123291,5.01545000076294,5.046537399291992,1.781201958656311,1139300.0,ITT
1997-08-26,24.3125,25.0,24.3125,24.78125,14.254522323608398,968600.0,ITW
1997-08-26,15.0,15.0,14.5625,15.0,15.0,20700.0,IVAC
1997-08-26,20.75,21.0,20.0,20.125,18.926671981811523,210700.0,IVC
1997-08-26,11.850000381469727,11.975000381469727,11.774999618530273,11.975000381469727,5.9576048851013175,46000.0,IVZ
1997-08-26,7.75,7.8125,7.5625,7.640625,7.4116668701171875,137200.0,J
1997-08-26,8.8125,9.25,8.8125,9.1875,8.333663940429688,403800.0,JACK
1997-08-26,6.416666507720947,6.416666507720947,6.25,6.416666507720947,6.097583770751952,159900.0,JAKK
1997-08-26,13.75,13.75,13.75,13.75,13.75,200.0,JAN
1997-08-26,4.1953125,4.234375,4.1875,4.1875,3.414091825485229,120000.0,JBHT
1997-08-26,13.8125,14.4375,13.625,14.25,11.307475090026855,3393600.0,JBL
1997-08-26,6.75,6.75,6.75,6.75,4.511791706085205,500.0,JBSS
1997-08-26,40.340576171875,40.92616653442383,40.210445404052734,40.47070693969727,13.811763763427734,1160800.0,JCI
1997-08-26,59.75,60.4375,58.6875,59.0,38.365943908691406,703900.0,JCP
1997-08-26,17.0,17.5,16.5,16.5,6.9138383865356445,26100.0,JCS
1997-08-26,0.4861111044883728,0.4861111044883728,0.4861111044883728,0.4861111044883728,0.4861111044883728,31200.0,JCTCF
1997-08-26,9.838906288146973,9.876893997192383,9.724942207336426,9.762929916381836,3.3888857364654537,40200.0,JEF
1997-08-26,9.0,9.1875,9.0,9.125,6.364877700805664,62400.0,JEQ
1997-08-26,20.6875,20.75,20.5625,20.5625,3.195672512054444,10500.0,JHI
1997-08-26,15.375,15.375,15.375,15.375,3.089076280593872,2300.0,JHS
1997-08-26,7.4375,7.6875,7.4375,7.4375,6.23607349395752,19000.0,JJSF
1997-08-26,6.625,6.625,6.25,6.4375,4.993731498718262,187200.0,JKHY
1997-08-26,28.1875,30.0,28.1875,29.875,27.206113815307614,73500.0,JLL
1997-08-26,9.1875,9.25,9.1875,9.25,1.7593368291854858,22700.0,JMM
1997-08-26,28.53125,28.96875,28.53125,28.59375,15.809285163879395,4302800.0,JNJ
1997-08-26,90.25032806396484,90.25032806396484,87.61528015136719,88.93280792236328,71.3527603149414,3000.0,JOB
1997-08-26,28.5,29.04166603088379,28.41666603088379,28.95833396911621,17.768592834472656,54600.0,JOE
1997-08-26,6.25,6.375,6.25,6.25,2.5503718852996826,30100.0,JOF
1997-08-26,14.0,14.0,14.0,14.0,12.86089038848877,3200.0,JOUT
1997-08-26,37.45833206176758,37.875,37.45833206176758,37.58333206176758,18.67547035217285,5397900.0,JPM
1997-08-26,14.90625,15.09375,14.625,14.640625,7.471977233886719,2211600.0,JWN
1997-08-26,46.375,46.625,45.625,46.5,23.7780818939209,692600.0,K
1997-08-26,57.5,58.75,57.5,57.5,52.45649337768555,3300.0,KAI
1997-08-26,16.125,16.375,16.125,16.125,9.353272438049316,30800.0,KAMN
1997-08-26,16.97892189025879,17.418033599853516,16.97892189025879,17.320453643798828,8.199419021606445,102400.0,KBAL
1997-08-26,10.1875,10.1875,9.9375,9.9375,6.82552433013916,95000.0,KBH
1997-08-26,32.25,33.125,32.25,32.9375,22.140666961669922,28900.0,KELYA
1997-08-26,31.25,31.25,31.25,31.25,21.11672019958496,0.0,KELYB
1997-08-26,42.0,42.375,40.6875,40.6875,40.25564193725586,122800.0,KEM
1997-08-26,17.125,17.25,16.875,17.0,11.69584846496582,155400.0,KEP
1997-08-26,8.5,8.5,8.125,8.125,4.2756452560424805,6700.0,KEQU
1997-08-26,9.5,9.59375,9.5,9.5,9.5,89000.0,KEX
1997-08-26,29.53125,29.9375,29.4375,29.6875,13.89333724975586,863400.0,KEY
1997-08-26,141.25,141.25,138.125,138.75,7.040454387664795,12400.0,KF
1997-08-26,18.5,18.5,17.875,17.875,14.472084999084473,56800.0,KFRC
1997-08-26,13.3125,13.3125,12.9375,13.125,12.521343231201172,5800.0,KGC
1997-08-26,11.1875,11.333333015441895,11.166666984558104,11.229166984558104,1.5408843755722046,40200.0,KIM
1997-08-26,0.2800000011920929,0.2800000011920929,0.2800000011920929,0.2800000011920929,0.2772834599018097,0.0,KIQ
1997-08-26,36.75,36.75,35.125,35.5625,20.00302124023437,4011000.0,KLAC
1997-08-26,25.1875,25.375,24.1875,24.5,23.47905158996582,2214400.0,KLIC
1997-08-26,47.938636779785156,48.05848693847656,47.75886917114258,47.938636779785156,23.317197799682614,1247800.0,KMB
1997-08-26,29.375,29.5,29.125,29.1875,11.807496070861815,126800.0,KMPR
1997-08-26,23.65625,23.71875,23.0,23.15625,12.301468849182127,96000.0,KMT
1997-08-26,6.59375,6.625,6.53125,6.59375,6.59375,99800.0,KMX
1997-08-26,3.390946388244629,3.390946388244629,3.390946388244629,3.390946388244629,2.937804698944092,26200.0,KNX
1997-08-26,29.84375,30.0,29.5,29.5,12.000876426696776,6479800.0,KO
1997-08-26,17.16666603088379,17.20833396911621,16.95833396911621,16.95833396911621,11.817549705505373,180900.0,KOF
1997-08-26,4.75,5.0625,4.6875,4.875,4.875,348400.0,KOPN
1997-08-26,2.5,2.75,2.5,2.75,1.5812348127365112,15600.0,KOSS
1997-08-26,7.515625,7.5625,7.421875,7.5,5.16472864151001,1832000.0,KR
1997-08-26,25.0,25.125,25.0,25.0625,8.859020233154297,99300.0,KRC
1997-08-26,12.8125,12.875,12.75,12.75,2.9185187816619877,8100.0,KSM
1997-08-26,16.390625,16.59375,16.359375,16.5,11.443413734436035,1016800.0,KSS
1997-08-26,51.25,51.33333206176758,50.25,50.29166793823242,23.14837074279785,90000.0,KSU
1997-08-26,4.75,5.0,4.625,5.0,5.0,16700.0,KTCC
1997-08-26,13.8125,13.875,13.8125,13.875,3.3387296199798584,13100.0,KTF
1997-08-26,7.5,7.75,7.5,7.625,7.625,15300.0,KVHI
1997-08-26,17.0,17.375,16.9375,16.9375,8.371892929077147,5100.0,KWR
1997-08-26,16.23958396911621,16.58333396911621,16.20833396911621,16.51041603088379,9.758068084716797,1083600.0,L
1997-08-26,10.5,11.0,10.5,11.0,8.371367454528809,7000.0,LAD
1997-08-26,3.671197414398194,3.756573915481568,3.500443935394287,3.756573915481568,3.756573915481568,16200.0,LAKE
1997-08-26,16.5,16.83333396911621,15.833333015441895,16.75,11.691186904907227,157600.0,LAMR
1997-08-26,33.66666793823242,33.66666793823242,33.125,33.66666793823242,17.485963821411133,45400.0,LANC
1997-08-26,9.9639253616333,10.192981719970703,9.9639253616333,10.078453063964844,3.384458303451538,21300.0,LARK
1997-08-26,26.0,26.375,25.375,25.375,18.04847717285156,19200.0,LAWS
1997-08-26,11.301050186157227,11.423887252807615,11.301050186157227,11.39317798614502,3.828849315643311,1310800.0,LB
1997-08-26,37.6875,39.375,37.6875,39.0,30.331096649169922,56200.0,LBY
1997-08-26,0.75,0.75,0.75,0.75,0.75,0.0,LCI
1997-08-26,6.3125,6.3125,6.25,6.3125,4.6652255058288565,2400.0,LCII
1997-08-26,9.333333015441896,9.333333015441896,8.916666984558105,9.0,8.526315689086914,46800.0,LCTX
1997-08-26,8.0,8.25,7.75,7.75,5.127335548400879,67600.0,LCUT
1997-08-26,24.3125,24.375,23.625,23.625,23.625,16900.0,LDL
1997-08-26,9.5,9.5625,9.5,9.5625,5.859004020690918,10400.0,LECO
1997-08-26,26.125,26.3125,26.0625,26.0625,18.688934326171875,25500.0,LEE
1997-08-26,22.25,22.5,22.03125,22.09375,10.322497367858887,409400.0,LEG
1997-08-26,17.975664138793945,18.037118911743164,17.944936752319336,18.006391525268555,5.257304191589356,52400.0,LEN
1997-08-26,10.5,10.5625,10.4375,10.4375,2.451709985733032,58700.0,LEO
1997-08-26,31.25,31.5,30.5,31.5,28.449451446533203,284600.0,LFUS
1997-08-26,47.599998474121094,47.599998474121094,47.599998474121094,47.599998474121094,47.599998474121094,0.0,LFVN
1997-08-26,56.063377380371094,56.063377380371094,55.4539909362793,55.4539909362793,22.309070587158203,300.0,LGL
1997-08-26,78.75,85.125,78.75,82.5,61.8543586730957,99800.0,LGND
1997-08-26,6.71875,6.71875,6.5625,6.71875,6.71875,53600.0,LH
1997-08-26,20.844650268554688,20.97751235961914,20.72654914855957,20.756074905395508,10.420493125915527,865700.0,LHX
1997-08-26,25.8125,25.84375,25.46875,25.5625,15.429104804992676,1145600.0,LIN
1997-08-26,7.541666507720947,7.541666507720947,7.541666507720947,7.541666507720947,4.178891181945802,0.0,LKFN
1997-08-26,53.625,54.0,52.25,52.375,26.93982124328613,2639000.0,LLY
1997-08-26,14.9375,14.96875,14.859375,14.859375,9.864031791687012,76800.0,LM
1997-08-26,53.125,53.40625,52.96875,53.34375,29.659587860107425,668400.0,LMT
1997-08-26,33.4375,33.9375,33.28125,33.90625,19.376131057739254,330600.0,LNC
1997-08-26,5.875,5.875,5.25,5.375,5.375,10800.0,LNDC
1997-08-26,6.760000228881836,7.0,6.760000228881836,6.880000114440918,6.880000114440918,84000.0,LNG
1997-08-26,25.25,26.0,25.25,25.33333396911621,20.598695755004886,16300.0,LNN
1997-08-26,13.75,13.84375,13.75,13.78125,4.757956504821777,48200.0,LNT
1997-08-26,2.3125,2.3125,2.3125,2.3125,1.7423306703567505,800.0,LOGI
1997-08-26,4.390625,4.390625,4.3359375,4.375,3.1828916072845463,5975200.0,LOW
1997-08-26,61.5,61.5,59.5,60.0,60.0,3700.0,LPTH
1997-08-26,22.1875,22.8125,22.1875,22.8125,16.863309860229492,301700.0,LPX
1997-08-26,20.95833396911621,21.54166603088379,20.33333396911621,20.48958396911621,18.585264205932614,4622700.0,LRCX
1997-08-26,16.75,17.21875,16.71875,16.75,16.75,1080000.0,LSCC
1997-08-26,29.875,30.25,29.75,30.25,8.057231903076174,67900.0,LSI
1997-08-26,3.453125,3.453125,3.375,3.375,2.982377529144287,130400.0,LSTR
1997-08-26,16.704545974731445,16.931818008422848,16.647727966308597,16.875,3.786803722381592,57600.0,LTC
1997-08-26,18.875,19.125,18.875,19.0625,15.755752563476562,29500.0,LUB
1997-08-26,5.703703880310059,5.753086566925049,5.641975402832031,5.641975402832031,5.11578369140625,1544400.0,LUV
1997-08-26,1.28125,1.28125,1.21875,1.28125,1.2664310932159424,14400.0,LWAY
1997-08-26,14.8125,15.0,14.625,15.0,2.5274603366851807,16500.0,LXP
1997-08-26,4.25,4.25,4.25,4.25,4.197150707244873,5100.0,LXU
1997-08-26,7.733333110809326,7.933333396911621,7.733333110809326,7.733333110809326,4.074789524078368,39500.0,LYTS
1997-08-26,11.583333015441895,11.583333015441895,11.458333015441895,11.458333015441895,7.578829288482666,59700.0,LZB
1997-08-26,21.0625,21.1875,20.75,21.0,12.516327857971193,1819800.0,M
1997-08-26,27.5,27.5,27.0625,27.0625,7.230578899383545,9800.0,MAA
1997-08-26,25.1723747253418,25.28811073303223,25.1723747253418,25.230243682861328,5.76402759552002,19700.0,MAC
1997-08-26,4.4885520935058585,4.4885520935058585,4.03969669342041,4.1519107818603525,3.6852312088012695,132900.0,MAGS
1997-08-26,45.25,46.0625,45.0,45.375,33.83602523803711,154800.0,MAN
1997-08-26,14.117690086364744,14.288909912109375,13.985989570617676,14.223039627075195,11.447782516479492,409800.0,MAR
1997-08-26,17.75,17.75,17.125,17.375,2.107016563415528,1100.0,MARPS
1997-08-26,19.634225845336914,19.82645034790039,19.57930564880371,19.66168785095215,10.953313827514648,722800.0,MAS
1997-08-26,34.25,34.375,34.0,34.0625,17.783430099487305,588600.0,MAT
1997-08-26,9.6875,10.125,9.6875,9.75,7.988048553466798,4400.0,MATW
1997-08-26,12.646812438964846,12.826624870300293,12.646812438964846,12.646812438964846,3.9292609691619873,68600.0,MATX
1997-08-26,8.875,8.875,8.875,8.875,8.875,0.0,MAYS
1997-08-26,38.91666793823242,38.97916793823242,38.02083206176758,38.52083206176758,32.41332626342773,273600.0,MBI
1997-08-26,87075.0,91125.0,85050.0,85050.0,85050.0,0.0,MBOT
1997-08-26,14.875,15.0,14.875,15.0,3.98314380645752,10900.0,MCA
1997-08-26,24.375,24.5625,24.15625,24.25,14.25127124786377,3824200.0,MCD
1997-08-26,1.03125,1.03125,0.40625,0.40625,0.383295476436615,2700.0,MCF
1997-08-26,12.05555534362793,12.185185432434082,11.925926208496096,12.0,7.295201301574707,1131900.0,MCHP
1997-08-26,10.25,10.3125,10.25,10.28125,1.5635044574737549,6800.0,MCI
1997-08-26,44.71875,44.9375,44.65625,44.875,37.28693389892578,168000.0,MCK
1997-08-26,10.3125,10.5625,10.3125,10.4375,6.7676939964294425,580200.0,MCO
1997-08-26,9.625,9.6875,9.5625,9.625,1.6877498626708984,69700.0,MCR
1997-08-26,2.625,2.625,2.625,2.625,2.625,400.0,MCRI
1997-08-26,16.83333396911621,16.91666603088379,16.58333396911621,16.58333396911621,7.511359691619872,36900.0,MCS
1997-08-26,44.25,44.25,43.875,43.875,16.805675506591793,4400.0,MCY
1997-08-26,10.75,10.796875,10.6875,10.6875,10.6875,237200.0,MD
1997-08-26,4.955982685089111,5.077601909637451,4.925577640533447,5.047196865081787,2.6824426651000977,169100.0,MDC
1997-08-26,4.333333492279054,4.333333492279054,4.25,4.333333492279054,3.2379033565521236,2200.0,MDCA
1997-08-26,29.9375,30.0,29.75,30.0,16.364362716674805,35100.0,MDP
1997-08-26,22.34375,22.546875,22.125,22.515625,16.108552932739258,1764000.0,MDT
1997-08-26,7.129629611968994,7.185184955596924,7.129629611968994,7.185184955596924,2.535086870193481,44100.0,MDU
1997-08-26,2.25,2.25,2.0625,2.0625,1.811362862586975,22200.0,MED
1997-08-26,7.998525142669678,8.2791748046875,7.81142520904541,7.81142520904541,4.886159420013428,358300.0,MEI
1997-08-26,11.5,11.5625,11.4375,11.5625,2.8561093807220463,68900.0,MEN
1997-08-26,8.5625,8.671875,8.5625,8.671875,5.2034645080566415,12900.0,MEOH
1997-08-26,10.5,10.625,10.375,10.375,8.209939956665039,32100.0,MERC
1997-08-26,19.25,19.25,19.0,19.25,5.551520824432373,6600.0,MFIN
1997-08-26,9.625,9.75,9.625,9.75,2.274230718612671,29600.0,MFM
1997-08-26,14.8125,14.8125,14.5625,14.5625,3.698930263519287,5600.0,MFT
1997-08-26,18.625,18.875,18.4375,18.4375,1.8638677597045896,6700.0,MFV
1997-08-26,16.625,16.6875,16.5,16.53125,3.744121551513672,1002400.0,MGA
1997-08-26,13.583333015441895,13.583333015441895,13.416666984558105,13.458333015441895,5.45827054977417,28300.0,MGEE
1997-08-26,6.6875,6.75,6.6875,6.6875,1.4062256813049316,148900.0,MGF
1997-08-26,1.625,1.625,1.5416666269302368,1.5625,0.683425784111023,17400.0,MGIC
1997-08-26,9.015625,9.125,9.015625,9.109375,8.42264461517334,1289600.0,MGM
1997-08-26,6.875,7.375,6.625,7.0,5.588202953338623,36600.0,MGPI
1997-08-26,10.4375,10.75,10.25,10.625,5.5553388595581055,103200.0,MGRC
1997-08-26,15.1875,15.3125,15.1875,15.25,3.407099485397339,13600.0,MHD
1997-08-26,13.375,13.375,13.25,13.25,3.857304334640503,500.0,MHE
1997-08-26,9.4375,9.5,9.375,9.5,2.636938095092773,20200.0,MHF
1997-08-26,17.33333396911621,17.83333396911621,17.0,17.08333396911621,17.08333396911621,154500.0,MHK
1997-08-26,6.875,6.875,6.8125,6.8125,6.413316249847412,18800.0,MHO
1997-08-26,2.0,2.0,2.0,2.0,1.8400286436080933,0.0,MICR
1997-08-26,1.5625,1.5625,1.5,1.5625,1.51430344581604,72600.0,MIDD
1997-08-26,7.0625,7.125,7.0,7.125,1.2262263298034668,254700.0,MIN
1997-08-26,16.0,16.625,16.0,16.5,16.5,146400.0,MIND
1997-08-26,2.375,2.375,2.28125,2.28125,1.9320356845855715,8400.0,MINI
1997-08-26,1.0,1.0,1.0,1.0,1.0,2500.0,MITK
1997-08-26,14.3125,14.375,14.25,14.375,3.7005586624145512,20500.0,MIY
1997-08-26,11.75,11.875,11.625,11.65625,6.500059604644775,562600.0,MKC
1997-08-26,143.5,144.25,143.25,143.5,143.5,4100.0,MKL
1997-08-26,5.5,5.5,5.5,5.5,4.242586612701416,300.0,MLAB
1997-08-26,25.125,25.625,25.125,25.53125,19.289899826049805,109000.0,MLHR
1997-08-26,10.84375,10.9375,10.828125,10.90625,4.546116352081299,262000.0,MLI
1997-08-26,34.75,35.75,34.6875,35.375,25.91413497924805,68500.0,MLM
1997-08-26,10.125,10.125,10.0,10.0,9.72987461090088,4000.0,MLP
1997-08-26,75.0,75.3125,74.375,74.375,56.17019653320313,31800.0,MLR
1997-08-26,21.0,21.0,19.875,20.25,20.25,10000.0,MLSS
1997-08-26,97.5,97.5,95.625,95.625,41.78766250610352,1600.0,MMAC
1997-08-26,23.375,23.54166603088379,23.25,23.25,11.505961418151855,1149800.0,MMC
1997-08-26,46.125,46.3125,45.78125,45.875,22.861045837402344,1507600.0,MMM
1997-08-26,5.5625,5.75,5.5625,5.734375,4.03071928024292,70800.0,MMS
1997-08-26,1.9259999990463257,1.944000005722046,1.9259999990463257,1.9259999990463257,1.9259999990463257,9000.0,MMSI
1997-08-26,7.0625,7.125,7.0625,7.125,1.2062798738479614,137500.0,MMT
1997-08-26,11.75,11.8125,11.6875,11.75,3.2258918285369877,32000.0,MMU
1997-08-26,13.0625,13.0625,12.875,12.875,3.5952765941619877,9100.0,MNP
1997-08-26,6.3125,6.3125,6.25,6.25,1.2407307624816897,2000.0,MNR
1997-08-26,4.867724895477295,4.867724895477295,4.726631164550781,4.867724895477295,4.166106700897217,600.0,MNRO
1997-08-26,0.02734375,0.02734375,0.02734375,0.02734375,0.02734375,0.0,MNST
1997-08-26,44.4375,45.75,44.375,45.25,3.149266004562378,5183300.0,MO
1997-08-26,31.125,31.25,30.875,30.875,21.25589179992676,73800.0,MOD
1997-08-26,36.0,37.25,35.875,37.0,28.13741111755371,839900.0,MOS
1997-08-26,9.270833015441896,9.666666984558104,9.25,9.25,6.8292598724365225,24800.0,MOV
1997-08-26,15.0,15.0,15.0,15.0,4.818772315979004,3000.0,MPA
1997-08-26,17.375,18.0,17.25,18.0,18.0,33500.0,MPAA
1997-08-26,10.5625,10.5625,10.5625,10.5625,1.4847257137298584,1700.0,MPV
1997-08-26,14.1875,14.25,14.125,14.25,3.451382160186768,55600.0,MQT
1997-08-26,14.0,14.0625,14.0,14.0,3.608632802963257,40100.0,MQY
1997-08-26,46.6875,47.09375,45.8125,45.8125,20.1450252532959,4614600.0,MRK
1997-08-26,9.71176528930664,9.879530906677246,9.71176528930664,9.842249870300293,2.6558117866516118,2809000.0,MRO
1997-08-26,1.4913580417633057,1.4913580417633057,1.4913580417633057,1.4913580417633057,1.318943738937378,2100.0,MRTN
1997-08-26,25.0,25.46875,24.90625,25.09375,13.842591285705565,1600000.0,MS
1997-08-26,6.833333492279053,6.958333492279053,6.833333492279053,6.958333492279053,2.1511688232421875,29700.0,MSA
1997-08-26,3.9375,3.9375,3.9375,3.9375,0.4718893170356751,1400.0,MSB
1997-08-26,15.25,15.375,15.25,15.25,1.824694275856018,50500.0,MSD
1997-08-26,9.125,9.5,9.125,9.125,4.0081753730773935,4000.0,MSEX
1997-08-26,17.0,17.109375,16.84375,16.875,10.82708740234375,34327200.0,MSFT
1997-08-26,95.27498626708984,95.72724151611328,93.23983764648438,93.54134368896484,75.06813049316406,2018100.0,MSI
1997-08-26,21.03125,21.03125,20.84375,20.84375,14.16373062133789,23600.0,MSM
1997-08-26,0.5,0.5,0.4375,0.5,0.14892426133155826,92500.0,MSN
1997-08-26,9.0,9.583333015441896,8.916666984558105,9.416666984558104,9.416666984558104,195300.0,MSON
1997-08-26,76.5,77.25,76.125,76.875,56.64341735839844,51000.0,MT
1997-08-26,36.20000076293945,36.20000076293945,36.0,36.0,16.367767333984375,18000.0,MTB
1997-08-26,50.75,51.375,50.3125,50.8125,47.14035415649414,259400.0,MTG
1997-08-26,2.90625,2.9375,2.890625,2.90625,2.9027624130249023,14400.0,MTH
1997-08-26,25.25,25.5,25.0,25.3125,20.741046905517575,60100.0,MTN
1997-08-26,44.375,44.4375,44.375,44.375,6.1542930603027335,1700.0,MTR
1997-08-26,24.375,24.6875,24.375,24.5625,20.354341506958008,26400.0,MTRN
1997-08-26,3.578125,3.84375,3.5625,3.8125,3.8125,104200.0,MTRX
1997-08-26,15.875,15.875,15.875,15.875,10.023242950439453,7000.0,MTSC
1997-08-26,15.0,16.0,15.0,15.25,15.25,4100.0,MTSL
1997-08-26,5.548208236694336,5.5576438903808585,5.434979438781738,5.453851222991943,4.461380958557129,176100.0,MTW
1997-08-26,20.15625,20.1875,20.03125,20.03125,17.803861618041992,13000.0,MTX
1997-08-26,29.20833396911621,29.33333396911621,28.75,28.75,28.75,100300.0,MTZ
1997-08-26,22.875,23.59375,22.6875,22.875,22.875,6508600.0,MU
1997-08-26,13.8125,13.875,13.8125,13.8125,3.600764513015747,15700.0,MUA
1997-08-26,11.428648948669435,11.482621192932127,11.307210922241213,11.320703506469727,3.830298185348511,396000.0,MUR
1997-08-26,0.9380000233650208,0.9380000233650208,0.906000018119812,0.9380000233650208,0.9164697527885436,500.0,MUX
1997-08-26,9.3125,9.4375,9.25,9.4375,2.2378058433532715,80600.0,MVF
1997-08-26,104.0,115.0,93.0,97.0,97.0,129500.0,MVIS
1997-08-26,13.625,13.75,13.625,13.625,3.16711950302124,26600.0,MVT
1997-08-26,5.0,5.0,5.0,5.0,5.0,0.0,MXC
1997-08-26,13.6875,13.6875,13.4375,13.5,1.6852686405181885,38300.0,MXE
1997-08-26,21.5,21.625,21.25,21.375,3.2590949535369877,121700.0,MXF
1997-08-26,17.75,17.7890625,17.65625,17.6875,10.55392837524414,1518400.0,MXIM
1997-08-26,15.625,15.75,15.5625,15.75,3.925063371658325,27500.0,MYC
1997-08-26,15.6875,15.8125,15.6875,15.75,3.540541648864746,43200.0,MYD
1997-08-26,8.674270629882812,8.810873985290527,8.537668228149414,8.537668228149414,4.850964069366455,19500.0,MYE
1997-08-26,14.875,15.0,14.875,14.875,3.5975649356842037,7700.0,MYF
1997-08-26,5.96875,6.015625,5.90625,5.96875,5.412639617919922,983200.0,MYGN
1997-08-26,14.75,14.875,14.75,14.875,3.7907192707061768,67200.0,MYI
1997-08-26,15.25,15.5,15.25,15.5,4.073208808898927,17700.0,MYJ
1997-08-26,9.166666984558104,9.25,8.94444465637207,8.94444465637207,8.314172744750978,1260400.0,MYL
1997-08-26,15.8125,15.8125,15.6875,15.75,4.132503032684326,14800.0,MYN
1997-08-26,12.75,12.8125,12.625,12.75,3.593501329421997,10700.0,MZA
1997-08-26,8.125,8.75,8.125,8.5,8.5,5200.0,NAII
1997-08-26,3.4375,3.4375,3.4375,3.4375,2.0637338161468506,1800.0,NATH
1997-08-26,7.9012346267700195,7.9012346267700195,7.777777671813965,7.777777671813965,5.79962968826294,116200.0,NATI
1997-08-26,25.0,25.4375,24.5625,24.75,24.74226188659668,535200.0,NAV
1997-08-26,212.5,260.0,212.5,257.5,257.5,49100.0,NAVB
1997-08-26,15.375,15.5,15.375,15.5,4.806946754455566,3900.0,NAZ
1997-08-26,8.75,8.75,8.375,8.625,8.625,65700.0,NBIX
1997-08-26,11.09375,11.296875,11.046875,11.21875,9.138105392456056,786000.0,NBL
1997-08-26,9.75,9.75,9.75,9.75,6.250786304473878,0.0,NBN
1997-08-26,16.4375,17.75,16.34375,17.5,14.600123405456545,1343400.0,NBR
1997-08-26,15.549077033996582,16.034984588623047,15.549077033996582,15.792031288146973,7.03097677230835,23700.0,NBTB
1997-08-26,6.018391609191895,6.144847869873048,6.018391609191895,6.1261138916015625,0.04626453295350075,983000.0,NC
1997-08-26,10.1875,10.25,10.125,10.25,3.28554916381836,23300.0,NCA
1997-08-26,17.09375,17.5,17.0625,17.375,8.275802612304688,1043600.0,NCR
1997-08-26,14.75,14.75,14.5,14.5,10.270886421203613,44800.0,NDSN
1997-08-26,11.199737548828123,12.237762451171875,11.1724214553833,12.237762451171875,9.347956657409668,3005700.0,NE
1997-08-26,23.5625,23.75,23.375,23.71875,7.9637203216552725,601400.0,NEE
1997-08-26,42.75,43.0,42.4375,42.78125,32.831844329833984,464100.0,NEM
1997-08-26,3.3333332538604736,3.3333332538604736,3.3333332538604736,3.3333332538604736,0.2603438198566437,0.0,NEN
1997-08-26,1.8671334981918333,2.1783223152160645,1.7893362045288086,2.0227279663085938,2.0227279663085938,1517200.0,NEOG
1997-08-26,18281.25,18593.75,17500.0,18281.25,18281.25,0.0,NEON
1997-08-26,74.4000015258789,84.0,74.4000015258789,84.0,84.0,216.0,NET
1997-08-26,44.0625,45.0,43.75,45.0,35.48843002319336,94100.0,NEU
1997-08-26,21.9375,22.1875,21.90625,22.09375,8.812627792358398,190800.0,NFG
1997-08-26,51.625,52.0,51.375,51.375,23.215023040771484,4200.0,NHC
1997-08-26,39.125,39.625,38.9375,39.625,8.509181022644043,22600.0,NHI
1997-08-26,55.0,55.0,55.0,55.0,55.0,2400.0,NHLD
1997-08-26,1500.0,1625.0,1375.0,1375.0,975.1839599609376,0.0,NHTC
1997-08-26,8.140962600708008,8.140962600708008,8.079567909240723,8.079567909240723,0.8192048072814941,144000.0,NI
1997-08-26,20.5,20.6875,20.0625,20.5,19.42904281616211,712400.0,NICE
1997-08-26,11.0,11.125,11.0,11.0,4.1226444244384775,29300.0,NIM
1997-08-26,7.013888835906982,7.05555534362793,6.986111164093018,6.986111164093018,0.7936698794364929,57600.0,NJR
1997-08-26,6.9140625,6.984375,6.8359375,6.8671875,1.6891874074935913,16036800.0,NKE
1997-08-26,10.9375,11.0,10.5,10.8125,10.8125,68400.0,NKTR
1997-08-26,12.875,13.0,12.875,12.9375,2.75691556930542,29400.0,NL
1997-08-26,12.5,12.5625,12.4375,12.5,3.939154863357544,8700.0,NMI
1997-08-26,13.880000114440918,13.880000114440918,13.880000114440918,13.880000114440918,9.092509269714355,0.0,NMR
1997-08-26,14.9375,14.9375,14.5625,14.5625,4.534275531768799,8400.0,NMT
1997-08-26,14.0625,14.0625,14.0625,14.0625,4.3696556091308585,1500.0,NMY
1997-08-26,12.75,12.75,12.25,12.25,7.512581348419189,25600.0,NNBR
1997-08-26,15.75,15.9375,15.625,15.9375,3.583869218826294,29200.0,NNN
1997-08-26,10.4375,10.4375,10.3125,10.375,3.5586156845092773,15900.0,NNY
1997-08-26,53.7017822265625,53.98412322998047,53.447669982910156,53.87118911743164,27.49822998046875,510400.0,NOC
1997-08-26,4.9453125,5.0,4.8515625,4.890625,2.1065998077392583,10649600.0,NOK
1997-08-26,13.875,13.875,13.875,13.875,4.570983409881592,0.0,NOM
1997-08-26,12.807146072387695,12.83532428741455,12.525361061096193,12.79305648803711,11.022453308105467,454200.0,NOV
1997-08-26,39.0,39.4375,39.0,39.25,10.311063766479492,10900.0,NPK
1997-08-26,15.125,15.125,15.0,15.0625,4.780662059783936,2300.0,NPV
1997-08-26,16.625,16.75,16.625,16.625,4.3919715881347665,12400.0,NQP
1997-08-26,17.0,17.25,16.78125,17.125,17.125,77800.0,NR
1997-08-26,7.835261821746826,8.102373123168945,7.835261821746826,7.924298763275146,4.587552070617676,4800.0,NRIM
1997-08-26,16.0625,16.25,16.0625,16.0625,2.055016040802002,2800.0,NRT
1997-08-26,34.33333206176758,34.54166793823242,33.35416793823242,33.85416793823242,20.294612884521484,575700.0,NSC
1997-08-26,12.291666984558105,12.291666984558105,12.291666984558105,12.291666984558105,4.716005325317383,0.0,NSEC
1997-08-26,8.395061492919924,8.839506149291992,8.395061492919924,8.703703880310059,8.703703880310059,531400.0,NSIT
1997-08-26,5.15625,5.21875,5.125,5.21875,2.9404025077819824,178000.0,NSP
1997-08-26,0.8101851940155029,0.8101851940155029,0.8101851940155029,0.8101851940155029,0.8101851940155029,0.0,NSSC
1997-08-26,4.875,5.125,4.875,5.0625,5.0625,7200.0,NSYS
1997-08-26,2.8203125,2.9375,2.8203125,2.921875,2.5289018154144287,1632000.0,NTAP
1997-08-26,5.9375,5.9375,5.875,5.875,3.9696080684661865,3600.0,NTIC
1997-08-26,112.5,118.75,106.25,109.375,109.375,2300.0,NTN
1997-08-26,7.803030490875244,8.257575988769531,7.765151500701903,8.068181991577147,3.3867170810699463,584700.0,NTP
1997-08-26,25.75,25.9375,25.1875,25.1875,16.547418594360348,970000.0,NTRS
1997-08-26,136.25,136.25,136.25,136.25,101.62447357177734,100.0,NTZ
1997-08-26,3.1385281085968018,3.300865888595581,3.0303030014038086,3.1385281085968018,3.1385281085968018,153400.0,NUAN
1997-08-26,14.34375,14.484375,14.171875,14.4375,6.0662150382995605,1402800.0,NUE
1997-08-26,16.6875,16.875,16.625,16.875,4.499125003814697,3800.0,NUM
1997-08-26,17.375,17.5,17.375,17.375,5.088407039642334,7700.0,NUO
1997-08-26,24.0,24.75,24.0,24.75,15.482312202453613,28600.0,NUS
1997-08-26,9.75,9.8125,9.6875,9.75,3.080956220626831,218900.0,NUV
1997-08-26,96.25,97.5,95.0,95.0,95.0,300.0,NVAX
1997-08-26,59.375,68.75,59.375,68.75,50.3754768371582,1400.0,NVEC
1997-08-26,2.0425000190734863,2.065000057220459,2.039999961853028,2.0574998855590816,0.10800593346357346,120000.0,NVO
1997-08-26,19.875,19.875,19.875,19.875,19.875,15400.0,NVR
1997-08-26,32.783096313476555,32.98611068725586,32.48207855224609,32.783096313476555,15.560182571411133,445500.0,NVS
1997-08-26,4.777777671813965,4.777777671813965,4.6111111640930185,4.6111111640930185,2.075457096099853,30100.0,NWBI
1997-08-26,39.75,40.5,39.625,40.0,20.52130889892578,286200.0,NWL
1997-08-26,88.0,90.0,88.0,90.0,87.56336975097656,1500.0,NWLI
1997-08-26,24.5,24.75,24.25,24.5,9.949180603027344,81300.0,NWN
1997-08-26,23.75,24.0,23.0,23.75,23.75,4400.0,NWPX
1997-08-26,14.94444465637207,16.0,14.94444465637207,15.38888931274414,2.379225730895996,447400.0,NX
1997-08-26,14.375,14.375,14.3125,14.3125,4.627970218658447,1300.0,NXC
1997-08-26,0.8125,0.8125,0.8125,0.8125,0.5689846873283386,31200.0,NXGN
1997-08-26,14.6875,14.6875,14.625,14.6875,5.029467582702637,2700.0,NXN
1997-08-26,14.9375,14.9375,14.875,14.9375,4.811479091644287,13200.0,NXP
1997-08-26,14.6875,14.75,14.625,14.6875,4.837131977081299,13600.0,NXQ
1997-08-26,13.9375,14.0,13.875,14.0,4.717949390411377,16800.0,NXR
1997-08-26,5.777777671813965,5.777777671813965,5.708333492279053,5.715277671813965,1.1281156539916992,103000.0,NYCB
1997-08-26,23.65625,24.125,23.5625,23.90625,17.569374084472653,355800.0,NYT
1997-08-26,13.625,13.625,13.5,13.59375,1.9471800327301023,45600.0,O
1997-08-26,1.5692640542984009,1.5692640542984009,1.5692640542984009,1.5692640542984009,1.4417202472686768,0.0,OBCI
1997-08-26,82.66666412353516,82.66666412353516,78.66666412353516,81.33333587646484,74.45767974853516,4000.0,OCC
1997-08-26,11.041666984558104,11.291666984558105,11.041666984558104,11.291666984558105,5.140783786773682,32700.0,OCFC
1997-08-26,12.951807022094727,12.989458084106445,12.801204681396484,12.801204681396484,8.79481029510498,41500.0,OCN
1997-08-26,14.0,14.0,14.0,14.0,6.55475378036499,600.0,ODC
1997-08-26,1.4046639204025269,1.4705075025558472,1.4046639204025269,1.4046639204025269,1.3842716217041016,11000.0,ODFL
1997-08-26,12.083333015441895,12.375,12.0,12.291666984558105,10.718262672424316,2041800.0,ODP
1997-08-26,5.375,5.375,5.375,5.375,1.6890096664428709,3000.0,OFC
1997-08-26,12.23891830444336,12.23891830444336,12.126220703125,12.126220703125,6.1747803688049325,15400.0,OFG
1997-08-26,10.5,10.75,10.5,10.5,10.5,15200.0,OFIX
1997-08-26,11.078125,11.125,11.078125,11.109375,1.7296346426010132,120800.0,OGE
1997-08-26,32.5625,32.875,32.5,32.5625,6.6818790435791025,67400.0,OHI
1997-08-26,35.0,35.5,34.4375,34.4375,33.751724243164055,400700.0,OI
1997-08-26,8.9375,8.9375,8.875,8.875,2.1449975967407227,13700.0,OIA
1997-08-26,5.140625,5.15625,5.015625,5.15625,4.558032512664795,1026000.0,OII
1997-08-26,6.990347385406494,7.181863784790039,6.976667881011963,7.099785327911378,1.0067071914672852,129200.0,OKE
1997-08-26,5.0625,5.0625,4.75,5.0,4.967475891113281,20800.0,OLED
1997-08-26,28.095237731933594,28.452381134033203,28.095237731933594,28.373016357421875,10.998523712158203,313400.0,OLN
1997-08-26,13.625,13.625,13.625,13.625,2.171780824661255,0.0,OLP
1997-08-26,16.96875,17.046875,16.84375,16.859375,9.75926685333252,318000.0,OMC
1997-08-26,9.125,9.5,9.125,9.416666984558104,4.9652743339538565,78100.0,OMI
1997-08-26,19.74114799499512,19.74114799499512,19.74114799499512,19.74114799499512,9.28750705718994,100.0,ONB
1997-08-26,52.0,53.0,45.0,50.0,50.0,35200.0,OPCH
1997-08-26,3.875,3.875,3.5625,3.875,3.875,27200.0,OPK
1997-08-26,19.0,19.0,18.9375,18.9375,12.509571075439453,7600.0,OPY
1997-08-26,6.604166507720947,6.625,6.40625,6.4375,5.605132579803467,50060800.0,ORCL
1997-08-26,12.711111068725586,12.88888931274414,12.711111068725586,12.755555152893065,3.8728458881378174,449600.0,ORI
1997-08-26,5.1875,5.40625,5.1875,5.40625,5.40625,144800.0,ORLY
1997-08-26,9.1640625,9.1640625,9.1640625,9.1640625,6.948646545410156,0.0,OSBC
1997-08-26,2.5625,2.5625,2.4791667461395264,2.5208332538604736,1.4671454429626465,11200.0,OSK
1997-08-26,5.625,7.125,5.5,7.0,5.370908737182617,220600.0,OSUR
1997-08-26,1.28125,1.28125,1.25,1.28125,1.138400316238403,326400.0,OTEX
1997-08-26,15.875,16.1875,15.875,16.0625,6.1606879234313965,13800.0,OTTR
1997-08-26,15.573333740234375,15.573333740234375,15.573333740234375,15.573333740234375,7.209929943084718,0.0,OVBC
1997-08-26,14.75,15.125,14.75,14.96875,7.250717639923097,29200.0,OXM
1997-08-26,11.37697982788086,11.37697982788086,11.227282524108887,11.317100524902346,3.711458921432495,1671000.0,OXY
1997-08-26,1.125,1.125,1.109375,1.1171875,0.6767776608467102,36800.0,OZK
1997-08-26,6.875,6.875,6.625,6.875,5.802582263946532,10700.0,PAAS
1997-08-26,11.1875,11.625,11.1875,11.59375,8.232636451721191,29000.0,PAG
1997-08-26,15.3125,15.5,15.3125,15.4375,3.4752326011657715,5300.0,PAI
1997-08-26,6.125,6.125,6.083333492279053,6.083333492279053,6.083333492279053,6300.0,PAR
1997-08-26,6.611111164093018,6.888888835906982,6.611111164093018,6.777777671813965,6.035968780517577,35200.0,PATK
1997-08-26,9.962963104248047,10.11111068725586,9.88888931274414,9.962963104248047,5.545508861541748,1048500.0,PAYX
1997-08-26,5.899470806121826,5.952381134033202,5.873015880584718,5.899470806121826,2.28373384475708,495100.0,PBCT
1997-08-26,6.780004024505615,6.881197929382324,6.324630737304688,6.881197929382324,4.1742029190063485,32700.0,PBHC
1997-08-26,38.40625,39.0625,38.40625,38.9375,14.094476699829102,362000.0,PBI
1997-08-26,5.0,5.0,5.0,5.0,0.7552748918533325,25200.0,PBT
1997-08-26,9.432098388671877,9.629630088806152,9.432098388671877,9.604938507080078,4.3556342124938965,619600.0,PCAR
1997-08-26,10.625,10.625,10.5,10.625,2.010675430297852,11300.0,PCF
1997-08-26,23.4375,23.5,23.3125,23.5,12.440302848815918,821000.0,PCG
1997-08-26,39.82388305664063,40.78606796264648,39.77042770385742,40.091156005859375,9.978617668151855,60700.0,PCH
1997-08-26,13.8125,13.875,13.75,13.875,1.454701542854309,21100.0,PCM
1997-08-26,2.299999952316284,2.299999952316284,2.299999952316284,2.299999952316284,2.299999952316284,0.0,PCYO
1997-08-26,6.1875,6.375,6.0,6.375,6.375,26800.0,PDCE
1997-08-26,5.708333492279053,5.833333492279053,5.708333492279053,5.708333492279053,4.444533348083496,73200.0,PDCO
1997-08-26,5.8125,6.0,5.8125,6.0,6.0,5300.0,PDEX
1997-08-26,8.34375,8.34375,7.96875,8.234375,1.511190414428711,308000.0,PDLI
1997-08-26,12.875,13.09375,12.875,12.875,4.807778835296631,388400.0,PDS
1997-08-26,10.875,11.0,10.875,10.875,1.830464482307434,14200.0,PDT
1997-08-26,16.791894912719727,16.905736923217773,16.706512451171875,16.877277374267578,1.8477849960327148,37300.0,PEAK
1997-08-26,9.713969230651855,9.713969230651855,9.713969230651855,9.713969230651855,4.553108215332031,0.0,PEBK
1997-08-26,14.488163948059082,15.17807674407959,14.488163948059082,15.17807674407959,7.534840583801269,7900.0,PEBO
1997-08-26,12.5,12.65625,12.4375,12.53125,2.6644978523254395,1075600.0,PEG
1997-08-26,14.25,14.625,14.0,14.25,13.19423007965088,512000.0,PEGA
1997-08-26,26.125,26.25,25.5,25.5,4.277956485748291,12100.0,PEI
1997-08-26,0.9962129592895508,0.9962129592895508,0.946755588054657,0.9679515957832336,0.9003872871398926,458200.0,PENN
1997-08-26,24.83333396911621,25.29166603088379,24.75,25.29166603088379,5.7109947204589835,18300.0,PEO
1997-08-26,36.0625,36.8125,35.9375,36.6875,19.866554260253906,3061500.0,PEP
1997-08-26,10.3125,10.625,10.0,10.15625,10.15625,15600.0,PESI
1997-08-26,15.406718254089355,15.406718254089355,15.123159408569336,15.123159408569336,7.504773139953612,6200.0,PFBI
1997-08-26,15.3125,15.3125,15.1875,15.1875,2.439709424972534,15200.0,PFD
1997-08-26,18.375,18.45833396911621,17.91666603088379,17.95833396911621,8.704521179199219,11472300.0,PFE
1997-08-26,5.75,6.3125,5.75,6.25,5.387556076049805,35900.0,PFIN
1997-08-26,12.375,12.375,12.25,12.375,1.8425302505493164,42200.0,PFO
1997-08-26,33.75,34.75,33.75,34.25,17.21968650817871,6567200.0,PG
1997-08-26,8.463541984558105,8.479166984558105,8.28125,8.296875,4.630972385406494,1160400.0,PGR
1997-08-26,29.27777862548828,29.27777862548828,28.69444465637207,28.97222137451172,18.400537490844727,440100.0,PH
1997-08-26,18.3125,18.40625,18.234375,18.34375,10.260465621948242,1934400.0,PHG
1997-08-26,28.375,28.625,27.5625,27.625,12.200446128845215,176400.0,PHI
1997-08-26,4.6875,4.7265625,4.6484375,4.6484375,3.4757871627807617,376800.0,PHM
1997-08-26,1.0625,1.0625,1.0625,1.0625,0.09832495450973512,0.0,PHX
1997-08-26,28.4375,28.75,27.5,27.96875,20.17801284790039,20300.0,PICO
1997-08-26,7.1875,7.25,7.15625,7.25,2.1949450969696045,192400.0,PII
1997-08-26,8.0,8.0625,8.0,8.0625,1.2310160398483276,50000.0,PIM
1997-08-26,19.79166603088379,19.83333396911621,19.66666603088379,19.66666603088379,6.186081409454347,21900.0,PKE
1997-08-26,11.0,11.0625,10.5,10.5625,7.550757884979247,490400.0,PKI
1997-08-26,14.5,14.875,14.5,14.5,13.383981704711914,46500.0,PKOH
1997-08-26,28.875,28.9375,28.75,28.8125,16.99346923828125,36100.0,PKX
1997-08-26,30.625,31.0,28.75,30.125,30.125,919000.0,PLAB
1997-08-26,10.71875,10.895833015441896,10.71875,10.895833015441896,9.218131065368652,38400.0,PLT
1997-08-26,7.0,7.0,7.0,7.0,6.588622570037843,0.0,PLUS
1997-08-26,14.125,14.5,13.75,14.3125,14.3125,576800.0,PLXS
1997-08-26,26.0,26.0,25.25,26.0,9.346577644348145,15200.0,PMD
1997-08-26,11.3125,11.375,11.25,11.375,2.6555566787719727,33700.0,PMM
1997-08-26,14.1875,14.25,14.125,14.25,3.4586074352264404,24200.0,PMO
1997-08-26,60.0,60.0,60.0,60.0,59.1377067565918,0.0,PNBK
1997-08-26,42.625,43.625,42.4375,42.625,22.233497619628906,431100.0,PNC
1997-08-26,12.25,12.291666984558105,12.0,12.208333015441895,5.064399719238281,175800.0,PNM
1997-08-26,11.668905258178713,11.752854347229006,11.668905258178713,11.668905258178713,5.12738847732544,135200.0,PNR
1997-08-26,8.625,8.625,8.625,8.625,8.625,0.0,PNRG
1997-08-26,33.0,33.0,32.8125,32.9375,12.600542068481445,90700.0,PNW
1997-08-26,2.019204378128052,2.019204378128052,2.019204378128052,2.019204378128052,1.5687774419784546,4900.0,POOL
1997-08-26,23.399999618530273,23.399999618530273,23.399999618530273,23.399999618530273,11.81787395477295,1000.0,POPE
1997-08-26,15.5,16.5,15.5,16.5,13.687749862670898,1200.0,POWL
1997-08-26,81.875,82.5,81.25,82.5,79.56061553955078,2800.0,PPBI
1997-08-26,7.519999980926514,7.573333263397218,7.46666669845581,7.573333263397218,5.455071926116943,50400.0,PPC
1997-08-26,31.5,31.5625,31.3125,31.5,10.777457237243652,538800.0,PPG
1997-08-26,9.125,9.25,9.125,9.25,9.25,800.0,PPIH
1997-08-26,9.75059413909912,9.77970027923584,9.721487045288086,9.77970027923584,2.4168405532836914,473600.0,PPL
1997-08-26,10.125,10.1875,10.125,10.125,2.038903951644897,176500.0,PPR
1997-08-26,8.25,8.375,8.25,8.375,1.3714417219161987,200400.0,PPT
1997-08-26,12.375,12.5,12.359375,12.46875,9.90618133544922,20400.0,PRA
1997-08-26,25.375,26.0,25.0,25.875,23.985658645629886,113400.0,PRCP
1997-08-26,14.3125,14.9375,14.1875,14.75,12.975384712219238,522100.0,PRGO
1997-08-26,4.055555343627931,4.083333492279054,4.055555343627931,4.069444656372069,3.8522021770477295,132300.0,PRGS
1997-08-26,113.33333587646484,113.33333587646484,111.66666412353516,113.33333587646484,113.33333587646484,1200.0,PRGX
1997-08-26,63.03854751586914,63.03854751586914,62.98186111450195,62.98186111450195,24.54279136657715,600.0,PRK
1997-08-26,8.666666984558105,8.666666984558105,8.55555534362793,8.611110687255861,5.854659557342528,21100.0,PROV
1997-08-26,17.5,17.9375,17.25,17.4375,10.558626174926758,82700.0,PRPH
1997-08-26,27.375,27.75,27.375,27.5,11.929880142211914,62700.0,PSA
1997-08-26,20.0,20.0,20.0,20.0,9.348519325256348,500.0,PSB
1997-08-26,12.5,12.5,12.5,12.5,5.549072742462158,0.0,PSO
1997-08-26,62.1875,62.8125,60.9375,61.875,61.875,609200.0,PTC
1997-08-26,9.0,9.25,8.75,9.0625,7.298811912536621,1000000.0,PTEN
1997-08-26,9.625,10.125,9.625,9.75,8.131814002990723,43600.0,PTSI
1997-08-26,17.600000381469727,17.600000381469727,17.600000381469727,17.600000381469727,7.693925380706787,1200.0,PTVCA
1997-08-26,14.899999618530273,14.899999618530273,14.899999618530273,14.899999618530273,6.597382068634032,0.0,PTVCB
1997-08-26,13.875,14.125,13.875,14.0625,12.283367156982422,11500.0,PVH
1997-08-26,7.375,7.375,7.375,7.375,2.931902408599853,200.0,PW
1997-08-26,20.144628524780273,20.144628524780273,20.144628524780273,20.144628524780273,9.648053169250488,400.0,PWOD
1997-08-26,37.0,38.375,37.0,38.0,35.69230270385742,589700.0,PXD
1997-08-26,230.0,232.5,228.75,231.25,159.41586303710938,10600.0,PYX
1997-08-26,8.65625,8.71875,8.53125,8.625,7.877571582794189,422400.0,PZZA
1997-08-26,187.5,191.25,186.25,191.25,137.61550903320312,17300.0,QADB
1997-08-26,2.890625,2.90625,2.8671875,2.87890625,1.976610779762268,5764800.0,QCOM
1997-08-26,9.333333015441896,9.666666984558104,9.333333015441896,9.666666984558104,8.186159133911133,600.0,QCRH
1997-08-26,4.140625,4.4375,4.125,4.4375,4.4375,122100.0,QDEL
1997-08-26,6.513123512268066,6.513123512268066,6.25324821472168,6.25324821472168,5.983098030090332,273200.0,QGEN
1997-08-26,2.0555555820465092,2.1111111640930176,2.0555555820465092,2.0555555820465092,1.8620984554290767,50800.0,QUMU
1997-08-26,36.0625,36.0625,35.875,36.0,21.154417037963867,186800.0,R
1997-08-26,505.0,506.25,498.75,503.125,483.6662902832031,21800.0,RAD
1997-08-26,30.0,30.0,27.1875,27.1875,27.1875,4300.0,RADA
1997-08-26,1.3125,1.375,1.3125,1.3125,1.3125,8500.0,RAND
1997-08-26,4.375,4.375,4.125,4.25,3.4884796142578125,12700.0,RAVE
1997-08-26,2.0416667461395264,2.0833332538604736,2.0416667461395264,2.0625,1.1561132669448853,31200.0,RAVN
1997-08-26,29.375,29.5,29.3125,29.375,20.084171295166016,38600.0,RBC
1997-08-26,8.5,9.0,8.5,9.0,3.409531354904175,2600.0,RCG
1997-08-26,3.46875,3.5,3.46875,3.5,2.0507500171661377,2200.0,RCI
1997-08-26,8.800000190734863,8.949999809265137,8.600000381469728,8.899999618530273,7.270662307739258,395000.0,RCII
1997-08-26,17.0,17.375,17.0,17.375,14.259791374206545,3600.0,RCKY
1997-08-26,19.8125,20.09375,19.8125,20.09375,13.454859733581545,174000.0,RCL
1997-08-26,12.375,13.125,12.375,13.125,4.5865817070007315,102400.0,RCMT
1997-08-26,10.9375,11.1875,10.9375,11.0625,1.1964597702026367,79900.0,RCS
1997-08-26,3.25,3.25,3.25,3.25,3.25,12100.0,RDI
1997-08-26,22.78125,22.96875,22.75,22.84375,21.573925018310547,104400.0,RDN
1997-08-26,0.6000000238418579,0.699999988079071,0.6000000238418579,0.6000000238418579,0.6000000238418579,85900.0,RDNT
1997-08-26,36.5,36.75,36.25,36.3125,25.72097396850586,73800.0,RE
1997-08-26,10.4375,11.125,10.25,11.0625,11.0625,135200.0,REFR
1997-08-26,25.5,26.0,25.5,26.0,8.349954605102539,40000.0,REG
1997-08-26,9.0,9.375,8.75,8.875,8.875,116300.0,REGN
1997-08-26,8.375,8.375,8.375,8.375,5.113483428955078,200.0,RELL
1997-08-26,28.22343635559082,30.575387954711914,28.22343635559082,29.98740005493164,29.04953575134277,4400.0,RELV
1997-08-26,9.0,9.046875,9.0,9.046875,1.0177931785583496,49600.0,RELX
1997-08-26,1.3374485969543457,1.3456790447235107,1.3374485969543457,1.3456790447235107,0.7500695586204529,33300.0,RES
1997-08-26,477.5943298339844,477.5943298339844,466.9811401367188,466.9811401367188,462.6121826171875,1900.0,REV
1997-08-26,4.6111111640930185,4.6111111640930185,4.472222328186035,4.472222328186035,4.472222328186035,16800.0,REX
1997-08-26,27.84302520751953,28.045520782470703,27.64053153991699,27.64053153991699,13.816503524780273,99500.0,RF
1997-08-26,17.4375,17.4375,17.1875,17.25,1.8573771715164185,40300.0,RFI
1997-08-26,1.4375,1.4375,1.4375,1.4375,0.8665496110916138,1800.0,RFIL
1997-08-26,5.333333492279053,5.333333492279053,5.333333492279053,5.333333492279053,0.3506143093109131,0.0,RGCO
1997-08-26,1.09375,1.1875,1.09375,1.125,1.125,37800.0,RGEN
1997-08-26,7.5,7.875,7.25,7.625,6.161196708679199,17200.0,RGLD
1997-08-26,20.25,20.375,20.0,20.0,8.839008331298828,38000.0,RGR
1997-08-26,16.16666603088379,16.5,16.16666603088379,16.29166603088379,14.173367500305176,217600.0,RGS
1997-08-26,19.5625,19.583330154418945,19.375,19.5625,15.022869110107422,363800.0,RHI
1997-08-26,23.0625,23.3125,23.0625,23.3125,12.496866226196287,49300.0,RHP
1997-08-26,5.875,6.0,5.75,5.75,5.57442569732666,16100.0,RICK
1997-08-26,61.910377502441406,63.51844024658203,61.73170471191406,63.51844024658203,40.77444076538086,692600.0,RIG
1997-08-26,16.40625,16.40625,16.375,16.375,1.9624419212341309,4000.0,RIO
1997-08-26,8.296296119689941,8.333333015441895,8.222222328186035,8.222222328186035,5.324238300323486,81900.0,RJF
1997-08-26,24.25,24.9375,24.125,24.6875,20.475383758544922,296300.0,RL
1997-08-26,7.425000190734862,7.5,7.4000000953674325,7.487500190734862,3.4122588634490967,115200.0,RLI
1997-08-26,20.34375,20.59375,19.875,19.875,19.875,1934400.0,RMBS
1997-08-26,1.5460729598999023,1.5460729598999023,1.4687693119049072,1.5460729598999023,0.7807626724243164,7100.0,RMCF
1997-08-26,1.59375,1.59375,1.53125,1.53125,1.3468664884567259,120000.0,RMD
1997-08-26,9.5625,9.625,9.4375,9.625,1.1482992172241209,30800.0,RMT
1997-08-26,14.583333015441895,14.666666984558105,14.583333015441895,14.625,7.6437010765075675,63000.0,RNR
1997-08-26,12.518518447875975,12.518518447875975,12.370369911193848,12.44444465637207,6.353140354156494,4200.0,RNST
1997-08-26,18.46875,18.625,18.46875,18.5625,18.5625,11000.0,ROG
1997-08-26,61.25,61.9375,60.625,61.1875,9.640892028808594,401900.0,ROK
1997-08-26,1.8600822687149048,1.9039781093597408,1.8600822687149048,1.865569233894348,0.36437147855758667,550900.0,ROL
1997-08-26,13.78125,14.21875,13.78125,14.03125,11.206979751586914,154800.0,ROP
1997-08-26,1.859375,1.875,1.8125,1.8359375,1.4981385469436646,7419200.0,ROST
1997-08-26,16.5,16.5,16.299999237060547,16.350000381469727,7.6039366722106925,126500.0,RPM
1997-08-26,20.0,20.0,19.875,19.875,3.988179445266724,10900.0,RPT
1997-08-26,10.625,10.916666984558104,10.583333015441896,10.666666984558104,9.313127517700195,165900.0,RRC
1997-08-26,40.0,40.375,39.9375,40.1875,13.795379638671875,287500.0,RRD
1997-08-26,10.166666984558104,10.333333015441896,10.166666984558104,10.291666984558104,6.867464542388916,24600.0,RS
1997-08-26,56.4375,56.8125,55.625,56.25,32.68444061279297,527300.0,RTN
1997-08-26,5.0,5.0,5.0,5.0,4.89702033996582,600.0,RUSHB
1997-08-26,5.323343753814697,5.323343753814697,5.323343753814697,5.323343753814697,3.464108943939209,3000.0,RVSB
1997-08-26,13.607010841369627,13.89529514312744,13.607010841369627,13.89529514312744,1.913331151008606,164700.0,RVT
1997-08-26,39.625,40.0,39.5,39.75,5.58233642578125,39000.0,RWT
1997-08-26,11.6875,11.765625,11.5625,11.5625,3.2073562145233154,89600.0,RY
1997-08-26,3.125,3.3012821674346924,3.125,3.3012821674346924,2.675619125366211,2465500.0,RYAAY
1997-08-26,8.750137329101562,8.948209762573242,8.738486289978027,8.750137329101562,0.9250524640083312,217400.0,RYN
1997-08-26,10.666666984558104,10.666666984558104,9.833333015441896,9.916666984558104,6.797294616699219,87300.0,SAFM
1997-08-26,8.8125,9.0,8.8125,9.0,9.0,31000.0,SAM
1997-08-26,6.878063678741455,6.9546570777893075,6.770833492279053,6.908700942993164,1.9085116386413572,100600.0,SAN
1997-08-26,58.125,58.6875,57.375,57.46875,57.46875,175800.0,SANM
1997-08-26,19.875,19.875,19.625,19.875,15.051618576049805,58800.0,SAP
1997-08-26,12.916666984558105,13.25,12.916666984558105,13.125,7.1185264587402335,30000.0,SASR
1997-08-26,54.16666793823242,54.92424392700195,53.59848403930664,54.92424392700195,38.83863067626953,9500.0,SBCF
1997-08-26,18.25,18.75,17.875,18.5625,9.299071311950684,111000.0,SBGI
1997-08-26,10.125,10.125,10.0,10.0,3.1089789867401123,15600.0,SBI
1997-08-26,14.875,15.0,14.5625,15.0,2.2453904151916504,12000.0,SBR
1997-08-26,2.6484375,2.6875,2.625,2.64453125,2.2454795837402344,19078400.0,SBUX
1997-08-26,3.0520832538604736,3.0625,3.0416667461395264,3.0416667461395264,0.07677290588617325,97200.0,SCCO
1997-08-26,16.5,16.75,16.5,16.65625,13.773895263671875,1212800.0,SCHL
1997-08-26,10.416666984558104,10.833333015441896,10.416666984558104,10.833333015441896,6.888377666473389,39000.0,SCHN
1997-08-26,6.5185184478759775,6.527777671813965,6.314815044403076,6.370370388031006,5.070714473724365,5061000.0,SCHW
1997-08-26,32.5625,32.75,31.875,31.9375,23.70891761779785,644200.0,SCI
1997-08-26,12.0,12.0,11.875,11.9375,5.035667419433594,21200.0,SCL
1997-08-26,76500.0,83250.0,76500.0,83250.0,83250.0,0.0,SCON
1997-08-26,4.25,4.3125,4.25,4.25,4.25,42400.0,SCSC
1997-08-26,7.333333492279053,7.333333492279053,7.166666507720947,7.333333492279053,6.4255919456481925,32200.0,SCVL
1997-08-26,36.25,36.375,36.0,36.375,18.71860885620117,4000.0,SCX
1997-08-26,11.083333015441896,11.083333015441896,10.666666984558104,11.0,11.0,45300.0,SEAC
1997-08-26,290.0,290.0,290.0,290.0,269.67691040039057,0.0,SEB
1997-08-26,26.40625,26.625,26.40625,26.46875,19.9650821685791,1877400.0,SEE
1997-08-26,2.375,2.375,2.3333332538604736,2.3333332538604736,1.6243466138839722,429600.0,SEIC
1997-08-26,8.625,8.625,8.625,8.625,1.4418509006500244,1900.0,SELF
1997-08-26,17.0,17.0,17.0,17.0,17.0,0.0,SENEB
1997-08-26,3.0234315395355225,3.061224460601806,3.0234315395355225,3.0423281192779537,2.558586835861206,28900.0,SF
1997-08-26,57.0,58.0,56.5,57.875,51.74018478393555,36200.0,SFE
1997-08-26,8.75,8.75,8.75,8.75,4.712591648101807,0.0,SFNC
1997-08-26,32.06399917602539,32.06399917602539,31.68000030517578,31.77599906921387,24.70573234558105,6000.0,SGA
1997-08-26,13.16287899017334,13.16287899017334,12.973484992980955,13.16287899017334,7.37478494644165,600.0,SGB
1997-08-26,7.6875,7.875,7.6875,7.75,1.3141238689422607,17200.0,SGC
1997-08-26,15.5625,16.25,14.875,16.0,16.0,20500.0,SGMA
1997-08-26,1.6875,1.75,1.625,1.75,1.75,66500.0,SGMS
1997-08-26,7.5,7.75,7.25,7.5,7.5,8000.0,SGRP
1997-08-26,22.0,22.125,22.0,22.0,5.0015482902526855,6200.0,SGU
1997-08-26,27.25,28.41666603088379,27.0,27.875,10.319243431091307,77100.0,SHI
1997-08-26,18.8125,18.8125,18.375,18.75,13.51873779296875,14000.0,SHLO
1997-08-26,0.7901234626770021,0.7942386865615845,0.7736625671386719,0.7901234626770021,0.7143003344535828,241200.0,SHOO
1997-08-26,29.8125,30.0,29.6875,29.75,20.34696388244629,193400.0,SHW
1997-08-26,1.455078125,1.455078125,1.455078125,1.455078125,7.4094009505643035e-06,0.0,SID
1997-08-26,1.6875,1.6875,1.6875,1.6875,1.2797468900680542,0.0,SIEB
1997-08-26,19.625,20.125,18.8125,18.875,16.542322158813473,16700.0,SIF
1997-08-26,9.375,9.791666984558104,9.375,9.375,6.003364562988281,57700.0,SIG
1997-08-26,11.9375,12.0,11.34375,11.375,6.819245338439941,154800.0,SIGI
1997-08-26,6.125,6.625,6.125,6.625,5.69155216217041,5700.0,SILC
1997-08-26,3.625,3.75,3.625,3.625,3.382419347763061,12300.0,SIM
1997-08-26,18.75,18.75,18.1875,18.625,17.79758071899414,38000.0,SIRI
1997-08-26,28.83110046386719,28.83110046386719,28.59900093078613,28.645099639892575,28.645099639892575,32257.0,SITC
1997-08-26,12.5,12.5625,12.375,12.53125,12.53125,31600.0,SIVB
1997-08-26,5.796875,5.796875,5.78125,5.78125,0.5582484602928162,10800.0,SJI
1997-08-26,24.375,24.75,24.375,24.625,12.804818153381348,18800.0,SJM
1997-08-26,9.0,9.0,8.875,8.9375,1.6172622442245483,29400.0,SJT
1997-08-26,9.0,9.0,9.0,9.0,1.5812743902206419,0.0,SJW
1997-08-26,9.49459457397461,9.551791191101074,9.380202293395996,9.380202293395996,4.4804039001464835,71500.0,SKM
1997-08-26,7.3125,7.3125,7.21875,7.25,0.20193319022655487,41600.0,SKT
1997-08-26,28.0,28.25,27.9375,27.9375,17.14317512512207,21900.0,SKY
1997-08-26,4.4375,4.53125,4.375,4.375,3.635140180587769,44800.0,SKYW
1997-08-26,36.625,37.78125,36.5,37.78125,19.675495147705078,2816800.0,SLB
1997-08-26,23.5625,23.9375,23.5,23.625,10.529512405395508,293400.0,SLG
1997-08-26,5.0625,5.15625,5.0625,5.15625,4.1849021911621085,300000.0,SLGN
1997-08-26,4.765308380126953,4.765308380126953,4.680213928222656,4.680213928222656,3.594486713409424,3578300.0,SLM
1997-08-26,1.3125,1.34375,1.3125,1.3125,1.0395967960357666,36000.0,SLP
1997-08-26,8.5,8.59375,8.4375,8.5,7.128712177276611,127600.0,SM
1997-08-26,4.25,4.25,4.25,4.25,0.9820770621299744,400.0,SMBC
1997-08-26,13.5,13.75,13.46875,13.59375,8.157627105712889,148000.0,SMG
1997-08-26,24.0,25.125,24.0,24.75,24.75,2400.0,SMIT
1997-08-26,18.0625,18.125,18.0,18.0625,10.616455078125,6100.0,SMP
1997-08-26,14.25,14.4375,14.25,14.25,6.2420711517333975,60000.0,SMRT
1997-08-26,11.5,12.0,11.25,11.25,11.25,24500.0,SMSI
1997-08-26,7.140625,7.296875,7.109375,7.21875,7.21875,635200.0,SMTC
1997-08-26,41.25,41.6875,41.25,41.25,23.35471153259277,216500.0,SNA
1997-08-26,46.5,46.5625,46.15625,46.15625,38.491947174072266,190400.0,SNE
1997-08-26,1.5546691417694092,1.5546691417694092,1.5546691417694092,1.5546691417694092,1.5546691417694092,0.0,SNFCA
1997-08-26,625.0,625.0,625.0,625.0,625.0,0.0,SNGX
1997-08-26,17.4375,17.5625,17.4375,17.5625,17.5625,465600.0,SNPS
1997-08-26,51.974998474121094,52.36000061035156,51.46166610717773,51.71833419799805,40.99197387695313,15100.0,SNV
1997-08-26,13.096168518066404,13.210712432861328,13.057987213134766,13.096168518066404,3.3223273754119877,1525700.0,SO
1997-08-26,29.715909957885746,30.0,29.715909957885746,30.0,14.093100547790527,231000.0,SON
1997-08-26,46.875,47.125,46.875,46.875,4.650481700897217,6800.0,SOR
1997-08-26,3.444444417953491,3.444444417953491,3.3333332538604736,3.3333332538604736,2.2590272426605225,388800.0,SPAR
1997-08-26,44.36728286743164,45.33179092407226,43.885032653808594,45.33179092407226,37.35681533813477,900.0,SPB
1997-08-26,13.1875,13.25,13.125,13.125,3.069974184036255,36300.0,SPE
1997-08-26,28.48238945007324,29.1204891204834,28.30836296081543,29.06247901916504,9.20758819580078,71300.0,SPG
1997-08-26,15.5,15.671875,15.390625,15.53125,8.296377182006836,684400.0,SPGI
1997-08-26,18.8125,19.0,18.75,19.0,2.6823749542236333,66700.0,SPH
1997-08-26,309.375,328.125,309.375,325.0,320.6628112792969,1100.0,SPPI
1997-08-26,7.389511585235597,7.452467918395996,7.381641864776611,7.420989513397218,6.1207828521728525,618600.0,SPXC
1997-08-26,5.921372890472412,5.933544158935548,5.921372890472412,5.927458763122559,0.2319812923669815,79000.0,SQM
1997-08-26,24.0,24.0625,23.875,24.0,1.1264463663101196,8100.0,SR
1997-08-26,18.22917938232422,18.22917938232422,17.973630905151367,18.058813095092773,10.975343704223633,6200.0,SRCE
1997-08-26,2.5,2.5,2.46875,2.46875,2.46875,12400.0,SRCL
1997-08-26,20.3125,20.4296875,20.0,20.0,10.92319393157959,25500.0,SRL
1997-08-26,42.0,42.0,40.875,42.0,42.0,6300.0,SRPT
1997-08-26,15.375,15.8125,15.375,15.8125,12.535780906677244,27700.0,SRT
1997-08-26,19.48988914489746,19.48988914489746,19.208786010742188,19.208786010742188,11.834981918334961,700.0,SSB
1997-08-26,9.40625,9.6875,9.34375,9.53125,7.511401176452638,49200.0,SSD
1997-08-26,13.0,13.0,13.0,13.0,5.75681734085083,1500.0,SSL
1997-08-26,52.07408905029297,52.323646545410156,52.07408905029297,52.24046325683594,3.2807154655456543,11200.0,SSP
1997-08-26,3.625,3.625,3.625,3.625,3.625,1000.0,SSRM
1997-08-26,5.625,5.625,5.5625,5.625,5.625,1300.0,SSY
1997-08-26,4.875,5.0,4.6875,4.791666507720947,4.791666507720947,422400.0,SSYS
1997-08-26,16.5,17.0,16.125,16.875,16.875,297900.0,STAA
1997-08-26,16.875,16.875,16.5,16.5,6.2366881370544425,2800.0,STAR
1997-08-26,17.4375,17.625,17.375,17.375,8.407171249389647,10800.0,STBA
1997-08-26,12.28125,12.46875,12.28125,12.40625,9.196094512939453,17000.0,STC
1997-08-26,12.890625,12.890625,12.1875,12.1875,10.496438026428224,206800.0,STCN
1997-08-26,19.5625,19.625,19.0,19.0,15.449228286743164,244000.0,STE
1997-08-26,11.3125,11.5625,11.3125,11.5625,7.810687065124513,7400.0,STFC
1997-08-26,1.09375,1.09375,0.96875,1.03125,1.03125,42300.0,STKL
1997-08-26,6.125,6.21875,6.09375,6.15625,4.2991943359375,772000.0,STLD
1997-08-26,15.833333015441895,16.04166603088379,15.833333015441895,15.916666984558105,9.868407249450684,808800.0,STM
1997-08-26,23.5,24.0,23.33333396911621,24.0,18.57954216003418,23100.0,STRA
1997-08-26,1.0,1.0,1.0,1.0,0.9977142810821532,0.0,STRL
1997-08-26,6.0,6.25,5.625,5.75,5.75,13400.0,STRM
1997-08-26,9.375,9.375,9.0,9.0,8.677996635437013,12500.0,STRS
1997-08-26,23.375,23.75,23.0,23.75,19.49813842773437,1800.0,STRT
1997-08-26,25.625,25.96875,25.53125,25.71875,18.047077178955078,669400.0,STT
1997-08-26,4.9375,5.0,4.90625,4.90625,4.620222091674805,940800.0,STZ
1997-08-26,4.1484375,4.1484375,4.046875,4.0625,1.8740084171295168,140000.0,SU
1997-08-26,34.0,34.0,33.75,33.9375,7.485068321228027,10700.0,SUI
1997-08-26,15.866100311279295,16.015899658203125,15.860300064086914,15.91189956665039,8.439290046691895,767312.0,SUN
1997-08-26,27.6875,28.125,27.625,28.0,14.779580116271973,47600.0,SUP
1997-08-26,33.6875,33.6875,32.625,32.875,4.870035648345947,35600.0,SVC
1997-08-26,7.75,7.75,7.75,7.75,6.164130210876465,0.0,SVT
1997-08-26,43.25,44.5625,43.1875,43.9375,24.909114837646484,146900.0,SWK
1997-08-26,4.708333492279053,4.75,4.666666507720947,4.75,4.365640640258788,110400.0,SWKS
1997-08-26,19.34375,19.625,19.34375,19.34375,6.877039909362793,93200.0,SWM
1997-08-26,1.53125,1.578125,1.5078125,1.5625,1.3426448106765747,452000.0,SWN
1997-08-26,10.708000183105467,10.708000183105467,6.425000190734862,8.565999984741211,7.628744125366211,0.0,SWP
1997-08-26,18.75,18.9375,18.75,18.75,9.158035278320312,64400.0,SWX
1997-08-26,11.9375,12.0,11.90625,11.96875,2.0086328983306885,20000.0,SWZ
1997-08-26,30.0625,30.375,30.0625,30.25,18.56072998046875,10100.0,SXI
1997-08-26,18.78125,19.0625,18.71875,19.0625,10.82382106781006,194200.0,SXT
1997-08-26,5.912698268890381,5.912698268890381,5.912698268890381,5.912698268890381,3.4298863410949707,0.0,SYBT
1997-08-26,10.078125,10.125,9.953125,10.0625,8.152506828308105,900000.0,SYK
1997-08-26,24.0,24.875,23.5,24.6875,24.6875,530800.0,SYKE
1997-08-26,16.375,16.875,16.0,16.875,11.71257781982422,1900.0,SYNL
1997-08-26,6.9375,7.0,6.5,6.5,5.304576396942139,15500.0,SYPR
1997-08-26,22.5625,22.75,22.4375,22.5625,11.809717178344727,52100.0,SYX
1997-08-26,9.25,9.28125,9.078125,9.09375,4.933432579040527,1709200.0,SYY
1997-08-26,27.34375,27.59375,27.1875,27.34375,9.62409782409668,2114200.0,T
1997-08-26,10.583333015441896,11.166666984558104,10.583333015441896,10.833333015441896,8.308977127075195,226200.0,TACT
1997-08-26,3.625,3.625,3.375,3.5,2.383244514465332,35800.0,TAIT
1997-08-26,18.5,18.9375,18.4375,18.8125,10.223367691040039,524800.0,TAP
1997-08-26,3.125,3.28125,3.125,3.125,2.7290821075439453,99400.0,TARO
1997-08-26,2.4375,2.6875,2.4375,2.5,0.9737141728401184,12800.0,TATT
1997-08-26,4.625,4.625,4.625,4.625,4.625,5500.0,TAYD
1997-08-26,4.44444465637207,4.55555534362793,4.44444465637207,4.44444465637207,4.44444465637207,109900.0,TBI
1997-08-26,8.541666984558105,8.541666984558105,8.541666984558105,8.541666984558105,4.613786697387695,1400.0,TCBK
1997-08-26,6.8125,7.0,6.4375,6.5,4.595424175262451,16400.0,TCCO
1997-08-26,21.977909088134766,22.173789978027344,21.977909088134766,22.15420150756836,7.044934749603272,8200.0,TCF
1997-08-26,18.0,18.0,17.5,17.5,14.208230018615724,1100.0,TCI
1997-08-26,12.75,12.75,12.75,12.75,4.059813976287842,5100.0,TCO
1997-08-26,7.75,8.5,7.75,8.5,7.813855171203612,800.0,TCX
1997-08-26,7.546875,7.703125,7.546875,7.578125,1.7483452558517456,54400.0,TD
1997-08-26,16.5625,16.75,16.5,16.625,2.3113553524017334,313700.0,TDF
1997-08-26,17.945751190185547,18.38776397705078,17.85734748840332,18.35829734802246,12.213545799255373,1130500.0,TDS
1997-08-26,1655.241943359375,1697.5806884765625,1631.04833984375,1693.54833984375,1159.0660400390625,11000.0,TDW
1997-08-26,38.75,39.625,38.5,39.125,39.125,250900.0,TECD
1997-08-26,6.90625,7.0625,6.90625,7.0625,6.055509567260742,12400.0,TECH
1997-08-26,7.146614074707031,7.158012390136719,7.129517078399657,7.158012390136719,1.1125348806381226,469800.0,TEF
1997-08-26,13.375,13.5,13.375,13.375,1.635783076286316,55300.0,TEI
1997-08-26,28.25,29.0,27.0,27.0,27.0,16900.0,TELL
1997-08-26,45.5,48.0,45.5,47.125,39.86096572875977,991400.0,TEN
1997-08-26,1830.0,1860.0,1740.0,1830.0,1830.0,0.0,TENX
1997-08-26,28.5,28.6875,28.46875,28.625,13.775259017944336,207800.0,TEO
1997-08-26,27.78125,27.90625,26.625,26.9375,25.395137786865234,1504400.0,TER
1997-08-26,13.333333015441895,13.44444465637207,13.333333015441895,13.333333015441895,8.399571418762207,11700.0,TESS
1997-08-26,6.890625,7.1875,6.828125,6.8828125,5.089773178100586,4440800.0,TEVA
1997-08-26,11.0,11.0625,10.8125,10.875,10.143665313720703,49600.0,TEX
1997-08-26,25.59375,25.625,25.59375,25.625,11.887351036071776,182200.0,TFC
1997-08-26,31.75,32.1875,31.625,31.9375,22.543487548828125,46900.0,TFX
1997-08-26,22.10416603088379,23.14583396911621,22.08333396911621,22.95833396911621,16.11357307434082,158700.0,TG
1997-08-26,1.4375,1.5,1.3125,1.375,1.157791018486023,97500.0,TGA
1997-08-26,4.453125,4.625,4.4375,4.4375,4.4375,17700.0,TGB
1997-08-26,13.6875,14.0625,13.6875,14.0625,13.138323783874512,28200.0,TGI
1997-08-26,25.86253547668457,26.0423641204834,25.45383644104004,25.633663177490234,9.344167709350586,743400.0,TGNA
1997-08-26,11.875,11.9375,11.75,11.9375,3.849356889724731,221500.0,TGS
1997-08-26,14.5625,14.625,14.3125,14.3125,9.369911193847656,1911200.0,TGT
1997-08-26,74.33333587646484,75.0,74.0,74.5,74.46398162841797,250500.0,THC
1997-08-26,18.39285659790039,18.39285659790039,18.39285659790039,18.39285659790039,9.707928657531738,400.0,THFF
1997-08-26,40.625,40.625,39.6875,40.125,27.571231842041016,120600.0,THG
1997-08-26,4.302083492279054,4.34375,4.302083492279054,4.302083492279054,3.0830776691436768,19200.0,THO
1997-08-26,30.0,31.5625,30.0,30.625,30.625,43500.0,THRM
1997-08-26,11.359375,11.515625,11.296875,11.390625,7.911965847015381,733600.0,TIF
1997-08-26,13.6875,14.0,13.6875,13.875,11.072710037231444,180200.0,TILE
1997-08-26,1.625,1.625,1.5625,1.5625,1.5625,10800.0,TISI
1997-08-26,3.25,3.375,3.25,3.25,2.777239322662353,22400.0,TIVO
1997-08-26,1.75,1.76171875,1.6796875,1.6796875,0.7018012404441833,11486400.0,TJX
1997-08-26,16.46875,16.46875,16.34375,16.4375,7.891479969024657,16800.0,TK
1997-08-26,26.75375747680664,27.11166763305664,26.66427993774414,26.75375747680664,12.545317649841307,130300.0,TKR
1997-08-26,0.8125,0.8125,0.8125,0.8125,0.6470711827278137,0.0,TLF
1997-08-26,4.1875,4.1875,4.0625,4.0625,4.0625,8700.0,TLGT
1997-08-26,10.879630088806152,10.908564567565918,10.76388931274414,10.879630088806152,4.833725929260254,381000.0,TLK
1997-08-26,16.16666603088379,16.33333396911621,16.0,16.05555534362793,10.974923133850098,540900.0,TLRD
1997-08-26,54.25,54.625,54.0,54.0,35.18807983398437,40300.0,TM
1997-08-26,37.1875,37.5625,36.8125,37.3125,30.850910186767575,554200.0,TMO
1997-08-26,17.781116485595703,17.781116485595703,17.781116485595703,17.781116485595703,8.053692817687987,0.0,TMP
1997-08-26,17.5625,17.5625,17.5,17.5,9.646105766296387,5600.0,TNC
1997-08-26,5.390625,5.390625,5.28125,5.34375,5.179692268371582,284400.0,TOL
1997-08-26,24.53125,24.75,24.375,24.65625,7.813122272491455,92800.0,TOT
1997-08-26,7.375,7.375,7.25,7.3125,7.000533103942871,5300.0,TPC
1997-08-26,8.375,8.899999618530273,8.350000381469728,8.75,6.48251485824585,100500.0,TPL
1997-08-26,14.538016319274902,14.666508674621582,14.538016319274902,14.629796981811525,10.939672470092773,16400.0,TR
1997-08-26,32.605728149414055,42.375675201416016,32.605728149414055,37.43184661865234,37.24901580810547,1976500.0,TRC
1997-08-26,9.75,9.875,9.25,9.25,8.472585678100586,5100.0,TRIB
1997-08-26,2.7708332538604736,2.8125,2.75,2.7708332538604736,2.7708332538604736,250000.0,TRMB
1997-08-26,14.3125,14.3125,14.125,14.1875,6.8186354637146,8400.0,TRMK
1997-08-26,9.20926284790039,9.269258499145508,9.134269714355467,9.20926284790039,3.0626235008239746,576100.0,TRN
1997-08-26,7.375,8.125,7.0,7.625,7.625,110000.0,TRNS
1997-08-26,13.5625,13.875,13.5,13.75,8.36650276184082,445200.0,TROW
1997-08-26,18.8125,18.8125,18.75,18.8125,4.004030227661134,68500.0,TRP
1997-08-26,7.504261493682861,7.504261493682861,7.218384742736816,7.39705753326416,2.665532112121582,114700.0,TRST
1997-08-26,5.166666507720947,5.166666507720947,5.166666507720947,5.166666507720947,4.6391334533691415,1500.0,TRT
1997-08-26,37.375,37.5,36.5,36.5625,19.908639907836914,533400.0,TRV
1997-08-26,2782.8125,3046.875,2701.5625,3046.875,3046.875,700.0,TRXC
1997-08-26,1.1015625,1.1015625,1.1015625,1.1015625,0.9863752722740172,3200.0,TSCO
1997-08-26,277.5,279.375,271.875,271.875,258.61279296875,3800.0,TSEM
1997-08-26,9.25,9.25,9.1875,9.25,1.0741798877716064,54100.0,TSI
1997-08-26,20.75,21.0,20.75,21.0,16.07453727722168,245800.0,TSN
1997-08-26,27.75,28.375,26.625,26.625,8.38520336151123,48700.0,TSRI
1997-08-26,2.2734375,2.3046875,2.2734375,2.30078125,0.3824956715106964,1252800.0,TTC
1997-08-26,16.5,16.5,16.125,16.375,15.044166564941404,185800.0,TTEC
1997-08-26,9.472000122070312,9.523200035095217,9.42080020904541,9.472000122070312,8.947599411010742,224100.0,TTEK
1997-08-26,5.80555534362793,5.80555534362793,5.027777671813965,5.05555534362793,4.446219444274902,3718800.0,TTI
1997-08-26,87.01657104492188,87.01657104492188,87.01657104492188,87.01657104492188,87.01657104492188,0.0,TTNP
1997-08-26,4.666666507720947,5.0,4.666666507720947,5.0,4.9996910095214835,40300.0,TTWO
1997-08-26,4.875,4.875,4.875,4.875,1.3629578351974487,0.0,TU
1997-08-26,34.6875,34.6875,33.875,34.5,13.961358070373535,234500.0,TUP
1997-08-26,2.5,2.625,2.5,2.625,1.6633261442184448,32600.0,TURN
1997-08-26,8.28125,8.328125,8.1875,8.1875,6.4777045249938965,596800.0,TV
1997-08-26,3.4583332538604736,3.5833332538604736,3.4583332538604736,3.5833332538604736,1.879677414894104,78600.0,TVTY
1997-08-26,14.300000190734865,14.399999618530273,14.100000381469727,14.399999618530273,12.990321159362793,25700.0,TWI
1997-08-26,7.3125,7.34375,7.3125,7.34375,4.217023849487306,24800.0,TWIN
1997-08-26,159.1666717529297,159.1666717529297,151.6666717529297,159.1666717529297,123.98246002197266,300.0,TWMC
1997-08-26,28.375,28.9375,28.0625,28.4375,10.507959365844727,157300.0,TWN
1997-08-26,7.199999809265138,7.199999809265138,7.199999809265138,7.199999809265138,7.199999809265138,50.0,TXG
1997-08-26,15.03125,15.265625,14.703125,14.703125,10.429165840148926,11284000.0,TXN
1997-08-26,31.0,31.96875,31.0,31.3125,18.556795120239254,486800.0,TXT
1997-08-26,27.8125,28.0625,27.75,27.875,7.269742965698242,73700.0,TY
1997-08-26,2.6875,2.8125,2.625,2.75,2.75,63700.0,TYL
1997-08-26,10.836968421936037,10.836968421936037,10.836968421936037,10.836968421936037,3.814355611801148,100.0,UBCP
1997-08-26,9.1875,9.1875,8.8125,8.875,2.027785062789917,1600.0,UBP
1997-08-26,20.8125,21.0,20.8125,21.0,8.779376029968263,3000.0,UBSI
1997-08-26,14.125,14.1875,13.9375,14.0,4.039830207824707,278600.0,UDR
1997-08-26,3.875,3.875,3.625,3.75,3.75,33000.0,UEIC
1997-08-26,19.125,19.125,19.125,19.125,10.319893836975098,0.0,UFCS
1997-08-26,112.6875,114.375,112.3125,114.375,113.14739227294922,33300.0,UFI
1997-08-26,5.333333492279053,5.375,5.291666507720947,5.291666507720947,4.507037162780762,56400.0,UFPI
1997-08-26,4.125,4.125,4.125,4.125,4.125,3000.0,UFPT
1997-08-26,4.375,4.375,4.25,4.375,1.724953532218933,3500.0,UG
1997-08-26,5.777777671813965,5.861111164093018,5.777777671813965,5.847222328186035,0.5487631559371948,361800.0,UGI
1997-08-26,27.25,27.375,26.9375,27.0625,24.29057312011719,26800.0,UHAL
1997-08-26,11.171875,11.25,11.171875,11.1875,9.860729217529297,143200.0,UHS
1997-08-26,19.5625,19.75,19.5625,19.625,4.268686294555663,19200.0,UHT
1997-08-26,108.125,116.25,108.125,113.75,113.75,475300.0,UIS
1997-08-26,16.284721374511722,16.38888931274414,16.284721374511722,16.31944465637207,7.981359004974365,61900.0,UL
1997-08-26,14.625,15.75,14.625,15.5,15.5,89900.0,ULBI
1997-08-26,18.295196533203125,18.655946731567386,18.243661880493164,18.243661880493164,12.187091827392578,60800.0,UMBF
1997-08-26,11.375,11.75,11.375,11.5625,2.262423515319824,11100.0,UMH
1997-08-26,17.9375,18.11458396911621,17.921875,18.02083396911621,5.535966396331787,2050800.0,UN
1997-08-26,11.0,11.0,11.0,11.0,8.725948333740233,0.0,UNAM
1997-08-26,24.0625,24.125,23.8125,24.125,21.74016761779785,10300.0,UNF
1997-08-26,10.75,11.25,10.75,10.875,10.875,16800.0,UNFI
1997-08-26,6.109375,6.1875,6.1015625,6.140625,5.11871337890625,8022400.0,UNH
1997-08-26,41.9375,42.0,41.5,41.8125,26.6843376159668,251400.0,UNM
1997-08-26,17.28125,17.40625,17.046875,17.0625,5.744232177734375,1660000.0,UNP
1997-08-26,12.1875,13.75,12.125,13.4375,13.4375,391600.0,UNT
1997-08-26,6.2453813552856445,6.2992210388183585,6.2453813552856445,6.2992210388183585,4.8568315505981445,3100.0,UNTY
1997-08-26,2.171875,2.28125,2.1640625,2.1875,2.1875,544000.0,URBN
1997-08-26,13.4375,13.5,13.3125,13.4375,1.6519821882247925,89000.0,USA
1997-08-26,11.0,11.5,11.0,11.5,11.5,16600.0,USAK
1997-08-26,14.5,14.5625,14.25,14.5625,14.5625,99800.0,USAP
1997-08-26,216.0,216.0,213.0,213.0,41.008705139160156,200.0,USAU
1997-08-26,14.958333015441895,15.125,14.958333015441895,15.0,6.658944129943848,209700.0,USB
1997-08-26,450.0,480.0,442.5,457.5,449.4169616699219,1000.0,USEG
1997-08-26,8.5,8.5,8.5,8.5,6.902860164642334,0.0,USLM
1997-08-26,30.75,30.875,30.625,30.8125,26.428142547607425,30600.0,USM
1997-08-26,1.625,1.71875,1.609375,1.6875,1.6875,22400.0,USNA
1997-08-26,2.9791667461395264,3.0,2.9583332538604736,3.0,2.6651253700256348,6300.0,USPH
1997-08-26,22.625,22.75,22.5,22.5,7.435425758361816,3000.0,UTL
1997-08-26,19.71875,20.0,19.609375,19.609375,10.73211669921875,3251200.0,UTX#
1997-08-26,19.71875,20.0,19.609375,19.609375,10.73211669921875,3251200.0,UTX
1997-08-26,1.6875,1.6875,1.6875,1.6875,1.6875,500.0,UUU
1997-08-26,35.75,36.0,35.25,35.25,13.389519691467285,150300.0,UVV
1997-08-26,121.0,126.875,120.75,126.5,95.59556579589844,333200.0,VAL
1997-08-26,38.0,38.0,38.0,38.0,10.197575569152832,300.0,VALU
1997-08-26,6.350674152374268,6.467137336730957,6.343823432922362,6.350674152374268,6.2726802825927725,636700.0,VAR
1997-08-26,19.625,19.625,19.5,19.625,5.0782203674316415,7100.0,VBF
1997-08-26,448.0,448.0,448.0,448.0,406.8042907714844,0.0,VBFC
1997-08-26,600.0,600.0,560.0,560.0,560.0,100.0,VCEL
1997-08-26,13.4375,13.5,13.4375,13.5,4.146855354309082,1600.0,VCF
1997-08-26,13.875,14.0625,13.875,14.0625,3.506852865219116,6600.0,VCV
1997-08-26,61.0,63.5,61.0,61.3125,61.3125,323600.0,VECO
1997-08-26,2.5,2.5,2.400000095367432,2.400000095367432,1.2452760934829712,148500.0,VEON
1997-08-26,3.3129999637603764,3.4379999637603764,3.1879999637603764,3.3129999637603764,2.787170886993408,11900.0,VERU
1997-08-26,10.50494384765625,10.534369468688963,10.453448295593262,10.490230560302734,1.433161377906799,1114600.0,VFC
1997-08-26,13.25,13.25,13.25,13.25,3.85553789138794,0.0,VFL
1997-08-26,15.9375,16.0,15.875,15.9375,3.5989990234375,31400.0,VGM
1997-08-26,1.5255050659179688,1.7947118282318115,1.5255050659179688,1.7498440742492676,0.07524364441633223,381600.0,VGR
1997-08-26,13.75,13.75,12.5,13.75,13.75,4600.0,VGZ
1997-08-26,1.1984583139419556,1.1984583139419556,1.189897894859314,1.189897894859314,0.14452877640724182,41400.0,VHI
1997-08-26,17.59812355041504,17.59812355041504,16.496017456054688,16.95819091796875,16.95819091796875,1377500.0,VIAV
1997-08-26,25.375,25.625,25.125,25.125,22.312389373779297,77300.0,VICR
1997-08-26,13.815499305725098,13.867242813110352,13.763755798339846,13.815499305725098,11.69048309326172,36000.0,VIRC
1997-08-26,4.8611111640930185,4.8611111640930185,4.722222328186035,4.722222328186035,2.2871243953704834,183300.0,VIVO
1997-08-26,12.1875,12.6875,12.1875,12.6875,2.947789192199707,19500.0,VKI
1997-08-26,15.5625,15.625,15.5,15.5625,3.6423840522766113,37600.0,VKQ
1997-08-26,2.25,2.25,2.25,2.25,1.2415577173233032,0.0,VLGEA
1997-08-26,7.4411563873291025,7.5554161071777335,7.4411563873291025,7.526851177215576,3.6909213066101074,2067200.0,VLO
1997-08-26,49.6875,49.6875,49.0625,49.6875,5.718040466308594,5300.0,VLT
1997-08-26,9.736700057983398,9.736700057983398,9.60942268371582,9.651848793029783,3.5465967655181885,21800.0,VLY
1997-08-26,29.97916603088379,30.14583396911621,29.97916603088379,30.04166603088379,19.79796028137207,137700.0,VMC
1997-08-26,21.0,21.0,20.625,20.625,15.835541725158693,23900.0,VMI
1997-08-26,13.5,13.75,13.5,13.75,4.355680465698241,14400.0,VMM
1997-08-26,15.1875,15.1875,15.1875,15.1875,3.410820960998535,19300.0,VMO
1997-08-26,24.64158821105957,25.04776763916016,24.64158821105957,24.91237449645996,6.979588031768799,263100.0,VNO
1997-08-26,11.693607330322266,11.81010627746582,11.66448211669922,11.722731590270994,4.574951648712158,400800.0,VOD
1997-08-26,37.25,37.41666793823242,37.16666793823242,37.20833206176758,37.20833206176758,37300.0,VOLT
1997-08-26,7.8125,7.9375,7.75,7.8125,7.8125,40700.0,VOXX
1997-08-26,13.0625,13.125,13.0,13.0,3.395597219467163,7600.0,VPV
1997-08-26,16.75,17.125,16.0,16.125,16.125,356200.0,VRTX
1997-08-26,9.1875,9.4375,8.9375,8.9375,8.9375,155200.0,VSAT
1997-08-26,2.5999999046325684,2.5999999046325684,2.5999999046325684,2.5999999046325684,2.0271346569061284,8400.0,VSEC
1997-08-26,12.317460060119627,12.825396537780762,12.317460060119627,12.634921073913574,9.99040985107422,899400.0,VSH
1997-08-26,15.8125,15.9375,15.8125,15.9375,3.78090500831604,1100.0,VTN
1997-08-26,72.0,72.0,72.0,72.0,72.0,0.0,VTNR
1997-08-26,22.838871002197266,22.98161506652832,22.76749992370605,22.838871002197266,7.482432842254639,120100.0,VTR
1997-08-26,260.0,270.0,260.0,267.5,267.5,72900.0,VVUS
1997-08-26,396.0,400.125,387.75,396.0,355.3733215332031,5000.0,VXRT
1997-08-26,32.769073486328125,33.33115005493164,32.769073486328125,33.13442230224609,11.48475456237793,2103000.0,VZ
1997-08-26,9.3125,9.3125,9.15625,9.25,8.420308113098145,20600.0,WAB
1997-08-26,27.33333396911621,27.5,27.33333396911621,27.5,15.18898868560791,15600.0,WABC
1997-08-26,13.598690032958984,13.855269432067873,13.4704008102417,13.72697925567627,7.0022335052490225,148000.0,WAFD
1997-08-26,13.333333015441895,13.38888931274414,13.277777671813965,13.38888931274414,6.3652000427246085,6900.0,WASH
1997-08-26,8.0625,8.1875,8.0625,8.1875,8.1875,87600.0,WAT
1997-08-26,13.71875,14.09375,13.6875,14.0,10.152323722839355,1407400.0,WBA
1997-08-26,6.0250000953674325,6.0250000953674325,6.0250000953674325,6.0250000953674325,0.0546201691031456,2000.0,WBK
1997-08-26,24.9375,25.125,24.9375,25.125,15.374831199645994,47600.0,WBS
1997-08-26,53.0,53.375,51.375,51.375,40.86582565307617,1335000.0,WDC
1997-08-26,28.625,29.25,28.0,28.0,14.195510864257812,21200.0,WDFC
1997-08-26,12.4375,12.53125,12.40625,12.53125,3.434764623641968,561000.0,WEC
1997-08-26,25.9375,25.9375,25.8125,25.9375,5.614838123321533,42200.0,WELL
1997-08-26,21.125,21.25,21.0,21.0,4.58490514755249,22200.0,WEN
1997-08-26,10.4399995803833,10.619999885559082,10.4399995803833,10.4399995803833,5.469471454620361,201700.0,WERN
1997-08-26,6.875,7.375,6.875,7.25,6.3073811531066895,39900.0,WETF
1997-08-26,9.44444465637207,9.44444465637207,9.44444465637207,9.44444465637207,5.683523178100586,0.0,WEYS
1997-08-26,14.53125,14.6875,14.375,14.421875,6.255410194396973,1604800.0,WFC
1997-08-26,4.3125,4.375,4.3125,4.34375,3.2017834186553955,81800.0,WGO
1997-08-26,336.25,358.75,325.0,351.25,284.19317626953125,22600.0,WHLM
1997-08-26,57.625,59.125,57.4375,58.9375,33.41909408569336,1029600.0,WHR
1997-08-26,2.375,2.5625,2.375,2.5625,2.3160500526428223,14000.0,WILC
1997-08-26,13.125,13.375,12.75,13.0,11.849271774291992,14800.0,WINA
1997-08-26,13.722222328186035,14.88888931274414,13.722222328186035,14.666666984558105,14.15243434906006,271900.0,WIRE
1997-08-26,16.3125,16.375,16.0,16.125,16.125,98400.0,WLFC
1997-08-26,41.8125,42.25,41.8125,42.25,25.82442855834961,818000.0,WM
1997-08-26,16.931499481201172,17.282291412353516,16.931499481201172,17.235519409179688,7.8940815925598145,1300100.0,WMB
1997-08-26,33.1875,33.625,33.1875,33.1875,16.099040985107422,10300.0,WMK
1997-08-26,2.4739999771118164,2.4739999771118164,2.4553298950195312,2.4553298950195312,2.2490770816802983,260756.0,WMS
1997-08-26,18.28125,18.46875,17.875,18.03125,12.193501472473145,4279800.0,WMT
1997-08-26,28.125,28.5625,28.125,28.375,24.165912628173828,33900.0,WNC
1997-08-26,18.875,19.375,18.75,18.84375,8.788847923278809,222200.0,WOR
1997-08-26,22.6875,22.75,22.625,22.6875,12.360276222229006,189000.0,WPP
1997-08-26,4.806584358215332,4.806584358215332,4.740740776062012,4.806584358215332,1.8338338136672971,658000.0,WRB
1997-08-26,16.125,16.5,16.0,16.4375,4.8318190574646,84200.0,WRE
1997-08-26,18.27777862548828,18.55555534362793,18.27777862548828,18.33333396911621,3.0387492179870605,81400.0,WRI
1997-08-26,6.875,7.0,6.625,6.875,6.875,36500.0,WRLD
1997-08-26,26.25,26.25,26.25,26.25,11.809518814086914,100.0,WSBC
1997-08-26,4.895833492279053,4.958333492279053,4.895833492279053,4.958333492279053,4.044009208679198,84000.0,WSFS
1997-08-26,10.78125,11.125,10.71875,11.03125,7.871062755584718,1569200.0,WSM
1997-08-26,18.29166603088379,18.375,18.25,18.25,10.89559555053711,82500.0,WSO
1997-08-26,7.625,7.890625,7.625,7.890625,2.723337888717652,782800.0,WST
1997-08-26,11.625,11.625,10.75,10.75,4.264376640319823,171500.0,WSTG
1997-08-26,92.5,102.0,89.0,99.5,99.5,688600.0,WSTL
1997-08-26,104.25,104.25,103.75,104.25,91.77181243896484,3300.0,WTM
1997-08-26,24.9375,24.9375,24.875,24.875,18.28425407409668,2000.0,WTS
1997-08-26,11.875,12.1875,11.8125,12.0625,9.953760147094727,126000.0,WTT
1997-08-26,13.625,13.625,13.625,13.625,6.559830665588379,1000.0,WVFC
1997-08-26,2.625,2.625,2.625,2.625,2.625,200.0,WVVI
1997-08-26,5.625,5.625,5.541666507720947,5.541666507720947,4.029138088226318,11400.0,WWD
1997-08-26,8.229166984558105,8.229166984558105,7.875,7.9375,4.615754127502441,250200.0,WWW
1997-08-26,59.125,60.8125,58.875,59.5,28.96737861633301,286300.0,WY
1997-08-26,35.25,35.71875,35.0,35.0,24.96477699279785,213200.0,X
1997-08-26,24.25,24.40625,24.21875,24.3125,8.641636848449707,154000.0,XEL
1997-08-26,13.125,13.25,12.5625,12.59375,9.007606506347656,4848400.0,XLNX
1997-08-26,31.1875,31.40625,30.5625,30.875,15.298115730285645,4673200.0,XOM
1997-08-26,1968.75,1987.5,1912.5,1931.25,1931.25,1000.0,XOMA
1997-08-26,8.96875,9.020833015441896,8.9375,8.979166984558105,7.807895183563232,615600.0,XRAY
1997-08-26,100.79051208496094,102.43741607666016,99.9670639038086,100.4611358642578,79.8650131225586,388200.0,XRX
1997-08-26,184.75477600097656,185.52780151367188,184.75477600097656,184.75477600097656,108.12076568603516,1900.0,Y
1997-08-26,32.625,33.0,32.4375,32.875,9.199962615966797,1357100.0,YPF
1997-08-26,216562.5,218437.5,214687.5,217500.0,216517.28125,0.0,YRCW
1997-08-26,40.0,40.0,40.0,40.0,39.99126052856445,0.0,YUMA
1997-08-26,57.8125,57.8125,57.8125,57.8125,57.8125,200.0,YVR
1997-08-26,12.222222328186035,12.5,12.05555534362793,12.38888931274414,12.38888931274414,940600.0,ZBRA
1997-08-26,20.0,21.375,19.875,21.375,19.576786041259766,195500.0,ZEUS
1997-08-26,35.125,35.625,35.125,35.25,25.43542861938477,109600.0,ZION
1997-08-26,4.5,4.625,4.5,4.5,4.5,35700.0,ZIXI
1997-08-26,23.91666603088379,23.91666603088379,22.91666603088379,23.16666603088379,19.151844024658203,243700.0,ZNH
1997-08-26,36.25,36.25,36.0,36.25,3.1131000518798833,29000.0,ZTR
