Date,Open,High,Low,Close,Adj Close,Volume,stock
2012-08-29,26.51645278930664,26.68812561035156,26.41630935668945,26.580829620361328,24.429710388183594,7025500.0,A
2012-08-29,20.473560333251953,20.641769409179688,20.305349349975586,20.52161979675293,19.52168083190918,5283300.0,AA
2012-08-29,10.800000190734863,11.0,10.40999984741211,10.449999809265137,9.85164737701416,5761100.0,AAL
2012-08-29,2.6800000667572017,2.720000028610229,2.6600000858306885,2.720000028610229,2.556631565093994,20700.0,AAME
2012-08-29,29.71999931335449,29.940000534057614,29.6299991607666,29.82999992370605,29.11836242675781,294100.0,AAN
2012-08-29,8.182222366333008,8.25333309173584,8.022222518920897,8.199999809265138,7.676743030548097,60400.0,AAON
2012-08-29,72.16999816894531,72.33999633789062,71.36000061035156,71.44000244140625,70.20329284667969,984700.0,AAP
2012-08-29,96.46428680419922,96.80999755859376,96.0857162475586,96.20999908447266,83.8727798461914,50701700.0,AAPL
2012-08-29,27.46999931335449,27.63999938964844,27.32999992370605,27.61000061035156,22.502199172973636,91000.0,AAT
2012-08-29,2.5699999332427983,2.619999885559082,2.4800000190734863,2.5899999141693115,2.5899999141693115,200300.0,AAU
2012-08-29,50.56000137329102,51.6500015258789,50.38999938964844,51.56000137329102,51.56000137329102,128400.0,AAWW
2012-08-29,5.53000020980835,5.5900001525878915,5.489999771118164,5.559999942779541,5.559999942779541,373400.0,AAXN
2012-08-29,14.239999771118164,14.43000030517578,14.1899995803833,14.369999885559082,7.782766342163086,672700.0,AB
2012-08-29,17.440000534057614,17.450000762939453,17.299999237060547,17.379999160766598,12.946500778198242,947500.0,ABB
2012-08-29,37.63000106811523,37.75,37.40999984741211,37.650001525878906,33.365352630615234,2324900.0,ABC
2012-08-29,12.100000381469727,12.140000343322756,12.0,12.06999969482422,11.373705863952635,18800.0,ABCB
2012-08-29,30.0,30.0,30.0,30.0,30.0,0.0,ABEO
2012-08-29,6.026000022888184,6.026000022888184,5.920000076293945,5.9559998512268075,4.320687770843507,9000.0,ABEV
2012-08-29,26.940000534057614,27.649999618530273,26.68000030517578,27.6200008392334,27.6200008392334,327000.0,ABG
2012-08-29,279.72000122070307,302.3999938964844,279.72000122070307,279.72000122070307,279.72000122070307,400.0,ABIO
2012-08-29,20.38999938964844,20.540000915527344,20.290000915527344,20.36000061035156,17.22688865661621,204700.0,ABM
2012-08-29,22.5,22.68000030517578,22.38999938964844,22.53000068664551,22.53000068664551,449200.0,ABMD
2012-08-29,5.6500000953674325,5.769999980926514,5.6500000953674325,5.670000076293945,3.011036157608032,72600.0,ABR
2012-08-29,31.58043670654297,31.66679954528809,31.479677200317386,31.479677200317386,26.79326438903809,5656700.0,ABT
2012-08-29,3.3499999046325684,3.4100000858306885,3.3499999046325684,3.400000095367432,3.400000095367432,2100.0,ABUS
2012-08-29,425.0,425.0,421.6000061035156,422.20001220703125,412.6248779296875,423890.0,AC
2012-08-29,1.7899999618530271,1.7999999523162842,1.7599999904632568,1.7799999713897705,1.7799999713897705,294800.0,ACAD
2012-08-29,3.150000095367432,3.150000095367432,3.150000095367432,3.150000095367432,3.150000095367432,0.0,ACB
2012-08-29,46.5099983215332,46.63999938964844,46.27000045776367,46.47999954223633,34.713134765625,292800.0,ACC
2012-08-29,6.940000057220459,6.960000038146973,6.739999771118164,6.739999771118164,6.3314290046691895,822500.0,ACCO
2012-08-29,240.0,290.0,240.0,253.3333282470703,253.3333282470703,1300.0,ACER
2012-08-29,13.356666564941404,13.463333129882812,13.31666660308838,13.356666564941404,13.356666564941404,806400.0,ACGL
2012-08-29,9.869999885559082,9.899999618530273,9.800000190734863,9.84000015258789,9.84000015258789,67100.0,ACH
2012-08-29,18.399999618530273,19.170000076293945,18.290000915527344,18.950000762939453,18.950000762939453,116900.0,ACHC
2012-08-29,1589.5,1590.5999755859375,1544.4000244140625,1558.699951171875,1558.699951171875,200.0,ACHV
2012-08-29,14.960000038146973,15.0,14.673333168029785,14.936666488647461,14.936666488647461,579600.0,ACIW
2012-08-29,4.199999809265137,4.320000171661377,4.119999885559082,4.2800002098083505,4.2800002098083505,135100.0,ACLS
2012-08-29,19.450000762939453,19.57999992370605,19.200000762939453,19.34000015258789,19.34000015258789,486600.0,ACM
2012-08-29,60.9900016784668,61.2599983215332,60.52999877929688,61.02000045776367,51.614723205566406,1322100.0,ACN
2012-08-29,15.0,15.050000190734865,14.970000267028807,15.0,11.612414360046387,16300.0,ACNB
2012-08-29,23.399999618530273,23.56999969482422,23.06999969482422,23.13999938964844,23.13999938964844,287800.0,ACOR
2012-08-29,16.26645851135254,16.26645851135254,16.15257453918457,16.171554565429688,7.037853717803955,39200.0,ACP
2012-08-29,16.600000381469727,16.729999542236328,16.5,16.610000610351562,8.769474029541017,95400.0,ACRE
2012-08-29,3.0,3.0499999523162837,2.990000009536743,3.0,3.0,15100.0,ACRX
2012-08-29,22.399999618530273,22.399999618530273,22.399999618530273,22.399999618530273,22.399999618530273,0.0,ACST
2012-08-29,25.68000030517578,25.809999465942386,25.239999771118164,25.59000015258789,23.11790657043457,393500.0,ACTG
2012-08-29,11.0,11.239999771118164,11.0,11.149999618530273,9.430716514587402,4700.0,ACU
2012-08-29,11.010000228881836,11.199999809265137,11.010000228881836,11.199999809265137,11.199999809265137,800.0,ACY
2012-08-29,32.139999389648445,32.240001678466804,31.61000061035156,31.959999084472656,31.959999084472656,4560900.0,ADBE
2012-08-29,24.31999969482422,24.46999931335449,24.18000030517578,24.46999931335449,16.840129852294922,19400.0,ADC
2012-08-29,11.59000015258789,11.69499969482422,11.529999732971193,11.595000267028807,8.778633117675781,30000.0,ADES
2012-08-29,39.0099983215332,39.599998474121094,39.0099983215332,39.52000045776367,32.75645065307617,1357800.0,ADI
2012-08-29,26.5,26.65999984741211,26.420000076293945,26.57999992370605,21.602052688598636,3087300.0,ADM
2012-08-29,8.5,8.5,8.329999923706055,8.5,8.5,2300.0,ADMP
2012-08-29,51.20280838012695,51.36084365844727,50.96575927734375,51.25548553466797,42.76425552368164,960500.0,ADP
2012-08-29,138.24000549316406,138.66999816894528,137.41000366210938,138.42999267578122,132.1273193359375,383700.0,ADS
2012-08-29,31.34000015258789,31.51000022888184,30.65999984741211,30.920000076293945,30.920000076293945,4200400.0,ADSK
2012-08-29,20.82999992370605,21.1200008392334,20.25,21.059999465942386,17.967309951782227,946600.0,ADTN
2012-08-29,4.849999904632568,4.860000133514403,4.75,4.75,4.75,6900.0,ADUS
2012-08-29,10.960000038146973,10.970000267028807,10.920000076293944,10.960000038146973,6.364755153656006,59300.0,ADX
2012-08-29,118.125,121.875,114.375,116.25,116.25,300.0,ADXS
2012-08-29,35.95000076293945,36.0,35.63999938964844,36.0,30.495891571044922,1700.0,AE
2012-08-29,22.01000022888184,22.34000015258789,22.01000022888184,22.299999237060547,16.878931045532227,18100.0,AEB
2012-08-29,33.06999969482422,33.209999084472656,32.970001220703125,33.0,24.91078758239746,920200.0,AEE
2012-08-29,15.09000015258789,15.170000076293945,15.029999732971193,15.140000343322756,7.764101028442383,25200.0,AEF
2012-08-29,5.1599998474121085,5.190000057220459,5.119999885559082,5.170000076293945,3.494469404220581,273400.0,AEG
2012-08-29,19.739999771118164,20.0,19.43000030517578,19.61000061035156,19.61000061035156,119900.0,AEGN
2012-08-29,1.149999976158142,1.149999976158142,1.149999976158142,1.149999976158142,1.149999976158142,300.0,AEHR
2012-08-29,13.0,13.0600004196167,12.8100004196167,12.90999984741211,12.90999984741211,219300.0,AEIS
2012-08-29,11.59000015258789,11.619999885559082,11.5,11.579999923706055,10.745426177978516,268100.0,AEL
2012-08-29,47.08000183105469,47.36999893188477,46.22999954223633,46.459999084472656,41.70394515991211,1530700.0,AEM
2012-08-29,75.0,75.0,67.5,75.0,75.0,0.0,AEMD
2012-08-29,22.1200008392334,22.440000534057614,22.09000015258789,22.3700008392334,17.62847137451172,2608300.0,AEO
2012-08-29,42.91999816894531,43.08000183105469,42.68000030517578,42.97999954223633,32.687206268310554,2025200.0,AEP
2012-08-29,12.630000114440918,12.68000030517578,12.529999732971193,12.579999923706055,12.579999923706055,176900.0,AER
2012-08-29,11.449999809265135,11.56999969482422,11.4399995803833,11.520000457763672,9.08334255218506,4616300.0,AES
2012-08-29,2.0999999046325684,2.190000057220459,2.0999999046325684,2.190000057220459,2.190000057220459,20600.0,AEY
2012-08-29,294.0,294.0,282.0,288.0,288.0,800.0,AEZS
2012-08-29,15.8100004196167,15.890000343322756,15.779999732971193,15.880000114440918,10.630350112915039,82400.0,AFB
2012-08-29,25.0,25.11000061035156,25.0,25.059999465942386,14.793484687805176,6600.0,AFC
2012-08-29,37.40999984741211,37.40999984741211,37.040000915527344,37.13999938964844,28.11501121520996,315400.0,AFG
2012-08-29,23.145000457763672,23.23500061035156,23.03499984741211,23.165000915527344,16.927576065063473,2822800.0,AFL
2012-08-29,19.549999237060547,19.549999237060547,19.26000022888184,19.450000762939453,11.010966300964355,131100.0,AFT
2012-08-29,19.07999992370605,19.149999618530273,18.59000015258789,18.690000534057614,18.690000534057614,516600.0,AG
2012-08-29,41.7400016784668,42.2599983215332,41.27999877929688,42.11000061035156,39.44306182861328,604200.0,AGCO
2012-08-29,11.520000457763672,11.520000457763672,11.399999618530273,11.399999618530273,6.006265640258789,58800.0,AGD
2012-08-29,0.3350000083446503,0.3350000083446503,0.33000001311302185,0.33000001311302185,0.33000001311302185,10650.0,AGE
2012-08-29,4.639999866485597,4.78000020980835,4.619999885559082,4.75,4.75,61500.0,AGEN
2012-08-29,18.46999931335449,18.46999931335449,18.40999984741211,18.440000534057614,17.21159553527832,6500.0,AGI
2012-08-29,17.93000030517578,17.93000030517578,17.93000030517578,17.93000030517578,14.434447288513185,0.0,AGM-A
2012-08-29,24.13999938964844,24.86000061035156,24.10000038146973,24.770000457763672,20.494409561157227,18100.0,AGM
2012-08-29,82.72000122070312,83.0,82.0,82.12000274658203,77.59449005126953,1237300.0,AGN
2012-08-29,34.450000762939446,34.759998321533196,34.450000762939446,34.689998626708984,12.888266563415527,4782400.0,AGNC
2012-08-29,12.899999618530273,13.210000038146973,12.850000381469727,13.1899995803833,11.546384811401367,1349200.0,AGO
2012-08-29,10.300000190734863,10.300000190734863,10.079999923706056,10.15999984741211,10.15999984741211,51600.0,AGRO
2012-08-29,16.920000076293945,16.920000076293945,16.479999542236328,16.649999618530273,13.71369457244873,14700.0,AGX
2012-08-29,8.699999809265138,8.699999809265138,8.539999961853027,8.579999923706055,8.579999923706055,20300.0,AGYS
2012-08-29,4.739999771118164,4.760000228881836,4.699999809265137,4.75,2.2511122226715092,119800.0,AHC
2012-08-29,5.380000114440918,5.380000114440918,5.380000114440918,5.380000114440918,5.380000114440918,3900.0,AHPI
2012-08-29,5.091289520263672,5.254110813140869,5.08502721786499,5.222798824310303,3.027060270309448,275100.0,AHT
2012-08-29,23.020000457763672,23.020000457763672,22.95000076293945,23.0,7.073469161987305,59100.0,AI
2012-08-29,34.36999893188477,34.560001373291016,33.889999389648445,33.939998626708984,29.68408203125,7378500.0,AIG
2012-08-29,337.92498779296875,364.32598876953125,330.0050048828125,336.34100341796875,336.34100341796875,2800.0,AIM
2012-08-29,18.57999992370605,18.790000915527344,18.350000381469727,18.63999938964844,16.188201904296875,96900.0,AIMC
2012-08-29,21.170000076293945,21.40999984741211,21.07999992370605,21.299999237060547,18.83134651184082,118300.0,AIN
2012-08-29,10.300000190734863,10.300000190734863,9.989999771118164,10.199999809265137,10.199999809265137,2194.0,AINC
2012-08-29,24.03000068664551,24.38999938964844,24.0,24.270000457763672,10.286219596862793,371100.0,AINV
2012-08-29,8.458999633789062,8.458999633789062,8.458999633789062,8.458999633789062,8.271049499511719,0.0,AIO
2012-08-29,14.699999809265135,14.989999771118164,14.6899995803833,14.869999885559082,13.709627151489258,229700.0,AIR
2012-08-29,5.599999904632568,5.599999904632568,5.599999904632568,5.599999904632568,4.736130237579347,0.0,AIRI
2012-08-29,5.733333110809326,5.746666431427003,5.733333110809326,5.746666431427003,5.576310634613037,3100.0,AIRT
2012-08-29,40.650001525878906,41.060001373291016,40.310001373291016,40.79999923706055,34.79357147216797,133000.0,AIT
2012-08-29,26.8799991607666,26.899999618530273,26.65999984741211,26.68000030517578,20.8911247253418,622100.0,AIV
2012-08-29,33.560001373291016,33.990001678466804,33.360000610351555,33.97999954223633,29.06745338439941,610500.0,AIZ
2012-08-29,35.9900016784668,36.040000915527344,35.75,35.959999084472656,28.62953948974609,339000.0,AJG
2012-08-29,9.0,9.239999771118164,8.960000038146973,9.109999656677246,9.109999656677246,655700.0,AJRD
2012-08-29,6.111000061035156,6.111000061035156,6.111000061035156,6.111000061035156,4.914380073547363,0.0,AJXA
2012-08-29,37.459999084472656,37.79999923706055,37.310001373291016,37.68000030517578,37.68000030517578,1852500.0,AKAM
2012-08-29,3.759999990463257,3.759999990463257,3.619999885559082,3.619999885559082,3.619999885559082,261900.0,AKG
2012-08-29,24.729999542236328,24.82999992370605,24.56999969482422,24.770000457763672,18.655004501342773,176000.0,AKR
2012-08-29,13.25,13.699999809265135,13.119999885559082,13.4399995803833,13.4399995803833,759600.0,AKRX
2012-08-29,20.780000686645508,20.8700008392334,20.649999618530273,20.82999992370605,19.52018928527832,104800.0,AL
2012-08-29,2.9500000476837163,2.9500000476837163,2.9500000476837163,2.9500000476837163,2.9500000476837163,0.0,ALACR
2012-08-29,54.72999954223633,54.81999969482422,54.209999084472656,54.72999954223633,48.1314582824707,1713300.0,ALB
2012-08-29,89.4000015258789,89.69999694824219,87.30000305175781,89.69999694824219,89.69999694824219,200.0,ALBO
2012-08-29,5.269999980926514,5.269999980926514,5.230000019073486,5.25,5.25,189405.0,ALC
2012-08-29,31.45000076293945,32.0,30.88999938964844,32.0,30.076505661010746,19300.0,ALCO
2012-08-29,41.599998474121094,41.61999893188477,41.290000915527344,41.45000076293945,31.92057037353516,250300.0,ALE
2012-08-29,29.93000030517578,30.11000061035156,29.54999923706055,29.60000038146973,17.712297439575195,73700.0,ALEX
2012-08-29,29.149999618530273,29.95000076293945,28.96999931335449,29.93000030517578,28.70065498352051,18700.0,ALG
2012-08-29,33.59999847412109,34.049999237060554,33.189998626708984,33.990001678466804,33.990001678466804,545800.0,ALGN
2012-08-29,66.04000091552734,66.73999786376953,65.62000274658203,66.05000305175781,56.17415237426758,104800.0,ALGT
2012-08-29,2.2699999809265137,2.3399999141693115,2.2699999809265137,2.299999952316284,2.299999952316284,7500.0,ALIM
2012-08-29,0.3899999856948853,0.41999998688697815,0.3899999856948853,0.41999998688697815,0.41999998688697815,4500.0,ALJJ
2012-08-29,16.770000457763672,16.844999313354492,16.545000076293945,16.75,14.764952659606935,882200.0,ALK
2012-08-29,18.309999465942386,18.709999084472656,18.18000030517578,18.59000015258789,18.59000015258789,1146600.0,ALKS
2012-08-29,37.400001525878906,37.5,37.15999984741211,37.33000183105469,32.325000762939446,2913000.0,ALL
2012-08-29,26.489999771118164,26.489999771118164,25.53000068664551,25.79999923706055,25.79999923706055,320400.0,ALLT
2012-08-29,18.239999771118164,18.739999771118164,18.239999771118164,18.450000762939453,18.450000762939453,324000.0,ALNY
2012-08-29,23.79999923706055,23.79999923706055,22.60000038146973,22.899999618530273,22.899999618530273,6300.0,ALO
2012-08-29,8.0,8.0,7.5,7.889999866485597,6.656569004058838,3100.0,ALOT
2012-08-29,9.333333015441896,9.333333015441896,9.333333015441896,9.333333015441896,7.761814594268799,0.0,ALRS
2012-08-29,2.1600000858306885,2.1700000762939453,2.1300001144409184,2.1400001049041752,2.0948524475097656,160100.0,ALSK
2012-08-29,18.950000762939453,19.049999237060547,18.780000686645508,18.8700008392334,16.623811721801758,222600.0,ALSN
2012-08-29,1.125,1.125,1.125,1.125,1.125,0.0,ALT
2012-08-29,43.27089309692383,43.47262191772461,42.98991394042969,43.05475616455078,34.14192581176758,1006800.0,ALV
2012-08-29,453.5700073242188,453.5700073242188,451.5199890136719,453.3699951171875,244.4913787841797,800.0,ALX
2012-08-29,107.77999877929688,107.94000244140624,106.01000213623048,106.56999969482422,106.56999969482422,913100.0,ALXN
2012-08-29,3.7100000381469727,3.920000076293945,3.7100000381469727,3.829999923706055,2.8379955291748047,5000.0,ALYA
2012-08-29,14.960000038146973,14.960000038146973,14.699999809265135,14.920000076293945,14.920000076293945,30000.0,AMAG
2012-08-29,11.630000114440918,11.760000228881836,11.520000457763672,11.699999809265135,10.170827865600586,9637800.0,AMAT
2012-08-29,7.550000190734862,7.550000190734862,7.550000190734862,7.550000190734862,5.879887104034424,0.0,AMCR
2012-08-29,38.63999938964844,39.4900016784668,38.29999923706055,38.959999084472656,38.959999084472656,328000.0,AMCX
2012-08-29,3.7999999523162837,3.839999914169312,3.759999990463257,3.7699999809265137,3.7699999809265137,10004700.0,AMD
2012-08-29,34.40999984741211,34.630001068115234,34.34000015258789,34.5,32.784461975097656,1086100.0,AME
2012-08-29,14.699999809265135,14.869999885559082,14.520000457763672,14.770000457763672,14.770000457763672,120600.0,AMED
2012-08-29,4.699999809265137,4.699999809265137,4.699999809265137,4.699999809265137,4.699999809265137,0.0,AMEH
2012-08-29,118.69000244140624,119.31999969482422,118.2699966430664,118.43000030517578,114.8481216430664,450500.0,AMG
2012-08-29,83.68000030517578,84.12999725341797,83.58000183105469,83.72000122070312,69.840087890625,2870900.0,AMGN
2012-08-29,39.45000076293945,39.5,39.20000076293945,39.459999084472656,24.27855491638184,514700.0,AMJ
2012-08-29,3.7999999523162837,3.7999999523162837,3.7999999523162837,3.7999999523162837,3.7999999523162837,0.0,AMK
2012-08-29,4.699999809265137,4.75,4.6599998474121085,4.679999828338623,4.679999828338623,936300.0,AMKR
2012-08-29,7.920000076293945,8.369999885559082,7.920000076293945,8.279999732971191,8.279999732971191,177400.0,AMN
2012-08-29,22.46999931335449,22.649999618530273,22.40999984741211,22.649999618530273,17.316530227661133,8900.0,AMNB
2012-08-29,6.050000190734862,6.130000114440918,6.039999961853027,6.110000133514403,5.848304271697997,2000.0,AMOT
2012-08-29,25.5,25.59000015258789,25.309999465942386,25.3700008392334,20.741256713867188,11400.0,AMOV
2012-08-29,54.61000061035156,54.95000076293945,54.349998474121094,54.45000076293945,45.14364242553711,706400.0,AMP
2012-08-29,2.869999885559082,2.9200000762939453,2.759999990463257,2.809999942779541,2.809999942779541,434100.0,AMPE
2012-08-29,81.30000305175781,81.9000015258789,79.5999984741211,80.0999984741211,22.99332618713379,12400.0,AMPY
2012-08-29,6.869999885559082,6.9000000953674325,6.860000133514403,6.880000114440918,6.5516419410705575,2000.0,AMRB
2012-08-29,12.109999656677244,12.15999984741211,11.949999809265135,12.140000343322756,12.140000343322756,102800.0,AMRC
2012-08-29,13.130000114440918,13.130000114440918,12.899999618530273,13.0600004196167,13.0600004196167,4006700.0,AMRN
2012-08-29,49.5,50.25,48.29999923706055,49.04999923706055,49.04999923706055,12600.0,AMRS
2012-08-29,2.890000104904175,2.9800000190734863,2.7799999713897705,2.940000057220459,2.940000057220459,1300.0,AMS
2012-08-29,37.70000076293945,38.79999923706055,37.70000076293945,38.79999923706055,38.79999923706055,11500.0,AMSC
2012-08-29,25.63999938964844,25.86000061035156,25.459999084472656,25.709999084472656,17.247514724731445,20700.0,AMSF
2012-08-29,8.649999618530272,9.0,8.470000267028809,9.0,6.3649210929870605,55900.0,AMSWA
2012-08-29,69.33000183105469,70.01999664306639,69.30999755859375,69.75,60.80038833618164,1222200.0,AMT
2012-08-29,16.649999618530273,16.90999984741211,16.629999160766598,16.850000381469727,13.93560791015625,1626400.0,AMTD
2012-08-29,24.81999969482422,24.84000015258789,24.81999969482422,24.84000015258789,15.31761360168457,11500.0,AMU
2012-08-29,19.649999618530273,20.07999992370605,19.170000076293945,19.479999542236328,19.479999542236328,11200.0,AMWD
2012-08-29,25.60000038146973,25.690000534057614,25.29999923706055,25.35000038146973,21.595922470092773,3483400.0,AMX
2012-08-29,246.77999877929688,247.6100006103516,244.58999633789062,247.1199951171875,247.1199951171875,1772600.0,AMZN
2012-08-29,40.52000045776367,40.58000183105469,40.22999954223633,40.38999938964844,40.38999938964844,234200.0,AN
2012-08-29,69.55000305175781,70.5,69.51999664306639,70.26000213623047,55.16219711303711,7000.0,ANAT
2012-08-29,26.886667251586914,27.07333374023437,26.68000030517578,26.85333251953125,23.30425262451172,173700.0,ANDE
2012-08-29,36.08000183105469,36.40999984741211,35.58000183105469,35.939998626708984,27.221254348754886,1254600.0,ANF
2012-08-29,9.600000381469727,10.40999984741211,9.3100004196167,10.220000267028807,10.220000267028807,1312900.0,ANGI
2012-08-29,11.170000076293944,11.4399995803833,11.06999969482422,11.390000343322756,11.390000343322756,132600.0,ANGO
2012-08-29,6.769999980926514,6.860000133514403,6.760000228881836,6.8499999046325675,2.9561479091644287,1304400.0,ANH
2012-08-29,14.289999961853027,14.369999885559082,14.010000228881836,14.289999961853027,14.289999961853027,51200.0,ANIK
2012-08-29,9.239999771118164,9.239999771118164,8.880000114440918,8.880000114440918,8.880000114440918,28600.0,ANIP
2012-08-29,3.0,3.25,2.75,3.0,3.0,3300.0,ANIX
2012-08-29,69.19000244140625,69.94000244140625,69.16000366210939,69.70999908447266,69.70999908447266,463500.0,ANSS
2012-08-29,7.449999809265138,7.5999999046325675,7.25,7.4000000953674325,7.4000000953674325,6100.0,ANTE
2012-08-29,60.54999923706055,62.47000122070313,60.29999923706055,61.79999923706055,54.63345718383789,12619700.0,ANTM
2012-08-29,8.189999580383299,8.239999771118164,8.119999885559082,8.149999618530272,8.149999618530272,544800.0,AOBC
2012-08-29,8.720000267028809,8.739999771118164,8.680000305175781,8.699999809265138,4.467933654785156,475700.0,AOD
2012-08-29,52.2599983215332,52.38000106811523,51.9900016784668,52.02000045776367,47.76518630981445,1012300.0,AON
2012-08-29,13.582500457763672,13.637499809265135,13.457500457763672,13.577500343322756,11.473846435546875,1176800.0,AOS
2012-08-29,9.779999732971193,9.979999542236328,9.710000038146973,9.739999771118164,9.739999771118164,40600.0,AOSL
2012-08-29,17.15999984741211,17.280000686645508,16.90999984741211,17.030000686645508,14.186213493347168,18500.0,AP
2012-08-29,86.95999908447266,87.12000274658203,86.38999938964844,86.52999877929688,74.59080505371094,1386500.0,APA
2012-08-29,76.22571563720703,76.49398803710938,75.66142272949219,75.88343811035156,61.0791130065918,1315700.0,APD
2012-08-29,264.0,336.0,264.0,336.0,336.0,800.0,APDN
2012-08-29,33.029998779296875,33.509998321533196,32.810001373291016,33.310001373291016,33.310001373291016,172800.0,APEI
2012-08-29,458.1499938964844,458.1499938964844,431.20001220703125,441.9800109863281,441.9800109863281,300.0,APEN
2012-08-29,39.150001525878906,39.150001525878906,38.70000076293945,38.90999984741211,37.255516052246094,4400.0,APEX
2012-08-29,30.38999938964844,30.61000061035156,30.1200008392334,30.399999618530273,27.82122230529785,1042800.0,APH
2012-08-29,0.8510000109672546,0.878000020980835,0.8510000109672546,0.878000020980835,0.878000020980835,0.0,APM
2012-08-29,13.5,13.68000030517578,13.420000076293945,13.5,8.688080787658691,112900.0,APO
2012-08-29,16.049999237060547,16.139999389648438,15.920000076293945,15.989999771118164,14.471158027648926,55800.0,APOG
2012-08-29,3.9500000476837163,4.0,3.9500000476837163,4.0,4.0,6000.0,APPS
2012-08-29,1.3899999856948853,1.3899999856948853,1.3899999856948853,1.3899999856948853,1.3899999856948853,10800.0,APT
2012-08-29,5.760000228881836,5.760000228881836,5.760000228881836,5.760000228881836,5.760000228881836,0.0,APTO
2012-08-29,8.300000190734862,8.300000190734862,8.220000267028809,8.220000267028809,4.824026107788086,2900.0,APTS
2012-08-29,25.523889541625977,25.58256530761719,25.054485321044922,25.31433296203613,22.69521903991699,3255300.0,APTV
2012-08-29,2.9500000476837163,2.9500000476837163,2.9500000476837163,2.9500000476837163,2.768406391143799,0.0,APWC
2012-08-29,6.789999961853027,6.789999961853027,6.75,6.75,4.744781494140625,3000.0,AQN
2012-08-29,0.5400000214576721,0.550000011920929,0.5400000214576721,0.550000011920929,0.550000011920929,60000.0,ARA
2012-08-29,1.5900000333786009,1.6100000143051147,1.559999942779541,1.6100000143051147,1.6100000143051147,297334.0,ARAV
2012-08-29,6.190000057220459,6.309999942779541,6.170000076293945,6.239999771118164,6.239999771118164,221200.0,ARAY
2012-08-29,4.199999809265137,4.260000228881837,4.170000076293944,4.179999828338623,4.1483330726623535,66100.0,ARC
2012-08-29,9.289999961853027,9.329999923706056,9.119999885559082,9.1899995803833,8.527726173400879,242100.0,ARCB
2012-08-29,17.190000534057614,17.290000915527347,17.15999984741211,17.280000686645508,8.257841110229492,1470700.0,ARCC
2012-08-29,13.15999984741211,13.260000228881836,13.100000381469727,13.170000076293945,12.035091400146484,663100.0,ARCO
2012-08-29,11.460000038146973,11.81999969482422,11.460000038146973,11.800000190734865,11.800000190734865,3689282.0,ARCT
2012-08-29,74.05999755859375,74.30999755859375,73.4800033569336,74.0999984741211,57.60284805297852,215100.0,ARE
2012-08-29,19.717113494873047,19.717113494873047,19.494985580444336,19.586450576782227,16.892385482788086,75800.0,ARGO
2012-08-29,17.510000228881836,17.540000915527347,17.430000305175778,17.540000915527347,7.854783058166504,189500.0,ARI
2012-08-29,16.350000381469727,16.360000610351562,16.040000915527347,16.239999771118164,11.353835105895994,3600.0,ARKR
2012-08-29,2.200000047683716,2.200000047683716,2.200000047683716,2.200000047683716,2.200000047683716,0.0,ARL
2012-08-29,31.13999938964844,31.40500068664551,30.84499931335449,31.28000068664551,15.19646453857422,109600.0,ARLP
2012-08-29,980.0,980.0,840.0,840.0,840.0,0.0,ARMP
2012-08-29,92.5999984741211,93.5999984741211,92.0,92.5,92.5,887400.0,ARNA
2012-08-29,19.160419464111328,19.317840576171875,19.00299835205078,19.20539665222168,17.87400245666504,5645400.0,ARNC
2012-08-29,18.770000457763672,18.770000457763672,18.299999237060547,18.600000381469727,14.188690185546875,496000.0,AROC
2012-08-29,21.1362361907959,21.212326049804688,20.713510513305664,21.170053482055664,16.262321472167972,12700.0,AROW
2012-08-29,58.88000106811523,59.68000030517578,58.88000106811523,59.599998474121094,32.16062164306641,757000.0,ARR
2012-08-29,22.200000762939453,22.489999771118164,21.86000061035156,22.46999931335449,17.677276611328125,16200.0,ARTNA
2012-08-29,6.699999809265138,6.75,6.699999809265138,6.75,6.455879211425781,800.0,ARTW
2012-08-29,36.63999938964844,36.959999084472656,36.22999954223633,36.77000045776367,36.77000045776367,347600.0,ARW
2012-08-29,2.740000009536743,2.740000009536743,2.6800000667572017,2.690000057220459,2.690000057220459,90600.0,ARWR
2012-08-29,22.84000015258789,22.86000061035156,22.440000534057614,22.5,21.43702507019043,100600.0,ASA
2012-08-29,12.960000038146973,13.130000114440918,12.9399995803833,13.09000015258789,10.881667137145996,591400.0,ASB
2012-08-29,9.09000015258789,9.170000076293944,8.960000038146973,9.0,4.089151382446288,20000.0,ASFI
2012-08-29,4.059999942779541,4.079999923706056,4.010000228881837,4.070000171661377,2.2676920890808105,84100.0,ASG
2012-08-29,16.299999237060547,16.459999084472653,16.120000839233402,16.309999465942386,16.309999465942386,174800.0,ASGN
2012-08-29,35.82191848754883,35.82191848754883,35.269081115722656,35.591976165771484,29.960552215576172,1070400.0,ASH
2012-08-29,1.5,1.5,1.3799999952316284,1.4199999570846558,1.4199999570846558,32500.0,ASM
2012-08-29,18.700000762939453,19.100000381469727,18.25,18.399999618530273,18.399999618530273,11200.0,ASMB
2012-08-29,57.02999877929688,57.349998474121094,56.59000015258789,56.9900016784668,42.34621810913086,1218100.0,ASML
2012-08-29,390.6000061035156,403.0,389.7999877929688,401.6000061035156,401.6000061035156,76600.0,ASNA
2012-08-29,85.61000061035156,86.79000091552734,85.37999725341797,85.58999633789062,85.58999633789062,94600.0,ASPS
2012-08-29,84.61000061035156,84.77999877929688,83.5199966430664,84.44000244140625,71.34651947021484,18800.0,ASR
2012-08-29,5.260000228881836,5.400000095367432,5.190000057220459,5.260000228881836,5.260000228881836,183100.0,ASRT
2012-08-29,2.8199999332427983,2.8499999046325684,2.799999952316284,2.8499999046325684,2.549488067626953,10700.0,ASRV
2012-08-29,26.61000061035156,26.61000061035156,26.61000061035156,26.61000061035156,14.66527271270752,100.0,ASRVP
2012-08-29,5.8499999046325675,6.0,5.8499999046325675,6.0,6.0,9700.0,ASTC
2012-08-29,29.6200008392334,29.79999923706055,29.209999084472656,29.54999923706055,26.59634780883789,79900.0,ASTE
2012-08-29,7.730000019073486,8.0,7.679999828338622,7.860000133514403,7.860000133514403,33800.0,ASUR
2012-08-29,3.640000104904175,3.670000076293945,3.609999895095825,3.660000085830689,2.532144546508789,488000.0,ASX
2012-08-29,3.900000095367432,3.9600000381469727,3.900000095367432,3.940000057220459,3.940000057220459,8900.0,ASYS
2012-08-29,14.329999923706055,14.34000015258789,14.119999885559082,14.15999984741211,10.760039329528807,305100.0,AT
2012-08-29,5.880000114440918,5.9000000953674325,5.800000190734862,5.809999942779541,3.0670816898345947,176000.0,ATAX
2012-08-29,0.8691580295562744,0.8691580295562744,0.8691580295562744,0.8691580295562744,0.8691580295562744,104.0,ATCO
2012-08-29,19.31999969482422,19.799999237060547,19.31999969482422,19.799999237060547,19.799999237060547,3600.0,ATEC
2012-08-29,19.100000381469727,19.209999084472656,18.520000457763672,18.600000381469727,17.6229305267334,1480500.0,ATGE
2012-08-29,10.140000343322754,10.859999656677246,9.479999542236328,10.020000457763672,10.020000457763672,62300.0,ATHE
2012-08-29,1.5199999809265137,1.5700000524520874,1.5099999904632568,1.5099999904632568,1.5099999904632568,60200.0,ATHX
2012-08-29,30.559999465942386,30.6299991607666,30.06999969482422,30.20000076293945,27.365875244140625,906600.0,ATI
2012-08-29,5.8499999046325675,6.0,5.8499999046325675,5.980000019073486,5.980000019073486,251800.0,ATLC
2012-08-29,21.149999618530273,21.76000022888184,21.1200008392334,21.76000022888184,17.052263259887695,3800.0,ATLO
2012-08-29,38.0,38.41999816894531,37.09000015258789,38.36999893188477,33.44758987426758,36400.0,ATNI
2012-08-29,35.29999923706055,35.40999984741211,35.049999237060554,35.20000076293945,28.72631072998047,296900.0,ATO
2012-08-29,50.93999862670898,51.13999938964844,50.790000915527344,50.91999816894531,45.25367736816406,148500.0,ATR
2012-08-29,6.6599998474121085,7.039999961853027,6.6599998474121085,7.039999961853027,7.039999961853027,36900.0,ATRC
2012-08-29,223.17999267578125,223.22000122070312,219.25,221.3500061035156,196.92620849609372,2200.0,ATRI
2012-08-29,10.156197547912598,10.756454467773438,10.156197547912598,10.678643226623537,8.83727741241455,55900.0,ATRO
2012-08-29,3.9300000667572017,4.0,3.900000095367432,3.990000009536743,3.990000009536743,525900.0,ATRS
2012-08-29,4.710000038146973,4.760000228881836,4.6599998474121085,4.730000019073486,4.730000019073486,554300.0,ATSG
2012-08-29,19.53333282470703,19.53333282470703,19.53333282470703,19.53333282470703,9.177850723266602,0.0,ATV
2012-08-29,11.75,11.859999656677244,11.6899995803833,11.789999961853027,11.101637840270996,3716500.0,ATVI
2012-08-29,31.51000022888184,31.809999465942386,31.09000015258789,31.1299991607666,30.08527374267578,1962300.0,AU
2012-08-29,14.6899995803833,14.949999809265135,14.6899995803833,14.899999618530273,12.219541549682615,19000.0,AUB
2012-08-29,23.0,23.0,23.0,23.0,18.125417709350586,0.0,AUBN
2012-08-29,1.3700000047683716,1.399999976158142,1.3700000047683716,1.399999976158142,1.31732177734375,26900.0,AUDC
2012-08-29,5.289999961853027,5.289999961853027,5.0900001525878915,5.179999828338623,5.179999828338623,78300.0,AUMN
2012-08-29,3.7699999809265137,3.7999999523162837,3.559999942779541,3.690000057220459,3.690000057220459,14200.0,AUTO
2012-08-29,16.5,16.579999923706055,16.209999084472653,16.430000305175778,14.711435317993164,3545800.0,AUY
2012-08-29,25.459999084472656,25.649999618530273,25.38999938964844,25.53000068664551,19.385421752929688,185500.0,AVA
2012-08-29,23.90999984741211,24.1200008392334,23.729999542236328,23.989999771118164,23.989999771118164,55800.0,AVAV
2012-08-29,143.49000549316406,143.86000061035156,142.7899932861328,142.9199981689453,111.87086486816406,357700.0,AVB
2012-08-29,27.95000076293945,28.59000015258789,27.899999618530273,28.21999931335449,26.94738578796387,119900.0,AVD
2012-08-29,4.880000114440918,5.03000020980835,4.75,4.809999942779541,4.809999942779541,8900.0,AVDL
2012-08-29,95.0,95.9000015258789,94.4000015258789,95.0999984741211,95.0999984741211,19600.0,AVEO
2012-08-29,36.38999938964844,36.86000061035156,36.22000122070313,36.599998474121094,30.57770156860352,1195200.0,AVGO
2012-08-29,9.4399995803833,9.510000228881836,9.34000015258789,9.489999771118164,9.489999771118164,217600.0,AVID
2012-08-29,15.84000015258789,15.920000076293945,15.81999969482422,15.81999969482422,8.642080307006836,78600.0,AVK
2012-08-29,28.07999992370605,28.07999992370605,26.8799991607666,27.239999771118164,27.239999771118164,11800.0,AVNW
2012-08-29,32.36999893188477,32.779998779296875,32.25,32.65999984741211,29.121112823486328,707800.0,AVT
2012-08-29,4.400000095367432,4.480000019073486,4.400000095367432,4.440000057220459,4.440000057220459,6600.0,AVXL
2012-08-29,31.07999992370605,31.71999931335449,31.04999923706055,31.3700008392334,26.21252250671387,535600.0,AVY
2012-08-29,15.850000381469727,15.899999618530273,15.81999969482422,15.850000381469727,8.206336975097656,118400.0,AWF
2012-08-29,43.13999938964844,43.45000076293945,42.83000183105469,43.290000915527344,42.73468399047852,156400.0,AWI
2012-08-29,37.47000122070313,37.63000106811523,37.27000045776367,37.36000061035156,31.45020866394043,521800.0,AWK
2012-08-29,6.929999828338622,6.96999979019165,6.9000000953674325,6.96999979019165,3.405290126800537,224800.0,AWP
2012-08-29,21.9950008392334,22.149999618530273,21.959999084472656,22.049999237060547,18.204912185668945,122600.0,AWR
2012-08-29,6.03000020980835,6.059999942779541,5.980000019073486,6.050000190734862,3.288038969039917,51900.0,AWRE
2012-08-29,3.7999999523162837,3.7999999523162837,3.7999999523162837,3.7999999523162837,3.7999999523162837,100.0,AWX
2012-08-29,5.692500114440918,5.862500190734862,5.6599998474121085,5.827499866485597,5.827499866485597,349200.0,AX
2012-08-29,2.0299999713897705,2.0299999713897705,1.9700000286102293,2.0,2.0,829100.0,AXAS
2012-08-29,2.8499999046325684,3.0,2.8499999046325684,2.880000114440918,2.880000114440918,13200.0,AXDX
2012-08-29,61.33000183105469,61.849998474121094,61.04999923706055,61.2400016784668,57.92471313476562,195400.0,AXE
2012-08-29,3.0499999523162837,3.0999999046325684,3.009999990463257,3.0499999523162837,3.0499999523162837,13300.0,AXGN
2012-08-29,10.920000076293944,11.210000038146973,10.850000381469727,11.050000190734863,11.050000190734863,1146600.0,AXL
2012-08-29,1.5839999914169312,1.5839999914169312,1.5839999914169312,1.5839999914169312,1.339707851409912,0.0,AXO
2012-08-29,57.59000015258789,57.7599983215332,57.18000030517578,57.41999816894531,51.24003601074219,3162900.0,AXP
2012-08-29,5.690000057220459,5.699999809265138,5.150000095367432,5.269999980926514,5.269999980926514,28300.0,AXR
2012-08-29,33.419998168945305,33.669998168945305,33.290000915527344,33.580001831054695,27.457231521606445,555500.0,AXS
2012-08-29,3.259999990463257,3.259999990463257,3.1800000667572017,3.240000009536743,3.240000009536743,38300.0,AXTI
2012-08-29,3.5899999141693115,3.5999999046325684,3.470000028610229,3.509999990463257,3.509999990463257,185400.0,AXU
2012-08-29,64.05999755859375,65.09999847412111,63.6500015258789,64.31999969482422,62.43185424804688,345500.0,AYI
2012-08-29,40975.609375,40975.609375,40975.609375,40975.609375,40975.609375,0.0,AYTU
2012-08-29,23.47500038146973,23.55500030517578,23.420000076293945,23.5,14.029300689697266,2560200.0,AZN
2012-08-29,365.1300048828125,366.17999267578125,361.5499877929688,363.0,363.0,424600.0,AZO
2012-08-29,24.96999931335449,24.96999931335449,24.28000068664551,24.559999465942386,24.559999465942386,631100.0,AZPN
2012-08-29,32.639999389648445,33.110000610351555,32.40999984741211,32.790000915527344,29.541662216186523,54700.0,AZZ
2012-08-29,23.70000076293945,24.149999618530273,23.59000015258789,23.979999542236328,21.89951515197754,197200.0,B
2012-08-29,71.63999938964844,71.98999786376953,71.12999725341797,71.44000244140625,59.04414367675781,2687200.0,BA
2012-08-29,7.980000019073486,8.100000381469728,7.980000019073486,8.0,7.2176146507263175,106910900.0,BAC
2012-08-29,16.120000839233402,16.25,16.110000610351562,16.25,10.709216117858887,16100.0,BAF
2012-08-29,18.520000457763672,18.709999084472656,18.51000022888184,18.600000381469727,10.413145065307617,146700.0,BAH
2012-08-29,13.460000038146973,13.510000228881836,12.56999969482422,12.65999984741211,9.386457443237305,849666.0,BAK
2012-08-29,50.15999984741211,50.70000076293945,49.95000076293945,50.56999969482422,50.56999969482422,22700.0,BAL
2012-08-29,22.232215881347656,22.29573631286621,22.09882354736328,22.149639129638672,19.11480712890625,1176300.0,BAM
2012-08-29,12.0,12.130000114440918,11.869999885559082,12.0600004196167,9.359020233154297,38400.0,BANC
2012-08-29,20.9950008392334,21.21999931335449,20.90999984741211,21.21999931335449,17.683685302734375,38400.0,BANF
2012-08-29,26.56999969482422,26.56999969482422,26.56999969482422,26.56999969482422,15.931634902954102,0.0,BANFP
2012-08-29,24.3700008392334,24.63999938964844,24.290000915527344,24.57999992370605,20.276222229003906,147000.0,BANR
2012-08-29,115.01443481445312,115.23580169677734,114.13859558105469,115.0914306640625,88.0576400756836,170800.0,BAP
2012-08-29,1.2799999713897705,1.3899999856948853,1.2599999904632568,1.3400000333786009,1.3400000333786009,1900.0,BASI
2012-08-29,31.84682273864746,31.93916320800781,31.77077674865723,31.83595848083496,25.78628158569336,3073100.0,BAX
2012-08-29,7.010000228881836,7.039999961853027,6.889999866485597,6.9099998474121085,6.9099998474121085,9407600.0,BB
2012-08-29,3.5999999046325684,3.5999999046325684,3.5499999523162837,3.5699999332427983,3.2759838104248047,67000.0,BBAR
2012-08-29,67.19999694824219,67.23999786376953,66.62000274658203,66.76999664306639,57.9149284362793,1592100.0,BBBY
2012-08-29,10.443275451660156,10.487102508544922,10.26170825958252,10.305534362792967,7.0793724060058585,9976600.0,BBD
2012-08-29,23.71999931335449,24.649999618530273,23.71999931335449,24.399999618530273,11.12496566772461,340300.0,BBDC
2012-08-29,12.218181610107422,12.218181610107422,12.218181610107422,12.218181610107422,8.922579765319824,0.0,BBDO
2012-08-29,15.869999885559082,16.020000457763672,15.859999656677244,15.90999984741211,10.23766040802002,19600.0,BBF
2012-08-29,4.900000095367432,5.010000228881836,4.519999980926514,4.869999885559082,3.7340667247772217,5800.0,BBGI
2012-08-29,254.8000030517578,259.70001220703125,250.6000061035156,256.20001220703125,256.20001220703125,5700.0,BBI
2012-08-29,17.239999771118164,17.309999465942386,17.100000381469727,17.219999313354492,10.91024398803711,18700.0,BBK
2012-08-29,60.72000122070313,60.77000045776367,60.22999954223633,60.38999938964844,39.17399215698242,672200.0,BBL
2012-08-29,22.979999542236328,23.190000534057614,22.95000076293945,23.190000534057614,13.60229206085205,141200.0,BBN
2012-08-29,10.050000190734863,10.18000030517578,10.050000190734863,10.050000190734863,10.050000190734863,1400.0,BBQ
2012-08-29,24.920000076293945,25.670000076293945,24.84000015258789,25.1299991607666,22.11855125427246,28200.0,BBSI
2012-08-29,7.289999961853027,7.3400001525878915,7.260000228881836,7.309999942779541,5.114189624786377,2253200.0,BBVA
2012-08-29,4.139999866485597,4.179999828338623,4.110000133514403,4.179999828338623,4.179999828338623,32100.0,BBW
2012-08-29,0.6800000071525574,0.7099999785423279,0.6600000262260437,0.699999988079071,0.6832220554351807,29700.0,BBX
2012-08-29,17.709999084472656,18.290000915527344,17.450000762939453,18.209999084472656,14.70022964477539,10840900.0,BBY
2012-08-29,23.559999465942386,24.0,23.459999084472656,23.86000061035156,21.870269775390625,829600.0,BC
2012-08-29,10.4399995803833,10.5,10.260000228881836,10.489999771118164,7.416252136230469,5800.0,BCBP
2012-08-29,8.640000343322754,8.640000343322754,8.640000343322754,8.640000343322754,8.640000343322754,0.0,BCDA
2012-08-29,45.11000061035156,45.27999877929688,44.959999084472656,45.1500015258789,28.19167709350586,363100.0,BCE
2012-08-29,2236.2236328125,2288.669921875,2227.29638671875,2239.571044921875,2239.571044921875,1100.0,BCEI
2012-08-29,26.28447914123535,26.28447914123535,25.95022201538086,26.02519607543945,18.288549423217773,43200.0,BCH
2012-08-29,3.4500000476837163,3.5999999046325684,3.4500000476837163,3.4500000476837163,3.4500000476837163,13500.0,BCLI
2012-08-29,45.61000061035156,45.61000061035156,45.61000061035156,45.61000061035156,45.61000061035156,300.0,BCM
2012-08-29,7.949999809265138,7.949999809265138,7.760000228881836,7.760000228881836,7.760000228881836,7600.0,BCML
2012-08-29,22.54999923706055,22.739999771118164,22.459999084472656,22.53000068664551,20.63846015930176,187500.0,BCO
2012-08-29,2.789999961853028,2.789999961853028,2.789999961853028,2.789999961853028,0.9833588004112244,0.0,BCOM
2012-08-29,15.5,15.699999809265135,15.449999809265135,15.59000015258789,15.59000015258789,165800.0,BCOR
2012-08-29,12.15999984741211,12.520000457763672,11.989999771118164,12.449999809265135,12.449999809265135,269300.0,BCOV
2012-08-29,36.290000915527344,36.97999954223633,36.13999938964844,36.41999816894531,34.93880844116211,56100.0,BCPC
2012-08-29,4.119999885559082,4.380000114440918,4.099999904632568,4.300000190734863,4.300000190734863,332500.0,BCRX
2012-08-29,10.912442207336426,10.949308395385742,10.79262638092041,10.829493522644043,8.652473449707031,2403900.0,BCS
2012-08-29,9.598007202148438,9.598007202148438,9.598007202148438,9.598007202148438,8.773935317993164,0.0,BCTF
2012-08-29,16.469999313354492,16.510000228881836,16.389999389648438,16.399999618530273,10.513879776000977,2100.0,BCV
2012-08-29,14.18000030517578,14.1899995803833,14.050000190734865,14.100000381469727,7.443510055541992,113200.0,BCX
2012-08-29,35.400001525878906,35.5,34.959999084472656,35.189998626708984,34.294544219970696,145300.0,BDC
2012-08-29,24.60000038146973,24.60000038146973,24.25,24.309999465942386,13.219186782836914,4500.0,BDCS
2012-08-29,20.63999938964844,21.049999237060547,20.63999938964844,20.790000915527344,16.062206268310547,3900.0,BDGE
2012-08-29,7.389999866485597,7.429999828338622,7.369999885559082,7.420000076293945,4.305744171142578,499000.0,BDJ
2012-08-29,7.519999980926514,7.519999980926514,7.519999980926514,7.519999980926514,7.000790596008301,0.0,BDL
2012-08-29,12.199999809265135,12.34000015258789,12.140000343322756,12.329999923706055,8.69151782989502,983300.0,BDN
2012-08-29,1.0,1.0,1.0,1.0,1.0,0.0,BDR
2012-08-29,4.989999771118164,4.989999771118164,4.860000133514403,4.96999979019165,4.96999979019165,135000.0,BDSI
2012-08-29,75.6500015258789,76.05999755859375,75.48999786376953,75.5199966430664,66.43373107910156,1136700.0,BDX
2012-08-29,2.200000047683716,2.3499999046325684,2.1800000667572017,2.2100000381469727,2.2100000381469727,51000.0,BEAT
2012-08-29,27.920000076293945,28.38999938964844,27.79999923706055,27.85000038146973,27.85000038146973,251800.0,BECN
2012-08-29,19.290000915527344,19.290000915527344,19.290000915527344,19.290000915527344,17.356107711791992,0.0,BELFA
2012-08-29,19.82999992370605,20.25,19.63999938964844,19.90999984741211,17.815357208251953,161400.0,BELFB
2012-08-29,39.5099983215332,39.51333236694336,39.20000076293945,39.35333251953125,32.336524963378906,1999500.0,BEN
2012-08-29,30.18000030517578,30.18000030517578,29.649999618530273,29.649999618530273,17.184106826782227,900.0,BEP
2012-08-29,15.050000190734865,15.050000190734865,15.0,15.0,13.075278282165527,700.0,BFC
2012-08-29,7.760000228881836,7.9099998474121085,7.619999885559082,7.739999771118164,6.827405452728272,19300.0,BFIN
2012-08-29,15.369999885559082,15.520000457763672,15.369999885559082,15.520000457763672,9.929732322692873,66400.0,BFK
2012-08-29,15.65999984741211,15.68000030517578,15.630000114440918,15.68000030517578,12.613828659057615,8900.0,BFO
2012-08-29,43.099998474121094,43.20000076293945,42.88999938964844,43.09000015258789,32.78628158569336,122800.0,BFS
2012-08-29,16.549999237060547,16.75,16.549999237060547,16.75,11.256699562072754,8400.0,BFY
2012-08-29,16.09000015258789,16.350000381469727,16.09000015258789,16.350000381469727,10.8524751663208,50300.0,BFZ
2012-08-29,64.12000274658203,64.72000122070311,63.84000015258789,64.37000274658203,53.75996398925781,726700.0,BG
2012-08-29,2.9710609912872314,3.0032155513763428,2.9324758052825928,2.9389066696166988,1.6757436990737915,1276100.0,BGCP
2012-08-29,8.060000419616701,8.510000228881836,7.9099998474121085,8.470000267028809,5.768598556518555,76500.0,BGFV
2012-08-29,17.120000839233402,17.639999389648438,17.030000686645508,17.600000381469727,14.371520042419435,409500.0,BGG
2012-08-29,1.0199999809265137,1.0199999809265137,1.0199999809265137,1.0199999809265137,1.0199999809265137,0.0,BGI
2012-08-29,25.21999931335449,25.239999771118164,24.90999984741211,24.959999084472656,12.099432945251465,66900.0,BGR
2012-08-29,29.70000076293945,29.86000061035156,29.5,29.520000457763672,19.35267448425293,185500.0,BGS
2012-08-29,14.56999969482422,14.640000343322756,14.550000190734865,14.59000015258789,9.24970531463623,52300.0,BGT
2012-08-29,19.0,19.156400680541992,18.900999069213867,19.049999237060547,19.049999237060547,27964.0,BGX
2012-08-29,7.420000076293945,7.440000057220459,7.389999866485597,7.440000057220459,3.925441026687622,243800.0,BGY
2012-08-29,312.50189208984375,312.50189208984375,306.05322265625,308.1481628417969,308.1481628417969,8200.0,BH
2012-08-29,220.0,220.0,220.0,220.0,220.0,0.0,BHAT
2012-08-29,15.702221870422365,15.977777481079102,15.702221870422365,15.942222595214846,11.224937438964844,17100.0,BHB
2012-08-29,51.83000183105469,51.93000030517578,51.459999084472656,51.75,51.75,549700.0,BHC
2012-08-29,16.229999542236328,16.399999618530273,16.09000015258789,16.309999465942386,15.458284378051758,127300.0,BHE
2012-08-29,0.061000000685453415,0.061000000685453415,0.061000000685453415,0.061000000685453415,0.061000000685453415,0.0,BHF
2012-08-29,15.170000076293945,15.300000190734865,15.170000076293945,15.289999961853027,9.395447731018066,114800.0,BHK
2012-08-29,22.59000015258789,22.770000457763672,22.54999923706055,22.75,18.487289428710934,56700.0,BHLB
2012-08-29,67.90000152587889,67.97000122070311,67.36000061035156,67.37000274658203,45.80331802368164,1705500.0,BHP
2012-08-29,0.3100000023841858,0.3100000023841858,0.3100000023841858,0.3100000023841858,0.19409631192684174,5000.0,BHR
2012-08-29,19.540000915527344,19.540000915527344,19.540000915527344,19.540000915527344,13.804290771484375,0.0,BHV
2012-08-29,118.0,118.7699966430664,113.05999755859376,113.0999984741211,113.0999984741211,9709500.0,BIDU
2012-08-29,6.239999771118164,6.260000228881836,6.230000019073486,6.260000228881836,4.507605075836182,62500.0,BIF
2012-08-29,31.18000030517578,31.190000534057614,30.420000076293945,30.43000030517578,25.76338005065918,1042000.0,BIG
2012-08-29,147.16000366210938,147.2100067138672,145.60000610351562,145.88999938964844,145.88999938964844,689500.0,BIIB
2012-08-29,0.8399999737739563,0.8399999737739563,0.75,0.75,0.75,400.0,BIMI
2012-08-29,101.38999938964844,101.87999725341795,100.23999786376952,101.55999755859376,101.55999755859376,22800.0,BIO
2012-08-29,8.184484481811522,8.378199577331543,7.797053337097168,8.184484481811522,8.184484481811522,9400.0,BIOL
2012-08-29,23.57999992370605,23.57999992370605,23.1200008392334,23.26666641235352,14.649667739868164,414600.0,BIP
2012-08-29,4.789999961853027,5.0,4.699999809265137,4.800000190734863,4.800000190734863,13400.0,BITA
2012-08-29,40.29999923706055,41.290000915527344,40.08000183105469,41.04999923706055,39.94216918945313,271500.0,BJRI
2012-08-29,22.420000076293945,22.6299991607666,22.3799991607666,22.559999465942386,19.483362197875977,4716000.0,BK
2012-08-29,9.699999809265137,9.81999969482422,9.649999618530273,9.779999732971193,4.292189598083496,318000.0,BKCC
2012-08-29,21.780000686645508,22.040000915527344,21.75,21.93000030517578,21.93000030517578,1014300.0,BKD
2012-08-29,42.505615234375,42.56420135498047,41.98808670043945,42.18338012695313,31.27997398376465,328700.0,BKE
2012-08-29,6.449999809265138,6.460000038146973,6.360000133514403,6.460000038146973,3.20563006401062,19900.0,BKEP
2012-08-29,8.569999694824219,8.569999694824219,8.569999694824219,8.569999694824219,4.147871494293213,300.0,BKEPP
2012-08-29,34.470001220703125,34.84999847412109,34.470001220703125,34.490001678466804,27.371618270874023,474300.0,BKH
2012-08-29,16.399999618530273,16.530000686645508,16.360000610351562,16.530000686645508,12.545584678649902,30100.0,BKK
2012-08-29,16.629999160766598,16.65999984741211,16.520000457763672,16.639999389648438,10.615972518920898,27700.0,BKN
2012-08-29,591.8200073242188,606.6300048828125,591.02001953125,603.2100219726562,603.2100219726562,982200.0,BKNG
2012-08-29,46.95000076293945,46.97999954223633,45.599998474121094,45.81000137329102,27.970325469970703,3653600.0,BKR
2012-08-29,10.899999618530273,11.018181800842283,10.827272415161133,11.018181800842283,8.462259292602539,13300.0,BKSC
2012-08-29,7.619999885559082,7.630000114440918,7.5999999046325675,7.619999885559082,4.781330108642578,356000.0,BKT
2012-08-29,1.830000042915344,1.8500000238418581,1.7699999809265137,1.7999999523162842,1.5331014394760132,15800.0,BKTI
2012-08-29,25.399999618530273,25.559999465942386,25.190000534057614,25.190000534057614,20.76190757751465,358800.0,BKU
2012-08-29,0.8399999737739563,0.8399999737739563,0.8399999737739563,0.8399999737739563,0.8399999737739563,100.0,BKYI
2012-08-29,7.699999809265138,7.699999809265138,7.699999809265138,7.699999809265138,7.699999809265138,0.0,BLBD
2012-08-29,1.100000023841858,1.100000023841858,1.100000023841858,1.100000023841858,1.100000023841858,86125.0,BLD
2012-08-29,0.9700000286102296,1.0,0.959999978542328,0.9800000190734864,0.9800000190734864,39300.0,BLDP
2012-08-29,4.3400001525878915,4.610000133514403,4.309999942779541,4.559999942779541,4.559999942779541,427400.0,BLDR
2012-08-29,16.5,16.649999618530273,16.459999084472653,16.629999160766598,10.601399421691896,51300.0,BLE
2012-08-29,1.9600000381469729,1.9600000381469729,1.9600000381469729,1.9600000381469729,1.9600000381469729,400.0,BLFS
2012-08-29,1375.0,1550.0,1375.0,1550.0,1550.0,0.0,BLIN
2012-08-29,178.8800048828125,179.1999969482422,176.75,177.14999389648438,143.9814453125,303600.0,BLK
2012-08-29,24.43000030517578,24.6200008392334,23.85000038146973,24.31999969482422,22.69833564758301,233400.0,BLKB
2012-08-29,20.8700008392334,20.98500061035156,20.834999084472656,20.940000534057614,18.76542854309082,1046600.0,BLL
2012-08-29,12.789999961853027,13.09000015258789,12.640000343322756,13.020000457763672,11.877717971801758,148800.0,BLMN
2012-08-29,50.0,51.5,50.0,51.0,51.0,0.0,BLNK
2012-08-29,35.09999847412109,36.150001525878906,34.650001525878906,34.650001525878906,34.650001525878906,1500.0,BLRX
2012-08-29,1.7809200286865234,1.7809200286865234,1.7809200286865234,1.7809200286865234,1.7809200286865234,0.0,BLU
2012-08-29,17.8799991607666,18.0,17.81999969482422,17.889999389648438,10.091241836547852,108600.0,BLW
2012-08-29,21.040000915527344,21.13999938964844,20.979999542236328,21.01000022888184,13.277721405029295,64800.0,BLX
2012-08-29,12.5600004196167,12.68000030517578,12.479999542236328,12.59000015258789,11.027304649353027,97600.0,BMA
2012-08-29,27.29999923706055,27.43000030517578,27.29999923706055,27.399999618530273,13.218022346496582,9400.0,BME
2012-08-29,17.104999542236328,17.399999618530273,17.040000915527347,17.21500015258789,14.834098815917967,53800.0,BMI
2012-08-29,59.0,59.22000122070313,58.099998474121094,58.83000183105469,39.61501693725586,504700.0,BMO
2012-08-29,0.75,0.7900000214576721,0.75,0.7900000214576721,0.7900000214576721,22700.0,BMRA
2012-08-29,19.38500022888184,19.75,19.38500022888184,19.729999542236328,17.23267936706543,4200.0,BMRC
2012-08-29,38.31999969482422,38.4900016784668,37.61999893188477,37.70000076293945,37.70000076293945,535300.0,BMRN
2012-08-29,20.59000015258789,22.299999237060547,20.559999465942386,22.1299991607666,18.283281326293945,10600.0,BMTC
2012-08-29,32.900001525878906,33.11999893188477,32.759998321533196,32.900001525878906,26.332305908203125,8310400.0,BMY
2012-08-29,53.6500015258789,54.22000122070313,53.59000015258789,54.15999984741211,35.37385940551758,930400.0,BNS
2012-08-29,0.9700000286102296,0.9700000286102296,0.9700000286102296,0.9700000286102296,0.9700000286102296,0.0,BNSO
2012-08-29,16.120000839233402,16.420000076293945,16.100000381469727,16.399999618530273,11.152505874633787,22000.0,BNY
2012-08-29,4.2800002098083505,4.300000190734863,4.25,4.2800002098083505,3.6893210411071777,3800.0,BOCH
2012-08-29,13.479999542236328,13.489999771118164,13.420000076293945,13.4399995803833,6.546396732330322,184600.0,BOE
2012-08-29,46.45000076293945,46.75,46.25,46.540000915527344,37.21308135986328,193600.0,BOH
2012-08-29,57.349998474121094,58.40999984741211,57.29999923706055,58.31000137329102,47.721763610839844,61800.0,BOKF
2012-08-29,16.290000915527347,16.680000305175778,16.25,16.579999923706055,15.56091022491455,21700.0,BOOM
2012-08-29,2.0,2.0,2.0,2.0,2.0,0.0,BOSC
2012-08-29,5.349999904632568,5.349999904632568,5.329999923706055,5.329999923706055,4.771371364593506,1900.0,BOTJ
2012-08-29,42.13000106811523,42.2599983215332,41.959999084472656,41.97000122070313,26.76676750183105,2269300.0,BP
2012-08-29,9.56999969482422,9.630000114440918,9.489999771118164,9.600000381469727,7.6419806480407715,289900.0,BPFH
2012-08-29,15.850000381469727,16.239999771118164,15.779999732971193,16.170000076293945,14.473722457885742,783200.0,BPOP
2012-08-29,22.70000076293945,22.70000076293945,22.450000762939453,22.690000534057614,13.621343612670898,6100.0,BPOPM
2012-08-29,23.479999542236328,23.649999618530273,23.38999938964844,23.51000022888184,13.423587799072266,2100.0,BPOPN
2012-08-29,88.5199966430664,89.44999694824219,76.7699966430664,76.7699966430664,29.342193603515625,2888300.0,BPT
2012-08-29,80.0,80.0,80.0,80.0,80.0,0.0,BPTH
2012-08-29,16.600000381469727,16.850000381469727,16.600000381469727,16.850000381469727,11.400484085083008,4300.0,BQH
2012-08-29,23.690000534057614,24.0,23.57999992370605,23.959999084472656,20.37464904785156,541100.0,BR
2012-08-29,28.07999992370605,28.57999992370605,28.06999969482422,28.399999618530273,23.38644981384277,216600.0,BRC
2012-08-29,8.069999694824219,8.100000381469728,7.889999866485597,8.039999961853027,8.039999961853027,15500.0,BREW
2012-08-29,16.34000015258789,16.370000839233402,15.979999542236328,16.139999389648438,15.089986801147461,2834800.0,BRFS
2012-08-29,7.940000057220459,7.940000057220459,7.940000057220459,7.940000057220459,7.882296562194824,0.0,BRID
2012-08-29,8.539999961853027,8.640000343322754,8.539999961853027,8.640000343322754,6.83587646484375,210700.0,BRKL
2012-08-29,12.420000076293945,12.420000076293945,12.119999885559082,12.329999923706055,12.064335823059082,329000.0,BRKR
2012-08-29,7.9099998474121085,8.020000457763674,7.860000133514403,8.0,6.561997890472412,231800.0,BRKS
2012-08-29,3.2999999523162837,3.2999999523162837,3.2999999523162837,3.2999999523162837,3.2999999523162837,0.0,BRN
2012-08-29,12.96500015258789,12.994999885559082,12.845000267028807,12.914999961853027,10.940972328186037,1054800.0,BRO
2012-08-29,6.25,6.300000190734862,6.25,6.300000190734862,5.247276782989502,4200.0,BRT
2012-08-29,2.5199999809265137,2.5199999809265137,2.450000047683716,2.4600000381469727,2.2214198112487797,8220.0,BRY
2012-08-29,22.809200286865234,22.809200286865234,22.809200286865234,22.809200286865234,21.324853897094727,0.0,BSA
2012-08-29,28.819231033325195,28.96538543701172,28.58461570739746,28.873077392578125,21.10326385498047,147400.0,BSAC
2012-08-29,7.739999771118164,7.739999771118164,7.480000019073486,7.510000228881836,4.91200065612793,2809200.0,BSBR
2012-08-29,14.93000030517578,14.970000267028807,14.829999923706055,14.960000038146973,9.640987396240234,38200.0,BSD
2012-08-29,15.470000267028807,15.609999656677244,15.470000267028807,15.5600004196167,10.73221492767334,10200.0,BSE
2012-08-29,11.079999923706056,11.59000015258789,11.050000190734863,11.579999923706055,8.665114402770996,37400.0,BSET
2012-08-29,20.049999237060547,20.200000762939453,19.93000030517578,20.149999618530273,11.744563102722168,68100.0,BSL
2012-08-29,0.12932999432086945,0.13467000424861908,0.12932999432086945,0.13199999928474426,0.08876160532236099,2915250.0,BSM
2012-08-29,3.0199999809265137,3.0199999809265137,3.0,3.0,3.0,10500.0,BSQR
2012-08-29,10.75,11.0,10.4399995803833,10.960000038146973,9.194974899291992,15600.0,BSRR
2012-08-29,12.1899995803833,12.1899995803833,12.1899995803833,12.1899995803833,8.388297080993652,0.0,BST
2012-08-29,18.729999542236328,18.84000015258789,18.25,18.84000015258789,18.84000015258789,4000.0,BSTC
2012-08-29,5.46999979019165,5.579999923706055,5.460000038146973,5.550000190734863,5.550000190734863,10490200.0,BSX
2012-08-29,13.119999885559082,13.119999885559082,13.0,13.109999656677244,8.403133392333983,29300.0,BTA
2012-08-29,46.5,46.599998474121094,45.540000915527344,45.790000915527344,37.986087799072266,86500.0,BTE
2012-08-29,3.7200000286102295,3.7200000286102295,3.7200000286102295,3.7200000286102295,3.6909139156341553,2000.0,BTG
2012-08-29,52.19499969482422,52.31999969482422,52.084999084472656,52.084999084472656,30.944339752197266,282600.0,BTI
2012-08-29,4.329999923706056,4.4099998474121085,4.260000228881837,4.269999980926514,4.269999980926514,68900.0,BTN
2012-08-29,17.149999618530273,17.229999542236328,17.100000381469727,17.149999618530273,11.273191452026367,73800.0,BTO
2012-08-29,13.699999809265135,13.739999771118164,13.619999885559082,13.619999885559082,8.026597023010254,135200.0,BTZ
2012-08-29,83.73999786376953,83.9800033569336,83.51000213623047,83.80999755859375,67.12339782714844,1297400.0,BUD
2012-08-29,18.959999084472656,19.07999992370605,18.799999237060547,19.040000915527344,11.207412719726562,43500.0,BUI
2012-08-29,14.579999923706055,14.850000381469727,14.489999771118164,14.760000228881836,11.603256225585938,19000.0,BUSE
2012-08-29,34.549999237060554,34.639999389648445,33.72999954223633,33.84999847412109,32.421646118164055,808400.0,BVN
2012-08-29,8.130000114440918,8.180000305175781,8.029999732971191,8.130000114440918,8.130000114440918,22900.0,BVSN
2012-08-29,34.22499847412109,34.630001068115234,34.10499954223633,34.560001373291016,31.32179069519043,1387200.0,BWA
2012-08-29,2.0299999713897705,2.0299999713897705,1.950000047683716,1.9800000190734863,1.9800000190734863,42600.0,BWEN
2012-08-29,12.5,13.5,12.5,13.5,12.718270301818848,3300.0,BWFG
2012-08-29,19.170000076293945,19.18000030517578,19.0,19.059999465942386,9.612874984741213,36900.0,BWG
2012-08-29,17.53934097290039,17.725322723388672,17.474964141845707,17.63233184814453,15.993130683898926,401000.0,BWXT
2012-08-29,13.850000381469727,14.039999961853027,13.800000190734865,13.880000114440918,8.210261344909668,1388600.0,BX
2012-08-29,21.899999618530273,22.200000762939453,21.200000762939453,22.200000762939453,22.200000762939453,2900.0,BXC
2012-08-29,5.78000020980835,5.9980998039245605,5.763400077819824,5.829999923706055,5.268187522888184,17037.0,BXG
2012-08-29,31.5,32.09999847412109,30.5,31.0,8.469361305236816,6400.0,BXMT
2012-08-29,12.350000381469727,12.399999618530273,12.31999969482422,12.380000114440918,6.878058910369872,96700.0,BXMX
2012-08-29,112.31999969482422,112.31999969482422,111.29000091552734,111.8499984741211,92.22257232666016,538400.0,BXP
2012-08-29,14.800000190734865,14.93000030517578,14.770000457763672,14.850000381469727,13.171445846557615,389100.0,BXS
2012-08-29,6.010000228881836,6.139999866485597,5.980000019073486,5.989999771118164,5.8536882400512695,1188400.0,BYD
2012-08-29,0.9300000071525574,0.9300000071525574,0.9300000071525574,0.9300000071525574,0.9300000071525574,0.0,BYFC
2012-08-29,16.629999160766598,16.829999923706055,16.629999160766598,16.829999923706055,11.037457466125488,45900.0,BYM
2012-08-29,14.699999809265135,14.75,14.399999618530273,14.649999618530273,14.649999618530273,720100.0,BZH
2012-08-29,18.09000015258789,18.09000015258789,18.0,18.049999237060547,12.912260055541992,5000.0,BZM
2012-08-29,29.270000457763672,30.040000915527344,29.20000076293945,29.90999984741211,27.47141456604004,26634600.0,C
2012-08-29,3.7999999523162837,3.880000114440918,3.75,3.839999914169312,3.7629430294036874,6300.0,CAAS
2012-08-29,24.746665954589844,25.16666603088379,24.66666603088379,24.959999084472656,20.329326629638672,10200.0,CAC
2012-08-29,97.05999755859376,99.33999633789062,96.8499984741211,99.0,99.0,13000.0,CACC
2012-08-29,52.36000061035156,53.0,52.209999084472656,52.68000030517578,52.68000030517578,137200.0,CACI
2012-08-29,10.210000038146973,10.359999656677246,10.199999809265137,10.350000381469727,8.827835083007812,4300.0,CAE
2012-08-29,18.07999992370605,18.149999618530273,17.969999313354492,18.040000915527344,7.733626365661621,114200.0,CAF
2012-08-29,19.649805068969727,19.75875473022461,19.61089515686035,19.64202308654785,15.388490676879885,3870000.0,CAG
2012-08-29,39.68000030517578,40.08000183105469,39.61000061035156,40.02999877929688,32.11145401000977,2005300.0,CAH
2012-08-29,20.25,20.36000061035156,20.100000381469727,20.290000915527344,20.290000915527344,19600.0,CAI
2012-08-29,35.0,35.0,34.509998321533196,34.720001220703125,25.00943946838379,284800.0,CAJ
2012-08-29,33.209999084472656,33.810001373291016,33.209999084472656,33.470001220703125,28.80614280700684,513600.0,CAKE
2012-08-29,14.149999618530273,14.31999969482422,13.68000030517578,14.289999961853027,12.91861057281494,1184500.0,CAL
2012-08-29,20.030000686645508,20.3700008392334,20.01499938964844,20.165000915527344,17.739133834838867,128600.0,CALM
2012-08-29,5.349999904632568,5.559999942779541,5.230000019073486,5.53000020980835,5.53000020980835,321300.0,CALX
2012-08-29,7.119999885559082,7.300000190734862,7.079999923706055,7.25,7.25,125500.0,CAMP
2012-08-29,1.870000004768372,1.870000004768372,1.7999999523162842,1.8600000143051147,1.6521233320236206,9500.0,CAMT
2012-08-29,60.0,65.0,60.0,65.0,65.0,0.0,CAPR
2012-08-29,16.979999542236328,17.229999542236328,16.559999465942386,16.639999389648438,16.639999389648438,1337600.0,CAR
2012-08-29,9.100000381469727,9.100000381469727,9.100000381469727,9.100000381469727,7.84987211227417,500.0,CARE
2012-08-29,28.90819931030273,28.90819931030273,28.90819931030273,28.90819931030273,28.90819931030273,0.0,CARR#
2012-08-29,3.660000085830689,4.269999980926514,3.630000114440918,4.269999980926514,4.269999980926514,1500.0,CARV
2012-08-29,7.666666507720947,7.666666507720947,7.5366668701171875,7.59333324432373,6.9132938385009775,2100.0,CASH
2012-08-29,1.950000047683716,1.9700000286102293,1.9099999666213991,1.950000047683716,1.950000047683716,7900.0,CASI
2012-08-29,27.87878799438477,28.4710750579834,27.68595123291016,28.064739227294922,24.62142372131348,25200.0,CASS
2012-08-29,57.33000183105469,57.40999984741211,56.31000137329102,57.0,52.98770141601562,139500.0,CASY
2012-08-29,85.58000183105469,86.33000183105469,84.44999694824219,86.08999633789062,67.59641265869139,8731900.0,CAT
2012-08-29,35.25,35.5,35.25,35.5,27.45759201049805,200.0,CATC
2012-08-29,28.959999084472656,29.1200008392334,28.709999084472656,28.8700008392334,28.8700008392334,341400.0,CATM
2012-08-29,29.649999618530273,30.25,29.540000915527344,30.06999969482422,20.22121238708496,55300.0,CATO
2012-08-29,8.399999618530272,10.800000190734863,8.399999618530272,10.199999809265137,10.199999809265137,100.0,CATS
2012-08-29,16.239999771118164,16.559999465942386,16.200000762939453,16.489999771118164,14.187660217285154,278700.0,CATY
2012-08-29,73.9000015258789,73.94000244140625,73.41000366210938,73.63999938964844,57.23106002807617,798900.0,CB
2012-08-29,4.130000114440918,4.130000114440918,4.130000114440918,4.130000114440918,3.9504976272583012,0.0,CBAN
2012-08-29,2.450000047683716,2.5,2.150000095367432,2.299999952316284,2.299999952316284,8800.0,CBAT
2012-08-29,22.5,22.649999618530273,22.399999618530273,22.649999618530273,22.649999618530273,135800.0,CBB
2012-08-29,42.36000061035156,42.36000061035156,41.97000122070313,42.099998474121094,39.47019958496094,564300.0,CBD
2012-08-29,19.0,19.0,19.0,19.0,14.132214546203613,0.0,CBFV
2012-08-29,3.75,4.050000190734863,3.75,3.900000095367432,3.344855546951294,31051.0,CBH
2012-08-29,501.8999938964844,505.0499877929688,485.1000061035156,487.20001220703125,361.7625427246094,1100.0,CBIO
2012-08-29,21.3700008392334,21.399999618530273,21.1299991607666,21.32999992370605,11.139670372009276,1094300.0,CBL
2012-08-29,33.799999237060554,35.0,32.0,32.59999847412109,32.59999847412109,3000.0,CBLI
2012-08-29,6.0,6.0,6.0,6.0,6.0,200.0,CBMG
2012-08-29,28.70000076293945,28.959999084472656,28.56999969482422,28.729999542236328,25.740936279296875,324800.0,CBOE
2012-08-29,9.720000267028807,9.899999618530273,9.720000267028807,9.75,9.75,2900.0,CBPO
2012-08-29,17.309999465942386,17.5,17.15999984741211,17.40999984741211,17.40999984741211,2169400.0,CBRE
2012-08-29,63.72000122070313,64.04000091552734,63.41999816894531,63.6500015258789,45.32575988769531,91200.0,CBRL
2012-08-29,31.098154067993164,31.55259895324707,30.94928359985352,31.54476356506348,26.276891708374023,342700.0,CBSH
2012-08-29,35.169998168945305,35.529998779296875,34.669998168945305,35.02000045776367,29.307579040527344,293500.0,CBT
2012-08-29,28.239999771118164,28.709999084472656,28.149999618530273,28.5,22.48552131652832,87200.0,CBU
2012-08-29,5.599999904632568,5.639999866485597,5.559999942779541,5.5900001525878915,5.5900001525878915,43600.0,CBZ
2012-08-29,1.5,1.5,1.5,1.5,1.5,0.0,CCB
2012-08-29,8.510000228881836,8.819999694824219,8.470000267028809,8.800000190734863,8.139965057373049,13600.0,CCBG
2012-08-29,18.63999938964844,19.600000381469727,17.760000228881836,17.920000076293945,16.035072326660153,5500.0,CCCL
2012-08-29,29.95000076293945,30.149999618530273,29.82999992370605,29.95000076293945,18.18436622619629,1567200.0,CCEP
2012-08-29,16.190000534057614,16.25,15.8100004196167,16.209999084472653,14.650803565979006,6200.0,CCF
2012-08-29,62.4000015258789,63.16999816894531,62.31000137329102,62.81999969482422,50.128089904785156,1603700.0,CCI
2012-08-29,22.350000381469727,22.38999938964844,22.030000686645508,22.190000534057614,18.622926712036133,1511900.0,CCJ
2012-08-29,35.9900016784668,36.25,35.849998474121094,36.18999862670898,36.18999862670898,431000.0,CCK
2012-08-29,34.950000762939446,35.400001525878906,34.919998168945305,35.18000030517578,27.700214385986328,3579300.0,CCL
2012-08-29,15.920000076293945,16.229999542236328,15.5,15.5,7.303794384002685,7600.0,CCLP
2012-08-29,2.608924865722656,2.652846097946167,2.608924865722656,2.652846097946167,1.6698346138000488,118700.0,CCM
2012-08-29,32.049999237060554,33.080001831054695,31.90999984741211,33.040000915527344,31.139019012451172,130600.0,CCMP
2012-08-29,16.510000228881836,16.899999618530273,16.5,16.850000381469727,13.273064613342285,8700.0,CCNE
2012-08-29,5.119999885559082,5.21999979019165,5.099999904632568,5.179999828338623,2.389966487884521,164600.0,CCO
2012-08-29,20.25,20.38999938964844,19.82999992370605,20.049999237060547,15.09925365447998,452400.0,CCOI
2012-08-29,4.0,4.0399999618530265,3.940000057220459,4.0399999618530265,4.0399999618530265,52900.0,CCRN
2012-08-29,26.58799934387207,26.72800064086914,26.479999542236328,26.52400016784668,21.75149726867676,140000.0,CCU
2012-08-29,21.0,21.01000022888184,20.790000915527344,21.01000022888184,21.01000022888184,4000.0,CCX
2012-08-29,10.300000190734863,10.5,10.0,10.399999618530273,10.399999618530273,25700.0,CCXI
2012-08-29,40.18999862670898,40.18999862670898,40.18999862670898,40.18999862670898,32.191173553466804,0.0,CCZ
2012-08-29,22.280000686645508,22.420000076293945,21.82999992370605,22.06999969482422,22.06999969482422,1015000.0,CDE
2012-08-29,16.729999542236328,18.1299991607666,16.170000076293945,17.290000915527347,13.041971206665039,569400.0,CDMO
2012-08-29,13.029999732971193,13.09000015258789,12.920000076293945,13.020000457763672,13.020000457763672,1697400.0,CDNS
2012-08-29,49.15032577514648,51.76470565795898,48.6274528503418,51.76470565795898,41.34304428100586,1500.0,CDOR
2012-08-29,5.400000095367432,5.489999771118164,5.389999866485597,5.400000095367432,3.964502334594727,331200.0,CDR
2012-08-29,1.950000047683716,1.9800000190734863,1.8899999856948853,1.950000047683716,1.950000047683716,60600.0,CDXC
2012-08-29,2.190000057220459,2.309999942779541,2.150000095367432,2.289999961853028,2.289999961853028,111200.0,CDXS
2012-08-29,8.75,8.75,8.520000457763674,8.600000381469728,8.600000381469728,27800.0,CDZI
2012-08-29,39.63999938964844,39.66999816894531,38.900001525878906,38.959999084472656,34.11944580078125,1694300.0,CE
2012-08-29,15.3100004196167,15.489999771118164,15.18000030517578,15.300000190734865,14.716187477111815,14400.0,CEA
2012-08-29,9.270000457763672,9.270000457763672,8.920000076293945,9.079999923706056,8.030505180358888,86600.0,CECE
2012-08-29,31.959999084472656,31.989999771118164,31.60000038146973,31.86000061035156,23.113994598388672,21100.0,CEE
2012-08-29,34960936.0,34960936.0,33203124.0,34375000.0,34375000.0,0.0,CEI
2012-08-29,6.920000076293945,7.0,6.820000171661378,6.980000019073486,6.859357833862305,216300.0,CEL
2012-08-29,0.3199999928474426,0.3799999952316284,0.3199999928474426,0.3799999952316284,0.3799999952316284,34100.0,CELH
2012-08-29,23.6299991607666,23.690000534057614,23.53000068664551,23.6299991607666,12.587383270263672,102300.0,CEM
2012-08-29,4.650000095367432,4.650000095367432,4.5,4.550000190734863,4.550000190734863,28900.0,CEMI
2012-08-29,10.829999923706056,11.050000190734863,10.8100004196167,11.050000190734863,11.050000190734863,60500.0,CENT
2012-08-29,11.369999885559082,11.5,11.239999771118164,11.479999542236328,11.479999542236328,265200.0,CENTA
2012-08-29,6.190000057220459,6.28000020980835,6.070000171661378,6.25,6.25,655500.0,CENX
2012-08-29,190.5500030517578,191.41000366210938,189.00999450683597,189.75999450683597,135.78511047363278,123800.0,CEO
2012-08-29,125.55947875976562,126.26619720458984,124.5583038330078,125.2650146484375,76.04418182373047,77900.0,CEQP
2012-08-29,35.93000030517578,36.66999816894531,35.84000015258789,36.63000106811523,36.35331344604492,2446200.0,CERN
2012-08-29,3.2100000381469727,3.289999961853028,3.1600000858306885,3.240000009536743,3.240000009536743,318500.0,CERS
2012-08-29,19.979999542236328,20.06999969482422,19.979999542236328,20.049999237060547,12.814635276794435,9800.0,CET
2012-08-29,5.6500000953674325,5.6500000953674325,5.519999980926514,5.610000133514403,1.135767102241516,107700.0,CETV
2012-08-29,14.109999656677244,14.140000343322756,14.010000228881836,14.140000343322756,9.722939491271973,15400.0,CEV
2012-08-29,16.379999160766598,16.579999923706055,16.200000762939453,16.350000381469727,16.350000381469727,97700.0,CEVA
2012-08-29,41.5359992980957,41.597999572753906,40.96200180053711,41.5,28.292951583862305,4152500.0,CF
2012-08-29,5.690000057220459,5.690000057220459,5.690000057220459,5.690000057220459,5.690000057220459,1.0,CFB
2012-08-29,8.066298484802246,8.342541694641112,7.845304012298584,8.28729248046875,8.28729248046875,6400.0,CFBK
2012-08-29,40.20000076293945,40.2400016784668,39.5099983215332,40.0,31.853370666503906,4400.0,CFFI
2012-08-29,11.899999618530273,11.899999618530273,11.84000015258789,11.869999885559082,7.27365255355835,613300.0,CFFN
2012-08-29,55.58000183105469,56.15999984741211,55.16999816894531,56.02999877929688,45.177734375,157500.0,CFR
2012-08-29,32.81999969482422,32.81999969482422,31.93000030517578,32.220001220703125,32.220001220703125,408600.0,CFX
2012-08-29,25.95000076293945,25.95000076293945,25.3799991607666,25.790000915527344,14.929219245910645,57000.0,CG
2012-08-29,44.27999877929688,45.599998474121094,43.43999862670898,45.2400016784668,43.18363571166992,1100.0,CGA
2012-08-29,3.640000104904175,3.660000085830689,3.539999961853028,3.630000114440918,3.630000114440918,28800.0,CGEN
2012-08-29,9.137499809265137,9.197500228881836,9.03499984741211,9.09000015258789,8.588803291320799,450400.0,CGNX
2012-08-29,13.699999809265135,13.729999542236328,13.579999923706055,13.710000038146973,6.762627124786378,17100.0,CGO
2012-08-29,57.25,57.31999969482422,56.790000915527344,56.81000137329102,47.34577941894531,81900.0,CHA
2012-08-29,8.609999656677246,8.75,8.260000228881836,8.329999923706055,8.329999923706055,1200.0,CHCI
2012-08-29,33.799999237060554,34.31999969482422,33.68000030517578,34.110000610351555,26.5649471282959,30800.0,CHCO
2012-08-29,27.415000915527344,27.43000030517578,27.18000030517578,27.20499992370605,22.534711837768555,1330400.0,CHD
2012-08-29,19.086666107177734,19.296667098999023,18.97333335876465,19.270000457763672,18.0406494140625,43500.0,CHDN
2012-08-29,66.0,66.5,66.0,66.01999664306639,62.72211074829102,70600.0,CHE
2012-08-29,16.139999389648438,16.270000457763672,15.970000267028807,16.09000015258789,16.09000015258789,244300.0,CHEF
2012-08-29,57624.0,62916.0,55188.0,56952.0,56952.0,0.0,CHFS
2012-08-29,32.06999969482422,32.189998626708984,31.8700008392334,31.920000076293945,28.42370796203613,378200.0,CHH
2012-08-29,12.56999969482422,12.619999885559082,12.510000228881836,12.510000228881836,6.0078125,188300.0,CHI
2012-08-29,18.287607192993164,18.69441795349121,18.2119197845459,18.46735954284668,17.623918533325195,10040600.0,CHK
2012-08-29,47.9900016784668,48.20000076293945,47.459999084472656,47.72000122070313,47.72000122070313,1703000.0,CHKP
2012-08-29,54.040000915527344,54.18999862670898,53.95000076293945,54.1500015258789,40.8857307434082,348700.0,CHL
2012-08-29,24.70000076293945,24.70000076293945,24.70000076293945,24.70000076293945,19.36823081970215,200.0,CHMG
2012-08-29,21.34000015258789,21.350000381469727,21.209999084472656,21.290000915527344,10.243367195129396,74200.0,CHN
2012-08-29,7.269999980926514,7.28000020980835,7.269999980926514,7.28000020980835,7.28000020980835,500.0,CHNR
2012-08-29,0.5600000023841858,0.5600000023841858,0.5600000023841858,0.5600000023841858,0.5600000023841858,0.0,CHRS
2012-08-29,56.290000915527344,57.06000137329102,56.16999816894531,57.0,47.1842041015625,1000600.0,CHRW
2012-08-29,18.790000915527344,19.059999465942386,18.700000762939453,18.899999618530273,14.00031566619873,3330600.0,CHS
2012-08-29,32.169998168945305,32.34000015258789,32.169998168945305,32.220001220703125,19.4056339263916,13700.0,CHSCP
2012-08-29,29.8700008392334,29.959999084472656,29.809999465942386,29.88999938964844,22.2390251159668,82300.0,CHT
2012-08-29,76.66000366210938,76.98999786376953,75.91000366210938,76.45999908447266,76.45999908447266,313500.0,CHTR
2012-08-29,16.600000381469727,16.680000305175778,16.530000686645508,16.569999694824222,15.038155555725098,503800.0,CHU
2012-08-29,18.709999084472656,19.25,18.399999618530273,19.25,19.25,48400.0,CHUY
2012-08-29,8.350000381469728,8.350000381469728,8.279999732971191,8.340000152587889,3.92187237739563,152900.0,CHW
2012-08-29,12.760000228881836,12.760000228881836,12.609999656677244,12.640000343322756,6.178833961486816,143700.0,CHY
2012-08-29,44.83000183105469,45.27999877929688,44.77000045776367,44.86999893188477,44.74706268310547,1802000.0,CI
2012-08-29,9.869999885559082,10.149999618530273,9.75,9.970000267028807,9.970000267028807,42700.0,CIA
2012-08-29,58.459999084472656,58.5,57.43000030517578,57.65999984741211,45.58064270019531,372500.0,CIB
2012-08-29,12.699999809265135,13.399999618530273,12.699999809265135,13.100000381469727,13.100000381469727,2600.0,CIDM
2012-08-29,17.229999542236328,17.25,16.420000076293945,16.719999313354492,16.719999313354492,7942900.0,CIEN
2012-08-29,3.220000028610229,3.220000028610229,3.2000000476837163,3.220000028610229,1.5901633501052856,56700.0,CIF
2012-08-29,12.569723129272461,12.623961448669435,12.413787841796875,12.5358247756958,5.935239791870117,1686400.0,CIG
2012-08-29,16.179052352905273,16.179052352905273,15.798712730407715,15.798712730407715,15.389509201049805,8000.0,CIGI
2012-08-29,19.024999618530273,19.024999618530273,19.024999618530273,19.024999618530273,19.024999618530273,0.0,CIH
2012-08-29,13.369999885559082,13.4399995803833,13.359999656677244,13.420000076293945,7.39382266998291,93500.0,CII
2012-08-29,3.9600000381469727,3.9700000286102295,3.940000057220459,3.9700000286102295,2.1219556331634517,141200.0,CIK
2012-08-29,12.399999618530273,12.550000190734865,12.399999618530273,12.5,5.745651721954347,992000.0,CIM
2012-08-29,38.65999984741211,38.810001373291016,38.13000106811523,38.54999923706055,29.94944953918457,950500.0,CINF
2012-08-29,32.93000030517578,33.060001373291016,32.11999893188477,32.450000762939446,31.972137451171875,42100.0,CIR
2012-08-29,37.97000122070313,38.20000076293945,37.83000183105469,37.9900016784668,33.925804138183594,942000.0,CIT
2012-08-29,5.5,5.5,5.449999809265137,5.449999809265137,4.756063938140869,900.0,CIVB
2012-08-29,13.149999618530273,13.149999618530273,13.149999618530273,13.149999618530273,11.35604763031006,200.0,CIX
2012-08-29,19.520000457763672,19.520000457763672,19.520000457763672,19.520000457763672,13.75339126586914,0.0,CIZN
2012-08-29,0.8000000119209291,0.8000000119209291,0.7599999904632568,0.7599999904632568,0.7599999904632568,16700.0,CJJD
2012-08-29,65.89617919921875,65.89617919921875,65.08523559570311,65.41561889648439,61.71438217163086,53800.0,CKH
2012-08-29,13.850000381469727,13.850000381469727,13.850000381469727,13.850000381469727,12.922752380371096,100.0,CKX
2012-08-29,53.375,53.45000076293945,53.18000030517578,53.21500015258789,44.06795120239258,2672200.0,CL
2012-08-29,9.449999809265137,9.710000038146973,9.43000030517578,9.609999656677246,9.46911907196045,47000.0,CLAR
2012-08-29,121.91999816894531,122.73999786376952,120.72000122070312,121.95999908447266,101.75647735595705,253700.0,CLB
2012-08-29,64.0,64.0,62.0,62.0,61.71525955200195,5000.0,CLBS
2012-08-29,14.489999771118164,14.489999771118164,14.34000015258789,14.4399995803833,9.010184288024902,10000.0,CLCT
2012-08-29,10.25,10.25,10.25,10.25,8.91751766204834,0.0,CLDB
2012-08-29,14.06999969482422,14.25,14.0,14.220000267028807,9.125494956970217,22700.0,CLDT
2012-08-29,79.19999694824219,80.0999984741211,77.8499984741211,78.9000015258789,78.9000015258789,33900.0,CLDX
2012-08-29,36.959999084472656,37.16999816894531,35.88999938964844,36.84000015258789,32.03753662109375,6721500.0,CLF
2012-08-29,5.079999923706055,5.150000095367432,5.0,5.150000095367432,5.150000095367432,6500.0,CLFD
2012-08-29,24.38999938964844,24.79999923706055,24.36000061035156,24.71999931335449,24.59651184082031,897200.0,CLGX
2012-08-29,54.9900016784668,55.43000030517578,54.81999969482422,55.11000061035156,55.11000061035156,350400.0,CLH
2012-08-29,26.75,26.81999969482422,26.63999938964844,26.71999931335449,19.74900245666504,364000.0,CLI
2012-08-29,7.0999999046325675,7.4000000953674325,6.860000133514403,7.4000000953674325,7.4000000953674325,10100.0,CLIR
2012-08-29,29.63999938964844,29.63999938964844,29.559999465942386,29.559999465942386,6.354447841644287,20700.0,CLM
2012-08-29,29.0,29.0,28.020000457763672,28.63999938964844,20.51483726501465,404100.0,CLMT
2012-08-29,13.550000190734865,13.720000267028807,13.350000381469727,13.449999809265135,13.449999809265135,614000.0,CLNE
2012-08-29,36.935001373291016,37.099998474121094,36.71500015258789,36.79999923706055,36.67768478393555,1700200.0,CLR
2012-08-29,2100.0,2100.0,2100.0,2100.0,2100.0,0.0,CLRB
2012-08-29,4.050000190734863,4.190000057220459,4.050000190734863,4.170000076293944,3.850512981414795,21600.0,CLRO
2012-08-29,7.8499999046325675,7.889999866485597,7.800000190734862,7.820000171661378,7.820000171661378,201000.0,CLS
2012-08-29,312.16217041015625,314.0540466308594,281.26126098632807,290.090087890625,290.090087890625,20000.0,CLSN
2012-08-29,13.15999984741211,13.25,12.899999618530273,13.15999984741211,9.459554672241213,32400.0,CLUB
2012-08-29,18.489999771118164,18.61000061035156,18.1200008392334,18.299999237060547,18.299999237060547,53000.0,CLVS
2012-08-29,37.18999862670898,38.34000015258789,37.16999816894531,37.58000183105469,37.58000183105469,257200.0,CLW
2012-08-29,3.5999999046325684,3.5999999046325684,3.5999999046325684,3.5999999046325684,2.9127271175384517,0.0,CLWT
2012-08-29,72.05999755859375,72.30999755859375,71.75,72.08999633789062,58.4727897644043,601300.0,CLX
2012-08-29,77.20999908447266,77.45999908447266,76.7699966430664,77.25,46.48676300048828,139900.0,CM
2012-08-29,31.09000015258789,31.35000038146973,31.03000068664551,31.25,26.311420440673828,1370900.0,CMA
2012-08-29,13.1899995803833,13.300000190734865,12.850000381469727,12.920000076293945,10.439252853393556,431300.0,CMC
2012-08-29,5.0,5.0,4.5,4.5,3.320388078689575,100.0,CMCL
2012-08-29,14.75,14.869999885559082,14.329999923706055,14.670000076293945,14.099100112915039,92200.0,CMCO
2012-08-29,16.995000839233402,17.079999923706055,16.940000534057614,16.975000381469727,14.725570678710938,13893400.0,CMCSA
2012-08-29,112.8000030517578,114.0,110.25,111.0,57.43037796020508,900.0,CMCT
2012-08-29,16.899999618530273,17.593334197998047,16.85333251953125,17.466667175292972,17.124797821044922,124300.0,CMD
2012-08-29,54.02999877929688,54.5099983215332,54.02000045776367,54.41999816894531,38.390541076660156,2227100.0,CME
2012-08-29,294.8900146484375,296.8999938964844,292.3900146484375,293.239990234375,293.239990234375,336500.0,CMG
2012-08-29,96.27999877929688,98.16000366210938,95.9000015258789,97.6999969482422,79.97525024414062,1905400.0,CMI
2012-08-29,14.25,14.31999969482422,14.170000076293945,14.279999732971193,7.1573100090026855,618300.0,CMO
2012-08-29,71.72000122070312,72.18000030517578,71.52999877929688,71.86000061035156,53.879783630371094,100400.0,CMP
2012-08-29,37.11000061035156,37.68000030517578,36.540000915527344,37.56999969482422,37.56999969482422,700900.0,CMPR
2012-08-29,13.0,13.140000343322756,12.9399995803833,12.9399995803833,7.431217670440674,137100.0,CMRE
2012-08-29,22.940000534057614,23.1200008392334,22.85000038146973,23.04999923706055,18.15420150756836,2659800.0,CMS
2012-08-29,7.489999771118164,7.489999771118164,7.3499999046325675,7.46999979019165,7.388539791107178,1100.0,CMT
2012-08-29,28.59000015258789,28.93000030517578,28.3799991607666,28.809999465942386,22.03538703918457,24800.0,CMTL
2012-08-29,5.0900001525878915,5.190000057220459,5.0900001525878915,5.1599998474121085,3.290969133377075,46700.0,CMU
2012-08-29,26.309999465942386,26.479999542236328,26.170000076293945,26.3700008392334,20.73642349243164,133000.0,CNA
2012-08-29,30.399999618530273,31.20000076293945,30.399999618530273,31.149999618530273,28.90440368652344,2200.0,CNBKA
2012-08-29,10.1875,10.297499656677246,10.149999618530273,10.21500015258789,10.21500015258789,1627200.0,CNC
2012-08-29,1.5249999761581419,1.5499999523162842,1.5249999761581419,1.5249999761581419,1.5249999761581419,1200.0,CNET
2012-08-29,0.3785000145435333,0.3785000145435333,0.3785000145435333,0.3785000145435333,0.3785000145435333,0.0,CNF
2012-08-29,46.02000045776367,46.1500015258789,45.75,45.9000015258789,38.28281784057617,641400.0,CNI
2012-08-29,23.149999618530273,23.60000038146973,23.07999992370605,23.489999771118164,18.44344711303711,730100.0,CNK
2012-08-29,27.1200008392334,27.5,26.8700008392334,27.420000076293945,24.239973068237305,58100.0,CNMD
2012-08-29,8.970000267028809,9.010000228881836,8.880000114440918,8.949999809265137,7.876780033111572,1062400.0,CNO
2012-08-29,11.4399995803833,11.5,11.270000457763672,11.489999771118164,10.218964576721193,32100.0,CNOB
2012-08-29,20.56999969482422,20.649999618530273,20.5,20.57999992370605,15.02224826812744,1900800.0,CNP
2012-08-29,31.040000915527344,31.040000915527344,30.399999618530273,30.709999084472656,23.01057243347168,2390500.0,CNQ
2012-08-29,10.8100004196167,11.0,10.65999984741211,10.920000076293944,10.920000076293944,47600.0,CNR
2012-08-29,33.669998168945305,33.990001678466804,33.610000610351555,33.700000762939446,26.60705375671387,108800.0,CNS
2012-08-29,16.290000915527347,16.5,16.149999618530273,16.379999160766598,8.941128730773926,122400.0,CNSL
2012-08-29,2.630000114440918,2.6800000667572017,2.5999999046325684,2.6800000667572017,2.6800000667572017,6000.0,CNTY
2012-08-29,26.274999618530273,26.42499923706055,25.71666717529297,26.25833320617676,25.4367733001709,3682000.0,CNX
2012-08-29,12.229999542236328,12.34000015258789,12.15999984741211,12.289999961853027,10.797212600708008,25300.0,CNXN
2012-08-29,2.720000028610229,2.799999952316284,2.720000028610229,2.789999961853028,2.734328031539917,104200.0,CO
2012-08-29,52.5,52.5,52.5,52.5,52.5,0.0,COCP
2012-08-29,14.640000343322756,14.829999923706055,14.600000381469727,14.630000114440918,7.87086009979248,365800.0,CODI
2012-08-29,81.51000213623047,81.51000213623047,81.51000213623047,81.51000213623047,81.51000213623047,0.0,COE
2012-08-29,56.790000915527344,56.93000030517578,56.33000183105469,56.47000122070313,48.776123046875,2263600.0,COF
2012-08-29,13.60544204711914,13.60544204711914,13.60544204711914,13.60544204711914,10.55510711669922,0.0,COFS
2012-08-29,20.809999465942386,20.895000457763672,20.524999618530273,20.559999465942386,19.49554252624512,2526800.0,COG
2012-08-29,10.800000190734863,11.100000381469727,10.0,10.800000190734863,7.095934867858888,500.0,COHN
2012-08-29,48.31999969482422,48.36999893188477,47.43999862670898,47.599998474121094,46.604393005371094,43200.0,COHR
2012-08-29,8.960000038146973,9.0600004196167,8.890000343322754,8.960000038146973,7.825981616973878,60900.0,COHU
2012-08-29,68.30000305175781,68.98999786376953,68.01000213623047,68.33000183105469,64.23831939697266,12300.0,COKE
2012-08-29,17.81999969482422,17.920000076293945,17.719999313354492,17.790000915527344,13.720383644104006,201600.0,COLB
2012-08-29,25.559999465942386,25.95000076293945,25.479999542236328,25.934999465942386,23.645193099975586,211600.0,COLM
2012-08-29,21.940000534057614,22.959999084472656,21.75,22.670000076293945,22.670000076293945,284500.0,CONN
2012-08-29,83.4000015258789,84.08000183105469,83.20999908447266,83.2300033569336,83.01699829101562,248600.0,COO
2012-08-29,6.0,6.119999885559082,5.760000228881836,6.0,6.0,5900.0,COOP
2012-08-29,56.38000106811523,56.56000137329102,56.15999984741211,56.349998474121094,44.55415725708008,6401500.0,COP
2012-08-29,27.20000076293945,27.38999938964844,27.15999984741211,27.270000457763672,20.37413215637207,39800.0,COR
2012-08-29,11.800000190734865,11.9350004196167,11.800000190734865,11.8725004196167,10.83124828338623,130400.0,CORE
2012-08-29,46.4000015258789,46.4000015258789,44.45000076293945,45.6500015258789,29.386138916015625,4600.0,CORR
2012-08-29,2.9500000476837163,2.9800000190734863,2.8499999046325684,2.890000104904175,2.890000104904175,138700.0,CORT
2012-08-29,1.6000000238418581,1.6499999761581419,1.5499999523162842,1.5499999523162842,1.5499999523162842,52300.0,CORV
2012-08-29,95.5999984741211,97.2699966430664,95.5999984741211,97.11000061035156,77.82793426513672,1494700.0,COST
2012-08-29,27.25,27.71999931335449,27.209999084472656,27.68000030517578,27.37343406677246,23800.0,COW
2012-08-29,10.520000457763672,10.640000343322754,10.4399995803833,10.600000381469727,1.5375373363494873,107800.0,COWN
2012-08-29,83.5,83.5,82.55000305175781,83.0999984741211,75.4786148071289,319000.0,CP
2012-08-29,78.30000305175781,78.30000305175781,76.75,77.04000091552734,60.80442810058594,162100.0,CPA
2012-08-29,9.3100004196167,9.380000114440918,9.18000030517578,9.289999961853027,6.617695331573486,211300.0,CPAC
2012-08-29,26.29999923706055,26.29999923706055,24.29999923706055,26.29999923706055,26.29999923706055,0.0,CPAH
2012-08-29,35.36000061035156,35.52000045776367,35.02000045776367,35.349998474121094,28.27331924438477,2383200.0,CPB
2012-08-29,5.400000095367432,5.489999771118164,5.349999904632568,5.429999828338623,5.429999828338623,201900.0,CPE
2012-08-29,13.640000343322756,14.020000457763672,13.600000381469727,14.020000457763672,11.866681098937988,68800.0,CPF
2012-08-29,41.27000045776367,41.36000061035156,40.93000030517578,41.36000061035156,25.594615936279297,8000.0,CPG
2012-08-29,9.979999542236328,10.779999732971193,9.979999542236328,10.779999732971193,9.36309814453125,300.0,CPHC
2012-08-29,0.3199999928474426,0.3400000035762787,0.3199999928474426,0.3400000035762787,0.3400000035762787,2100.0,CPHI
2012-08-29,6.0,6.019999980926514,5.940000057220459,5.949999809265138,5.949999809265138,23300.0,CPIX
2012-08-29,30.926666259765625,31.413333892822266,30.926666259765625,31.29333305358887,25.73075866699219,53100.0,CPK
2012-08-29,53.97000122070313,54.38999938964844,53.54999923706055,53.83000183105469,24.108909606933594,21200.0,CPLP
2012-08-29,54.02999877929688,54.18000030517578,53.36000061035156,53.4900016784668,53.4900016784668,2673300.0,CPRI
2012-08-29,13.210000038146973,13.404999732971193,13.130000114440918,13.289999961853027,13.289999961853027,1343000.0,CPRT
2012-08-29,1.5299999713897705,1.6000000238418581,1.5299999713897705,1.5299999713897705,1.5299999713897705,1791100.0,CPRX
2012-08-29,35.25,35.5,35.0,35.0,35.0,2000.0,CPS
2012-08-29,1.5,1.5,1.5,1.5,1.5,0.0,CPSH
2012-08-29,50.36999893188477,51.06999969482422,49.88999938964844,50.81000137329102,38.97065353393555,125400.0,CPSI
2012-08-29,2.640000104904175,2.690000057220459,2.5999999046325684,2.609999895095825,2.609999895095825,7700.0,CPSS
2012-08-29,202.0,202.0,198.0,202.0,202.0,3900.0,CPST
2012-08-29,70.04000091552734,70.16000366210939,69.83000183105469,70.0,50.47366333007813,742800.0,CPT
2012-08-29,25.36000061035156,25.43000030517578,25.36000061035156,25.399999618530273,25.0185489654541,51945.0,CPZ
2012-08-29,25.479999542236328,26.5,25.20000076293945,25.809999465942386,16.418632507324222,259700.0,CQP
2012-08-29,38.810001373291016,38.810001373291016,38.38000106811523,38.709999084472656,33.187976837158196,265100.0,CR
2012-08-29,15.869999885559082,16.15999984741211,15.770000457763672,15.84000015258789,14.96070957183838,19800.0,CRAI
2012-08-29,24.51499938964844,24.51499938964844,24.51499938964844,24.51499938964844,24.379375457763672,0.0,CRC
2012-08-29,28.46999931335449,28.71999931335449,28.10000038146973,28.28000068664551,28.28000068664551,968800.0,CREE
2012-08-29,10.5,10.5,10.5,10.5,10.5,0.0,CREG
2012-08-29,8.338278770446777,8.338278770446777,8.061325073242188,8.100890159606934,7.178885459899902,52600.0,CRESY
2012-08-29,123.0,123.0,120.0,120.0,120.0,0.0,CREX
2012-08-29,26.20000076293945,26.20000076293945,26.0,26.1200008392334,5.913004398345947,8500.0,CRF
2012-08-29,18.049999237060547,18.11000061035156,17.84000015258789,17.899999618530273,14.48249340057373,96400.0,CRH
2012-08-29,0.4399999976158142,0.4699999988079071,0.41999998688697815,0.4699999988079071,0.4699999988079071,39400.0,CRHM
2012-08-29,55.68999862670898,55.88999938964844,55.29999923706055,55.5099983215332,50.17431640625,361300.0,CRI
2012-08-29,20.600000381469727,21.75,20.600000381469727,21.649999618530273,21.649999618530273,78700.0,CRIS
2012-08-29,84.5,84.6500015258789,82.6500015258789,83.4000015258789,78.87313842773438,125000.0,CRK
2012-08-29,36.209999084472656,36.77000045776367,36.209999084472656,36.349998474121094,36.349998474121094,359000.0,CRL
2012-08-29,36.23749923706055,36.56499862670898,36.01250076293945,36.400001525878906,36.400001525878906,8646000.0,CRM
2012-08-29,0.8999999761581421,0.8999999761581421,0.8999999761581421,0.8999999761581421,0.8999999761581421,0.0,CRMD
2012-08-29,45.31999969482422,45.77000045776367,44.86000061035156,45.47999954223633,45.47999954223633,14000.0,CRMT
2012-08-29,6.869999885559082,6.929999828338622,6.78000020980835,6.9099998474121085,6.9099998474121085,80400.0,CRNT
2012-08-29,39.0,39.20000076293945,39.0,39.20000076293945,39.20000076293945,3200.0,CROC
2012-08-29,17.639999389648438,17.899999618530273,17.549999237060547,17.68000030517578,17.68000030517578,1163400.0,CROX
2012-08-29,48.88999938964844,49.09000015258789,48.349998474121094,48.47999954223633,42.92731857299805,286800.0,CRS
2012-08-29,37.650001525878906,37.900001525878906,36.38999938964844,37.04999923706055,19.727331161499023,53100.0,CRT
2012-08-29,42.22000122070313,42.38999938964844,41.52999877929688,41.91999816894531,41.91999816894531,1845100.0,CRUS
2012-08-29,22.415000915527344,22.6200008392334,22.125,22.280000686645508,22.280000686645508,64400.0,CRVL
2012-08-29,5.710000038146973,5.710000038146973,5.610000133514403,5.610000133514403,3.187987327575684,18300.0,CRWS
2012-08-29,5.360000133514403,5.5,5.320000171661377,5.460000038146973,5.206265449523926,32900.0,CRY
2012-08-29,18.515625,18.5546875,18.37890625,18.41796875,14.34640407562256,1597200.0,CS
2012-08-29,4.199999809265137,4.199999809265137,3.5999999046325684,3.5999999046325684,3.5999999046325684,300.0,CSBR
2012-08-29,19.21999931335449,19.26000022888184,19.0,19.200000762939453,15.209136962890625,29766800.0,CSCO
2012-08-29,8.170000076293945,8.289999961853027,8.149999618530272,8.220000267028809,7.641360759735107,25900.0,CSFL
2012-08-29,81.37999725341797,82.12000274658203,80.80000305175781,81.16000366210938,81.16000366210938,88900.0,CSGP
2012-08-29,21.530000686645508,21.709999084472656,21.190000534057614,21.489999771118164,18.58486557006836,375100.0,CSGS
2012-08-29,9.479999542236328,9.75,9.170000076293944,9.260000228881836,9.260000228881836,65600.0,CSII
2012-08-29,2.900000095367432,3.0199999809265137,2.900000095367432,3.0,3.0,188700.0,CSIQ
2012-08-29,52.13999938964844,52.27000045776367,51.2599983215332,52.099998474121094,47.33813858032226,219300.0,CSL
2012-08-29,27.420000076293945,27.420000076293945,26.32999992370605,27.01000022888184,27.01000022888184,329700.0,CSOD
2012-08-29,4.599999904632568,4.599999904632568,4.519999980926514,4.550000190734863,2.9945693016052246,3900.0,CSPI
2012-08-29,9.970000267028807,10.039999961853027,9.90999984741211,10.010000228881836,5.204397678375244,398500.0,CSQ
2012-08-29,11.760000228881836,11.93000030517578,11.75,11.800000190734865,11.093229293823242,25300.0,CSTE
2012-08-29,11.920000076293945,12.220000267028807,11.899999618530273,12.0600004196167,12.0600004196167,38200.0,CSU
2012-08-29,8.75,8.869999885559082,8.75,8.84000015258789,8.29368782043457,63600.0,CSV
2012-08-29,25.9375,26.22500038146973,25.927499771118164,26.22500038146973,17.341167449951172,10800.0,CSWC
2012-08-29,22.729999542236328,22.729999542236328,22.440000534057614,22.60000038146973,19.53540802001953,3867800.0,CSX
2012-08-29,8.557999610900879,8.557999610900879,8.557999610900879,8.557999610900879,7.06773042678833,0.0,CTAA
2012-08-29,40.36999893188477,40.77000045776367,40.36999893188477,40.61000061035156,36.37919616699219,395900.0,CTAS
2012-08-29,19.71999931335449,20.1299991607666,19.71999931335449,20.1200008392334,17.96986198425293,939900.0,CTB
2012-08-29,31.42727279663086,31.81818199157715,31.363636016845703,31.81818199157715,24.544137954711914,23800.0,CTBI
2012-08-29,3.150000095367432,3.240000009536743,3.059999942779541,3.150000095367432,3.150000095367432,16700.0,CTEK
2012-08-29,16.15999984741211,16.209999084472653,15.949999809265135,15.979999542236328,14.446303367614744,83400.0,CTG
2012-08-29,3.609999895095825,3.630000114440918,3.539999961853028,3.5999999046325684,3.5999999046325684,11200.0,CTHR
2012-08-29,5.130000114440918,5.130000114440918,5.0,5.010000228881836,5.010000228881836,1000.0,CTIB
2012-08-29,23.5,26.5,23.0,25.5,25.5,136600.0,CTIC
2012-08-29,0.12999999523162842,0.12999999523162842,0.12999999523162842,0.12999999523162842,0.12999999523162842,0.0,CTK
2012-08-29,42.02999877929688,42.59000015258789,41.959999084472656,42.38000106811523,22.46361351013184,6558500.0,CTL
2012-08-29,29.10000038146973,29.36000061035156,28.81999969482422,29.149999618530273,28.34159278869629,14700.0,CTO
2012-08-29,20.049999237060547,20.15999984741211,19.899999618530273,20.09000015258789,10.473637580871582,95400.0,CTR
2012-08-29,33.900001525878906,36.0,33.59999847412109,35.09999847412109,35.09999847412109,24600.0,CTRC
2012-08-29,12.109999656677244,12.18000030517578,11.84000015258789,11.9399995803833,11.094944953918457,79900.0,CTRN
2012-08-29,9.739999771118164,10.050000190734863,9.65999984741211,9.989999771118164,9.385058403015137,40600.0,CTS
2012-08-29,32.240001678466804,32.450000762939446,32.130001068115234,32.365001678466804,31.24047470092773,2441000.0,CTSH
2012-08-29,3.4249999523162837,3.5750000476837163,3.3250000476837163,3.400000095367432,3.400000095367432,10600.0,CTSO
2012-08-29,14.30500030517578,14.350000381469727,14.30500030517578,14.350000381469727,10.276410102844238,0.0,CTV
2012-08-29,61.53049850463867,62.15161514282226,61.07660293579102,62.0879135131836,60.83382034301758,2009000.0,CTXS
2012-08-29,0.02500000037252903,0.02500000037252903,0.02500000037252903,0.02500000037252903,0.01902018673717976,0.0,CTZ
2012-08-29,49.4900016784668,50.25,49.27999877929688,49.88999938964844,47.98301696777344,48900.0,CUB
2012-08-29,6.880000114440918,7.010000228881836,6.880000114440918,6.989999771118164,4.134245872497559,26500.0,CUBA
2012-08-29,0.20000000298023224,0.20000000298023224,0.20000000298023224,0.20000000298023224,0.19539999961853027,0.0,CUBB
2012-08-29,13.029999732971193,13.029999732971193,12.890000343322756,12.90999984741211,9.911256790161133,810900.0,CUBE
2012-08-29,12.045454978942873,12.045454978942873,12.045454978942873,12.045454978942873,12.045454978942873,1100.0,CUBI
2012-08-29,6.010000228881836,6.550000190734862,5.960000038146973,6.269999980926514,6.269999980926514,98000.0,CUI
2012-08-29,34.59000015258789,34.90999984741211,34.59000015258789,34.759998321533196,27.952741622924805,56100.0,CUK
2012-08-29,9.970000267028807,10.050000190734863,9.970000267028807,10.050000190734863,9.155272483825684,18400.0,CULP
2012-08-29,13.199999809265135,13.199999809265135,13.199999809265135,13.199999809265135,13.199999809265135,0.0,CUO
2012-08-29,7.480000019073486,7.519999980926514,7.320000171661378,7.329999923706055,7.329999923706055,15300.0,CUTR
2012-08-29,22.3288631439209,22.49823570251465,22.21595001220703,22.244178771972656,20.24040985107422,123500.0,CUZ
2012-08-29,17.290000915527347,17.299999237060547,17.120000839233402,17.260000228881836,11.135971069335938,327900.0,CVA
2012-08-29,12.039999961853027,12.09000015258789,11.989999771118164,12.020000457763672,9.69581127166748,433300.0,CVBF
2012-08-29,45.06999969482422,45.290000915527344,44.90999984741211,45.08000183105469,45.08000183105469,39100.0,CVCO
2012-08-29,7.949999809265138,8.25,7.949999809265138,8.25,7.221375465393066,3800.0,CVCY
2012-08-29,33.09000015258789,33.220001220703125,32.34999847412109,32.580001831054695,25.6451416015625,706300.0,CVE
2012-08-29,8.270000457763674,8.380000114440918,8.100000381469728,8.109999656677246,8.109999656677246,177900.0,CVGI
2012-08-29,26.790000915527344,27.309999465942386,26.790000915527344,27.170000076293945,23.80778694152832,24300.0,CVGW
2012-08-29,29.399999618530273,29.56999969482422,29.1200008392334,29.46999931335449,13.306252479553224,215600.0,CVI
2012-08-29,51.68000030517578,51.91999816894531,51.2599983215332,51.29999923706055,51.29999923706055,297800.0,CVLT
2012-08-29,11.75289249420166,12.058467864990234,11.75289249420166,12.003621101379395,9.83089828491211,1100.0,CVLY
2012-08-29,82.5,85.0,82.5,82.5,82.5,800.0,CVM
2012-08-29,18.84000015258789,18.850000381469727,18.75,18.75,15.30702018737793,4000.0,CVR
2012-08-29,45.38999938964844,45.59000015258789,45.18999862670898,45.43000030517578,38.57305908203125,3558700.0,CVS
2012-08-29,5.03000020980835,5.03000020980835,4.820000171661377,4.920000076293945,4.920000076293945,55300.0,CVTI
2012-08-29,12.260000228881836,12.449999809265135,12.260000228881836,12.350000381469727,12.350000381469727,28200.0,CVU
2012-08-29,11.100000381469727,11.100000381469727,10.779999732971193,11.020000457763672,11.020000457763672,22700.0,CVV
2012-08-29,112.33000183105469,112.44000244140624,111.5999984741211,111.8000030517578,83.47388458251953,3296300.0,CVX
2012-08-29,30.5,30.76000022888184,30.229999542236328,30.540000915527344,28.930622100830078,134400.0,CW
2012-08-29,2.759999990463257,2.759999990463257,2.720000028610229,2.720000028610229,2.4556355476379395,16000.0,CWBC
2012-08-29,8.100000381469728,8.210000038146973,8.050000190734862,8.210000038146973,6.675448417663574,21600.0,CWCO
2012-08-29,4.860000133514403,5.110000133514403,4.860000133514403,5.019999980926514,5.019999980926514,205300.0,CWST
2012-08-29,18.700000762939453,18.790000915527344,18.649999618530273,18.71999931335449,15.676796913146973,101700.0,CWT
2012-08-29,6.485004901885986,6.509662628173827,6.32883882522583,6.353496551513673,6.1935691833496085,5140300.0,CX
2012-08-29,4.3400001525878915,4.420000076293945,4.300000190734863,4.329999923706056,4.329999923706056,14800.0,CXDC
2012-08-29,5.559999942779541,5.6599998474121085,5.559999942779541,5.6500000953674325,3.598759889602661,63700.0,CXE
2012-08-29,10.609999656677246,10.710000038146973,10.550000190734863,10.699999809265137,7.236265182495117,10400.0,CXH
2012-08-29,92.38999938964844,92.38999938964844,88.79000091552734,89.69999694824219,88.91716766357422,1071500.0,CXO
2012-08-29,32.610000610351555,33.59000015258789,32.5,33.34999847412109,15.493056297302244,814500.0,CXW
2012-08-29,11.789999961853027,11.93000030517578,11.470000267028807,11.81999969482422,8.962063789367676,2447300.0,CY
2012-08-29,5.75,5.78000020980835,5.710000038146973,5.78000020980835,5.78000020980835,2800.0,CYAN
2012-08-29,6.3400001525878915,6.3499999046325675,6.329999923706055,6.329999923706055,6.329999923706055,1700.0,CYBE
2012-08-29,38.52000045776367,42.0,38.400001525878906,40.43999862670898,40.43999862670898,2200.0,CYCC
2012-08-29,2.5699999332427983,2.5799999237060547,2.5199999809265137,2.5199999809265137,1.2425190210342407,500.0,CYCCP
2012-08-29,13.050000190734865,13.09000015258789,12.93000030517578,12.949999809265135,8.231951713562013,35400.0,CYD
2012-08-29,22.41322326660156,22.636363983154297,22.157024383544922,22.44628143310547,22.25841522216797,616100.0,CYH
2012-08-29,22.78000068664551,23.229999542236328,22.649999618530273,22.979999542236328,7.641161918640138,192100.0,CYOU
2012-08-29,2.7699999809265137,2.789999961853028,2.6700000762939453,2.720000028610229,2.720000028610229,23700.0,CYRN
2012-08-29,5.039999961853027,5.039999961853027,4.199999809265137,4.440000057220459,4.440000057220459,600.0,CYRX
2012-08-29,4.679999828338623,4.800000190734863,4.619999885559082,4.679999828338623,4.679999828338623,79000.0,CYTK
2012-08-29,19.01000022888184,19.350000381469727,19.01000022888184,19.25,13.440851211547852,4900.0,CZNC
2012-08-29,7.360000133514403,7.53000020980835,6.980000019073486,7.320000171661378,7.320000171661378,304200.0,CZR
2012-08-29,5.78000020980835,5.78000020980835,5.78000020980835,5.78000020980835,5.273221969604492,0.0,CZWI
2012-08-29,14.170000076293945,14.170000076293945,13.770000457763672,13.84000015258789,12.247625350952148,628100.0,CZZ
2012-08-29,53.34000015258789,53.41999816894531,52.90999984741211,52.97000122070313,39.188941955566406,1610800.0,D
2012-08-29,55.02000045776367,55.58000183105469,52.22000122070313,52.5,52.5,2600.0,DAC
2012-08-29,2.6800000667572017,2.690000057220459,2.5199999809265137,2.5199999809265137,2.5199999809265137,700.0,DAIO
2012-08-29,9.81999969482422,9.859999656677246,9.770000457763672,9.800000190734863,7.194446563720702,217900.0,DAKT
2012-08-29,8.729999542236326,8.75,8.460000038146973,8.609999656677246,7.648343563079834,15102100.0,DAL
2012-08-29,13.470000267028807,13.949999809265135,13.43000030517578,13.880000114440918,12.385259628295898,2134900.0,DAN
2012-08-29,4.5320000648498535,4.5320000648498535,4.5320000648498535,4.5320000648498535,4.5320000648498535,0.0,DAO
2012-08-29,16.700000762939453,16.770000457763672,16.540000915527347,16.729999542236328,16.729999542236328,229300.0,DAR
2012-08-29,32.833969116210945,33.01526641845703,32.652671813964844,32.75763320922852,29.32782554626465,872200.0,DB
2012-08-29,33.029998779296875,33.15999984741211,32.799999237060554,33.0,27.40914726257324,411300.0,DBD
2012-08-29,32.40999984741211,32.654998779296875,32.27000045776367,32.53499984741211,24.3191032409668,552600.0,DBI
2012-08-29,26.35000038146973,26.70000076293945,26.35000038146973,26.70000076293945,13.700820922851562,95900.0,DBL
2012-08-29,2587.199951171875,2587.199951171875,2587.199951171875,2587.199951171875,2587.199951171875,0.0,DCAR
2012-08-29,20.0,20.0,20.0,20.0,16.925418853759766,0.0,DCF
2012-08-29,35.29999923706055,35.4900016784668,34.919998168945305,35.310001373291016,31.23889923095703,637400.0,DCI
2012-08-29,14.920000076293945,15.199999809265135,14.859999656677244,14.960000038146973,14.960000038146973,106700.0,DCO
2012-08-29,13.989999771118164,14.100000381469727,13.989999771118164,14.100000381469727,11.054682731628418,93200.0,DCOM
2012-08-29,43.5099983215332,43.59000015258789,42.790000915527344,43.11000061035156,21.892221450805664,128600.0,DCP
2012-08-29,41.71603775024414,41.94375991821289,41.45984649658203,41.73027038574219,35.133861541748054,3159700.0,DD
2012-08-29,28.899999618530273,29.86666679382324,28.733333587646484,29.53333282470703,29.53333282470703,2036200.0,DDD
2012-08-29,8.279999732971191,8.329999923706055,8.220000267028809,8.25,4.6505937576293945,14000.0,DDF
2012-08-29,75.5199966430664,76.4800033569336,75.5,75.83999633789062,73.1636734008789,401600.0,DDS
2012-08-29,25.690000534057614,25.690000534057614,25.59000015258789,25.65999984741211,14.944540023803713,6300.0,DDT
2012-08-29,73.66000366210938,74.4000015258789,73.13999938964844,74.31999969482422,62.092041015625,4241400.0,DE
2012-08-29,49.43999862670898,49.88999938964844,48.66999816894531,49.459999084472656,49.459999084472656,689200.0,DECK
2012-08-29,23.8799991607666,23.95000076293945,23.690000534057614,23.8799991607666,19.22592544555664,1326700.0,DEI
2012-08-29,4.880000114440918,4.949999809265137,4.880000114440918,4.949999809265137,4.949999809265137,951700.0,DENN
2012-08-29,109.18000030517578,109.48999786376952,108.8000030517578,109.0199966430664,86.90069580078125,311500.0,DEO
2012-08-29,12.25,12.329999923706055,12.25,12.329999923706055,6.408500671386719,48600.0,DEX
2012-08-29,5700.0,5850.0,5100.0,5400.0,5400.0,0.0,DFFN
2012-08-29,38.59000015258789,38.72999954223633,38.2400016784668,38.5,33.24733352661133,2270200.0,DFS
2012-08-29,59.70000076293945,59.70000076293945,59.70000076293945,59.70000076293945,59.70000076293945,0.0,DFVL
2012-08-29,38.7599983215332,38.93999862670898,38.63000106811523,38.63000106811523,38.63000106811523,15500.0,DFVS
2012-08-29,48.75,48.90999984741211,48.36999893188477,48.540000915527344,45.79362106323242,2483600.0,DG
2012-08-29,3440.0,3450.0,3210.0,3254.0,3254.0,800.0,DGAZ
2012-08-29,14.279999732971193,14.489999771118164,14.170000076293945,14.380000114440918,10.91125774383545,25100.0,DGICA
2012-08-29,18.0,18.0,18.0,18.0,14.446450233459473,0.0,DGICB
2012-08-29,10.289999961853027,10.550000190734863,10.289999961853027,10.399999618530273,10.399999618530273,69700.0,DGII
2012-08-29,43.459999084472656,44.040000915527344,43.459999084472656,43.54999923706055,43.54999923706055,6900.0,DGLD
2012-08-29,6.170000076293945,6.170000076293945,5.710000038146973,5.989999771118164,5.989999771118164,7200.0,DGLY
2012-08-29,52.18000030517578,52.2599983215332,51.2599983215332,51.59000015258789,51.59000015258789,296100.0,DGP
2012-08-29,60.540000915527344,61.06999969482422,60.31999969482422,60.83000183105469,51.94001770019531,436500.0,DGX
2012-08-29,11.90999984741211,12.010000228881836,11.899999618530273,11.989999771118164,11.989999771118164,120700.0,DGZ
2012-08-29,22.26000022888184,22.280000686645508,22.15999984741211,22.18000030517578,21.757848739624023,766600.0,DHC
2012-08-29,24.190000534057614,24.440000534057614,24.15999984741211,24.36000061035156,16.301996231079098,153600.0,DHCNI
2012-08-29,4.25,4.25,4.230000019073486,4.230000019073486,2.0652899742126465,294600.0,DHF
2012-08-29,18.670000076293945,18.850000381469727,18.56999969482422,18.75,17.158348083496097,2518000.0,DHI
2012-08-29,73.55000305175781,73.6500015258789,73.1500015258789,73.6500015258789,51.68199920654297,2300.0,DHIL
2012-08-29,40.47005462646485,40.65959167480469,40.34874725341797,40.4169807434082,26.302526473999023,2159800.0,DHR
2012-08-29,5.6500000953674325,5.6500000953674325,5.440000057220459,5.480000019073486,3.679530382156372,104700.0,DHT
2012-08-29,8.069999694824219,8.069999694824219,7.889999866485597,7.980000019073486,7.980000019073486,311700.0,DHX
2012-08-29,3.259999990463257,3.259999990463257,3.2300000190734863,3.2300000190734863,1.5147429704666138,363700.0,DHY
2012-08-29,53.79999923706055,54.41999816894531,53.20000076293945,53.54999923706055,37.58000946044922,109100.0,DIN
2012-08-29,18.40999984741211,18.540000915527344,17.989999771118164,18.459999084472656,18.459999084472656,186900.0,DIOD
2012-08-29,49.63999938964844,50.16999816894531,49.59000015258789,50.040000915527344,44.80299758911133,7685100.0,DIS
2012-08-29,27.45528793334961,27.542156219482425,27.3377628326416,27.521717071533203,27.521717071533203,1616000.0,DISCA
2012-08-29,26.90769195556641,26.90769195556641,26.90769195556641,26.90769195556641,26.90769195556641,0.0,DISCB
2012-08-29,25.19499969482422,25.420000076293945,25.19499969482422,25.309999465942386,25.309999465942386,536200.0,DISCK
2012-08-29,31.809999465942386,31.93000030517578,31.46999931335449,31.82999992370605,30.970195770263672,930200.0,DISH
2012-08-29,68.59999847412111,68.59999847412111,68.59999847412111,68.59999847412111,63.2799186706543,0.0,DIT
2012-08-29,27.10000038146973,27.26000022888184,27.10000038146973,27.26000022888184,27.26000022888184,1800.0,DJCI
2012-08-29,89.51000213623047,90.5,88.0,90.5,90.5,800.0,DJCO
2012-08-29,43.0099983215332,43.22000122070313,42.88000106811523,43.15999984741211,43.15999984741211,209800.0,DJP
2012-08-29,26.04999923706055,26.5,26.020000457763672,26.170000076293945,20.81515312194824,389500.0,DK
2012-08-29,49.0099983215332,49.70000076293945,49.0099983215332,49.43000030517578,42.76894760131836,913000.0,DKS
2012-08-29,3.009999990463257,3.2000000476837163,3.009999990463257,3.0199999809265137,1.9561055898666384,9400.0,DL
2012-08-29,14.270000457763672,14.359999656677244,14.220000267028807,14.25,14.25,18800.0,DLA
2012-08-29,34.240001678466804,34.279998779296875,33.529998779296875,33.75,28.13831329345703,544800.0,DLB
2012-08-29,1.0299999713897705,1.0299999713897705,1.0299999713897705,1.0299999713897705,1.0299999713897705,1500.0,DLHC
2012-08-29,30.45000076293945,30.520000457763672,29.88999938964844,30.20000076293945,27.47477149963379,2728700.0,DLPH
2012-08-29,4.0,4.0,4.0,4.0,4.0,2500.0,DLPN
2012-08-29,74.16000366210938,74.77999877929688,73.98999786376953,74.72000122070312,52.88728713989258,997400.0,DLR
2012-08-29,48.52000045776367,48.83000183105469,48.41999816894531,48.459999084472656,48.459999084472656,1559700.0,DLTR
2012-08-29,28.07999992370605,29.020000457763672,28.059999465942386,28.95000076293945,24.59222412109375,318000.0,DLX
2012-08-29,26.899999618530273,26.899999618530273,26.899999618530273,26.899999618530273,26.899999618530273,0.0,DLY
2012-08-29,37.15999984741211,37.15999984741211,37.15999984741211,37.15999984741211,37.15999984741211,0.0,DMAC
2012-08-29,10.460000038146973,10.5600004196167,10.449999809265137,10.5600004196167,6.7780351638793945,34100.0,DMF
2012-08-29,22.18000030517578,22.200000762939453,21.700000762939453,22.18000030517578,12.230635643005373,56400.0,DMLP
2012-08-29,24.209999084472656,24.70000076293945,24.15999984741211,24.61000061035156,9.251080513000488,50500.0,DMO
2012-08-29,21.5,21.82999992370605,21.5,21.57999992370605,20.90506935119629,16800.0,DMRC
2012-08-29,14.479999542236328,14.479999542236328,14.359999656677244,14.399999618530273,7.348488330841064,21900.0,DNI
2012-08-29,0.8769999742507935,0.8769999742507935,0.8769999742507935,0.8769999742507935,0.8769999742507935,0.0,DNK
2012-08-29,29.31999969482422,29.479999542236328,29.04999923706055,29.13999938964844,24.68264579772949,2574600.0,DNKN
2012-08-29,1.399999976158142,1.4199999570846558,1.3899999856948853,1.3899999856948853,1.3899999856948853,213800.0,DNN
2012-08-29,10.630000114440918,10.630000114440918,10.550000190734863,10.600000381469727,6.0542168617248535,413400.0,DNP
2012-08-29,15.630000114440918,15.649999618530273,15.220000267028807,15.3100004196167,14.431900024414062,4353600.0,DNR
2012-08-29,66.77999877929689,66.95999908447266,66.0,66.62000274658203,56.814048767089844,708400.0,DO
2012-08-29,30.0,30.25,30.0,30.25,30.25,200.0,DOOR
2012-08-29,28.81999969482422,29.11000061035156,28.709999084472656,28.90999984741211,27.659927368164066,44400.0,DORM
2012-08-29,38.6917724609375,38.845951080322266,38.34990310668945,38.57781600952149,31.79469490051269,1446100.0,DOV
2012-08-29,32.15999984741211,32.259998321533196,32.02000045776367,32.150001525878906,28.665142059326172,930900.0,DOX
2012-08-29,18.559999465942386,18.739999771118164,18.530000686645508,18.709999084472656,9.643288612365724,102500.0,DPG
2012-08-29,992.0,1040.0,992.0,1040.0,1040.0,0.0,DPW
2012-08-29,36.0099983215332,36.47000122070313,35.63999938964844,36.18999862670898,33.450332641601555,390800.0,DPZ
2012-08-29,4.650000095367432,4.900000095367432,4.650000095367432,4.650000095367432,4.650000095367432,5800.0,DQ
2012-08-29,20.0,20.200000762939453,19.899999618530273,20.0,14.827095985412598,3700.0,DRAD
2012-08-29,5.889999866485597,5.960000038146973,5.71999979019165,5.8499999046325675,4.38800859451294,51600.0,DRD
2012-08-29,14.390000343322756,14.479999542236328,14.31999969482422,14.390000343322756,10.792319297790527,1956500.0,DRE
2012-08-29,9.710000038146973,9.770000457763672,9.640000343322754,9.760000228881836,7.1040239334106445,541100.0,DRH
2012-08-29,46.68839645385742,47.16216278076172,46.68839645385742,46.91187286376953,35.42425537109375,935000.0,DRI
2012-08-29,70.41999816894531,70.62000274658203,68.87000274658203,68.95999908447266,68.95999908447266,305200.0,DRQ
2012-08-29,47.83000183105469,48.18999862670898,47.790000915527344,48.18999862670898,48.18999862670898,6600.0,DRR
2012-08-29,0.9800000190734864,1.0399999618530271,0.9499999880790709,1.0099999904632568,1.0099999904632568,59400.0,DRRX
2012-08-29,3.235140085220337,3.2521002292633057,3.1842598915100098,3.1969799995422363,1.980779051780701,5226000.0,DS
2012-08-29,8.369999885559082,8.369999885559082,8.359999656677246,8.359999656677246,8.359999656677246,200.0,DSGX
2012-08-29,29.20000076293945,30.1299991607666,29.18000030517578,29.79999923706055,29.79999923706055,110000.0,DSLV
2012-08-29,9.390000343322754,9.449999809265137,9.390000343322754,9.449999809265137,5.95005464553833,180800.0,DSM
2012-08-29,5.809999942779541,5.8499999046325675,5.730000019073486,5.8499999046325675,5.8499999046325675,16800.0,DSPG
2012-08-29,15.239999771118164,15.600000381469727,14.279999732971193,14.520000457763672,14.520000457763672,20700.0,DSS
2012-08-29,12.989999771118164,13.170000076293945,12.989999771118164,13.109999656677244,7.387816429138184,158700.0,DSU
2012-08-29,2.5899999141693115,2.650000095367432,2.5899999141693115,2.619999885559082,1.5850707292556765,11200.0,DSWL
2012-08-29,6.6599998474121085,6.699999809265138,6.550000190734862,6.550000190734862,6.550000190734862,163700.0,DSX
2012-08-29,58.9000015258789,59.06000137329102,58.68000030517578,58.86000061035156,44.17449569702149,417900.0,DTE
2012-08-29,17.079999923706055,17.139999389648438,16.989999771118164,17.079999923706055,11.653146743774414,25800.0,DTF
2012-08-29,40.38000106811523,41.7400016784668,40.349998474121094,41.38000106811523,41.38000106811523,233700.0,DTO
2012-08-29,0.3330000042915344,0.3330000042915344,0.3330000042915344,0.3330000042915344,0.3279313445091248,0.0,DTP
2012-08-29,57.7400016784668,57.7400016784668,57.7400016784668,57.7400016784668,57.7400016784668,0.0,DTUL
2012-08-29,40.66999816894531,40.66999816894531,40.66999816894531,40.66999816894531,40.66999816894531,100.0,DTUS
2012-08-29,0.14100000262260434,0.14100000262260434,0.14100000262260434,0.14100000262260434,0.13035832345485687,0.0,DTW
2012-08-29,71.19000244140625,71.30000305175781,71.08999633789062,71.30000305175781,71.30000305175781,1800.0,DTYL
2012-08-29,12.5,12.5,12.350000381469727,12.390000343322756,7.6668052673339835,56600.0,DUC
2012-08-29,65.25,65.51999664306639,64.84999847412111,65.30999755859375,46.64845657348633,3192300.0,DUK
2012-08-29,0.7599999904632568,0.7599999904632568,0.7599999904632568,0.7599999904632568,0.7599999904632568,0.0,DUO
2012-08-29,2613.330078125,2613.330078125,2613.330078125,2613.330078125,2613.330078125,0.0,DUOT
2012-08-29,48.76499938964844,48.9000015258789,48.61999893188477,48.65999984741211,48.65999984741211,622400.0,DVA
2012-08-29,38.400001525878906,38.79999923706055,37.400001525878906,38.29999923706055,38.29999923706055,93400.0,DVAX
2012-08-29,1.3400000333786009,1.5499999523162842,1.309999942779541,1.440000057220459,1.1285226345062256,582600.0,DVD
2012-08-29,60.18999862670898,60.36999893188477,58.56999969482422,58.72999954223633,52.41088104248047,4428500.0,DVN
2012-08-29,16.625850677490234,16.707483291625973,16.353740692138672,16.544218063354492,15.781621932983398,14700.0,DWSN
2012-08-29,31.290000915527344,31.3799991607666,31.20000076293945,31.3799991607666,21.069826126098636,90200.0,DX
2012-08-29,25.040000915527344,25.149999618530273,25.020000457763672,25.1200008392334,15.504189491271973,33800.0,DXB
2012-08-29,16.225933074951172,16.340200424194336,16.076889038085938,16.141475677490234,9.85881519317627,2716800.0,DXC
2012-08-29,12.5600004196167,12.869999885559082,12.529999732971193,12.789999961853027,12.789999961853027,282800.0,DXCM
2012-08-29,13.31999969482422,13.68000030517578,12.960000038146973,13.4399995803833,13.4399995803833,6231.0,DXF
2012-08-29,4.070000171661377,4.150000095367432,4.070000171661377,4.110000133514403,4.110000133514403,126100.0,DXLG
2012-08-29,45.84000015258789,45.86000061035156,45.040000915527344,45.08000183105469,45.08000183105469,49900.0,DXPE
2012-08-29,8.960000038146973,8.960000038146973,8.960000038146973,8.960000038146973,8.550122261047362,0.0,DXR
2012-08-29,3.2999999523162837,3.4100000858306885,3.2999999523162837,3.4100000858306885,3.4100000858306885,6400.0,DXYN
2012-08-29,15.829999923706055,16.129999160766598,15.210000038146973,15.279999732971193,15.279999732971193,4590400.0,DY
2012-08-29,1.6000000238418581,1.6799999475479126,1.6000000238418581,1.6799999475479126,1.6799999475479126,9100.0,DYAI
2012-08-29,2.700000047683716,2.700000047683716,2.400000095367432,2.700000047683716,2.700000047683716,34000.0,DYNT
2012-08-29,3.2000000476837163,3.2000000476837163,3.0999999046325684,3.2000000476837163,3.2000000476837163,1400.0,DZSI
2012-08-29,4.559999942779541,4.650000095367432,4.559999942779541,4.630000114440918,4.630000114440918,558900.0,DZZ
2012-08-29,43.93000030517578,44.0,43.7599983215332,43.849998474121094,27.83951568603516,233800.0,E
2012-08-29,12.899999618530273,13.010000228881836,12.640000343322756,12.850000381469727,12.850000381469727,2781200.0,EA
2012-08-29,10.59000015258789,10.720000267028807,10.579999923706056,10.720000267028807,5.394175052642822,206600.0,EAD
2012-08-29,63.099998474121094,63.099998474121094,63.099998474121094,63.099998474121094,63.099998474121094,0.0,EAI
2012-08-29,34.56999969482422,35.0,34.5,34.880001068115234,27.839956283569336,977200.0,EAT
2012-08-29,19.873737335205078,20.164140701293945,19.873737335205078,19.98737335205078,19.600067138671875,25207600.0,EBAY
2012-08-29,14.8100004196167,15.0600004196167,14.699999809265135,14.829999923706055,10.681669235229492,37200.0,EBF
2012-08-29,23.76000022888184,24.20000076293945,23.60000038146973,24.03000068664551,22.589962005615234,129300.0,EBIX
2012-08-29,10.140000343322754,10.270000457763672,10.130000114440918,10.270000457763672,8.632584571838379,1800.0,EBMT
2012-08-29,7.420000076293945,7.420000076293945,7.239999771118164,7.300000190734862,6.242976188659668,1646000.0,EBR
2012-08-29,15.100000381469727,15.199999809265135,14.899999618530273,15.010000228881836,15.010000228881836,176600.0,EBS
2012-08-29,6.229575157165527,6.3276143074035645,6.143790721893311,6.225490093231201,5.885498046875,13700.0,EBSB
2012-08-29,16.139999389648438,16.540000915527347,15.9399995803833,15.979999542236328,13.601930618286133,13300.0,EBTC
2012-08-29,58.31000137329102,58.66999816894531,57.7400016784668,57.88999938964844,43.85865783691406,399400.0,EC
2012-08-29,7.1500000953674325,7.179999828338622,7.119999885559082,7.170000076293945,4.591578006744385,18800.0,ECF
2012-08-29,18.15999984741211,18.520000457763672,18.030000686645508,18.309999465942386,18.309999465942386,127800.0,ECHO
2012-08-29,65.13999938964844,65.33000183105469,64.65000152587889,65.12000274658203,59.50162887573242,959200.0,ECL
2012-08-29,19.18000030517578,19.440000534057614,19.13999938964844,19.26000022888184,16.890373229980472,71800.0,ECOL
2012-08-29,28.18000030517578,28.18000030517578,27.8799991607666,28.01000022888184,28.01000022888184,95900.0,ECPG
2012-08-29,19.57999992370605,19.6200008392334,19.25,19.46999931335449,6.689487934112549,65400.0,ECT
2012-08-29,61.08000183105469,61.209999084472656,60.7599983215332,60.77999877929688,45.56993103027344,918400.0,ED
2012-08-29,2.0899999141693115,2.150000095367432,1.9800000190734863,2.0999999046325684,2.0999999046325684,20300.0,EDAP
2012-08-29,16.780000686645508,16.780000686645508,16.620000839233402,16.700000762939453,8.175283432006836,187800.0,EDD
2012-08-29,23.70000076293945,23.88999938964844,23.60000038146973,23.88999938964844,8.394848823547362,33400.0,EDF
2012-08-29,2.490000009536743,2.490000009536743,2.390000104904175,2.4100000858306885,2.4100000858306885,1200.0,EDN
2012-08-29,159.60000610351562,159.60000610351562,159.60000610351562,159.60000610351562,159.60000610351562,0.0,EDSA
2012-08-29,13.5,13.579999923706055,13.199999809265135,13.279999732971193,12.729937553405762,1491100.0,EDU
2012-08-29,1.9800000190734863,1.9800000190734863,1.9750000238418581,1.9750000238418581,0.9786470532417296,1200.0,EDUC
2012-08-29,32.93000030517578,33.189998626708984,32.919998168945305,33.0,26.59675407409668,116100.0,EE
2012-08-29,6.46999979019165,6.480000019073486,6.46999979019165,6.46999979019165,5.708039283752441,1600.0,EEA
2012-08-29,17.799999237060547,17.989999771118164,17.649999618530273,17.8799991607666,17.8799991607666,64800.0,EEFT
2012-08-29,9.880000114440918,9.880000114440918,9.880000114440918,9.880000114440918,9.880000114440918,0.0,EEH
2012-08-29,21.799999237060547,21.93000030517578,21.649999618530273,21.8700008392334,8.777400970458983,318200.0,EFC
2012-08-29,2.299999952316284,2.5999999046325684,2.299999952316284,2.5,2.5,1200.0,EFOI
2012-08-29,16.299999237060547,16.430000305175778,16.280000686645508,16.40999984741211,9.813610076904297,93200.0,EFR
2012-08-29,12.199999809265135,12.460000038146973,12.130000114440918,12.380000114440918,11.22575855255127,19300.0,EFSC
2012-08-29,16.540000915527347,16.75,16.540000915527347,16.620000839233402,10.22085666656494,155500.0,EFT
2012-08-29,46.20000076293945,46.31999969482422,45.77999877929688,46.11000061035156,41.96142959594727,533300.0,EFX
2012-08-29,5.150000095367432,5.1599998474121085,4.889999866485597,4.900000095367432,4.900000095367432,9800.0,EGAN
2012-08-29,15.636363983154295,15.681818008422852,15.545454978942873,15.618182182312012,15.403810501098633,41600.0,EGBN
2012-08-29,15.399999618530273,15.399999618530273,15.3100004196167,15.3100004196167,11.075302124023438,104200.0,EGF
2012-08-29,5.880000114440918,5.929999828338622,5.860000133514403,5.869999885559082,5.869999885559082,336200.0,EGHT
2012-08-29,1048.1817626953123,1077.2979736328123,1037.26318359375,1059.100341796875,1059.100341796875,200.0,EGLE
2012-08-29,64.44999694824219,64.94999694824219,63.599998474121094,64.0,62.55583572387695,505100.0,EGO
2012-08-29,14.239999771118164,14.619999885559082,14.229999542236328,14.600000381469727,12.22402286529541,143100.0,EGOV
2012-08-29,53.54999923706055,53.790000915527344,53.290000915527344,53.45000076293945,40.70160675048828,96800.0,EGP
2012-08-29,7.670000076293945,7.744999885559082,7.579999923706055,7.610000133514403,7.610000133514403,235400.0,EGY
2012-08-29,23.10000038146973,23.459999084472656,22.989999771118164,23.40999984741211,20.279865264892575,372800.0,EHC
2012-08-29,13.609999656677244,13.640000343322756,13.529999732971193,13.640000343322756,6.683452606201173,48800.0,EHI
2012-08-29,16.559999465942386,16.850000381469727,16.469999313354492,16.780000686645508,16.780000686645508,95600.0,EHTH
2012-08-29,65.11160278320311,67.36460113525389,66.23809814453125,67.36460113525389,67.36460113525389,439.0,EIC
2012-08-29,18.59000015258789,18.59000015258789,18.299999237060547,18.459999084472656,16.602272033691403,92000.0,EIG
2012-08-29,13.720000267028807,13.869999885559082,13.720000267028807,13.869999885559082,9.155893325805664,153100.0,EIM
2012-08-29,43.349998474121094,43.88999938964844,43.290000915527344,43.709999084472656,34.119396209716804,1511800.0,EIX
2012-08-29,60.09000015258789,60.2599983215332,59.52000045776367,60.1500015258789,54.50366973876953,1969600.0,EL
2012-08-29,27.649999618530273,27.649999618530273,27.43000030517578,27.45000076293945,21.48961639404297,3600.0,ELA
2012-08-29,19037.69921875,19509.69921875,18880.400390625,19273.69921875,19273.69921875,41287.0,ELC
2012-08-29,121.6999969482422,123.0999984741211,121.0,121.6999969482422,121.6999969482422,40700.0,ELGX
2012-08-29,4.75,4.75,4.75,4.75,4.622312068939209,3500.0,ELLO
2012-08-29,2.059999942779541,2.059999942779541,1.8600000143051147,1.8600000143051147,1.8600000143051147,4400.0,ELMD
2012-08-29,440.0,460.0,440.0,440.0,440.0,0.0,ELOX
2012-08-29,19.170000076293945,19.270000457763672,18.729999542236328,18.84000015258789,13.250192642211914,321800.0,ELP
2012-08-29,17.204999923706055,17.309999465942386,17.125,17.267499923706055,11.373289108276367,475600.0,ELS
2012-08-29,3.9600000381469727,3.9600000381469727,3.9600000381469727,3.9600000381469727,3.844061374664306,400.0,ELSE
2012-08-29,6.0,6.0,5.75,5.949999809265138,5.949999809265138,4900.0,ELTK
2012-08-29,5.820000171661378,5.829999923706055,5.760000228881836,5.760000228881836,5.596840858459473,338400.0,ELY
2012-08-29,4.860000133514403,4.860000133514403,4.6599998474121085,4.75,4.61914587020874,47500.0,EMAN
2012-08-29,22.959999084472656,22.959999084472656,22.959999084472656,22.959999084472656,17.40987777709961,0.0,EMCF
2012-08-29,21.18000030517578,21.309999465942386,21.100000381469727,21.26000022888184,11.485684394836426,110200.0,EMD
2012-08-29,27.440000534057614,27.8700008392334,27.440000534057614,27.770000457763672,26.60175323486328,156800.0,EME
2012-08-29,17.569999694824222,17.790000915527344,17.5,17.530000686645508,10.833986282348633,43600.0,EMF
2012-08-29,4.849999904632568,4.900000095367432,4.630000114440918,4.78000020980835,3.673518657684326,52000.0,EMKR
2012-08-29,17.8799991607666,17.8799991607666,17.860000610351562,17.860000610351562,15.16583251953125,3100.0,EML
2012-08-29,7.969924926757812,7.969924926757812,7.518796920776367,7.5563907623291025,7.5563907623291025,19300.0,EMMS
2012-08-29,55.72000122070313,55.77000045776367,54.77000045776367,55.08000183105469,45.47930526733398,1324400.0,EMN
2012-08-29,20.25,20.32999992370605,20.059999465942386,20.100000381469727,10.145218849182127,97900.0,EMO
2012-08-29,3.539999961853028,3.539999961853028,3.539999961853028,3.539999961853028,3.539999961853028,0.0,EMP
2012-08-29,51.709999084472656,51.93000030517578,51.36999893188477,51.540000915527344,40.50112915039063,2836400.0,EMR
2012-08-29,2.049999952316284,2.0799999237060547,1.9800000190734863,1.9900000095367432,1.9900000095367432,96000.0,EMX
2012-08-29,39.22000122070313,39.709999084472656,39.20000076293945,39.66999816894531,26.22132682800293,411100.0,ENB
2012-08-29,32.36999893188477,32.470001220703125,31.96999931335449,32.200000762939446,32.200000762939446,1146300.0,ENDP
2012-08-29,0.7599999904632568,0.7699999809265137,0.7200000286102295,0.7200000286102295,0.7200000286102295,40900.0,ENG
2012-08-29,8.82224178314209,8.870304107666016,8.758157730102539,8.784858703613281,6.342869758605957,737300.0,ENIA
2012-08-29,12.510000228881836,12.56999969482422,12.3100004196167,12.5,8.06932544708252,135500.0,ENLC
2012-08-29,5.059999942779541,5.230000019073486,5.039999961853027,5.110000133514403,5.110000133514403,91000.0,ENPH
2012-08-29,68.01000213623047,68.29000091552734,67.79000091552734,68.16000366210939,57.87741088867188,542100.0,ENR
2012-08-29,37.7599983215332,37.9900016784668,37.599998474121094,37.72000122070313,35.131763458251946,163500.0,ENS
2012-08-29,7.489243507385254,7.570897579193115,7.481588363647461,7.5428290367126465,7.15730094909668,104100.0,ENSG
2012-08-29,0.3899999856948853,0.3899999856948853,0.3899999856948853,0.3899999856948853,0.3899999856948853,0.0,ENSV
2012-08-29,9.989999771118164,9.989999771118164,9.989999771118164,9.989999771118164,9.989999771118164,0.0,ENT
2012-08-29,8.670000076293945,8.84000015258789,8.670000076293945,8.760000228881836,8.587221145629883,387400.0,ENTG
2012-08-29,11.59000015258789,11.59000015258789,11.260000228881836,11.329999923706055,11.329999923706055,64500.0,ENV
2012-08-29,14.720000267028807,14.899999618530273,14.670000076293945,14.670000076293945,9.93940258026123,28100.0,ENX
2012-08-29,1.919999957084656,1.9900000095367432,1.830000042915344,1.830000042915344,1.830000042915344,193000.0,ENZ
2012-08-29,8.430000305175781,8.449999809265138,8.409999847412111,8.449999809265138,3.839467763900757,165600.0,EOD
2012-08-29,54.43999862670898,54.4900016784668,53.73500061035156,54.0250015258789,50.64628982543945,2580200.0,EOG
2012-08-29,10.890000343322754,10.899999618530273,10.869999885559082,10.880000114440918,6.023615837097168,81500.0,EOI
2012-08-29,10.800000190734863,10.84000015258789,10.789999961853027,10.81999969482422,6.033781051635742,146100.0,EOS
2012-08-29,22.21999931335449,22.420000076293945,22.21999931335449,22.399999618530273,15.179937362670898,45500.0,EOT
2012-08-29,17.899999618530273,18.1299991607666,17.799999237060547,17.969999313354492,17.969999313354492,1530900.0,EPAM
2012-08-29,22.90999984741211,22.96999931335449,22.239999771118164,22.70000076293945,22.70000076293945,152500.0,EPAY
2012-08-29,50.415122985839844,50.62268447875977,50.252037048339844,50.52631759643555,48.00801467895508,731200.0,EPC
2012-08-29,26.51499938964844,26.59499931335449,26.38999938964844,26.54999923706055,15.95533847808838,1470200.0,EPD
2012-08-29,8.060000419616701,8.069999694824219,7.989999771118164,8.010000228881836,5.8994507789611825,31400.0,EPM
2012-08-29,45.33000183105469,45.93000030517578,45.11999893188477,45.90999984741211,28.16914939880371,112400.0,EPR
2012-08-29,2.0299999713897705,2.039999961853028,2.0299999713897705,2.039999961853028,2.039999961853028,3000.0,EPSN
2012-08-29,0.4399999976158142,0.4399999976158142,0.4000000059604645,0.4399999976158142,0.4399999976158142,38375.0,EQ
2012-08-29,15.06999969482422,15.220000267028807,15.06999969482422,15.100000381469727,11.597737312316895,671500.0,EQC
2012-08-29,198.19000244140625,203.16000366210938,197.2700042724609,199.7700042724609,165.2688751220703,997800.0,EQIX
2012-08-29,26.79999923706055,26.95000076293945,26.79999923706055,26.899999618530273,17.285512924194336,20700.0,EQM
2012-08-29,25.459999084472656,25.51000022888184,25.36000061035156,25.38999938964844,17.56187629699707,911200.0,EQNR
2012-08-29,61.04999923706055,61.2400016784668,60.88999938964844,60.91999816894531,42.420406341552734,761100.0,EQR
2012-08-29,2.299999952316284,2.309999942779541,2.25,2.309999942779541,2.309999942779541,1200.0,EQS
2012-08-29,29.123571395874023,29.21611404418945,28.80239486694336,29.069133758544922,27.84575843811035,1773800.0,EQT
2012-08-29,16.100000381469727,16.170000076293945,16.020000457763672,16.079999923706055,8.113669395446777,133700.0,ERC
2012-08-29,15.800000190734865,16.09000015258789,15.760000228881836,15.869999885559082,11.252737998962402,991800.0,ERF
2012-08-29,11.989999771118164,12.109999656677244,11.989999771118164,12.06999969482422,7.017143249511719,14900.0,ERH
2012-08-29,0.020999999716877937,0.020999999716877937,0.020999999716877937,0.020999999716877937,0.020999999716877937,0.0,ERI
2012-08-29,9.520000457763672,9.619999885559082,9.5,9.600000381469727,7.259279251098633,6127700.0,ERIC
2012-08-29,63.93000030517578,64.26000213623047,62.34000015258789,63.849998474121094,49.92158126831055,28500.0,ERIE
2012-08-29,2.609999895095825,2.609999895095825,2.539999961853028,2.549999952316284,2.549999952316284,100900.0,ERII
2012-08-29,26.59000015258789,26.6200008392334,26.059999465942386,26.239999771118164,24.267932891845703,496900.0,ERJ
2012-08-29,37.7599983215332,37.86000061035156,37.43999862670898,37.79999923706055,29.638164520263672,1542800.0,ES
2012-08-29,16.865800857543945,16.865800857543945,16.787878036499027,16.796537399291992,11.732549667358398,2500.0,ESBK
2012-08-29,5.21999979019165,5.230000019073486,5.21999979019165,5.21999979019165,3.853954076766968,3000.0,ESCA
2012-08-29,35.41999816894531,35.5099983215332,35.20000076293945,35.36000061035156,33.50741958618164,54900.0,ESE
2012-08-29,90.4000015258789,92.0,88.0,88.80000305175781,83.98294830322266,1000.0,ESEA
2012-08-29,94.81999969482422,94.81999969482422,93.4499969482422,93.80999755859376,93.80999755859376,10400.0,ESGR
2012-08-29,30.32999992370605,30.63999938964844,29.90999984741211,29.959999084472656,25.66849136352539,21500.0,ESLT
2012-08-29,30.45000076293945,30.45000076293945,30.0,30.0,22.11568260192871,2100.0,ESP
2012-08-29,153.41000366210938,153.83999633789062,152.25,152.39999389648438,121.07806396484376,126900.0,ESS
2012-08-29,10.479999542236328,10.479999542236328,10.199999809265137,10.260000228881836,8.496335983276367,15100.0,ESSA
2012-08-29,13.869999885559082,13.869999885559082,13.850000381469727,13.850000381469727,13.850000381469727,800.0,ESTE
2012-08-29,2.3499999046325684,2.400000095367432,2.3499999046325684,2.369999885559082,2.3207550048828125,15900.0,ESXB
2012-08-29,10.925000190734863,10.984999656677246,10.80500030517578,10.960000038146973,5.484731197357178,2188000.0,ET
2012-08-29,14.329999923706055,14.600000381469727,14.329999923706055,14.5600004196167,7.798266887664795,170200.0,ETB
2012-08-29,8.640000343322754,8.680000305175781,8.5,8.619999885559082,8.465298652648926,2655000.0,ETFC
2012-08-29,13.859999656677244,13.93000030517578,13.829999923706055,13.859999656677244,7.657799243927003,120800.0,ETG
2012-08-29,21.5,21.940000534057614,21.479999542236328,21.84000015258789,17.991172790527344,175200.0,ETH
2012-08-29,10.329999923706056,10.350000381469727,10.3100004196167,10.329999923706056,4.742974281311035,307300.0,ETJ
2012-08-29,6.21999979019165,6.369999885559082,6.21999979019165,6.289999961853027,5.4695096015930185,79400.0,ETM
2012-08-29,45.09000015258789,45.5099983215332,44.93999862670898,45.31000137329102,21.36705780029297,4111000.0,ETN
2012-08-29,19.229999542236328,19.290000915527344,19.190000534057614,19.21999931335449,9.298672676086426,41200.0,ETO
2012-08-29,3.150000095367432,3.150000095367432,3.150000095367432,3.150000095367432,3.150000095367432,0.0,ETON
2012-08-29,68.55999755859375,68.62999725341797,68.08000183105469,68.34999847412111,48.92987442016602,934700.0,ETR
2012-08-29,12.949999809265135,13.0,12.949999809265135,12.960000038146973,6.363720893859862,103300.0,ETV
2012-08-29,10.989999771118164,11.039999961853027,10.970000267028807,10.979999542236328,5.1102142333984375,224900.0,ETW
2012-08-29,9.380000114440918,9.399999618530273,9.350000381469727,9.350000381469727,4.711478233337402,300900.0,ETY
2012-08-29,39.7400016784668,39.7400016784668,39.72999954223633,39.72999954223633,39.72999954223633,300.0,EUFX
2012-08-29,26.60000038146973,26.78000068664551,26.479999542236328,26.59000015258789,20.8989200592041,409400.0,EV
2012-08-29,15.550000190734865,15.550000190734865,15.550000190734865,15.550000190734865,12.298185348510742,0.0,EVBN
2012-08-29,1.2400000095367432,1.2899999618530271,1.2100000381469729,1.2599999904632568,0.9290249347686768,62400.0,EVC
2012-08-29,7.28000020980835,7.3499999046325675,7.269999980926514,7.3499999046325675,4.5761566162109375,93600.0,EVF
2012-08-29,17.180000305175778,17.280000686645508,17.120000839233402,17.25,10.113365173339844,71200.0,EVG
2012-08-29,4.300000190734863,4.300000190734863,4.300000190734863,4.300000190734863,4.300000190734863,0.0,EVGN
2012-08-29,1.4900000095367432,1.5,1.4600000381469729,1.4600000381469729,0.811710774898529,7600.0,EVI
2012-08-29,1.4099999666213991,1.4099999666213991,1.4099999666213991,1.4099999666213991,1.4099999666213991,0.0,EVK
2012-08-29,12.079999923706055,12.210000038146973,12.079999923706055,12.170000076293945,8.127211570739746,55100.0,EVM
2012-08-29,14.0600004196167,14.149999618530273,14.010000228881836,14.149999618530273,8.996399879455566,74700.0,EVN
2012-08-29,6.449999809265138,6.5,6.210000038146973,6.4000000953674325,5.184675693511963,14900.0,EVOL
2012-08-29,24.95000076293945,25.239999771118164,24.84000015258789,25.0,20.928293228149414,192700.0,EVR
2012-08-29,29.309999465942386,29.31999969482422,29.15999984741211,29.25,22.270038604736328,525600.0,EVRG
2012-08-29,7.5,7.570000171661378,7.420000076293945,7.519999980926514,7.519999980926514,312700.0,EVRI
2012-08-29,8.449999809265138,8.5,8.449999809265138,8.5,8.5,200.0,EVSI
2012-08-29,16.829999923706055,16.84000015258789,16.770000457763672,16.809999465942386,9.40298843383789,146300.0,EVT
2012-08-29,16.770000457763672,16.879999160766598,16.770000457763672,16.770000457763672,9.323091506958008,244300.0,EVV
2012-08-29,15.380000114440918,15.449999809265135,15.380000114440918,15.449999809265135,10.385622024536133,7100.0,EVY
2012-08-29,50.54999923706055,51.58000183105469,50.32500076293945,50.90999984741211,50.90999984741211,1665400.0,EW
2012-08-29,21.989999771118164,22.13999938964844,21.75,22.07999992370605,19.10346794128418,1063100.0,EWBC
2012-08-29,10.399999618530273,10.420000076293944,10.15999984741211,10.170000076293944,10.170000076293944,455300.0,EXAS
2012-08-29,36.900001525878906,36.97000122070313,36.52999877929688,36.54999923706055,27.18219566345215,4593000.0,EXC
2012-08-29,17.84000015258789,17.940000534057614,17.790000915527344,17.8700008392334,8.54658317565918,24000.0,EXD
2012-08-29,4.4099998474121085,4.599999904632568,4.4099998474121085,4.5900001525878915,4.5900001525878915,4297400.0,EXEL
2012-08-29,5.070000171661377,5.110000133514403,4.940000057220459,4.96999979019165,4.96999979019165,6100.0,EXFO
2012-08-29,8.649999618530272,8.649999618530272,8.600000381469728,8.649999618530272,4.020609378814696,628900.0,EXG
2012-08-29,8.529999732971191,8.569999694824219,8.270000457763674,8.270000457763674,8.037934303283691,1026900.0,EXK
2012-08-29,25.85000038146973,26.07999992370605,25.61000061035156,26.0,26.0,215700.0,EXLS
2012-08-29,42.900001525878906,42.93999862670898,42.060001373291016,42.65999984741211,41.0703353881836,344300.0,EXP
2012-08-29,36.84000015258789,37.06999969482422,36.709999084472656,36.79999923706055,33.056411743164055,700600.0,EXPD
2012-08-29,52.86000061035156,53.27999877929688,52.209999084472656,52.86000061035156,48.80420684814453,1357800.0,EXPE
2012-08-29,12.904999732971193,13.022500038146973,12.885000228881836,13.015000343322756,11.929165840148926,124000.0,EXPO
2012-08-29,15.529999732971193,15.979999542236328,15.489999771118164,15.75,15.75,1408100.0,EXPR
2012-08-29,34.06999969482422,34.06999969482422,33.799999237060554,34.049999237060554,26.032167434692386,502100.0,EXR
2012-08-29,3.4500000476837163,3.539999961853028,3.4300000667572017,3.539999961853028,3.539999961853028,654700.0,EXTR
2012-08-29,1.7999999523162842,1.809999942779541,1.7599999904632568,1.7799999713897705,1.7799999713897705,38900.0,EYPT
2012-08-29,23.229999542236328,23.36000061035156,23.0,23.309999465942386,23.309999465942386,172900.0,EZPW
2012-08-29,9.329999923706056,9.399999618530273,9.289999961853027,9.31999969482422,6.641124725341798,26115700.0,F
2012-08-29,19.200000762939453,19.559999465942386,19.18000030517578,19.420000076293945,15.661727905273438,245500.0,FAF
2012-08-29,17.8700008392334,17.93000030517578,17.809999465942386,17.93000030517578,9.014196395874023,33700.0,FAM
2012-08-29,5.369999885559082,5.420000076293945,5.190000057220459,5.25,4.628091335296631,175600.0,FANH
2012-08-29,9.720000267028807,10.149999618530273,9.43000030517578,9.68000030517578,9.68000030517578,256100.0,FARM
2012-08-29,37.79999923706055,39.22999954223633,37.61000061035156,38.93000030517578,38.93000030517578,174900.0,FARO
2012-08-29,22.075000762939453,22.200000762939453,21.815000534057614,21.959999084472656,17.84653663635254,2736800.0,FAST
2012-08-29,7.940000057220459,7.949999809265138,7.9099998474121085,7.920000076293945,4.309844017028809,469200.0,FAX
2012-08-29,19.31999969482422,19.3799991607666,19.06999969482422,19.100000381469727,19.100000381469727,16124700.0,FB
2012-08-29,9.300000190734863,9.5,9.300000190734863,9.399999618530273,9.342074394226074,30700.0,FBC
2012-08-29,25.190000534057614,25.60000038146973,25.020000457763672,25.5,23.22040557861328,1081100.0,FBHS
2012-08-29,5.78000020980835,5.820000171661378,5.670000076293945,5.78000020980835,5.78000020980835,43700.0,FBIO
2012-08-29,11.625,11.625,11.604999542236328,11.604999542236328,9.849344253540039,3000.0,FBIZ
2012-08-29,9.609999656677246,9.609999656677246,9.609999656677246,9.609999656677246,8.986884117126465,100.0,FBMS
2012-08-29,9.84000015258789,9.979999542236328,9.609999656677246,9.710000038146973,8.519481658935549,26200.0,FBNC
2012-08-29,3.940000057220459,3.9500000476837163,3.869999885559082,3.9500000476837163,3.859977006912232,245800.0,FBP
2012-08-29,13.140000343322756,13.140000343322756,13.140000343322756,13.140000343322756,10.45071506500244,0.0,FBSS
2012-08-29,10.399999618530273,10.5,10.399999618530273,10.489999771118164,10.489999771118164,24500.0,FC
2012-08-29,19.899999618530273,19.899999618530273,19.899999618530273,19.899999618530273,15.82203197479248,0.0,FCAP
2012-08-29,3.33552622795105,3.33552622795105,3.33552622795105,3.33552622795105,2.9048168659210205,0.0,FCAU
2012-08-29,15.079999923706055,15.5,15.020000457763672,15.369999885559082,12.169248580932615,66200.0,FCBC
2012-08-29,8.369999885559082,8.399999618530272,8.369999885559082,8.399999618530272,7.171116828918457,1700.0,FCCO
2012-08-29,8.390022277832031,8.390022277832031,8.253968238830566,8.390022277832031,7.992511749267577,1300.0,FCCY
2012-08-29,138.24000549316406,138.24000549316406,131.03999328613278,135.36000061035156,135.36000061035156,11700.0,FCEL
2012-08-29,6.949999809265138,7.039999961853027,6.940000057220459,7.03000020980835,5.666134834289551,370700.0,FCF
2012-08-29,44.63999938964844,44.95000076293945,44.5099983215332,44.68999862670898,42.40901184082031,118600.0,FCFS
2012-08-29,26.26000022888184,26.57999992370605,26.21999931335449,26.520000457763672,26.520000457763672,363400.0,FCN
2012-08-29,164.2100067138672,166.85000610351562,163.64999389648438,166.75,160.9453125,6000.0,FCNCA
2012-08-29,14.06999969482422,14.109999656677244,14.0600004196167,14.079999923706055,6.95370626449585,20600.0,FCO
2012-08-29,15.199999809265135,15.390000343322756,15.199999809265135,15.369999885559082,9.352578163146973,86500.0,FCT
2012-08-29,35.650001525878906,35.689998626708984,35.139999389648445,35.58000183105469,29.65974426269531,11300800.0,FCX
2012-08-29,13.666666984558105,13.866666793823242,13.666666984558105,13.866666793823242,10.19717502593994,1200.0,FDBC
2012-08-29,8.314999580383299,8.494999885559082,8.314999580383299,8.470000267028809,7.107639789581299,16800.0,FDEF
2012-08-29,24.59000015258789,24.670000076293945,24.36000061035156,24.51000022888184,22.14437294006348,100800.0,FDP
2012-08-29,92.16999816894531,92.83000183105469,91.41000366210938,92.69000244140624,84.51454162597656,250000.0,FDS
2012-08-29,16.200000762939453,16.200000762939453,15.93000030517578,16.0,7.232461929321289,60400.0,FDUS
2012-08-29,87.37000274658203,87.91999816894531,87.18000030517578,87.62999725341797,81.84921264648438,1516300.0,FDX
2012-08-29,44.43000030517578,44.58000183105469,43.86999893188477,43.9900016784668,31.692649841308594,2775100.0,FE
2012-08-29,8.760000228881836,8.770000457763674,8.739999771118164,8.739999771118164,8.532398223876951,700.0,FEIM
2012-08-29,27.270000457763672,27.420000076293945,27.059999465942386,27.375,25.30245018005371,94000.0,FELE
2012-08-29,30.1299991607666,30.1299991607666,29.76000022888184,29.82999992370605,15.853575706481935,51700.0,FEN
2012-08-29,3.859999895095825,3.910000085830689,3.7300000190734863,3.7300000190734863,1.2594863176345823,80500.0,FENG
2012-08-29,20.850000381469727,20.93000030517578,20.799999237060547,20.82999992370605,10.333675384521484,8700.0,FEO
2012-08-29,23.5,23.56999969482422,23.209999084472656,23.540000915527344,23.540000915527344,852900.0,FET
2012-08-29,10.34000015258789,10.399999618530273,10.239999771118164,10.300000190734863,7.27958869934082,77300.0,FF
2012-08-29,11.9399995803833,12.029999732971193,11.6899995803833,12.010000228881836,6.88018798828125,53600.0,FFA
2012-08-29,16.25,16.559999465942386,16.25,16.489999771118164,12.335808753967285,157700.0,FFBC
2012-08-29,19.239999771118164,19.489999771118164,19.209999084472656,19.46999931335449,10.707402229309082,99000.0,FFC
2012-08-29,33.450000762939446,33.509998321533196,32.889999389648445,33.279998779296875,24.45316505432129,28600.0,FFG
2012-08-29,4.679999828338623,4.679999828338623,4.679999828338623,4.679999828338623,4.679999828338623,100.0,FFHL
2012-08-29,15.489999771118164,15.550000190734865,15.300000190734865,15.479999542236328,12.061031341552734,35200.0,FFIC
2012-08-29,8.712499618530272,8.920000076293945,8.712499618530272,8.867500305175781,7.62720775604248,202400.0,FFIN
2012-08-29,101.0,102.62999725341795,100.52999877929688,102.08999633789062,102.08999633789062,1396000.0,FFIV
2012-08-29,7.75,7.8400001525878915,7.75,7.8400001525878915,6.8673462867736825,8300.0,FFNW
2012-08-29,7.5,7.5999999046325675,7.5,7.519999980926514,3.5924601554870605,34100.0,FGB
2012-08-29,11.198347091674805,11.198347091674805,11.198347091674805,11.198347091674805,8.13704776763916,0.0,FGBI
2012-08-29,482.0,482.0,474.0,474.0,420.5047912597656,7792.0,FHB
2012-08-29,8.680000305175781,8.979999542236328,8.659999847412111,8.970000267028809,7.568861484527588,6375600.0,FHN
2012-08-29,14.329999923706055,14.579999923706055,14.329999923706055,14.43000030517578,11.494370460510256,26700.0,FIBK
2012-08-29,44.209999084472656,44.43000030517578,43.33000183105469,43.43999862670898,43.19601821899414,153300.0,FICO
2012-08-29,21.88999938964844,22.0,21.81999969482422,21.940000534057614,10.152737617492676,52100.0,FIF
2012-08-29,0.8999999761581421,0.8999999761581421,0.8999999761581421,0.8999999761581421,0.8544668555259705,38947.0,FINS
2012-08-29,31.71999931335449,31.79999923706055,31.5,31.71999931335449,28.177349090576172,784600.0,FIS
2012-08-29,17.440000534057614,17.829999923706055,17.34000015258789,17.729999542236328,13.768331527709961,16800.0,FISI
2012-08-29,17.584999084472653,17.815000534057614,17.542499542236328,17.792499542236328,17.792499542236328,3027200.0,FISV
2012-08-29,14.93000030517578,15.149999618530273,14.93000030517578,15.119999885559082,12.189971923828125,7452900.0,FITB
2012-08-29,142.50999450683594,142.50999450683594,141.75,142.2779998779297,136.31004333496094,96400.0,FITBP
2012-08-29,107.0,107.0,107.0,107.0,91.75794219970705,0.0,FIV
2012-08-29,32.130001068115234,32.330001831054695,31.26000022888184,31.54999923706055,31.54999923706055,115100.0,FIVE
2012-08-29,11.050000190734863,11.0600004196167,10.920000076293944,10.9399995803833,10.119603157043457,64600.0,FIX
2012-08-29,14.84000015258789,14.970000267028807,14.5600004196167,14.9399995803833,11.845952987670898,25100.0,FIZZ
2012-08-29,34.52000045776367,34.700000762939446,34.34999847412109,34.459999084472656,29.0452938079834,1565700.0,FL
2012-08-29,62.5,62.6500015258789,62.4900016784668,62.6500015258789,62.6500015258789,59700.0,FLAT
2012-08-29,20.96999931335449,21.190000534057614,20.950000762939453,21.190000534057614,11.666461944580078,36000.0,FLC
2012-08-29,15.390000343322756,15.75,15.369999885559082,15.56999969482422,15.56999969482422,100300.0,FLDM
2012-08-29,6.639999866485597,6.75,6.5900001525878915,6.75,6.75,2349600.0,FLEX
2012-08-29,13.34666633605957,13.422222137451172,13.324444770812988,13.377778053283693,10.759910583496094,11200.0,FLIC
2012-08-29,19.520000457763672,19.75,19.43000030517578,19.71999931335449,17.7773380279541,883700.0,FLIR
2012-08-29,2.690000057220459,2.720000028610229,2.6600000858306885,2.6600000858306885,2.6600000858306885,17300.0,FLL
2012-08-29,6.75,6.949999809265138,6.3499999046325675,6.449999809265138,6.449999809265138,4000.0,FLNT
2012-08-29,13.973333358764648,13.993332862854006,13.779999732971193,13.800000190734865,10.894648551940918,716800.0,FLO
2012-08-29,3.5499999523162837,3.7000000476837163,3.5035998821258545,3.5799999237060547,3.5799999237060547,883187.0,FLOW
2012-08-29,52.43999862670898,52.52000045776367,51.66999816894531,52.20000076293945,45.57802963256836,1044800.0,FLR
2012-08-29,42.54999923706055,42.78333282470703,42.21333312988281,42.58000183105469,37.38725662231445,1265100.0,FLS
2012-08-29,42.900001525878906,43.75,42.810001373291016,43.34000015258789,43.34000015258789,289100.0,FLT
2012-08-29,3.690000057220459,3.7799999713897705,3.640000104904175,3.6800000667572017,3.6800000667572017,168300.0,FLWS
2012-08-29,20.959999084472656,20.959999084472656,19.71999931335449,20.309999465942386,16.49705696105957,22100.0,FLXS
2012-08-29,12.979999542236328,13.25,12.890000343322756,13.149999618530273,10.548126220703123,30100.0,FLY
2012-08-29,10.100000381469727,10.100000381469727,10.100000381469727,10.100000381469727,7.962237358093263,600.0,FMAO
2012-08-29,25.5,25.5,25.5,25.5,21.591922760009766,0.0,FMBH
2012-08-29,11.880000114440918,12.039999961853027,11.859999656677244,12.010000228881836,10.429436683654783,242500.0,FMBI
2012-08-29,46.59149932861328,47.12922668457031,46.3486557006836,46.877708435058594,42.154563903808594,665600.0,FMC
2012-08-29,16.790000915527347,16.790000915527347,16.549999237060547,16.760000228881836,11.007415771484377,12900.0,FMN
2012-08-29,6.059999942779541,6.059999942779541,5.820000171661378,5.949999809265138,5.12309455871582,9400.0,FMNB
2012-08-29,22.88999938964844,23.06999969482422,22.79999923706055,22.96999931335449,9.952844619750977,32300.0,FMO
2012-08-29,35.61999893188477,35.77000045776367,35.4900016784668,35.630001068115234,32.549240112304695,75600.0,FMS
2012-08-29,83.6500015258789,84.01000213623047,83.08999633789062,83.52999877929688,74.3932113647461,310200.0,FMX
2012-08-29,19.850000381469727,19.920000076293945,19.82999992370605,19.899999618530273,12.360466957092285,5600.0,FMY
2012-08-29,12.09000015258789,12.09000015258789,11.84000015258789,11.9399995803833,11.9399995803833,42100.0,FN
2012-08-29,11.149999618530273,11.260000228881836,11.149999618530273,11.239999771118164,8.352424621582031,321600.0,FNB
2012-08-29,2.720000028610229,2.720000028610229,2.720000028610229,2.720000028610229,2.493845701217652,5000.0,FNCB
2012-08-29,11.109395980834961,11.234086990356444,11.073769569396973,11.204398155212402,8.466383934020996,1996800.0,FNF
2012-08-29,5.050000190734863,5.150000095367432,5.010000228881836,5.079999923706055,4.569798469543457,6300.0,FNHC
2012-08-29,16.319999694824222,16.540000915527347,16.25,16.479999542236328,11.818815231323242,7900.0,FNLC
2012-08-29,49.45000076293945,49.75,48.97999954223633,49.29999923706055,43.95293045043945,145000.0,FNV
2012-08-29,3.130000114440918,3.220000028610229,3.0999999046325684,3.2100000381469727,3.2100000381469727,358400.0,FOE
2012-08-29,12.670000076293945,12.6899995803833,12.640000343322756,12.6899995803833,6.64406156539917,100400.0,FOF
2012-08-29,4.900000095367432,5.079999923706055,4.849999904632568,5.010000228881836,5.010000228881836,186300.0,FOLD
2012-08-29,3.240000009536743,3.5,3.240000009536743,3.400000095367432,3.400000095367432,63100.0,FONR
2012-08-29,14.260000228881836,14.630000114440918,14.25,14.40999984741211,14.40999984741211,180300.0,FOR
2012-08-29,1.0800000429153442,1.190000057220459,1.0800000429153442,1.1399999856948853,1.1399999856948853,18400.0,FORD
2012-08-29,5.110000133514403,5.150000095367432,5.059999942779541,5.110000133514403,5.110000133514403,120200.0,FORM
2012-08-29,29.70000076293945,30.149999618530273,29.70000076293945,29.940000534057614,26.53675079345703,11500.0,FORR
2012-08-29,13.770000457763672,13.789999961853027,13.770000457763672,13.789999961853027,11.250285148620604,2000.0,FORTY
2012-08-29,87.44999694824219,88.0,86.86000061035156,87.66999816894531,87.66999816894531,766700.0,FOSL
2012-08-29,3.0,3.0,3.0,3.0,3.0,0.0,FPAY
2012-08-29,12.779999732971193,12.970000267028807,12.68000030517578,12.890000343322756,10.695392608642578,343800.0,FR
2012-08-29,14.960000038146973,15.09000015258789,14.960000038146973,15.020000457763672,9.45976734161377,89500.0,FRA
2012-08-29,13.899999618530273,13.899999618530273,13.899999618530273,13.899999618530273,10.777986526489258,8200.0,FRAF
2012-08-29,415.3200073242188,442.0799865722656,410.3999938964844,435.3599853515625,435.3599853515625,77300.0,FRAN
2012-08-29,4.75,4.75,4.75,4.75,4.613985538482666,0.0,FRBA
2012-08-29,2.049999952316284,2.1800000667572017,2.009999990463257,2.1300001144409184,2.1300001144409184,2900.0,FRBK
2012-08-29,32.40999984741211,32.700000762939446,32.27000045776367,32.610000610351555,25.55128288269043,263000.0,FRC
2012-08-29,9.68000030517578,9.739999771118164,9.579999923706056,9.699999809265137,8.177392959594728,8400.0,FRD
2012-08-29,10.460000038146973,10.5,10.25,10.499899864196776,8.874174118041992,10300.0,FRG
2012-08-29,15.81999969482422,16.34000015258789,15.3100004196167,15.449999809265135,15.449999809265135,152000.0,FRGI
2012-08-29,14.0,14.18000030517578,13.979999542236328,14.100000381469727,12.294328689575195,152300.0,FRME
2012-08-29,17.25,17.399999618530273,15.899999618530273,15.949999809265135,12.3699312210083,453600.0,FRO
2012-08-29,25.190000534057614,26.309999465942386,24.729999542236328,26.309999465942386,21.94922637939453,10600.0,FRPH
2012-08-29,107.18000030517578,107.9800033569336,107.18000030517578,107.55999755859376,83.81428527832031,194000.0,FRT
2012-08-29,6.431458950042725,6.431458950042725,6.431458950042725,6.431458950042725,6.431458950042725,0.0,FSBC
2012-08-29,10.600000381469727,10.600000381469727,10.550000190734863,10.550000190734863,9.67404842376709,1100.0,FSBW
2012-08-29,18.32999992370605,18.36000061035156,18.270000457763672,18.280000686645508,9.790210723876953,76300.0,FSD
2012-08-29,18.25,18.25,18.25,18.25,16.171361923217773,0.0,FSFG
2012-08-29,1.2899999618530271,1.2899999618530271,1.1399999856948853,1.2699999809265137,1.1585043668746948,25500.0,FSI
2012-08-29,25.61000061035156,25.790000915527344,24.01000022888184,24.20000076293945,24.20000076293945,6346500.0,FSLR
2012-08-29,4.5,4.539999961853027,4.449999809265137,4.519999980926514,4.519999980926514,115700.0,FSM
2012-08-29,10.920000076293944,11.210000038146973,10.899999618530273,11.140000343322754,7.164370536804199,277400.0,FSP
2012-08-29,6.010000228881836,6.059999942779541,5.949999809265138,5.96999979019165,5.440143585205078,165200.0,FSS
2012-08-29,33.130001068115234,33.240001678466804,32.5,32.81999969482422,32.056900024414055,21200.0,FSTR
2012-08-29,7.3400001525878915,7.449999809265138,7.3400001525878915,7.440000057220459,4.658189296722412,66800.0,FT
2012-08-29,677.9000244140625,678.4000244140625,676.2000122070312,678.0999755859375,429.9296569824219,1050474300.0,FTAI
2012-08-29,4.769999980926514,4.949999809265137,4.769999980926514,4.8400001525878915,4.8400001525878915,46400.0,FTEK
2012-08-29,14.949999809265135,15.0,14.600000381469727,14.800000190734865,7.788383483886719,74000.0,FTF
2012-08-29,13.199999809265135,14.399999618530273,13.199999809265135,13.68000030517578,13.68000030517578,13000.0,FTFT
2012-08-29,47.36999893188477,47.61000061035156,46.81000137329102,47.36999893188477,36.790870666503906,1237000.0,FTI
2012-08-29,11.880000114440918,11.9399995803833,11.470000267028807,11.850000381469727,11.850000381469727,434500.0,FTK
2012-08-29,26.54999923706055,26.6299991607666,26.34000015258789,26.51000022888184,26.51000022888184,1335800.0,FTNT
2012-08-29,69.30000305175781,70.5,69.30000305175781,69.90000152587889,40.32287979125977,431900.0,FTR
2012-08-29,34.080001831054695,34.080001831054695,34.080001831054695,34.080001831054695,23.99900054931641,0.0,FTS
2012-08-29,30.65999984741211,30.940000534057614,30.65999984741211,30.90999984741211,30.90999984741211,42700.0,FUD
2012-08-29,13.729999542236328,13.729999542236328,13.729999542236328,13.729999542236328,13.729999542236328,0.0,FUE
2012-08-29,29.809999465942386,30.40999984741211,29.690000534057614,30.34000015258789,27.788433074951172,170400.0,FUL
2012-08-29,9.609999656677246,9.829999923706056,9.609999656677246,9.720000267028807,7.668053150177003,774200.0,FULT
2012-08-29,32.34000015258789,32.509998321533196,32.209999084472656,32.509998321533196,20.612215042114254,56200.0,FUN
2012-08-29,5.599999904632568,5.599999904632568,5.599999904632568,5.599999904632568,5.3808698654174805,0.0,FUNC
2012-08-29,6.690000057220459,6.690000057220459,6.53000020980835,6.619999885559082,3.8967905044555664,42700.0,FUND
2012-08-29,5.880000114440918,5.880000114440918,5.880000114440918,5.880000114440918,5.6023430824279785,0.0,FUSB
2012-08-29,46.20000076293945,47.29999923706055,45.5,46.599998474121094,46.599998474121094,30800.0,FVE
2012-08-29,33.689998626708984,33.93000030517578,33.610000610351555,33.790000915527344,31.14242744445801,73800.0,FWRD
2012-08-29,4.670000076293945,4.75,4.670000076293945,4.75,4.407984733581543,1500.0,FXNC
2012-08-29,17.889999389648438,18.0,17.809999465942386,17.940000534057614,15.30620002746582,510700.0,G
2012-08-29,5.537323951721191,5.547021865844727,5.5179290771484375,5.527626514434815,2.5615434646606445,234300.0,GAB
2012-08-29,15.286666870117188,15.5,15.286666870117188,15.43333339691162,13.096169471740724,19900.0,GABC
2012-08-29,3.559999942779541,3.6800000667572017,3.559999942779541,3.5799999237060547,3.5799999237060547,10300.0,GAIA
2012-08-29,7.46999979019165,7.6500000953674325,7.46999979019165,7.639999866485597,3.796369791030884,78200.0,GAIN
2012-08-29,2.369999885559082,2.369999885559082,2.1600000858306885,2.1700000762939453,2.1700000762939453,71000.0,GALT
2012-08-29,28.26000022888184,28.32999992370605,28.20000076293945,28.25,17.483030319213867,23400.0,GAM
2012-08-29,6.059999942779541,6.210000038146973,6.050000190734862,6.130000114440918,6.130000114440918,16800.0,GASS
2012-08-29,42.13999938964844,42.13999938964844,41.349998474121094,41.47000122070313,33.74475479125977,237300.0,GATX
2012-08-29,3.039999961853028,3.0499999523162837,2.9800000190734863,3.0299999713897705,3.0299999713897705,28000.0,GAZ
2012-08-29,23.8799991607666,23.899999618530273,23.59000015258789,23.899999618530273,13.888005256652832,48300.0,GBAB
2012-08-29,15.470000267028807,15.68000030517578,15.449999809265135,15.56999969482422,12.02277660369873,185100.0,GBCI
2012-08-29,15.699999809265135,15.800000190734865,15.43000030517578,15.449999809265135,8.399662971496582,51900.0,GBDC
2012-08-29,25.228864669799805,25.228864669799805,24.86806678771973,25.035001754760746,24.07929229736328,10500.0,GBL
2012-08-29,19.709999084472656,19.96999931335449,19.5,19.88999938964844,18.509641647338867,45700.0,GBLI
2012-08-29,1.0099999904632568,1.0099999904632568,0.959999978542328,1.0099999904632568,1.0099999904632568,4200.0,GBR
2012-08-29,1.5180000066757202,1.5180000066757202,1.5180000066757202,1.5180000066757202,1.5180000066757202,0.0,GBT
2012-08-29,14.949999809265135,15.050000190734865,14.31999969482422,14.8100004196167,12.952760696411133,422500.0,GBX
2012-08-29,4.579999923706055,4.639999866485597,4.559999942779541,4.639999866485597,3.5605711936950684,13700.0,GCAP
2012-08-29,9.925000190734863,9.925000190734863,9.75,9.75,8.199958801269531,4400.0,GCBC
2012-08-29,17.559999465942386,17.59000015258789,17.469999313354492,17.569999694824222,9.956238746643066,2000.0,GCE
2012-08-29,15.079999923706055,15.18000030517578,15.020000457763672,15.18000030517578,6.775051593780518,2105300.0,GCI
2012-08-29,73.31999969482422,74.93000030517578,70.66000366210938,72.0999984741211,72.0999984741211,1251100.0,GCO
2012-08-29,5.78000020980835,5.8499999046325675,5.710000038146973,5.8400001525878915,2.98121976852417,9600.0,GCV
2012-08-29,65.87000274658203,66.19000244140625,65.33999633789061,65.84999847412111,55.35409545898438,1292200.0,GD
2012-08-29,4.619999885559082,4.800000190734863,4.599999904632568,4.699999809265137,4.094804286956787,800.0,GDEN
2012-08-29,12.0600004196167,12.06999969482422,12.0,12.010000228881836,7.1177635192871085,63600.0,GDL
2012-08-29,20.049999237060547,20.049999237060547,19.950000762939453,19.959999084472656,11.166702270507812,30700.0,GDO
2012-08-29,11.06999969482422,11.149999618530273,10.899999618530273,11.130000114440918,11.130000114440918,384200.0,GDOT
2012-08-29,15.44591999053955,15.48387050628662,15.417457580566404,15.48387050628662,9.782086372375488,189700.0,GDV
2012-08-29,20.019229888916016,20.144229888916016,20.009614944458008,20.019229888916016,15.775758743286133,20722800.0,GE
2012-08-29,20.399999618530273,20.63999938964844,19.799999237060547,20.15999984741211,20.15999984741211,15000.0,GEC
2012-08-29,40.66999816894531,41.0099983215332,40.540000915527344,40.70000076293945,30.10498046875,354000.0,GEF
2012-08-29,32.189998626708984,32.419998168945305,31.690000534057614,32.360000610351555,18.71988868713379,111800.0,GEL
2012-08-29,5.539999961853027,5.6500000953674325,5.389999866485597,5.559999942779541,5.559999942779541,61000.0,GEN
2012-08-29,5.0866665840148935,5.113333225250244,5.013333320617676,5.106666564941406,5.106666564941406,10000.0,GENC
2012-08-29,63.0,85.5999984741211,62.4000015258789,78.5999984741211,78.5999984741211,143000.0,GENE
2012-08-29,17.626667022705078,17.719999313354492,17.566667556762695,17.573333740234375,7.1176533699035645,289900.0,GEO
2012-08-29,45.38999938964844,45.95000076293945,44.275001525878906,44.49499893188477,44.49499893188477,94200.0,GEOS
2012-08-29,2.306238174438477,2.315690040588379,2.2117202281951904,2.2778828144073486,2.2778828144073486,1459900.0,GERN
2012-08-29,26.309999465942386,26.5,25.88999938964844,26.20000076293945,18.9766845703125,1476700.0,GES
2012-08-29,22500.0,22560.0,21660.0,21900.0,21900.0,0.0,GEVO
2012-08-29,14.470000267028807,14.550000190734865,14.470000267028807,14.479999542236328,7.182527542114258,4100.0,GF
2012-08-29,7.139999866485597,7.139999866485597,7.139999866485597,7.139999866485597,6.388551712036133,0.0,GFED
2012-08-29,9.65999984741211,9.779999732971193,9.609999656677246,9.68000030517578,8.367305755615233,154300.0,GFF
2012-08-29,10.83548641204834,10.87855339050293,10.66322135925293,10.697674751281738,9.58292007446289,3341900.0,GFI
2012-08-29,3.7999999523162837,3.9500000476837163,3.7999999523162837,3.9500000476837163,3.9500000476837163,300.0,GFN
2012-08-29,17.280000686645508,17.280000686645508,17.200000762939453,17.239999771118164,11.36374282836914,28000.0,GFY
2012-08-29,4.829999923706055,4.949999809265137,4.829999923706055,4.900000095367432,4.742291450500488,46800.0,GGAL
2012-08-29,9.079999923706056,9.09000015258789,8.8100004196167,8.899999618530273,7.90430736541748,4315300.0,GGB
2012-08-29,16.496665954589847,16.623332977294922,16.370000839233402,16.553333282470707,12.053287506103516,482700.0,GGG
2012-08-29,14.170000076293945,14.18000030517578,14.029999732971193,14.039999961853027,5.340967178344727,480500.0,GGN
2012-08-29,2.799999952316284,2.799999952316284,2.799999952316284,2.799999952316284,2.4616625308990483,0.0,GGO
2012-08-29,7.045235633850098,7.122232913970947,7.045235633850098,7.112608432769775,3.1661565303802486,44200.0,GGT
2012-08-29,212.71299743652344,213.1419982910156,209.3595123291016,211.4743194580078,187.733642578125,25100.0,GHC
2012-08-29,0.029999999329447743,0.029999999329447743,0.029999999329447743,0.029999999329447743,0.028606045991182324,0.0,GHG
2012-08-29,43.099998474121094,43.88000106811523,43.060001373291016,43.65999984741211,31.78553771972656,150600.0,GHL
2012-08-29,18.61000061035156,18.700000762939453,18.399999618530273,18.540000915527344,16.656679153442386,19700.0,GHM
2012-08-29,25.690000534057614,26.09000015258789,25.690000534057614,25.989999771118164,25.989999771118164,88500.0,GIB
2012-08-29,26.28000068664551,26.479999542236328,25.61000061035156,26.440000534057614,24.351905822753906,31900.0,GIFI
2012-08-29,1.0800000429153442,1.0900000333786009,1.0800000429153442,1.0800000429153442,1.0800000429153442,18500.0,GIGM
2012-08-29,15.869999885559082,15.975000381469727,15.595000267028807,15.885000228881836,15.885000228881836,99600.0,GIII
2012-08-29,15.904999732971193,15.9350004196167,15.074999809265135,15.350000381469727,13.69569206237793,2175600.0,GIL
2012-08-29,28.82500076293945,29.0049991607666,28.68000030517578,28.8799991607666,25.06479835510254,8791400.0,GILD
2012-08-29,3.2000000476837163,3.2699999809265137,3.2000000476837163,3.2100000381469727,3.0489633083343506,2200.0,GILT
2012-08-29,9.550000190734863,9.609999656677246,9.529999732971193,9.579999923706056,5.929267406463622,184500.0,GIM
2012-08-29,39.54999923706055,39.7599983215332,39.43000030517578,39.56999969482422,30.413991928100586,4648300.0,GIS
2012-08-29,0.18014000356197354,0.18014000356197354,0.18014000356197354,0.18014000356197354,0.18014000356197354,0.0,GIX
2012-08-29,10.149999618530273,10.149999618530273,10.149999618530273,10.149999618530273,6.238065242767334,0.0,GJH
2012-08-29,18.350000381469727,18.5,18.350000381469727,18.5,15.716569900512695,4800.0,GJO
2012-08-29,22.690000534057614,22.690000534057614,22.68000030517578,22.68000030517578,17.494855880737305,800.0,GJP
2012-08-29,17.549999237060547,17.549999237060547,17.549999237060547,17.549999237060547,15.504063606262207,0.0,GJR
2012-08-29,13.630000114440918,13.829999923706055,13.619999885559082,13.829999923706055,11.768075942993164,1000.0,GJS
2012-08-29,15.399999618530273,15.43000030517578,15.399999618530273,15.40999984741211,12.84293270111084,1300.0,GJT
2012-08-29,34.03333282470703,34.17333221435547,33.96666717529297,34.066665649414055,31.45484161376953,910600.0,GL
2012-08-29,8.510000228881836,8.550000190734862,8.399999618530272,8.489999771118164,4.098779201507568,60900.0,GLAD
2012-08-29,110.4000015258789,110.4000015258789,102.4000015258789,109.1999969482422,109.1999969482422,0.0,GLBS
2012-08-29,10.65999984741211,10.65999984741211,10.65999984741211,10.65999984741211,8.104235649108888,0.0,GLBZ
2012-08-29,7.480000019073486,7.519999980926514,7.4099998474121085,7.480000019073486,7.25292444229126,354600.0,GLDD
2012-08-29,1.6000000238418581,1.6000000238418581,1.6000000238418581,1.6000000238418581,1.6000000238418581,0.0,GLG
2012-08-29,11.842751502990724,11.850122451782227,11.486486434936525,11.523341178894045,11.3991060256958,1252300.0,GLIBA
2012-08-29,11.807673454284668,11.807673454284668,11.807673454284668,11.807673454284668,10.262662887573242,0.0,GLIBP
2012-08-29,40.54999923706055,40.84000015258789,40.31999969482422,40.45000076293945,32.44504165649414,855000.0,GLNG
2012-08-29,11.239999771118164,11.31999969482422,11.170000076293944,11.220000267028807,5.017970085144043,90800.0,GLO
2012-08-29,11.25,11.329999923706055,11.100000381469727,11.300000190734865,8.042611122131348,147400.0,GLOG
2012-08-29,24.71999931335449,25.459999084472656,24.51000022888184,25.07999992370605,12.649033546447756,61600.0,GLP
2012-08-29,17.049999237060547,17.049999237060547,17.049999237060547,17.049999237060547,17.049999237060547,400.0,GLPG
2012-08-29,12.539999961853027,12.56999969482422,12.529999732971193,12.550000190734865,5.797911167144775,25900.0,GLQ
2012-08-29,24.020000457763672,24.229999542236328,23.90999984741211,24.09000015258789,24.09000015258789,106400.0,GLRE
2012-08-29,16.670000076293945,17.010000228881836,16.569999694824222,17.010000228881836,13.967114448547365,175500.0,GLT
2012-08-29,20.6299991607666,20.75,20.600000381469727,20.65999984741211,12.72394847869873,5600.0,GLU
2012-08-29,4.920000076293945,4.980000019073486,4.699999809265137,4.739999771118164,4.739999771118164,1557500.0,GLUU
2012-08-29,13.329999923706055,13.359999656677244,13.279999732971193,13.31999969482422,6.117433547973633,25900.0,GLV
2012-08-29,11.670000076293945,11.81999969482422,11.5600004196167,11.760000228881836,9.774212837219238,8533000.0,GLW
2012-08-29,20.899999618530273,21.63999938964844,20.86000061035156,21.299999237060547,16.29460334777832,9625000.0,GM
2012-08-29,1.055999994277954,1.055999994277954,1.055999994277954,1.055999994277954,1.055999994277954,0.0,GMAB
2012-08-29,18.190000534057614,18.700000762939453,17.940000534057614,18.61000061035156,12.883419036865234,3512900.0,GME
2012-08-29,15.399999618530273,15.399999618530273,15.149999618530273,15.34000015258789,15.34000015258789,208100.0,GMED
2012-08-29,31.459999084472656,31.8799991607666,31.3799991607666,31.520000457763672,13.705048561096193,42600.0,GMLP
2012-08-29,2.740000009536743,2.740000009536743,2.6700000762939453,2.6800000667572017,2.6800000667572017,166900.0,GMO
2012-08-29,37.33000183105469,38.11000061035156,37.33000183105469,38.0,34.69649124145508,2530700.0,GNC
2012-08-29,7.440000057220459,7.449999809265138,7.300000190734862,7.3400001525878915,5.965482234954834,36200.0,GNE
2012-08-29,0.10899999737739564,0.11800000071525575,0.10899999737739564,0.11800000071525575,0.08209872245788574,0.0,GNL
2012-08-29,7.1500000953674325,7.199999809265138,6.920000076293945,7.1500000953674325,7.1500000953674325,65200.0,GNMK
2012-08-29,21.84000015258789,21.84000015258789,21.229999542236328,21.459999084472656,18.838449478149414,227300.0,GNRC
2012-08-29,15.260000228881836,15.260000228881836,14.989999771118164,15.0,6.568586826324463,61800.0,GNT
2012-08-29,8.829999923706055,8.944999694824219,8.800000190734863,8.925000190734863,7.631978034973144,1436600.0,GNTX
2012-08-29,53.70000076293945,53.70000076293945,51.0,51.0,51.0,0.0,GNUS
2012-08-29,5.269999980926514,5.349999904632568,5.239999771118164,5.3400001525878915,5.3400001525878915,5467500.0,GNW
2012-08-29,21.299999237060547,21.34000015258789,21.280000686645508,21.32999992370605,9.508506774902344,21500.0,GOF
2012-08-29,31.20000076293945,31.399999618530273,29.54999923706055,30.29999923706055,21.913616180419922,93500.0,GOGL
2012-08-29,9.880000114440918,9.899999618530273,9.420000076293944,9.5,9.498327255249023,685500.0,GOL
2012-08-29,37.66999816894531,37.66999816894531,36.90999984741211,37.08000183105469,18.160886764526367,6792200.0,GOLD
2012-08-29,17.690000534057614,17.889999389648438,17.639999389648438,17.889999389648438,9.61605739593506,15300.0,GOOD
2012-08-29,337.4202575683594,343.20855712890625,336.8125305175781,342.72039794921875,342.72039794921875,6002900.0,GOOG
2012-08-29,339.0240173339844,344.83984375,338.4134216308594,344.3493347167969,344.3493347167969,5974600.0,GOOGL
2012-08-29,18.479999542236328,18.600000381469727,18.270000457763672,18.549999237060547,15.746405601501465,169400.0,GORO
2012-08-29,63.52000045776367,63.63999938964844,62.93999862670898,63.02000045776367,50.43610382080078,736700.0,GPC
2012-08-29,53.41999816894531,54.86000061035156,53.27000045776367,54.81000137329102,49.79377365112305,183600.0,GPI
2012-08-29,5.670000076293945,5.710000038146973,5.619999885559082,5.710000038146973,5.095203876495361,326300.0,GPK
2012-08-29,1.950000047683716,1.950000047683716,1.8799999952316284,1.8899999856948853,1.8899999856948853,305600.0,GPL
2012-08-29,9.130000114440918,9.1899995803833,9.079999923706056,9.09000015258789,3.722367286682129,39900.0,GPM
2012-08-29,20.76000022888184,20.834999084472656,20.63500022888184,20.780000686645508,20.535789489746094,1437800.0,GPN
2012-08-29,26.040000915527344,26.489999771118164,25.78000068664551,26.290000915527344,26.290000915527344,778500.0,GPOR
2012-08-29,4.800000190734863,4.809999942779541,4.75,4.809999942779541,4.154635429382323,69300.0,GPRE
2012-08-29,10.270000457763672,10.270000457763672,10.270000457763672,10.270000457763672,10.17834186553955,0.0,GPRK
2012-08-29,35.09000015258789,35.2599983215332,35.029998779296875,35.169998168945305,27.46864128112793,4593500.0,GPS
2012-08-29,20.170000076293945,20.670000076293945,20.030000686645508,20.100000381469727,20.100000381469727,64600.0,GPX
2012-08-29,57.709999084472656,57.9900016784668,57.5099983215332,57.72000122070313,54.74028396606445,201400.0,GRA
2012-08-29,1.0299999713897705,1.0299999713897705,1.0299999713897705,1.0299999713897705,1.0299999713897705,0.0,GRAF
2012-08-29,1.9843342304229736,2.062663078308105,1.9516971111297607,2.023498773574829,2.023498773574829,54500.0,GRBK
2012-08-29,22.239999771118164,22.38400077819824,21.61599922180176,22.09600067138672,19.67902946472168,33600.0,GRC
2012-08-29,6.630000114440918,6.630000114440918,6.630000114440918,6.630000114440918,4.227114200592041,500.0,GRF
2012-08-29,9.690476417541504,9.971428871154783,9.623809814453123,9.642857551574707,8.480879783630371,560800.0,GRFS
2012-08-29,28.979999542236328,28.979999542236328,28.84000015258789,28.84000015258789,26.66844367980957,900.0,GRIF
2012-08-29,40.599998474121094,40.86000061035156,40.22999954223633,40.65999984741211,28.926950454711914,750900.0,GRMN
2012-08-29,10.449999809265137,10.449999809265137,10.449999809265137,10.449999809265137,10.449999809265137,100.0,GRN
2012-08-29,5.369999885559082,5.53000020980835,5.199999809265137,5.389999866485597,4.54432487487793,33200.0,GROW
2012-08-29,4.389999866485597,4.420000076293945,4.260000228881837,4.309999942779541,4.309999942779541,7653600.0,GRPN
2012-08-29,8.369999885559082,8.520000457763674,8.350000381469728,8.5,8.5,815800.0,GRU
2012-08-29,6.239999771118164,6.239999771118164,5.28000020980835,5.8400001525878915,5.8400001525878915,96800.0,GRVY
2012-08-29,8.166773796081543,8.288248062133789,8.129397392272951,8.232183456420897,5.296875,26900.0,GRX
2012-08-29,105.36000061035156,106.29000091552734,105.04000091552734,105.52999877929688,94.3844757080078,2266900.0,GS
2012-08-29,0.30000001192092896,0.3199999928474426,0.30000001192092896,0.3100000023841858,0.3100000023841858,143300.0,GSAT
2012-08-29,1.9800000190734863,1.9800000190734863,1.8999999761581419,1.9700000286102293,1.146610975265503,5100.0,GSB
2012-08-29,30.40999984741211,30.43000030517578,30.20000076293945,30.34000015258789,24.595481872558594,15100.0,GSBC
2012-08-29,50.209999084472656,50.209999084472656,49.90999984741211,50.13000106811523,50.13000106811523,27900.0,GSC
2012-08-29,14.550000190734865,14.550000190734865,14.350000381469727,14.350000381469727,11.837764739990234,48900.0,GSH
2012-08-29,4.46999979019165,4.5900001525878915,4.440000057220459,4.559999942779541,4.559999942779541,12100.0,GSIT
2012-08-29,45.81999969482422,45.88000106811523,45.709999084472656,45.709999084472656,31.00548553466797,1228800.0,GSK
2012-08-29,26.0,26.31999969482422,25.84000015258789,26.31999969482422,24.004770278930664,1400.0,GSL
2012-08-29,14.859999656677244,15.0,14.68000030517578,14.899999618530273,13.14803695678711,193300.0,GSM
2012-08-29,34.56999969482422,34.72999954223633,34.490001678466804,34.72999954223633,34.72999954223633,5700.0,GSP
2012-08-29,6.75,6.9000000953674325,6.550000190734862,6.5999999046325675,6.5999999046325675,213600.0,GSS
2012-08-29,1.5299999713897705,1.5499999523162842,1.4700000286102295,1.4800000190734863,1.4800000190734863,163700.0,GSV
2012-08-29,11.56999969482422,11.90999984741211,11.520000457763672,11.869999885559082,10.548954010009766,3528500.0,GT
2012-08-29,4.480000019073486,4.550000190734863,4.440000057220459,4.449999809265137,4.449999809265137,208800.0,GTE
2012-08-29,1.7300000190734863,1.7300000190734863,1.5099999904632568,1.690000057220459,1.690000057220459,7400.0,GTIM
2012-08-29,70.12000274658203,70.30000305175781,68.62999725341797,69.63999938964844,69.63999938964844,287900.0,GTLS
2012-08-29,1.8600000143051147,1.8999999761581419,1.8400000333786009,1.8899999856948853,1.8899999856948853,88700.0,GTN
2012-08-29,20.799999237060547,21.0,20.6299991607666,20.90999984741211,20.90999984741211,35600.0,GTS
2012-08-29,2.5199999809265137,2.650000095367432,2.5199999809265137,2.650000095367432,2.650000095367432,1200.0,GTT
2012-08-29,18.170000076293945,18.32999992370605,18.11000061035156,18.239999771118164,12.660923957824707,63200.0,GTY
2012-08-29,5.949999809265138,5.949999809265138,5.550000190734863,5.550000190734863,5.550000190734863,14700.0,GURE
2012-08-29,8.359999656677246,8.359999656677246,8.289999961853027,8.319999694824219,4.2188687324523935,35000.0,GUT
2012-08-29,2.309999942779541,2.3199999332427983,2.220000028610229,2.309999942779541,2.309999942779541,91900.0,GV
2012-08-29,28.5,28.739999771118164,27.95000076293945,28.149999618530273,25.213150024414066,245000.0,GVA
2012-08-29,1.8899999856948853,1.8899999856948853,1.8500000238418581,1.8600000143051147,1.8600000143051147,10900.0,GVP
2012-08-29,22.54999923706055,22.54999923706055,22.54999923706055,22.54999923706055,19.860036849975586,0.0,GWB
2012-08-29,28.13999938964844,28.51000022888184,27.709999084472656,28.3799991607666,28.3799991607666,253500.0,GWRE
2012-08-29,206.3699951171875,206.57000732421875,203.42999267578125,204.41000366210938,176.66929626464844,291700.0,GWW
2012-08-29,22.040000915527344,22.26000022888184,21.799999237060547,22.190000534057614,16.650703430175778,4900.0,GYC
2012-08-29,1233.3333740234375,1236.111083984375,1232.5555419921875,1235.6666259765625,125.30731964111328,500.0,GYRO
2012-08-29,38.099998474121094,38.27000045776367,37.95000076293945,38.0099983215332,37.24863815307617,160100.0,H
2012-08-29,6.0,6.0900001525878915,5.800000190734862,5.809999942779541,5.597999572753906,1024800.0,HA
2012-08-29,36.7599983215332,37.16999816894531,36.70000076293945,37.10499954223633,37.10499954223633,238600.0,HAE
2012-08-29,12.479999542236328,12.59000015258789,12.279999732971193,12.5,10.318282127380373,205500.0,HAFC
2012-08-29,34.759998321533196,34.78499984741211,34.24499893188477,34.27000045776367,34.27000045776367,1898600.0,HAIN
2012-08-29,34.330001831054695,34.330001831054695,33.43000030517578,33.509998321533196,28.95504379272461,10381700.0,HAL
2012-08-29,8.029999732971191,8.100000381469728,8.020000457763674,8.100000381469728,8.100000381469728,4500.0,HALL
2012-08-29,5.860000133514403,5.860000133514403,5.630000114440918,5.6500000953674325,5.6500000953674325,920700.0,HALO
2012-08-29,37.43000030517578,37.7400016784668,37.2599983215332,37.5,30.440771102905273,1207900.0,HAS
2012-08-29,49.0,49.15999984741211,47.81000137329102,48.63999938964844,40.82514190673828,56500.0,HAYN
2012-08-29,6.550000190734862,6.6500000953674325,6.550000190734862,6.619999885559082,5.243240833282472,7200100.0,HBAN
2012-08-29,16.989999771118164,17.0,16.989999771118164,17.0,15.529220581054688,2400.0,HBCP
2012-08-29,8.037500381469728,8.137499809265138,7.997499942779541,8.092499732971191,6.336005687713622,4422800.0,HBI
2012-08-29,3.0477633476257324,3.0856709480285645,2.9946930408477783,3.055345058441162,3.055345058441162,30700.0,HBIO
2012-08-29,8.609999656677246,8.640000343322754,8.460000038146973,8.489999771118164,8.095274925231934,32000.0,HBM
2012-08-29,6.9000000953674325,6.9000000953674325,6.9000000953674325,6.9000000953674325,6.9000000953674325,200.0,HBMD
2012-08-29,7.985185146331787,8.062222480773926,7.952592372894287,8.062222480773926,6.770182132720947,52600.0,HBNC
2012-08-29,1.3799999952316284,1.440000057220459,1.3799999952316284,1.440000057220459,1.440000057220459,3600.0,HBP
2012-08-29,28.32999992370605,28.46999931335449,28.209999084472656,28.31999969482422,23.823341369628906,1103100.0,HCA
2012-08-29,19.459999084472656,19.489999771118164,18.93000030517578,19.0,19.0,24900.0,HCCI
2012-08-29,14.470000267028807,14.640000343322756,14.350000381469727,14.529999732971193,3.57928466796875,66500.0,HCHC
2012-08-29,20.07999992370605,20.3799991607666,19.51000022888184,20.21999931335449,15.768200874328613,128400.0,HCI
2012-08-29,3.7899999618530273,3.859999895095825,3.75,3.8199999332427983,3.2740633487701416,33300.0,HCKT
2012-08-29,19.549999237060547,19.559999465942386,19.3799991607666,19.440000534057614,13.775108337402346,90600.0,HCR
2012-08-29,21.3700008392334,21.46999931335449,21.100000381469727,21.350000381469727,17.957630157470703,514200.0,HCSG
2012-08-29,56.68999862670898,57.0099983215332,56.540000915527344,56.84000015258789,48.14160537719727,4593900.0,HD
2012-08-29,16.959999084472653,17.110000610351562,16.930000305175778,17.055000305175778,15.453458786010742,1274800.0,HDB
2012-08-29,3.7000000476837163,3.740000009536743,3.4500000476837163,3.5,3.5,128500.0,HDSN
2012-08-29,27.149999618530273,27.209999084472656,27.020000457763672,27.11000061035156,20.11762237548828,251900.0,HE
2012-08-29,40.599998474121094,41.70000076293945,40.0,40.2400016784668,40.2400016784668,13000.0,HEAR
2012-08-29,18.010000228881836,18.11000061035156,17.860000610351562,17.920000076293945,8.878510475158691,170400.0,HEES
2012-08-29,14.352383613586426,14.48755168914795,14.270463943481445,14.409728050231935,13.995792388916016,408700.0,HEI
2012-08-29,31.5,31.93000030517578,31.29999923706055,31.68000030517578,31.68000030517578,128700.0,HELE
2012-08-29,33.924999237060554,33.924999237060554,33.525001525878906,33.700000762939446,19.103256225585934,30600.0,HEP
2012-08-29,15.43000030517578,16.280000686645508,15.31999969482422,16.139999389648438,7.796374320983888,47100.0,HEQ
2012-08-29,50.95000076293945,51.02999877929688,50.31000137329102,50.540000915527344,44.596412658691406,2451700.0,HES
2012-08-29,17.350000381469727,17.350000381469727,17.350000381469727,17.350000381469727,15.336331367492676,0.0,HFBL
2012-08-29,40.5,40.5,39.68000030517578,39.86999893188477,28.296674728393555,1600700.0,HFC
2012-08-29,13.739999771118164,14.109999656677244,13.739999771118164,14.100000381469727,11.38278865814209,9900.0,HFWA
2012-08-29,28.35000038146973,28.35000038146973,28.26000022888184,28.28000068664551,19.17683219909668,29200.0,HGH
2012-08-29,0.3799999952316284,0.3799999952316284,0.3799999952316284,0.3799999952316284,0.3799999952316284,0.0,HGSH
2012-08-29,65.5,66.48999786376953,65.02999877929689,66.44000244140625,66.44000244140625,258200.0,HHC
2012-08-29,68.40000152587889,71.5999984741211,68.40000152587889,71.19999694824219,58.08701705932617,13800.0,HHS
2012-08-29,5.880000114440918,6.119999885559082,5.880000114440918,6.119999885559082,6.119999885559082,500.0,HHT
2012-08-29,18.200000762939453,18.280000686645508,18.07999992370605,18.1299991607666,14.797063827514648,137400.0,HI
2012-08-29,56.83000183105469,57.040000915527344,56.31000137329102,56.849998474121094,56.849998474121094,306600.0,HIBB
2012-08-29,63.0,63.0,62.9900016784668,62.9900016784668,57.97409439086914,700.0,HIFS
2012-08-29,17.780000686645508,17.90999984741211,17.690000534057614,17.809999465942386,15.32325267791748,4185500.0,HIG
2012-08-29,2.1099998950958248,2.2100000381469727,2.0299999713897705,2.0299999713897705,1.2023320198059082,26200.0,HIHO
2012-08-29,39.95000076293945,40.18000030517578,39.68000030517578,40.0,36.45238876342773,160100.0,HII
2012-08-29,3.7899999618530273,4.050000190734863,3.7200000286102295,3.990000009536743,3.990000009536743,40200.0,HIL
2012-08-29,1.7599999904632568,1.7899999618530271,1.75,1.7599999904632568,1.4716871976852417,57400.0,HIMX
2012-08-29,6.610000133514403,6.6599998474121085,6.579999923706055,6.630000114440918,3.701078176498413,252500.0,HIO
2012-08-29,33.0,33.02000045776367,32.720001220703125,32.72999954223633,23.33501052856445,636000.0,HIW
2012-08-29,10.420000076293944,10.479999542236328,10.420000076293944,10.470000267028807,5.0632662773132315,153800.0,HIX
2012-08-29,22.309999465942386,22.440000534057614,22.149999618530273,22.299999237060547,11.938928604125975,9200.0,HJV
2012-08-29,5.289999961853027,5.309999942779541,5.21999979019165,5.21999979019165,5.072901725769043,3110500.0,HL
2012-08-29,25.084999084472656,25.084999084472656,24.684999465942386,24.895000457763672,24.04922294616699,1604800.0,HLF
2012-08-29,23.35000038146973,23.43000030517578,23.1200008392334,23.3799991607666,20.985271453857425,27400.0,HLIO
2012-08-29,4.440000057220459,4.579999923706055,4.429999828338623,4.570000171661377,4.570000171661377,335600.0,HLIT
2012-08-29,18.049999237060547,18.11000061035156,17.649999618530273,17.920000076293945,17.920000076293945,484900.0,HLX
2012-08-29,32.61999893188477,32.650001525878906,32.52000045776367,32.59000015258789,25.815038681030273,116300.0,HMC
2012-08-29,5.010000228881836,5.25,5.010000228881836,5.25,3.0518667697906494,1500.0,HMG
2012-08-29,180.0,180.0,180.0,180.0,180.0,0.0,HMI
2012-08-29,17.709999084472656,17.860000610351562,17.65999984741211,17.729999542236328,14.150247573852539,65100.0,HMN
2012-08-29,2.900000095367432,2.900000095367432,2.609999895095825,2.7799999713897705,2.7799999713897705,2600.0,HMNF
2012-08-29,17.524999618530273,17.934999465942386,17.174999237060547,17.454999923706055,16.993831634521484,17800.0,HMST
2012-08-29,34.639999389648445,35.18000030517578,34.310001373291016,35.009998321533196,35.009998321533196,405500.0,HMSY
2012-08-29,9.050000190734863,9.119999885559082,8.930000305175781,8.9399995803833,8.431830406188965,2148300.0,HMY
2012-08-29,27.0,28.020000457763672,27.0,27.979999542236328,27.979999542236328,284100.0,HNGR
2012-08-29,28.0,28.09000015258789,27.90999984741211,28.020000457763672,22.744985580444336,107800.0,HNI
2012-08-29,1.9666666984558103,1.9666666984558103,1.9666666984558103,1.9666666984558103,1.6419166326522827,0.0,HNNA
2012-08-29,28.03000068664551,28.040000915527344,27.82999992370605,27.85000038146973,19.55015754699707,53700.0,HNP
2012-08-29,7.610000133514403,7.639999866485597,7.360000133514403,7.639999866485597,6.2313780784606925,7700.0,HNRG
2012-08-29,21.059999465942386,21.3799991607666,21.0,21.229999542236328,10.619511604309082,31600.0,HNW
2012-08-29,11.890000343322756,12.079999923706055,11.550000190734865,11.699999809265135,9.881390571594238,46400.0,HOFT
2012-08-29,43.27000045776367,43.5,42.810001373291016,43.060001373291016,34.98275375366211,1569200.0,HOG
2012-08-29,9.399999618530273,9.449999809265137,9.109999656677246,9.1899995803833,8.664486885070799,79000.0,HOLI
2012-08-29,19.59000015258789,19.899999618530273,19.51000022888184,19.71999931335449,19.71999931335449,1447000.0,HOLX
2012-08-29,7.952499866485597,8.027500152587889,7.872499942779541,8.012499809265138,6.9227728843688965,142800.0,HOMB
2012-08-29,56.01999282836914,56.02952575683594,55.52424240112305,55.99139404296875,47.5969352722168,2097300.0,HON
2012-08-29,12.460000038146973,12.699999809265135,12.420000076293945,12.649999618530273,10.237083435058594,193100.0,HOPE
2012-08-29,66.75,67.75,65.25,67.75,67.75,118800.0,HOV
2012-08-29,6.9099998474121085,6.960000038146973,6.8499999046325675,6.949999809265138,6.949999809265138,5800.0,HOVNP
2012-08-29,45.93000030517578,46.06000137329102,45.08000183105469,45.18000030517578,32.677658081054695,1104500.0,HP
2012-08-29,23.559999465942386,23.68000030517578,23.45000076293945,23.489999771118164,12.845488548278807,42600.0,HPF
2012-08-29,23.739999771118164,23.790000915527344,23.61000061035156,23.670000076293945,13.01534366607666,31700.0,HPI
2012-08-29,17.6299991607666,17.790000915527344,17.6299991607666,17.719999313354492,14.4434232711792,47600.0,HPP
2012-08-29,7.656675815582275,7.7611260414123535,7.638510227203369,7.69300651550293,5.587847709655762,51786100.0,HPQ
2012-08-29,21.940000534057614,22.030000686645508,21.51000022888184,21.6200008392334,21.6200008392334,748900.0,HPR
2012-08-29,19.940000534057614,19.959999084472656,19.86000061035156,19.86000061035156,10.836840629577637,69800.0,HPS
2012-08-29,17.450000762939453,17.479999542236328,17.379999160766598,17.430000305175778,9.137939453125,72300.0,HQH
2012-08-29,2.759999990463257,2.759999990463257,2.759999990463257,2.759999990463257,2.759999990463257,800.0,HQI
2012-08-29,15.020000457763672,15.029999732971193,14.890000343322756,14.989999771118164,7.672427177429199,65800.0,HQL
2012-08-29,24.290000915527344,24.38999938964844,24.170000076293945,24.290000915527344,17.608327865600586,201900.0,HR
2012-08-29,16.180000305175778,16.430000305175778,16.139999389648438,16.34000015258789,12.503829002380373,1712500.0,HRB
2012-08-29,27.29999923706055,27.959999084472656,27.29999923706055,27.540000915527344,25.11531639099121,391000.0,HRC
2012-08-29,43.13999938964844,44.400001525878906,43.04999923706055,43.43999862670898,43.43999862670898,3014600.0,HRI
2012-08-29,14.4399995803833,14.4399995803833,14.300000190734865,14.359999656677244,11.627237319946287,1461600.0,HRL
2012-08-29,5.050000190734863,5.050000190734863,5.050000190734863,5.050000190734863,5.050000190734863,200.0,HROW
2012-08-29,14.800000190734865,14.800000190734865,14.399999618530273,14.800000190734865,14.800000190734865,1700.0,HRTX
2012-08-29,16.520000457763672,16.670000076293945,16.389999389648438,16.559999465942386,7.009693622589111,56900.0,HRZN
2012-08-29,43.97000122070313,44.11999893188477,43.86000061035156,43.9900016784668,28.38903045654297,585100.0,HSBC
2012-08-29,20.559999465942386,20.68000030517578,20.309999465942386,20.57999992370605,17.672832489013672,362000.0,HSC
2012-08-29,29.88235282897949,30.113725662231445,29.84313774108887,30.109804153442386,30.109804153442386,552300.0,HSIC
2012-08-29,12.760000228881836,12.84000015258789,12.619999885559082,12.760000228881836,10.608407974243164,62800.0,HSII
2012-08-29,7.9000000953674325,8.229999542236326,7.670000076293945,7.880000114440918,7.793596267700195,14900.0,HSKA
2012-08-29,45.79999923706055,46.79999923706055,45.29999923706055,46.4000015258789,44.532814025878906,4600.0,HSON
2012-08-29,15.289999961853027,15.300000190734865,15.119999885559082,15.25,11.249263763427734,3547900.0,HST
2012-08-29,28.25,28.53000068664551,27.84000015258789,28.459999084472656,27.2988395690918,66400.0,HSTM
2012-08-29,72.41999816894531,72.63999938964844,72.22000122070312,72.2699966430664,60.75282287597656,492900.0,HSY
2012-08-29,19.799999237060547,19.959999084472656,19.68000030517578,19.8799991607666,13.200223922729492,202400.0,HT
2012-08-29,18.420000076293945,18.68000030517578,18.399999618530273,18.63999938964844,13.573371887207033,90000.0,HTA
2012-08-29,12.75,12.800000190734865,12.510000228881836,12.609999656677244,12.429349899291992,54400.0,HTBI
2012-08-29,6.670000076293945,6.739999771118164,6.6500000953674325,6.679999828338622,5.444188594818115,17100.0,HTBK
2012-08-29,18.56999969482422,18.65999984741211,18.540000915527344,18.65999984741211,10.697750091552734,101500.0,HTD
2012-08-29,11.289999961853027,11.4399995803833,11.289999961853027,11.40999984741211,6.236904621124268,191100.0,HTGC
2012-08-29,11.050000190734863,11.170000076293944,11.029999732971193,11.100000381469727,10.625035285949707,150800.0,HTH
2012-08-29,3.609999895095825,3.672499895095825,3.5899999141693115,3.6575000286102295,3.48960018157959,194400.0,HTHT
2012-08-29,13.239999771118164,13.260000228881836,13.109999656677244,13.15999984741211,11.803910255432127,294500.0,HTLD
2012-08-29,26.10000038146973,26.54999923706055,26.020000457763672,26.13999938964844,23.604211807250977,24700.0,HTLF
2012-08-29,12.4399995803833,12.470000267028807,12.369999885559082,12.449999809265135,5.591373920440674,23300.0,HTY
2012-08-29,14.380000114440918,14.800000190734865,14.350000381469727,14.479999542236328,14.479999542236328,9044000.0,HTZ
2012-08-29,82.97000122070312,83.20999908447266,82.38999938964844,82.45999908447266,69.01264953613281,312300.0,HUBB
2012-08-29,30.309999465942386,30.76000022888184,30.13999938964844,30.309999465942386,30.309999465942386,157300.0,HUBG
2012-08-29,31.97500038146973,31.97500038146973,31.97500038146973,31.97500038146973,31.97500038146973,0.0,HUD
2012-08-29,69.73000335693361,70.94999694824219,69.59999847412111,70.7300033569336,66.28737640380861,2607900.0,HUM
2012-08-29,14.229999542236328,14.3100004196167,14.06999969482422,14.260000228881836,11.628103256225586,1426700.0,HUN
2012-08-29,21.51000022888184,21.51000022888184,21.32999992370605,21.36000061035156,19.77405548095703,6400.0,HURC
2012-08-29,32.549999237060554,32.900001525878906,32.43000030517578,32.689998626708984,32.689998626708984,80600.0,HURN
2012-08-29,1.0099999904632568,1.0199999809265137,0.9200000166893004,0.9499999880790709,0.9499999880790709,84600.0,HUSA
2012-08-29,12.970000267028807,13.09000015258789,12.770000457763672,12.949999809265135,10.912820816040039,61300.0,HVT
2012-08-29,7.82316780090332,8.000967025756836,7.82316780090332,8.000967025756836,7.0555195808410645,3900.0,HWBK
2012-08-29,30.06999969482422,30.36000061035156,29.95000076293945,30.25,24.180849075317386,380800.0,HWC
2012-08-29,11.390000343322756,11.510000228881836,11.220000267028807,11.260000228881836,9.586099624633787,33500.0,HWCC
2012-08-29,38.97999954223633,39.0,38.22000122070313,38.79999923706055,33.017074584960945,13300.0,HWKN
2012-08-29,23.03000068664551,23.03000068664551,22.60000038146973,22.88999938964844,21.805889129638672,695700.0,HXL
2012-08-29,11.520000457763672,11.56999969482422,11.489999771118164,11.56999969482422,6.0235557556152335,45500.0,HYB
2012-08-29,19.479999542236328,19.6200008392334,19.459999084472656,19.61000061035156,10.551414489746094,29900.0,HYI
2012-08-29,12.949999809265135,13.050000190734865,12.93000030517578,13.020000457763672,6.814717769622803,74100.0,HYT
2012-08-29,4.199999809265137,4.2100000381469735,4.079999923706056,4.199999809265137,4.199999809265137,487900.0,HZNP
2012-08-29,7.4000000953674325,7.449999809265138,7.210000038146973,7.309999942779541,7.309999942779541,72900.0,HZO
2012-08-29,0.5,0.5,0.5,0.5,0.5,0.0,IAA
2012-08-29,52.2599983215332,52.36000061035156,51.599998474121094,52.22999954223633,49.05025863647461,587000.0,IAC
2012-08-29,15.369999885559082,15.579999923706055,15.369999885559082,15.56999969482422,7.280200004577638,20700.0,IAE
2012-08-29,10.109999656677246,10.109999656677246,10.029999732971193,10.029999732971193,4.188622951507568,75400.0,IAF
2012-08-29,13.079999923706055,13.170000076293945,12.920000076293945,13.029999732971193,12.516422271728516,1600100.0,IAG
2012-08-29,20.06999969482422,20.405000686645508,20.059999465942386,20.299999237060547,20.299999237060547,238400.0,IART
2012-08-29,22.63999938964844,22.68000030517578,22.3799991607666,22.3799991607666,19.750608444213867,2000.0,IBA
2012-08-29,2.7300000190734863,2.7300000190734863,2.6800000667572017,2.6800000667572017,2.3246548175811768,9100.0,IBCP
2012-08-29,10.899999618530273,11.0,10.300000190734863,10.399999618530273,10.399999618530273,9500.0,IBIO
2012-08-29,48.08000183105469,48.11999893188477,47.599998474121094,47.93999862670898,40.097503662109375,73900.0,IBKC
2012-08-29,13.75,13.800000190734865,13.65999984741211,13.739999771118164,12.537501335144045,343300.0,IBKR
2012-08-29,195.1300048828125,196.0399932861328,194.8999938964844,195.0800018310547,148.346435546875,2141400.0,IBM
2012-08-29,6.0509090423583975,6.063636302947997,5.989090919494629,6.025454521179199,4.70750617980957,4092000.0,IBN
2012-08-29,18.479999542236328,18.790000915527344,18.290000915527344,18.649999618530273,15.563060760498047,137900.0,IBOC
2012-08-29,2.1400001049041752,2.1700000762939453,2.0699999332427983,2.0899999141693115,2.0899999141693115,3400.0,ICAD
2012-08-29,5.599999904632568,5.75,5.5,5.75,5.75,1700.0,ICCC
2012-08-29,27.70599937438965,27.77199935913086,27.36400032043457,27.45199966430664,21.509645462036133,2009000.0,ICE
2012-08-29,21.93000030517578,22.280000686645508,21.93000030517578,22.0,21.62144088745117,82200.0,ICFI
2012-08-29,10.989999771118164,10.989999771118164,10.960000038146973,10.960000038146973,5.203601360321045,1800.0,ICL
2012-08-29,23.31999969482422,23.51000022888184,23.07999992370605,23.29999923706055,23.29999923706055,118300.0,ICLR
2012-08-29,184.5,186.8999938964844,183.6000061035156,185.0,185.0,36400.0,ICON
2012-08-29,56.9000015258789,57.0,56.209999084472656,56.38000106811523,56.38000106811523,45500.0,ICUI
2012-08-29,41.790000915527344,41.790000915527344,41.540000915527344,41.56999969482422,33.58779525756836,150100.0,IDA
2012-08-29,34.169998168945305,34.720001220703125,34.169998168945305,34.450000762939446,29.384525299072266,364800.0,IDCC
2012-08-29,17.5,17.649999618530273,17.450000762939453,17.6200008392334,8.016284942626951,39700.0,IDE
2012-08-29,3.5,3.880000114440918,3.5,3.880000114440918,3.880000114440918,1600.0,IDEX
2012-08-29,15.039999961853027,15.359999656677244,14.479999542236328,15.359999656677244,15.359999656677244,3800.0,IDN
2012-08-29,7.360000133514403,7.920000076293945,7.199999809265138,7.8400001525878915,7.8400001525878915,2600.0,IDRA
2012-08-29,8.520709991455076,8.630599975585938,8.444632530212402,8.596787452697754,6.252760887145996,22000.0,IDT
2012-08-29,671.0,684.0,671.0,678.0,678.0,100.0,IDXG
2012-08-29,47.4900016784668,47.84500122070313,47.23500061035156,47.43500137329102,47.43500137329102,444600.0,IDXX
2012-08-29,4.651209831237793,4.651209831237793,4.651209831237793,4.651209831237793,4.651209831237793,0.0,IEA
2012-08-29,5.9099998474121085,5.940000057220459,5.8400001525878915,5.860000133514403,5.860000133514403,29200.0,IEC
2012-08-29,40.06362533569336,40.7396354675293,39.91450500488281,40.45133590698242,21.02061653137207,4100.0,IEP
2012-08-29,3.009999990463257,3.009999990463257,3.0,3.0,3.0,10700.0,IESC
2012-08-29,39.7400016784668,39.84000015258789,39.41999816894531,39.650001525878906,35.525115966796875,348800.0,IEX
2012-08-29,60.88999938964844,61.0099983215332,60.72000122070313,60.79999923706055,52.10797500610352,272600.0,IFF
2012-08-29,21.100000381469727,21.209999084472656,21.059999465942386,21.09000015258789,8.955459594726562,576500.0,IFN
2012-08-29,2.859999895095825,3.039999961853028,2.859999895095825,3.039999961853028,3.039999961853028,5.0,IFS
2012-08-29,11.399999618530273,11.4399995803833,11.34000015258789,11.43000030517578,5.606428623199463,87500.0,IGA
2012-08-29,2.0,2.0999999046325684,2.0,2.0,2.0,1600.0,IGC
2012-08-29,9.229999542236328,9.289999961853027,9.229999542236328,9.289999961853027,4.084166526794434,362600.0,IGD
2012-08-29,22.95000076293945,23.13999938964844,22.8799991607666,22.8799991607666,15.006437301635742,29100.0,IGI
2012-08-29,8.640000343322754,8.699999809265138,8.630000114440918,8.699999809265138,4.957024097442627,269900.0,IGR
2012-08-29,12.149999618530273,12.350000381469727,12.079999923706055,12.220000267028807,8.192091941833496,3109400.0,IGT
2012-08-29,9.949999809265137,10.380000114440918,9.93000030517578,10.380000114440918,9.861272811889648,6800.0,IHC
2012-08-29,14.100000381469727,14.199999809265135,14.100000381469727,14.119999885559082,6.451722621917725,69200.0,IHD
2012-08-29,39.00442886352539,39.096492767333984,38.78961181640625,38.94305419921875,27.23542213439941,47900.0,IHG
2012-08-29,2.200000047683716,2.200000047683716,2.200000047683716,2.200000047683716,2.0530562400817867,400.0,IHT
2012-08-29,9.90999984741211,9.960000038146973,9.899999618530273,9.920000076293944,4.658541202545166,19900.0,IID
2012-08-29,15.359999656677244,15.359999656677244,15.1899995803833,15.3100004196167,9.675880432128906,65300.0,IIF
2012-08-29,1.25,1.2599999904632568,1.2400000095367432,1.2400000095367432,1.032159686088562,44600.0,III
2012-08-29,10.239999771118164,10.289999961853027,10.029999732971193,10.100000381469727,8.463944435119629,46200.0,IIIN
2012-08-29,16.219999313354492,16.34000015258789,16.129999160766598,16.329999923706055,10.914925575256348,70300.0,IIM
2012-08-29,5.0,5.019999980926514,4.130000114440918,4.630000114440918,4.630000114440918,19100.0,IIN
2012-08-29,18.649999618530273,18.649999618530273,18.489999771118164,18.600000381469727,18.600000381469727,199400.0,IIVI
2012-08-29,8.399999618530272,8.399999618530272,8.399999618530272,8.399999618530272,7.4769229888916025,0.0,IKNX
2012-08-29,41.68999862670898,42.400001525878906,41.59000015258789,42.290000915527344,42.290000915527344,1347600.0,ILMN
2012-08-29,20.850000381469727,20.90999984741211,20.280000686645508,20.649999618530273,20.649999618530273,871200.0,IMAX
2012-08-29,19.399999618530273,19.399999618530273,18.700000762939453,18.899999618530273,18.899999618530273,15100.0,IMBI
2012-08-29,14.619999885559082,14.630000114440918,14.220000267028807,14.34000015258789,14.34000015258789,585200.0,IMGN
2012-08-29,5.5,5.5,5.050000190734863,5.25,5.25,73500.0,IMH
2012-08-29,16.010000228881836,16.079999923706055,15.949999809265135,16.010000228881836,13.131760597229006,29300.0,IMKTA
2012-08-29,14.033333778381348,14.56666660308838,14.0,14.533333778381348,14.533333778381348,1700.0,IMMP
2012-08-29,6.0900001525878915,6.0999999046325675,5.8400001525878915,5.860000133514403,5.860000133514403,81300.0,IMMR
2012-08-29,3.3299999237060547,3.400000095367432,3.3199999332427983,3.390000104904175,3.390000104904175,137600.0,IMMU
2012-08-29,46.70000076293945,46.72999954223633,45.90999984741211,46.11000061035156,39.82379150390625,91300.0,IMO
2012-08-29,12.563764572143555,12.778929710388185,12.348600387573242,12.610540390014648,7.756291389465332,29500.0,IMOS
2012-08-29,1.2179486751556396,1.2179486751556396,1.2179486751556396,1.2179486751556396,1.2179486751556396,0.0,IMV
2012-08-29,10.133333206176758,11.333333015441895,10.133333206176758,11.333333015441895,10.361539840698242,1600.0,INBK
2012-08-29,20.299999237060547,20.43000030517578,20.09000015258789,20.200000762939453,20.200000762939453,1066500.0,INCY
2012-08-29,29.489999771118164,30.020000457763672,28.90999984741211,29.690000534057614,24.751983642578125,32700.0,INDB
2012-08-29,18.209999084472656,18.5,17.989999771118164,18.06999969482422,18.06999969482422,188100.0,INFI
2012-08-29,5.889999866485597,6.0,5.8400001525878915,5.929999828338622,5.929999828338622,414200.0,INFN
2012-08-29,1.8999999761581419,1.8999999761581419,1.830000042915344,1.830000042915344,1.830000042915344,1800.0,INFU
2012-08-29,5.368750095367432,5.3787498474121085,5.326250076293945,5.34375,2.577532768249512,7976000.0,INFY
2012-08-29,7.1599998474121085,7.210000038146973,7.139999866485597,7.179999828338622,5.668684482574463,1869300.0,ING
2012-08-29,53.95000076293945,54.099998474121094,53.68999862670898,53.7599983215332,45.43110656738281,165800.0,INGR
2012-08-29,14.0,14.029999732971193,13.984000205993652,14.029999732971193,14.029999732971193,21390.0,INMD
2012-08-29,8.579999923706055,8.689999580383299,8.550000190734862,8.640000343322754,6.014750957489014,66300.0,INN
2012-08-29,2.3199999332427983,2.400000095367432,2.3199999332427983,2.3199999332427983,2.3199999332427983,57400.0,INO
2012-08-29,4.139999866485597,4.190000057220459,3.910000085830689,4.190000057220459,4.190000057220459,82400.0,INOD
2012-08-29,826200.0,826200.0,826200.0,826200.0,826200.0,0.0,INPX
2012-08-29,1.6799999475479126,1.6799999475479126,1.6799999475479126,1.6799999475479126,1.5090696811676023,0.0,INS
2012-08-29,2.059999942779541,2.0799999237060547,2.039999961853028,2.059999942779541,2.059999942779541,23500.0,INSG
2012-08-29,20.200000762939453,20.26000022888184,19.8799991607666,19.96999931335449,13.464151382446287,32200.0,INSI
2012-08-29,3.190000057220459,3.2999999523162837,3.190000057220459,3.25,3.25,13500.0,INSM
2012-08-29,36.97999954223633,36.97999954223633,36.310001373291016,36.63000106811523,34.808616638183594,194500.0,INT
2012-08-29,24.93000030517578,24.959999084472656,24.540000915527344,24.670000076293945,19.699237823486328,60462600.0,INTC
2012-08-29,22.790000915527344,22.88999938964844,22.54999923706055,22.54999923706055,22.54999923706055,300.0,INTG
2012-08-29,18.59000015258789,18.65999984741211,18.309999465942386,18.57999992370605,18.57999992370605,17000.0,INTL
2012-08-29,2.559999942779541,2.619999885559082,2.559999942779541,2.5999999046325684,2.514049530029297,15700.0,INTT
2012-08-29,58.79999923706055,59.09000015258789,58.7400016784668,59.0099983215332,54.4980697631836,1896400.0,INTU
2012-08-29,0.4399999976158142,0.4600000083446503,0.41999998688697815,0.41999998688697815,0.41999998688697815,106700.0,INUV
2012-08-29,21.90974998474121,21.90974998474121,21.297340393066406,21.78082275390625,20.27889060974121,340600.0,INVA
2012-08-29,7.699999809265138,7.9000000953674325,7.0,7.0,7.0,16100.0,INVE
2012-08-29,0.2199999988079071,0.2199999988079071,0.2199999988079071,0.2199999988079071,0.20831629633903506,0.0,INVH
2012-08-29,12.1899995803833,12.470000267028807,12.130000114440918,12.399999618530273,12.399999618530273,116300.0,INWK
2012-08-29,99.5999984741211,100.0500030517578,98.0999984741211,98.6999969482422,98.6999969482422,23800.0,IO
2012-08-29,13.800000190734865,13.979999542236328,13.6899995803833,13.869999885559082,13.869999885559082,622000.0,IONS
2012-08-29,2.3299999237060547,2.3399999141693115,2.200000047683716,2.2100000381469727,2.2100000381469727,5400.0,IOR
2012-08-29,31.10000038146973,31.690000534057614,30.71999931335449,31.6200008392334,27.28546714782715,97700.0,IOSP
2012-08-29,60.0,60.0,60.0,60.0,60.0,0.0,IOVA
2012-08-29,33.91518783569336,34.41814422607422,33.72780990600586,34.36883544921875,26.13781547546387,3228500.0,IP
2012-08-29,16.719999313354492,16.969999313354492,16.559999465942386,16.829999923706055,14.47962474822998,43400.0,IPAR
2012-08-29,10.68000030517578,10.75,10.630000114440918,10.699999809265137,8.550156593322754,4215400.0,IPG
2012-08-29,62.58000183105469,62.86999893188477,61.4000015258789,62.61000061035156,62.61000061035156,734200.0,IPGP
2012-08-29,11.880000114440918,11.93000030517578,11.470000267028807,11.920000076293945,11.920000076293945,115500.0,IPHI
2012-08-29,22.09000015258789,22.51000022888184,22.09000015258789,22.399999618530273,21.656965255737305,275100.0,IPI
2012-08-29,14.34000015258789,14.40999984741211,14.279999732971193,14.40999984741211,9.229302406311037,36600.0,IQI
2012-08-29,37.10862731933594,37.42811584472656,36.86102294921875,36.996803283691406,30.9291934967041,2393600.0,IR
2012-08-29,25.309999465942386,25.46999931335449,24.90999984741211,25.149999618530273,25.149999618530273,104700.0,IRBT
2012-08-29,13.149999618530273,13.149999618530273,13.149999618530273,13.149999618530273,8.935917854309082,200.0,IRCP
2012-08-29,7.4000000953674325,7.449999809265138,7.289999961853027,7.420000076293945,7.420000076293945,158700.0,IRDM
2012-08-29,83.19999694824219,84.0,83.0,83.69999694824219,75.18232727050781,18100.0,IRET
2012-08-29,3.1600000858306885,3.220000028610229,3.1600000858306885,3.220000028610229,3.220000028610229,6900.0,IRIX
2012-08-29,7.6500000953674325,7.670000076293945,7.639999866485597,7.639999866485597,4.69662618637085,3900.0,IRL
2012-08-29,29.6487979888916,30.56377029418945,29.630313873291016,30.49907493591309,16.678031921386722,2783200.0,IRM
2012-08-29,12.899999618530273,12.899999618530273,12.899999618530273,12.899999618530273,12.089031219482422,200.0,IROQ
2012-08-29,11.0600004196167,11.0600004196167,11.0,11.039999961853027,4.665273189544678,63200.0,IRR
2012-08-29,6.760000228881836,6.78000020980835,6.639999866485597,6.6500000953674325,5.4211745262146,78100.0,IRS
2012-08-29,10.435510635375977,10.72026824951172,10.427135467529297,10.603014945983887,10.603014945983887,277800.0,IRWD
2012-08-29,6.728128910064697,6.786975383758545,6.728128910064697,6.747744083404541,5.730815887451173,312200.0,ISBC
2012-08-29,20.07999992370605,20.149999618530273,20.0,20.1200008392334,10.62121868133545,87600.0,ISD
2012-08-29,2.650000095367432,2.650000095367432,2.650000095367432,2.650000095367432,2.39008903503418,0.0,ISDR
2012-08-29,1.7300000190734863,1.809999942779541,1.7300000190734863,1.809999942779541,1.3032000064849854,6600.0,ISIG
2012-08-29,4.9099998474121085,4.9099998474121085,4.860000133514403,4.860000133514403,4.860000133514403,300.0,ISNS
2012-08-29,0.8600000143051147,0.8600000143051147,0.8199999928474426,0.8199999928474426,0.8199999928474426,177600.0,ISR
2012-08-29,166.0,166.7133331298828,165.34666442871094,165.51333618164062,165.51333618164062,494700.0,ISRG
2012-08-29,3.539999961853028,3.759999990463257,3.539999961853028,3.7100000381469727,2.5857574939727783,13100.0,ISSC
2012-08-29,49.52999877929688,49.97000122070313,49.27999877929688,49.88999938964844,49.88999938964844,242300.0,IT
2012-08-29,17.299999237060547,17.739999771118164,17.299999237060547,17.549999237060547,11.495201110839846,11000.0,ITCB
2012-08-29,23.309999465942386,23.51000022888184,23.20000076293945,23.399999618530273,23.399999618530273,36500.0,ITGR
2012-08-29,1.5099999904632568,1.5299999713897705,1.4800000190734863,1.4900000095367432,1.4900000095367432,25200.0,ITI
2012-08-29,64.69000244140625,64.69000244140625,64.0,64.55999755859375,54.48216247558594,600.0,ITIC
2012-08-29,2.0999999046325684,2.0999999046325684,2.049999952316284,2.059999942779541,2.0140748023986816,16600.0,ITP
2012-08-29,44.43999862670898,44.88000106811523,43.650001525878906,44.5099983215332,44.5099983215332,193600.0,ITRI
2012-08-29,10.970000267028807,11.199999809265137,10.949999809265137,11.050000190734863,-0.4802963137626648,12300.0,ITRN
2012-08-29,20.459999084472656,20.5,20.170000076293945,20.170000076293945,18.42997169494629,1020600.0,ITT
2012-08-29,8.224392890930176,8.244427680969237,7.968945503234862,8.039068222045897,5.827116012573242,22568700.0,ITUB
2012-08-29,59.4900016784668,59.6500015258789,59.02999877929688,59.27999877929688,49.5561408996582,1897700.0,ITW
2012-08-29,6.320000171661378,6.4000000953674325,6.260000228881836,6.4000000953674325,6.4000000953674325,35700.0,IVAC
2012-08-29,13.789999961853027,13.8100004196167,13.5600004196167,13.640000343322756,13.20248317718506,141800.0,IVC
2012-08-29,20.399999618530273,20.690000534057614,20.32999992370605,20.600000381469727,7.369688510894775,1094700.0,IVR
2012-08-29,23.85000038146973,24.03000068664551,23.670000076293945,23.70000076293945,17.169685363769528,3022900.0,IVZ
2012-08-29,47.209999084472656,47.36999893188477,47.11999893188477,47.2599983215332,39.62675094604492,2900.0,IX
2012-08-29,47.599998474121094,47.599998474121094,47.599998474121094,47.599998474121094,47.599998474121094,0.0,IZEA
2012-08-29,39.91999816894531,39.959999084472656,39.33000183105469,39.7400016784668,38.54915237426758,392400.0,J
2012-08-29,26.040000915527344,26.20000076293945,25.520000457763672,26.1299991607666,23.70161247253418,228400.0,JACK
2012-08-29,16.489999771118164,16.59000015258789,16.239999771118164,16.520000457763672,16.06938362121582,152000.0,JAKK
2012-08-29,16.25,16.850000381469727,16.25,16.850000381469727,16.850000381469727,300.0,JAN
2012-08-29,45.83000183105469,46.13000106811523,45.4000015258789,45.599998474121094,45.599998474121094,474800.0,JAZZ
2012-08-29,53.47999954223633,53.83000183105469,53.099998474121094,53.18999862670898,49.44570541381836,819000.0,JBHT
2012-08-29,23.149999618530273,23.209999084472656,22.95000076293945,22.989999771118164,14.69207000732422,7000.0,JBK
2012-08-29,23.1200008392334,23.40999984741211,22.76000022888184,23.28000068664551,20.911569595336914,2147700.0,JBL
2012-08-29,4.889999866485597,4.929999828338623,4.849999904632568,4.889999866485597,4.889999866485597,2663900.0,JBLU
2012-08-29,23.0,23.040000915527344,22.93000030517578,23.03000068664551,9.044181823730467,3700.0,JBN
2012-08-29,23.3799991607666,23.59000015258789,23.020000457763672,23.06999969482422,11.298273086547852,6700.0,JBR
2012-08-29,15.649999618530273,15.720000267028807,15.25,15.539999961853027,10.387146949768066,22100.0,JBSS
2012-08-29,16.049999237060547,16.229999542236328,15.960000038146973,16.129999160766598,15.110328674316404,131300.0,JBT
2012-08-29,13.850000381469727,13.850000381469727,13.6899995803833,13.779999732971193,5.740714550018311,52300.0,JCE
2012-08-29,29.34711837768555,29.45642852783203,29.123292922973636,29.21698760986328,19.786312103271484,4217600.0,JCI
2012-08-29,29.29999923706055,29.3799991607666,28.82999992370605,29.149999618530273,25.162145614624023,217700.0,JCOM
2012-08-29,25.59000015258789,26.899999618530273,25.45000076293945,26.229999542236328,26.229999542236328,13945800.0,JCP
2012-08-29,11.510000228881836,11.539999961853027,11.399999618530273,11.399999618530273,7.839259624481201,14600.0,JCS
2012-08-29,2.587500095367432,2.6075000762939453,2.587500095367432,2.5975000858306885,2.5975000858306885,12800.0,JCTCF
2012-08-29,12.289999961853027,12.3100004196167,12.25,12.289999961853027,6.060293674468994,37400.0,JDD
2012-08-29,11.25,11.300000190734865,11.199999809265137,11.229999542236328,5.907552719116211,23600.0,JE
2012-08-29,19.893585205078125,20.16709899902344,19.893585205078125,20.085044860839844,17.668413162231445,548700.0,JEF
2012-08-29,5.119999885559082,5.130000114440918,5.050000190734863,5.119999885559082,3.7707059383392334,18200.0,JEQ
2012-08-29,12.100000381469727,12.220000267028807,12.09000015258789,12.220000267028807,7.153898239135742,184000.0,JFR
2012-08-29,1.0499999523162842,1.0499999523162842,1.0499999523162842,1.0499999523162842,1.0499999523162842,0.0,JG
2012-08-29,24.25,24.28000068664551,24.059999465942386,24.239999771118164,13.006030082702635,10400.0,JHI
2012-08-29,16.25,16.540000915527347,16.209999084472653,16.450000762939453,10.413034439086914,29500.0,JHS
2012-08-29,8.906000137329102,8.906000137329102,8.645999908447267,8.645999908447267,4.286090850830078,9500.0,JHX
2012-08-29,18.959999084472656,18.959999084472656,18.959999084472656,18.959999084472656,14.917285919189453,0.0,JHY
2012-08-29,64.48999786376953,65.33000183105469,64.30999755859375,65.33000183105469,65.33000183105469,5000.0,JJA
2012-08-29,43.7400016784668,43.7400016784668,43.47000122070313,43.54999923706055,43.54999923706055,48500.0,JJC
2012-08-29,17.379999160766598,17.459999084472653,17.379999160766598,17.459999084472653,17.459999084472653,5300.0,JJE
2012-08-29,63.06000137329102,64.15000152587889,62.81000137329102,64.09999847412111,64.09999847412111,65500.0,JJG
2012-08-29,32.549999237060554,32.59000015258789,32.34999847412109,32.34999847412109,32.34999847412109,1000.0,JJM
2012-08-29,22.729999542236328,22.729999542236328,22.63999938964844,22.729999542236328,22.729999542236328,1500.0,JJN
2012-08-29,89.63999938964844,89.63999938964844,89.26000213623047,89.26000213623047,89.26000213623047,2300.0,JJP
2012-08-29,57.9900016784668,57.9900016784668,57.709999084472656,57.709999084472656,57.709999084472656,1400.0,JJS
2012-08-29,57.75,58.15999984741211,57.75,57.9900016784668,52.62807846069336,22400.0,JJSF
2012-08-29,44.2599983215332,44.33000183105469,43.81999969482422,43.81999969482422,43.81999969482422,800.0,JJT
2012-08-29,22.479999542236328,22.479999542236328,22.479999542236328,22.479999542236328,22.479999542236328,0.0,JJU
2012-08-29,37.150001525878906,37.29999923706055,36.97999954223633,37.08000183105469,33.52718734741211,225200.0,JKHY
2012-08-29,3.5999999046325684,3.5999999046325684,3.150000095367432,3.150000095367432,3.150000095367432,205000.0,JKS
2012-08-29,71.04000091552734,72.2300033569336,70.54000091552734,71.9800033569336,69.04949188232422,304500.0,JLL
2012-08-29,26.46999931335449,26.65999984741211,26.229999542236328,26.60000038146973,14.048297882080078,79800.0,JLS
2012-08-29,17.940000534057614,17.940000534057614,17.700000762939453,17.719999313354492,8.890487670898438,197200.0,JMF
2012-08-29,8.050000190734862,8.069999694824219,8.010000228881836,8.060000419616701,5.124409198760986,25400.0,JMM
2012-08-29,5.619999885559082,5.690000057220459,5.570000171661377,5.579999923706055,3.8361289501190186,23500.0,JMP
2012-08-29,67.27999877929689,67.83000183105469,67.05999755859375,67.37000274658203,54.62448120117188,9609500.0,JNJ
2012-08-29,18.290000915527344,18.61000061035156,18.290000915527344,18.479999542236328,16.393625259399414,5072800.0,JNPR
2012-08-29,39.45000076293945,39.63999938964844,38.88999938964844,38.959999084472656,38.959999084472656,34200.0,JO
2012-08-29,5.599999904632568,5.599999904632568,5.599999904632568,5.599999904632568,5.599999904632568,200.0,JOB
2012-08-29,20.834999084472656,21.36000061035156,20.78499984741211,21.190000534057614,21.190000534057614,268200.0,JOBS
2012-08-29,18.86000061035156,19.0,18.84000015258789,18.8799991607666,18.8799991607666,245300.0,JOE
2012-08-29,7.210000038146973,7.230000019073486,7.199999809265138,7.210000038146973,3.8184967041015625,32500.0,JOF
2012-08-29,20.559999465942386,20.68000030517578,20.299999237060547,20.649999618530273,19.35125541687012,8800.0,JOUT
2012-08-29,9.619999885559082,9.649999618530273,9.600000381469727,9.649999618530273,5.28261137008667,271800.0,JPC
2012-08-29,25.54999923706055,25.68000030517578,25.520000457763672,25.63999938964844,13.712122917175293,19000.0,JPI
2012-08-29,37.31999969482422,37.4900016784668,37.060001373291016,37.29999923706055,30.37333869934082,13681900.0,JPM
2012-08-29,9.350000381469727,9.4399995803833,9.350000381469727,9.40999984741211,5.290300369262695,200200.0,JPS
2012-08-29,9.479999542236328,9.5,9.460000038146973,9.489999771118164,4.971808433532715,396500.0,JQC
2012-08-29,18.40999984741211,18.489999771118164,18.32999992370605,18.43000030517578,8.26643180847168,26900.0,JRI
2012-08-29,12.0,12.199999809265135,11.699999809265135,12.199999809265135,12.199999809265135,1100.0,JRJC
2012-08-29,12.170000076293945,12.31999969482422,12.170000076293945,12.300000190734865,7.077356815338135,78100.0,JRO
2012-08-29,11.789999961853027,11.920000076293945,11.770000457763672,11.920000076293945,6.178342342376709,26200.0,JRS
2012-08-29,19.600000381469727,19.780000686645508,19.600000381469727,19.780000686645508,10.915942192077637,43100.0,JSD
2012-08-29,24.13999938964844,24.18000030517578,23.60000038146973,23.93000030517578,14.20940113067627,20800.0,JSM
2012-08-29,10.720000267028807,10.8100004196167,10.720000267028807,10.779999732971193,5.70643949508667,52800.0,JTA
2012-08-29,14.119999885559082,14.380000114440918,14.119999885559082,14.279999732971193,7.712719440460205,36000.0,JTD
2012-08-29,6.1500000953674325,6.3499999046325675,6.050000190734862,6.300000190734862,6.220468044281006,144200.0,JVA
2012-08-29,57.54999923706055,58.04999923706055,57.25,58.02999877929688,43.563323974609375,2127300.0,JWN
2012-08-29,51.75,51.9000015258789,51.33000183105469,51.41999816894531,40.30633163452149,1513200.0,K
2012-08-29,22.60000038146973,23.15999984741211,22.299999237060547,22.989999771118164,20.973466873168945,35500.0,KAI
2012-08-29,55.84000015258789,56.38000106811523,55.58000183105469,56.099998474121094,47.52207946777344,71300.0,KALU
2012-08-29,32.959999084472656,33.169998168945305,32.5,33.09000015258789,29.26945495605469,55800.0,KAMN
2012-08-29,6.616199970245361,6.657835006713867,6.532929420471191,6.6502647399902335,3.7806181907653813,161400.0,KAR
2012-08-29,33.400001525878906,33.459999084472656,33.18000030517578,33.43000030517578,29.262264251708984,314600.0,KB
2012-08-29,8.891490936279297,8.922717094421387,8.790007591247559,8.813426971435547,7.622971534729004,407600.0,KBAL
2012-08-29,10.760000228881836,10.90999984741211,10.720000267028807,10.84000015258789,10.34427547454834,2598000.0,KBH
2012-08-29,27.0,27.040000915527344,26.479999542236328,26.739999771118164,23.60525703430176,877100.0,KBR
2012-08-29,45.0,45.09000015258789,44.88000106811523,45.06000137329102,5.949005603790282,706800.0,KDP
2012-08-29,12.3100004196167,12.420000076293945,12.15999984741211,12.329999923706055,11.230999946594238,82000.0,KELYA
2012-08-29,12.989999771118164,12.989999771118164,12.989999771118164,12.989999771118164,11.824047088623047,0.0,KELYB
2012-08-29,4.550000190734863,4.639999866485597,4.510000228881836,4.5900001525878915,4.541281700134277,62200.0,KEM
2012-08-29,10.890000343322754,10.890000343322754,10.800000190734863,10.829999923706056,9.3507661819458,211100.0,KEP
2012-08-29,11.300000190734865,11.829999923706055,11.029999732971193,11.350000381469727,9.300318717956543,3100.0,KEQU
2012-08-29,52.09000015258789,52.20000076293945,51.459999084472656,51.599998474121094,51.599998474121094,176900.0,KEX
2012-08-29,8.310000419616701,8.390000343322754,8.300000190734862,8.359999656677246,6.82801628112793,6197500.0,KEY
2012-08-29,37.43000030517578,37.56999969482422,37.16999816894531,37.25,24.69168281555176,38200.0,KF
2012-08-29,7.619999885559082,7.619999885559082,7.619999885559082,7.619999885559082,5.200237274169922,300.0,KFFB
2012-08-29,12.039999961853027,12.0600004196167,11.789999961853027,11.84000015258789,9.585984230041504,89800.0,KFRC
2012-08-29,1.9700000286102293,1.9700000286102293,1.9700000286102293,1.9700000286102293,1.9700000286102293,0.0,KFS
2012-08-29,14.520000457763672,14.619999885559082,14.460000038146973,14.600000381469727,13.739748001098633,186900.0,KFY
2012-08-29,8.84000015258789,8.859999656677246,8.569999694824219,8.630000114440918,8.476607322692871,8347100.0,KGC
2012-08-29,1.5499999523162842,1.5700000524520874,1.5299999713897705,1.559999942779541,1.463255763053894,96600.0,KGJI
2012-08-29,20.350000381469727,20.399999618530273,20.270000457763672,20.36000061035156,13.168709754943848,1851600.0,KIM
2012-08-29,4.880000114440918,4.999000072479248,4.8400001525878915,4.980000019073486,4.08198881149292,18000.0,KINS
2012-08-29,0.6700000166893005,0.6700000166893005,0.6499999761581421,0.6499999761581421,0.643693745136261,7300.0,KIQ
2012-08-29,9.460000038146973,9.65999984741211,9.34000015258789,9.470000267028807,8.93857479095459,143200.0,KIRK
2012-08-29,14.279999732971193,14.550000190734865,14.270000457763672,14.520000457763672,9.828347206115724,699400.0,KKR
2012-08-29,13.420000076293945,13.4399995803833,13.199999809265135,13.34000015258789,13.10987949371338,206474.0,KL
2012-08-29,51.9000015258789,52.43999862670898,51.59000015258789,52.22999954223633,34.032394409179695,1787500.0,KLAC
2012-08-29,11.380000114440918,11.479999542236328,11.220000267028807,11.43000030517578,10.953696250915527,377300.0,KLIC
2012-08-29,0.004999999888241291,0.004999999888241291,0.004999999888241291,0.004999999888241291,0.004999999888241291,0.0,KLR
2012-08-29,80.22052001953125,80.31639862060547,79.98082733154297,80.04793548583984,62.2506103515625,1337300.0,KMB
2012-08-29,28.40999984741211,28.51000022888184,28.29999923706055,28.38999938964844,14.700886726379395,56100.0,KMF
2012-08-29,35.34000015258789,35.540000915527344,35.110000610351555,35.439998626708984,25.77473068237305,2342600.0,KMI
2012-08-29,30.70000076293945,30.88999938964844,30.459999084472656,30.78000068664551,25.706806182861328,76100.0,KMPR
2012-08-29,36.38000106811523,36.7400016784668,35.959999084472656,36.70000076293945,31.09465789794922,441200.0,KMT
2012-08-29,29.78000068664551,30.32999992370605,29.690000534057614,30.32999992370605,30.32999992370605,977400.0,KMX
2012-08-29,4.230000019073486,4.539999961853027,4.199999809265137,4.440000057220459,4.440000057220459,87200.0,KNDI
2012-08-29,14.729999542236328,14.8100004196167,14.630000114440918,14.779999732971193,11.821878433227539,81200.0,KNL
2012-08-29,14.649999618530273,14.729999542236328,14.4399995803833,14.550000190734865,13.541122436523438,559400.0,KNX
2012-08-29,38.04999923706055,38.04999923706055,37.38000106811523,37.459999084472656,29.373424530029297,23435400.0,KO
2012-08-29,2.5850000381469727,2.5850000381469727,2.5850000381469727,2.5850000381469727,2.5850000381469727,0.0,KOD
2012-08-29,121.29000091552734,121.29000091552734,119.88999938964844,120.27999877929688,100.26213073730469,87100.0,KOF
2012-08-29,32.970001220703125,33.61999893188477,32.970001220703125,33.22999954223633,31.317729949951172,75900.0,KOP
2012-08-29,3.5299999713897705,3.5799999237060547,3.4300000667572017,3.5199999809265137,3.5199999809265137,74300.0,KOPN
2012-08-29,9.5600004196167,9.670000076293944,9.420000076293944,9.649999618530273,9.212066650390623,318900.0,KOS
2012-08-29,4.889999866485597,4.889999866485597,4.849999904632568,4.849999904632568,4.400669574737549,1400.0,KOSS
2012-08-29,11.130000114440918,11.18000030517578,11.06999969482422,11.074999809265137,9.32956314086914,8875000.0,KR
2012-08-29,21.0,21.46999931335449,20.850000381469727,21.200000762939453,21.200000762939453,194200.0,KRA
2012-08-29,47.43999862670898,47.75,47.349998474121094,47.38999938964844,39.209266662597656,440300.0,KRC
2012-08-29,20.479999542236328,20.63999938964844,20.280000686645508,20.600000381469727,13.810540199279785,14500.0,KRG
2012-08-29,6.9182844161987305,7.063169956207275,6.9182844161987305,7.005215644836426,6.50218391418457,21500.0,KRNY
2012-08-29,16.709999084472653,16.819999694824222,16.40999984741211,16.709999084472653,11.342642784118652,416600.0,KRO
2012-08-29,15.15999984741211,15.210000038146973,15.100000381469727,15.1899995803833,9.63636875152588,16500.0,KSM
2012-08-29,52.09000015258789,52.459999084472656,51.66999816894531,52.29999923706055,37.52220153808594,2882900.0,KSS
2012-08-29,77.94999694824219,77.94999694824219,76.7699966430664,77.62999725341797,70.65896606445312,605200.0,KSU
2012-08-29,15.43000030517578,15.43000030517578,15.300000190734865,15.31999969482422,13.152112007141113,1070000.0,KT
2012-08-29,7300.0,7300.0,7100.0,7300.0,6963.04833984375,460890.0,KTB
2012-08-29,10.529999732971193,10.81999969482422,10.40999984741211,10.710000038146973,10.710000038146973,70100.0,KTCC
2012-08-29,14.59000015258789,14.75,14.550000190734865,14.729999542236328,9.427825927734377,105600.0,KTF
2012-08-29,31.31999969482422,31.88999938964844,31.31999969482422,31.88999938964844,19.953372955322266,1600.0,KTH
2012-08-29,29.18000030517578,29.18000030517578,29.18000030517578,29.18000030517578,17.83034896850586,0.0,KTN
2012-08-29,4.989999771118164,4.989999771118164,4.900000095367432,4.940000057220459,4.940000057220459,122700.0,KTOS
2012-08-29,24.63999938964844,24.63999938964844,23.88999938964844,24.35000038146973,10.098613739013672,15600.0,KTP
2012-08-29,13.68000030517578,14.039999961853027,13.59000015258789,13.829999923706055,13.829999923706055,22700.0,KVHI
2012-08-29,13.989999771118164,14.06999969482422,13.899999618530273,13.960000038146973,11.177040100097656,54500.0,KW
2012-08-29,47.11999893188477,47.7400016784668,46.93999862670898,47.43000030517578,43.01935577392578,60200.0,KWR
2012-08-29,30.38999938964844,30.40999984741211,30.25,30.309999465942386,15.219368934631348,224200.0,KYN
2012-08-29,2.817643165588379,2.8966424465179443,2.817643165588379,2.8439762592315674,2.8439762592315674,1200.0,KZIA
2012-08-29,40.18000030517578,40.5,39.95000076293945,40.36999893188477,38.6552963256836,604800.0,L
2012-08-29,0.699999988079071,0.699999988079071,0.699999988079071,0.699999988079071,0.699999988079071,2600.0,LAC
2012-08-29,28.809999465942386,29.270000457763672,28.6299991607666,29.20000076293945,27.004528045654297,380100.0,LAD
2012-08-29,6.869999885559082,7.0,6.869999885559082,7.0,7.0,1800.0,LAKE
2012-08-29,32.86999893188477,33.15999984741211,32.759998321533196,33.09999847412109,24.32408332824707,338300.0,LAMR
2012-08-29,72.97000122070312,73.13999938964844,72.83000183105469,72.9800033569336,56.33291244506836,72000.0,LANC
2012-08-29,16.242496490478516,16.258167266845707,16.22682762145996,16.258167266845707,12.392528533935547,800.0,LARK
2012-08-29,8.039999961853027,8.359999656677246,7.949999809265138,8.130000114440918,8.130000114440918,7600.0,LAWS
2012-08-29,28.54999923706055,28.71999931335449,28.34000015258789,28.40999984741211,21.814756393432614,569300.0,LAZ
2012-08-29,47.68000030517578,48.11999893188477,47.58000183105469,47.77000045776367,33.512767791748054,1434500.0,LB
2012-08-29,9.523809432983398,9.666666984558104,9.399999618530273,9.666666984558104,7.7810912132263175,178200.0,LBAI
2012-08-29,0.4000000059604645,0.4000000059604645,0.4000000059604645,0.4000000059604645,0.3825972080230713,0.0,LBC
2012-08-29,28.114459991455078,28.288196563720703,28.09402084350586,28.17577934265137,28.17577934265137,671000.0,LBTYA
2012-08-29,28.05954742431641,28.05954742431641,28.05954742431641,28.05954742431641,28.05954742431641,0.0,LBTYB
2012-08-29,25.959999084472656,26.01499938964844,25.88999938964844,25.915000915527344,25.915000915527344,264400.0,LBTYK
2012-08-29,14.850000381469727,14.989999771118164,14.6899995803833,14.869999885559082,13.298877716064453,21800.0,LBY
2012-08-29,4.900000095367432,4.949999809265137,4.739999771118164,4.929999828338623,4.929999828338623,8400.0,LCI
2012-08-29,29.01000022888184,29.170000076293945,28.88999938964844,29.06999969482422,22.954893112182614,68200.0,LCII
2012-08-29,13.649999618530273,13.649999618530273,13.25,13.630000114440918,10.057662010192873,2700.0,LCNB
2012-08-29,3.9700000286102295,4.050000190734863,3.9700000286102295,4.019999980926514,4.019999980926514,73700.0,LCTX
2012-08-29,10.9399995803833,11.5600004196167,10.90999984741211,11.140000343322754,10.123709678649902,38100.0,LCUT
2012-08-29,47.63999938964844,47.63999938964844,47.63999938964844,47.63999938964844,47.63999938964844,100.0,LD
2012-08-29,13.34000015258789,13.369999885559082,13.149999618530273,13.350000381469727,13.350000381469727,15900.0,LDL
2012-08-29,29.037036895751953,29.33333396911621,28.790122985839844,29.13580322265625,16.672611236572266,523400.0,LDOS
2012-08-29,25.0,25.04999923706055,25.0,25.0,13.77079963684082,107900.0,LDP
2012-08-29,39.349998474121094,39.65999984741211,39.099998474121094,39.27999877929688,35.32461929321289,750000.0,LEA
2012-08-29,20.35714340209961,20.4761905670166,20.158729553222656,20.4761905670166,20.4761905670166,81700.0,LEAF
2012-08-29,42.86000061035156,43.16999816894531,41.88000106811523,41.959999084472656,36.24391174316406,429700.0,LECO
2012-08-29,22.0,22.5,20.5,20.899999618530273,20.899999618530273,3400.0,LEDS
2012-08-29,1.5099999904632568,1.5099999904632568,1.4199999570846558,1.4299999475479126,1.4299999475479126,221200.0,LEE
2012-08-29,23.690000534057614,23.809999465942386,23.61000061035156,23.729999542236328,18.232894897460934,582500.0,LEG
2012-08-29,31.67158317565918,31.956735610961914,31.533924102783203,31.681415557861328,30.80630302429199,2784400.0,LEN
2012-08-29,9.75,9.800000190734863,9.720000267028807,9.800000190734863,6.162610054016112,142100.0,LEO
2012-08-29,178.57142639160156,181.3186798095703,175.8241729736328,175.8241729736328,175.8241729736328,1400.0,LEU
2012-08-29,13.396666526794435,13.423333168029785,13.263333320617676,13.33666706085205,11.781072616577148,851400.0,LFC
2012-08-29,52.18000030517578,52.63000106811523,51.43999862670898,52.2599983215332,48.47937393188477,64700.0,LFUS
2012-08-29,21.280000686645508,21.420000076293945,21.06999969482422,21.209999084472656,21.209999084472656,25100.0,LFVN
2012-08-29,14.65999984741211,14.720000267028807,14.510000228881836,14.600000381469727,7.831179618835449,20100.0,LGI
2012-08-29,3.6014626026153564,3.644119501113892,3.564899444580078,3.564899444580078,3.564899444580078,7300.0,LGL
2012-08-29,16.420000076293945,16.920000076293945,16.420000076293945,16.719999313354492,16.719999313354492,38800.0,LGND
2012-08-29,88.16999816894531,88.79000091552734,87.91000366210938,88.31999969482422,88.31999969482422,452400.0,LH
2012-08-29,17.649999618530273,17.780000686645508,17.479999542236328,17.5,17.5,62600.0,LHCG
2012-08-29,47.1500015258789,47.599998474121094,47.1500015258789,47.54999923706055,40.03785705566406,1443200.0,LHX
2012-08-29,47.09000015258789,47.36999893188477,46.2400016784668,46.72000122070313,42.45494842529297,390300.0,LII
2012-08-29,104.91999816894531,105.16999816894531,104.41000366210938,105.12999725341795,88.6771240234375,1439300.0,LIN
2012-08-29,3.940000057220459,4.269999980926514,3.940000057220459,4.269999980926514,3.75420594215393,295400.0,LINC
2012-08-29,7.480000019073486,7.960000038146973,7.440000057220459,7.480000019073486,7.480000019073486,18100.0,LIQT
2012-08-29,10.260000228881836,10.5,9.81999969482422,10.260000228881836,10.260000228881836,11400.0,LIVE
2012-08-29,3.5,3.5,3.5,3.5,3.5,200.0,LJPC
2012-08-29,17.913333892822266,17.986665725708008,17.566667556762695,17.926666259765625,15.106022834777832,29500.0,LKFN
2012-08-29,19.21500015258789,19.38500022888184,18.924999237060547,19.36000061035156,19.36000061035156,776400.0,LKQ
2012-08-29,46.59000015258789,47.290000915527344,46.2599983215332,47.2599983215332,47.2599983215332,554700.0,LL
2012-08-29,30.5,30.899999618530273,30.5,30.899999618530273,30.899999618530273,100.0,LLEX
2012-08-29,1.7699999809265137,1.7699999809265137,1.7699999809265137,1.7699999809265137,1.7699999809265137,0.0,LLIT
2012-08-29,2.509999990463257,2.539999961853028,2.4800000190734863,2.5299999713897705,2.5299999713897705,149900.0,LLNW
2012-08-29,44.599998474121094,45.2599983215332,44.38000106811523,45.16999816894531,36.35733413696289,8328900.0,LLY
2012-08-29,25.290000915527344,25.3799991607666,25.03000068664551,25.03000068664551,20.37298011779785,767300.0,LM
2012-08-29,6.210000038146973,6.21999979019165,6.070000171661378,6.1500000953674325,5.59101152420044,17500.0,LMAT
2012-08-29,0.5619999766349792,0.5619999766349792,0.5619999766349792,0.5619999766349792,0.5619999766349792,0.0,LMNL
2012-08-29,18.0,18.100000381469727,17.860000610351562,18.0,16.675792694091793,12100.0,LMNR
2012-08-29,19.209999084472656,19.559999465942386,19.209999084472656,19.530000686645508,18.799776077270508,230500.0,LMNX
2012-08-29,10.949999809265137,10.949999809265137,10.949999809265137,10.949999809265137,10.949999809265137,0.0,LMST
2012-08-29,92.5500030517578,92.75,91.81999969482422,91.91999816894531,71.85267639160156,969800.0,LMT
2012-08-29,23.399999618530273,23.440000534057614,22.96999931335449,23.29999923706055,20.067188262939453,3201100.0,LNC
2012-08-29,4.329999923706056,4.329999923706056,4.329999923706056,4.329999923706056,3.1683757305145264,0.0,LND
2012-08-29,9.289999961853027,9.989999771118164,9.130000114440918,9.8100004196167,9.8100004196167,159900.0,LNDC
2012-08-29,15.029999732971193,15.239999771118164,14.859999656677244,14.890000343322756,14.890000343322756,2789300.0,LNG
2012-08-29,65.87000274658203,67.44999694824219,65.48000335693361,67.33000183105469,61.25277328491211,124600.0,LNN
2012-08-29,22.28499984741211,22.34000015258789,22.174999237060547,22.20499992370605,16.931421279907227,580200.0,LNT
2012-08-29,0.9800000190734864,0.9800000190734864,0.9700000286102296,0.9700000286102296,0.6178258657455444,1100.0,LOAN
2012-08-29,75.5,75.5,73.0,73.75,73.75,3800.0,LODE
2012-08-29,9.470000267028807,9.5,9.229999542236328,9.329999923706056,7.029597759246826,434000.0,LOGI
2012-08-29,21.59000015258789,22.200000762939453,21.31999969482422,22.07999992370605,20.96039390563965,283700.0,LOGM
2012-08-29,10.0,10.0,10.0,10.0,10.0,0.0,LONE
2012-08-29,20.8700008392334,21.170000076293945,20.81999969482422,20.950000762939453,20.950000762939453,281200.0,LOPE
2012-08-29,72.81999969482422,74.1500015258789,72.81999969482422,73.5199966430664,47.72662734985352,46600.0,LORL
2012-08-29,5.949999809265138,5.949999809265138,5.519999980926514,5.730000019073486,5.730000019073486,23500.0,LOV
2012-08-29,27.96999931335449,28.6200008392334,27.90999984741211,28.34000015258789,24.838682174682614,14765000.0,LOW
2012-08-29,22.06999969482422,22.15999984741211,21.520000457763672,21.559999465942386,21.559999465942386,83700.0,LPI
2012-08-29,11.829999923706055,11.859999656677244,11.739999771118164,11.75,10.966090202331543,262700.0,LPL
2012-08-29,28.309999465942386,28.690000534057614,28.190000534057614,28.56999969482422,24.354228973388672,352500.0,LPLA
2012-08-29,16.239999771118164,16.649999618530273,16.219999313354492,16.479999542236328,16.479999542236328,381100.0,LPSN
2012-08-29,0.9499999880790709,0.959999978542328,0.9499999880790709,0.9499999880790709,0.9499999880790709,5200.0,LPTH
2012-08-29,13.5,13.5,13.1899995803833,13.279999732971193,12.698612213134766,2903400.0,LPX
2012-08-29,51.77999877929688,51.9000015258789,50.56000137329102,51.790000915527344,51.790000915527344,473400.0,LQDT
2012-08-29,34.279998779296875,34.34000015258789,33.810001373291016,34.150001525878906,30.9760799407959,2202900.0,LRCX
2012-08-29,21.020000457763672,21.25,20.540000915527344,20.700000762939453,20.700000762939453,100400.0,LRN
2012-08-29,10.31999969482422,10.380000114440918,8.550000190734862,10.380000114440918,8.697831153869629,19100.0,LSBK
2012-08-29,3.9800000190734863,4.0300002098083505,3.940000057220459,3.9600000381469727,3.9600000381469727,609300.0,LSCC
2012-08-29,56.97999954223633,57.540000915527344,56.81999969482422,57.2400016784668,42.80431747436523,142800.0,LSI
2012-08-29,49.6500015258789,50.52000045776367,49.22999954223633,49.83000183105469,45.27574920654297,324800.0,LSTR
2012-08-29,126.0,133.19999694824222,126.0,133.19999694824222,133.19999694824222,1500.0,LTBR
2012-08-29,33.189998626708984,33.560001373291016,33.169998168945305,33.450000762939446,22.866323471069336,89300.0,LTC
2012-08-29,24.0,24.01000022888184,23.63999938964844,23.68000030517578,23.24522590637207,380400.0,LTM
2012-08-29,2.0299999713897705,2.049999952316284,2.0299999713897705,2.0299999713897705,2.0299999713897705,10600.0,LTRX
2012-08-29,6.039999961853027,6.3499999046325675,6.010000228881836,6.309999942779541,6.309999942779541,27100.0,LUB
2012-08-29,65.06999969482422,65.72000122070311,64.91999816894531,65.52999877929689,65.52999877929689,1888600.0,LULU
2012-08-29,1.5499999523162842,1.6699999570846558,1.4600000381469729,1.6699999570846558,1.6699999570846558,6500.0,LUNA
2012-08-29,8.970000267028809,8.989999771118164,8.8100004196167,8.890000343322754,8.298030853271483,4875400.0,LUV
2012-08-29,42.72999954223633,42.9900016784668,41.95000076293945,42.52000045776367,28.63971710205078,6180600.0,LVS
2012-08-29,9.81999969482422,10.100000381469727,9.520000457763672,9.640000343322754,9.595136642456056,37600.0,LWAY
2012-08-29,9.350000381469727,9.470000267028807,9.279999732971193,9.40999984741211,5.660329341888428,457100.0,LXP
2012-08-29,15.329999923706055,16.239999771118164,15.260000228881836,15.960000038146973,15.960000038146973,100500.0,LXRX
2012-08-29,38.47000122070313,38.47000122070313,37.5,37.68000030517578,37.68000030517578,110400.0,LXU
2012-08-29,47.47000122070313,47.72000122070313,46.63999938964844,47.290000915527344,35.363853454589844,3057600.0,LYB
2012-08-29,2.0999999046325684,2.1099998950958248,2.0799999237060547,2.0899999141693115,1.698300004005432,394500.0,LYG
2012-08-29,6.730000019073486,7.0,6.5999999046325675,6.929999828338622,5.462647438049316,57200.0,LYTS
2012-08-29,8.689999580383299,8.890000343322754,8.609999656677246,8.880000114440918,8.880000114440918,448400.0,LYV
2012-08-29,13.460000038146973,13.829999923706055,13.4399995803833,13.789999961853027,12.431838989257812,445700.0,LZB
2012-08-29,40.29999923706055,40.650001525878906,40.22000122070313,40.47000122070313,28.76850891113281,4849200.0,M
2012-08-29,42.49800109863281,42.64699935913086,42.17399978637695,42.58200073242188,38.45899963378906,4011000.0,MA
2012-08-29,69.0,69.0,68.56999969482422,68.81999969482422,51.24113845825195,190300.0,MAA
2012-08-29,59.86000061035156,60.43000030517578,59.7400016784668,59.790000915527344,40.3457260131836,617400.0,MAC
2012-08-29,59.95279312133789,60.89693069458008,59.87411499023438,60.5035400390625,26.659297943115234,6600.0,MACK
2012-08-29,10.1899995803833,10.239999771118164,10.100000381469727,10.130000114440918,10.130000114440918,62100.0,MAG
2012-08-29,3.7799999713897705,3.940000057220459,3.759999990463257,3.809999942779541,3.809999942779541,36100.0,MAGS
2012-08-29,26.690000534057614,26.739999771118164,26.51000022888184,26.63999938964844,14.73712921142578,190700.0,MAIN
2012-08-29,36.900001525878906,37.27000045776367,36.72999954223633,37.27000045776367,32.353668212890625,363400.0,MAN
2012-08-29,12.5600004196167,12.6875,12.342499732971193,12.547499656677244,12.547499656677244,694400.0,MANH
2012-08-29,21.84000015258789,22.399999618530273,21.81999969482422,22.32999992370605,18.51522445678711,115600.0,MANT
2012-08-29,13.75,13.75,13.5,13.56999969482422,12.92927360534668,262100.0,MANU
2012-08-29,37.27999877929688,37.65999984741211,37.150001525878906,37.599998474121094,33.93472671508789,1954700.0,MAR
2012-08-29,105.04000091552734,105.04000091552734,105.04000091552734,105.04000091552734,105.04000091552734,0.0,MARA
2012-08-29,1.9900000095367432,2.0199999809265137,1.919999957084656,1.9900000095367432,1.9900000095367432,2800.0,MARK
2012-08-29,23.31999969482422,23.670000076293945,23.1200008392334,23.670000076293945,12.202470779418945,3700.0,MARPS
2012-08-29,12.161686897277832,12.293497085571287,12.108963012695312,12.196836471557615,10.955450057983398,3389700.0,MAS
2012-08-29,22.020000457763672,22.32999992370605,21.86000061035156,22.170000076293945,21.127195358276367,186100.0,MASI
2012-08-29,34.959999084472656,35.40999984741211,34.86999893188477,35.36000061035156,27.94284820556641,2145800.0,MAT
2012-08-29,29.78000068664551,30.0,29.540000915527344,29.79999923706055,26.95261573791504,95300.0,MATW
2012-08-29,23.54999923706055,23.78000068664551,23.190000534057614,23.190000534057614,19.572769165039066,107700.0,MATX
2012-08-29,15.65999984741211,15.6899995803833,15.5600004196167,15.65999984741211,9.677865028381348,45600.0,MAV
2012-08-29,60.290000915527344,60.290000915527344,60.290000915527344,60.290000915527344,51.33956909179688,300.0,MAXR
2012-08-29,19.75,19.75,19.75,19.75,19.75,200.0,MAYS
2012-08-29,11.475000381469727,11.475000381469727,11.475000381469727,11.475000381469727,9.007559776306152,0.0,MBCN
2012-08-29,10.84000015258789,10.960000038146973,10.6899995803833,10.93000030517578,10.93000030517578,1567200.0,MBI
2012-08-29,2608.199951171875,2608.199951171875,2462.39990234375,2608.199951171875,2608.199951171875,300.0,MBOT
2012-08-29,18.399999618530273,18.399999618530273,18.100000381469727,18.21999931335449,9.43707275390625,1292100.0,MBT
2012-08-29,17.010000228881836,17.280000686645508,16.879999160766598,17.139999389648438,12.35046100616455,33500.0,MBWM
2012-08-29,16.09000015258789,16.219999313354492,16.079999923706055,16.219999313354492,10.818371772766113,102800.0,MCA
2012-08-29,3.130000114440918,3.130000114440918,3.0499999523162837,3.0799999237060547,2.7068357467651367,23700.0,MCBC
2012-08-29,13.010000228881836,13.1899995803833,13.010000228881836,13.130000114440918,5.0507636070251465,344400.0,MCC
2012-08-29,89.08999633789062,89.80999755859375,89.01000213623047,89.6500015258789,70.78414154052734,4292200.0,MCD
2012-08-29,22.86000061035156,22.8700008392334,22.020000457763672,22.8700008392334,17.2178955078125,29800.0,MCEP
2012-08-29,57.959999084472656,58.11999893188477,57.63999938964844,58.11000061035156,55.243202209472656,55400.0,MCF
2012-08-29,34.630001068115234,34.950000762939446,34.580001831054695,34.740001678466804,28.657434463500977,1519600.0,MCHP
2012-08-29,3.289999961853028,3.289999961853028,3.190000057220459,3.2799999713897705,2.626361608505249,62400.0,MCHX
2012-08-29,16.65999984741211,16.940000534057614,16.600000381469727,16.610000610351562,9.348631858825684,8600.0,MCI
2012-08-29,87.7300033569336,88.12999725341797,87.41000366210938,87.91000366210938,82.62601470947266,1493200.0,MCK
2012-08-29,7.630000114440918,7.699999809265138,7.5999999046325675,7.6500000953674325,3.731836080551148,99700.0,MCN
2012-08-29,38.7400016784668,39.0,38.47999954223633,38.95000076293945,35.30291748046875,982500.0,MCO
2012-08-29,9.979999542236328,10.050000190734863,9.979999542236328,10.010000228881836,5.1153836250305185,133500.0,MCR
2012-08-29,7.739999771118164,7.78000020980835,7.699999809265138,7.739999771118164,7.739999771118164,10300.0,MCRI
2012-08-29,12.960000038146973,13.199999809265135,12.890000343322756,13.050000190734865,11.15011215209961,48400.0,MCS
2012-08-29,38.04999923706055,38.4900016784668,38.040000915527344,38.349998474121094,26.09832000732422,172600.0,MCY
2012-08-29,34.564998626708984,34.735000610351555,34.365001678466804,34.60499954223633,34.60499954223633,606600.0,MD
2012-08-29,31.120370864868164,31.953702926635746,31.037036895751953,31.953702926635746,24.18034553527832,721200.0,MDC
2012-08-29,6.653333187103272,6.980000019073486,6.5999999046325675,6.926666736602782,5.735531806945801,106800.0,MDCA
2012-08-29,236.9499969482422,244.6499938964844,235.5500030517578,242.1999969482422,242.1999969482422,10800.0,MDGL
2012-08-29,41.86999893188477,41.95000076293945,41.63999938964844,41.66999816894531,23.869184494018555,7606300.0,MDLZ
2012-08-29,32.259998321533196,33.209999084472656,31.920000076293945,32.970001220703125,23.93176078796387,331800.0,MDP
2012-08-29,10.399999618530273,10.539999961853027,10.329999923706056,10.43000030517578,10.43000030517578,1190400.0,MDRX
2012-08-29,40.5,41.0,40.459999084472656,40.810001373291016,34.66263961791992,2623300.0,MDT
2012-08-29,21.770000457763672,21.84000015258789,21.700000762939453,21.770000457763672,17.225481033325195,419200.0,MDU
2012-08-29,0.05000000074505806,0.05000000074505806,0.05000000074505806,0.05000000074505806,0.05000000074505806,0.0,MEC
2012-08-29,28.190000534057614,28.34000015258789,27.85000038146973,28.040000915527344,24.62575721740723,70800.0,MED
2012-08-29,2.400000095367432,2.490000009536743,2.2699999809265137,2.359999895095825,2.359999895095825,112800.0,MEET
2012-08-29,9.0,9.020000457763672,8.930000305175781,8.949999809265137,8.109804153442383,129500.0,MEI
2012-08-29,2.0999999046325684,2.700000047683716,2.0999999046325684,2.640000104904175,2.640000104904175,8000.0,MEIP
2012-08-29,79.58999633789062,79.88999938964844,78.52999877929688,79.02999877929688,77.1152572631836,405400.0,MELI
2012-08-29,12.220000267028807,12.279999732971193,12.15999984741211,12.18000030517578,7.900511741638184,57900.0,MEN
2012-08-29,29.60000038146973,29.60000038146973,29.190000534057614,29.35000038146973,23.76813888549805,218000.0,MEOH
2012-08-29,6.269999980926514,6.28000020980835,6.119999885559082,6.179999828338622,4.9493374824523935,218400.0,MERC
2012-08-29,32.610000610351555,32.610000610351555,32.610000610351555,32.610000610351555,32.610000610351555,0.0,MESO
2012-08-29,30.62388610839844,30.739749908447266,30.28520584106445,30.463459014892575,23.34441566467285,7148000.0,MET
2012-08-29,8.189999580383299,8.210000038146973,8.149999618530272,8.199999809265138,3.0409953594207764,1997700.0,MFA
2012-08-29,11.25,11.399999618530273,11.130000114440918,11.380000114440918,8.164814949035645,1619900.0,MFC
2012-08-29,15.649999618530273,15.789999961853027,15.619999885559082,15.75,7.766787052154541,16300.0,MFD
2012-08-29,3.25,3.259999990463257,3.240000009536743,3.259999990463257,2.4744443893432617,232900.0,MFG
2012-08-29,11.40999984741211,11.520000457763672,11.380000114440918,11.489999771118164,8.167819976806639,58700.0,MFIN
2012-08-29,15.989999771118164,16.079999923706055,15.890000343322756,16.079999923706055,10.444960594177246,93700.0,MFL
2012-08-29,7.559999942779541,7.610000133514403,7.510000228881836,7.5999999046325675,4.939317226409912,71200.0,MFM
2012-08-29,7.789999961853027,7.789999961853027,7.78000020980835,7.78000020980835,6.331212520599365,1200.0,MFNC
2012-08-29,25.76000022888184,25.81999969482422,25.76000022888184,25.79999923706055,15.579219818115234,15000.0,MFO
2012-08-29,11.3100004196167,11.3100004196167,11.3100004196167,11.3100004196167,9.663233757019043,0.0,MFSF
2012-08-29,15.109999656677244,15.289999961853027,15.109999656677244,15.279999732971193,9.84753131866455,23000.0,MFT
2012-08-29,7.329999923706055,7.329999923706055,7.25,7.28000020980835,3.444803476333618,13900.0,MFV
2012-08-29,21.57999992370605,21.950000762939453,21.549999237060547,21.86000061035156,21.86000061035156,56900.0,MG
2012-08-29,22.26000022888184,22.26000022888184,22.030000686645508,22.190000534057614,17.67074203491211,1129000.0,MGA
2012-08-29,33.22666549682617,33.96666717529297,33.0,33.506668090820305,27.97390937805176,56200.0,MGEE
2012-08-29,7.199999809265138,7.360000133514403,7.179999828338622,7.329999923706055,4.08861780166626,150300.0,MGF
2012-08-29,16.329999923706055,16.59000015258789,16.149999618530273,16.450000762939453,16.450000762939453,61300.0,MGI
2012-08-29,4.489999771118164,4.559999942779541,4.25,4.5,3.548893690109253,74600.0,MGIC
2012-08-29,49.36000061035156,49.93999862670898,48.7400016784668,49.63000106811523,49.63000106811523,220700.0,MGLN
2012-08-29,10.09000015258789,10.170000076293944,10.0600004196167,10.149999618530273,9.596184730529783,5018200.0,MGM
2012-08-29,10.100000381469727,10.100000381469727,10.100000381469727,10.100000381469727,7.938130378723144,0.0,MGP
2012-08-29,3.4300000667572017,3.4300000667572017,3.2799999713897705,3.359999895095825,3.138426780700684,6600.0,MGPI
2012-08-29,25.18000030517578,25.35000038146973,24.84000015258789,25.31999969482422,20.367828369140625,44300.0,MGRC
2012-08-29,18.780000686645508,18.850000381469727,18.739999771118164,18.82999992370605,11.071447372436523,73400.0,MGU
2012-08-29,4.75,4.75,4.75,4.75,4.75,0.0,MGYR
2012-08-29,18.100000381469727,18.309999465942386,18.100000381469727,18.309999465942386,11.565467834472654,25800.0,MHD
2012-08-29,14.970000267028807,15.050000190734865,14.970000267028807,15.050000190734865,10.476802825927734,700.0,MHE
2012-08-29,8.210000038146973,8.289999961853027,8.199999809265138,8.239999771118164,5.850541114807129,55800.0,MHF
2012-08-29,2.1559998989105225,2.1600000858306885,2.1559998989105225,2.1600000858306885,1.558774471282959,1200.0,MHH
2012-08-29,15.8100004196167,15.949999809265135,15.800000190734865,15.93000030517578,9.96640396118164,78100.0,MHI
2012-08-29,71.91999816894531,72.94999694824219,71.9000015258789,72.37000274658203,72.37000274658203,244800.0,MHK
2012-08-29,25.920000076293945,26.040000915527344,25.649999618530273,25.93000030517578,15.30956745147705,9400.0,MHLA
2012-08-29,9.079999923706056,9.1899995803833,9.079999923706056,9.149999618530273,6.826249122619629,106000.0,MHLD
2012-08-29,15.949999809265135,16.0,15.93000030517578,15.979999542236328,10.731857299804688,97600.0,MHN
2012-08-29,18.530000686645508,18.71999931335449,18.38999938964844,18.46999931335449,18.46999931335449,90900.0,MHO
2012-08-29,42.11999893188477,42.27000045776367,42.0,42.18000030517578,23.701290130615234,84700.0,MIC
2012-08-29,2.359999895095825,2.5299999713897705,2.359999895095825,2.5299999713897705,2.5299999713897705,2700.0,MICR
2012-08-29,37.72000122070313,38.040000915527344,37.5966682434082,37.7599983215332,37.7599983215332,278100.0,MIDD
2012-08-29,6.550000190734862,6.559999942779541,6.510000228881836,6.519999980926514,3.2653110027313232,315500.0,MIN
2012-08-29,16.15999984741211,16.200000762939453,15.350000381469727,15.479999542236328,15.479999542236328,86700.0,MIND
2012-08-29,17.34000015258789,17.479999542236328,17.0,17.180000305175778,14.550084114074707,266100.0,MINI
2012-08-29,4.829999923706055,4.860000133514403,4.579999923706055,4.710000038146973,4.710000038146973,443100.0,MITK
2012-08-29,23.649999618530273,23.78000068664551,23.59000015258789,23.60000038146973,9.290696144104004,492100.0,MITT
2012-08-29,15.56999969482422,15.699999809265135,15.56999969482422,15.640000343322756,10.249865531921387,28900.0,MIY
2012-08-29,61.38000106811523,61.5099983215332,61.13999938964844,61.4000015258789,53.081214904785156,262400.0,MKC
2012-08-29,435.20001220703125,435.9599914550781,432.2699890136719,433.0,433.0,5900.0,MKL
2012-08-29,27.209999084472656,27.45000076293945,27.10000038146973,27.170000076293945,24.20146369934082,145000.0,MKSI
2012-08-29,32.310001373291016,32.720001220703125,32.240001678466804,32.68000030517578,30.58541488647461,149000.0,MKTX
2012-08-29,47.5,47.61999893188477,46.56999969482422,47.52000045776367,45.43741226196289,17200.0,MLAB
2012-08-29,12.09000015258789,12.100000381469727,11.899999618530273,11.989999771118164,9.557861328125,2563100.0,MLCO
2012-08-29,19.850000381469727,20.020000457763672,19.770000457763672,19.8799991607666,17.104267120361328,172600.0,MLHR
2012-08-29,21.84000015258789,21.895000457763672,21.59000015258789,21.850000381469727,18.12156105041504,137800.0,MLI
2012-08-29,78.37999725341797,78.38999938964844,75.94999694824219,76.80000305175781,70.43522644042969,483600.0,MLM
2012-08-29,116.72000122070312,117.4000015258789,115.18000030517578,115.95999908447266,115.95999908447266,566300.0,MLNX
2012-08-29,3.390000104904175,3.400000095367432,3.390000104904175,3.400000095367432,3.400000095367432,2000.0,MLP
2012-08-29,29.5,29.5,29.5,29.5,18.41473388671875,0.0,MLPG
2012-08-29,33.459999084472656,33.459999084472656,33.06999969482422,33.139999389648445,21.01653289794922,149300.0,MLPI
2012-08-29,16.520000457763672,16.520000457763672,16.520000457763672,16.520000457763672,8.536881446838379,300.0,MLPY
2012-08-29,15.609999656677244,15.630000114440918,15.399999618530273,15.460000038146973,12.318282127380373,12900.0,MLR
2012-08-29,0.44999998807907104,0.44999998807907104,0.44999998807907104,0.44999998807907104,0.44999998807907104,0.0,MLSS
2012-08-29,8.141049385070799,8.141049385070799,8.141049385070799,8.141049385070799,8.141049385070799,0.0,MLVF
2012-08-29,1.2999999523162842,1.399999976158142,1.2999999523162842,1.350000023841858,1.350000023841858,7000.0,MMAC
2012-08-29,34.029998779296875,34.189998626708984,33.84000015258789,34.029998779296875,28.83174705505371,1335500.0,MMC
2012-08-29,19.96999931335449,20.239999771118164,19.8700008392334,20.13999938964844,12.509264945983887,25300.0,MMD
2012-08-29,33.080001831054695,33.689998626708984,33.0,33.419998168945305,14.030356407165527,28600.0,MMLP
2012-08-29,92.5,92.8000030517578,92.3000030517578,92.43000030517578,75.91785430908203,1736000.0,MMM
2012-08-29,41.18999862670898,41.2400016784668,40.875,40.96500015258789,28.6654109954834,516800.0,MMP
2012-08-29,27.06999969482422,27.40500068664551,26.88500022888184,27.22500038146973,25.905895233154297,321800.0,MMS
2012-08-29,14.25,14.359999656677244,13.479999542236328,14.3100004196167,14.3100004196167,183400.0,MMSI
2012-08-29,7.260000228881836,7.269999980926514,7.239999771118164,7.269999980926514,3.8028252124786377,146200.0,MMT
2012-08-29,14.449999809265135,14.579999923706055,14.449999809265135,14.56999969482422,9.624183654785156,40300.0,MMU
2012-08-29,14.25,14.34000015258789,13.699999809265135,14.0,14.0,95700.0,MMYT
2012-08-29,11.949999809265135,12.119999885559082,11.899999618530273,11.93000030517578,7.110785484313965,19600.0,MN
2012-08-29,1.7200000286102295,1.7400000095367432,1.7100000381469729,1.7400000095367432,0.7074172496795654,4300.0,MNDO
2012-08-29,15.199999809265135,15.279999732971193,15.199999809265135,15.279999732971193,10.859223365783693,1900.0,MNE
2012-08-29,14.0,14.550000190734865,13.800000190734865,13.899999618530273,13.899999618530273,626400.0,MNKD
2012-08-29,1.950000047683716,2.049999952316284,1.830000042915344,1.830000042915344,1.830000042915344,3300.0,MNOV
2012-08-29,16.670000076293945,16.790000915527347,16.629999160766598,16.780000686645508,11.247895240783693,33500.0,MNP
2012-08-29,11.25,11.369999885559082,11.210000038146973,11.279999732971193,7.416579723358153,38500.0,MNR
2012-08-29,34.36999893188477,34.36999893188477,33.11999893188477,33.84000015258789,31.034423828125,217000.0,MNRO
2012-08-29,3.7619047164916988,3.857142925262451,3.7619047164916988,3.857142925262451,3.857142925262451,8200.0,MNSB
2012-08-29,19.786666870117188,19.933332443237305,19.700000762939453,19.76000022888184,19.76000022888184,6628500.0,MNST
2012-08-29,14.5,14.800000190734865,14.489999771118164,14.649999618530273,14.649999618530273,351200.0,MNTA
2012-08-29,7.519999980926514,7.6599998474121085,7.300000190734862,7.320000171661378,7.320000171661378,58800.0,MNTX
2012-08-29,34.630001068115234,34.759998321533196,34.529998779296875,34.59000015258789,23.60719108581543,7560700.0,MO
2012-08-29,7.019999980926514,7.0999999046325675,6.980000019073486,7.050000190734862,7.050000190734862,147900.0,MOD
2012-08-29,21.84000015258789,21.84000015258789,21.75,21.84000015258789,18.260574340820312,2300.0,MOFG
2012-08-29,24.479999542236328,25.040000915527344,24.420000076293945,24.61000061035156,24.61000061035156,384100.0,MOH
2012-08-29,0.20000000298023224,0.20000000298023224,0.20000000298023224,0.20000000298023224,0.19695107638835907,400.0,MOMO
2012-08-29,59.099998474121094,59.59000015258789,58.58000183105469,59.290000915527344,54.92475509643555,69700.0,MORN
2012-08-29,56.72000122070313,58.06999969482422,56.47999954223633,57.81000137329102,49.74005889892578,3727900.0,MOS
2012-08-29,672.0,706.0,658.0,690.0,690.0,400.0,MOSY
2012-08-29,34.360000610351555,35.34000015258789,34.240001678466804,35.209999084472656,30.909780502319336,603100.0,MOV
2012-08-29,15.9399995803833,16.069999694824222,15.93000030517578,16.030000686645508,10.612483978271484,11400.0,MPA
2012-08-29,4.900000095367432,4.989999771118164,4.900000095367432,4.9099998474121085,4.9099998474121085,51300.0,MPAA
2012-08-29,9.960000038146973,10.0,9.949999809265137,9.960000038146973,8.250236511230469,4700.0,MPB
2012-08-29,24.95499992370605,25.11000061035156,24.81999969482422,24.86000061035156,19.08314514160156,3183400.0,MPC
2012-08-29,15.109999656677244,15.109999656677244,15.0,15.050000190734865,8.520888328552246,4600.0,MPV
2012-08-29,10.229999542236328,10.289999961853027,10.199999809265137,10.279999732971193,6.199904918670653,537800.0,MPW
2012-08-29,22.25,22.25,21.799999237060547,21.8799991607666,19.5293083190918,295900.0,MPWR
2012-08-29,5.8499999046325675,5.949999809265138,5.8400001525878915,5.949999809265138,4.980893611907959,10000.0,MPX
2012-08-29,14.34000015258789,14.489999771118164,14.34000015258789,14.4399995803833,9.42058563232422,56800.0,MQT
2012-08-29,17.670000076293945,17.670000076293945,17.430000305175778,17.5,11.406535148620605,82300.0,MQY
2012-08-29,22.399999618530273,22.75,21.979999542236328,22.53000068664551,22.53000068664551,158000.0,MRC
2012-08-29,9.720000267028807,9.920000076293944,9.619999885559082,9.829999923706056,9.457605361938477,70500.0,MRCY
2012-08-29,42.95000076293945,43.2400016784668,42.68999862670898,43.060001373291016,33.67169189453125,7608100.0,MRK
2012-08-29,168.0,168.0,156.0,168.0,168.0,0.0,MRKR
2012-08-29,16.879999160766598,17.079999923706055,16.649999618530273,16.889999389648438,11.478191375732422,32100.0,MRLN
2012-08-29,31.979900360107425,32.95009994506836,31.979900360107425,32.33919906616211,32.33919906616211,11132.0,MRNS
2012-08-29,27.959999084472656,27.989999771118164,27.51000022888184,27.670000076293945,24.03224754333496,5670400.0,MRO
2012-08-29,7.039999961853027,7.119999885559082,7.004000186920166,7.035999774932861,6.281923294067383,155500.0,MRTN
2012-08-29,10.279999732971193,10.600000381469727,10.279999732971193,10.479999542236328,9.187999725341797,15275300.0,MRVL
2012-08-29,14.649999618530273,14.960000038146973,14.56999969482422,14.8100004196167,12.86461067199707,28938700.0,MS
2012-08-29,35.650001525878906,35.88999938964844,35.29999923706055,35.72999954223633,30.19819450378418,53100.0,MSA
2012-08-29,26.70000076293945,26.959999084472656,25.57999992370605,25.60000038146973,13.311951637268065,87100.0,MSB
2012-08-29,5.789999961853027,5.789999961853027,5.75,5.75,5.188133716583252,1000.0,MSBF
2012-08-29,35.27000045776367,35.439998626708984,35.040000915527344,35.310001373291016,32.98354339599609,270400.0,MSCI
2012-08-29,11.890000343322756,11.890000343322756,11.84000015258789,11.850000381469727,7.083680152893066,42300.0,MSD
2012-08-29,18.88999938964844,18.88999938964844,18.700000762939453,18.799999237060547,15.196636199951172,31000.0,MSEX
2012-08-29,30.649999618530273,30.75,30.440000534057614,30.649999618530273,25.71417808532715,23346800.0,MSFT
2012-08-29,12.850665092468262,12.962514877319336,12.69951629638672,12.817412376403807,12.817412376403807,955300.0,MSGN
2012-08-29,47.72000122070313,48.18999862670898,47.56000137329102,48.13000106811523,41.29368591308594,1041500.0,MSI
2012-08-29,69.51999664306639,69.52999877929689,68.33999633789061,68.93000030517578,53.67596054077149,297400.0,MSM
2012-08-29,2.0299999713897705,2.0299999713897705,2.009999990463257,2.009999990463257,0.9107812643051147,800.0,MSN
2012-08-29,3.1800000667572017,3.3399999141693115,3.150000095367432,3.2799999713897705,3.2799999713897705,16200.0,MSON
2012-08-29,125.66000366210938,127.72000122070312,125.66000366210938,126.55999755859376,126.55999755859376,139200.0,MSTR
2012-08-29,5.967604637145996,5.967604637145996,5.967604637145996,5.967604637145996,5.5970458984375,0.0,MSVB
2012-08-29,45.09000015258789,45.11999893188477,44.310001373291016,44.459999084472656,41.26680374145508,1382600.0,MT
2012-08-29,0.5400000214576721,0.5400000214576721,0.5400000214576721,0.5400000214576721,0.5347838401794434,28021.0,MTA
2012-08-29,88.41999816894531,88.7300033569336,88.26000213623047,88.5199966430664,73.78253936767578,2012200.0,MTB
2012-08-29,0.14000000059604645,0.14000000059604645,0.119999997317791,0.119999997317791,0.119999997317791,191867.0,MTC
2012-08-29,165.3000030517578,167.42999267578125,164.39999389648438,164.5500030517578,164.5500030517578,138100.0,MTD
2012-08-29,10.06999969482422,10.210000038146973,9.899999618530273,9.960000038146973,9.960000038146973,263900.0,MTDR
2012-08-29,91.08000183105469,92.18000030517578,89.87000274658203,90.52999877929688,90.52999877929688,44300.0,MTEM
2012-08-29,6.389999866485597,6.389999866485597,6.389999866485597,6.389999866485597,5.369160175323486,500.0,MTEX
2012-08-29,1.190000057220459,1.2200000286102295,1.1799999475479126,1.2100000381469729,1.193941950798035,2884200.0,MTG
2012-08-29,36.040000915527344,36.560001373291016,35.66999816894531,36.22000122070313,36.22000122070313,430200.0,MTH
2012-08-29,11.65999984741211,11.68000030517578,11.34000015258789,11.539999961853027,11.539999961853027,1282900.0,MTL
2012-08-29,52.709999084472656,52.88999938964844,52.4000015258789,52.54999923706055,43.87307357788086,79600.0,MTN
2012-08-29,4.420000076293945,4.46999979019165,4.369999885559082,4.400000095367432,4.400000095367432,683700.0,MTOR
2012-08-29,26.46999931335449,27.270000457763672,26.25,26.25,13.330070495605467,8600.0,MTR
2012-08-29,21.020000457763672,21.26000022888184,20.65999984741211,21.11000061035156,19.57123565673828,87500.0,MTRN
2012-08-29,11.729999542236328,11.960000038146973,11.460000038146973,11.880000114440918,11.880000114440918,101700.0,MTRX
2012-08-29,50.6500015258789,51.02999877929688,50.43999862670898,50.54999923706055,42.48772048950195,34400.0,MTSC
2012-08-29,11.270000457763672,11.270000457763672,11.109999656677246,11.149999618530273,11.149999618530273,21100.0,MTSI
2012-08-29,2.799999952316284,2.869999885559082,2.609999895095825,2.869999885559082,2.869999885559082,210600.0,MTSL
2012-08-29,22.86000061035156,22.95000076293945,22.790000915527344,22.920000076293945,16.346845626831055,25300.0,MTT
2012-08-29,11.540273666381836,11.839197158813475,11.485923767089846,11.712380409240724,11.500972747802734,2175200.0,MTW
2012-08-29,33.59999847412109,33.889999389648445,33.009998321533196,33.84000015258789,32.973602294921875,143000.0,MTX
2012-08-29,18.799999237060547,19.040000915527344,18.350000381469727,18.450000762939453,18.450000762939453,924500.0,MTZ
2012-08-29,6.21999979019165,6.289999961853027,6.170000076293945,6.199999809265138,6.199999809265138,16111300.0,MU
2012-08-29,13.5,13.630000114440918,13.5,13.630000114440918,9.238106727600098,44300.0,MUA
2012-08-29,16.5,16.579999923706055,16.440000534057614,16.579999923706055,11.171294212341307,89300.0,MUC
2012-08-29,15.039999961853027,15.109999656677244,15.039999961853027,15.09000015258789,9.828288078308104,46500.0,MUE
2012-08-29,4.610000133514403,4.630000114440918,4.599999904632568,4.619999885559082,3.703870296478272,481200.0,MUFG
2012-08-29,16.979999542236328,17.15999984741211,16.979999542236328,17.120000839233402,10.872222900390623,30700.0,MUH
2012-08-29,16.799999237060547,16.959999084472653,16.799999237060547,16.959999084472653,11.358256340026855,48000.0,MUI
2012-08-29,16.030000686645508,16.030000686645508,15.93000030517578,15.970000267028807,10.468889236450195,31300.0,MUJ
2012-08-29,45.73402404785156,45.73402404785156,44.68911743164063,45.008636474609375,34.617382049560554,1478000.0,MUR
2012-08-29,15.5,15.520000457763672,15.329999923706055,15.40999984741211,9.982645988464355,42200.0,MUS
2012-08-29,3.9049999713897705,3.9600000381469727,3.7799999713897705,3.809999942779541,3.722547769546509,1246800.0,MUX
2012-08-29,11.75,11.75,11.75,11.75,11.138407707214355,0.0,MVBF
2012-08-29,12.5,12.65999984741211,12.5,12.630000114440918,8.225570678710938,41000.0,MVC
2012-08-29,11.149999618530273,11.279999732971193,11.149999618530273,11.279999732971193,7.154386520385742,78200.0,MVF
2012-08-29,2.6700000762939453,2.6800000667572017,2.4100000858306885,2.4800000190734863,2.4800000190734863,496000.0,MVIS
2012-08-29,34.279998779296875,34.330001831054695,33.84999847412109,34.080001831054695,14.041945457458494,50800.0,MVO
2012-08-29,17.030000686645508,17.239999771118164,17.030000686645508,17.219999313354492,10.993963241577148,37800.0,MVT
2012-08-29,3.9800000190734863,4.0,3.890000104904175,4.0,3.636539459228516,359100.0,MWA
2012-08-29,38.31499862670898,38.31499862670898,38.31499862670898,38.31499862670898,38.31499862670898,0.0,MWK
2012-08-29,13.8100004196167,13.949999809265135,13.699999809265135,13.90999984741211,13.90999984741211,53300.0,MX
2012-08-29,6.289999961853027,6.289999961853027,6.201000213623048,6.201000213623048,6.201000213623048,500.0,MXC
2012-08-29,12.270000457763672,12.270000457763672,12.0600004196167,12.109999656677244,9.805724143981934,13600.0,MXE
2012-08-29,24.979999542236328,25.11000061035156,24.82999992370605,25.06999969482422,14.427618980407715,38800.0,MXF
2012-08-29,26.959999084472656,27.3799991607666,26.88999938964844,27.1200008392334,21.21208000183105,2776100.0,MXIM
2012-08-29,5.940000057220459,6.039999961853027,5.889999866485597,5.9099998474121085,5.9099998474121085,214200.0,MXL
2012-08-29,16.680000305175778,16.819999694824222,16.680000305175778,16.809999465942386,10.832209587097168,41200.0,MYC
2012-08-29,16.040000915527347,16.200000762939453,16.020000457763672,16.200000762939453,10.33268928527832,56300.0,MYD
2012-08-29,14.489999771118164,14.59000015258789,14.300000190734865,14.460000038146973,11.46374797821045,102500.0,MYE
2012-08-29,16.120000839233402,16.209999084472653,16.079999923706055,16.190000534057614,10.332235336303713,37500.0,MYF
2012-08-29,24.75,25.170000076293945,24.75,25.10000038146973,25.10000038146973,439200.0,MYGN
2012-08-29,15.65999984741211,15.68000030517578,15.5600004196167,15.65999984741211,10.233133316040039,123000.0,MYI
2012-08-29,16.700000762939453,16.739999771118164,16.649999618530273,16.719999313354492,10.850258827209473,16500.0,MYJ
2012-08-29,23.399999618530273,23.709999084472656,23.34000015258789,23.61000061035156,23.61000061035156,2538400.0,MYL
2012-08-29,14.9399995803833,14.970000267028807,14.850000381469727,14.949999809265135,10.097004890441896,52100.0,MYN
2012-08-29,13.0,13.0,12.0,12.949999809265135,12.949999809265135,1200.0,MYOS
2012-08-29,20.76000022888184,20.770000457763672,20.26000022888184,20.3799991607666,20.3799991607666,165100.0,MYRG
2012-08-29,15.390000343322756,15.390000343322756,15.140000343322756,15.140000343322756,10.421810150146484,6100.0,MZA
2012-08-29,15.390000343322756,15.489999771118164,15.359999656677244,15.479999542236328,10.08090591430664,37000.0,NAC
2012-08-29,15.270000457763672,15.350000381469727,15.229999542236328,15.350000381469727,9.956143379211426,89500.0,NAD
2012-08-29,6.53000020980835,6.53000020980835,6.170000076293945,6.170000076293945,6.170000076293945,1800.0,NAII
2012-08-29,2.9800000190734863,2.9800000190734863,2.700000047683716,2.880000114440918,2.880000114440918,459000.0,NAK
2012-08-29,15.510000228881836,15.699999809265135,15.5,15.649999618530273,10.613871574401855,25700.0,NAN
2012-08-29,11.34904956817627,11.427319526672365,11.251213073730467,11.280564308166506,6.258135318756104,324200.0,NAT
2012-08-29,32.56999969482422,33.150001525878906,32.400001525878906,32.639999389648445,19.59571075439453,6600.0,NATH
2012-08-29,26.239999771118164,26.40999984741211,25.979999542236328,26.170000076293945,21.955020904541016,200900.0,NATI
2012-08-29,15.06999969482422,15.5,14.890000343322756,15.380000114440918,11.182296752929688,68700.0,NATR
2012-08-29,22.76000022888184,22.86000061035156,22.059999465942386,22.5,22.5,1317200.0,NAV
2012-08-29,77.19999694824219,77.19999694824219,74.0,74.4000015258789,74.4000015258789,46900.0,NAVB
2012-08-29,15.699999809265135,15.760000228881836,15.65999984741211,15.699999809265135,10.802239418029783,3200.0,NAZ
2012-08-29,21.440000534057614,21.46999931335449,21.31999969482422,21.450000762939453,13.274514198303224,75400.0,NBB
2012-08-29,15.979999542236328,16.309999465942386,15.979999542236328,16.280000686645508,10.77097225189209,36800.0,NBH
2012-08-29,7.239999771118164,7.440000057220459,7.239999771118164,7.420000076293945,7.420000076293945,151200.0,NBIX
2012-08-29,43.75500106811523,43.95500183105469,43.35499954223633,43.63000106811523,39.21100234985352,1388400.0,NBL
2012-08-29,8.680000305175781,8.699999809265138,8.520000457763674,8.560000419616701,7.878767490386963,11300.0,NBN
2012-08-29,15.050000190734865,15.34000015258789,15.050000190734865,15.289999961853027,10.76577091217041,18800.0,NBO
2012-08-29,15.020000457763672,15.050000190734865,14.609999656677244,14.829999923706055,12.372564315795898,4939400.0,NBR
2012-08-29,56.40010070800781,56.40010070800781,51.0,55.80009841918945,55.80009841918945,1133.0,NBSE
2012-08-29,21.25,21.46999931335449,21.049999237060547,21.36000061035156,16.672657012939453,45600.0,NBTB
2012-08-29,15.739999771118164,16.040000915527347,15.739999771118164,16.040000915527347,11.194256782531738,14700.0,NBW
2012-08-29,30.75,31.25,29.0,29.25,29.25,4600.0,NBY
2012-08-29,7.7717342376708975,7.977061748504639,7.770984649658202,7.915613651275635,5.126905918121338,127800.0,NC
2012-08-29,10.260000228881836,10.34000015258789,10.15999984741211,10.210000038146973,7.350962162017822,50100.0,NCA
2012-08-29,16.40999984741211,16.459999084472653,16.370000839233402,16.459999084472653,11.138014793395996,4200.0,NCB
2012-08-29,14.149999618530273,14.460000038146973,13.970000267028807,14.4399995803833,7.847797870635986,82700.0,NCMI
2012-08-29,22.36000061035156,22.56999969482422,22.190000534057614,22.5,22.5,1350200.0,NCR
2012-08-29,14.520000457763672,14.579999923706055,14.06999969482422,14.06999969482422,14.06999969482422,400.0,NCTY
2012-08-29,9.149999618530273,9.18000030517578,9.109999656677246,9.18000030517578,3.7820658683776855,138000.0,NCV
2012-08-29,8.569999694824219,8.569999694824219,8.489999771118164,8.520000457763674,3.390676259994507,130300.0,NCZ
2012-08-29,23.149999618530273,23.20000076293945,22.93000030517578,23.0,20.012643814086914,1171300.0,NDAQ
2012-08-29,25.01000022888184,25.06999969482422,25.0,25.06999969482422,10.834023475646973,91800.0,NDP
2012-08-29,59.47999954223633,59.86999893188477,58.63999938964844,59.27999877929688,54.52278900146485,278400.0,NDSN
2012-08-29,33.942306518554695,33.942306518554695,32.832168579101555,33.22552490234375,27.46517562866211,2339900.0,NE
2012-08-29,15.260000228881836,15.40999984741211,15.229999542236328,15.399999618530273,10.126243591308594,59100.0,NEA
2012-08-29,67.90000152587889,68.12000274658203,67.58000183105469,67.75,53.75957489013672,1557000.0,NEE
2012-08-29,48.84000015258789,49.06999969482422,48.33000183105469,48.47000122070313,42.11087417602539,4726100.0,NEM
2012-08-29,28.90999984741211,28.90999984741211,28.90999984741211,28.90999984741211,24.583742141723636,0.0,NEN
2012-08-29,2.859999895095825,2.900000095367432,2.8299999237060547,2.869999885559082,2.869999885559082,113900.0,NEO
2012-08-29,19.154788970947266,19.534883499145508,19.004751205444336,19.154788970947266,19.154788970947266,186400.0,NEOG
2012-08-29,42.0,42.400001525878906,40.79999923706055,41.29999923706055,41.29999923706055,7400.0,NEON
2012-08-29,10.890000343322754,10.890000343322754,10.350000381469727,10.619999885559082,10.619999885559082,1299.0,NEPH
2012-08-29,4.510000228881836,4.559999942779541,4.4099998474121085,4.5,4.5,92600.0,NEPT
2012-08-29,1.2000000476837158,1.2000000476837158,1.0,1.2000000476837158,1.2000000476837158,3913.0,NET
2012-08-29,7.0,7.0,7.0,7.0,7.0,0.0,NETE
2012-08-29,245.9900054931641,247.0,244.6000061035156,245.5200042724609,218.56671142578125,23000.0,NEU
2012-08-29,15.619999885559082,15.760000228881836,15.619999885559082,15.6899995803833,10.04430866241455,48000.0,NEV
2012-08-29,27.25,27.25,25.0,25.25,25.25,188300.0,NEW
2012-08-29,8.800000190734863,9.100000381469727,8.800000190734863,8.949999809265137,4.450935363769531,5600.0,NEWT
2012-08-29,2.9470000267028813,2.9470000267028813,2.9470000267028813,2.9470000267028813,2.9470000267028813,0.0,NEX
2012-08-29,0.36000001430511475,0.3650000095367432,0.3199999928474426,0.3350000083446503,0.3350000083446503,861916.0,NEXT
2012-08-29,10.70639419555664,10.777674674987793,10.699265480041504,10.763418197631836,8.94218635559082,23100.0,NFBK
2012-08-29,870.6719970703125,870.6719970703125,777.8590087890625,786.698974609375,786.698974609375,1911.0,NFE
2012-08-29,50.599998474121094,50.790000915527344,50.290000915527344,50.43999862670898,40.26525115966797,207400.0,NFG
2012-08-29,17.239999771118164,17.370000839233402,17.239999771118164,17.239999771118164,8.344449996948242,285900.0,NFJ
2012-08-29,9.007143020629883,9.12142848968506,8.935714721679688,9.062856674194336,9.062856674194336,15660400.0,NFLX
2012-08-29,4.510000228881836,4.550000190734863,4.420000076293945,4.480000019073486,4.480000019073486,1324500.0,NG
2012-08-29,11.039999961853027,11.06999969482422,10.640000343322754,10.710000038146973,10.710000038146973,1571800.0,NGD
2012-08-29,59.93449783325195,60.01091766357422,59.628822326660156,59.73799133300781,40.8394660949707,182400.0,NGG
2012-08-29,26.0,26.0,25.559999465942386,25.559999465942386,11.800795555114744,8000.0,NGL
2012-08-29,13.869999885559082,13.979999542236328,13.630000114440918,13.920000076293945,13.920000076293945,18200.0,NGS
2012-08-29,20.81999969482422,21.809999465942386,20.5,20.5,20.14785385131836,259900.0,NGVC
2012-08-29,43.97000122070313,45.41999816894531,43.72000122070313,45.18000030517578,35.91624450683594,9800.0,NHC
2012-08-29,26.20000076293945,26.63999938964844,26.20000076293945,26.479999542236328,7.583761692047119,52200.0,NHF
2012-08-29,52.20000076293945,52.38999938964844,51.88999938964844,52.18000030517578,34.65666961669922,87800.0,NHI
2012-08-29,1.2000000476837158,1.2000000476837158,1.2000000476837158,1.2000000476837158,1.2000000476837158,0.0,NHLD
2012-08-29,14.630000114440918,14.75,14.619999885559082,14.739999771118164,7.925549507141112,55900.0,NHS
2012-08-29,1.100000023841858,1.100000023841858,1.100000023841858,1.100000023841858,0.7801473140716553,100.0,NHTC
2012-08-29,9.591355323791504,9.618860244750977,9.544204711914062,9.575638771057127,6.698055744171143,4888900.0,NI
2012-08-29,35.34000015258789,35.439998626708984,35.060001373291016,35.33000183105469,35.33000183105469,93200.0,NIB
2012-08-29,31.06999969482422,31.71999931335449,31.06999969482422,31.46999931335449,29.825942993164066,132100.0,NICE
2012-08-29,13.479999542236328,13.880000114440918,13.479999542236328,13.8100004196167,13.345399856567385,23300.0,NICK
2012-08-29,17.430000305175778,17.440000534057614,17.350000381469727,17.350000381469727,9.602222442626953,58600.0,NIE
2012-08-29,10.710000038146973,10.84000015258789,10.710000038146973,10.84000015258789,8.476822853088379,8900.0,NIM
2012-08-29,22.85000038146973,22.920000076293945,22.72500038146973,22.79999923706055,16.04755973815918,321200.0,NJR
2012-08-29,16.319999694824222,16.370000839233402,16.319999694824222,16.360000610351562,10.578814506530762,2200.0,NJV
2012-08-29,24.739999771118164,24.75,24.552499771118164,24.67250061035156,20.953996658325195,9468000.0,NKE
2012-08-29,14.65999984741211,14.75,14.630000114440918,14.699999809265135,10.462789535522461,8100.0,NKG
2012-08-29,31.36000061035156,31.8799991607666,31.01000022888184,31.8799991607666,25.03178405761719,4900.0,NKSH
2012-08-29,8.5,8.649999618530272,8.460000038146973,8.550000190734862,8.550000190734862,524000.0,NKTR
2012-08-29,15.170000076293945,15.3100004196167,15.119999885559082,15.229999542236328,10.063103675842283,73800.0,NKX
2012-08-29,12.079999923706055,12.380000114440918,12.079999923706055,12.220000267028807,11.310837745666506,16300.0,NL
2012-08-29,2.390000104904175,2.440000057220459,2.3499999046325684,2.3499999046325684,2.3499999046325684,132400.0,NLS
2012-08-29,28.0,28.26000022888184,27.809999465942386,28.06999969482422,22.185083389282227,980400.0,NLSN
2012-08-29,17.209999084472653,17.34000015258789,17.209999084472653,17.260000228881836,7.081674575805664,4634200.0,NLY
2012-08-29,35.79999923706055,35.79999923706055,35.09999847412109,35.5,30.221851348876953,14400.0,NM
2012-08-29,14.65999984741211,14.880000114440918,14.609999656677244,14.75,6.741353988647461,81100.0,NMFC
2012-08-29,12.510000228881836,12.550000190734865,12.300000190734865,12.40999984741211,8.824250221252441,13600.0,NMI
2012-08-29,214.3500061035156,216.0,213.0,214.5,192.3478546142578,10800.0,NMM
2012-08-29,3.4100000858306885,3.4100000858306885,3.380000114440918,3.390000104904175,2.6941254138946533,42900.0,NMR
2012-08-29,14.970000267028807,15.109999656677244,14.970000267028807,15.079999923706055,10.547892570495604,7000.0,NMT
2012-08-29,15.130000114440918,15.279999732971193,15.06999969482422,15.210000038146973,10.515399932861328,54000.0,NMY
2012-08-29,13.699999809265135,13.75,13.630000114440918,13.729999542236328,8.539856910705566,40900.0,NMZ
2012-08-29,40.79999923706055,40.95000076293945,39.29999923706055,40.5,31.294544219970703,300.0,NNA
2012-08-29,8.380000114440918,8.600000381469728,8.319999694824219,8.470000267028809,7.547513961791992,105700.0,NNBR
2012-08-29,23.899999618530273,23.959999084472656,23.63999938964844,23.81999969482422,21.823930740356445,59500.0,NNI
2012-08-29,30.979999542236328,31.170000076293945,30.93000030517578,31.01000022888184,22.14546012878418,650200.0,NNN
2012-08-29,53.9000015258789,56.0,49.70000076293945,51.099998474121094,51.099998474121094,9200.0,NNVC
2012-08-29,10.199999809265137,10.300000190734863,10.170000076293944,10.289999961853027,7.642496585845947,31200.0,NNY
2012-08-29,2.75,2.8399999141693115,2.740000009536743,2.75,2.3802330493927,80100.0,NOA
2012-08-29,4.760000228881836,4.800000190734863,4.599999904632568,4.789999961853027,4.702908992767334,20100.0,NOAH
2012-08-29,67.16999816894531,67.48999786376953,67.0,67.25,58.34711074829102,1416300.0,NOC
2012-08-29,17.020000457763672,17.079999923706055,16.680000305175778,16.709999084472653,16.709999084472653,285800.0,NOG
2012-08-29,2.9300000667572017,2.9600000381469727,2.7799999713897705,2.900000095367432,2.4077534675598145,91130800.0,NOK
2012-08-29,17.440000534057614,17.440000534057614,17.440000534057614,17.440000534057614,12.441102027893065,200.0,NOM
2012-08-29,69.6573486328125,69.82867431640625,69.20648956298828,69.56717681884766,61.38291931152344,3013100.0,NOV
2012-08-29,9.010000228881836,9.100000381469727,8.949999809265137,8.989999771118164,8.989999771118164,85000.0,NOVT
2012-08-29,29.38999938964844,29.790000915527344,29.25,29.489999771118164,29.489999771118164,116600.0,NOW
2012-08-29,27.670000076293945,28.040000915527344,27.46999931335449,27.76000022888184,23.746339797973636,78900.0,NP
2012-08-29,0.02500000037252903,0.02500000037252903,0.02500000037252903,0.02500000037252903,0.02500000037252903,98000.0,NPA
2012-08-29,73.83000183105469,74.77999877929688,73.0,73.9000015258789,44.99829864501953,18400.0,NPK
2012-08-29,15.649999618530273,15.6899995803833,15.649999618530273,15.6899995803833,10.969533920288086,300.0,NPN
2012-08-29,37.61000061035156,37.88999938964844,37.290000915527344,37.560001373291016,34.816864013671875,112900.0,NPO
2012-08-29,5.789999961853027,5.800000190734862,5.690000057220459,5.730000019073486,5.730000019073486,39100.0,NPTN
2012-08-29,15.869999885559082,16.100000381469727,15.869999885559082,16.079999923706055,11.28590488433838,37200.0,NPV
2012-08-29,15.8100004196167,15.93000030517578,15.8100004196167,15.920000076293945,10.443482398986816,14100.0,NQP
2012-08-29,7.050000190734862,7.130000114440918,6.9000000953674325,7.03000020980835,7.03000020980835,379600.0,NR
2012-08-29,21.170000076293945,21.270000457763672,21.1299991607666,21.200000762939453,18.973125457763672,3040500.0,NRG
2012-08-29,20.1299991607666,20.299999237060547,20.049999237060547,20.280000686645508,16.156265258789062,9200.0,NRIM
2012-08-29,15.109999656677244,15.239999771118164,15.109999656677244,15.170000076293945,10.281044960021973,7200.0,NRK
2012-08-29,4.739999771118164,4.75,4.71999979019165,4.75,2.611384868621826,129700.0,NRO
2012-08-29,213.6000061035156,214.6000061035156,210.6000061035156,211.0,154.92800903320312,13800.0,NRP
2012-08-29,29.0,29.5,28.75,28.770000457763672,14.06715202331543,9100.0,NRT
2012-08-29,51.540000915527344,52.0,51.0,51.25,25.57264518737793,118500.0,NS
2012-08-29,5.232999801635742,5.232999801635742,5.232999801635742,5.232999801635742,4.2097930908203125,0.0,NSA
2012-08-29,73.58999633789062,73.75,73.08999633789062,73.66000366210938,61.46135330200195,1362600.0,NSC
2012-08-29,8.210000038146973,8.210000038146973,8.210000038146973,8.210000038146973,7.447503089904785,0.0,NSEC
2012-08-29,17.719999313354492,17.969999313354492,17.540000915527347,17.899999618530273,17.899999618530273,100000.0,NSIT
2012-08-29,7.230000019073486,7.300000190734862,7.230000019073486,7.300000190734862,4.2871055603027335,103400.0,NSL
2012-08-29,12.130000114440918,12.1899995803833,12.03499984741211,12.164999961853027,9.041285514831543,200200.0,NSP
2012-08-29,74500.0,77000.0,72000.0,77000.0,77000.0,0.0,NSPR
2012-08-29,3.2699999809265137,3.390000104904175,3.25,3.289999961853028,3.289999961853028,6100.0,NSSC
2012-08-29,3.440000057220459,3.440000057220459,3.440000057220459,3.440000057220459,3.440000057220459,0.0,NSYS
2012-08-29,33.950000762939446,35.049999237060554,33.84000015258789,34.93000030517578,30.23214340209961,6774900.0,NTAP
2012-08-29,4700.0,4900.0,4700.0,4900.0,4253.169921875,40100.0,NTB
2012-08-29,23.88999938964844,24.36000061035156,23.690000534057614,24.18000030517578,24.18000030517578,112200.0,NTCT
2012-08-29,51.31999969482422,51.54999923706055,51.04999923706055,51.36999893188477,44.33127212524414,352100.0,NTES
2012-08-29,25.86000061035156,26.059999465942386,25.78000068664551,25.920000076293945,13.380304336547852,70000.0,NTG
2012-08-29,23.88337516784668,23.88337516784668,23.37468910217285,23.436723709106445,23.436723709106445,801600.0,NTGR
2012-08-29,5.065000057220459,5.079999923706055,5.059999942779541,5.074999809265137,4.7475433349609375,7000.0,NTIC
2012-08-29,1.2400000095367432,1.2999999523162842,1.2400000095367432,1.2999999523162842,1.1445434093475342,2200.0,NTIP
2012-08-29,10.0,10.5,9.5,9.5,9.5,0.0,NTN
2012-08-29,9.9399995803833,10.399999618530273,9.539999961853027,9.800000190734863,8.07796573638916,3457100.0,NTP
2012-08-29,6.173999786376952,6.173999786376952,6.173999786376952,6.173999786376952,3.978731393814087,0.0,NTR
2012-08-29,46.38000106811523,46.6500015258789,46.31000137329102,46.38000106811523,38.97056198120117,1111200.0,NTRS
2012-08-29,11.93000030517578,12.039999961853027,11.8100004196167,11.960000038146973,11.960000038146973,140300.0,NTUS
2012-08-29,4.599999904632568,4.650000095367432,4.570000171661377,4.610000133514403,4.610000133514403,59100.0,NTWK
2012-08-29,10.25,10.25,10.050000190734863,10.149999618530273,10.149999618530273,4600.0,NTZ
2012-08-29,20.822511672973636,21.004329681396484,20.77056312561035,20.822511672973636,20.822511672973636,3077800.0,NUAN
2012-08-29,38.36000061035156,38.36999893188477,38.099998474121094,38.2400016784668,30.213712692260746,1644300.0,NUE
2012-08-29,15.479999542236328,15.5600004196167,15.4399995803833,15.539999961853027,10.415210723876953,26000.0,NUM
2012-08-29,18.899999618530273,19.1299991607666,18.770000457763672,18.799999237060547,12.790812492370605,16800.0,NUO
2012-08-29,1382.4000244140625,1401.5999755859375,1344.0,1344.0,1344.0,100.0,NURO
2012-08-29,41.81999969482422,42.13000106811523,41.52000045776367,41.650001525878906,33.811328887939446,590500.0,NUS
2012-08-29,10.279999732971193,10.380000114440918,10.229999542236328,10.380000114440918,7.59338903427124,391500.0,NUV
2012-08-29,21.030000686645508,21.440000534057614,21.030000686645508,21.32999992370605,21.32999992370605,167100.0,NUVA
2012-08-29,17.670000076293945,17.690000534057614,17.530000686645508,17.610000610351562,12.341560363769533,36700.0,NUW
2012-08-29,41.0,41.79999923706055,40.599998474121094,41.599998474121094,41.599998474121094,34100.0,NVAX
2012-08-29,1310.0,1310.0,1310.0,1310.0,1310.0,0.0,NVCN
2012-08-29,14.279999732971193,14.40999984741211,14.25,14.31999969482422,13.179830551147461,6260300.0,NVDA
2012-08-29,55.02000045776367,56.4900016784668,55.02000045776367,56.4900016784668,41.39216613769531,8200.0,NVEC
2012-08-29,12.399999618530273,12.5,12.399999618530273,12.399999618530273,12.399999618530273,500.0,NVFY
2012-08-29,15.460000038146973,15.529999732971193,15.40999984741211,15.529999732971193,10.17161464691162,96200.0,NVG
2012-08-29,29.0,29.0,29.0,29.0,29.0,0.0,NVGS
2012-08-29,6540.0,6600.0,6150.0,6240.0,6240.0,100.0,NVIV
2012-08-29,7.429999828338622,7.539999961853027,7.360000133514403,7.5,7.5,56700.0,NVMI
2012-08-29,31.191999435424805,31.408000946044922,31.167999267578125,31.347999572753906,24.35434150695801,804500.0,NVO
2012-08-29,819.5399780273438,820.3400268554688,811.1500244140625,817.0,817.0,23000.0,NVR
2012-08-29,52.88530349731445,53.0286750793457,52.80466079711914,52.894264221191406,39.169227600097656,1207600.0,NVS
2012-08-29,12.0,12.09000015258789,11.989999771118164,12.079999923706055,8.119970321655272,163700.0,NWBI
2012-08-29,36.29999923706055,36.97000122070313,36.29999923706055,36.599998474121094,27.742149353027344,217400.0,NWE
2012-08-29,16.672727584838867,16.672727584838867,16.490909576416016,16.490909576416016,11.275190353393555,900.0,NWFL
2012-08-29,0.03999999910593033,0.03999999910593033,0.03999999910593033,0.03999999910593033,0.03999999910593033,0.0,NWGI
2012-08-29,17.329999923706055,17.520000457763672,17.229999542236328,17.520000457763672,14.137767791748047,2537200.0,NWL
2012-08-29,141.99000549316406,143.61000061035156,139.72999572753906,140.8800048828125,138.90632629394528,1300.0,NWLI
2012-08-29,49.79999923706055,49.79999923706055,49.56000137329102,49.61000061035156,37.87415313720703,67700.0,NWN
2012-08-29,25.36000061035156,25.940000534057614,24.5,25.739999771118164,25.739999771118164,20200.0,NWPX
2012-08-29,17.690000534057614,17.829999923706055,17.6299991607666,17.670000076293945,16.229082107543945,134500.0,NX
2012-08-29,15.300000190734865,15.40999984741211,15.199999809265135,15.289999961853027,10.800905227661133,16300.0,NXC
2012-08-29,17.5,17.690000534057614,17.370000839233402,17.5,15.126212120056152,706900.0,NXGN
2012-08-29,15.489999771118164,15.59000015258789,15.479999542236328,15.479999542236328,10.358555793762207,10200.0,NXJ
2012-08-29,14.970000267028807,14.970000267028807,14.81999969482422,14.90999984741211,10.928491592407227,17700.0,NXN
2012-08-29,15.510000228881836,15.510000228881836,15.329999923706055,15.40999984741211,11.319289207458494,26600.0,NXP
2012-08-29,23.63999938964844,23.96999931335449,23.229999542236328,23.51000022888184,23.005186080932614,1282300.0,NXPI
2012-08-29,14.600000381469727,14.609999656677244,14.470000267028807,14.520000457763672,10.698348999023438,33600.0,NXQ
2012-08-29,15.18000030517578,15.229999542236328,15.15999984741211,15.210000038146973,11.318747520446776,19500.0,NXR
2012-08-29,8.640000343322754,8.680000305175781,8.590000152587889,8.630000114440918,7.57804536819458,51800.0,NXST
2012-08-29,13.149999618530273,13.229999542236328,13.140000343322756,13.1899995803833,8.480875015258789,1705600.0,NYCB
2012-08-29,6.769999980926514,6.789999961853027,6.71999979019165,6.789999961853027,2.250457525253296,1060200.0,NYMT
2012-08-29,6.300000190734862,6.3499999046325675,6.1599998474121085,6.1599998474121085,6.1599998474121085,24200.0,NYMX
2012-08-29,9.170000076293944,9.329999923706056,9.109999656677246,9.270000457763672,8.688755989074707,548700.0,NYT
2012-08-29,15.529999732971193,15.609999656677244,15.529999732971193,15.609999656677244,11.197508811950684,4900.0,NYV
2012-08-29,15.140000343322756,15.239999771118164,15.140000343322756,15.239999771118164,9.975286483764648,77300.0,NZF
2012-08-29,42.90999984741211,42.95000076293945,42.5,42.650001525878906,30.05211639404297,791900.0,O
2012-08-29,29.63999938964844,29.709999084472656,29.20000076293945,29.29999923706055,29.29999923706055,813100.0,OAS
2012-08-29,5.8499999046325675,5.8499999046325675,5.599999904632568,5.599999904632568,5.599999904632568,200.0,OBAS
2012-08-29,1.8999999761581419,1.9600000381469729,1.8999999761581419,1.9600000381469729,1.8006987571716309,3500.0,OBCI
2012-08-29,33.049999237060554,33.400001525878906,32.630001068115234,33.15999984741211,30.170785903930664,1621200.0,OC
2012-08-29,3.990000009536743,3.990000009536743,3.7799999713897705,3.7999999523162837,3.567167997360229,5900.0,OCC
2012-08-29,3.650000095367432,3.650000095367432,3.650000095367432,3.650000095367432,3.0298070907592773,0.0,OCCI
2012-08-29,14.15999984741211,14.40999984741211,14.0600004196167,14.329999923706055,11.640052795410154,18300.0,OCFC
2012-08-29,24.79999923706055,25.86000061035156,24.79999923706055,25.809999465942386,25.809999465942386,1737400.0,OCN
2012-08-29,10.539999961853027,10.65999984741211,10.520000457763672,10.539999961853027,4.796027660369873,943100.0,OCSL
2012-08-29,23.04999923706055,23.07999992370605,22.70000076293945,23.03000068664551,18.920690536499023,2800.0,ODC
2012-08-29,20.128889083862305,20.195554733276367,19.8799991607666,20.08888816833496,19.797245025634766,780300.0,ODFL
2012-08-29,1.5299999713897705,1.5399999618530271,1.5199999809265137,1.5299999713897705,1.3341509103775024,3578900.0,ODP
2012-08-29,1.7699999809265137,1.7999999523162842,1.5,1.5700000524520874,1.5700000524520874,157800.0,OESX
2012-08-29,22.649999618530273,22.649999618530273,22.3799991607666,22.489999771118164,16.298908233642578,237300.0,OFC
2012-08-29,13.0,13.0,13.0,13.0,11.248676300048828,100.0,OFED
2012-08-29,10.6899995803833,10.829999923706056,10.6899995803833,10.800000190734863,9.063115119934082,72200.0,OFG
2012-08-29,41.810001373291016,42.34000015258789,41.77000045776367,42.15999984741211,42.15999984741211,81000.0,OFIX
2012-08-29,11.130000114440918,11.130000114440918,11.0,11.0,8.831528663635254,900.0,OFLX
2012-08-29,27.065000534057614,27.15999984741211,26.875,27.05500030517578,20.271766662597656,413800.0,OGE
2012-08-29,27.0,27.0,27.0,27.0,27.0,0.0,OGEN
2012-08-29,18.424999237060547,18.424999237060547,16.75,18.424999237060547,18.424999237060547,1827.0,OGI
2012-08-29,23.790000915527344,23.989999771118164,23.729999542236328,23.899999618530273,13.945176124572756,621400.0,OHI
2012-08-29,17.84000015258789,17.8700008392334,17.569999694824222,17.709999084472656,17.357330322265625,1712100.0,OI
2012-08-29,7.320000171661378,7.329999923706055,7.170000076293945,7.190000057220459,4.72663688659668,263200.0,OIA
2012-08-29,54.7400016784668,55.04999923706055,54.20000076293945,54.43999862670898,49.03549194335938,747700.0,OII
2012-08-29,3.559999942779541,3.6800000667572017,3.5199999809265137,3.5799999237060547,3.5799999237060547,20800.0,OIIM
2012-08-29,45.49142837524414,46.051429748535156,44.52571487426758,45.08571243286133,45.08571243286133,899800.0,OIS
2012-08-29,38.99492263793945,39.38889694213867,38.881107330322266,39.17877960205078,27.04220771789551,1111300.0,OKE
2012-08-29,40.709999084472656,41.22999954223633,40.0099983215332,40.68000030517578,40.41537857055664,484700.0,OLED
2012-08-29,41.11000061035156,41.11000061035156,41.11000061035156,41.11000061035156,41.11000061035156,0.0,OLEM
2012-08-29,21.40999984741211,21.559999465942386,21.350000381469727,21.40999984741211,16.582826614379886,397000.0,OLN
2012-08-29,18.88999938964844,19.170000076293945,18.88999938964844,19.13999938964844,10.987815856933594,13200.0,OLP
2012-08-29,17.270000457763672,17.389999389648438,17.260000228881836,17.270000457763672,12.646942138671875,1900.0,OMAB
2012-08-29,51.18999862670898,51.47000122070313,50.959999084472656,51.31999969482422,40.927528381347656,875400.0,OMC
2012-08-29,14.539999961853027,14.84000015258789,14.380000114440918,14.699999809265135,14.699999809265135,96100.0,OMCL
2012-08-29,9.18000030517578,9.539999961853027,8.989999771118164,9.449999809265137,9.449999809265137,90700.0,OMER
2012-08-29,44.400001525878906,44.58000183105469,43.20000076293945,44.27999877929688,44.27999877929688,23100.0,OMEX
2012-08-29,28.29999923706055,28.32999992370605,28.0,28.20000076293945,22.453168869018555,299900.0,OMI
2012-08-29,6.199999809265138,6.360000133514403,6.1599998474121085,6.3400001525878915,6.3400001525878915,6349200.0,ON
2012-08-29,13.31999969482422,13.470000267028807,13.289999961853027,13.470000267028807,10.544119834899902,228000.0,ONB
2012-08-29,38.0,40.0,38.0,40.0,40.0,1300.0,ONCS
2012-08-29,263.20001220703125,266.0,259.70001220703125,261.10000610351557,261.10000610351557,1100.0,ONCT
2012-08-29,26.5049991607666,26.60000038146973,24.22500038146973,25.07999992370605,25.07999992370605,31100.0,ONCY
2012-08-29,2.200000047683716,2.259999990463257,1.950000047683716,2.039999961853028,2.039999961853028,556400.0,ONVO
2012-08-29,1.399999976158142,1.399999976158142,1.399999976158142,1.399999976158142,1.361406922340393,0.0,OPBK
2012-08-29,32.59999847412109,33.560001373291016,32.59999847412109,33.52000045776367,33.52000045776367,82100.0,OPCH
2012-08-29,20.799999237060547,22.79999923706055,20.0,20.0,20.0,700.0,OPHC
2012-08-29,90.76000213623048,90.76000213623048,89.95999908447266,90.08000183105469,47.33008193969727,73700.0,OPI
2012-08-29,4.440000057220459,4.559999942779541,4.429999828338623,4.449999809265137,4.449999809265137,966300.0,OPK
2012-08-29,0.14000000059604645,0.14000000059604645,0.12999999523162842,0.12999999523162842,0.12999999523162842,243300.0,OPNT
2012-08-29,10.640000343322754,10.640000343322754,10.640000343322754,10.640000343322754,9.276930809020996,0.0,OPOF
2012-08-29,4.739999771118164,4.949999809265137,4.5,4.5,4.5,6700.0,OPRX
2012-08-29,552.0,552.0,526.0,530.0,530.0,0.0,OPTT
2012-08-29,15.140000343322756,15.34000015258789,15.109999656677244,15.210000038146973,12.946508407592773,15400.0,OPY
2012-08-29,19.899999618530273,20.01000022888184,19.82999992370605,19.82999992370605,18.75773048400879,54800.0,ORA
2012-08-29,13.920000076293945,13.9399995803833,13.8100004196167,13.869999885559082,9.308265686035156,1263300.0,ORAN
2012-08-29,3.490000009536743,3.5799999237060547,3.440000057220459,3.5799999237060547,3.5799999237060547,132600.0,ORBC
2012-08-29,31.649999618530273,31.88999938964844,31.459999084472656,31.489999771118164,28.22088050842285,15845300.0,ORCL
2012-08-29,6.960000038146973,7.800000190734862,6.960000038146973,7.800000190734862,7.800000190734862,200.0,ORGS
2012-08-29,8.829999923706055,8.920000076293945,8.75,8.84000015258789,5.767613887786865,2034800.0,ORI
2012-08-29,86.55000305175781,86.83000183105469,85.7300033569336,85.97000122070312,85.97000122070312,883900.0,ORLY
2012-08-29,3.359999895095825,3.839999914169312,3.359999895095825,3.839999914169312,3.839999914169312,900.0,ORMP
2012-08-29,7.869999885559082,7.989999771118164,7.75,7.880000114440918,7.880000114440918,39300.0,ORN
2012-08-29,8.609999656677246,8.609999656677246,8.5,8.510000228881836,7.610745906829834,4600.0,ORRF
2012-08-29,1.4500000476837158,1.5099999904632568,1.4500000476837158,1.5,1.4791792631149292,15900.0,OSBC
2012-08-29,73.27999877929688,73.80000305175781,73.01000213623047,73.5999984741211,73.5999984741211,132200.0,OSIS
2012-08-29,25.1299991607666,25.56999969482422,24.90999984741211,25.3700008392334,23.155536651611328,564000.0,OSK
2012-08-29,2.940000057220459,2.940000057220459,2.940000057220459,2.940000057220459,2.940000057220459,300.0,OSN
2012-08-29,9.489999771118164,9.670000076293944,9.449999809265137,9.619999885559082,9.619999885559082,118600.0,OSPN
2012-08-29,8.739999771118164,8.989999771118164,8.689999580383299,8.9399995803833,8.9399995803833,114200.0,OSTK
2012-08-29,10.220000267028807,10.350000381469727,9.81999969482422,9.81999969482422,9.81999969482422,997700.0,OSUR
2012-08-29,0.029999999329447743,0.029999999329447743,0.029999999329447743,0.029999999329447743,0.029928740113973618,0.0,OSW
2012-08-29,1.7999999523162842,1.8400000333786009,1.7300000190734863,1.75,1.75,218000.0,OTEL
2012-08-29,13.404999732971193,13.49250030517578,13.350000381469727,13.454999923706055,11.95486831665039,590000.0,OTEX
2012-08-29,23.01000022888184,23.10000038146973,22.81999969482422,22.979999542236328,17.470331192016598,45400.0,OTTR
2012-08-29,5.033556938171387,5.033556938171387,5.033556938171387,5.033556938171387,4.52869176864624,200.0,OTTW
2012-08-29,19.0,19.100000381469727,18.950000762939453,19.100000381469727,14.937395095825195,1100.0,OVBC
2012-08-29,7.199999809265138,7.260000228881836,7.1500000953674325,7.1500000953674325,6.3286309242248535,1600.0,OVLY
2012-08-29,110.8000030517578,111.1999969482422,109.0500030517578,109.4000015258789,101.76296997070312,705200.0,OVV
2012-08-29,15.4399995803833,15.630000114440918,15.1899995803833,15.470000267028807,4.093679428100587,17100.0,OXLC
2012-08-29,51.58000183105469,52.77999877929688,51.15999984741211,52.66999816894531,46.91117477416992,384900.0,OXM
2012-08-29,10.5,10.510000228881836,10.359999656677246,10.43000030517578,3.4588406085968018,578300.0,OXSQ
2012-08-29,84.04114532470703,84.04114532470703,82.53699493408203,82.61363983154297,58.56300354003906,2465400.0,OXY
2012-08-29,16.174999237060547,16.469999313354492,16.114999771118164,16.344999313354492,14.2111177444458,201600.0,OZK
2012-08-29,43.34000015258789,43.34000015258789,42.81999969482422,42.900001525878906,26.13263893127441,541400.0,PAA
2012-08-29,17.209999084472653,17.25,16.65999984741211,16.84000015258789,14.408477783203125,1661500.0,PAAS
2012-08-29,39.36999893188477,39.45000076293945,39.11000061035156,39.25,26.35118103027344,24000.0,PAC
2012-08-29,1.8899999856948853,2.0,1.8799999952316284,1.940000057220459,1.940000057220459,150000.0,PACB
2012-08-29,951000.0,961000.0,942000.0,957000.0,957000.0,0.0,PACD
2012-08-29,23.420000076293945,23.84000015258789,23.34000015258789,23.6200008392334,16.67860221862793,89000.0,PACW
2012-08-29,0.680620014667511,0.690779983997345,0.6755399703979492,0.680620014667511,0.680620014667511,4533348.0,PAE
2012-08-29,26.20000076293945,26.43000030517578,26.13999938964844,26.399999618530273,21.7800235748291,202600.0,PAG
2012-08-29,14.9399995803833,15.399999618530273,14.9399995803833,15.31999969482422,10.524603843688963,17500.0,PAI
2012-08-29,4.110000133514403,4.110000133514403,4.059999942779541,4.099999904632568,4.099999904632568,1300.0,PAM
2012-08-29,64.22000122070311,65.09999847412111,63.099998474121094,64.73000335693361,64.73000335693361,162000.0,PANW
2012-08-29,5.110000133514403,5.150000095367432,5.059999942779541,5.099999904632568,5.099999904632568,15300.0,PAR
2012-08-29,5.982222080230713,6.2133331298828125,5.92888879776001,6.151111125946045,6.091419219970702,190000.0,PATK
2012-08-29,0.1899999976158142,0.1899999976158142,0.1899999976158142,0.1899999976158142,0.1899999976158142,9500.0,PAYS
2012-08-29,33.150001525878906,33.310001373291016,32.97999954223633,33.240001678466804,25.91265106201172,1137400.0,PAYX
2012-08-29,42.209999084472656,42.52999877929688,41.86000061035156,42.2599983215332,35.941593170166016,258200.0,PB
2012-08-29,27.540000915527344,27.57999992370605,27.149999618530273,27.36000061035156,16.94533348083496,140700.0,PBA
2012-08-29,3.7058823108673096,3.7058823108673096,3.7058823108673096,3.7058823108673096,3.3471055030822754,0.0,PBBI
2012-08-29,76.0,76.0,76.0,76.0,70.88961791992188,0.0,PBC
2012-08-29,11.890000343322756,12.109999656677244,11.890000343322756,12.050000190734865,8.721384048461914,2281900.0,PBCT
2012-08-29,15.779999732971193,16.229999542236328,15.779999732971193,16.020000457763672,16.020000457763672,169400.0,PBH
2012-08-29,6.162720203399657,6.162720203399657,6.162720203399657,6.162720203399657,5.547149658203125,0.0,PBHC
2012-08-29,13.399999618530273,13.420000076293945,13.31999969482422,13.350000381469727,8.980268478393555,1273200.0,PBI
2012-08-29,5.995762825012207,5.995762825012207,5.995762825012207,5.995762825012207,5.378681182861328,0.0,PBIP
2012-08-29,21.57999992370605,21.63999938964844,21.25,21.350000381469727,19.834348678588867,8312800.0,PBR
2012-08-29,16.809999465942386,16.989999771118164,15.470000267028807,15.510000228881836,9.127678871154783,1092100.0,PBT
2012-08-29,14.989999771118164,14.989999771118164,14.050000190734865,14.100000381469727,14.100000381469727,7800.0,PBYI
2012-08-29,39.56999969482422,39.84000015258789,39.31999969482422,39.68999862670898,29.76852989196777,843600.0,PCAR
2012-08-29,0.7599999904632568,0.7599999904632568,0.7599999904632568,0.7599999904632568,0.6105825901031494,0.0,PCB
2012-08-29,8.210000038146973,8.350000381469728,8.210000038146973,8.350000381469728,5.672755718231201,56000.0,PCF
2012-08-29,43.97000122070313,44.02000045776367,43.72000122070313,43.88000106811523,36.18255615234375,1437700.0,PCG
2012-08-29,35.86000061035156,36.20000076293945,35.630001068115234,36.0099983215332,24.850608825683594,81100.0,PCH
2012-08-29,10.5,10.5,10.449999809265137,10.489999771118164,6.54517126083374,51700.0,PCK
2012-08-29,12.06999969482422,12.359999656677244,11.970000267028807,12.199999809265135,5.78804349899292,23300.0,PCM
2012-08-29,18.309999465942386,18.350000381469727,18.25,18.350000381469727,8.71047306060791,100800.0,PCN
2012-08-29,12.18000030517578,12.449999809265135,12.079999923706055,12.079999923706055,12.079999923706055,9900.0,PCOM
2012-08-29,15.270000457763672,15.390000343322756,15.18000030517578,15.390000343322756,9.934597969055176,40500.0,PCQ
2012-08-29,18.68000030517578,19.309999465942386,18.540000915527344,18.700000762939453,18.700000762939453,343800.0,PCRX
2012-08-29,6.300000190734862,6.429999828338622,6.21999979019165,6.260000228881836,4.977523326873778,87300.0,PCTI
2012-08-29,3.369999885559082,3.5,3.369999885559082,3.400000095367432,3.400000095367432,11400.0,PCYG
2012-08-29,2.049999952316284,2.190000057220459,2.049999952316284,2.1400001049041752,2.1400001049041752,9600.0,PCYO
2012-08-29,27.440000534057614,28.229999542236328,27.20000076293945,28.13999938964844,28.13999938964844,405800.0,PDCE
2012-08-29,34.049999237060554,34.470001220703125,34.0,34.360000610351555,27.767148971557614,359600.0,PDCO
2012-08-29,2.0,2.049999952316284,1.9099999666213991,1.919999957084656,1.919999957084656,3100.0,PDEX
2012-08-29,12.210000038146973,12.270000457763672,11.920000076293945,12.109999656677244,12.109999656677244,104700.0,PDFS
2012-08-29,26.8700008392334,26.940000534057614,26.85000038146973,26.8700008392334,10.567935943603516,158900.0,PDI
2012-08-29,7.4000000953674325,7.4099998474121085,7.3499999046325675,7.360000133514403,5.3232526779174805,1122100.0,PDLI
2012-08-29,16.790000915527347,17.030000686645508,16.760000228881836,17.010000228881836,11.993181228637695,685000.0,PDM
2012-08-29,7.889999866485597,7.949999809265138,7.550000190734862,7.739999771118164,7.0663652420043945,1134200.0,PDS
2012-08-29,14.399999618530273,14.449999809265135,14.350000381469727,14.390000343322756,7.634539127349853,158100.0,PDT
2012-08-29,41.17486190795898,41.17486190795898,40.8834228515625,41.14754104614258,27.209138870239254,1477500.0,PEAK
2012-08-29,23.79999923706055,24.229999542236328,23.63999938964844,23.989999771118164,17.910390853881836,325700.0,PEB
2012-08-29,8.363636016845701,8.5,8.272727012634277,8.5,7.414997577667236,6300.0,PEBK
2012-08-29,20.35454559326172,20.46363639831543,20.0,20.35454559326172,16.305391311645508,50800.0,PEBO
2012-08-29,75.0,75.0,75.0,75.0,75.0,0.0,PED
2012-08-29,31.809999465942386,31.90999984741211,31.70000076293945,31.809999465942386,23.66229820251465,2119400.0,PEG
2012-08-29,13.5600004196167,13.645000457763672,13.420000076293945,13.609999656677244,13.233868598937988,122600.0,PEGA
2012-08-29,15.869999885559082,15.9399995803833,15.5600004196167,15.68000030517578,9.042627334594727,319200.0,PEI
2012-08-29,5.25,5.550000190734863,4.949999809265137,5.25,5.25,193800.0,PEIX
2012-08-29,8.855979919433594,8.914763450622559,8.763282775878906,8.817544937133789,8.202068328857424,1702400.0,PENN
2012-08-29,25.15999984741211,25.15999984741211,25.03000068664551,25.09000015258789,16.177677154541016,28800.0,PEO
2012-08-29,73.02999877929688,73.23999786376953,72.7300033569336,72.77999877929688,58.09903335571289,3770500.0,PEP
2012-08-29,19.729999542236328,19.8799991607666,19.459999084472656,19.770000457763672,4.526830673217773,244300.0,PER
2012-08-29,17.549999237060547,17.790000915527344,17.489999771118164,17.700000762939453,17.700000762939453,16700.0,PERI
2012-08-29,4.650000095367432,5.050000190734863,4.599999904632568,5.050000190734863,5.050000190734863,20300.0,PESI
2012-08-29,9.960000038146973,10.350000381469727,9.9399995803833,10.289999961853027,7.555268287658691,252900.0,PETS
2012-08-29,12.880000114440918,12.890000343322756,12.25,12.3100004196167,11.158072471618652,20700.0,PFBC
2012-08-29,7.30448579788208,7.30448579788208,6.994839191436768,7.296546459197997,5.218342781066895,26200.0,PFBI
2012-08-29,14.949999809265135,15.119999885559082,14.850000381469727,15.119999885559082,8.616378784179688,19800.0,PFD
2012-08-29,23.90999984741211,24.11000061035156,23.79999923706055,23.959999084472656,18.352123260498047,18369600.0,PFE
2012-08-29,27.25,27.6299991607666,27.13999938964844,27.57999992370605,21.49266624450684,1632200.0,PFG
2012-08-29,23.739999771118164,23.739999771118164,23.399999618530273,23.520000457763672,9.23569393157959,4600.0,PFH
2012-08-29,1.2999999523162842,1.2999999523162842,1.2999999523162842,1.2999999523162842,1.2999999523162842,0.0,PFIE
2012-08-29,6.019999980926514,6.050000190734862,5.800000190734862,6.0,5.172053813934326,4300.0,PFIN
2012-08-29,29.25,29.25,29.25,29.25,23.41192626953125,200.0,PFIS
2012-08-29,12.890000343322756,12.899999618530273,12.850000381469727,12.880000114440918,6.073922634124756,52200.0,PFL
2012-08-29,12.539999961853027,12.720000267028807,12.420000076293945,12.579999923706055,6.560946941375732,13600.0,PFLT
2012-08-29,11.020000457763672,11.020000457763672,10.5,10.779999732971193,10.779999732971193,167600.0,PFMT
2012-08-29,11.289999961853027,11.300000190734865,11.220000267028807,11.289999961853027,5.35931396484375,182600.0,PFN
2012-08-29,11.869999885559082,11.9399995803833,11.859999656677244,11.899999618530273,6.6938533782958975,6100.0,PFO
2012-08-29,13.68000030517578,13.899999618530273,13.260000228881836,13.640000343322756,13.640000343322756,27300.0,PFPT
2012-08-29,15.539999961853027,15.670000076293945,15.359999656677244,15.649999618530273,12.056841850280762,81800.0,PFS
2012-08-29,2.5899999141693115,2.5899999141693115,2.490000009536743,2.559999942779541,2.559999942779541,6900.0,PFSW
2012-08-29,66.97000122070311,67.18000030517578,66.80000305175781,66.87000274658203,52.94668579101562,6752200.0,PG
2012-08-29,13.949999809265135,14.640000343322756,13.90999984741211,14.260000228881836,13.338674545288086,16800.0,PGC
2012-08-29,34.34000015258789,34.630001068115234,34.34000015258789,34.540000915527344,34.540000915527344,3400.0,PGM
2012-08-29,4.199999809265137,4.300000190734863,4.1599998474121085,4.25,4.25,88600.0,PGNX
2012-08-29,22.020000457763672,22.059999465942386,21.979999542236328,22.01000022888184,10.120169639587402,18000.0,PGP
2012-08-29,19.82999992370605,19.86000061035156,19.530000686645508,19.559999465942386,15.756938934326172,3661700.0,PGR
2012-08-29,3.2799999713897705,3.289999961853028,3.2000000476837163,3.240000009536743,3.240000009536743,45700.0,PGTI
2012-08-29,80.88999938964844,80.9800033569336,79.63999938964844,80.16999816894531,69.56172943115234,923500.0,PH
2012-08-29,13.229999542236328,13.399999618530273,13.229999542236328,13.279999732971193,8.081570625305176,85400.0,PHD
2012-08-29,23.1200008392334,23.209999084472656,23.040000915527344,23.149999618530273,18.801061630249023,269900.0,PHG
2012-08-29,63.31999969482422,63.5,63.22000122070313,63.40999984741211,43.08401870727539,140200.0,PHI
2012-08-29,19800.0,19800.0,18480.0,19800.0,19800.0,0.0,PHIO
2012-08-29,14.06999969482422,14.079999923706055,14.039999961853027,14.079999923706055,5.6920671463012695,301800.0,PHK
2012-08-29,13.270000457763672,13.5,13.210000038146973,13.399999618530273,12.118227005004885,8290800.0,PHM
2012-08-29,18.06999969482422,18.26000022888184,18.040000915527344,18.26000022888184,8.839591979980469,68900.0,PHT
2012-08-29,15.0,15.145000457763672,14.914999961853027,15.145000457763672,13.855229377746582,6400.0,PHX
2012-08-29,97.57679748535156,97.57679748535156,97.57679748535156,97.57679748535156,97.57679748535156,5212.0,PIC
2012-08-29,22.1299991607666,22.5,21.90999984741211,22.31999969482422,16.102729797363278,44600.0,PICO
2012-08-29,75.68000030517578,76.76000213623047,75.61000061035156,76.30999755859375,64.9771728515625,702500.0,PII
2012-08-29,5.21999979019165,5.21999979019165,5.199999809265137,5.21999979019165,3.118473529815674,157700.0,PIM
2012-08-29,26.0,26.04999923706055,26.0,26.04999923706055,10.88340950012207,1600.0,PIY
2012-08-29,0.15000000596046448,0.15000000596046448,0.15000000596046448,0.15000000596046448,0.14649346470832825,0.0,PJT
2012-08-29,4.019534111022948,4.019534111022948,3.8016529083251953,3.929376363754273,3.45135235786438,8300.0,PKBK
2012-08-29,26.520000457763672,26.520000457763672,26.15999984741211,26.489999771118164,11.742998123168945,27100.0,PKE
2012-08-29,32.009998321533196,32.150001525878906,31.82999992370605,32.049999237060554,25.6583194732666,322600.0,PKG
2012-08-29,27.0,27.11000061035156,26.739999771118164,26.809999465942386,25.72769927978516,939300.0,PKI
2012-08-29,28.989999771118164,29.0,28.899999618530273,28.989999771118164,12.989243507385256,23800.0,PKO
2012-08-29,21.57999992370605,22.170000076293945,21.540000915527344,22.030000686645508,20.33442687988281,31500.0,PKOH
2012-08-29,82.3499984741211,82.55999755859375,82.12000274658203,82.31999969482422,65.14781188964844,194300.0,PKX
2012-08-29,5.820000171661378,6.050000190734862,5.820000171661378,6.010000228881836,6.010000228881836,308600.0,PLAB
2012-08-29,32.5,32.5,31.5,32.25,32.25,500.0,PLAG
2012-08-29,3.5,3.5,3.5,3.5,3.3126742839813232,1600.0,PLBC
2012-08-29,56.86999893188477,57.459999084472656,56.709999084472656,57.18999862670898,52.16279983520508,321400.0,PLCE
2012-08-29,34.049999237060554,34.330001831054695,33.93000030517578,34.25,26.81814384460449,1514600.0,PLD
2012-08-29,80.0,82.0,78.0,80.0,80.0,700.0,PLG
2012-08-29,0.9965034723281859,1.0489510297775269,0.9790209531784058,1.0489510297775269,1.0489510297775269,147300.0,PLM
2012-08-29,14.210000038146973,14.270000457763672,14.109999656677244,14.18000030517578,10.524343490600586,39400.0,PLOW
2012-08-29,57.91999816894531,58.459999084472656,57.91999816894531,58.459999084472656,51.94720458984375,1700.0,PLPC
2012-08-29,35.5,35.720001220703125,35.31999969482422,35.61999893188477,32.26039886474609,213900.0,PLT
2012-08-29,1.0099999904632568,1.0499999523162842,1.0099999904632568,1.0299999713897705,1.0299999713897705,30400.0,PLUG
2012-08-29,16.924999237060547,17.5,16.850000381469727,17.299999237060547,16.283309936523438,63400.0,PLUS
2012-08-29,52.099998474121094,53.599998474121094,51.5,53.5,53.5,15700.0,PLX
2012-08-29,30.270000457763672,30.670000076293945,29.95000076293945,30.59000015258789,30.59000015258789,99200.0,PLXS
2012-08-29,91.4800033569336,91.98999786376952,90.76000213623048,90.77999877929688,62.375343322753906,4027700.0,PM
2012-08-29,6.329999923706055,6.699999809265138,6.320000171661378,6.670000076293945,6.670000076293945,12800.0,PMBC
2012-08-29,11.529999732971193,11.90999984741211,11.529999732971193,11.699999809265135,8.35468578338623,2000.0,PMD
2012-08-29,9.920000076293944,9.920000076293944,9.890000343322754,9.890000343322754,9.12067413330078,500.0,PME
2012-08-29,16.079999923706055,16.149999618530273,16.049999237060547,16.110000610351562,10.199588775634766,37500.0,PMF
2012-08-29,13.06999969482422,13.130000114440918,13.010000228881836,13.130000114440918,8.299748420715332,103800.0,PML
2012-08-29,8.319999694824219,8.369999885559082,8.300000190734862,8.369999885559082,5.415566444396973,155600.0,PMM
2012-08-29,13.130000114440918,13.130000114440918,13.0600004196167,13.100000381469727,8.563981056213379,160800.0,PMO
2012-08-29,21.350000381469727,21.57999992370605,21.31999969482422,21.5,9.689839363098145,924500.0,PMT
2012-08-29,13.09000015258789,13.119999885559082,13.0,13.06999969482422,8.069046020507812,79200.0,PMX
2012-08-29,15.699999809265135,15.699999809265135,15.699999809265135,15.699999809265135,15.595027923583984,0.0,PNBK
2012-08-29,62.1500015258789,62.81999969482422,62.13999938964844,62.56999969482422,51.98839950561523,1259100.0,PNC
2012-08-29,12.510000228881836,12.6899995803833,12.470000267028807,12.510000228881836,8.220026969909668,8000.0,PNF
2012-08-29,19.38999938964844,19.68000030517578,19.059999465942386,19.56999969482422,18.33661460876465,83500.0,PNFP
2012-08-29,12.9399995803833,13.109999656677244,12.9399995803833,13.079999923706055,8.406528472900389,8600.0,PNI
2012-08-29,20.809999465942386,21.190000534057614,20.780000686645508,21.07999992370605,17.22983741760254,297800.0,PNM
2012-08-29,10.859999656677246,10.949999809265137,10.84000015258789,10.850000381469727,4.319557189941406,355100.0,PNNT
2012-08-29,28.35460090637207,28.435192108154297,28.05238342285156,28.22699737548828,23.06977462768555,1501000.0,PNR
2012-08-29,26.45000076293945,26.88999938964844,26.45000076293945,26.45000076293945,26.45000076293945,900.0,PNRG
2012-08-29,51.63000106811523,51.77999877929688,51.43000030517578,51.68999862670898,39.46340942382813,417600.0,PNW
2012-08-29,1312.5,1312.5,1312.5,1312.5,1312.5,0.0,POAI
2012-08-29,21.020000457763672,21.09000015258789,20.809999465942386,21.020000457763672,21.020000457763672,137700.0,PODD
2012-08-29,15.579999923706055,15.920000076293945,15.520000457763672,15.720000267028807,13.928288459777832,314400.0,POL
2012-08-29,38.86999893188477,39.209999084472656,38.20000076293945,39.02999877929688,35.421424865722656,220400.0,POOL
2012-08-29,53.25,53.25,53.25,53.25,39.01744079589844,0.0,POPE
2012-08-29,27.190000534057614,27.26000022888184,27.0,27.229999542236328,21.15931510925293,645200.0,POR
2012-08-29,30.989999771118164,31.1200008392334,30.770000457763672,30.81999969482422,30.81999969482422,58500.0,POST
2012-08-29,34.669998168945305,35.36000061035156,34.220001220703125,34.450000762939446,32.30091094970703,298200.0,POWI
2012-08-29,37.849998474121094,38.47000122070313,37.099998474121094,38.349998474121094,31.81364631652832,14700.0,POWL
2012-08-29,9.100000381469727,9.25,9.100000381469727,9.199999809265137,8.872214317321777,7300.0,PPBI
2012-08-29,5.289999961853027,5.440000057220459,5.28000020980835,5.329999923706055,4.028802394866943,664200.0,PPC
2012-08-29,54.5250015258789,54.95000076293945,54.13000106811523,54.85499954223633,46.94037246704102,1431000.0,PPG
2012-08-29,6.6599998474121085,6.880000114440918,6.6599998474121085,6.880000114440918,6.880000114440918,700.0,PPIH
2012-08-29,27.290019989013672,27.4204158782959,27.16893768310547,27.383159637451172,18.687650680541992,4856400.0,PPL
2012-08-29,5.9099998474121085,5.960000038146973,5.9000000953674325,5.960000038146973,3.6861145496368413,952500.0,PPR
2012-08-29,5.619999885559082,5.6599998474121085,5.619999885559082,5.6599998474121085,3.4635944366455083,411100.0,PPT
2012-08-29,44.88999938964844,44.900001525878906,44.50500106811523,44.83000183105469,36.50979614257813,97800.0,PRA
2012-08-29,33.450000762939446,33.66666793823242,33.23666763305664,33.549999237060554,33.549999237060554,271500.0,PRAA
2012-08-29,5.099999904632568,5.170000076293945,5.099999904632568,5.119999885559082,4.746147155761719,3000.0,PRCP
2012-08-29,10.75,11.039999961853027,10.699999809265137,11.0,11.0,127700.0,PRFT
2012-08-29,111.48999786376952,111.48999786376952,109.76000213623048,110.04000091552734,103.82109832763672,658900.0,PRGO
2012-08-29,19.450000762939453,19.65999984741211,19.350000381469727,19.6200008392334,18.57261085510254,280000.0,PRGS
2012-08-29,7.920000076293945,8.020000457763674,7.920000076293945,8.0,8.0,38400.0,PRGX
2012-08-29,29.15999984741211,29.26000022888184,29.01000022888184,29.170000076293945,26.80130958557129,169700.0,PRI
2012-08-29,12.579999923706055,12.720000267028807,12.369999885559082,12.640000343322756,11.743858337402346,90600.0,PRIM
2012-08-29,68.30999755859375,68.80999755859375,67.70999908447266,68.54000091552734,49.48218154907226,13600.0,PRK
2012-08-29,31.88999938964844,32.110000610351555,31.520000457763672,31.70000076293945,31.70000076293945,246400.0,PRLB
2012-08-29,1.2300000190734863,1.2699999809265137,1.2100000381469729,1.2300000190734863,1.225109338760376,109300.0,PRMW
2012-08-29,16.540000915527347,16.989999771118164,16.420000076293945,16.850000381469727,16.850000381469727,76800.0,PRO
2012-08-29,13.270000457763672,13.34000015258789,13.199999809265135,13.300000190734865,10.872822761535645,15400.0,PROV
2012-08-29,1.0199999809265137,1.0299999713897705,1.0,1.0099999904632568,0.6115677356719971,40500.0,PRPH
2012-08-29,11.68000030517578,11.829999923706055,11.539999961853027,11.56999969482422,11.56999969482422,52800.0,PRSC
2012-08-29,1.399999976158142,1.399999976158142,1.399999976158142,1.399999976158142,1.1296977996826172,0.0,PRT
2012-08-29,77.76000213623047,78.72000122070312,76.08000183105469,78.23999786376953,19.03384017944336,9400.0,PRTK
2012-08-29,3.380000114440918,3.380000114440918,3.289999961853028,3.3199999332427983,3.3199999332427983,9200.0,PRTS
2012-08-29,53.86000061035156,54.68000030517578,53.75,54.4900016784668,41.728328704833984,2772800.0,PRU
2012-08-29,17.5,17.5,16.799999237060547,17.100000381469727,17.100000381469727,9706500.0,PS
2012-08-29,143.42999267578125,144.19000244140625,142.97999572753906,143.66000366210938,110.11637115478516,403000.0,PSA
2012-08-29,68.51000213623047,68.91999816894531,68.33999633789061,68.68000030517578,55.76353073120117,43200.0,PSB
2012-08-29,11.529999732971193,11.640000343322756,11.520000457763672,11.609999656677244,4.6285576820373535,1584700.0,PSEC
2012-08-29,26.979999542236328,26.989999771118164,26.54999923706055,26.790000915527344,13.94223403930664,68100.0,PSF
2012-08-29,266716.8125,269680.3125,264247.1875,265235.03125,252399.34375,0.0,PSHG
2012-08-29,72.72000122070312,73.98999786376953,72.16000366210938,72.54000091552734,67.90919494628906,115800.0,PSMT
2012-08-29,0.2939999997615814,0.2939999997615814,0.2939999997615814,0.2939999997615814,0.2939999997615814,0.0,PSN
2012-08-29,19.100000381469727,19.200000762939453,19.06999969482422,19.15999984741211,13.920955657958984,106100.0,PSO
2012-08-29,39.0,39.70000076293945,38.5,39.400001525878906,39.400001525878906,46900.0,PSTI
2012-08-29,23700.0,24300.0,23325.0,23775.0,23775.0,0.0,PSTV
2012-08-29,41.900001525878906,42.38999938964844,41.650001525878906,41.97999954223633,33.828479766845696,2674300.0,PSX
2012-08-29,21.65999984741211,21.729999542236328,21.239999771118164,21.59000015258789,21.59000015258789,571800.0,PTC
2012-08-29,72.66000366210938,72.66000366210938,70.9800033569336,71.4000015258789,50.35578918457031,2200.0,PTE
2012-08-29,15.31999969482422,15.31999969482422,15.020000457763672,15.119999885559082,13.665562629699707,1620900.0,PTEN
2012-08-29,12.029999732971193,12.029999732971193,11.529999732971193,11.949999809265135,11.949999809265135,721.0,PTI
2012-08-29,8.600000381469728,8.75,8.439999580383299,8.520000457763674,2.760058641433716,245200.0,PTMN
2012-08-29,0.5600000023841858,0.5600000023841858,0.5600000023841858,0.5600000023841858,0.5600000023841858,0.0,PTN
2012-08-29,3.849999904632568,4.079999923706056,3.849999904632568,4.0300002098083505,4.0300002098083505,311000.0,PTNR
2012-08-29,122.04000091552734,122.05999755859376,121.41999816894531,121.52999877929688,96.9019775390625,91800.0,PTR
2012-08-29,9.460000038146973,9.460000038146973,9.460000038146973,9.460000038146973,8.58326244354248,0.0,PTSI
2012-08-29,22.200000762939453,22.200000762939453,22.200000762939453,22.200000762939453,16.325937271118164,0.0,PTVCA
2012-08-29,22.5,22.70000076293945,22.399999618530273,22.60000038146973,16.700002670288086,12000.0,PTVCB
2012-08-29,20.149999618530273,20.25,20.13999938964844,20.21999931335449,8.393157958984375,156000.0,PTY
2012-08-29,24.8700008392334,24.959999084472656,24.76000022888184,24.85000038146973,17.310476303100586,84700.0,PUK
2012-08-29,14.899999618530273,14.899999618530273,14.550000190734865,14.600000381469727,14.600000381469727,70200.0,PVG
2012-08-29,93.0,94.0999984741211,92.66999816894531,93.81999969482422,92.78573608398438,960700.0,PVH
2012-08-29,18.649999618530273,18.8700008392334,18.40999984741211,18.600000381469727,6.196413993835449,30300.0,PVL
2012-08-29,7.5,7.5,7.449999809265138,7.449999809265138,7.27831506729126,1000.0,PW
2012-08-29,39.849998474121094,40.81999969482422,39.58000183105469,40.4900016784668,31.34395980834961,2900.0,PWOD
2012-08-29,24.239999771118164,24.3700008392334,23.82999992370605,23.920000076293945,23.78396987915039,1251600.0,PWR
2012-08-29,98.23999786376952,98.88999938964844,97.5,98.54000091552734,96.45842742919922,1507200.0,PXD
2012-08-29,3.25,3.25,3.1700000762939453,3.1700000762939453,3.1700000762939453,13600.0,PXLW
2012-08-29,10.43000030517578,10.550000190734863,10.43000030517578,10.539999961853027,6.797852039337157,5800.0,PYN
2012-08-29,23.78000068664551,23.88999938964844,23.5,23.88999938964844,13.887480735778807,5400.0,PYS
2012-08-29,16.299999237060547,16.299999237060547,16.190000534057614,16.200000762939453,12.440640449523926,1100.0,PYT
2012-08-29,29.29999923706055,29.79999923706055,29.10000038146973,29.70000076293945,29.70000076293945,10000.0,PYX
2012-08-29,10.84000015258789,10.960000038146973,10.84000015258789,10.93000030517578,6.959457874298097,82300.0,PZC
2012-08-29,2.450000047683716,2.4600000381469727,2.400000095367432,2.4200000762939453,2.4200000762939453,475200.0,PZG
2012-08-29,5.010000228881836,5.010000228881836,4.849999904632568,4.989999771118164,3.34932804107666,9900.0,PZN
2012-08-29,26.31999969482422,26.40500068664551,26.18000030517578,26.2450008392334,23.970659255981445,104000.0,PZZA
2012-08-29,13.1899995803833,13.369999885559082,12.970000267028807,12.989999771118164,11.843501091003418,9700.0,QADA
2012-08-29,12.4399995803833,12.4399995803833,12.4399995803833,12.4399995803833,11.357619285583494,0.0,QADB
2012-08-29,10.199999809265137,10.199999809265137,10.199999809265137,10.199999809265137,10.199999809265137,0.0,QBAK
2012-08-29,61.97999954223633,62.459999084472656,61.77999877929688,62.11000061035156,49.0455207824707,7550600.0,QCOM
2012-08-29,13.199999809265135,13.56999969482422,13.149999618530273,13.56999969482422,13.02985954284668,9300.0,QCRH
2012-08-29,16.670000076293945,16.889999389648438,16.329999923706055,16.370000839233402,16.370000839233402,106600.0,QDEL
2012-08-29,29.020000457763672,29.15999984741211,28.79999923706055,29.0,28.11361122131348,1502500.0,QEP
2012-08-29,18.284822463989254,18.61746406555176,18.27442741394043,18.523908615112305,17.817733764648438,420200.0,QGEN
2012-08-29,12.880000114440918,12.880000114440918,12.5600004196167,12.720000267028807,12.720000267028807,41000.0,QMCO
2012-08-29,8.590000152587889,8.609999656677246,8.439999580383299,8.489999771118164,8.489999771118164,110400.0,QNST
2012-08-29,15.960000038146973,16.239999771118164,15.960000038146973,16.239999771118164,9.34358024597168,54400.0,QQQX
2012-08-29,16.799999237060547,18.799999237060547,16.0,18.0,18.0,700.0,QRHC
2012-08-29,15.355329513549805,15.456852912902832,15.313028335571287,15.329949378967285,15.329949378967285,2507300.0,QRTEA
2012-08-29,15.359864234924315,15.359864234924315,15.359864234924315,15.359864234924315,15.359864234924315,200.0,QRTEB
2012-08-29,17.569999694824222,17.670000076293945,17.430000305175778,17.6299991607666,10.342809677124023,109900.0,QUAD
2012-08-29,35.139999389648445,36.11999893188477,34.299999237060554,35.84000015258789,35.84000015258789,5800.0,QUIK
2012-08-29,6.75,6.889999866485597,6.75,6.889999866485597,6.889999866485597,19200.0,QUMU
2012-08-29,40.43000030517578,40.68999862670898,40.02999877929688,40.15999984741211,32.956104278564446,375900.0,R
2012-08-29,24.60000038146973,24.60000038146973,24.20000076293945,24.399999618530273,24.399999618530273,77900.0,RAD
2012-08-29,2.200000047683716,2.220000028610229,2.200000047683716,2.220000028610229,2.220000028610229,500.0,RADA
2012-08-29,19.09000015258789,19.530000686645508,18.549999237060547,18.649999618530273,17.241342544555664,74400.0,RAIL
2012-08-29,2.5999999046325684,2.5999999046325684,2.5999999046325684,2.5999999046325684,2.5999999046325684,100.0,RAND
2012-08-29,3.369999885559082,3.369999885559082,3.2699999809265137,3.2999999523162837,3.2999999523162837,46600.0,RAVE
2012-08-29,30.03000068664551,30.5,30.03000068664551,30.32999992370605,26.36824607849121,116500.0,RAVN
2012-08-29,19.34000015258789,19.3799991607666,19.21999931335449,19.309999465942386,16.022218704223633,172000.0,RBA
2012-08-29,9.649999618530273,10.149999618530273,9.600000381469727,9.699999809265137,9.699999809265137,588300.0,RBBN
2012-08-29,68.66999816894531,68.87000274658203,67.88999938964844,68.19000244140625,61.35719299316406,134000.0,RBC
2012-08-29,23.81999969482422,24.04999923706055,23.739999771118164,23.899999618530273,19.309322357177734,36900.0,RBCAA
2012-08-29,90.1999969482422,90.1999969482422,86.5999984741211,88.0,88.0,24000.0,RBCN
2012-08-29,7.070000171661378,7.0999999046325675,7.019999980926514,7.079999923706055,5.919619560241699,277800.0,RBS
2012-08-29,1.350000023841858,1.350000023841858,1.350000023841858,1.350000023841858,1.350000023841858,10.0,RCA
2012-08-29,40.814300537109375,40.814300537109375,40.48820114135742,40.48820114135742,39.28248977661133,7190.0,RCB
2012-08-29,2.9500000476837163,2.9500000476837163,2.9500000476837163,2.9500000476837163,2.9500000476837163,0.0,RCEL
2012-08-29,1.7100000381469729,1.7100000381469729,1.7100000381469729,1.7100000381469729,1.7100000381469729,3500.0,RCG
2012-08-29,40.52000045776367,40.900001525878906,40.34000015258789,40.86000061035156,29.81607437133789,187600.0,RCI
2012-08-29,35.97999954223633,36.0,35.650001525878906,35.86999893188477,30.290590286254886,253900.0,RCII
2012-08-29,11.699999809265135,11.8100004196167,11.670000076293945,11.710000038146973,9.61048698425293,5400.0,RCKY
2012-08-29,26.940000534057614,27.489999771118164,26.8799991607666,27.270000457763672,23.00117111206055,2616200.0,RCL
2012-08-29,5.679999828338622,5.679999828338622,5.559999942779541,5.559999942779541,1.9429636001586916,4300.0,RCMT
2012-08-29,9.399999618530273,9.399999618530273,8.800000190734863,8.850000381469727,8.850000381469727,1900.0,RCON
2012-08-29,0.003000000026077032,0.003000000026077032,0.003000000026077032,0.003000000026077032,0.002683303551748395,0.0,RCP
2012-08-29,12.09000015258789,12.130000114440918,12.020000457763672,12.130000114440918,5.727597713470459,70400.0,RCS
2012-08-29,2.9600000381469727,2.9800000190734863,2.869999885559082,2.9800000190734863,2.9800000190734863,900.0,RDCM
2012-08-29,6.210000038146973,6.3400001525878915,6.210000038146973,6.3400001525878915,6.3400001525878915,86200.0,RDI
2012-08-29,7.239999771118164,7.239999771118164,7.239999771118164,7.239999771118164,7.239999771118164,100.0,RDIB
2012-08-29,3.380000114440918,3.539999961853028,3.359999895095825,3.490000009536743,3.4542999267578125,1965200.0,RDN
2012-08-29,2.700000047683716,2.720000028610229,2.6730000972747803,2.690000057220459,2.690000057220459,23800.0,RDNT
2012-08-29,16.469999313354492,16.530000686645508,16.25,16.319999694824222,16.319999694824222,254800.0,RDWR
2012-08-29,30.31999969482422,30.38999938964844,30.1200008392334,30.29999923706055,28.868194580078125,211200.0,RDY
2012-08-29,103.8499984741211,104.41000366210938,103.2300033569336,103.4499969482422,88.0433120727539,232700.0,RE
2012-08-29,6.269999980926514,6.360000133514403,5.699999809265138,5.920000076293945,5.920000076293945,219400.0,REED
2012-08-29,2.9600000381469727,2.970000028610229,2.9200000762939453,2.9500000476837163,2.9500000476837163,135800.0,REFR
2012-08-29,49.25,49.38999938964844,49.15999984741211,49.15999984741211,38.2827033996582,336600.0,REG
2012-08-29,5.480000019073486,5.480000019073486,5.28000020980835,5.349999904632568,5.349999904632568,54300.0,REGI
2012-08-29,146.94000244140625,147.0,144.58999633789062,145.47999572753906,145.47999572753906,413800.0,REGN
2012-08-29,5.800000190734862,5.9000000953674325,5.679999828338622,5.75,5.75,7800.0,REI
2012-08-29,11.899999618530273,12.119999885559082,11.890000343322756,12.0600004196167,9.437386512756348,21500.0,RELL
2012-08-29,8.470000267028809,8.819999694824219,8.470000267028809,8.819999694824219,8.786955833435059,400.0,RELV
2012-08-29,9.289999961853027,9.34000015258789,9.262499809265137,9.307499885559082,6.158699035644531,113200.0,RELX
2012-08-29,57.0,57.9000015258789,57.0,57.75,5.266617298126222,62800.0,RENN
2012-08-29,12.8100004196167,12.829999923706055,12.399999618530273,12.449999809265135,11.017534255981444,547500.0,RES
2012-08-29,13.039999961853027,13.279999732971193,12.960000038146973,13.210000038146973,13.210000038146973,40400.0,REV
2012-08-29,18.549999237060547,18.649999618530273,17.75,17.81999969482422,17.81999969482422,53700.0,REX
2012-08-29,75.5999984741211,75.5999984741211,60.0,63.599998474121094,63.599998474121094,3500.0,REXN
2012-08-29,7.110000133514403,7.1500000953674325,7.03000020980835,7.050000190734862,5.911926746368407,7254400.0,RF
2012-08-29,14.539999961853027,14.65999984741211,14.539999961853027,14.630000114440918,7.40650749206543,26000.0,RFI
2012-08-29,4.050000190734863,4.099999904632568,3.920000076293945,4.099999904632568,3.0670442581176762,2500.0,RFIL
2012-08-29,2.9489998817443848,2.9489998817443848,2.9489998817443848,2.9489998817443848,2.9489998817443848,0.0,RFM
2012-08-29,11.550000190734865,12.6899995803833,11.40999984741211,12.5,10.797002792358398,792000.0,RFP
2012-08-29,57.54999923706055,57.79999923706055,57.36999893188477,57.5,51.09605026245117,370900.0,RGA
2012-08-29,12.0,12.0,12.0,12.0,8.254748344421388,400.0,RGCO
2012-08-29,5.480000019073486,5.550000190734863,5.300000190734863,5.510000228881836,5.510000228881836,224300.0,RGEN
2012-08-29,84.08999633789062,84.69999694824219,83.55000305175781,84.2300033569336,76.23938751220703,463900.0,RGLD
2012-08-29,44.95000076293945,45.5,43.95000076293945,44.36999893188477,36.84905624389648,321700.0,RGR
2012-08-29,18.0,18.059999465942386,17.889999389648438,17.969999313354492,17.250377655029293,328800.0,RGS
2012-08-29,26.56999969482422,27.18000030517578,26.5,27.059999465942386,23.94447135925293,1284200.0,RHI
2012-08-29,40.08000183105469,40.209999084472656,39.88000106811523,40.13000106811523,22.681751251220703,454200.0,RHP
2012-08-29,12.0,12.0,12.0,12.0,12.0,400.0,RIBT
2012-08-29,7.699999809265138,7.800000190734862,7.630000114440918,7.710000038146973,7.474578380584718,12300.0,RICK
2012-08-29,16.98748779296875,17.083734512329098,16.85274314880371,16.997112274169922,9.687093734741213,68500.0,RIF
2012-08-29,48.790000915527344,48.88000106811523,47.93999862670898,48.27000045776367,40.78288269042969,2173000.0,RIG
2012-08-29,9.760000228881836,9.93000030517578,9.529999732971193,9.609999656677246,9.609999656677246,208600.0,RIGL
2012-08-29,6.93069314956665,7.524752616882324,6.93069314956665,7.524752616882324,6.5532941818237305,2500.0,RILY
2012-08-29,44.18000030517578,44.27000045776367,43.77999877929688,43.86000061035156,29.836530685424805,3409800.0,RIO
2012-08-29,10.5,10.5,10.5,10.5,7.702720165252685,0.0,RIVE
2012-08-29,9.829999923706056,9.949999809265137,9.8100004196167,9.949999809265137,9.949999809265137,202700.0,RJA
2012-08-29,34.880001068115234,35.09000015258789,34.84000015258789,34.90999984741211,31.34028625488281,361900.0,RJF
2012-08-29,8.829999923706055,8.850000381469727,8.800000190734863,8.850000381469727,8.850000381469727,224000.0,RJI
2012-08-29,6.670000076293945,6.699999809265138,6.630000114440918,6.6500000953674325,6.6500000953674325,21100.0,RJN
2012-08-29,10.100000381469727,10.109999656677246,10.029999732971193,10.039999961853027,10.039999961853027,11000.0,RJZ
2012-08-29,159.67999267578125,160.7100067138672,158.47999572753906,159.33999633789062,137.97799682617188,677300.0,RL
2012-08-29,1.6499999761581419,1.6499999761581419,1.6000000238418581,1.6299999952316284,1.6299999952316284,6100.0,RLGT
2012-08-29,7.239999771118164,7.3499999046325675,7.230000019073486,7.300000190734862,7.300000190734862,18600.0,RLH
2012-08-29,31.774999618530273,31.94499969482422,31.5,31.78000068664551,27.83354759216309,78200.0,RLI
2012-08-29,17.950000762939453,18.020000457763672,17.8700008392334,18.010000228881836,11.993712425231935,139000.0,RLJ
2012-08-29,16.069999694824222,16.459999084472653,15.989999771118164,16.450000762939453,16.450000762939453,6000.0,RM
2012-08-29,4.679999828338623,4.710000038146973,4.559999942779541,4.599999904632568,4.599999904632568,771500.0,RMBS
2012-08-29,12.949999809265135,12.949999809265135,12.899999618530273,12.93000030517578,9.204036712646484,9300.0,RMCF
2012-08-29,37.459999084472656,37.849998474121094,37.400001525878906,37.7400016784668,33.195587158203125,567400.0,RMD
2012-08-29,0.14000000059604645,0.14000000059604645,0.14000000059604645,0.14000000059604645,0.14000000059604645,0.0,RMG
2012-08-29,8.90999984741211,8.989999771118164,8.90999984741211,8.979999542236328,3.662077188491821,32400.0,RMT
2012-08-29,7.800000190734862,8.020000457763674,7.800000190734862,8.010000228881836,8.010000228881836,49500.0,RMTI
2012-08-29,17.68000030517578,17.68000030517578,17.5,17.569999694824222,17.569999694824222,18600.0,RNET
2012-08-29,17.479999542236328,17.579999923706055,17.360000610351562,17.420000076293945,9.81122875213623,110000.0,RNP
2012-08-29,76.9000015258789,77.2300033569336,76.69000244140625,76.9800033569336,70.89213562011719,222200.0,RNR
2012-08-29,18.65999984741211,18.899999618530273,18.65999984741211,18.780000686645508,15.671836853027346,20900.0,RNST
2012-08-29,7.920000076293945,8.079999923706055,7.760000228881836,8.0,8.0,36600.0,RNWK
2012-08-29,5.823999881744385,5.823999881744385,5.823999881744385,5.823999881744385,5.823999881744385,125.0,ROAD
2012-08-29,39.290000915527344,39.59000015258789,39.0099983215332,39.540000915527344,39.540000915527344,17100.0,ROG
2012-08-29,12.539999961853027,12.609999656677244,12.539999961853027,12.600000381469727,9.204072952270508,152200.0,ROIC
2012-08-29,71.98999786376953,72.4800033569336,71.75,72.19999694824219,61.18984985351562,868900.0,ROK
2012-08-29,10.404444694519043,10.533333778381348,10.34666633605957,10.391111373901367,8.846664428710938,362700.0,ROL
2012-08-29,46.11999893188477,46.7400016784668,45.63999938964844,46.41999816894531,44.9345588684082,40900.0,ROLL
2012-08-29,103.43000030517578,103.4800033569336,102.44000244140624,103.16999816894531,98.66051483154295,274100.0,ROP
2012-08-29,43.02999877929688,43.13000106811523,42.36999893188477,42.79999923706055,42.79999923706055,464747.0,ROSE
2012-08-29,34.825000762939446,35.03499984741211,34.685001373291016,34.990001678466804,32.45470428466797,3232400.0,ROST
2012-08-29,18.93000030517578,18.950000762939453,18.5,18.81999969482422,10.021738052368164,142800.0,ROYT
2012-08-29,25.559999465942386,25.790000915527344,25.290000915527344,25.45000076293945,25.45000076293945,936700.0,RP
2012-08-29,11.100000381469727,11.229999542236328,11.010000228881836,11.109999656677246,7.247602939605713,587200.0,RPAI
2012-08-29,27.149999618530273,27.690000534057614,27.059999465942386,27.61000061035156,23.01738357543945,525300.0,RPM
2012-08-29,12.93000030517578,13.039999961853027,12.899999618530273,13.020000457763672,8.869004249572754,286200.0,RPT
2012-08-29,10.899999618530273,10.9399995803833,10.850000381469727,10.890000343322754,6.0690507888793945,285000.0,RQI
2012-08-29,66.05000305175781,66.05000305175781,65.25,65.41999816894531,63.15517044067383,633500.0,RRC
2012-08-29,11.270000457763672,11.520000457763672,11.130000114440918,11.460000038146973,7.3891258239746085,1652300.0,RRD
2012-08-29,30.79999923706055,31.309999465942386,30.78000068664551,30.96999931335449,30.96999931335449,62900.0,RRGB
2012-08-29,425.25,431.5,425.0,431.5,431.5,2500.0,RRTS
2012-08-29,52.290000915527344,52.40999984741211,51.58000183105469,51.97000122070313,43.67978286743164,319600.0,RS
2012-08-29,27.70000076293945,27.790000915527344,27.60000038146973,27.60000038146973,22.63045883178711,1386700.0,RSG
2012-08-29,1.0199999809265137,1.25,1.0199999809265137,1.25,1.25,1700.0,RSSS
2012-08-29,11.800000190734865,12.0,11.729999542236328,11.779999732971193,11.779999732971193,109900.0,RST
2012-08-29,3.9600000381469727,3.990000009536743,3.890000104904175,3.910000085830689,3.910000085830689,78500.0,RTIX
2012-08-29,56.27999877929688,56.83000183105469,56.09000015258789,56.7400016784668,47.60032653808594,1380500.0,RTN
2012-08-29,5.0,5.0,5.0,5.0,5.0,0.0,RUBY
2012-08-29,17.899999618530273,17.950000762939453,17.700000762939453,17.709999084472656,17.344940185546875,62400.0,RUSHA
2012-08-29,15.5,15.5,15.210000038146973,15.210000038146973,14.896737098693848,11000.0,RUSHB
2012-08-29,6.170000076293945,6.239999771118164,6.130000114440918,6.190000057220459,5.470564365386963,91400.0,RUTH
2012-08-29,1.0900000333786009,1.0900000333786009,1.0900000333786009,1.0900000333786009,1.0900000333786009,0.0,RVP
2012-08-29,1.3200000524520874,1.3300000429153442,1.3200000524520874,1.3300000429153442,1.2187658548355105,4700.0,RVSB
2012-08-29,11.771217346191404,11.789668083190918,11.734317779541016,11.752767562866213,6.165976047515869,156500.0,RVT
2012-08-29,14.140000343322756,14.1899995803833,14.079999923706055,14.079999923706055,8.177678108215332,717400.0,RWT
2012-08-29,15.15999984741211,15.300000190734865,14.90999984741211,15.229999542236328,7.807744026184082,69700.0,RXN
2012-08-29,54.97000122070313,55.43999862670898,54.72999954223633,55.1500015258789,38.18285369873047,401600.0,RY
2012-08-29,31.75384521484375,31.86666679382324,31.456409454345703,31.66153907775879,27.541522979736328,48600.0,RYAAY
2012-08-29,36.527259826660156,36.70649719238281,36.445106506347656,36.527259826660156,26.34153938293457,788200.0,RYN
2012-08-29,26.11000061035156,26.5,26.020000457763672,26.20000076293945,19.328571319580078,91500.0,RZA
2012-08-29,16.760000228881836,16.829999923706055,16.170000076293945,16.350000381469727,16.350000381469727,345200.0,SA
2012-08-29,26379.0,26379.0,26379.0,26379.0,26379.0,0.0,SAEX
2012-08-29,3.7999999523162837,3.900000095367432,3.7000000476837163,3.7999999523162837,3.466310977935791,611700.0,SAF
2012-08-29,44.08000183105469,44.88000106811523,43.22000122070313,44.36999893188477,39.81437683105469,552300.0,SAFM
2012-08-29,46.70000076293945,46.849998474121094,46.1500015258789,46.68999862670898,33.260257720947266,21200.0,SAFT
2012-08-29,17.899999618530273,18.020000457763672,17.719999313354492,17.940000534057614,16.70669174194336,359200.0,SAH
2012-08-29,14.920000076293945,15.06666660308838,14.766666412353516,14.813333511352539,14.813333511352539,162900.0,SAIA
2012-08-29,24.75,24.75,24.75,24.75,19.17570304870605,0.0,SAL
2012-08-29,5.010000228881836,5.010000228881836,4.889999866485597,4.980000019073486,3.3174357414245605,10100.0,SALM
2012-08-29,101.48999786376952,104.4800033569336,100.4000015258789,103.3499984741211,103.3499984741211,174300.0,SAM
2012-08-29,6.869999885559082,6.889999866485597,6.800000190734862,6.8499999046325675,4.426262855529785,6866100.0,SAN
2012-08-29,9.760000228881836,9.760000228881836,9.649999618530273,9.710000038146973,9.710000038146973,146300.0,SAND
2012-08-29,8.880000114440918,9.100000381469727,8.8100004196167,9.09000015258789,9.09000015258789,326700.0,SANM
2012-08-29,5.559999942779541,5.579999923706055,5.440000057220459,5.53000020980835,5.53000020980835,13800.0,SANW
2012-08-29,65.20999908447266,65.51000213623047,64.94000244140625,65.01000213623047,57.64191436767578,847900.0,SAP
2012-08-29,17.059999465942386,17.059999465942386,17.059999465942386,17.059999465942386,6.768125534057617,700.0,SAR
2012-08-29,18.1299991607666,18.459999084472656,18.06999969482422,18.299999237060547,14.49537467956543,21800.0,SASR
2012-08-29,22.13128089904785,22.236629486083984,21.87196159362793,22.042139053344727,22.042139053344727,310300.0,SATS
2012-08-29,28.28000068664551,28.70000076293945,28.0,28.489999771118164,21.791725158691406,5300.0,SAVA
2012-08-29,19.51000022888184,19.729999542236328,19.479999542236328,19.670000076293945,19.670000076293945,316300.0,SAVE
2012-08-29,6.039999961853027,6.0999999046325675,6.039999961853027,6.070000171661378,5.540123462677002,112800.0,SB
2012-08-29,59.9900016784668,60.290000915527344,59.88000106811523,60.04999923706055,60.04999923706055,946100.0,SBAC
2012-08-29,5.0,5.0,5.0,5.0,4.64253568649292,600.0,SBBX
2012-08-29,7.3499999046325675,7.3499999046325675,7.199999809265138,7.300000190734862,7.300000190734862,12900.0,SBCF
2012-08-29,6.0,6.0,6.0,6.0,6.0,0.0,SBE
2012-08-29,7.070000171661378,7.699999809265138,7.010000228881836,7.309999942779541,6.4016075134277335,12200.0,SBFG
2012-08-29,11.630000114440918,11.8100004196167,11.489999771118164,11.609999656677244,8.972521781921387,409500.0,SBGI
2012-08-29,28.10000038146973,28.1299991607666,27.670000076293945,27.70000076293945,27.70000076293945,1197000.0,SBH
2012-08-29,10.40999984741211,10.510000228881836,10.40999984741211,10.5,7.471412181854247,26000.0,SBI
2012-08-29,37.5,39.75,37.5,39.0,37.44479751586914,2200.0,SBLK
2012-08-29,64.40000152587889,64.81999969482422,64.26000213623047,64.44999694824219,62.4412956237793,241000.0,SBNY
2012-08-29,52.02999877929688,54.06000137329102,51.02999877929688,51.290000915527344,30.972585678100586,49800.0,SBR
2012-08-29,19.6200008392334,19.729999542236328,19.38999938964844,19.420000076293945,11.059502601623537,133600.0,SBRA
2012-08-29,14.533333778381348,14.723333358764648,14.511666297912598,14.553333282470705,12.167706489562988,2148000.0,SBS
2012-08-29,18.651805877685547,19.04829406738281,18.45778083801269,18.60962677001953,14.11240005493164,90700.0,SBSI
2012-08-29,1850.0,1850.0,1850.0,1850.0,1833.606201171875,555.0,SBT
2012-08-29,24.71999931335449,24.834999084472656,24.524999618530273,24.584999084472656,21.70738983154297,12303000.0,SBUX
2012-08-29,32.709999084472656,32.709999084472656,32.15999984741211,32.34999847412109,25.31910896301269,1804900.0,SCCO
2012-08-29,14.100000381469727,14.199999809265135,14.09000015258789,14.199999809265135,7.17621374130249,68300.0,SCD
2012-08-29,31.68000030517578,31.81999969482422,31.059999465942386,31.26000022888184,27.4823055267334,188800.0,SCHL
2012-08-29,27.8700008392334,28.15999984741211,26.93000030517578,27.46999931335449,21.993410110473636,592600.0,SCHN
2012-08-29,13.1899995803833,13.399999618530273,13.170000076293945,13.390000343322756,12.283514022827148,6737600.0,SCHW
2012-08-29,12.979999542236328,13.170000076293945,12.979999542236328,13.119999885559082,11.520681381225586,305600.0,SCI
2012-08-29,1.2999999523162842,1.2999999523162842,1.2999999523162842,1.2999999523162842,1.2999999523162842,1000.0,SCKT
2012-08-29,47.7599983215332,48.834999084472656,47.7599983215332,48.65999984741211,43.93476867675781,95800.0,SCL
2012-08-29,1062.0,1116.0,1026.0,1062.0,1062.0,0.0,SCON
2012-08-29,13.90999984741211,14.15999984741211,13.720000267028807,14.050000190734865,14.050000190734865,158300.0,SCOR
2012-08-29,9.739999771118164,9.829999923706056,9.710000038146973,9.770000457763672,7.5891666412353525,859000.0,SCS
2012-08-29,30.29999923706055,30.81999969482422,30.229999542236328,30.559999465942386,30.559999465942386,57300.0,SCSC
2012-08-29,79.80000305175781,80.5,78.69999694824219,79.0,68.00969696044922,80000.0,SCU
2012-08-29,22.270000457763672,22.6200008392334,22.100000381469727,22.40999984741211,19.6826229095459,139400.0,SCVL
2012-08-29,12.5600004196167,12.649999618530273,12.329999923706055,12.5,10.310850143432617,2000.0,SCX
2012-08-29,11002.6689453125,11013.380859375,10911.6279296875,10989.28125,8919.658203125,6500.0,SDRL
2012-08-29,28.06999969482422,28.06999969482422,28.06999969482422,28.06999969482422,18.243505477905273,100.0,SDYL
2012-08-29,7.8400001525878915,8.199999809265138,7.769999980926514,8.109999656677246,8.109999656677246,286700.0,SEAC
2012-08-29,2129.7099609375,2135.02001953125,2085.0,2122.56005859375,2099.443115234375,1000.0,SEB
2012-08-29,13.8100004196167,14.579999923706055,13.779999732971193,14.579999923706055,12.971513748168945,9814300.0,SEE
2012-08-29,15.399999618530273,15.899999618530273,14.399999618530273,14.699999809265135,14.699999809265135,4300.0,SEED
2012-08-29,885.0,915.0,864.0,870.0,870.0,400.0,SEEL
2012-08-29,21.940000534057614,22.0,21.84000015258789,21.920000076293945,20.085166931152344,500400.0,SEIC
2012-08-29,4.0,4.139999866485597,4.0,4.099999904632568,2.3953702449798584,15500.0,SELF
2012-08-29,10.390000343322754,10.489999771118164,10.3100004196167,10.420000076293944,8.358439445495605,422900.0,SEM
2012-08-29,29.03000068664551,29.38999938964844,28.70000076293945,29.0,29.0,17100.0,SENEA
2012-08-29,28.989999771118164,28.989999771118164,28.989999771118164,28.989999771118164,28.989999771118164,300.0,SENEB
2012-08-29,66.55999755859375,71.68000030517578,66.55999755859375,70.4000015258789,70.4000015258789,5600.0,SES
2012-08-29,32.700000762939446,33.220001220703125,32.669998168945305,33.139999389648445,32.286800384521484,324500.0,SF
2012-08-29,10.390000343322754,10.449999809265137,10.390000343322754,10.399999618530273,9.329082489013672,10500.0,SFBC
2012-08-29,15.1899995803833,15.4399995803833,15.109999656677244,15.40999984741211,14.143771171569824,49600.0,SFE
2012-08-29,16.190000534057614,16.190000534057614,16.0,16.049999237060547,6.888199806213379,308200.0,SFL
2012-08-29,11.899999618530273,11.96500015258789,11.84000015258789,11.854999542236328,9.875168800354004,44800.0,SFNC
2012-08-29,7.7727274894714355,8.136363983154299,7.5999999046325675,8.136363983154299,8.136363983154299,17600.0,SFST
2012-08-29,13.18000030517578,13.229999542236328,12.8100004196167,12.960000038146973,11.043815612792967,178100.0,SFUN
2012-08-29,1.5,1.5,1.5,1.5,1.5,0.0,SG
2012-08-29,29.962499618530273,30.36000061035156,29.962499618530273,30.36000061035156,23.604799270629886,1700.0,SGA
2012-08-29,8.0,8.0,8.0,8.0,6.696167945861816,0.0,SGB
2012-08-29,6.0,6.0,6.0,6.0,4.630683422088623,1200.0,SGC
2012-08-29,26.8700008392334,27.07999992370605,26.479999542236328,26.75,26.75,302200.0,SGEN
2012-08-29,74.91999816894531,75.30000305175781,73.77999877929688,73.83999633789062,73.83999633789062,14800.0,SGG
2012-08-29,1.6000000238418581,1.6000000238418581,1.6000000238418581,1.6000000238418581,1.6000000238418581,0.0,SGLB
2012-08-29,3.75,3.7999999523162837,3.75,3.7899999618530273,3.7899999618530273,4400.0,SGMA
2012-08-29,5.300000190734863,5.420000076293945,5.28000020980835,5.400000095367432,5.400000095367432,94800.0,SGMO
2012-08-29,7.010000228881836,7.46999979019165,6.920000076293945,7.21999979019165,7.21999979019165,780800.0,SGMS
2012-08-29,6.079999923706055,6.079999923706055,6.079999923706055,6.079999923706055,6.079999923706055,0.0,SGOC
2012-08-29,2.0699999332427983,2.150000095367432,1.8500000238418581,2.0999999046325684,2.0999999046325684,54500.0,SGRP
2012-08-29,4.510000228881836,4.510000228881836,4.480000019073486,4.5,3.051094055175781,10800.0,SGU
2012-08-29,5.809999942779541,6.329999923706055,5.75,5.75,5.288426399230957,3100.0,SHBI
2012-08-29,7.885000228881836,7.90500020980835,7.764999866485597,7.875,6.742382526397705,171400.0,SHEN
2012-08-29,32.43000030517578,32.44499969482422,32.310001373291016,32.419998168945305,28.21363067626953,412000.0,SHG
2012-08-29,17.486665725708008,17.486665725708008,17.273332595825195,17.360000610351562,12.717220306396484,11100.0,SHI
2012-08-29,130.5,131.25,128.25,131.25,131.25,0.0,SHIP
2012-08-29,10.699999809265137,10.699999809265137,10.399999618530273,10.539999961853027,10.308249473571776,3500.0,SHLO
2012-08-29,10.399999618530273,10.5,10.399999618530273,10.449999809265137,7.793230533599853,2946700.0,SHO
2012-08-29,18.79111099243164,18.97333335876465,18.613332748413086,18.92888832092285,18.225011825561523,817600.0,SHOO
2012-08-29,4.400000095367432,4.400000095367432,4.400000095367432,4.400000095367432,3.633890628814697,0.0,SHSP
2012-08-29,142.66000366210938,144.89999389648438,142.52999877929688,144.52999877929688,133.89070129394528,747600.0,SHW
2012-08-29,5.03000020980835,5.050000190734863,4.789999961853027,4.829999923706055,3.527845859527588,6733800.0,SID
2012-08-29,1.6000000238418581,1.6499999761581419,1.6000000238418581,1.6499999761581419,1.4239726066589355,300.0,SIEB
2012-08-29,18.71999931335449,18.850000381469727,18.709999084472656,18.850000381469727,18.35198402404785,600.0,SIF
2012-08-29,2.0699999332427983,2.1199998855590816,2.059999942779541,2.0799999237060547,1.9264010190963743,34800.0,SIFY
2012-08-29,45.9000015258789,46.02999877929688,45.70000076293945,45.9000015258789,38.61653900146485,435400.0,SIG
2012-08-29,3.0499999523162837,3.0999999046325684,2.990000009536743,3.0999999046325684,3.0999999046325684,141400.0,SIGA
2012-08-29,18.170000076293945,18.38999938964844,17.940000534057614,18.280000686645508,16.086347579956055,98400.0,SIGI
2012-08-29,15.210000038146973,15.210000038146973,15.210000038146973,15.210000038146973,13.06694507598877,200.0,SILC
2012-08-29,1.7924000024795532,1.8291200399398804,1.7042399644851685,1.740970015525818,1.740970015525818,1695508.0,SILK
2012-08-29,11.100000381469727,11.1899995803833,10.960000038146973,11.18000030517578,10.431848526000977,32500.0,SIM
2012-08-29,15.229999542236328,15.65999984741211,15.15999984741211,15.579999923706055,12.695699691772461,413200.0,SIMO
2012-08-29,56.040000915527344,57.95000076293945,55.93000030517578,57.52000045776367,57.52000045776367,3270100.0,SINA
2012-08-29,2.220000028610229,2.2799999713897705,2.220000028610229,2.2799999713897705,2.2799999713897705,20300.0,SINO
2012-08-29,2.5199999809265137,2.549999952316284,2.509999990463257,2.539999961853028,2.427159786224365,41354400.0,SIRI
2012-08-29,25.22480010986328,25.34040069580078,25.12579917907715,25.241300582885746,25.241300582885746,1156426.0,SITC
2012-08-29,57.79999923706055,58.81000137329102,57.38000106811523,58.61000061035156,58.61000061035156,551900.0,SIVB
2012-08-29,27.57500076293945,27.65500068664551,27.315000534057614,27.46999931335449,17.56155776977539,623200.0,SIX
2012-08-29,25.59000015258789,25.76000022888184,25.57500076293945,25.670000076293945,17.718835830688477,121200.0,SJI
2012-08-29,84.5199966430664,85.47000122070312,84.5199966430664,85.02999877929688,70.40133666992188,897800.0,SJM
2012-08-29,20.43000030517578,20.520000457763672,20.3700008392334,20.450000762939453,13.29980754852295,63800.0,SJR
2012-08-29,14.0,14.4399995803833,13.550000190734865,13.630000114440918,8.57551383972168,366500.0,SJT
2012-08-29,23.78000068664551,24.239999771118164,23.56999969482422,24.059999465942386,20.192272186279297,12900.0,SJW
2012-08-29,14.649999618530273,14.65999984741211,14.550000190734865,14.600000381469727,10.83082389831543,1168400.0,SKM
2012-08-29,33.470001220703125,33.610000610351555,33.34000015258789,33.59999847412109,23.93643569946289,404500.0,SKT
2012-08-29,7.2866668701171875,7.413333415985107,7.21666669845581,7.313333511352539,7.313333511352539,1385100.0,SKX
2012-08-29,4.800000190734863,4.820000171661377,4.699999809265137,4.789999961853027,4.595583438873291,6500.0,SKY
2012-08-29,8.75,8.859999656677246,8.560000419616701,8.710000038146973,8.042409896850586,228000.0,SKYW
2012-08-29,38.15999984741211,39.08000183105469,37.810001373291016,38.88999938964844,38.88999938964844,328100.0,SLAB
2012-08-29,74.4000015258789,74.4000015258789,72.87000274658203,72.95999908447266,58.058937072753906,6009900.0,SLB
2012-08-29,11.65999984741211,11.920000076293945,11.520000457763672,11.859999656677244,10.235393524169922,239900.0,SLCA
2012-08-29,5.150000095367432,5.150000095367432,5.150000095367432,5.150000095367432,5.150000095367432,0.0,SLCT
2012-08-29,23.1200008392334,23.29999923706055,22.95000076293945,23.239999771118164,16.322662353515625,342000.0,SLF
2012-08-29,80.95999908447266,81.20999908447266,80.58999633789062,81.0,65.83232116699219,332300.0,SLG
2012-08-29,20.75,20.989999771118164,20.71999931335449,20.8700008392334,18.864940643310547,209800.0,SLGN
2012-08-29,5.629020690917969,5.646890640258789,5.568263053894043,5.611150741577148,5.266276836395264,3228800.0,SLM
2012-08-29,46.45000076293945,46.849998474121094,46.29999923706055,46.849998474121094,32.933467864990234,1000.0,SLMBP
2012-08-29,4.400000095367432,4.449999809265137,4.400000095367432,4.4099998474121085,3.621739625930786,10400.0,SLP
2012-08-29,23.03000068664551,23.29999923706055,22.959999084472656,23.239999771118164,12.008462905883787,194900.0,SLRC
2012-08-29,49800.0,53700.0,49800.0,51900.0,51900.0,200.0,SLS
2012-08-29,47.36000061035156,47.5099983215332,46.40999984741211,47.25,45.97297286987305,563000.0,SM
2012-08-29,11.75,11.75,11.515000343322756,11.515000343322756,9.667913436889648,600.0,SMBC
2012-08-29,5.599999904632568,5.599999904632568,5.320000171661377,5.400000095367432,5.375794887542725,1000.0,SMBK
2012-08-29,12.550000190734865,12.630000114440918,12.369999885559082,12.539999961853027,12.539999961853027,76300.0,SMCI
2012-08-29,2.900000095367432,2.900000095367432,2.8499999046325684,2.869999885559082,2.869999885559082,1900.0,SMED
2012-08-29,6.289999961853027,6.3400001525878915,6.260000228881836,6.309999942779541,4.777122974395752,520400.0,SMFG
2012-08-29,41.06999969482422,41.77999877929688,40.91999816894531,41.560001373291016,32.74887466430664,261500.0,SMG
2012-08-29,3.490000009536743,3.490000009536743,3.490000009536743,3.490000009536743,3.490000009536743,0.0,SMIT
2012-08-29,20.780000686645508,21.049999237060547,20.700000762939453,20.809999465942386,11.290998458862305,13000.0,SMM
2012-08-29,4.190000057220459,4.190000057220459,4.050000190734863,4.099999904632568,3.6275849342346187,4300.0,SMMF
2012-08-29,17.420000076293945,17.790000915527344,17.360000610351562,17.670000076293945,15.603647232055664,62900.0,SMP
2012-08-29,8.140000343322754,8.350000381469728,7.96999979019165,8.300000190734862,4.44762659072876,212300.0,SMRT
2012-08-29,6.679999828338622,6.800000190734862,6.480000019073486,6.800000190734862,6.800000190734862,9800.0,SMSI
2012-08-29,24.68000030517578,24.940000534057614,24.479999542236328,24.85000038146973,24.85000038146973,250400.0,SMTC
2012-08-29,2.8499999046325684,2.8499999046325684,2.8499999046325684,2.8499999046325684,2.761819362640381,0.0,SMTS
2012-08-29,3.0199999809265137,3.0199999809265137,2.990000009536743,2.990000009536743,2.990000009536743,5600.0,SMTX
2012-08-29,69.65000152587889,69.87999725341797,69.13999938964844,69.54000091552734,60.53801727294922,162900.0,SNA
2012-08-29,28.729999542236328,29.29999923706055,28.5,29.06999969482422,29.06999969482422,265900.0,SNBR
2012-08-29,22.450000762939453,22.690000534057614,22.239999771118164,22.649999618530273,22.649999618530273,128500.0,SNCR
2012-08-29,11.770000457763672,11.800000190734865,11.6899995803833,11.729999542236328,11.029349327087402,1302000.0,SNE
2012-08-29,2.9773993492126465,3.510197162628174,2.969564199447632,3.329986095428467,3.329986095428467,166300.0,SNFCA
2012-08-29,4.099999904632568,4.099999904632568,4.099999904632568,4.099999904632568,4.099999904632568,0.0,SNGX
2012-08-29,12.699999809265135,13.5,12.600000381469727,13.0,7.1837830543518075,1500.0,SNMP
2012-08-29,21.160463333129886,21.22048759460449,21.100440979003906,21.176469802856445,16.765972137451172,48700.0,SNN
2012-08-29,277.20001220703125,286.6499938964844,277.20001220703125,280.35000610351557,280.35000610351557,0.0,SNOA
2012-08-29,73.79230499267578,73.984619140625,73.5076904296875,73.5076904296875,46.39984512329102,70800.0,SNP
2012-08-29,33.18000030517578,33.43000030517578,33.15999984741211,33.240001678466804,33.240001678466804,673600.0,SNPS
2012-08-29,20.280000686645508,20.459999084472656,19.5,19.799999237060547,19.799999237060547,39900.0,SNSS
2012-08-29,14.279999732971193,14.350000381469727,14.06999969482422,14.279999732971193,12.53945541381836,393900.0,SNV
2012-08-29,34.419998168945305,34.56999969482422,34.130001068115234,34.52000045776367,32.46955108642578,76200.0,SNX
2012-08-29,41.040000915527344,41.15999984741211,40.849998474121094,40.900001525878906,31.338308334350586,901700.0,SNY
2012-08-29,45.77999877929688,45.790000915527344,45.4000015258789,45.52000045776367,31.791900634765625,3031400.0,SO
2012-08-29,3.7999999523162837,3.900000095367432,3.7799999713897705,3.7999999523162837,2.3519127368927,3000.0,SOHO
2012-08-29,40.77000045776367,41.400001525878906,40.02000045776367,40.22000122070313,40.22000122070313,653100.0,SOHU
2012-08-29,7.8499999046325675,7.9000000953674325,7.5999999046325675,7.5999999046325675,7.5999999046325675,36300.0,SOL
2012-08-29,30.479999542236328,30.76000022888184,30.209999084472656,30.60000038146973,23.849794387817386,254700.0,SON
2012-08-29,7.829999923706055,7.829999923706055,7.699999809265138,7.699999809265138,6.428879737854004,600.0,SONA
2012-08-29,0.0003999999898951501,0.0003999999898951501,0.0003999999898951501,0.0003999999898951501,0.0003999999898951501,0.0,SONM
2012-08-29,50.6500015258789,51.25,50.6500015258789,51.25,16.790155410766598,6900.0,SOR
2012-08-29,1.9099999666213991,1.9299999475479128,1.8799999952316284,1.9299999475479128,1.9299999475479128,12700.0,SORL
2012-08-29,23.10000038146973,23.46999931335449,23.0,23.459999084472656,23.459999084472656,21500.0,SP
2012-08-29,5.0,5.099999904632568,5.0,5.0900001525878915,4.560316562652588,47300.0,SPAR
2012-08-29,51.7283935546875,54.32098770141602,51.7283935546875,53.70370483398438,45.28580856323242,16300.0,SPB
2012-08-29,0.6800000071525574,0.6800000071525574,0.6800000071525574,0.6800000071525574,0.6800000071525574,0.0,SPCB
2012-08-29,15.25,15.25,15.25,15.25,7.339730262756348,6000.0,SPE
2012-08-29,0.4134399890899658,0.4134399890899658,0.4134399890899658,0.4134399890899658,0.4114229381084442,0.0,SPFI
2012-08-29,149.38851928710938,149.50140380859375,148.19378662109375,148.4571990966797,110.86932373046876,1184900.0,SPG
2012-08-29,50.0,50.790000915527344,49.86999893188477,50.790000915527344,43.87945938110352,2710200.0,SPGI
2012-08-29,38.0,38.25,37.900001525878906,38.25,18.44259262084961,231700.0,SPH
2012-08-29,31.0,31.040000915527344,30.51000022888184,30.84000015258789,30.84000015258789,311300.0,SPLK
2012-08-29,10.949999809265137,10.949999809265137,10.869999885559082,10.9399995803833,10.8345365524292,424100.0,SPLP
2012-08-29,3.7100000381469727,3.759999990463257,3.670000076293945,3.759999990463257,3.31290864944458,7700.0,SPNS
2012-08-29,11.079999923706056,11.359999656677244,11.039999961853027,11.239999771118164,8.546527862548826,81900.0,SPOK
2012-08-29,11.739999771118164,12.170000076293945,11.65999984741211,12.0,11.839858055114744,1468200.0,SPPI
2012-08-29,25.29999923706055,25.479999542236328,25.1299991607666,25.43000030517578,24.942087173461914,605200.0,SPR
2012-08-29,9.210000038146973,9.449999809265137,9.0,9.420000076293944,4.869275093078613,18800.0,SPRT
2012-08-29,16.594999313354492,17.084999084472653,16.364999771118164,16.954999923706055,16.954999923706055,108600.0,SPSC
2012-08-29,0.09000000357627869,0.09000000357627869,0.07000000029802322,0.07000000029802322,0.07000000029802322,12000.0,SPT
2012-08-29,15.4399995803833,15.720000267028807,15.34000015258789,15.6899995803833,12.583215713500975,36900.0,SPTN
2012-08-29,4.849999904632568,4.920000076293945,4.75,4.829999923706055,4.829999923706055,572300.0,SPWR
2012-08-29,16.444221496582028,16.444221496582028,16.162176132202152,16.255352020263672,15.549589157104492,1559800.0,SPXC
2012-08-29,13.31999969482422,13.460000038146973,13.31999969482422,13.40999984741211,7.6736717224121085,37000.0,SPXX
2012-08-29,5.099999904632568,5.099999904632568,5.099999904632568,5.099999904632568,5.099999904632568,600.0,SQBG
2012-08-29,59.71762466430664,60.6329116821289,59.55209350585938,59.68841171264648,44.69242477416992,617400.0,SQM
2012-08-29,6.920000076293945,6.920000076293945,6.559999942779541,6.760000228881836,6.760000228881836,7100.0,SQNS
2012-08-29,42.15999984741211,42.41999816894531,42.15999984741211,42.400001525878906,32.68260955810547,59300.0,SR
2012-08-29,23.34000015258789,23.770000457763672,23.26000022888184,23.51000022888184,19.91164970397949,13800.0,SRCE
2012-08-29,91.48999786376952,92.47000122070312,91.20999908447266,92.41999816894531,92.41999816894531,309000.0,SRCL
2012-08-29,18.799999237060547,18.799999237060547,18.57999992370605,18.6299991607666,18.6299991607666,92300.0,SRDX
2012-08-29,66.77999877929689,66.91000366210939,66.43000030517578,66.83000183105469,53.07320785522461,839700.0,SRE
2012-08-29,9.010000228881836,9.199999809265137,8.979999542236328,9.15999984741211,9.15999984741211,720900.0,SREV
2012-08-29,112.0,112.75,111.4000015258789,112.4499969482422,56.39382553100586,3700.0,SRF
2012-08-29,6.489999771118164,6.5900001525878915,6.489999771118164,6.550000190734862,6.550000190734862,44500.0,SRI
2012-08-29,41.099998474121094,41.95000076293945,40.75,41.75,38.920894622802734,80500.0,SRL
2012-08-29,10.0,10.0,10.0,10.0,10.0,0.0,SRNE
2012-08-29,12.739999771118164,12.890000343322756,12.399999618530273,12.600000381469727,12.600000381469727,839200.0,SRPT
2012-08-29,2.9500000476837163,2.970000028610229,2.940000057220459,2.940000057220459,2.940000057220459,1400.0,SRT
2012-08-29,45.29999923706055,45.29999923706055,44.79999923706055,45.0,21.151594161987305,17700.0,SRV
2012-08-29,39.83000183105469,40.29999923706055,39.43000030517578,40.22000122070313,35.36133575439453,46600.0,SSB
2012-08-29,5.119999885559082,5.191999912261963,5.119999885559082,5.191999912261963,3.740344524383545,1700.0,SSBI
2012-08-29,26.03000068664551,26.18000030517578,25.71999931335449,25.8700008392334,22.869598388671875,120000.0,SSD
2012-08-29,20.90999984741211,21.149999618530273,20.71999931335449,21.030000686645508,13.467782020568848,235500.0,SSI
2012-08-29,162.5,170.0,162.5,167.5,167.5,1600.0,SSKN
2012-08-29,43.47999954223633,43.56999969482422,43.040000915527344,43.16999816894531,32.629016876220696,215000.0,SSL
2012-08-29,11.21500015258789,11.3149995803833,11.210000038146973,11.225000381469727,10.774229049682617,408600.0,SSNC
2012-08-29,0.14000000059604645,0.14000000059604645,0.14000000059604645,0.14000000059604645,0.11666128039360045,0.0,SSNT
2012-08-29,9.272404670715332,9.316770553588867,9.228038787841797,9.307896614074707,8.647786140441895,179400.0,SSP
2012-08-29,14.470000267028807,14.59000015258789,13.850000381469727,13.989999771118164,13.989999771118164,856600.0,SSRM
2012-08-29,8.539999961853027,8.609999656677246,8.5,8.539999961853027,5.704416751861572,150100.0,SSSS
2012-08-29,1.1399999856948853,1.1399999856948853,1.1399999856948853,1.1399999856948853,1.1399999856948853,400.0,SSY
2012-08-29,66.37000274658203,70.0,66.22000122070311,69.23999786376953,69.23999786376953,785200.0,SSYS
2012-08-29,30.45000076293945,30.54999923706055,30.26000022888184,30.270000457763672,30.270000457763672,80800.0,ST
2012-08-29,6.670000076293945,6.8499999046325675,6.6599998474121085,6.78000020980835,6.78000020980835,56700.0,STAA
2012-08-29,15.550000190734865,15.75,15.520000457763672,15.75,10.041054725646973,409700.0,STAG
2012-08-29,7.230000019073486,7.289999961853027,7.199999809265138,7.21999979019165,6.791279315948486,307000.0,STAR
2012-08-29,17.549999237060547,17.790000915527344,17.430000305175778,17.700000762939453,14.418615341186525,39000.0,STBA
2012-08-29,19.63999938964844,19.81999969482422,19.479999542236328,19.809999465942386,16.914247512817386,236000.0,STC
2012-08-29,3.2000000476837163,3.3299999237060547,3.130000114440918,3.2999999523162837,3.2999999523162837,50000.0,STCN
2012-08-29,34.330001831054695,34.560001373291016,34.299999237060554,34.330001831054695,30.74830818176269,168900.0,STE
2012-08-29,14.59000015258789,14.710000038146973,14.59000015258789,14.649999618530273,12.773273468017578,20000.0,STFC
2012-08-29,18.350000381469727,18.350000381469727,18.350000381469727,18.350000381469727,18.350000381469727,0.0,STG
2012-08-29,16.049999237060547,16.139999389648438,16.0,16.079999923706055,7.09914493560791,39600.0,STK
2012-08-29,5.889999866485597,6.0,5.789999961853027,5.980000019073486,5.980000019073486,300900.0,STKL
2012-08-29,8.819999694824219,8.960000038146973,8.770000457763674,8.930000305175781,7.819103240966798,77500.0,STL
2012-08-29,12.3100004196167,12.43000030517578,12.149999618530273,12.25,9.99638843536377,1503200.0,STLD
2012-08-29,5.820000171661378,5.949999809265138,5.820000171661378,5.9099998474121085,4.6235785484313965,1909700.0,STM
2012-08-29,23.149999618530273,23.239999771118164,21.6299991607666,21.93000030517578,21.93000030517578,795600.0,STMP
2012-08-29,16.149999618530273,16.245000839233402,15.795000076293945,15.795000076293945,13.261534690856935,4200.0,STN
2012-08-29,17.100000381469727,17.100000381469727,17.100000381469727,17.100000381469727,14.769554138183596,600.0,STND
2012-08-29,55.5,56.29999923706055,54.4000015258789,55.9000015258789,53.47452926635742,11700.0,STNG
2012-08-29,23.479999542236328,23.479999542236328,22.90999984741211,23.01000022888184,14.317716598510742,80900.0,STON
2012-08-29,35.630001068115234,35.68000030517578,35.38999938964844,35.38999938964844,35.38999938964844,15000.0,STPP
2012-08-29,65.12999725341797,66.34999847412111,64.0,64.87999725341797,60.95155715942383,96300.0,STRA
2012-08-29,9.869999885559082,10.0,9.710000038146973,9.970000267028807,9.970000267028807,24200.0,STRL
2012-08-29,4.769999980926514,4.789999961853027,4.630000114440918,4.690000057220459,4.690000057220459,31100.0,STRM
2012-08-29,9.0,9.0,9.0,9.0,8.677996635437013,0.0,STRS
2012-08-29,21.61000061035156,21.61000061035156,21.61000061035156,21.61000061035156,19.326780319213867,100.0,STRT
2012-08-29,21.0,21.059999465942386,20.8700008392334,20.96999931335449,20.96999931335449,268362.0,STSA
2012-08-29,41.09000015258789,41.40999984741211,41.09000015258789,41.22999954223633,34.97459030151367,3259100.0,STT
2012-08-29,18.811481475830078,19.02112579345703,18.78729248046875,18.996936798095703,9.495564460754396,1328300.0,STWD
2012-08-29,33.630001068115234,34.029998779296875,33.459999084472656,33.59000015258789,22.426164627075195,5128300.0,STX
2012-08-29,1.6058393716812134,1.6240875720977783,1.5054744482040403,1.5875912904739382,1.5875912904739382,7100.0,STXS
2012-08-29,32.290000915527344,33.02000045776367,32.290000915527344,32.84999847412109,30.93490219116211,2718100.0,STZ
2012-08-29,31.809999465942386,31.920000076293945,31.36000061035156,31.45000076293945,23.208438873291016,2356400.0,SU
2012-08-29,46.0,46.16999816894531,45.93000030517578,46.099998474121094,33.62899780273437,69100.0,SUI
2012-08-29,23.21999931335449,24.29999923706055,23.1299991607666,23.1299991607666,23.1299991607666,2100.0,SUMR
2012-08-29,0.36000001430511475,0.36000001430511475,0.36000001430511475,0.36000001430511475,0.1909354031085968,0.0,SUN
2012-08-29,17.399999618530273,17.600000381469727,17.399999618530273,17.450000762939453,9.163824081420898,68500.0,SUNS
2012-08-29,5.0960001945495605,5.460000038146973,5.0960001945495605,5.460000038146973,5.460000038146973,0.0,SUNW
2012-08-29,17.069999694824222,17.209999084472653,16.969999313354492,17.139999389648438,13.06558322906494,41200.0,SUP
2012-08-29,12.34000015258789,12.56999969482422,12.229999542236328,12.369999885559082,12.369999885559082,19600.0,SUPN
2012-08-29,2.303333282470703,2.303333282470703,2.303333282470703,2.303333282470703,1.778819918632507,0.0,SUZ
2012-08-29,2.25,2.25,2.200000047683716,2.220000028610229,2.220000028610229,19988.0,SVA
2012-08-29,3.150000095367432,3.150000095367432,3.150000095367432,3.150000095367432,3.0385582447052,100.0,SVBI
2012-08-29,23.88999938964844,24.25,23.790000915527344,24.15999984741211,13.971757888793945,342700.0,SVC
2012-08-29,8.989999771118164,9.0,8.880000114440918,8.899999618530273,7.778362274169923,2600.0,SVT
2012-08-29,16.020000457763672,16.129999160766598,15.869999885559082,16.059999465942386,12.154732704162598,56500.0,SVVC
2012-08-29,9.029999732971193,9.029999732971193,8.560000419616701,8.600000381469728,8.600000381469728,152900.0,SWIR
2012-08-29,66.18000030517578,66.58999633789061,65.65000152587889,66.47000122070311,56.435096740722656,911000.0,SWK
2012-08-29,7.5999999046325675,8.199999809265138,7.5999999046325675,8.199999809265138,8.199999809265138,600.0,SWKH
2012-08-29,29.63999938964844,29.85000038146973,29.290000915527344,29.729999542236328,27.32431411743164,2106000.0,SWKS
2012-08-29,32.529998779296875,33.080001831054695,32.330001831054695,32.799999237060554,23.865671157836914,111200.0,SWM
2012-08-29,31.459999084472656,31.59000015258789,30.86000061035156,30.920000076293945,30.920000076293945,2047500.0,SWN
2012-08-29,42.97999954223633,43.290000915527344,42.86999893188477,43.02999877929688,35.07070159912109,72900.0,SWX
2012-08-29,10.600000381469727,10.600000381469727,10.489999771118164,10.489999771118164,4.640042304992676,15700.0,SWZ
2012-08-29,16.610000610351562,16.649999618530273,15.920000076293945,15.920000076293945,14.629895210266113,1119800.0,SXC
2012-08-29,44.70000076293945,45.5,44.599998474121094,45.4900016784668,42.96528244018555,46400.0,SXI
2012-08-29,36.20000076293945,36.47999954223633,36.18999862670898,36.2599983215332,31.424406051635746,152300.0,SXT
2012-08-29,15.826666831970215,16.0,15.693333625793455,15.84666633605957,12.719836235046387,35500.0,SYBT
2012-08-29,53.72000122070313,53.86999893188477,53.47999954223633,53.58000183105469,48.17855834960938,1182100.0,SYK
2012-08-29,13.619999885559082,13.789999961853027,13.510000228881836,13.539999961853027,13.539999961853027,235000.0,SYKE
2012-08-29,69.65000152587889,70.0,68.94999694824219,70.0,70.0,200.0,SYN
2012-08-29,30.3700008392334,30.60000038146973,29.920000076293945,30.559999465942386,30.559999465942386,254900.0,SYNA
2012-08-29,8.260000228881836,8.300000190734862,8.149999618530272,8.210000038146973,8.210000038146973,292300.0,SYNC
2012-08-29,13.0,13.0,13.0,13.0,11.56940460205078,1500.0,SYNL
2012-08-29,6.610000133514403,6.789999961853027,6.510000228881836,6.670000076293945,6.308876991271973,56400.0,SYPR
2012-08-29,11.630000114440918,11.75,11.59000015258789,11.710000038146973,7.483168601989746,29900.0,SYX
2012-08-29,30.479999542236328,30.51000022888184,30.309999465942386,30.34000015258789,24.24907684326172,3391400.0,SYY
2012-08-29,36.65999984741211,37.04999923706055,36.65999984741211,36.81999969482422,24.67063331604004,15925700.0,T
2012-08-29,26.10000038146973,26.60000038146973,25.85000038146973,25.95000076293945,25.95000076293945,12600.0,TA
2012-08-29,15.510000228881836,15.760000228881836,15.43000030517578,15.5600004196167,10.335285186767578,83600.0,TAC
2012-08-29,7.25,7.369999885559082,7.139999866485597,7.179999828338622,5.50693416595459,4700.0,TACT
2012-08-29,1.0,1.0,1.0,1.0,0.7722786664962769,600.0,TAIT
2012-08-29,23.53000068664551,23.53000068664551,23.40999984741211,23.45000076293945,17.962602615356445,11100.0,TAK
2012-08-29,1.3833333253860474,1.3833333253860474,1.1616666316986084,1.2166666984558103,1.144280195236206,2553000.0,TAL
2012-08-29,0.7699999809265137,0.9499999880790709,0.7699999809265137,0.9499999880790709,0.9499999880790709,147000.0,TAOP
2012-08-29,43.81999969482422,44.54999923706055,43.68000030517578,44.08000183105469,36.6357421875,1318200.0,TAP
2012-08-29,41.5,41.810001373291016,41.36000061035156,41.540000915527344,36.27714157104492,56000.0,TARO
2012-08-29,5.420000076293945,5.480000019073486,5.400000095367432,5.429999828338623,5.429999828338623,97500.0,TAST
2012-08-29,10.5,10.699999809265137,10.5,10.5,10.5,16000.0,TAT
2012-08-29,3.910000085830689,3.910000085830689,3.880000114440918,3.880000114440918,2.745656490325928,9200.0,TATT
2012-08-29,8.899999618530273,9.56999969482422,8.739999771118164,8.979999542236328,8.979999542236328,48100.0,TAYD
2012-08-29,3.1080000400543213,3.1080000400543213,3.1080000400543213,3.1080000400543213,2.762510061264038,0.0,TBB
2012-08-29,9.770000457763672,9.81999969482422,9.59000015258789,9.630000114440918,9.630000114440918,43100.0,TBBK
2012-08-29,3.6770000457763667,3.6770000457763667,3.6770000457763667,3.6770000457763667,3.3894472122192383,0.0,TBC
2012-08-29,15.75,15.890000343322756,15.68000030517578,15.779999732971193,15.779999732971193,163100.0,TBI
2012-08-29,23.10000038146973,23.399999618530273,23.0,23.38999938964844,17.95796775817871,15300.0,TBNK
2012-08-29,45.599998474121094,45.88999938964844,45.349998474121094,45.56000137329102,45.56000137329102,485000.0,TCBI
2012-08-29,15.760000228881836,15.899999618530273,15.449999809265135,15.720000267028807,13.455828666687012,64100.0,TCBK
2012-08-29,6.449999809265138,6.46999979019165,6.199999809265138,6.460000038146973,6.31802225112915,8100.0,TCCO
2012-08-29,23.10000038146973,23.649999618530273,22.95000076293945,23.420000076293945,17.627056121826172,33900.0,TCF
2012-08-29,14.600000381469727,14.600000381469727,14.600000381469727,14.600000381469727,12.943211555480955,0.0,TCFC
2012-08-29,4.25,4.25,4.25,4.25,4.25,100.0,TCI
2012-08-29,79.41000366210938,80.2300033569336,79.38999938964844,79.68000030517578,58.93968200683594,375400.0,TCO
2012-08-29,8.715000152587889,8.744999885559082,8.560000419616701,8.739999771118164,8.739999771118164,3655800.0,TCOM
2012-08-29,45.47999954223633,45.6500015258789,45.0,45.54999923706055,27.16098403930664,48800.0,TCP
2012-08-29,15.029999732971193,15.029999732971193,14.899999618530273,15.020000457763672,7.078116416931152,396000.0,TCPC
2012-08-29,13.979999542236328,13.979999542236328,13.899999618530273,13.9399995803833,5.353322505950928,149200.0,TCRD
2012-08-29,4.960000038146973,4.960000038146973,4.519999980926514,4.519999980926514,4.519999980926514,82600.0,TCX
2012-08-29,41.22999954223633,41.32500076293945,41.00500106811523,41.185001373291016,27.654949188232425,755000.0,TD
2012-08-29,76.48999786376953,77.87999725341797,76.2699966430664,77.7699966430664,77.7699966430664,1742200.0,TDC
2012-08-29,27.15999984741211,27.25,27.149999618530273,27.170000076293945,16.31355094909668,18300.0,TDE
2012-08-29,25.40999984741211,25.43000030517578,25.270000457763672,25.43000030517578,10.57471752166748,79900.0,TDF
2012-08-29,138.46000671386722,139.36000061035156,137.77999877929688,138.75999450683594,71.68253326416016,197600.0,TDG
2012-08-29,25.61000061035156,25.70000076293945,25.61000061035156,25.6299991607666,15.9490327835083,3700.0,TDI
2012-08-29,27.729999542236328,27.790000915527344,27.670000076293945,27.729999542236328,16.511709213256836,10900.0,TDJ
2012-08-29,24.290000915527344,24.6299991607666,24.209999084472656,24.440000534057614,20.55195617675781,309200.0,TDS
2012-08-29,1568.3870849609375,1572.258056640625,1523.54833984375,1532.5806884765625,1366.121337890625,16200.0,TDW
2012-08-29,64.66999816894531,64.83999633789061,64.33999633789061,64.51000213623047,64.51000213623047,67400.0,TDY
2012-08-29,49.29999923706055,49.6500015258789,48.88000106811523,49.5099983215332,49.5099983215332,341800.0,TECD
2012-08-29,67.27999877929689,68.09999847412111,66.66000366210939,67.88999938964844,62.14795684814453,63300.0,TECH
2012-08-29,28.90999984741211,28.95000076293945,28.35000038146973,28.79999923706055,24.23564147949219,1654400.0,TECK
2012-08-29,12.640000343322756,12.649999618530273,12.539999961853027,12.5600004196167,8.211821556091309,1086800.0,TEF
2012-08-29,17.319999694824222,17.420000076293945,17.280000686645508,17.389999389648438,9.36016082763672,101500.0,TEI
2012-08-29,34.990001678466804,35.049999237060554,34.59999847412109,34.84000015258789,29.787363052368164,1233400.0,TEL
2012-08-29,10.880000114440918,11.199999809265137,10.239999771118164,10.479999542236328,10.479999542236328,178500.0,TELL
2012-08-29,30.59000015258789,30.709999084472656,30.190000534057614,30.29999923706055,28.88880920410156,481500.0,TEN
2012-08-29,368.0,376.0,352.0,372.0,372.0,200.0,TENX
2012-08-29,11.609999656677244,11.609999656677244,11.489999771118164,11.5,7.886911392211914,77400.0,TEO
2012-08-29,15.6899995803833,15.789999961853027,15.510000228881836,15.619999885559082,14.725642204284668,1537100.0,TER
2012-08-29,18.75,19.13999938964844,18.549999237060547,18.989999771118164,13.208210945129395,43800.0,TESS
2012-08-29,30.5,30.5,29.0,29.25,29.25,1300.0,TEUM
2012-08-29,40.04999923706055,40.27000045776367,40.0,40.20000076293945,34.61776351928711,1845800.0,TEVA
2012-08-29,20.3700008392334,21.82999992370605,20.299999237060547,21.670000076293945,20.21271514892578,3847700.0,TEX
2012-08-29,31.57999992370605,31.790000915527344,31.559999465942386,31.70000076293945,25.30217933654785,2698500.0,TFC
2012-08-29,18.290000915527344,18.38999938964844,18.18000030517578,18.309999465942386,18.041284561157227,119587.0,TFII
2012-08-29,9.010000228881836,9.050000190734863,8.75,8.8100004196167,7.085322380065918,333100.0,TFSL
2012-08-29,64.66000366210939,65.73000335693361,64.45999908447266,65.26999664306639,60.80663299560547,153600.0,TFX
2012-08-29,15.869999885559082,16.139999389648438,15.720000267028807,15.979999542236328,13.002179145812988,32600.0,TG
2012-08-29,10.279999732971193,10.5600004196167,10.220000267028807,10.5,8.841314315795898,80300.0,TGA
2012-08-29,2.9500000476837163,2.9500000476837163,2.9200000762939453,2.9300000667572017,2.9300000667572017,211400.0,TGB
2012-08-29,7.199999809265138,7.5,7.199999809265138,7.199999809265138,7.199999809265138,1400.0,TGC
2012-08-29,36.27999877929688,36.349998474121094,35.290000915527344,35.70000076293945,27.94091606140137,102800.0,TGH
2012-08-29,59.52000045776367,59.72000122070313,58.790000915527344,58.81999969482422,56.76966857910156,364100.0,TGI
2012-08-29,9.600000381469727,9.600000381469727,9.600000381469727,9.600000381469727,7.7363948822021475,0.0,TGLS
2012-08-29,7.888890743255615,7.94120454788208,7.8575029373168945,7.94120454788208,5.812528133392334,4024300.0,TGNA
2012-08-29,40.16999816894531,40.459999084472656,39.95000076293945,40.0099983215332,26.51154136657715,76100.0,TGP
2012-08-29,1.9099999666213991,1.9099999666213991,1.870000004768372,1.870000004768372,1.246687412261963,27000.0,TGS
2012-08-29,63.849998474121094,64.5,63.75,64.26000213623047,50.904273986816406,4765500.0,TGT
2012-08-29,2.650000095367432,2.650000095367432,2.650000095367432,2.650000095367432,2.650000095367432,1000.0,TGTX
2012-08-29,3.8439300060272217,3.900180101394653,3.806430101394653,3.900180101394653,3.900180101394653,547175.0,TH
2012-08-29,20.920000076293945,21.15999984741211,20.520000457763672,21.07999992370605,21.07999992370605,1674000.0,THC
2012-08-29,31.0,31.0,30.440000534057614,30.8799991607666,24.562095642089844,40100.0,THFF
2012-08-29,35.439998626708984,35.77000045776367,35.349998474121094,35.40999984741211,27.976850509643555,186500.0,THG
2012-08-29,2.9200000762939453,2.9200000762939453,2.8199999332427983,2.8399999141693115,2.8399999141693115,56300.0,THM
2012-08-29,31.45000076293945,31.85000038146973,31.420000076293945,31.63999938964844,26.81881332397461,159000.0,THO
2012-08-29,23.09000015258789,23.1200008392334,22.690000534057614,22.790000915527344,22.790000915527344,58300.0,THR
2012-08-29,11.869999885559082,11.949999809265135,11.65999984741211,11.760000228881836,11.760000228881836,86200.0,THRM
2012-08-29,52.38999938964844,52.63999938964844,51.959999084472656,52.52000045776367,52.52000045776367,225100.0,THS
2012-08-29,0.6600000262260437,0.6600000262260437,0.6100000143051147,0.6100000143051147,0.6100000143051147,16200.0,THTX
2012-08-29,62.4000015258789,63.0,62.34000015258789,62.75,53.70566177368164,1852300.0,TIF
2012-08-29,13.899999618530273,14.050000190734865,13.710000038146973,13.989999771118164,12.787999153137207,147900.0,TILE
2012-08-29,6.75,6.75,6.75,6.75,5.811569213867188,0.0,TIPT
2012-08-29,30.399999618530273,30.959999084472656,30.1299991607666,30.81999969482422,30.81999969482422,27800.0,TISI
2012-08-29,22.940000534057614,23.82999992370605,22.739999771118164,23.78000068664551,23.78000068664551,382400.0,TITN
2012-08-29,14.829999923706055,15.029999732971193,14.670000076293945,15.0,12.818028450012207,566500.0,TIVO
2012-08-29,22.895000457763672,23.334999084472656,22.88500022888184,23.31999969482422,19.45773696899414,11564200.0,TJX
2012-08-29,30.940000534057614,31.06999969482422,30.270000457763672,30.34000015258789,24.633831024169922,261300.0,TK
2012-08-29,14.199999809265135,14.25,14.15999984741211,14.25,9.958176612854004,350200.0,TKC
2012-08-29,28.77594757080078,29.03364372253418,28.396564483642575,28.62562561035156,23.62640953063965,1193300.0,TKR
2012-08-29,5.5,5.5900001525878915,5.4099998474121085,5.550000190734863,5.397527694702148,1500.0,TLF
2012-08-29,1.2000000476837158,1.25,1.149999976158142,1.25,1.25,12400.0,TLGT
2012-08-29,12.850000381469727,12.970000267028807,12.829999923706055,12.890000343322756,7.3300209045410165,56700.0,TLI
2012-08-29,19.489999771118164,19.5049991607666,19.3700008392334,19.38999938964844,15.361645698547365,320600.0,TLK
2012-08-29,31.90999984741211,32.09000015258789,31.440000534057614,31.82999992370605,23.67083168029785,730700.0,TLRD
2012-08-29,19.049999237060547,19.049999237060547,18.34000015258789,18.38999938964844,13.272431373596193,56100.0,TLYS
2012-08-29,80.9000015258789,81.0999984741211,80.68000030517578,81.0,65.20603942871094,211200.0,TM
2012-08-29,42.0,43.79999923706055,42.0,43.79999923706055,43.79999923706055,1300.0,TMDI
2012-08-29,56.34000015258789,57.2400016784668,56.33000183105469,57.16999816894531,55.21821594238281,1538400.0,TMO
2012-08-29,38.599998474121094,38.72999954223633,38.060001373291016,38.72000122070313,31.277536392211914,25000.0,TMP
2012-08-29,2.789999961853028,2.880000114440918,2.650000095367432,2.8399999141693115,2.8399999141693115,344600.0,TMQ
2012-08-29,19.399999618530273,19.57999992370605,19.15999984741211,19.479999542236328,15.839957237243652,1734200.0,TMUS
2012-08-29,6.079999923706055,6.1500000953674325,6.050000190734862,6.0900001525878915,6.0900001525878915,55100.0,TNAV
2012-08-29,42.27999877929688,42.400001525878906,42.0,42.349998474121094,38.40341567993164,44900.0,TNC
2012-08-29,32.560001373291016,32.720001220703125,32.15999984741211,32.31999969482422,24.25754165649414,46200.0,TNK
2012-08-29,5.5900001525878915,5.5900001525878915,5.440000057220459,5.460000038146973,4.038012504577637,204200.0,TNP
2012-08-29,16000.0,16000.0,16000.0,16000.0,16000.0,0.0,TNXP
2012-08-29,32.509998321533196,32.75,32.150001525878906,32.56999969482422,31.57007598876953,1883500.0,TOL
2012-08-29,312480000.0,312480000.0,312480000.0,312480000.0,312480000.0,0.0,TOPS
2012-08-29,49.459999084472656,49.54999923706055,49.13000106811523,49.38999938964844,32.12865447998047,2280000.0,TOT
2012-08-29,14.710000038146973,14.9399995803833,14.65999984741211,14.880000114440918,12.27954387664795,52300.0,TOWN
2012-08-29,10.6899995803833,10.880000114440918,10.600000381469727,10.850000381469727,10.850000381469727,61300.0,TPC
2012-08-29,59.599998474121094,59.88000106811523,59.38999938964844,59.63999938964844,56.27013397216797,8200.0,TPL
2012-08-29,56.63000106811523,57.040000915527344,56.02000045776367,56.25,42.47088623046875,3173200.0,TPR
2012-08-29,32.25,32.950000762939446,31.40999984741211,32.700000762939446,32.700000762939446,952000.0,TPX
2012-08-29,25.70000076293945,25.70000076293945,25.45000076293945,25.559999465942386,13.943643569946287,6500.0,TPZ
2012-08-29,21.741090774536133,21.916963577270508,21.648967742919922,21.682466506958008,19.86459732055664,89500.0,TR
2012-08-29,25.74557685852051,26.36708641052246,25.689075469970703,26.075164794921875,26.075164794921875,25100.0,TRC
2012-08-29,2.0,2.0,2.0,2.0,2.0,4500.0,TRCH
2012-08-29,10.0,10.029999732971193,9.920000076293944,10.0,10.0,38500.0,TREC
2012-08-29,16.100000381469727,16.100000381469727,15.920000076293945,15.960000038146973,15.04275894165039,13400.0,TREE
2012-08-29,7.522500038146973,7.585000038146973,7.440000057220459,7.539999961853027,7.539999961853027,479600.0,TREX
2012-08-29,45.459999084472656,45.70000076293945,45.27000045776367,45.5,28.32337188720703,186700.0,TRGP
2012-08-29,29.07999992370605,29.20000076293945,28.71999931335449,28.75,22.510122299194336,1109900.0,TRI
2012-08-29,12.359999656677244,12.380000114440918,12.170000076293945,12.1899995803833,11.788115501403807,32400.0,TRIB
2012-08-29,34.130001068115234,34.380001068115234,33.34000015258789,34.209999084472656,30.42211532592773,1701900.0,TRIP
2012-08-29,24.54999923706055,24.920000076293945,24.51499938964844,24.76499938964844,24.76499938964844,1504600.0,TRMB
2012-08-29,23.82999992370605,24.1299991607666,23.3700008392334,24.03000068664551,18.546056747436523,138300.0,TRMK
2012-08-29,10.201583862304688,10.215982437133787,9.935205459594727,10.176385879516602,8.248372077941895,2501800.0,TRN
2012-08-29,14.59000015258789,15.1899995803833,14.5600004196167,15.050000190734865,12.099427223205565,14500.0,TRNO
2012-08-29,5.989999771118164,5.989999771118164,5.710000038146973,5.889999866485597,5.889999866485597,32100.0,TRNS
2012-08-29,45000.0,45000.0,43650.0,44850.0,44850.0,0.0,TRNX
2012-08-29,165.60000610351562,165.60000610351562,154.8000030517578,155.52000427246094,155.52000427246094,0.0,TROV
2012-08-29,62.20000076293945,62.22999954223633,61.290000915527344,61.38000106811523,48.25835418701172,1502300.0,TROW
2012-08-29,26.899999618530273,27.09000015258789,26.709999084472656,26.8799991607666,19.330303192138672,1062700.0,TROX
2012-08-29,45.47000122070313,45.47000122070313,45.13999938964844,45.2599983215332,28.770906448364254,174400.0,TRP
2012-08-29,6.435719966888428,6.45881462097168,6.32024621963501,6.351039409637451,6.351039409637451,1187900.0,TRQ
2012-08-29,17.306772232055664,17.330677032470707,17.027889251708984,17.258964538574222,17.258964538574222,114400.0,TRS
2012-08-29,5.599999904632568,5.6500000953674325,5.599999904632568,5.639999866485597,4.198208808898927,127300.0,TRST
2012-08-29,1.3700000047683716,1.3700000047683716,1.3700000047683716,1.3700000047683716,1.3700000047683716,0.0,TRT
2012-08-29,34.59000015258789,34.880001068115234,34.200000762939446,34.299999237060554,18.645214080810547,251300.0,TRTN
2012-08-29,64.97000122070311,65.08000183105469,64.38999938964844,64.80000305175781,54.06724548339844,1659000.0,TRV
2012-08-29,150.0,150.0,150.0,150.0,150.0,0.0,TRVI
2012-08-29,4.369999885559082,4.389999866485597,4.199999809265137,4.2199997901916495,4.2199997901916495,253500.0,TRX
2012-08-29,39.650001525878906,39.650001525878906,39.650001525878906,39.650001525878906,39.650001525878906,0.0,TRXC
2012-08-29,41.22999954223633,41.52999877929688,40.86000061035156,41.40999984741211,34.116729736328125,878600.0,TS
2012-08-29,5.75,5.989999771118164,5.75,5.820000171661378,5.072839260101318,27000.0,TSBK
2012-08-29,48.32500076293945,48.45000076293945,48.02000045776367,48.02000045776367,43.90797805786133,811800.0,TSCO
2012-08-29,7.329999923706055,7.539999961853027,7.320000171661378,7.53000020980835,7.53000020980835,77100.0,TSEM
2012-08-29,3.75,3.75,3.7000000476837163,3.740000009536743,3.740000009536743,4000.0,TSG
2012-08-29,5.46999979019165,5.5,5.429999828338623,5.46999979019165,3.36499547958374,69000.0,TSI
2012-08-29,28.489999771118164,28.63999938964844,28.020000457763672,28.40999984741211,28.40999984741211,838900.0,TSLA
2012-08-29,14.289999961853027,14.40999984741211,14.239999771118164,14.350000381469727,11.269272804260256,5854000.0,TSM
2012-08-29,15.529999732971193,15.880000114440918,15.510000228881836,15.640000343322756,14.075773239135742,10145700.0,TSN
2012-08-29,3.7200000286102295,3.7200000286102295,3.7200000286102295,3.7200000286102295,2.352095603942871,0.0,TSRI
2012-08-29,18.989999771118164,19.020000457763672,18.43000030517578,18.86000061035156,16.45408058166504,836200.0,TSU
2012-08-29,0.23399999737739566,0.2440000027418137,0.23399999737739566,0.23899999260902405,0.2367604374885559,865827.0,TT
2012-08-29,18.725000381469727,18.770000457763672,18.625,18.684999465942386,16.010150909423828,531400.0,TTC
2012-08-29,16.670000076293945,16.940000534057614,16.639999389648438,16.799999237060547,15.434624671936035,52200.0,TTEC
2012-08-29,25.85000038146973,26.739999771118164,25.649999618530273,25.76000022888184,24.333843231201172,196700.0,TTEK
2012-08-29,5.230000019073486,5.230000019073486,5.170000076293945,5.230000019073486,5.230000019073486,52100.0,TTGT
2012-08-29,6.980000019073486,6.989999771118164,6.789999961853027,6.800000190734862,5.980409622192383,1101400.0,TTI
2012-08-29,20.950000762939453,21.209999084472656,20.920000076293945,21.100000381469727,20.780668258666992,1140700.0,TTM
2012-08-29,10.670000076293944,10.720000267028807,10.460000038146973,10.68000030517578,10.68000030517578,339400.0,TTMI
2012-08-29,24.198894500732425,24.198894500732425,23.20442008972168,23.20442008972168,23.20442008972168,400.0,TTNP
2012-08-29,24.63999938964844,24.8799991607666,24.54999923706055,24.8799991607666,13.557385444641113,16800.0,TTP
2012-08-29,10.34000015258789,10.479999542236328,10.220000267028807,10.289999961853027,10.289999961853027,954000.0,TTWO
2012-08-29,15.887499809265135,15.9399995803833,15.760000228881836,15.8774995803833,10.919556617736816,506800.0,TU
2012-08-29,5.53000020980835,5.6599998474121085,5.369999885559082,5.619999885559082,5.619999885559082,145800.0,TUES
2012-08-29,53.5099983215332,53.7400016784668,53.099998474121094,53.29999923706055,38.48199081420898,227300.0,TUP
2012-08-29,3.670000076293945,3.740000009536743,3.609999895095825,3.630000114440918,3.630000114440918,66700.0,TURN
2012-08-29,23.20000076293945,23.32999992370605,23.10000038146973,23.1299991607666,22.248422622680664,1079000.0,TV
2012-08-29,27.54999923706055,27.649999618530273,27.459999084472656,27.540000915527344,21.02379608154297,7700.0,TVC
2012-08-29,26.709999084472656,26.790000915527344,26.520000457763672,26.6200008392334,20.813722610473636,10900.0,TVE
2012-08-29,66000000.0,66500000.0,64000000.0,66500000.0,66500000.0,0.0,TVIX
2012-08-29,10.869999885559082,10.949999809265137,10.59000015258789,10.899999618530273,10.899999618530273,156200.0,TVTY
2012-08-29,21.209999084472656,21.26000022888184,20.61000061035156,20.899999618530273,20.459138870239254,587000.0,TWI
2012-08-29,18.670000076293945,19.239999771118164,18.32999992370605,18.790000915527344,17.583955764770508,59100.0,TWIN
2012-08-29,0.001000000047497451,0.001000000047497451,0.001000000047497451,0.001000000047497451,0.001000000047497451,0.0,TWLO
2012-08-29,70.19999694824219,70.5999984741211,70.19999694824219,70.5999984741211,54.99368286132813,0.0,TWMC
2012-08-29,15.520000457763672,15.56999969482422,15.390000343322756,15.470000267028807,10.702315330505373,17400.0,TWN
2012-08-29,17.615381240844727,17.844152450561523,17.615381240844727,17.767894744873047,9.376051902770996,1955500.0,TWO
2012-08-29,19.280000686645508,19.32999992370605,18.8799991607666,18.989999771118164,14.57480239868164,318000.0,TX
2012-08-29,22.5,22.5,22.5,22.5,22.5,0.0,TXG
2012-08-29,3.2000000476837163,3.390000104904175,3.2000000476837163,3.390000104904175,3.390000104904175,500.0,TXMD
2012-08-29,29.309999465942386,29.559999465942386,29.149999618530273,29.399999618530273,23.88298225402832,4183200.0,TXN
2012-08-29,17.239999771118164,17.489999771118164,17.170000076293945,17.389999389648438,14.894405364990234,238500.0,TXRH
2012-08-29,26.479999542236328,26.649999618530273,26.11000061035156,26.45000076293945,26.03664970397949,1407400.0,TXT
2012-08-29,16.049999237060547,16.129999160766598,16.030000686645508,16.09000015258789,11.53156280517578,21700.0,TY
2012-08-29,39.93000030517578,40.099998474121094,39.810001373291016,39.86999893188477,21.818843841552734,44000.0,TYG
2012-08-29,40.81999969482422,40.93000030517578,40.54999923706055,40.65999984741211,40.65999984741211,131200.0,TYL
2012-08-29,22.899999618530273,23.270000457763672,22.84000015258789,23.09000015258789,23.09000015258789,139600.0,TZOO
2012-08-29,14.375,14.577500343322756,14.329999923706055,14.390000343322756,14.390000343322756,4672800.0,UAA
2012-08-29,32.11999893188477,32.330001831054695,32.11999893188477,32.330001831054695,32.330001831054695,62600.0,UAG
2012-08-29,18.5,18.649999618530273,18.239999771118164,18.32999992370605,18.32999992370605,4750600.0,UAL
2012-08-29,2.5,2.5899999141693115,2.4800000190734863,2.5799999237060547,2.5799999237060547,54700.0,UAMY
2012-08-29,26.54999923706055,26.54999923706055,26.03000068664551,26.31999969482422,16.331077575683597,75600.0,UAN
2012-08-29,255.0,258.75,232.5,232.5,232.5,300.0,UAVS
2012-08-29,19.600000381469727,19.780000686645508,19.5,19.63999938964844,13.055302619934082,37500.0,UBA
2012-08-29,7.960000038146973,7.960000038146973,7.710000038146973,7.710000038146973,5.493505954742432,1600.0,UBCP
2012-08-29,2.1332504749298096,2.240809202194214,2.06154465675354,2.2228827476501465,2.001869440078736,17500.0,UBFO
2012-08-29,44.099998474121094,44.2599983215332,43.9900016784668,44.02999877929688,44.02999877929688,19200.0,UBG
2012-08-29,8.942766189575195,8.942766189575195,8.942766189575195,8.942766189575195,7.535398006439209,0.0,UBOH
2012-08-29,18.920000076293945,19.190000534057614,18.81999969482422,19.059999465942386,12.233263969421387,4900.0,UBP
2012-08-29,11.199999809265137,11.260000228881836,11.149999618530273,11.210000038146973,8.226822853088379,1138100.0,UBS
2012-08-29,24.3700008392334,24.71999931335449,24.29999923706055,24.56999969482422,18.1938419342041,187400.0,UBSI
2012-08-29,16.0,16.0,16.0,16.0,16.0,0.0,UBX
2012-08-29,7.71999979019165,8.109999656677246,7.71999979019165,8.069999694824219,7.28028678894043,245800.0,UCBI
2012-08-29,22.729999542236328,22.729999542236328,22.309999465942386,22.399999618530273,22.399999618530273,7900.0,UCI
2012-08-29,5.980000019073486,5.980000019073486,5.809999942779541,5.960000038146973,5.960000038146973,28600.0,UCTT
2012-08-29,25.56999969482422,25.690000534057614,25.399999618530273,25.399999618530273,19.352033615112305,1092100.0,UDR
2012-08-29,2.490000009536743,2.549999952316284,2.450000047683716,2.539999961853028,2.539999961853028,311100.0,UEC
2012-08-29,15.470000267028807,15.59000015258789,15.329999923706055,15.5,15.5,55900.0,UEIC
2012-08-29,10.25,10.25,9.779999732971193,9.949999809265137,9.949999809265137,210000.0,UEPS
2012-08-29,22.299999237060547,22.729999542236328,21.96999931335449,22.60000038146973,17.716093063354492,35700.0,UFCS
2012-08-29,11.050000190734863,11.149999618530273,10.960000038146973,11.050000190734863,11.050000190734863,26100.0,UFI
2012-08-29,12.363333702087402,12.6899995803833,12.116666793823242,12.446666717529295,11.466477394104006,179700.0,UFPI
2012-08-29,16.850000381469727,17.010000228881836,16.829999923706055,16.90999984741211,16.90999984741211,11100.0,UFPT
2012-08-29,36.2599983215332,36.88999938964844,36.185001373291016,36.875,24.963871002197266,632400.0,UFS
2012-08-29,19.399999618530273,19.440000534057614,19.350000381469727,19.440000534057614,13.771717071533205,3900.0,UG
2012-08-29,254875.0,272125.0,253625.0,267875.0,267875.0,0.0,UGAZ
2012-08-29,20.426666259765625,20.47333335876465,20.286666870117188,20.440000534057614,16.321439743041992,438000.0,UGI
2012-08-29,425.3999938964844,425.3999938964844,412.7999877929688,417.3999938964844,417.3999938964844,4800.0,UGLD
2012-08-29,10.925000190734863,10.9350004196167,10.729999542236328,10.824999809265137,7.609924793243407,620000.0,UGP
2012-08-29,96.1999969482422,96.37999725341795,95.80999755859376,96.06999969482422,88.3175277709961,21400.0,UHAL
2012-08-29,40.15999984741211,40.36000061035156,39.9900016784668,39.9900016784668,38.56654739379883,531800.0,UHS
2012-08-29,43.22000122070313,43.310001373291016,42.810001373291016,43.09000015258789,29.887208938598636,16800.0,UHT
2012-08-29,11.5,12.260000228881836,11.3100004196167,12.109999656677244,11.699369430541992,1005200.0,UI
2012-08-29,5.5,5.5,5.5,5.5,4.936286449432373,0.0,UIHC
2012-08-29,21.3700008392334,21.56999969482422,21.149999618530273,21.450000762939453,21.450000762939453,385900.0,UIS
2012-08-29,35.9900016784668,36.02000045776367,35.84000015258789,35.84000015258789,28.126373291015625,721500.0,UL
2012-08-29,2.630000114440918,2.8499999046325684,2.400000095367432,2.7799999713897705,2.7799999713897705,150300.0,ULBI
2012-08-29,14.5600004196167,14.5600004196167,14.3100004196167,14.43000030517578,12.802435874938965,18900.0,ULH
2012-08-29,94.30999755859376,95.12999725341795,93.33000183105469,94.33000183105469,94.33000183105469,910300.0,ULTA
2012-08-29,49.13999938964844,50.0,49.099998474121094,49.72999954223633,43.65130233764648,116200.0,UMBF
2012-08-29,2.0299999713897705,2.049999952316284,2.0299999713897705,2.039999961853028,1.6117709875106812,449800.0,UMC
2012-08-29,11.270000457763672,11.4399995803833,11.25,11.289999961853027,6.722275733947754,55900.0,UMH
2012-08-29,12.619999885559082,12.800000190734865,12.539999961853027,12.75,9.259977340698242,283400.0,UMPQ
2012-08-29,34.799999237060554,34.86999893188477,34.72999954223633,34.759998321533196,27.19333648681641,1059600.0,UN
2012-08-29,10.1899995803833,10.1899995803833,10.0,10.0,9.237805366516113,9800.0,UNAM
2012-08-29,19.709999084472656,19.709999084472656,19.709999084472656,19.709999084472656,14.85914134979248,200.0,UNB
2012-08-29,64.41999816894531,65.01000213623047,64.11000061035156,64.59999847412111,63.64329528808594,21200.0,UNF
2012-08-29,56.93999862670898,58.13000106811523,56.52000045776367,57.70000076293945,57.70000076293945,408400.0,UNFI
2012-08-29,54.52999877929688,54.97000122070313,54.36999893188477,54.63999938964844,48.10119247436523,4611900.0,UNH
2012-08-29,19.09000015258789,19.32999992370605,18.989999771118164,19.31999969482422,16.237354278564453,2292800.0,UNM
2012-08-29,61.72000122070313,61.75500106811523,61.31499862670898,61.38999938964844,50.57297134399414,3273400.0,UNP
2012-08-29,40.599998474121094,40.599998474121094,39.47000122070313,39.97000122070313,39.97000122070313,239700.0,UNT
2012-08-29,5.281818389892578,5.409090995788574,5.199999809265137,5.409090995788574,4.9339261054992685,1800.0,UNTY
2012-08-29,0.8700000047683716,0.8700000047683716,0.8700000047683716,0.8700000047683716,0.8700000047683716,100.0,UONE
2012-08-29,0.8299999833106995,0.8700000047683716,0.8199999928474426,0.8700000047683716,0.8700000047683716,13600.0,UONEK
2012-08-29,74.63999938964844,74.72000122070312,74.2300033569336,74.30000305175781,59.16851425170898,2829800.0,UPS
2012-08-29,37.08000183105469,37.83000183105469,36.81999969482422,37.77000045776367,37.77000045776367,3084400.0,URBN
2012-08-29,1.0499999523162842,1.0700000524520874,1.0199999809265137,1.0599999427795408,1.0599999427795408,329900.0,URG
2012-08-29,31.440000534057614,31.81999969482422,30.790000915527344,31.479999542236328,31.479999542236328,1503300.0,URI
2012-08-29,24.540000915527344,24.540000915527344,24.540000915527344,24.540000915527344,24.540000915527344,0.0,URR
2012-08-29,4.699999809265137,4.71999979019165,4.690000057220459,4.710000038146973,2.416170358657837,385300.0,USA
2012-08-29,3.7000000476837163,3.75,3.7000000476837163,3.75,3.75,2000.0,USAK
2012-08-29,36.34000015258789,37.79999923706055,36.34000015258789,37.650001525878906,37.650001525878906,53700.0,USAP
2012-08-29,9.84000015258789,9.84000015258789,9.600000381469727,9.720000267028807,9.720000267028807,3500.0,USAS
2012-08-29,43.91999816894531,43.91999816894531,43.91999816894531,43.91999816894531,43.91999816894531,0.0,USAU
2012-08-29,33.360000610351555,33.610000610351555,33.34000015258789,33.5,27.51145362854004,4736200.0,USB
2012-08-29,6.0999999046325675,6.119999885559082,6.0999999046325675,6.0999999046325675,6.0999999046325675,1900.0,USCR
2012-08-29,133.80000305175778,134.39999389648438,129.0,132.60000610351562,132.60000610351562,1000.0,USEG
2012-08-29,1.7999999523162842,1.7999999523162842,1.6499999761581419,1.6499999761581419,1.6499999761581419,2200.0,USIO
2012-08-29,45.4000015258789,45.6500015258789,44.72000122070313,45.5099983215332,41.05704879760742,1400.0,USLM
2012-08-29,2997.0,3000.0,2903.0,2943.0,2943.0,10000.0,USLV
2012-08-29,38.11000061035156,38.47999954223633,38.0,38.18000030517578,32.74731063842773,46100.0,USM
2012-08-29,22.325000762939453,22.565000534057614,22.25,22.545000076293945,22.545000076293945,186600.0,USNA
2012-08-29,26.559999465942386,27.170000076293945,26.45000076293945,27.1299991607666,24.75956153869629,22400.0,USPH
2012-08-29,43.16999816894531,43.16999816894531,43.16999816894531,43.16999816894531,43.16999816894531,0.0,USV
2012-08-29,17.829999923706055,17.860000610351562,17.739999771118164,17.829999923706055,9.598262786865234,137800.0,UTF
2012-08-29,24.57999992370605,24.78000068664551,24.57999992370605,24.770000457763672,15.049568176269533,151500.0,UTG
2012-08-29,55.83000183105469,55.97999954223633,55.13999938964844,55.31999969482422,55.31999969482422,253000.0,UTHR
2012-08-29,11.800000190734865,11.920000076293945,11.760000228881836,11.920000076293945,10.56047821044922,67700.0,UTI
2012-08-29,26.75,26.8700008392334,26.649999618530273,26.690000534057614,20.23105812072754,23300.0,UTL
2012-08-29,33.610000610351555,33.97999954223633,33.299999237060554,33.650001525878906,29.43103218078613,7600.0,UTMD
2012-08-29,3.0899999141693115,3.150000095367432,3.059999942779541,3.119999885559082,3.119999885559082,137500.0,UTSI
2012-08-29,80.7699966430664,80.86000061035156,80.05000305175781,80.16999816894531,67.42525482177734,2458900.0,UTX#
2012-08-29,80.7699966430664,80.86000061035156,80.05000305175781,80.16999816894531,67.42525482177734,2458900.0,UTX
2012-08-29,4.449999809265137,4.449999809265137,4.199999809265137,4.4099998474121085,4.4099998474121085,7400.0,UUU
2012-08-29,10.0,10.5,10.0,10.0,10.0,1600.0,UUUU
2012-08-29,3.559999942779541,3.5699999332427983,3.5,3.5299999713897705,2.8078737258911133,52400.0,UVE
2012-08-29,16.100000381469727,16.540000915527347,16.100000381469727,16.530000686645508,12.447434425354006,12400.0,UVSP
2012-08-29,48.38999938964844,48.9000015258789,48.13000106811523,48.25,33.852638244628906,113600.0,UVV
2012-08-29,28.09000015258789,28.10000038146973,27.8799991607666,27.93000030517578,16.68796157836914,28000.0,UZA
2012-08-29,24.239999771118164,24.239999771118164,24.239999771118164,24.239999771118164,19.623435974121094,0.0,UZC
2012-08-29,31.88750076293945,32.012500762939446,31.68000030517578,32.005001068115234,28.54564094543457,8583600.0,V
2012-08-29,31.739999771118164,32.900001525878906,31.739999771118164,32.580001831054695,29.798009872436523,297600.0,VAC
2012-08-29,229.2400054931641,230.0,223.8000030517578,226.55999755859372,191.2886505126953,742800.0,VAL
2012-08-29,16.40999984741211,16.450000762939453,15.800000190734865,16.100000381469727,12.80138111114502,31194200.0,VALE
2012-08-29,11.199999809265137,12.020000457763672,11.199999809265137,11.989999771118164,8.677648544311522,49600.0,VALU
2012-08-29,51.70202255249024,52.64030838012695,51.35126495361328,52.15801239013672,52.15801239013672,804700.0,VAR
2012-08-29,22.09000015258789,22.46999931335449,22.09000015258789,22.40999984741211,14.329045295715332,21300.0,VBF
2012-08-29,16.319999694824222,16.319999694824222,16.319999694824222,16.319999694824222,16.319999694824222,0.0,VBFC
2012-08-29,14.881500244140625,14.943599700927734,14.881500244140625,14.943599700927734,14.943599700927734,397.0,VBIV
2012-08-29,42.11999893188477,42.77000045776367,41.709999084472656,42.45000076293945,24.589311599731445,537900.0,VC
2012-08-29,32.200000762939446,33.799999237060554,31.60000038146973,33.400001525878906,33.400001525878906,10900.0,VCEL
2012-08-29,15.260000228881836,15.289999961853027,15.229999542236328,15.229999542236328,10.548830032348633,7000.0,VCF
2012-08-29,28.459999084472656,30.13999938964844,27.61000061035156,28.3700008392334,28.3700008392334,94900.0,VCRA
2012-08-29,13.949999809265135,13.979999542236328,13.81999969482422,13.859999656677244,9.07666015625,181400.0,VCV
2012-08-29,34.700000762939446,35.41999816894531,34.5,35.060001373291016,35.060001373291016,681600.0,VECO
2012-08-29,12.287145614624025,12.303839683532715,12.086811065673828,12.120200157165527,8.39849853515625,531700.0,VEDL
2012-08-29,0.1599999964237213,0.1599999964237213,0.1599999964237213,0.1599999964237213,0.1599999964237213,0.0,VEL
2012-08-29,10.460000038146973,10.510000228881836,10.380000114440918,10.489999771118164,6.2984466552734375,841700.0,VEON
2012-08-29,11.420000076293945,11.5,11.390000343322756,11.399999618530273,6.883155822753906,78300.0,VER
2012-08-29,6.5,6.679999828338622,6.360000133514403,6.440000057220459,6.027945518493652,838400.0,VERU
2012-08-29,46.97000122070313,47.11000061035156,46.709999084472656,46.83000183105469,24.928436279296875,8500.0,VET
2012-08-29,35.91101837158203,36.11817169189453,35.76742172241211,35.98870086669922,27.120830535888672,2272200.0,VFC
2012-08-29,13.8100004196167,13.880000114440918,13.8100004196167,13.869999885559082,9.359915733337402,4900.0,VFL
2012-08-29,2.0999999046325684,2.1400001049041752,2.0899999141693115,2.1199998855590816,2.1199998855590816,1000600.0,VG
2012-08-29,18.31999969482422,18.46999931335449,18.270000457763672,18.34000015258789,7.894590377807617,14300.0,VGI
2012-08-29,15.739999771118164,15.760000228881836,15.6899995803833,15.760000228881836,9.929494857788086,69300.0,VGM
2012-08-29,11.661942481994627,11.743163108825685,11.61456298828125,11.661942481994627,5.099062442779541,405100.0,VGR
2012-08-29,3.0,3.0199999809265137,2.9800000190734863,3.0,3.0,545800.0,VGZ
2012-08-29,25.75,27.290000915527344,25.399999618530273,26.8799991607666,26.8799991607666,1251600.0,VHC
2012-08-29,12.800000190734865,13.039999961853027,12.670000076293945,12.789999961853027,10.546186447143556,35300.0,VHI
2012-08-29,36.36000061035156,36.45000076293945,36.040000915527344,36.18000030517578,35.49496459960937,3479800.0,VIAC
2012-08-29,6.757678985595702,6.820250511169434,6.649601936340332,6.683731555938722,6.683731555938722,5603200.0,VIAV
2012-08-29,6.289999961853027,6.329999923706055,6.130000114440918,6.309999942779541,6.309999942779541,53700.0,VICR
2012-08-29,6252.5,6315.0,6140.0,6300.0,6300.0,800.0,VIIX
2012-08-29,0.5299999713897705,0.6000000238418579,0.527999997138977,0.5770000219345093,0.5770000219345093,301000.0,VIPS
2012-08-29,1.559999942779541,1.559999942779541,1.559999942779541,1.559999942779541,1.5336036682128906,100.0,VIRC
2012-08-29,6000.0,6000.0,6000.0,6000.0,6000.0,0.0,VISL
2012-08-29,22.09000015258789,22.09000015258789,21.540000915527344,21.6200008392334,13.03949737548828,1382100.0,VIV
2012-08-29,13600.0,13600.0,12000.0,12000.0,12000.0,0.0,VIVE
2012-08-29,17.899999618530273,18.11000061035156,17.799999237060547,17.989999771118164,14.055980682373047,139400.0,VIVO
2012-08-29,13.43000030517578,13.510000228881836,13.369999885559082,13.489999771118164,8.47412109375,68900.0,VKI
2012-08-29,15.079999923706055,15.199999809265135,15.079999923706055,15.170000076293945,9.641886711120604,57000.0,VKQ
2012-08-29,34.669998168945305,34.700000762939446,34.439998626708984,34.700000762939446,25.245990753173828,11700.0,VLGEA
2012-08-29,28.281536102294922,28.44606971740723,27.97074890136719,28.12614250183105,22.075082778930664,9197000.0,VLO
2012-08-29,17.280000686645508,17.299999237060547,17.190000534057614,17.229999542236328,9.346108436584473,43300.0,VLT
2012-08-29,9.720000267028807,9.850000381469727,9.720000267028807,9.81999969482422,6.863893508911133,764300.0,VLY
2012-08-29,40.45000076293945,40.61999893188477,39.599998474121094,39.9900016784668,38.19198226928711,269900.0,VMC
2012-08-29,0.09300000220537186,0.09300000220537186,0.09300000220537186,0.09300000220537186,0.09300000220537186,0.0,VMD
2012-08-29,128.30999755859378,128.50999450683594,127.44000244140624,127.8499984741211,117.05445861816406,48100.0,VMI
2012-08-29,15.050000190734865,15.199999809265135,15.050000190734865,15.15999984741211,10.90578842163086,6000.0,VMM
2012-08-29,15.210000038146973,15.270000457763672,15.149999618530273,15.239999771118164,9.668204307556152,88900.0,VMO
2012-08-29,90.9000015258789,91.55999755859376,88.80000305175781,90.62000274658205,75.2801742553711,2002900.0,VMW
2012-08-29,4.429999828338623,4.429999828338623,4.380000114440918,4.400000095367432,4.400000095367432,102200.0,VNDA
2012-08-29,5228.9501953125,5309.39990234375,5148.509765625,5309.39990234375,5309.39990234375,984854.0,VNE
2012-08-29,10.239999771118164,10.329999923706056,9.979999542236328,10.270000457763672,10.270000457763672,510000.0,VNET
2012-08-29,59.96265029907226,60.043128967285156,59.48710632324219,59.89680862426758,43.386627197265625,835000.0,VNO
2012-08-29,4.309999942779541,4.309999942779541,4.309999942779541,4.309999942779541,4.309999942779541,0.0,VNRX
2012-08-29,18.209999084472656,18.209999084472656,18.0,18.1299991607666,7.763224601745605,26400.0,VOC
2012-08-29,29.81651306152344,29.95922470092773,29.775739669799805,29.80632019042969,19.042064666748047,3965300.0,VOD
2012-08-29,6.610000133514403,6.610000133514403,6.5999999046325675,6.5999999046325675,6.5999999046325675,4500.0,VOLT
2012-08-29,7.420000076293945,7.449999809265138,7.260000228881836,7.329999923706055,7.329999923706055,67000.0,VOXX
2012-08-29,13.399999618530273,13.649999618530273,13.31999969482422,13.600000381469727,13.600000381469727,65600.0,VPG
2012-08-29,15.119999885559082,15.289999961853027,15.119999885559082,15.229999542236328,9.806005477905273,36300.0,VPV
2012-08-29,128.8699951171875,129.07000732421878,128.60000610351562,128.97000122070312,128.97000122070312,157700.0,VQT
2012-08-29,23.20000076293945,23.8700008392334,22.88999938964844,23.6200008392334,23.6200008392334,1849900.0,VRA
2012-08-29,1.7599999904632568,1.830000042915344,1.7400000095367432,1.7400000095367432,1.7400000095367432,59400.0,VRML
2012-08-29,28.40999984741211,29.0,28.209999084472656,28.86000061035156,28.86000061035156,102800.0,VRNT
2012-08-29,48.18999862670898,48.290000915527344,47.77000045776367,48.2400016784668,47.819419860839844,440700.0,VRSK
2012-08-29,47.349998474121094,47.4900016784668,46.95000076293945,47.43000030517578,47.43000030517578,1198500.0,VRSN
2012-08-29,1.2300000190734863,1.2400000095367432,1.1599999666213991,1.2000000476837158,1.2000000476837158,13806.0,VRT
2012-08-29,88.19999694824219,88.97000122070312,87.68000030517578,88.16000366210938,79.43901824951172,13400.0,VRTS
2012-08-29,16.930000305175778,17.0,16.739999771118164,16.90999984741211,16.90999984741211,62400.0,VRTU
2012-08-29,54.0,54.66999816894531,52.790000915527344,53.31999969482422,53.31999969482422,2158100.0,VRTX
2012-08-29,38.75,39.36000061035156,38.560001373291016,39.11999893188477,39.11999893188477,234900.0,VSAT
2012-08-29,11.800000190734865,11.93000030517578,11.529999732971193,11.71500015258789,11.027426719665527,27800.0,VSEC
2012-08-29,9.579999923706056,9.710000038146973,9.5,9.65999984741211,8.611118316650389,837900.0,VSH
2012-08-29,3200.0,3200.0,3100.0,3100.0,2582.961669921875,25330.0,VST
2012-08-29,8.289999961853027,8.779999732971191,8.270000457763674,8.779999732971191,8.779999732971191,15500.0,VSTM
2012-08-29,12.25,12.300000190734865,12.239999771118164,12.300000190734865,6.9593706130981445,264300.0,VTA
2012-08-29,10.199999809265137,10.199999809265137,10.199999809265137,10.199999809265137,10.199999809265137,0.0,VTGN
2012-08-29,16.260000228881836,16.299999237060547,16.219999313354492,16.299999237060547,10.649242401123047,69500.0,VTN
2012-08-29,2.450000047683716,2.450000047683716,2.25,2.380000114440918,2.380000114440918,23400.0,VTNR
2012-08-29,73.94084930419922,74.3862075805664,73.83807373046875,74.13497924804688,51.25499725341797,1017300.0,VTR
2012-08-29,3.75,3.75,3.75,3.75,3.75,200.0,VUZI
2012-08-29,17.31723976135254,17.83085060119629,17.308679580688473,17.52268409729004,13.425729751586914,51600.0,VVI
2012-08-29,4.96999979019165,4.980000019073486,4.940000057220459,4.980000019073486,3.0077273845672607,537900.0,VVR
2012-08-29,217.8999938964844,222.1999969482422,216.0,219.6000061035156,219.6000061035156,168100.0,VVUS
2012-08-29,106.26000213623048,106.91999816894531,106.26000213623048,106.26000213623048,95.35851287841795,600.0,VXRT
2012-08-29,165.75999450683594,166.24000549316406,163.52000427246094,166.0800018310547,166.0800018310547,73000.0,VXZ
2012-08-29,42.72000122070313,43.34000015258789,42.70000076293945,43.09000015258789,30.81303787231445,9272100.0,VZ
2012-08-29,39.27999877929688,39.29499816894531,38.95500183105469,39.165000915527344,37.79206466674805,330600.0,WAB
2012-08-29,46.849998474121094,47.61999893188477,46.77000045776367,47.34000015258789,37.7485237121582,82400.0,WABC
2012-08-29,16.399999618530273,16.59000015258789,16.020000457763672,16.319999694824222,13.777217864990234,421600.0,WAFD
2012-08-29,9.130000114440918,9.220000267028807,9.079999923706056,9.199999809265137,9.062286376953123,206900.0,WAL
2012-08-29,25.11000061035156,25.489999771118164,24.979999542236328,25.10000038146973,19.17352294921875,41400.0,WASH
2012-08-29,77.62999725341797,79.44000244140625,77.44999694824219,79.18000030517578,79.18000030517578,881800.0,WAT
2012-08-29,35.54999923706055,35.61999893188477,35.290000915527344,35.29999923706055,29.64289855957031,5002200.0,WBA
2012-08-29,59.06000137329102,59.13000106811523,58.209999084472656,58.77000045776367,58.77000045776367,320500.0,WBC
2012-08-29,25.92200088500977,25.92200088500977,25.694000244140625,25.694000244140625,12.277767181396484,65000.0,WBK
2012-08-29,21.31999969482422,21.75,21.21999931335449,21.600000381469727,17.891494750976562,275400.0,WBS
2012-08-29,59.58000183105469,59.84000015258789,58.56999969482422,58.84000015258789,58.84000015258789,510100.0,WCC
2012-08-29,19.540000915527344,19.6200008392334,19.50666618347168,19.520000457763672,17.7360782623291,1054900.0,WCN
2012-08-29,12.9399995803833,12.9399995803833,12.880000114440918,12.920000076293945,12.35021686553955,33800.0,WD
2012-08-29,43.4900016784668,43.70000076293945,42.90999984741211,43.5,34.60171127319336,1535700.0,WDC
2012-08-29,48.83000183105469,49.45000076293945,48.6500015258789,49.36000061035156,43.32905960083008,22200.0,WDFC
2012-08-29,29.71999931335449,29.81999969482422,29.13999938964844,29.559999465942386,18.307838439941406,646400.0,WDR
2012-08-29,16.549999237060547,16.549999237060547,16.479999542236328,16.530000686645508,9.652886390686037,19300.0,WEA
2012-08-29,14.800000190734865,14.800000190734865,14.800000190734865,14.800000190734865,14.224276542663574,0.0,WEBK
2012-08-29,38.22999954223633,38.52000045776367,38.18999862670898,38.2599983215332,29.181827545166016,1036100.0,WEC
2012-08-29,0.004999999888241291,0.004999999888241291,0.004999999888241291,0.004999999888241291,0.004999999888241291,0.0,WEI
2012-08-29,58.08000183105469,58.52000045776367,58.06000137329102,58.27000045776367,40.3585090637207,890300.0,WELL
2012-08-29,4.369999885559082,4.389999866485597,4.3400001525878915,4.369999885559082,3.673710823059082,787400.0,WEN
2012-08-29,22.81999969482422,23.540000915527344,22.76000022888184,22.78000068664551,17.685302734375,535800.0,WERN
2012-08-29,46.849998474121094,47.4000015258789,46.77999877929688,47.33000183105469,32.882720947265625,69300.0,WES
2012-08-29,6.429999828338622,6.449999809265138,6.260000228881836,6.3400001525878915,5.5156965255737305,380100.0,WETF
2012-08-29,64.59999847412111,64.84999847412111,63.93999862670898,64.81999969482422,64.81999969482422,552200.0,WEX
2012-08-29,23.09000015258789,23.45000076293945,22.940000534057614,23.45000076293945,18.58429718017578,14400.0,WEYS
2012-08-29,35.24433898925781,35.24433898925781,34.982120513916016,34.982120513916016,29.105966567993164,2700.0,WF
2012-08-29,34.09999847412109,34.279998779296875,34.06999969482422,34.06999969482422,27.130069732666016,12663500.0,WFC
2012-08-29,11.359999656677244,11.4399995803833,11.130000114440918,11.239999771118164,10.31895923614502,237100.0,WGO
2012-08-29,37.400001525878906,37.66999816894531,37.2400016784668,37.599998474121094,25.876256942749023,3100.0,WHG
2012-08-29,2.400000095367432,2.400000095367432,2.400000095367432,2.400000095367432,2.400000095367432,1000.0,WHLM
2012-08-29,74.1500015258789,74.8499984741211,73.36000061035156,74.68000030517578,61.996620178222656,664100.0,WHR
2012-08-29,13.119999885559082,13.119999885559082,13.06999969482422,13.079999923706055,10.047320365905762,53700.0,WIA
2012-08-29,7.3400001525878915,7.440000057220459,7.1500000953674325,7.239999771118164,7.239999771118164,92400.0,WIFI
2012-08-29,4.099999904632568,4.119999885559082,4.070000171661377,4.119999885559082,3.864275932312012,5300.0,WILC
2012-08-29,51.36000061035156,51.43999862670898,50.56000137329102,50.9000015258789,46.68920135498047,11900.0,WINA
2012-08-29,29.15999984741211,29.35000038146973,28.38999938964844,28.86000061035156,28.43838310241699,57000.0,WIRE
2012-08-29,3.603924989700317,3.6440677642822266,3.5771632194519043,3.5816235542297363,3.097218513488769,790800.0,WIT
2012-08-29,13.289999961853027,13.289999961853027,13.25,13.260000228881836,9.995996475219727,123000.0,WIW
2012-08-29,2.200000047683716,2.5,2.200000047683716,2.200000047683716,2.200000047683716,1600.0,WKHS
2012-08-29,1.2000000476837158,1.2899999618530271,1.2000000476837158,1.2000000476837158,1.2000000476837158,4300.0,WLDN
2012-08-29,12.470000267028807,12.529999732971193,12.470000267028807,12.489999771118164,12.489999771118164,4100.0,WLFC
2012-08-29,34.380001068115234,34.94499969482422,34.10499954223633,34.630001068115234,31.34319496154785,508800.0,WLK
2012-08-29,180.27999877929688,180.63999938964844,177.47999572753906,178.16000366210938,178.16000366210938,253800.0,WLL
2012-08-29,96.8741683959961,97.3774871826172,96.6887435913086,97.00662231445312,82.46311950683594,116700.0,WLTW
2012-08-29,34.189998626708984,34.759998321533196,34.189998626708984,34.650001525878906,28.00944709777832,3672900.0,WM
2012-08-29,32.59000015258789,32.610000610351555,32.27000045776367,32.439998626708984,21.508298873901367,4255900.0,WMB
2012-08-29,21.149999618530273,21.21999931335449,21.100000381469727,21.21999931335449,6.736068248748778,146800.0,WMC
2012-08-29,17.979999542236328,18.1200008392334,17.93000030517578,18.020000457763672,18.020000457763672,81800.0,WMGI
2012-08-29,42.97999954223633,43.11999893188477,42.540000915527344,42.90999984741211,35.05797576904297,14000.0,WMK
2012-08-29,16.040000915527347,16.520000457763672,15.960000038146973,16.34000015258789,14.967405319213867,611819.0,WMS
2012-08-29,72.61000061035156,73.0199966430664,72.43000030517578,72.7699966430664,60.53797912597656,4230800.0,WMT
2012-08-29,6.789999961853027,6.860000133514403,6.579999923706055,6.78000020980835,6.342697143554688,379500.0,WNC
2012-08-29,7.440000057220459,7.440000057220459,7.0900001525878915,7.28000020980835,6.077473640441895,64000.0,WNEB
2012-08-29,10.31999969482422,10.470000267028807,10.31999969482422,10.40999984741211,10.40999984741211,29000.0,WNS
2012-08-29,21.229999542236328,21.280000686645508,20.81999969482422,21.209999084472656,17.909366607666016,607000.0,WOR
2012-08-29,46.22999954223633,46.4900016784668,46.1500015258789,46.18999862670898,29.42266845703125,22100.0,WPC
2012-08-29,33.459999084472656,33.72999954223633,33.060001373291016,33.389999389648445,29.7991943359375,2792300.0,WPM
2012-08-29,66.58000183105469,66.58000183105469,65.93000030517578,66.06999969482422,50.03502655029297,35000.0,WPP
2012-08-29,34.75,35.0,34.0,34.689998626708984,34.689998626708984,563300.0,WPRT
2012-08-29,15.270000457763672,15.649999618530273,15.239999771118164,15.489999771118164,15.489999771118164,1688300.0,WPX
2012-08-29,24.79333305358887,24.913333892822266,24.76666641235352,24.81999969482422,20.94368553161621,364800.0,WRB
2012-08-29,26.71999931335449,26.90999984741211,26.61000061035156,26.790000915527344,19.12833595275879,364700.0,WRE
2012-08-29,28.18000030517578,28.209999084472656,28.020000457763672,28.020000457763672,17.930055618286133,361500.0,WRI
2012-08-29,73.62999725341797,74.19000244140625,73.25,73.47000122070312,73.47000122070312,77700.0,WRLD
2012-08-29,0.9700000286102296,0.9800000190734864,0.959999978542328,0.9800000190734864,0.9800000190734864,1800.0,WRN
2012-08-29,20.25,20.51000022888184,20.239999771118164,20.489999771118164,16.263797760009766,48100.0,WSBC
2012-08-29,4.5023698806762695,4.5023698806762695,4.320087432861328,4.46591329574585,3.4585170745849614,46300.0,WSBF
2012-08-29,13.65333366394043,13.960000038146973,13.56666660308838,13.710000038146973,12.874744415283205,35400.0,WSFS
2012-08-29,41.810001373291016,41.88000106811523,41.5,41.61999893188477,34.36518096923828,1548900.0,WSM
2012-08-29,75.1500015258789,75.9800033569336,74.56999969482422,75.33999633789062,61.27742004394531,155400.0,WSO
2012-08-29,12.850000381469727,13.06999969482422,12.829999923706055,12.989999771118164,6.81353759765625,318700.0,WSR
2012-08-29,23.920000076293945,24.04999923706055,23.809999465942386,23.95000076293945,22.338109970092773,149600.0,WST
2012-08-29,12.899999618530273,12.920000076293945,12.6899995803833,12.6899995803833,8.94033432006836,6500.0,WSTG
2012-08-29,8.800000190734863,8.800000190734863,8.600000381469728,8.720000267028809,8.720000267028809,53900.0,WSTL
2012-08-29,10.0,10.289999961853027,10.0,10.279999732971193,7.958432197570801,10900.0,WTBA
2012-08-29,37.47999954223633,37.900001525878906,37.209999084472656,37.849998474121094,35.390647888183594,304500.0,WTFC
2012-08-29,17.950000762939453,18.049999237060547,17.579999923706055,17.93000030517578,15.964102745056152,596700.0,WTI
2012-08-29,512.3599853515625,512.5999755859375,510.6900024414063,512.3699951171875,506.8011474609375,3800.0,WTM
2012-08-29,37.060001373291016,37.15999984741211,36.77999877929688,37.04999923706055,34.16537094116211,87800.0,WTS
2012-08-29,1.3200000524520874,1.3600000143051147,1.3200000524520874,1.3400000333786009,1.3400000333786009,16700.0,WTT
2012-08-29,17.350000381469727,17.569999694824222,17.290000915527347,17.530000686645508,13.509410858154295,3260100.0,WU
2012-08-29,8.5,8.510000228881836,8.5,8.510000228881836,7.480197429656982,400.0,WVFC
2012-08-29,3.619999885559082,3.619999885559082,3.619999885559082,3.619999885559082,3.619999885559082,300.0,WVVI
2012-08-29,47.63000106811523,47.93000030517578,47.47000122070313,47.86999893188477,46.93716812133789,539700.0,WW
2012-08-29,35.45000076293945,35.5099983215332,35.0,35.290000915527344,33.292049407958984,225900.0,WWD
2012-08-29,8.420000076293945,8.489999771118164,8.270000457763674,8.340000152587889,6.818803310394287,130600.0,WWE
2012-08-29,3000.0,3000.0,2940.0,2940.0,2940.0,0.0,WWR
2012-08-29,23.125,23.59499931335449,23.07999992370605,23.53499984741211,21.40138435363769,932000.0,WWW
2012-08-29,24.6299991607666,24.899999618530273,24.459999084472656,24.8799991607666,18.66698265075684,4563400.0,WY
2012-08-29,23.34988784790039,23.62076759338379,23.30474090576172,23.55756187438965,16.50917625427246,1889800.0,WYND
2012-08-29,105.25,105.68000030517578,103.6500015258789,104.91999816894531,79.89075469970703,1228400.0,WYNN
2012-08-29,0.4900000095367432,0.4900000095367432,0.479999989271164,0.4900000095367432,0.4900000095367432,26800.0,WYY
2012-08-29,20.479999542236328,20.489999771118164,19.780000686645508,19.809999465942386,18.41457939147949,8709000.0,X
2012-08-29,23.60000038146973,23.79999923706055,23.60000038146973,23.79999923706055,13.699036598205565,157500.0,XAN
2012-08-29,58.31999969482422,58.38000106811523,57.290000915527344,57.59000015258789,54.659568786621094,526500.0,XEC
2012-08-29,27.96999931335449,28.020000457763672,27.84000015258789,27.95000076293945,21.23011016845703,1364500.0,XEL
2012-08-29,2.890000104904175,2.890000104904175,2.789999961853028,2.8399999141693115,1.761955738067627,180400.0,XIN
2012-08-29,33.93000030517578,33.93000030517578,33.470001220703125,33.709999084472656,28.434600830078125,1489500.0,XLNX
2012-08-29,88.06999969482422,88.19000244140625,87.73999786376953,87.9000015258789,67.19659423828125,8377300.0,XOM
2012-08-29,66.40000152587889,70.19999694824219,66.40000152587889,69.40000152587889,69.40000152587889,24100.0,XOMA
2012-08-29,15.130000114440918,15.130000114440918,14.81999969482422,15.010000228881836,11.594456672668455,189100.0,XPER
2012-08-29,1.2400000095367432,1.2799999713897705,1.2200000286102295,1.2599999904632568,1.2599999904632568,19600.0,XPL
2012-08-29,14.850000381469727,15.029999732971193,14.729999542236328,14.84000015258789,14.84000015258789,106600.0,XPO
2012-08-29,35.88999938964844,36.56999969482422,35.63999938964844,36.47000122070313,34.692028045654304,629200.0,XRAY
2012-08-29,19.49934196472168,19.578392028808594,19.288537979125977,19.472990036010746,16.81660270690918,2305900.0,XRX
2012-08-29,660.0,672.0,640.0,654.0,654.0,17900.0,XSPA
2012-08-29,39.5,39.5,39.5,39.5,39.5,0.0,XTLB
2012-08-29,212.3999938964844,213.6000061035156,201.6000061035156,201.6000061035156,201.6000061035156,3000.0,XTNT
2012-08-29,56.38000106811523,56.52999877929688,56.099998474121094,56.34000015258789,56.34000015258789,21300.0,XVZ
2012-08-29,0.25,0.30000001192092896,0.25,0.30000001192092896,0.30000001192092896,172500.0,XXII
2012-08-29,24.06999969482422,24.149999618530273,23.8799991607666,24.01000022888184,21.61013603210449,597700.0,XYL
2012-08-29,335.0,337.0899963378906,332.6600036621094,334.3500061035156,321.7142333984375,28300.0,Y
2012-08-29,17.510000228881836,22.88999938964844,17.5,22.3700008392334,22.3700008392334,8652400.0,YELP
2012-08-29,3.7999999523162837,3.900000095367432,3.3399999141693115,3.5999999046325684,3.5999999046325684,7000.0,YGYI
2012-08-29,21.1299991607666,21.3799991607666,20.979999542236328,21.11000061035156,21.11000061035156,641200.0,YNDX
2012-08-29,18.049999237060547,18.1299991607666,17.93000030517578,18.030000686645508,15.088090896606445,10900.0,YORW
2012-08-29,12.899999618530273,12.93000030517578,12.619999885559082,12.729999542236328,11.967386245727539,232200.0,YPF
2012-08-29,5.489999771118164,5.75,5.420000076293945,5.519999980926514,5.519999980926514,77100.0,YRCW
2012-08-29,4104.0,4104.0,3936.0,3984.0,3984.0,0.0,YTEN
2012-08-29,45.83752822875977,46.26887130737305,45.82315063476562,45.93817520141602,38.29115295410156,2485400.0,YUM
2012-08-29,1356.0,1356.0,1356.0,1356.0,1355.7037353515625,0.0,YUMA
2012-08-29,21.049999237060547,21.950000762939453,21.0,21.950000762939453,21.950000762939453,100.0,YVR
2012-08-29,7.679999828338622,7.769999980926514,7.519999980926514,7.670000076293945,7.670000076293945,828000.0,ZAGG
2012-08-29,61.43000030517578,62.09000015258789,61.43000030517578,62.02000045776367,57.9954719543457,1043700.0,ZBH
2012-08-29,37.25,37.41999816894531,36.9900016784668,37.34000015258789,37.34000015258789,99600.0,ZBRA
2012-08-29,15.880000114440918,16.079999923706055,15.75,15.779999732971193,15.226768493652346,35400.0,ZEUS
2012-08-29,12.192079544067385,12.790770530700685,12.164015769958494,12.756470680236815,12.756470680236815,2211800.0,ZG
2012-08-29,19.280000686645508,19.280000686645508,18.239999771118164,18.559999465942386,18.559999465942386,31500.0,ZGNX
2012-08-29,19.209999084472656,19.3700008392334,19.13999938964844,19.299999237060547,17.5863037109375,1071000.0,ZION
2012-08-29,21.8700008392334,22.100000381469727,21.6200008392334,22.100000381469727,22.100000381469727,5801.0,ZIONP
2012-08-29,5.019999980926514,5.03000020980835,4.96999979019165,5.0,5.0,400700.0,ZIOP
2012-08-29,16.680000305175778,16.75,16.649999618530273,16.75,16.75,1400.0,ZIV
2012-08-29,2.559999942779541,2.5999999046325684,2.559999942779541,2.5999999046325684,2.5999999046325684,93100.0,ZIXI
2012-08-29,2.200000047683716,2.25,2.1800000667572017,2.25,2.25,97100.0,ZN
2012-08-29,3.0499999523162837,3.059999942779541,2.9500000476837163,2.9600000381469727,2.9600000381469727,13312200.0,ZNGA
2012-08-29,21.950000762939453,21.979999542236328,21.76000022888184,21.850000381469727,19.640613555908203,8700.0,ZNH
2012-08-29,12.479999542236328,12.529999732971193,12.479999542236328,12.510000228881836,4.614382743835449,54200.0,ZTR
2012-08-29,32.02000045776367,32.22999954223633,31.28000068664551,31.56999969482422,31.56999969482422,1133600.0,ZUMZ
2012-08-29,0.7799999713897705,0.7799999713897705,0.7799999713897705,0.7799999713897705,0.4243684411048889,0.0,ZYXI
