Date,Open,High,Low,Close,Adj Close,Volume,stock
2016-11-17,46.15999984741211,46.15999984741211,45.54999923706055,45.93999862670898,44.4873046875,2070600.0,A
2016-11-17,31.29999923706055,32.02000045776367,30.770000457763672,31.85000038146973,31.85000038146973,4693200.0,AA
2016-11-17,44.38999938964844,45.849998474121094,44.04999923706055,45.83000183105469,44.28705978393555,8558700.0,AAL
2016-11-17,29.95000076293945,30.149999618530273,26.979999542236328,29.0,29.0,14000.0,AAMC
2016-11-17,3.849999904632568,3.849999904632568,3.849999904632568,3.849999904632568,3.777008056640625,200.0,AAME
2016-11-17,28.770000457763672,29.0,28.61000061035156,28.63999938964844,28.31591606140137,688400.0,AAN
2016-11-17,25.979999542236328,26.149999618530273,25.36000061035156,26.149999618530273,26.149999618530273,532300.0,AAOI
2016-11-17,32.59999847412109,33.0,32.59999847412109,32.84999847412109,31.97558403015137,120500.0,AAON
2016-11-17,163.44000244140625,166.97000122070312,162.33999633789062,166.32000732421875,164.91163635253906,1496400.0,AAP
2016-11-17,109.80999755859376,110.3499984741211,108.83000183105469,109.9499969482422,104.78254699707031,27632000.0,AAPL
2016-11-17,40.20000076293945,40.66999816894531,40.060001373291016,40.11999893188477,36.52083969116211,148400.0,AAT
2016-11-17,1.190000057220459,1.2100000381469729,1.1100000143051147,1.1299999952316284,1.1299999952316284,245500.0,AAU
2016-11-17,50.0,50.599998474121094,48.72999954223633,50.45000076293945,50.45000076293945,347800.0,AAWW
2016-11-17,27.84000015258789,28.20000076293945,27.670000076293945,27.959999084472656,27.959999084472656,525900.0,AAXN
2016-11-17,23.5,23.85000038146973,23.25,23.29999923706055,17.329330444335938,317100.0,AB
2016-11-17,20.940000534057614,21.0,20.86000061035156,20.899999618530273,17.93670082092285,1174100.0,ABB
2016-11-17,61.75,61.9900016784668,61.13000106811523,61.70000076293945,52.72866439819336,4879500.0,ABBV
2016-11-17,78.19999694824219,80.25,77.70999908447266,80.16000366210938,75.6246337890625,3045700.0,ABC
2016-11-17,42.0,42.25,40.04999923706055,41.849998474121094,40.23099899291992,272200.0,ABCB
2016-11-17,7.0,7.300000190734862,6.9000000953674325,7.25,7.25,330300.0,ABEO
2016-11-17,5.150000095367432,5.199999809265137,5.0900001525878915,5.099999904632568,4.612207412719727,13463400.0,ABEV
2016-11-17,58.4000015258789,58.849998474121094,57.95000076293945,58.349998474121094,58.349998474121094,233500.0,ABG
2016-11-17,41.58000183105469,42.29999923706055,41.400001525878906,42.29999923706055,42.29999923706055,100.0,ABIO
2016-11-17,42.52000045776367,43.040000915527344,42.18000030517578,43.0099983215332,40.10356521606445,277500.0,ABM
2016-11-17,111.9800033569336,113.9499969482422,110.95999908447266,113.5999984741211,113.5999984741211,455200.0,ABMD
2016-11-17,7.480000019073486,7.5,7.4000000953674325,7.449999809265138,5.550994396209717,72000.0,ABR
2016-11-17,40.0,40.5,40.0,40.38999938964844,37.9700813293457,6582600.0,ABT
2016-11-17,31.45000076293945,31.45000076293945,30.70000076293945,30.85000038146973,30.76280403137207,32800.0,ABTX
2016-11-17,2.799999952316284,2.8499999046325684,2.630000114440918,2.75,2.75,212200.0,ABUS
2016-11-17,34.25,34.700000762939446,33.825000762939446,34.25,33.586360931396484,51000.0,AC
2016-11-17,28.71999931335449,29.38999938964844,28.309999465942386,29.10000038146973,29.10000038146973,1314400.0,ACAD
2016-11-17,2.3199999332427983,2.5299999713897705,2.249000072479248,2.3949999809265137,2.3949999809265137,1338800.0,ACB
2016-11-17,16.0,16.149999618530273,15.75,15.800000190734865,15.800000190734865,40900.0,ACBI
2016-11-17,45.72999954223633,46.27000045776367,44.959999084472656,45.02999877929688,39.386802673339844,916500.0,ACC
2016-11-17,12.350000381469727,12.75,12.300000190734865,12.600000381469727,11.836201667785645,1482600.0,ACCO
2016-11-17,6.145833492279053,6.145833492279053,5.729166507720947,5.729166507720947,5.729166507720947,22700.0,ACER
2016-11-17,26.83333396911621,26.933332443237305,26.6200008392334,26.86666679382324,26.86666679382324,1128300.0,ACGL
2016-11-17,22.0,22.0,21.56999969482422,21.920000076293945,18.029808044433594,196000.0,ACGLP
2016-11-17,10.890000343322754,10.989999771118164,10.880000114440918,10.979999542236328,10.979999542236328,61900.0,ACH
2016-11-17,37.81999969482422,38.75,37.599998474121094,38.34000015258789,38.34000015258789,557400.0,ACHC
2016-11-17,49.5,50.599998474121094,48.4000015258789,49.5,49.5,2000.0,ACHV
2016-11-17,77.0,78.4000015258789,73.80000305175781,74.12999725341797,74.12999725341797,1491000.0,ACIA
2016-11-17,15.649999618530273,17.469999313354492,15.30500030517578,16.110000610351562,16.110000610351562,114600.0,ACIU
2016-11-17,18.690000534057614,18.88999938964844,18.559999465942386,18.780000686645508,18.780000686645508,415600.0,ACIW
2016-11-17,14.25,14.25,13.800000190734865,13.899999618530273,13.899999618530273,134900.0,ACLS
2016-11-17,37.540000915527344,37.93000030517578,37.08000183105469,37.209999084472656,37.209999084472656,2277500.0,ACM
2016-11-17,117.5,118.54000091552734,117.20999908447266,118.37000274658205,112.12081146240234,1313600.0,ACN
2016-11-17,29.35000038146973,29.35000038146973,28.25,28.649999618530273,26.01133728027344,4800.0,ACNB
2016-11-17,20.350000381469727,21.25,19.5,21.25,21.25,435600.0,ACOR
2016-11-17,11.959064483642578,12.222222328186035,11.959064483642578,12.124755859375,8.227697372436522,109900.0,ACP
2016-11-17,13.350000381469727,13.399999618530273,13.270000457763672,13.279999732971193,9.722371101379396,65400.0,ACRE
2016-11-17,20.200000762939453,23.959999084472656,20.200000762939453,23.81999969482422,23.81999969482422,572700.0,ACRS
2016-11-17,3.150000095367432,3.150000095367432,3.0499999523162837,3.0999999046325684,3.0999999046325684,189200.0,ACRX
2016-11-17,1.350000023841858,1.350000023841858,1.309999942779541,1.3200000524520874,1.3200000524520874,4800.0,ACST
2016-11-17,6.5,6.5999999046325675,6.380000114440918,6.5,6.5,722400.0,ACTG
2016-11-17,21.850000381469727,22.09000015258789,21.739999771118164,21.739999771118164,20.29756164550781,1300.0,ACU
2016-11-17,18.010000228881836,18.26000022888184,18.010000228881836,18.160999298095703,13.463598251342773,75000.0,ACV
2016-11-17,9.149999618530273,9.149999618530273,9.149999618530273,9.149999618530273,9.149999618530273,100.0,ACY
2016-11-17,4.880000114440918,5.070000171661377,4.760000228881836,4.880000114440918,4.880000114440918,180500.0,ADAP
2016-11-17,103.7699966430664,105.93000030517578,103.4800033569336,105.80999755859376,105.80999755859376,2606600.0,ADBE
2016-11-17,43.15999984741211,44.18999862670898,42.88999938964844,43.0099983215332,37.52661895751953,201600.0,ADC
2016-11-17,9.0,9.170000076293944,8.930000305175781,9.029999732971193,6.836657524108888,34600.0,ADES
2016-11-17,67.88999938964844,68.31999969482422,67.37999725341797,68.20999908447266,63.38692855834961,1610800.0,ADI
2016-11-17,43.27999877929688,43.349998474121094,42.7599983215332,43.0,38.81615447998047,3595400.0,ADM
2016-11-17,6.119999885559082,6.3309998512268075,5.730000019073486,5.760000228881836,5.760000228881836,22800.0,ADMA
2016-11-17,2.799999952316284,2.799999952316284,2.75,2.75,2.75,97300.0,ADMP
2016-11-17,16.040000915527347,16.280000686645508,15.859999656677244,16.100000381469727,16.100000381469727,82000.0,ADMS
2016-11-17,50.0099983215332,55.13000106811523,50.0099983215332,53.5,51.74031448364258,3302300.0,ADNT
2016-11-17,93.1500015258789,94.43000030517578,93.08999633789062,94.37999725341795,87.53485870361328,2031800.0,ADP
2016-11-17,13.75,14.050000190734865,13.399999618530273,13.850000381469727,13.850000381469727,266000.0,ADRO
2016-11-17,212.0399932861328,217.8500061035156,211.02999877929688,217.5500030517578,208.1744537353516,706000.0,ADS
2016-11-17,77.54000091552734,78.58000183105469,77.08000183105469,78.45999908447266,78.45999908447266,1774700.0,ADSK
2016-11-17,19.940000534057614,20.0,19.82999992370605,20.0,20.0,159700.0,ADSW
2016-11-17,19.950000762939453,20.020000457763672,19.75,19.950000762939453,18.412668228149414,335100.0,ADTN
2016-11-17,32.299999237060554,32.549999237060554,31.85000038146973,32.450000762939446,32.450000762939446,132900.0,ADUS
2016-11-17,3.5499999523162837,3.7000000476837163,3.4500000476837163,3.5,3.5,75200.0,ADVM
2016-11-17,13.06999969482422,13.149999618530273,13.06999969482422,13.119999885559082,9.527880668640137,154800.0,ADX
2016-11-17,146.5500030517578,149.39999389648438,143.11500549316406,146.39999389648438,146.39999389648438,23300.0,ADXS
2016-11-17,39.77999877929688,40.45000076293945,38.310001373291016,39.79999923706055,36.56718444824219,8400.0,AE
2016-11-17,23.76000022888184,24.190000534057614,23.290000915527344,23.45000076293945,20.887767791748047,13500.0,AEB
2016-11-17,48.36000061035156,48.81000137329102,48.290000915527344,48.5099983215332,43.82102966308594,1438900.0,AEE
2016-11-17,6.119999885559082,6.130000114440918,6.110000133514403,6.110000133514403,4.879793643951416,1600.0,AEF
2016-11-17,5.079999923706055,5.150000095367432,5.070000171661377,5.119999885559082,4.1375274658203125,2823800.0,AEG
2016-11-17,24.670000076293945,24.670000076293945,23.979999542236328,23.989999771118164,23.989999771118164,202900.0,AEGN
2016-11-17,2.970000028610229,3.039999961853028,2.9100000858306885,3.039999961853028,3.039999961853028,7000.0,AEHR
2016-11-17,53.47999954223633,54.22999954223633,53.0,54.08000183105469,54.08000183105469,262800.0,AEIS
2016-11-17,21.8799991607666,22.170000076293945,21.530000686645508,21.899999618530273,21.07114791870117,758900.0,AEL
2016-11-17,44.25,44.97999954223633,42.38999938964844,42.77999877929688,41.11875534057617,2697700.0,AEM
2016-11-17,69.75,70.5,66.30000305175781,67.65000152587889,67.65000152587889,1200.0,AEMD
2016-11-17,17.959999084472656,18.38999938964844,17.809999465942386,18.34000015258789,16.552637100219727,3276600.0,AEO
2016-11-17,58.79999923706055,59.31999969482422,58.79999923706055,58.86000061035156,52.74601745605469,2307200.0,AEP
2016-11-17,44.040000915527344,45.040000915527344,43.75,44.97999954223633,44.97999954223633,2272800.0,AER
2016-11-17,41.54999923706055,43.25,41.349998474121094,42.20000076293945,42.20000076293945,450800.0,AERI
2016-11-17,11.350000381469727,11.510000228881836,11.3100004196167,11.43000030517578,9.993682861328123,3140300.0,AES
2016-11-17,1.7599999904632568,1.7799999713897705,1.75,1.75,1.75,3300.0,AEY
2016-11-17,2.75,2.75,2.75,2.75,2.75,7500.0,AEYE
2016-11-17,3.5,3.539999961853028,3.400000095367432,3.4500000476837163,3.4500000476837163,117100.0,AEZS
2016-11-17,13.329999923706055,13.399999618530273,13.270000457763672,13.329999923706055,11.48439121246338,103900.0,AFB
2016-11-17,25.5,25.5,25.399999618530273,25.399999618530273,20.07368278503418,2400.0,AFC
2016-11-17,80.12000274658203,81.4000015258789,80.04000091552734,81.0999984741211,69.51364898681639,298500.0,AFG
2016-11-17,25.0,25.09000015258789,24.738000869750977,24.79999923706055,21.16464233398437,34400.0,AFGH
2016-11-17,17.649999618530273,17.649999618530273,17.450000762939453,17.549999237060547,17.549999237060547,77400.0,AFH
2016-11-17,17.969999313354492,18.540000915527344,17.969999313354492,18.5,18.5,48700.0,AFI
2016-11-17,35.8849983215332,36.310001373291016,35.82500076293945,36.19499969482422,32.736522674560554,3173600.0,AFL
2016-11-17,2.299999952316284,2.650000095367432,2.200000047683716,2.5999999046325684,2.5999999046325684,263200.0,AFMD
2016-11-17,16.829999923706055,16.850000381469727,16.760000228881836,16.770000457763672,12.897472381591795,42600.0,AFT
2016-11-17,8.869999885559082,9.210000038146973,8.539999961853027,8.699999809265138,8.699999809265138,7480400.0,AG
2016-11-17,53.290000915527344,53.63999938964844,53.15999984741211,53.459999084472656,51.909706115722656,492400.0,AGCO
2016-11-17,8.350000381469728,8.5,8.350000381469728,8.439999580383299,6.428341388702393,56500.0,AGD
2016-11-17,4.360000133514403,4.4099998474121085,4.360000133514403,4.4099998474121085,4.4099998474121085,1800.0,AGE
2016-11-17,5.599999904632568,5.599999904632568,5.079999923706055,5.110000133514403,5.110000133514403,2208900.0,AGEN
2016-11-17,2.1300001144409184,2.2799999713897705,2.1300001144409184,2.240000009536743,2.240000009536743,1128100.0,AGFS
2016-11-17,6.949999809265138,6.949999809265138,6.25,6.420000076293945,6.308911323547362,2427800.0,AGI
2016-11-17,62.36999893188477,63.2400016784668,61.54999923706055,62.81000137329102,62.81000137329102,513500.0,AGIO
2016-11-17,6.019999980926514,6.53000020980835,5.769999980926514,6.199999809265138,6.199999809265138,46000.0,AGLE
2016-11-17,60.599998474121094,60.599998474121094,60.599998474121094,60.599998474121094,54.095252990722656,0.0,AGM-A
2016-11-17,48.9900016784668,51.11999893188477,48.68000030517578,50.81999969482422,45.6822395324707,87000.0,AGM
2016-11-17,197.22000122070312,201.5500030517578,195.0399932861328,199.97999572753903,189.6299285888672,4516900.0,AGN
2016-11-17,19.200000762939453,19.290000915527344,19.13999938964844,19.15999984741211,13.01003360748291,2814900.0,AGNC
2016-11-17,34.59999847412109,34.97999954223633,34.450000762939446,34.90999984741211,33.11936569213867,1004000.0,AGO
2016-11-17,37.22000122070313,37.5,37.13199996948242,37.290000915527344,32.54591751098633,274000.0,AGR
2016-11-17,10.6899995803833,10.899999618530273,10.56999969482422,10.720000267028807,10.720000267028807,282600.0,AGRO
2016-11-17,7.110000133514403,7.300000190734862,6.8400001525878915,7.079999923706055,7.079999923706055,92200.0,AGRX
2016-11-17,9.449999809265137,10.050000190734863,9.329999923706056,9.600000381469727,9.600000381469727,133500.0,AGTC
2016-11-17,61.25,62.75,61.13000106811523,62.70000076293945,58.48485946655274,225200.0,AGX
2016-11-17,10.729999542236328,10.989999771118164,10.640000343322754,10.739999771118164,10.739999771118164,27200.0,AGYS
2016-11-17,6.199999809265138,6.25,6.1500000953674325,6.1500000953674325,4.854016780853272,6100.0,AHC
2016-11-17,14.25,14.449999809265135,14.09000015258789,14.149999618530273,11.60982894897461,307200.0,AHH
2016-11-17,2.2799999713897705,2.3399999141693115,2.200000047683716,2.259999990463257,2.259999990463257,8200.0,AHPI
2016-11-17,6.501976490020753,6.600790500640869,6.373517990112305,6.442687511444093,4.944465637207031,353200.0,AHT
2016-11-17,15.579999923706055,15.800000190734865,15.539999961853027,15.640000343322756,9.115887641906738,233700.0,AI
2016-11-17,23.05100059509277,23.05100059509277,23.05100059509277,23.05100059509277,18.008544921875,200.0,AIC
2016-11-17,14.970000267028807,15.079999923706055,14.81999969482422,14.890000343322756,11.18059539794922,148000.0,AIF
2016-11-17,63.95000076293945,64.45999908447266,63.95000076293945,64.23000335693361,58.712791442871094,6260700.0,AIG
2016-11-17,39.60049819946289,41.24169921875,37.39599990844727,37.84049987792969,37.84049987792969,1083.0,AIM
2016-11-17,35.599998474121094,35.849998474121094,34.900001525878906,35.0,32.664562225341804,212100.0,AIMC
2016-11-17,25.88999938964844,26.520000457763672,25.1200008392334,25.46999931335449,25.46999931335449,436800.0,AIMT
2016-11-17,44.849998474121094,45.099998474121094,44.5,44.95000076293945,43.06201171875,127200.0,AIN
2016-11-17,40.52000045776367,40.52000045776367,38.10499954223633,38.85699844360352,38.85699844360352,10200.0,AINC
2016-11-17,18.1200008392334,18.18000030517578,17.90999984741211,18.149999618530273,12.207527160644533,930200.0,AINV
2016-11-17,102.06999969482422,102.06999969482422,102.06999969482422,102.06999969482422,99.80211639404295,0.0,AIO
2016-11-17,36.63000106811523,37.22999954223633,36.63000106811523,37.20000076293945,36.15009689331055,207300.0,AIR
2016-11-17,22.190000534057614,27.3799991607666,21.59000015258789,26.34000015258789,26.34000015258789,406600.0,AIRG
2016-11-17,2.5299999713897705,2.5299999713897705,2.4200000762939453,2.450000047683716,2.450000047683716,27300.0,AIRI
2016-11-17,12.713333129882812,12.713333129882812,12.166666984558105,12.300000190734865,12.300000190734865,2100.0,AIRT
2016-11-17,56.6500015258789,57.4000015258789,56.61999893188477,56.95000076293945,53.47793197631836,131400.0,AIT
2016-11-17,40.72000122070313,41.0099983215332,40.33000183105469,40.400001525878906,36.26442337036133,1346300.0,AIV
2016-11-17,23.20000076293945,23.20000076293945,23.20000076293945,23.20000076293945,18.58050537109375,0.0,AIW
2016-11-17,86.44000244140625,86.72000122070312,86.02999877929688,86.31999969482422,79.85162353515625,554400.0,AIZ
2016-11-17,50.9000015258789,51.9000015258789,50.86000061035156,51.63000106811523,47.29662704467773,603800.0,AJG
2016-11-17,20.229999542236328,20.600000381469727,20.229999542236328,20.3799991607666,20.3799991607666,265800.0,AJRD
2016-11-17,13.460000038146973,13.5,13.279999732971193,13.420000076293945,9.993127822875977,32300.0,AJX
2016-11-17,8.699000358581543,8.699000358581543,8.699000358581543,8.699000358581543,6.9956116676330575,0.0,AJXA
2016-11-17,66.25,66.93000030517578,66.09999847412111,66.59999847412111,66.59999847412111,2342900.0,AKAM
2016-11-17,8.720000267028809,9.039999961853027,8.720000267028809,8.979999542236328,8.979999542236328,258400.0,AKBA
2016-11-17,451.20001220703125,470.3999938964844,384.0,412.7999877929688,412.7999877929688,800.0,AKER
2016-11-17,3.3399999141693115,3.440000057220459,3.0999999046325684,3.190000057220459,3.190000057220459,363800.0,AKG
2016-11-17,33.209999084472656,33.56999969482422,32.93000030517578,32.93000030517578,28.32971954345703,427000.0,AKR
2016-11-17,22.1299991607666,22.63999938964844,21.75,22.270000457763672,22.270000457763672,1181200.0,AKRX
2016-11-17,5.75,5.949999809265138,5.75,5.949999809265138,5.949999809265138,4100.0,AKTS
2016-11-17,8.010000228881836,8.010000228881836,7.699999809265138,7.699999809265138,7.699999809265138,3100.0,AKTX
2016-11-17,34.759998321533196,35.279998779296875,34.72999954223633,34.880001068115234,33.24913787841797,1409100.0,AL
2016-11-17,81.93000030517578,83.22000122070312,81.77999877929688,82.97000122070312,78.5973129272461,899900.0,ALB
2016-11-17,20.200000762939453,22.0,19.76000022888184,21.899999618530273,21.899999618530273,65000.0,ALBO
2016-11-17,5.03000020980835,5.03000020980835,4.96999979019165,5.019999980926514,5.019999980926514,17263.0,ALC
2016-11-17,27.29999923706055,27.79999923706055,27.04999923706055,27.79999923706055,26.9968318939209,1200.0,ALCO
2016-11-17,6.300000190734862,6.699999809265138,5.510000228881836,5.75,5.75,21000.0,ALDX
2016-11-17,61.11000061035156,61.5099983215332,60.31000137329102,60.75,55.16991806030274,216600.0,ALE
2016-11-17,43.150001525878906,43.97999954223633,43.150001525878906,43.61000061035156,26.93190193176269,133600.0,ALEX
2016-11-17,73.41000366210938,74.8499984741211,73.41000366210938,74.23999786376953,73.12957763671875,54800.0,ALG
2016-11-17,93.75,97.27999877929688,93.72000122070312,97.23999786376952,97.23999786376952,1291300.0,ALGN
2016-11-17,158.25,161.1999969482422,156.5500030517578,160.8000030517578,150.2443389892578,131000.0,ALGT
2016-11-17,1.1100000143051147,1.2000000476837158,1.1100000143051147,1.2000000476837158,1.2000000476837158,646700.0,ALIM
2016-11-17,4.300000190734863,4.510000228881836,4.300000190734863,4.4099998474121085,4.4099998474121085,19800.0,ALJJ
2016-11-17,77.66000366210938,78.9000015258789,77.4800033569336,78.8499984741211,73.85259246826172,679900.0,ALK
2016-11-17,58.93999862670898,59.77999877929688,58.2599983215332,59.5,59.5,761600.0,ALKS
2016-11-17,70.62000274658203,71.79000091552734,70.47000122070312,71.77999877929688,67.21580505371094,2792300.0,ALL
2016-11-17,67.66000366210939,68.61000061035156,67.62999725341797,68.27999877929689,66.05718231201172,600200.0,ALLE
2016-11-17,4.599999904632568,4.670000076293945,4.599999904632568,4.6599998474121085,4.6599998474121085,8800.0,ALLT
2016-11-17,18.86000061035156,19.290000915527344,18.729999542236328,19.270000457763672,18.024566650390625,5168800.0,ALLY
2016-11-17,45.75,46.58000183105469,44.41999816894531,46.36000061035156,46.36000061035156,1091300.0,ALNY
2016-11-17,3.5999999046325684,3.7999999523162837,3.400000095367432,3.5999999046325684,3.5999999046325684,137400.0,ALO
2016-11-17,14.050000190734865,14.050000190734865,13.649999618530273,13.75,12.846068382263185,1300.0,ALOT
2016-11-17,24.959999084472656,26.479999542236328,23.375999450683594,26.040000915527344,26.040000915527344,7600.0,ALPN
2016-11-17,29.399999618530273,29.5,28.559999465942386,29.459999084472656,29.459999084472656,265100.0,ALRM
2016-11-17,16.5,16.850000381469727,16.5,16.549999237060547,15.11667251586914,10800.0,ALRS
2016-11-17,1.6599999666213991,1.690000057220459,1.6100000143051147,1.6499999761581419,1.6499999761581419,78700.0,ALSK
2016-11-17,31.899999618530273,32.09999847412109,31.60000038146973,31.84000015258789,30.37678146362305,5165800.0,ALSN
2016-11-17,14.199999809265135,14.199999809265135,13.75,13.75,13.75,204400.0,ALT
2016-11-17,70.07204437255861,70.85014343261719,69.90634155273439,70.67723083496094,64.0933837890625,478300.0,ALV
2016-11-17,406.989990234375,410.0,397.20001220703125,408.8800048828125,350.3028259277344,12400.0,ALX
2016-11-17,122.3499984741211,123.5500030517578,121.0199966430664,122.97000122070312,122.97000122070312,1929400.0,ALXN
2016-11-17,7.199999809265138,7.199999809265138,7.130000114440918,7.130000114440918,5.283266067504883,4700.0,ALYA
2016-11-17,29.34000015258789,29.540000915527344,28.440000534057614,28.559999465942386,23.17875671386719,381300.0,AM
2016-11-17,31.54999923706055,32.59999847412109,31.399999618530273,32.59999847412109,32.59999847412109,1189300.0,AMAG
2016-11-17,30.38999938964844,30.85000038146973,30.0,30.729999542236328,29.16117286682129,19147600.0,AMAT
2016-11-17,61.97999954223633,62.97000122070313,61.5099983215332,62.22000122070313,62.22000122070313,456600.0,AMBA
2016-11-17,22.899999618530273,23.46999931335449,22.61000061035156,23.18000030517578,23.18000030517578,478100.0,AMBC
2016-11-17,34.700000762939446,35.650001525878906,34.34999847412109,35.5,27.5074462890625,411100.0,AMC
2016-11-17,0.4880000054836273,0.4880000054836273,0.4880000054836273,0.4880000054836273,0.4880000054836273,0.0,AMCI
2016-11-17,11.710000038146973,11.710000038146973,11.710000038146973,11.710000038146973,10.123239517211914,0.0,AMCR
2016-11-17,53.29999923706055,54.349998474121094,52.95000076293945,54.0099983215332,54.0099983215332,660600.0,AMCX
2016-11-17,7.789999961853027,8.770000457763674,7.769999980926514,8.460000038146973,8.460000038146973,124235500.0,AMD
2016-11-17,47.68999862670898,48.43999862670898,47.5,48.20000076293945,47.07058334350586,1894500.0,AME
2016-11-17,40.400001525878906,41.09000015258789,40.400001525878906,40.68999862670898,40.68999862670898,374900.0,AMED
2016-11-17,3.7100000381469727,4.0,3.7100000381469727,4.0,4.0,1000.0,AMEH
2016-11-17,142.9499969482422,144.1999969482422,141.44000244140625,142.60000610351562,138.28713989257812,357600.0,AMG
2016-11-17,147.72999572753906,148.4499969482422,146.50999450683594,147.36000061035156,134.19259643554688,3957300.0,AMGN
2016-11-17,20.850000381469727,20.959999084472656,20.559999465942386,20.600000381469727,19.966144561767575,656600.0,AMH
2016-11-17,30.54999923706055,30.770000457763672,30.34000015258789,30.38999938964844,23.540435791015625,2370600.0,AMJ
2016-11-17,10.425000190734863,10.425000190734863,10.425000190734863,10.425000190734863,10.425000190734863,0.0,AMK
2016-11-17,11.5,11.880000114440918,11.359999656677244,11.800000190734865,11.800000190734865,1802500.0,AMKR
2016-11-17,32.299999237060554,33.549999237060554,31.959999084472656,33.34999847412109,33.34999847412109,595500.0,AMN
2016-11-17,30.149999618530273,30.29999923706055,28.690000534057614,30.149999618530273,27.328357696533203,29800.0,AMNB
2016-11-17,21.0,21.61000061035156,20.0,21.440000534057614,21.208786010742188,26800.0,AMOT
2016-11-17,11.579999923706055,11.770000457763672,11.279999732971193,11.279999732971193,10.588349342346193,6600.0,AMOV
2016-11-17,114.37999725341795,115.5,113.08999633789062,113.58999633789062,104.71300506591795,1370700.0,AMP
2016-11-17,0.7699999809265137,0.7699999809265137,0.699999988079071,0.7400000095367432,0.7400000095367432,195800.0,AMPE
2016-11-17,21.299999237060547,21.57999992370605,21.030000686645508,21.549999237060547,21.549999237060547,382700.0,AMPH
2016-11-17,17.940000534057614,18.100000381469727,17.610000610351562,17.610000610351562,14.670811653137207,37700.0,AMPY
2016-11-17,13.34000015258789,14.050000190734865,13.34000015258789,13.899999618530273,13.236605644226074,22200.0,AMRB
2016-11-17,5.9000000953674325,5.9000000953674325,5.699999809265138,5.9000000953674325,5.9000000953674325,26100.0,AMRC
2016-11-17,162.75,162.75,162.75,162.75,162.75,0.0,AMRH
2016-11-17,16.149999618530273,16.339000701904293,16.149999618530273,16.200000762939453,15.77070426940918,5900.0,AMRK
2016-11-17,3.4500000476837163,3.559999942779541,3.3499999046325684,3.4200000762939453,3.4200000762939453,2254800.0,AMRN
2016-11-17,12.0,12.149999618530273,11.399999618530273,11.850000381469727,11.850000381469727,200900.0,AMRS
2016-11-17,3.2999999523162837,3.3499999046325684,3.150000095367432,3.25,3.25,5000.0,AMS
2016-11-17,8.119999885559082,8.180000305175781,8.020000457763674,8.170000076293945,8.170000076293945,61000.0,AMSC
2016-11-17,64.25,64.65000152587889,63.54999923706055,64.0,49.20106506347656,86000.0,AMSF
2016-11-17,10.550000190734863,10.8100004196167,10.40999984741211,10.520000457763672,9.170248985290527,71500.0,AMSWA
2016-11-17,105.31999969482422,107.19000244140624,104.7699966430664,105.54000091552734,98.70333099365234,3234800.0,AMT
2016-11-17,38.22000122070313,39.22999954223633,37.93999862670898,39.209999084472656,36.74591827392578,3409500.0,AMTD
2016-11-17,1.870000004768372,1.8999999761581419,1.7599999904632568,1.8500000238418581,1.8500000238418581,31300.0,AMTX
2016-11-17,19.229999542236328,19.31999969482422,19.07999992370605,19.18000030517578,14.836749076843262,462300.0,AMU
2016-11-17,16.360000610351562,16.360000610351562,16.360000610351562,16.360000610351562,12.660847663879395,0.0,AMUB
2016-11-17,80.30000305175781,82.05000305175781,80.30000305175781,81.5999984741211,81.5999984741211,159700.0,AMWD
2016-11-17,11.869999885559082,11.880000114440918,11.449999809265135,11.460000038146973,10.766694068908693,3490600.0,AMX
2016-11-17,749.3200073242188,757.5,748.0,756.4000244140625,756.4000244140625,3690100.0,AMZN
2016-11-17,44.13999938964844,44.18000030517578,43.43000030517578,44.08000183105469,44.08000183105469,716100.0,AN
2016-11-17,120.11000061035156,122.48999786376952,120.11000061035156,122.19000244140624,109.51449584960938,19400.0,ANAT
2016-11-17,36.75,38.599998474121094,36.75,38.5,35.6101188659668,180700.0,ANDE
2016-11-17,88.01000213623047,88.5250015258789,87.73999786376953,88.04000091552734,88.04000091552734,275600.0,ANET
2016-11-17,16.290000915527347,16.989999771118164,16.229999542236328,16.930000305175778,14.299182891845705,4090400.0,ANF
2016-11-17,8.630000114440918,8.689999580383299,8.470000267028809,8.600000381469728,8.600000381469728,241000.0,ANGI
2016-11-17,16.75,17.040000915527347,16.700000762939453,16.780000686645508,16.780000686645508,481300.0,ANGO
2016-11-17,5.099999904632568,5.139999866485597,5.079999923706055,5.079999923706055,3.5154292583465576,474500.0,ANH
2016-11-17,44.560001373291016,45.4900016784668,44.560001373291016,45.09000015258789,45.09000015258789,72700.0,ANIK
2016-11-17,57.77000045776367,59.36999893188477,57.43999862670898,58.4900016784668,58.4900016784668,118000.0,ANIP
2016-11-17,5.0,5.199999809265137,4.949999809265137,5.050000190734863,5.050000190734863,13400.0,ANIX
2016-11-17,92.8499984741211,93.69000244140624,92.12000274658205,93.52999877929688,93.52999877929688,447300.0,ANSS
2016-11-17,15.949999809265135,16.049999237060547,15.5,15.600000381469727,15.600000381469727,18600.0,ANTE
2016-11-17,138.44999694824222,138.72000122070312,136.88999938964844,137.8800048828125,131.72282409667972,1505300.0,ANTM
2016-11-17,113.1999969482422,118.0,102.0,106.0,106.0,700.0,ANY
2016-11-17,24.31999969482422,24.739999771118164,24.21999931335449,24.399999618530273,24.399999618530273,1871800.0,AOBC
2016-11-17,7.300000190734862,7.369999885559082,7.28000020980835,7.3400001525878915,5.533681869506836,480500.0,AOD
2016-11-17,110.08000183105469,111.48999786376952,110.08000183105469,111.43000030517578,107.476806640625,845100.0,AON
2016-11-17,46.97999954223633,47.4000015258789,46.790000915527344,47.099998474121094,44.88318252563477,1186900.0,AOS
2016-11-17,21.399999618530273,22.190000534057614,21.350000381469727,21.959999084472656,21.959999084472656,206700.0,AOSL
2016-11-17,14.600000381469727,15.25,14.449999809265135,15.050000190734865,14.875687599182127,23800.0,AP
2016-11-17,63.47999954223633,63.7400016784668,61.13999938964844,61.4000015258789,56.26654815673828,2974200.0,APA
2016-11-17,27.899999618530273,28.82999992370605,27.60000038146973,28.54999923706055,22.003061294555664,641100.0,APAM
2016-11-17,138.92999267578122,139.33999633789062,137.88999938964844,138.0,125.71723175048828,1157700.0,APD
2016-11-17,102.0,104.0,96.0,96.0,96.0,1400.0,APDN
2016-11-17,23.0,23.0,22.149999618530273,22.25,22.25,110300.0,APEI
2016-11-17,15.729999542236328,15.729999542236328,14.520000457763672,14.904999732971193,14.904999732971193,9400.0,APEN
2016-11-17,28.95000076293945,29.399999618530273,28.20000076293945,28.5,28.5,5200.0,APEX
2016-11-17,67.87000274658203,68.11000061035156,67.40000152587889,68.01000213623047,65.74992370605469,1304400.0,APH
2016-11-17,4.329999923706056,4.78000020980835,4.329999923706056,4.78000020980835,4.78000020980835,201600.0,APHA
2016-11-17,17.770000457763672,17.979999542236328,17.670000076293945,17.770000457763672,14.100038528442385,1269600.0,APLE
2016-11-17,2.374000072479248,2.374000072479248,2.374000072479248,2.374000072479248,2.374000072479248,0.0,APM
2016-11-17,18.959999084472656,19.11000061035156,18.850000381469727,18.989999771118164,15.395087242126465,946200.0,APO
2016-11-17,46.36000061035156,47.31999969482422,46.31999969482422,46.9000015258789,44.65109252929688,253900.0,APOG
2016-11-17,17.5,17.5,17.25,17.299999237060547,17.299999237060547,400.0,APOP
2016-11-17,21.75,21.950000762939453,21.25,21.549999237060547,21.549999237060547,14000.0,APPF
2016-11-17,0.8700000047683716,0.9300000071525574,0.8299999833106995,0.9300000071525574,0.9300000071525574,74800.0,APPS
2016-11-17,3.2999999523162837,3.7000000476837163,3.2999999523162837,3.650000095367432,3.650000095367432,348900.0,APT
2016-11-17,0.9900000095367432,0.9900000095367432,0.8999999761581421,0.9200000166893004,0.9200000166893004,146400.0,APTO
2016-11-17,13.25,13.529999732971193,13.25,13.399999618530273,10.563267707824707,203400.0,APTS
2016-11-17,55.71668243408203,57.11651229858398,54.903602600097656,57.04107284545898,54.85664749145508,2378300.0,APTV
2016-11-17,27.71999931335449,27.86000061035156,26.8799991607666,27.15999984741211,27.15999984741211,12400.0,APVO
2016-11-17,2.259999990463257,2.259999990463257,2.25,2.25,2.1114962100982666,2200.0,APWC
2016-11-17,11.109999656677246,11.59000015258789,11.109999656677246,11.329999923706055,11.329999923706055,121600.0,AQMS
2016-11-17,8.039999961853027,8.060000419616701,7.940000057220459,7.949999809265138,6.765251159667969,64200.0,AQN
2016-11-17,25.239999771118164,25.34000015258789,24.440000534057614,24.60000038146973,24.251724243164066,3727500.0,AR
2016-11-17,22.979999542236328,25.420000076293945,22.78000068664551,24.93000030517578,24.93000030517578,397500.0,ARA
2016-11-17,76.19999694824219,78.9000015258789,68.53199768066406,78.0,78.0,26300.0,ARAV
2016-11-17,5.300000190734863,5.400000095367432,5.150000095367432,5.25,5.25,479600.0,ARAY
2016-11-17,4.3400001525878915,4.389999866485597,4.25,4.349999904632568,4.317045211791991,77500.0,ARC
2016-11-17,28.70000076293945,28.8799991607666,27.75,28.20000076293945,27.25416374206543,578400.0,ARCB
2016-11-17,15.5600004196167,15.68000030517578,15.529999732971193,15.640000343322756,11.256634712219238,2119600.0,ARCC
2016-11-17,79.94999694824219,79.94999694824219,70.68000030517578,73.94999694824219,69.34912109375,1437300.0,ARCH
2016-11-17,5.800000190734862,5.8499999046325675,5.6500000953674325,5.75,5.586892604827881,124400.0,ARCO
2016-11-17,13.93000030517578,15.329999923706055,13.369999885559082,15.1899995803833,15.1899995803833,87600.0,ARCT
2016-11-17,14.579999923706055,14.600000381469727,14.4399995803833,14.550000190734865,10.859957695007324,87400.0,ARDC
2016-11-17,15.0,15.449999809265135,14.850000381469727,15.399999618530273,15.399999618530273,83200.0,ARDX
2016-11-17,106.81999969482422,108.0500030517578,106.48999786376952,107.30999755859376,96.94161224365234,318500.0,ARE
2016-11-17,16.799999237060547,17.149999618530273,16.503999710083008,16.850000381469727,13.973042488098145,25200.0,ARES
2016-11-17,25.3700008392334,25.3799991607666,25.11000061035156,25.13999938964844,20.097206115722656,3200.0,ARGD
2016-11-17,56.86956405639648,57.65217208862305,56.78260803222656,57.30434799194336,53.72223663330078,248700.0,ARGO
2016-11-17,17.040000915527347,17.219999313354492,17.0,17.09000015258789,11.781872749328613,767400.0,ARI
2016-11-17,21.399999618530273,22.25,21.399999618530273,21.600000381469727,18.43487930297852,800.0,ARKR
2016-11-17,6.75,6.75,6.510000228881836,6.75,6.75,1300.0,ARL
2016-11-17,23.399999618530273,24.10000038146973,21.950000762939453,22.0,15.18170928955078,696500.0,ARLP
2016-11-17,33.360000610351555,34.150001525878906,33.360000610351555,34.110000610351555,32.777698516845696,2474300.0,ARMK
2016-11-17,102.1999969482422,105.0,93.8000030517578,96.5999984741211,96.5999984741211,9900.0,ARMP
2016-11-17,15.800000190734865,16.0,15.5,15.699999809265135,15.699999809265135,97100.0,ARNA
2016-11-17,19.549999237060547,19.6200008392334,19.36000061035156,19.5,18.977031707763672,0.0,ARNC
2016-11-17,12.850000381469727,13.949999809265135,12.850000381469727,13.649999618530273,11.6232328414917,581700.0,AROC
2016-11-17,34.043270111083984,34.500839233398445,33.814483642578125,34.22629928588867,30.862060546875,40200.0,AROW
2016-11-17,22.3799991607666,22.5,22.170000076293945,22.190000534057614,15.66953182220459,362900.0,ARR
2016-11-17,31.29999923706055,31.90999984741211,30.51000022888184,31.649999618530273,29.04647445678711,23000.0,ARTNA
2016-11-17,2.9800000190734863,2.9800000190734863,2.9800000190734863,2.9800000190734863,2.9800000190734863,500.0,ARTW
2016-11-17,65.84999847412111,66.30000305175781,65.65000152587889,66.25,66.25,537700.0,ARW
2016-11-17,4.449999809265137,4.5900001525878915,4.386000156402588,4.510000228881836,4.510000228881836,689000.0,ARWR
2016-11-17,11.34000015258789,11.619999885559082,11.029999732971193,11.100000381469727,11.007227897644043,270500.0,ASA
2016-11-17,22.5,22.70000076293945,22.299999237060547,22.5,20.49353790283203,1025100.0,ASB
2016-11-17,6.800000190734862,7.0,6.5999999046325675,6.800000190734862,6.744353771209718,381700.0,ASC
2016-11-17,8.75,9.350000381469727,8.75,9.0,4.13265323638916,1700.0,ASFI
2016-11-17,4.099999904632568,4.150000095367432,4.0900001525878915,4.130000114440918,3.168769121170044,24100.0,ASG
2016-11-17,40.61999893188477,41.63000106811523,40.61999893188477,41.31999969482422,41.31999969482422,413200.0,ASGN
2016-11-17,53.36594772338867,54.01663589477539,53.0675163269043,53.48336410522461,50.66458129882813,1277700.0,ASH
2016-11-17,16.100000381469727,16.690000534057614,16.100000381469727,16.530000686645508,16.530000686645508,291100.0,ASIX
2016-11-17,2.0199999809265137,2.0299999713897705,1.8799999952316284,1.9099999666213991,1.9099999666213991,242200.0,ASM
2016-11-17,12.710000038146973,12.970000267028807,12.579999923706055,12.81999969482422,12.81999969482422,15200.0,ASMB
2016-11-17,101.23999786376952,102.8499984741211,101.19000244140624,102.55999755859376,99.06526184082031,1344700.0,ASML
2016-11-17,129.80000305175778,131.0,126.0,127.8000030517578,127.8000030517578,178100.0,ASNA
2016-11-17,20.0,20.6200008392334,19.530000686645508,20.1200008392334,20.1200008392334,80400.0,ASND
2016-11-17,4.0,4.170000076293944,3.7799999713897705,3.869999885559082,3.869999885559082,97300.0,ASPN
2016-11-17,26.57999992370605,26.729999542236328,26.21999931335449,26.559999465942386,26.559999465942386,195800.0,ASPS
2016-11-17,3.119999885559082,3.240000009536743,3.119999885559082,3.240000009536743,3.240000009536743,16900.0,ASPU
2016-11-17,149.05999755859375,150.4199981689453,148.66000366210938,149.30999755859375,138.74021911621094,74300.0,ASR
2016-11-17,20.8799991607666,21.229999542236328,20.350000381469727,20.549999237060547,20.549999237060547,1118400.0,ASRT
2016-11-17,3.4500000476837163,3.5,3.4300000667572017,3.5,3.2914092540740967,15900.0,ASRV
2016-11-17,26.79999923706055,26.79999923706055,26.290000915527344,26.649999618530273,20.434236526489254,4700.0,ASRVP
2016-11-17,7.9000000953674325,8.199999809265138,7.8499999046325675,8.050000190734862,8.050000190734862,5700.0,ASTC
2016-11-17,67.16999816894531,67.93000030517578,65.62999725341797,65.69999694824219,63.625709533691406,215900.0,ASTE
2016-11-17,8.039999961853027,8.640000343322754,8.0,8.460000038146973,8.460000038146973,56000.0,ASUR
2016-11-17,5.300000190734863,5.389999866485597,5.289999961853027,5.320000171661377,4.562952518463135,519000.0,ASX
2016-11-17,5.4099998474121085,5.449999809265137,5.150000095367432,5.349999904632568,5.349999904632568,23200.0,ASYS
2016-11-17,2.5,2.5999999046325684,2.4600000381469727,2.549999952316284,2.549999952316284,389800.0,AT
2016-11-17,5.75,5.75,5.630000114440918,5.6500000953674325,4.271203517913818,106500.0,ATAX
2016-11-17,1.23363995552063,1.289720058441162,1.23363995552063,1.289720058441162,1.289720058441162,2428.0,ATCO
2016-11-17,5.039999961853027,5.269999980926514,5.039999961853027,5.230000019073486,5.230000019073486,21100.0,ATEC
2016-11-17,8.0,8.279999732971191,7.980000019073486,8.270000457763674,8.270000457763674,586000.0,ATEN
2016-11-17,24.70000076293945,25.10000038146973,24.25,24.79999923706055,24.79999923706055,32500.0,ATEX
2016-11-17,28.149999618530273,28.70000076293945,27.95000076293945,28.20000076293945,28.0288028717041,1105400.0,ATGE
2016-11-17,106.0500030517578,106.0500030517578,106.0500030517578,106.0500030517578,106.0500030517578,0.0,ATH
2016-11-17,2.940000057220459,2.940000057220459,2.5,2.7100000381469727,2.7100000381469727,114200.0,ATHE
2016-11-17,24.81999969482422,26.65999984741211,24.68000030517578,26.51000022888184,26.22884559631348,1058600.0,ATHM
2016-11-17,1.6699999570846558,1.690000057220459,1.5900000333786009,1.6699999570846558,1.6699999570846558,362500.0,ATHX
2016-11-17,16.540000915527347,16.540000915527347,15.979999542236328,16.010000228881836,16.010000228881836,2043900.0,ATI
2016-11-17,20.8700008392334,21.82999992370605,20.573999404907227,21.01000022888184,21.01000022888184,84600.0,ATKR
2016-11-17,3.0199999809265137,3.109999895095825,3.0199999809265137,3.109999895095825,3.109999895095825,1600.0,ATLC
2016-11-17,29.45000076293945,29.5,29.0,29.5,26.36672401428223,10300.0,ATLO
2016-11-17,23.07999992370605,23.07999992370605,22.70000076293945,22.85000038146973,19.88218307495117,397506.0,ATMP
2016-11-17,69.33999633789061,70.05999755859375,69.0,69.20999908447266,66.07137298583984,37700.0,ATNI
2016-11-17,1.0700000524520874,1.1100000143051147,1.0499999523162842,1.0900000333786009,1.0900000333786009,205100.0,ATNM
2016-11-17,70.9000015258789,71.7300033569336,70.83999633789062,71.2699966430664,66.05908203125,384700.0,ATO
2016-11-17,7.5,7.5,7.050000190734862,7.199999809265138,7.199999809265138,2900.0,ATOM
2016-11-17,21.479999542236328,23.040000915527344,19.799999237060547,21.0,21.0,6100.0,ATOS
2016-11-17,73.58000183105469,74.26000213623047,72.80000305175781,73.58000183105469,70.32607269287111,207500.0,ATR
2016-11-17,18.700000762939453,18.899999618530273,17.799999237060547,18.350000381469727,18.350000381469727,202500.0,ATRA
2016-11-17,19.739999771118164,19.850000381469727,18.540000915527344,19.309999465942386,19.309999465942386,229700.0,ATRC
2016-11-17,472.7999877929688,472.7999877929688,470.8500061035156,470.8500061035156,457.9991455078125,1700.0,ATRI
2016-11-17,29.754653930664066,29.974618911743164,29.179357528686523,29.661590576171875,29.661590576171875,113700.0,ATRO
2016-11-17,1.8400000333786009,1.8799999952316284,1.8400000333786009,1.8500000238418581,1.8500000238418581,143200.0,ATRS
2016-11-17,16.09000015258789,16.489999771118164,16.040000915527347,16.360000610351562,16.360000610351562,422100.0,ATSG
2016-11-17,8.324999809265138,8.5,8.324999809265138,8.5,8.222414970397951,6000.0,ATTO
2016-11-17,8.270000457763674,8.489999771118164,8.079999923706055,8.489999771118164,3.9890761375427246,6900.0,ATV
2016-11-17,39.06999969482422,40.18999862670898,38.95000076293945,39.93999862670898,39.17863082885742,11680300.0,ATVI
2016-11-17,11.869999885559082,12.09000015258789,11.25,11.460000038146973,11.15890407562256,5111600.0,AU
2016-11-17,33.639999389648445,34.220001220703125,33.189998626708984,33.950000762939446,31.310441970825195,103400.0,AUB
2016-11-17,28.0,28.25,28.0,28.0,25.59892654418945,7300.0,AUBN
2016-11-17,6.110000133514403,6.190000057220459,6.019999980926514,6.0999999046325675,5.739758968353272,190600.0,AUDC
2016-11-17,1.8999999761581419,2.009999990463257,1.8999999761581419,1.9299999475479128,1.9299999475479128,37700.0,AUG
2016-11-17,0.6800000071525574,0.7099999785423279,0.6600000262260437,0.6800000071525574,0.6800000071525574,409900.0,AUMN
2016-11-17,3.9700000286102295,4.119999885559082,3.390000104904175,3.4300000667572017,3.4300000667572017,3050900.0,AUPH
2016-11-17,13.670000076293945,13.789999961853027,13.56999969482422,13.619999885559082,13.619999885559082,62700.0,AUTO
2016-11-17,3.150000095367432,3.220000028610229,3.0,3.0799999237060547,2.9871809482574463,18843000.0,AUY
2016-11-17,40.0099983215332,40.36999893188477,39.70000076293945,39.88999938964844,35.96284103393555,213100.0,AVA
2016-11-17,7.4099998474121085,7.5,7.329999923706055,7.360000133514403,6.306541919708253,52300.0,AVAL
2016-11-17,27.53000068664551,27.959999084472656,27.31999969482422,27.53000068664551,27.53000068664551,148400.0,AVAV
2016-11-17,166.67999267578125,168.55999755859375,163.33999633789062,164.08999633789062,146.5555419921875,655900.0,AVB
2016-11-17,17.450000762939453,17.75,17.25,17.25,17.00192642211914,119500.0,AVD
2016-11-17,10.5600004196167,10.869999885559082,10.279999732971193,10.770000457763672,10.770000457763672,88800.0,AVDL
2016-11-17,6.5,6.699999809265138,6.300000190734862,6.5999999046325675,6.5999999046325675,10600.0,AVEO
2016-11-17,167.35000610351562,169.02000427246094,166.02000427246094,167.0399932861328,149.41021728515625,1810000.0,AVGO
2016-11-17,1600.0,1640.0,1598.0,1620.0,1620.0,0.0,AVGR
2016-11-17,6.989999771118164,7.0999999046325675,6.960000038146973,6.960000038146973,6.22980260848999,118900.0,AVH
2016-11-17,4.849999904632568,4.989999771118164,4.75,4.949999809265137,4.949999809265137,946100.0,AVID
2016-11-17,14.130000114440918,14.260000228881836,14.029999732971193,14.109999656677244,10.451655387878418,87300.0,AVK
2016-11-17,35.150001525878906,35.9900016784668,35.060001373291016,35.959999084472656,35.959999084472656,286900.0,AVNS
2016-11-17,10.989999771118164,10.989999771118164,10.510000228881836,10.90999984741211,10.90999984741211,36100.0,AVNW
2016-11-17,44.9900016784668,45.34000015258789,44.79999923706055,45.08000183105469,42.20802688598633,580900.0,AVT
2016-11-17,3.150000095367432,3.276000022888184,3.109999895095825,3.2000000476837163,3.2000000476837163,218500.0,AVXL
2016-11-17,71.2699966430664,72.44000244140625,71.2300033569336,71.94000244140625,67.15367889404297,1044500.0,AVY
2016-11-17,11.710000038146973,11.869999885559082,11.68000030517578,11.81999969482422,9.325654983520508,239300.0,AWF
2016-11-17,40.70000076293945,41.29999923706055,40.400001525878906,41.0,40.474063873291016,482400.0,AWI
2016-11-17,71.7300033569336,72.27999877929688,71.5,71.79000091552734,67.41986083984375,921100.0,AWK
2016-11-17,4.96999979019165,5.050000190734863,4.96999979019165,5.0,3.5894460678100586,560000.0,AWP
2016-11-17,42.2599983215332,42.810001373291016,42.2599983215332,42.47000122070313,40.10483932495117,121500.0,AWR
2016-11-17,5.6500000953674325,5.670000076293945,5.550000190734863,5.6500000953674325,5.6500000953674325,34500.0,AWRE
2016-11-17,2.700000047683716,2.700000047683716,2.5999999046325684,2.5999999046325684,2.5999999046325684,4200.0,AWX
2016-11-17,24.059999465942386,24.20000076293945,22.520000457763672,22.670000076293945,22.670000076293945,2212200.0,AX
2016-11-17,1.8400000333786009,1.8899999856948853,1.7799999713897705,1.7899999618530271,1.7899999618530271,880300.0,AXAS
2016-11-17,26.0,26.149999618530273,25.45000076293945,25.79999923706055,25.79999923706055,182600.0,AXDX
2016-11-17,78.30000305175781,78.4000015258789,77.5999984741211,78.25,78.25,236200.0,AXE
2016-11-17,8.649999618530272,8.800000190734863,8.550000190734862,8.75,8.75,196100.0,AXGN
2016-11-17,109.83999633789062,110.71199798583984,107.5999984741211,110.08000183105469,110.08000183105469,21000.0,AXGT
2016-11-17,15.369999885559082,15.90999984741211,15.289999961853027,15.710000038146973,15.710000038146973,1858000.0,AXL
2016-11-17,24.79999923706055,24.85000038146973,24.04999923706055,24.04999923706055,20.340898513793945,10600.0,AXO
2016-11-17,71.36000061035156,72.0,71.31999969482422,71.77999877929688,68.00758361816406,3797400.0,AXP
2016-11-17,7.5999999046325675,7.5999999046325675,7.449999809265138,7.570000171661378,7.570000171661378,1200.0,AXR
2016-11-17,61.1500015258789,61.459999084472656,61.02999877929688,61.31000137329102,55.55511474609375,377200.0,AXS
2016-11-17,7.3499999046325675,7.75,7.3499999046325675,7.6500000953674325,7.6500000953674325,16700.0,AXSM
2016-11-17,26.239999771118164,26.45000076293945,26.21500015258789,26.40999984741211,26.40999984741211,1945400.0,AXTA
2016-11-17,5.25,5.25,4.96999979019165,5.050000190734863,5.050000190734863,97800.0,AXTI
2016-11-17,1.6599999666213991,1.6599999666213991,1.4800000190734863,1.5099999904632568,1.5099999904632568,854000.0,AXU
2016-11-17,18.040000915527344,18.18000030517578,17.65999984741211,17.899999618530273,14.32796859741211,544200.0,AY
2016-11-17,257.01998901367193,257.97000122070307,251.1999969482422,251.72999572753903,248.79888916015625,315500.0,AYI
2016-11-17,504.0,520.0,500.0,520.0,520.0,100.0,AYTU
2016-11-17,27.399999618530273,27.51000022888184,27.32999992370605,27.35000038146973,23.764726638793945,7908300.0,AZN
2016-11-17,750.1099853515625,775.3499755859375,750.1099853515625,773.1199951171875,773.1199951171875,326300.0,AZO
2016-11-17,51.47000122070313,52.11999893188477,50.81000137329102,51.83000183105469,51.83000183105469,559900.0,AZPN
2016-11-17,18.40999984741211,18.5,17.0,17.399999618530273,17.399999618530273,16800.0,AZRE
2016-11-17,4.800000190734863,4.97599983215332,4.650000095367432,4.650000095367432,4.650000095367432,4900.0,AZRX
2016-11-17,62.9000015258789,63.79999923706055,62.6500015258789,63.099998474121094,60.21742248535156,83000.0,AZZ
2016-11-17,44.13999938964844,44.540000915527344,43.72999954223633,43.88000106811523,42.284080505371094,163400.0,B
2016-11-17,146.8300018310547,147.1199951171875,145.0,145.3300018310547,134.74172973632812,3656100.0,BA
2016-11-17,94.70999908447266,94.9800033569336,93.63999938964844,94.06999969482422,94.06999969482422,10380200.0,BABA
2016-11-17,19.76000022888184,20.21999931335449,19.700000762939453,20.07999992370605,18.788970947265625,167979200.0,BAC
2016-11-17,14.130000114440918,14.130000114440918,13.960000038146973,14.0,11.7485933303833,54300.0,BAF
2016-11-17,35.189998626708984,35.5,34.830001831054695,35.009998321533196,33.137252807617195,1040600.0,BAH
2016-11-17,16.010000228881836,16.399999618530273,15.949999809265135,16.059999465942386,14.53421401977539,240050.0,BAK
2016-11-17,47.02999877929688,47.95000076293945,47.02999877929688,47.91999816894531,47.91999816894531,17000.0,BAL
2016-11-17,33.02000045776367,33.529998779296875,32.990001678466804,33.509998321533196,31.72296714782715,1581200.0,BAM
2016-11-17,14.800000190734865,14.829999923706055,13.949999809265135,14.199999809265135,13.001788139343262,1436600.0,BANC
2016-11-17,41.42499923706055,42.06999969482422,40.63999938964844,40.849998474121094,38.07623672485352,106000.0,BANF
2016-11-17,28.61000061035156,28.61000061035156,28.61000061035156,28.61000061035156,22.709434509277344,0.0,BANFP
2016-11-17,48.88999938964844,49.65999984741211,48.54999923706055,49.13999938964844,43.56547927856445,588000.0,BANR
2016-11-17,18.07999992370605,18.799999237060547,18.07999992370605,18.549999237060547,14.19847297668457,6200.0,BANX
2016-11-17,151.75,151.9199981689453,148.4600067138672,149.08999633789062,123.05619049072266,383000.0,BAP
2016-11-17,0.699999988079071,0.699999988079071,0.6800000071525574,0.6899999976158142,0.6899999976158142,2900.0,BASI
2016-11-17,19.5,19.57999992370605,19.13999938964844,19.13999938964844,19.13999938964844,23900.0,BATRA
2016-11-17,19.440000534057614,19.59000015258789,18.959999084472656,18.989999771118164,18.989999771118164,148300.0,BATRK
2016-11-17,46.09000015258789,47.1500015258789,46.040000915527344,47.099998474121094,45.40076446533203,4135600.0,BAX
2016-11-17,7.570000171661378,7.5900001525878915,7.420000076293945,7.489999771118164,7.489999771118164,3036900.0,BB
2016-11-17,17.920000076293945,18.21999931335449,17.829999923706055,18.06999969482422,16.999961853027347,120100.0,BBAR
2016-11-17,44.81999969482422,45.06999969482422,44.0099983215332,44.91999816894531,39.19000244140625,1705600.0,BBBY
2016-11-17,6.507575988769531,6.590909004211426,6.3257575035095215,6.348484992980957,5.431560516357422,14837000.0,BBD
2016-11-17,18.489999771118164,18.670000076293945,18.350000381469727,18.65999984741211,12.474812507629395,212700.0,BBDC
2016-11-17,8.300000190734862,8.300000190734862,8.300000190734862,8.300000190734862,7.186449527740479,0.0,BBDO
2016-11-17,13.90999984741211,13.93000030517578,13.850000381469727,13.890000343322756,11.57789421081543,26800.0,BBF
2016-11-17,5.199999809265137,5.199999809265137,5.099999904632568,5.190000057220459,4.508095741271973,3000.0,BBGI
2016-11-17,17.780000686645508,18.059999465942386,17.569999694824222,17.780000686645508,17.780000686645508,2400.0,BBI
2016-11-17,15.420000076293945,15.420000076293945,15.270000457763672,15.34000015258789,12.613998413085938,27600.0,BBK
2016-11-17,31.95000076293945,32.029998779296875,31.6200008392334,31.79999923706055,24.8421688079834,2484900.0,BBL
2016-11-17,21.530000686645508,21.88999938964844,21.459999084472656,21.790000915527344,17.514179229736328,476200.0,BBN
2016-11-17,4.900000095367432,4.949999809265137,4.75,4.849999904632568,4.849999904632568,53100.0,BBQ
2016-11-17,54.88999938964844,55.70000076293945,54.599998474121094,54.68999862670898,51.868553161621094,100100.0,BBSI
2016-11-17,23.540000915527344,23.989999771118164,23.399999618530273,23.989999771118164,23.33610725402832,15000.0,BBU
2016-11-17,6.429999828338622,6.46999979019165,6.369999885559082,6.429999828338622,5.6020588874816895,3694300.0,BBVA
2016-11-17,14.399999618530273,14.550000190734865,14.25,14.5,14.5,91500.0,BBW
2016-11-17,3.880000114440918,3.9500000476837163,3.880000114440918,3.9500000476837163,3.8681261539459233,278700.0,BBX
2016-11-17,42.88999938964844,46.72000122070313,42.54999923706055,45.9900016784668,41.87581253051758,25416400.0,BBY
2016-11-17,48.0,48.08000183105469,47.540000915527344,47.95000076293945,45.59736633300781,772800.0,BC
2016-11-17,12.149999618530273,12.149999618530273,12.0,12.140000343322756,10.628684043884276,6000.0,BCBP
2016-11-17,20.5,21.100000381469727,20.5,20.899999618530273,19.925796508789066,471100.0,BCC
2016-11-17,18.36000061035156,19.440000534057614,18.36000061035156,18.36000061035156,18.36000061035156,2200.0,BCDA
2016-11-17,43.22000122070313,43.540000915527344,43.099998474121094,43.27000045776367,34.390945434570305,1999500.0,BCE
2016-11-17,116.05152130126952,119.39916229248048,107.12448120117188,111.58799743652344,111.58799743652344,8300.0,BCEI
2016-11-17,22.8799991607666,23.15333366394043,22.85000038146973,22.85000038146973,19.49684715270996,100200.0,BCH
2016-11-17,2.1400001049041752,2.2100000381469727,2.1099998950958248,2.150000095367432,2.150000095367432,33600.0,BCLI
2016-11-17,25.770000457763672,25.78000068664551,25.75,25.75,25.75,1800.0,BCM
2016-11-17,12.600000381469727,12.600000381469727,12.600000381469727,12.600000381469727,12.600000381469727,2000.0,BCML
2016-11-17,41.95000076293945,42.849998474121094,41.70000076293945,42.849998474121094,41.76266098022461,258100.0,BCO
2016-11-17,20.030000686645508,20.63999938964844,20.030000686645508,20.63999938964844,20.63999938964844,1900.0,BCOM
2016-11-17,13.949999809265135,14.399999618530273,13.949999809265135,14.25,14.25,306100.0,BCOR
2016-11-17,8.449999809265138,8.529999732971191,8.25,8.399999618530272,8.399999618530272,491600.0,BCOV
2016-11-17,78.27999877929688,79.45999908447266,77.01000213623047,77.2300033569336,75.61835479736328,125500.0,BCPC
2016-11-17,5.760000228881836,5.920000076293945,5.539999961853027,5.860000133514403,5.860000133514403,611000.0,BCRX
2016-11-17,10.449999809265137,10.59000015258789,10.43000030517578,10.550000190734863,9.371445655822754,3641900.0,BCS
2016-11-17,12.35200023651123,12.35200023651123,12.293999671936035,12.293999671936035,11.238452911376953,1000.0,BCTF
2016-11-17,20.700000762939453,20.700000762939453,20.309999465942386,20.309999465942386,15.360882759094238,9700.0,BCV
2016-11-17,8.060000419616701,8.069999694824219,8.010000228881836,8.020000457763674,6.239166736602782,160200.0,BCX
2016-11-17,73.33000183105469,74.5,72.31999969482422,72.55000305175781,71.7281265258789,332300.0,BDC
2016-11-17,21.3700008392334,21.86000061035156,21.3700008392334,21.690000534057614,16.459957122802734,11800.0,BDCS
2016-11-17,20.729999542236328,20.729999542236328,20.729999542236328,20.729999542236328,15.741333961486815,0.0,BDCZ
2016-11-17,31.0,31.399999618530273,30.95000076293945,31.399999618530273,28.61344718933105,47200.0,BDGE
2016-11-17,7.920000076293945,8.0,7.920000076293945,7.929999828338622,6.363047122955322,294100.0,BDJ
2016-11-17,22.70000076293945,22.70000076293945,22.70000076293945,22.70000076293945,21.44140625,0.0,BDL
2016-11-17,14.9399995803833,15.020000457763672,14.800000190734865,14.859999656677244,12.83434772491455,1014400.0,BDN
2016-11-17,0.5,0.5400000214576721,0.5,0.5199999809265137,0.5199999809265137,11200.0,BDR
2016-11-17,1.950000047683716,1.950000047683716,1.830000042915344,1.8999999761581419,1.8999999761581419,182800.0,BDSI
2016-11-17,169.64999389648438,173.4600067138672,168.89999389648438,173.4199981689453,165.33065795898438,1652100.0,BDX
2016-11-17,1.6000000238418581,1.6499999761581419,1.4199999570846558,1.5,1.5,818193.0,BE
2016-11-17,18.600000381469727,19.25,18.600000381469727,18.799999237060547,18.799999237060547,230800.0,BEAT
2016-11-17,46.68999862670898,47.4900016784668,46.59000015258789,47.29999923706055,47.29999923706055,410700.0,BECN
2016-11-17,23.25,23.25,23.25,23.25,22.24968910217285,400.0,BELFA
2016-11-17,29.29999923706055,29.45000076293945,28.0,28.54999923706055,27.28625869750977,38000.0,BELFB
2016-11-17,38.5,39.11000061035156,38.16999816894531,38.84000015258789,34.99143600463867,3436500.0,BEN
2016-11-17,28.38999938964844,28.75,28.29999923706055,28.53000068664551,22.32272148132324,58500.0,BEP
2016-11-17,46.18999862670898,46.6500015258789,45.95000076293945,46.33000183105469,46.33000183105469,1529900.0,BERY
2016-11-17,70.79000091552734,71.51000213623047,69.91999816894531,70.12000274658203,70.12000274658203,313000.0,BFAM
2016-11-17,31.0,31.0,31.0,31.0,29.44769287109375,500.0,BFC
2016-11-17,13.989999771118164,14.1899995803833,13.970000267028807,14.140000343322756,13.070011138916016,37600.0,BFIN
2016-11-17,13.630000114440918,13.760000228881836,13.56999969482422,13.640000343322756,11.425289154052734,239300.0,BFK
2016-11-17,15.020000457763672,15.029999732971193,14.970000267028807,14.989999771118164,13.984691619873047,20700.0,BFO
2016-11-17,62.93000030517578,64.05000305175781,62.47000122070313,62.540000915527344,54.50328063964844,34900.0,BFS
2016-11-17,14.600000381469727,14.6899995803833,14.4399995803833,14.470000267028807,12.40191650390625,27100.0,BFY
2016-11-17,14.5600004196167,14.630000114440918,14.380000114440918,14.43000030517578,12.252402305603027,146900.0,BFZ
2016-11-17,67.55999755859375,67.63999938964844,66.52999877929689,67.43000030517578,60.97502136230469,1112400.0,BG
2016-11-17,14.720000267028807,14.770000457763672,14.68000030517578,14.729999542236328,10.822880744934082,276700.0,BGB
2016-11-17,6.488746166229247,6.488746166229247,6.1929259300231925,6.199357032775879,4.7548866271972665,2821200.0,BGCP
2016-11-17,20.0,20.01000022888184,19.3700008392334,20.0,15.504438400268555,847900.0,BGFV
2016-11-17,20.8700008392334,21.020000457763672,20.670000076293945,20.76000022888184,18.7219181060791,338300.0,BGG
2016-11-17,17.940000534057614,17.959999084472656,17.719999313354492,17.719999313354492,12.78646469116211,93200.0,BGH
2016-11-17,1.3200000524520874,1.3200000524520874,1.2200000286102295,1.2200000286102295,1.2200000286102295,71500.0,BGI
2016-11-17,32.400001525878906,33.860000610351555,31.20000076293945,32.700000762939446,32.700000762939446,397000.0,BGNE
2016-11-17,13.84000015258789,13.989999771118164,13.710000038146973,13.729999542236328,10.723560333251953,109200.0,BGR
2016-11-17,41.25,41.849998474121094,40.900001525878906,41.0,31.944223403930664,690800.0,BGS
2016-11-17,13.520000457763672,13.850000381469727,13.260000228881836,13.260000228881836,10.98902702331543,32000.0,BGSF
2016-11-17,13.630000114440918,13.68000030517578,13.579999923706055,13.670000076293945,11.183745384216307,37200.0,BGT
2016-11-17,15.1899995803833,15.1899995803833,15.116499900817873,15.119999885559082,15.119999885559082,48308.0,BGX
2016-11-17,5.380000114440918,5.440000057220459,5.380000114440918,5.429999828338623,4.2244553565978995,297300.0,BGY
2016-11-17,464.3299865722656,464.5,444.5799865722656,447.67999267578125,447.67999267578125,8900.0,BH
2016-11-17,800.0,800.0,800.0,800.0,800.0,0.0,BHAT
2016-11-17,27.33333396911621,27.70000076293945,27.30666732788086,27.63333320617676,24.95295333862305,16800.0,BHB
2016-11-17,17.569999694824222,18.149999618530273,16.600000381469727,17.979999542236328,17.979999542236328,38121500.0,BHC
2016-11-17,27.35000038146973,27.75,27.20000076293945,27.60000038146973,26.158714294433594,146500.0,BHE
2016-11-17,12.850000381469727,12.989999771118164,12.8100004196167,12.970000267028807,10.687631607055664,153700.0,BHK
2016-11-17,32.34999847412109,33.150001525878906,32.34999847412109,33.049999237060554,30.341812133789066,168800.0,BHLB
2016-11-17,35.66999816894531,36.34000015258789,35.66999816894531,35.91999816894531,28.96131134033203,3217500.0,BHP
2016-11-17,12.455445289611815,12.663366317749025,12.425742149353027,12.495049476623535,8.35854434967041,148700.0,BHR
2016-11-17,3.059999942779541,3.059999942779541,3.059999942779541,3.059999942779541,3.059999942779541,0.0,BHTG
2016-11-17,16.459999084472653,16.459999084472653,16.399999618530273,16.399999618530273,14.256871223449707,600.0,BHV
2016-11-17,167.50999450683594,168.35000610351562,165.52000427246094,166.2100067138672,166.2100067138672,1471600.0,BIDU
2016-11-17,8.649999618530272,8.710000038146973,8.600000381469728,8.689999580383299,7.659682750701903,253000.0,BIF
2016-11-17,50.38999938964844,51.1500015258789,50.06999969482422,51.04999923706055,45.05935287475586,1135300.0,BIG
2016-11-17,318.2300109863281,320.239990234375,315.3500061035156,319.29998779296875,319.29998779296875,1459500.0,BIIB
2016-11-17,0.8100000023841858,1.3600000143051147,0.8100000023841858,1.0800000429153442,1.0800000429153442,841300.0,BIMI
2016-11-17,171.41000366210938,174.0,171.41000366210938,173.75999450683594,173.75999450683594,163000.0,BIO
2016-11-17,26.399999618530273,26.70000076293945,25.5,25.5,25.5,7200.0,BIOC
2016-11-17,8.550000190734862,8.550000190734862,8.399999618530272,8.550000190734862,8.550000190734862,1700.0,BIOL
2016-11-17,31.78000068664551,32.459999084472656,31.78000068664551,32.110000610351555,27.43894195556641,224100.0,BIP
2016-11-17,15.960000038146973,16.030000686645508,15.9399995803833,16.0,11.843466758728027,83700.0,BIT
2016-11-17,22.36000061035156,22.54999923706055,22.149999618530273,22.479999542236328,22.479999542236328,390600.0,BITA
2016-11-17,38.29999923706055,38.849998474121094,38.150001525878906,38.29999923706055,37.26638793945313,371800.0,BJRI
2016-11-17,47.0,47.849998474121094,46.93000030517578,47.599998474121094,44.45759963989258,6400700.0,BK
2016-11-17,7.28000020980835,7.309999942779541,7.260000228881836,7.309999942779541,4.888843059539795,268900.0,BKCC
2016-11-17,12.130000114440918,12.380000114440918,12.130000114440918,12.25,12.25,2834600.0,BKD
2016-11-17,23.5,23.79999923706055,23.25,23.75,19.43295288085937,451200.0,BKE
2016-11-17,6.4000000953674325,6.4000000953674325,6.300000190734862,6.300000190734862,4.308581829071045,12700.0,BKEP
2016-11-17,7.980000019073486,8.010000228881836,7.9099998474121085,7.96999979019165,5.544833183288574,17500.0,BKEPP
2016-11-17,58.209999084472656,58.70000076293945,58.06000137329102,58.290000915527344,52.97721862792969,283600.0,BKH
2016-11-17,37.150001525878906,37.150001525878906,36.650001525878906,36.95000076293945,36.95000076293945,73800.0,BKI
2016-11-17,15.779999732971193,15.779999732971193,15.710000038146973,15.710000038146973,14.340097427368164,34800.0,BKK
2016-11-17,14.81999969482422,14.829999923706055,14.649999618530273,14.649999618530273,12.080183029174805,49400.0,BKN
2016-11-17,1502.5400390625,1530.949951171875,1500.18994140625,1512.9000244140625,1512.9000244140625,413500.0,BKNG
2016-11-17,61.11999893188477,61.79999923706055,60.849998474121094,61.22999954223633,39.399269104003906,2845300.0,BKR
2016-11-17,17.81818199157715,17.81818199157715,17.700000762939453,17.81818199157715,15.963285446166992,2700.0,BKSC
2016-11-17,6.21999979019165,6.260000228881836,6.21999979019165,6.25,5.094963550567627,136900.0,BKT
2016-11-17,5.239999771118164,5.25,5.050000190734863,5.139999866485597,4.5272183418273935,15400.0,BKTI
2016-11-17,34.150001525878906,35.11999893188477,34.150001525878906,35.09000015258789,32.482528686523445,701000.0,BKU
2016-11-17,2.880000114440918,2.880000114440918,2.400000095367432,2.880000114440918,2.880000114440918,600.0,BKYI
2016-11-17,25.0,25.940000534057614,24.399999618530273,25.559999465942386,25.559999465942386,154000.0,BL
2016-11-17,14.949999809265135,15.100000381469727,14.899999618530273,15.100000381469727,15.100000381469727,41300.0,BLBD
2016-11-17,210.6999969482422,224.1000061035156,210.3999938964844,220.3000030517578,220.3000030517578,25900.0,BLCM
2016-11-17,35.81999969482422,36.9900016784668,35.81999969482422,36.65999984741211,36.65999984741211,398400.0,BLD
2016-11-17,1.919999957084656,1.9900000095367432,1.8999999761581419,1.9700000286102293,1.9700000286102293,406800.0,BLDP
2016-11-17,10.84000015258789,11.289999961853027,10.34000015258789,11.100000381469727,11.100000381469727,1752600.0,BLDR
2016-11-17,14.25,14.350000381469727,14.18000030517578,14.260000228881836,11.947239875793455,81600.0,BLE
2016-11-17,1.5499999523162842,1.5499999523162842,1.5399999618530271,1.5499999523162842,1.5499999523162842,4000.0,BLFS
2016-11-17,160.0,170.0,160.0,170.0,170.0,400.0,BLIN
2016-11-17,368.45001220703125,372.1499938964844,367.0700073242188,371.3699951171875,338.73333740234375,569100.0,BLK
2016-11-17,64.72000122070311,65.77999877929689,64.34999847412111,65.15000152587889,63.84404754638672,543600.0,BLKB
2016-11-17,38.29499816894531,38.52000045776367,38.16999816894531,38.24499893188477,36.94685363769531,1800800.0,BLL
2016-11-17,18.850000381469727,19.07999992370605,18.700000762939453,18.950000762939453,17.76642417907715,1253300.0,BLMN
2016-11-17,14.0,14.75,13.0,14.649999618530273,14.649999618530273,1100.0,BLNK
2016-11-17,15.899999618530273,16.5,14.25,14.25,14.25,4800.0,BLPH
2016-11-17,16.5,17.100000381469727,15.899999618530273,17.100000381469727,17.100000381469727,8900.0,BLRX
2016-11-17,0.6839990019798279,0.6839990019798279,0.6839990019798279,0.6839990019798279,0.6839990019798279,261.0,BLU
2016-11-17,59.6500015258789,63.75,58.5099983215332,61.6500015258789,61.6500015258789,1047100.0,BLUE
2016-11-17,14.84000015258789,14.880000114440918,14.8100004196167,14.859999656677244,11.72877025604248,85800.0,BLW
2016-11-17,28.790000915527344,29.01000022888184,28.40999984741211,28.43000030517578,22.92164802551269,199500.0,BLX
2016-11-17,69.44000244140625,72.88999938964844,69.44000244140625,71.38999938964844,65.57752990722656,126400.0,BMA
2016-11-17,18.850000381469727,19.0,18.649999618530273,18.899999618530273,18.899999618530273,380700.0,BMCH
2016-11-17,35.81999969482422,36.18999862670898,34.759998321533196,35.09999847412109,27.80620193481445,43900.0,BME
2016-11-17,34.900001525878906,35.5,34.799999237060554,34.799999237060554,33.44132232666016,200500.0,BMI
2016-11-17,64.70999908447266,65.29000091552734,64.54000091552734,64.86000061035156,55.11352920532226,445500.0,BMO
2016-11-17,2.240000009536743,2.259999990463257,1.9299999475479128,2.0799999237060547,2.0799999237060547,67500.0,BMRA
2016-11-17,32.075000762939446,32.650001525878906,32.049999237060554,32.299999237060554,30.51336479187012,31400.0,BMRC
2016-11-17,89.1500015258789,92.3000030517578,88.69999694824219,90.73999786376952,90.73999786376952,1120100.0,BMRN
2016-11-17,35.049999237060554,35.75,35.0,35.20000076293945,32.63978958129883,29900.0,BMTC
2016-11-17,56.75,57.099998474121094,56.06000137329102,56.68000030517578,51.16117858886719,6820500.0,BMY
2016-11-17,10.550000190734863,10.75,10.550000190734863,10.720000267028807,10.720000267028807,79800.0,BNED
2016-11-17,27.85000038146973,28.18000030517578,27.399999618530273,27.75,27.75,154700.0,BNFT
2016-11-17,52.68000030517578,53.25,52.54999923706055,53.040000915527344,44.16624069213867,774600.0,BNS
2016-11-17,1.690000057220459,4.25,1.690000057220459,2.650000095367432,2.650000095367432,6936700.0,BNSO
2016-11-17,14.399999618530273,15.300000190734865,14.399999618530273,15.0,14.98301887512207,1900.0,BNTC
2016-11-17,14.100000381469727,14.1899995803833,13.84000015258789,13.960000038146973,12.040139198303224,49900.0,BNY
2016-11-17,7.949999809265138,8.0,7.949999809265138,7.949999809265138,7.553032875061035,14900.0,BOCH
2016-11-17,11.40999984741211,11.489999771118164,11.289999961853027,11.4399995803833,8.059389114379883,231900.0,BOE
2016-11-17,85.5199966430664,86.0199966430664,85.11000061035156,85.44999694824219,77.42528533935547,262800.0,BOH
2016-11-17,79.29000091552734,80.63999938964844,79.06999969482422,80.52999877929688,74.96012115478516,230500.0,BOKF
2016-11-17,23.46999931335449,23.690000534057614,22.915000915527344,23.3700008392334,20.16743469238281,37000.0,BOKFL
2016-11-17,15.149999618530273,15.25,15.0,15.199999809265135,14.896815299987793,58900.0,BOOM
2016-11-17,15.960000038146973,16.020000457763672,15.31999969482422,15.800000190734865,15.800000190734865,183300.0,BOOT
2016-11-17,2.3399999141693115,2.619999885559082,2.25,2.450000047683716,2.450000047683716,263100.0,BOSC
2016-11-17,12.84000015258789,13.0,12.699999809265135,12.949999809265135,12.185290336608887,37700.0,BOTJ
2016-11-17,14.9399995803833,15.18000030517578,14.800000190734865,15.010000228881836,15.010000228881836,718300.0,BOX
2016-11-17,33.580001831054695,33.86999893188477,33.450000762939446,33.5,27.41982460021973,5382400.0,BP
2016-11-17,15.300000190734865,15.449999809265135,15.25,15.300000190734865,13.657167434692385,537800.0,BPFH
2016-11-17,35.279998779296875,37.0099983215332,35.02000045776367,36.0,36.0,208900.0,BPMC
2016-11-17,6.25,7.25,6.25,7.0,7.0,12800.0,BPMX
2016-11-17,41.43000030517578,42.27000045776367,41.349998474121094,41.88000106811523,38.431007385253906,692000.0,BPOP
2016-11-17,22.100000381469727,22.26000022888184,22.0,22.0,18.19931411743164,6700.0,BPOPM
2016-11-17,23.75,24.149999618530273,23.75,23.86000061035156,19.100345611572266,12700.0,BPOPN
2016-11-17,21.25,21.649999618530273,21.0,21.200000762939453,12.638239860534668,145700.0,BPT
2016-11-17,272.0,272.0,246.0,250.0,250.0,500.0,BPTH
2016-11-17,20.899999618530273,21.34000015258789,20.809999465942386,20.809999465942386,16.740911483764652,113500.0,BPY
2016-11-17,14.199999809265135,14.220000267028807,14.010000228881836,14.010000228881836,12.09963607788086,5800.0,BQH
2016-11-17,62.59000015258789,64.97000122070311,62.59000015258789,64.88999938964844,61.067626953125,1083100.0,BR
2016-11-17,15.666666984558105,15.666666984558105,15.666666984558105,15.666666984558105,14.158697128295898,100.0,BRBS
2016-11-17,36.650001525878906,37.349998474121094,36.650001525878906,37.04999923706055,34.705612182617195,280800.0,BRC
2016-11-17,15.649999618530273,15.789999961853027,15.0,15.100000381469727,15.100000381469727,108500.0,BREW
2016-11-17,15.479999542236328,15.670000076293945,15.479999542236328,15.539999961853027,15.539999961853027,1494200.0,BRFS
2016-11-17,13.3100004196167,13.5,13.229999542236328,13.25,10.050877571105957,81500.0,BRG
2016-11-17,13.34000015258789,13.359999656677244,12.289999961853027,12.300000190734865,12.300000190734865,5000.0,BRID
2016-11-17,14.949999809265135,15.050000190734865,14.649999618530273,14.800000190734865,13.605680465698242,348900.0,BRKL
2016-11-17,23.1200008392334,23.45000076293945,22.899999618530273,23.15999984741211,22.76968765258789,694400.0,BRKR
2016-11-17,15.510000228881836,15.800000190734865,15.4399995803833,15.770000457763672,15.01282787322998,460900.0,BRKS
2016-11-17,1.6599999666213991,1.6599999666213991,1.5499999523162842,1.5499999523162842,1.5499999523162842,7200.0,BRN
2016-11-17,20.48500061035156,21.334999084472656,20.48500061035156,21.1299991607666,20.0861930847168,6891600.0,BRO
2016-11-17,10.300000190734863,10.300000190734863,10.300000190734863,10.300000190734863,10.300000190734863,50100.0,BRQS
2016-11-17,7.980000019073486,7.980000019073486,7.8499999046325675,7.869999885559082,6.554929733276367,3300.0,BRT
2016-11-17,24.04999923706055,24.18000030517578,23.79999923706055,23.8700008392334,19.63230323791504,1948400.0,BRX
2016-11-17,0.3199999928474426,0.3199999928474426,0.3199999928474426,0.3199999928474426,0.28896522521972656,5000.0,BRY
2016-11-17,22.479999542236328,22.68000030517578,22.290000915527344,22.5,19.851423263549805,450300.0,BSAC
2016-11-17,7.820000171661378,7.880000114440918,7.5999999046325675,7.639999866485597,6.747432231903076,1115200.0,BSBR
2016-11-17,13.600000381469727,13.600000381469727,13.350000381469727,13.350000381469727,11.176173210144043,7300.0,BSD
2016-11-17,13.0600004196167,13.0600004196167,12.970000267028807,13.0600004196167,11.366275787353516,33400.0,BSE
2016-11-17,28.5,29.35000038146973,27.29999923706055,29.10000038146973,26.48437118530273,26900.0,BSET
2016-11-17,3.400000095367432,3.724999904632568,3.25,3.5999999046325684,3.5999999046325684,11300.0,BSGM
2016-11-17,14.479999542236328,14.729999542236328,14.295000076293945,14.609999656677244,13.102458953857422,145700.0,BSIG
2016-11-17,17.549999237060547,17.670000076293945,17.459999084472653,17.5,13.59616470336914,89400.0,BSL
2016-11-17,18.3799991607666,18.479999542236328,17.989999771118164,18.26000022888184,13.717374801635742,96300.0,BSM
2016-11-17,7.46999979019165,7.489999771118164,7.309999942779541,7.360000133514403,5.853342056274414,2052500.0,BSMX
2016-11-17,5.300000190734863,5.449999809265137,5.019999980926514,5.349999904632568,5.349999904632568,182700.0,BSQR
2016-11-17,20.5,20.989999771118164,19.93000030517578,20.700000762939453,19.12897300720215,26300.0,BSRR
2016-11-17,18.440000534057614,18.649999618530273,18.395000457763672,18.440000534057614,14.59451389312744,64500.0,BST
2016-11-17,48.0,49.25,48.0,49.13999938964844,49.13999938964844,51100.0,BSTC
2016-11-17,21.459999084472656,21.71999931335449,21.40999984741211,21.61000061035156,21.61000061035156,6228000.0,BSX
2016-11-17,11.229999542236328,11.229999542236328,11.029999732971193,11.039999961853027,9.218484878540039,29100.0,BTA
2016-11-17,4.0300002098083505,4.099999904632568,3.839999914169312,3.839999914169312,3.839999914169312,3218900.0,BTE
2016-11-17,2.4800000190734863,2.5699999332427983,2.3399999141693115,2.4100000858306885,2.391156911849976,4931200.0,BTG
2016-11-17,53.43999862670898,53.81499862670898,53.30500030517578,53.47000122070313,44.06568145751953,2413800.0,BTI
2016-11-17,6.949999809265138,6.949999809265138,6.789999961853027,6.9000000953674325,6.9000000953674325,16200.0,BTN
2016-11-17,32.25,32.459999084472656,32.09999847412109,32.110000610351555,26.642675399780273,130800.0,BTO
2016-11-17,21.8700008392334,21.96999931335449,21.63999938964844,21.700000762939453,19.20588493347168,311400.0,BTT
2016-11-17,12.350000381469727,12.350000381469727,12.279999732971193,12.31999969482422,9.886468887329102,251100.0,BTZ
2016-11-17,103.19000244140624,103.75,102.98999786376952,103.0,93.62535095214844,4376200.0,BUD
2016-11-17,18.0,18.1200008392334,17.799999237060547,17.809999465942386,14.18786334991455,66400.0,BUI
2016-11-17,76.58000183105469,77.91999816894531,76.02999877929688,77.51000213623047,77.51000213623047,1054200.0,BURL
2016-11-17,26.3799991607666,26.709999084472656,26.04999923706055,26.63999938964844,24.329551696777344,75900.0,BUSE
2016-11-17,11.029999732971193,11.43000030517578,10.300000190734863,10.579999923706056,10.386335372924805,2000300.0,BVN
2016-11-17,4.900000095367432,5.599999904632568,4.849999904632568,5.25,5.25,8800.0,BVSN
2016-11-17,3.240000009536743,3.289999961853028,3.240000009536743,3.289999961853028,3.289999961853028,6200.0,BVXV
2016-11-17,153.1999969482422,154.75,150.6999969482422,154.0,154.0,41300.0,BW
2016-11-17,34.5,35.38999938964844,34.419998168945305,35.380001068115234,33.467987060546875,2354600.0,BWA
2016-11-17,4.0300002098083505,4.300000190734863,4.010000228881837,4.1599998474121085,4.1599998474121085,68900.0,BWEN
2016-11-17,26.86000061035156,27.0,26.6299991607666,26.93000030517578,25.687145233154297,15700.0,BWFG
2016-11-17,11.640000343322756,11.68000030517578,11.520000457763672,11.56999969482422,9.000082015991211,111500.0,BWG
2016-11-17,40.22999954223633,40.310001373291016,39.7599983215332,39.9900016784668,38.601524353027344,689700.0,BWXT
2016-11-17,25.57999992370605,26.1200008392334,25.43000030517578,25.899999618530273,20.377670288085934,3679900.0,BX
2016-11-17,7.989999771118164,8.0,7.9000000953674325,7.940000057220459,7.940000057220459,3800.0,BXC
2016-11-17,29.28000068664551,29.61000061035156,29.209999084472656,29.479999542236328,22.38885307312012,506600.0,BXMT
2016-11-17,12.850000381469727,12.869999885559082,12.729999542236328,12.770000457763672,9.971269607543944,225100.0,BXMX
2016-11-17,122.62000274658205,123.6500015258789,121.5999984741211,121.66000366210938,110.18286895751952,513000.0,BXP
2016-11-17,28.649999618530273,29.35000038146973,28.60000038146973,28.85000038146973,26.81943130493164,804500.0,BXS
2016-11-17,18.670000076293945,18.950000762939453,18.6200008392334,18.81999969482422,18.391721725463867,1265500.0,BYD
2016-11-17,1.5299999713897705,1.6000000238418581,1.5299999713897705,1.6000000238418581,1.6000000238418581,27300.0,BYFC
2016-11-17,14.050000190734865,14.050000190734865,13.789999961853027,13.789999961853027,11.72850227355957,93400.0,BYM
2016-11-17,12.420000076293945,12.800000190734865,12.380000114440918,12.510000228881836,12.510000228881836,1265300.0,BZH
2016-11-17,15.729999542236328,15.739999771118164,15.100000381469727,15.100000381469727,13.180219650268555,7300.0,BZM
2016-11-17,16.0,16.200000762939453,15.6899995803833,16.020000457763672,16.020000457763672,317000.0,BZUN
2016-11-17,54.599998474121094,55.97999954223633,54.36000061035156,55.45000076293945,51.650062561035156,24579000.0,C
2016-11-17,4.300000190734863,4.3400001525878915,4.2800002098083505,4.320000171661377,4.320000171661377,35900.0,CAAS
2016-11-17,586.030029296875,603.5449829101562,584.1500244140625,590.2899780273438,573.9463500976562,34400.0,CABO
2016-11-17,38.0099983215332,38.2599983215332,37.77000045776367,38.04999923706055,35.04081344604492,50000.0,CAC
2016-11-17,190.47999572753903,191.0,187.6999969482422,190.52999877929688,190.52999877929688,218200.0,CACC
2016-11-17,122.4499969482422,124.1999969482422,122.4000015258789,124.1999969482422,124.1999969482422,190000.0,CACI
2016-11-17,14.300000190734865,14.390000343322756,14.239999771118164,14.260000228881836,13.345051765441895,124000.0,CAE
2016-11-17,17.899999618530273,18.100000381469727,17.899999618530273,17.950000762939453,15.024006843566895,52300.0,CAF
2016-11-17,36.22000122070313,36.560001373291016,35.93000030517578,36.52000045776367,33.57693099975586,3200200.0,CAG
2016-11-17,71.19000244140625,72.08999633789062,70.98999786376953,71.63999938964844,62.76306533813477,2355800.0,CAH
2016-11-17,9.09000015258789,9.3100004196167,9.0600004196167,9.109999656677246,9.109999656677246,40700.0,CAI
2016-11-17,28.38999938964844,28.46999931335449,28.35000038146973,28.45000076293945,24.13362121582031,363800.0,CAJ
2016-11-17,57.0,57.7400016784668,56.59000015258789,57.7400016784668,52.83745193481445,939700.0,CAKE
2016-11-17,27.20000076293945,27.729999542236328,26.979999542236328,27.559999465942386,26.23467445373535,405700.0,CAL
2016-11-17,3.2999999523162837,3.400000095367432,3.2000000476837163,3.25,3.25,153800.0,CALA
2016-11-17,39.599998474121094,40.20000076293945,39.400001525878906,39.95000076293945,39.16458129882813,136200.0,CALM
2016-11-17,7.699999809265138,7.800000190734862,7.5999999046325675,7.699999809265138,7.699999809265138,66900.0,CALX
2016-11-17,14.6899995803833,14.75,14.600000381469727,14.68000030517578,14.68000030517578,172600.0,CAMP
2016-11-17,2.890000104904175,2.9600000381469727,2.890000104904175,2.9300000667572017,2.602538585662842,216600.0,CAMT
2016-11-17,34.950000762939446,35.54999923706055,33.450000762939446,34.799999237060554,34.799999237060554,1300.0,CANF
2016-11-17,92.8499984741211,92.86000061035156,92.73999786376952,92.80999755859376,92.80999755859376,1200.0,CAPE
2016-11-17,25.43000030517578,25.989999771118164,25.35000038146973,25.45000076293945,17.81452178955078,55700.0,CAPL
2016-11-17,30.20000076293945,31.0,29.10000038146973,30.899999618530273,30.899999618530273,9100.0,CAPR
2016-11-17,38.86000061035156,39.11000061035156,38.0099983215332,38.77000045776367,38.77000045776367,1399700.0,CAR
2016-11-17,12.300000190734865,12.300000190734865,11.029999732971193,11.699999809265135,11.699999809265135,2910400.0,CARA
2016-11-17,13.0,13.0,12.800000190734865,12.800000190734865,12.708989143371582,5300.0,CARE
2016-11-17,25.540000915527344,25.729999542236328,25.433000564575195,25.45000076293945,24.730972290039066,64800.0,CARO
2016-11-17,28.90819931030273,28.90819931030273,28.90819931030273,28.90819931030273,28.90819931030273,0.0,CARR#
2016-11-17,4.0,4.0,4.0,4.0,4.0,0.0,CARV
2016-11-17,30.13333320617676,30.13333320617676,29.3266658782959,29.51666641235352,28.83993148803711,243300.0,CASH
2016-11-17,1.690000057220459,1.7599999904632568,1.6299999952316284,1.7200000286102295,1.7200000286102295,89300.0,CASI
2016-11-17,50.98484802246094,52.33333206176758,50.75757598876953,52.12878799438477,49.03139114379883,77600.0,CASS
2016-11-17,121.97000122070312,123.91999816894531,121.06999969482422,122.58999633789062,118.78752136230469,432300.0,CASY
2016-11-17,93.5,93.5,92.4000015258789,92.77999877929688,85.07196044921875,3942200.0,CAT
2016-11-17,43.0,45.5,41.20000076293945,43.099998474121094,43.099998474121094,8900.0,CATB
2016-11-17,55.4000015258789,55.4000015258789,55.4000015258789,55.4000015258789,50.59471130371094,200.0,CATC
2016-11-17,51.34000015258789,52.2400016784668,51.34000015258789,51.56000137329102,51.56000137329102,225800.0,CATM
2016-11-17,35.59000015258789,35.59000015258789,30.11000061035156,30.8799991607666,23.41052627563477,550000.0,CATO
2016-11-17,5.940000057220459,5.940000057220459,5.639999866485597,5.940000057220459,5.940000057220459,1400.0,CATS
2016-11-17,34.970001220703125,35.439998626708984,34.84999847412109,35.130001068115234,31.863080978393555,323500.0,CATY
2016-11-17,125.23999786376952,125.9800033569336,124.48999786376952,125.33999633789062,116.32987213134766,1263800.0,CB
2016-11-17,10.600000381469727,10.600000381469727,10.5,10.550000190734863,10.091464042663574,12300.0,CBAN
2016-11-17,1.75,1.8999999761581419,1.75,1.809999942779541,1.809999942779541,46700.0,CBAT
2016-11-17,1.919999957084656,2.3469998836517334,1.919999957084656,2.200000047683716,2.200000047683716,143700.0,CBAY
2016-11-17,18.899999618530273,19.450000762939453,18.75,18.799999237060547,18.799999237060547,201800.0,CBB
2016-11-17,16.129999160766598,16.25,15.479999542236328,15.5600004196167,15.086392402648926,428300.0,CBD
2016-11-17,23.54999923706055,25.5,23.53000068664551,24.29999923706055,21.621734619140625,4800.0,CBFV
2016-11-17,0.10999999940395357,0.10999999940395357,0.10999999940395357,0.10999999940395357,0.09434209764003754,0.0,CBH
2016-11-17,10.199999809265137,11.100000381469727,10.199999809265137,10.800000190734863,10.800000190734863,6300.0,CBIO
2016-11-17,11.739999771118164,11.829999923706055,11.550000190734865,11.729999542236328,8.181429862976074,1725200.0,CBL
2016-11-17,1.6200000047683716,1.7100000381469729,1.6200000047683716,1.6499999761581419,1.6499999761581419,82900.0,CBLI
2016-11-17,13.949999809265135,13.949999809265135,13.100000381469727,13.300000190734865,13.300000190734865,11700.0,CBMG
2016-11-17,68.45999908447266,69.01000213623047,68.37999725341797,68.87000274658203,66.11006164550781,529100.0,CBOE
2016-11-17,116.27999877929688,117.63999938964844,115.12000274658205,116.54000091552734,116.54000091552734,164200.0,CBPO
2016-11-17,27.81999969482422,28.38999938964844,27.68000030517578,28.32999992370605,28.32999992370605,2348700.0,CBRE
2016-11-17,154.91000366210938,155.1199951171875,152.8800048828125,154.99000549316406,131.83822631835938,248600.0,CBRL
2016-11-17,53.838096618652344,54.70476150512695,53.71428680419922,54.47618865966797,51.51841354370117,411900.0,CBSH
2016-11-17,25.229999542236328,25.31999969482422,25.149999618530273,25.209999084472656,20.914552688598636,42000.0,CBSHP
2016-11-17,51.15999984741211,51.84000015258789,50.88999938964844,51.77000045776367,47.23423767089844,337700.0,CBT
2016-11-17,53.77000045776367,54.93000030517578,53.77000045776367,54.88999938964844,50.40647506713867,162000.0,CBU
2016-11-17,12.199999809265135,12.300000190734865,12.0,12.100000381469727,12.100000381469727,119500.0,CBZ
2016-11-17,22.0,22.76000022888184,21.790000915527344,22.65999984741211,20.711383819580078,3595600.0,CC
2016-11-17,19.739999771118164,19.739999771118164,19.739999771118164,19.739999771118164,18.888063430786133,0.0,CCAP
2016-11-17,17.139999389648438,18.11000061035156,17.139999389648438,17.799999237060547,16.848615646362305,14800.0,CCBG
2016-11-17,3.0899999141693115,3.1800000667572017,2.6800000667572017,2.890000104904175,2.890000104904175,200300.0,CCCL
2016-11-17,17.260000228881836,17.530000686645508,17.260000228881836,17.430000305175778,12.466300010681152,80100.0,CCD
2016-11-17,34.529998779296875,34.939998626708984,34.029998779296875,34.06999969482422,31.609066009521484,2172600.0,CCEP
2016-11-17,75.44999694824219,75.80000305175781,74.5999984741211,75.30000305175781,73.72126770019531,20300.0,CCF
2016-11-17,85.01000213623047,85.83000183105469,84.51000213623047,85.11000061035156,74.67465209960938,3437100.0,CCI
2016-11-17,9.289999961853027,9.289999961853027,9.15999984741211,9.239999771118164,8.656491279602049,1802500.0,CCJ
2016-11-17,53.040000915527344,53.22000122070313,52.2599983215332,52.97999954223633,52.97999954223633,1003800.0,CCK
2016-11-17,50.93999862670898,51.6500015258789,50.86000061035156,51.5,45.90009689331055,3088700.0,CCL
2016-11-17,10.09000015258789,10.1899995803833,9.850000381469727,9.880000114440918,7.51032543182373,41100.0,CCLP
2016-11-17,4.400000095367432,4.440000057220459,4.400000095367432,4.420000076293945,4.420000076293945,3700.0,CCM
2016-11-17,59.0,59.790000915527344,56.41999816894531,59.16999816894531,56.43893051147461,107400.0,CCMP
2016-11-17,23.920000076293945,24.0,23.54999923706055,24.0,21.990196228027344,30200.0,CCNE
2016-11-17,5.550000190734863,5.75,5.550000190734863,5.6500000953674325,4.575797080993652,29000.0,CCO
2016-11-17,39.5,40.20000076293945,38.849998474121094,39.0,33.64769744873047,513400.0,CCOI
2016-11-17,19.299999237060547,19.299999237060547,18.25,18.549999237060547,12.119307518005373,121500.0,CCR
2016-11-17,16.100000381469727,17.049999237060547,15.779999732971193,16.690000534057614,16.690000534057614,103100.0,CCRC
2016-11-17,15.020000457763672,15.079999923706055,14.68000030517578,14.93000030517578,14.93000030517578,403700.0,CCRN
2016-11-17,20.399999618530273,21.100000381469727,20.399999618530273,20.700000762939453,20.700000762939453,123300.0,CCS
2016-11-17,20.170000076293945,20.43000030517578,20.170000076293945,20.270000457763672,18.25396156311035,134800.0,CCU
2016-11-17,696.739990234375,696.739990234375,696.739990234375,696.739990234375,696.739990234375,0.0,CCX
2016-11-17,7.949999809265138,8.0,7.75,7.940000057220459,7.940000057220459,130600.0,CCXI
2016-11-17,49.33000183105469,49.33000183105469,49.33000183105469,49.33000183105469,45.83158874511719,0.0,CCZ
2016-11-17,9.600000381469727,10.09000015258789,9.34000015258789,9.510000228881836,9.510000228881836,4636300.0,CDE
2016-11-17,14.399999618530273,14.670000076293945,13.470000267028807,13.489999771118164,13.489999771118164,1483000.0,CDEV
2016-11-17,57.2599983215332,58.22000122070313,57.2599983215332,58.18000030517578,56.11926651000977,607900.0,CDK
2016-11-17,2.240000009536743,2.240000009536743,2.1700000762939453,2.1700000762939453,1.6368465423583984,80700.0,CDMO
2016-11-17,20.273000717163086,20.273000717163086,20.273000717163086,20.273000717163086,13.844529151916506,400.0,CDMOP
2016-11-17,3.400000095367432,3.5999999046325684,3.0999999046325684,3.25,3.25,65500.0,CDNA
2016-11-17,25.809999465942386,26.53000068664551,25.809999465942386,26.479999542236328,26.479999542236328,1967300.0,CDNS
2016-11-17,11.437908172607422,11.437908172607422,10.980392456054688,10.980392456054688,8.796775817871094,200.0,CDOR
2016-11-17,6.53000020980835,6.6500000953674325,6.519999980926514,6.550000190734862,5.53870964050293,203100.0,CDR
2016-11-17,11.449999809265135,11.550000190734865,11.0,11.149999618530273,11.149999618530273,34100.0,CDTX
2016-11-17,50.65999984741211,51.959999084472656,50.59000015258789,51.959999084472656,49.77515411376953,1420700.0,CDW
2016-11-17,2.640000104904175,2.700000047683716,2.549999952316284,2.609999895095825,2.609999895095825,97800.0,CDXC
2016-11-17,5.0,5.050000190734863,4.800000190734863,4.900000095367432,4.900000095367432,64500.0,CDXS
2016-11-17,9.25,9.300000190734863,9.149999618530273,9.25,9.25,232100.0,CDZI
2016-11-17,79.06999969482422,79.30000305175781,78.33999633789062,78.66999816894531,73.6848373413086,1053300.0,CE
2016-11-17,22.59000015258789,22.78000068664551,22.56999969482422,22.71999931335449,22.217622756958008,25500.0,CEA
2016-11-17,12.6899995803833,12.869999885559082,12.270000457763672,12.789999961853027,12.419782638549805,333600.0,CECE
2016-11-17,18.709999084472656,18.71999931335449,18.6299991607666,18.649999618530273,16.29434585571289,12500.0,CEE
2016-11-17,1171875.0,1281250.0,1023437.5,1117187.5,1117187.5,0.0,CEI
2016-11-17,7.360000133514403,7.4000000953674325,7.289999961853027,7.320000171661378,7.320000171661378,5100.0,CEL
2016-11-17,2.25,2.299999952316284,2.25,2.299999952316284,2.299999952316284,3800.0,CELH
2016-11-17,9.970000267028807,10.220000267028807,9.920000076293944,10.210000038146973,7.132508754730225,32300.0,CELP
2016-11-17,15.09000015258789,15.220000267028807,14.949999809265135,14.960000038146973,10.81921100616455,388700.0,CEM
2016-11-17,6.8499999046325675,7.0,6.800000190734862,6.9000000953674325,6.9000000953674325,30600.0,CEMI
2016-11-17,11.43000030517578,11.489999771118164,11.300000190734865,11.40999984741211,6.755522727966309,62100.0,CEN
2016-11-17,29.09000015258789,29.979999542236328,28.75,29.60000038146973,29.60000038146973,219900.0,CENT
2016-11-17,28.09000015258789,28.290000915527344,27.3799991607666,28.0,28.0,323900.0,CENTA
2016-11-17,10.199999809265137,10.31999969482422,9.829999923706056,9.920000076293944,9.920000076293944,1655200.0,CENX
2016-11-17,125.18000030517578,126.3000030517578,123.75,123.93000030517578,106.80976104736328,74400.0,CEO
2016-11-17,22.0,22.200000762939453,21.600000381469727,22.049999237060547,16.94740867614746,197700.0,CEQP
2016-11-17,4.849999904632568,4.849999904632568,4.348999977111816,4.599999904632568,4.599999904632568,24400.0,CERC
2016-11-17,49.0099983215332,50.0099983215332,48.65999984741211,49.59000015258789,49.21541976928711,9906800.0,CERN
2016-11-17,5.6500000953674325,5.78000020980835,5.6500000953674325,5.760000228881836,5.760000228881836,524100.0,CERS
2016-11-17,21.01000022888184,21.049999237060547,20.93000030517578,20.96999931335449,18.81058120727539,63900.0,CET
2016-11-17,2.549999952316284,2.5999999046325684,2.5,2.549999952316284,2.549999952316284,203100.0,CETV
2016-11-17,36.0,36.959999084472656,34.080001831054695,34.400001525878906,34.191516876220696,25100.0,CETX
2016-11-17,12.329999923706055,12.5,12.329999923706055,12.380000114440918,10.798230171203613,47700.0,CEV
2016-11-17,30.79999923706055,31.899999618530273,30.5,31.54999923706055,31.54999923706055,138600.0,CEVA
2016-11-17,27.6200008392334,27.78000068664551,26.95000076293945,27.09000015258789,24.54035186767578,5538600.0,CF
2016-11-17,6.0999999046325675,6.0999999046325675,6.0999999046325675,6.0999999046325675,6.0999999046325675,1.0,CFB
2016-11-17,8.011049270629883,8.232044219970701,7.955801010131836,8.011049270629883,8.011049270629883,7300.0,CFBK
2016-11-17,42.29999923706055,42.650001525878906,42.099998474121094,42.20000076293945,38.24895858764648,3700.0,CFFI
2016-11-17,16.149999618530273,16.239999771118164,16.049999237060547,16.129999160766598,13.03639316558838,489400.0,CFFN
2016-11-17,30.729999542236328,31.79999923706055,30.690000534057614,31.729999542236328,29.003459930419922,9743700.0,CFG
2016-11-17,9.09000015258789,9.395000457763672,9.039999961853027,9.300000190734863,9.300000190734863,263800.0,CFMS
2016-11-17,82.38999938964844,83.51000213623047,82.1500015258789,83.08000183105469,75.68513488769531,619600.0,CFR
2016-11-17,21.0,23.0,21.0,21.5,21.5,2200.0,CFRX
2016-11-17,37.16999816894531,37.2400016784668,36.52999877929688,36.709999084472656,36.709999084472656,701400.0,CFX
2016-11-17,15.850000381469727,16.0,15.75,15.899999618530273,13.044547080993652,777500.0,CG
2016-11-17,16.319999694824222,16.559999465942386,15.600000381469727,15.84000015258789,15.84000015258789,8100.0,CGA
2016-11-17,9.225000381469727,9.899999618530273,8.25,9.687000274658203,9.687000274658203,625800.0,CGC
2016-11-17,6.5999999046325675,6.6500000953674325,6.3499999046325675,6.449999809265138,6.449999809265138,122600.0,CGEN
2016-11-17,49.5,52.5,48.0,49.5,49.5,4500.0,CGIX
2016-11-17,29.364999771118164,29.92499923706055,29.1299991607666,29.5049991607666,29.098371505737305,1175400.0,CGNX
2016-11-17,10.550000190734863,10.550000190734863,10.460000038146973,10.539999961853027,7.705582141876222,25900.0,CGO
2016-11-17,46.95000076293945,47.22000122070313,46.91999816894531,47.099998474121094,42.9559440612793,171200.0,CHA
2016-11-17,1.8999999761581419,1.9099999666213991,1.8799999952316284,1.8799999952316284,1.8799999952316284,6600.0,CHCI
2016-11-17,59.7599983215332,60.599998474121094,59.68000030517578,59.88999938964844,54.43381881713867,43100.0,CHCO
2016-11-17,21.270000457763672,22.325000762939453,21.25,21.3700008392334,17.99550437927246,83800.0,CHCT
2016-11-17,44.5099983215332,44.7400016784668,44.25,44.43000030517578,42.34814834594727,1864900.0,CHD
2016-11-17,48.83333206176758,49.75,48.70000076293945,49.70000076293945,48.42771530151367,210900.0,CHDN
2016-11-17,145.8000030517578,148.6300048828125,145.08999633789062,147.74000549316406,145.57432556152344,97700.0,CHE
2016-11-17,12.649999618530273,12.75,12.449999809265135,12.649999618530273,12.649999618530273,138400.0,CHEF
2016-11-17,32.400001525878906,34.919998168945305,31.416000366210934,34.799999237060554,34.799999237060554,31400.0,CHEK
2016-11-17,1512.0,1512.0,1512.0,1512.0,1512.0,0.0,CHFS
2016-11-17,7.9000000953674325,8.039999961853027,7.860000133514403,8.010000228881836,8.010000228881836,1155000.0,CHGG
2016-11-17,50.70000076293945,50.9000015258789,50.099998474121094,50.099998474121094,48.07377243041992,206300.0,CHH
2016-11-17,9.729999542236328,9.779999732971193,9.699999809265137,9.720000267028807,7.024259567260742,207100.0,CHI
2016-11-17,6.0,6.110000133514403,5.8400001525878915,5.889999866485597,5.889999866485597,44789300.0,CHK
2016-11-17,83.05999755859375,83.9000015258789,82.37999725341797,83.80000305175781,83.80000305175781,824500.0,CHKP
2016-11-17,54.43000030517578,54.59000015258789,54.31999969482422,54.38999938964844,48.11223602294922,502700.0,CHL
2016-11-17,2.3499999046325684,2.5,2.200000047683716,2.450000047683716,2.450000047683716,314400.0,CHMA
2016-11-17,30.90999984741211,31.10000038146973,30.63999938964844,30.88999938964844,28.23428726196289,5300.0,CHMG
2016-11-17,16.879999160766598,17.120000839233402,16.879999160766598,17.0,11.608044624328613,50900.0,CHMI
2016-11-17,15.479999542236328,15.59000015258789,15.479999542236328,15.520000457763672,13.323949813842773,14100.0,CHN
2016-11-17,5.0,5.050000190734863,2.380000114440918,2.450000047683716,2.450000047683716,826300.0,CHNR
2016-11-17,27.79999923706055,28.25,27.5,28.0,28.0,305300.0,CHRS
2016-11-17,74.19999694824219,74.41999816894531,73.01000213623047,74.01000213623047,68.16329193115234,1194100.0,CHRW
2016-11-17,14.350000381469727,14.630000114440918,14.25,14.460000038146973,11.58150577545166,3645900.0,CHS
2016-11-17,28.65999984741211,28.716999053955078,27.770000457763672,27.834999084472656,21.945619583129886,37100.0,CHSCL
2016-11-17,27.479999542236328,27.479999542236328,26.6200008392334,26.6200008392334,21.29269218444824,33300.0,CHSCM
2016-11-17,28.3700008392334,28.6200008392334,27.95800018310547,28.26000022888184,22.478939056396484,41400.0,CHSCN
2016-11-17,29.6200008392334,30.440000534057614,28.920000076293945,29.0,22.700801849365234,35100.0,CHSCO
2016-11-17,31.93000030517578,31.95000076293945,31.53000068664551,31.68000030517578,24.998477935791016,9000.0,CHSCP
2016-11-17,33.27000045776367,33.279998779296875,33.0,33.049999237060554,29.0083065032959,209000.0,CHT
2016-11-17,262.20001220703125,266.57000732421875,261.20999145507807,265.48001098632807,265.48001098632807,1346900.0,CHTR
2016-11-17,11.149999618530273,11.260000228881836,11.100000381469727,11.18000030517578,10.91632843017578,339000.0,CHU
2016-11-17,30.899999618530273,31.649999618530273,30.899999618530273,31.5,31.5,173800.0,CHUY
2016-11-17,7.139999866485597,7.170000076293945,7.119999885559082,7.1500000953674325,5.094287395477295,137300.0,CHW
2016-11-17,10.40999984741211,10.420000076293944,10.31999969482422,10.390000343322754,7.497761726379394,168700.0,CHY
2016-11-17,137.22999572753906,140.19999694824222,136.25999450683594,140.0,139.86778259277344,1146300.0,CI
2016-11-17,9.609999656677246,9.6899995803833,9.329999923706056,9.380000114440918,9.380000114440918,133200.0,CIA
2016-11-17,34.25,34.84000015258789,33.889999389648445,33.919998168945305,30.47745132446289,276800.0,CIB
2016-11-17,1.7400000095367432,1.830000042915344,1.7100000381469729,1.7100000381469729,1.7100000381469729,31300.0,CIDM
2016-11-17,22.18000030517578,22.280000686645508,21.770000457763672,21.959999084472656,21.959999084472656,2571900.0,CIEN
2016-11-17,2.450000047683716,2.4600000381469727,2.4100000858306885,2.450000047683716,1.7805024385452268,173500.0,CIF
2016-11-17,2.4100000858306885,2.440000057220459,2.289999961853028,2.299999952316284,1.8428988456726076,3229800.0,CIG
2016-11-17,34.25,35.09999847412109,34.25,34.84999847412109,34.63860321044922,45900.0,CIGI
2016-11-17,275.0,275.0,275.0,275.0,275.0,255.0,CIH
2016-11-17,13.119999885559082,13.270000457763672,13.119999885559082,13.229999542236328,10.672876358032227,171100.0,CII
2016-11-17,3.0699999332427983,3.0699999332427983,3.0499999523162837,3.059999942779541,2.3097426891326904,109100.0,CIK
2016-11-17,16.5,16.549999237060547,16.40999984741211,16.469999313354492,10.895696640014648,1536600.0,CIM
2016-11-17,72.31999969482422,74.05999755859375,72.19999694824219,74.0199966430664,67.09268188476561,731500.0,CINF
2016-11-17,30.93000030517578,31.447999954223636,30.79999923706055,31.239999771118164,23.45911026000977,25100.0,CINR
2016-11-17,12.3100004196167,12.329999923706055,12.039999961853027,12.210000038146973,9.568799018859863,66400.0,CIO
2016-11-17,61.18000030517578,61.91999816894531,60.70000076293945,60.81999969482422,60.64814758300781,137900.0,CIR
2016-11-17,40.349998474121094,41.54999923706055,40.349998474121094,41.2400016784668,38.66414260864258,2566400.0,CIT
2016-11-17,15.149999618530273,15.279999732971193,15.149999618530273,15.229999542236328,14.490079879760742,51100.0,CIVB
2016-11-17,11.539999961853027,11.600000381469727,11.350000381469727,11.579999923706055,10.929930686950684,2400.0,CIX
2016-11-17,23.29999923706055,25.399999618530273,23.20000076293945,24.0,20.605810165405273,3300.0,CIZN
2016-11-17,1.7100000381469729,1.919999957084656,1.7000000476837158,1.830000042915344,1.830000042915344,124900.0,CJJD
2016-11-17,55.62862777709961,56.82785415649414,54.72920608520508,54.98065948486328,54.98065948486328,140900.0,CKH
2016-11-17,11.239999771118164,11.239999771118164,11.239999771118164,11.239999771118164,11.017237663269043,0.0,CKX
2016-11-17,66.65000152587889,66.83000183105469,65.93000030517578,65.98999786376953,61.07534408569336,3831600.0,CL
2016-11-17,6.199999809265138,6.199999809265138,6.050000190734862,6.1500000953674325,6.059841632843018,78000.0,CLAR
2016-11-17,107.80999755859376,108.98999786376952,105.70999908447266,105.9800033569336,97.3160629272461,296900.0,CLB
2016-11-17,4.0900001525878915,4.230000019073486,4.019999980926514,4.2100000381469735,4.2100000381469735,19300.0,CLBS
2016-11-17,19.38999938964844,19.559999465942386,19.06999969482422,19.190000534057614,16.605051040649414,12100.0,CLCT
2016-11-17,17.040000915527347,17.040000915527347,17.040000915527347,17.040000915527347,15.796257972717285,500.0,CLDB
2016-11-17,19.40999984741211,19.729999542236328,19.299999237060547,19.38999938964844,15.485718727111815,96500.0,CLDT
2016-11-17,65.55000305175781,68.84999847412111,65.40000152587889,66.44999694824219,66.44999694824219,146000.0,CLDX
2016-11-17,7.519999980926514,7.639999866485597,7.389999866485597,7.449999809265138,7.117799282073975,6900300.0,CLF
2016-11-17,19.350000381469727,19.350000381469727,18.899999618530273,19.200000762939453,19.200000762939453,37200.0,CLFD
2016-11-17,38.38999938964844,38.709999084472656,37.90999984741211,38.5,38.30767440795898,968400.0,CLGX
2016-11-17,49.40999984741211,49.77999877929688,49.0,49.11999893188477,49.11999893188477,259800.0,CLH
2016-11-17,26.10000038146973,26.5,25.920000076293945,26.03000068664551,22.934179306030273,277100.0,CLI
2016-11-17,4.400000095367432,4.900000095367432,4.300000190734863,4.400000095367432,4.400000095367432,152900.0,CLIR
2016-11-17,19.479999542236328,19.479999542236328,18.270000457763672,18.309999465942386,18.309999465942386,164400.0,CLLS
2016-11-17,14.84000015258789,14.979999542236328,14.84000015258789,14.949999809265135,7.575541973114014,161900.0,CLM
2016-11-17,4.849999904632568,5.0,4.650000095367432,4.699999809265137,4.699999809265137,695400.0,CLMT
2016-11-17,3.7699999809265137,3.829999923706055,3.6800000667572017,3.690000057220459,3.690000057220459,1377800.0,CLNE
2016-11-17,14.100000381469727,14.229999542236328,14.029999732971193,14.199999809265135,9.510028839111328,1935100.0,CLNY
2016-11-17,50.0,50.88999938964844,49.2599983215332,49.63000106811523,49.46504592895508,3362300.0,CLR
2016-11-17,27.79999923706055,29.0,24.79999923706055,26.10000038146973,26.10000038146973,36100.0,CLRB
2016-11-17,10.989999771118164,10.989999771118164,10.989999771118164,10.989999771118164,10.565150260925293,0.0,CLRO
2016-11-17,12.550000190734865,12.56999969482422,12.359999656677244,12.359999656677244,12.359999656677244,448100.0,CLS
2016-11-17,20.84000015258789,22.18000030517578,20.059999465942386,21.950000762939453,21.950000762939453,68500.0,CLSD
2016-11-17,34.900001525878906,34.900001525878906,34.900001525878906,34.900001525878906,34.900001525878906,0.0,CLSK
2016-11-17,12.039999961853027,12.18000030517578,11.760000228881836,12.18000030517578,12.18000030517578,3900.0,CLSN
2016-11-17,2.4200000762939453,2.450000047683716,2.25,2.25,2.25,41900.0,CLUB
2016-11-17,35.060001373291016,36.83000183105469,34.209999084472656,36.29999923706055,36.29999923706055,1894300.0,CLVS
2016-11-17,62.04999923706055,63.75,62.04999923706055,62.849998474121094,62.849998474121094,107500.0,CLW
2016-11-17,3.5,3.75,3.0499999523162837,3.5499999523162837,2.872272729873657,65200.0,CLWT
2016-11-17,113.69000244140624,114.62999725341795,112.95999908447266,113.5199966430664,104.16842651367188,1520300.0,CLX
2016-11-17,76.63999938964844,77.2699966430664,76.62000274658203,76.7300033569336,60.76031494140625,426800.0,CM
2016-11-17,59.22000122070313,60.59000015258789,59.1500015258789,60.56999969482422,55.082862854003906,3421900.0,CMA
2016-11-17,21.489999771118164,21.65999984741211,21.229999542236328,21.40999984741211,19.7812442779541,1369200.0,CMC
2016-11-17,6.050000190734862,6.300000190734862,6.050000190734862,6.1500000953674325,5.481042861938477,3200.0,CMCL
2016-11-17,10.229999542236328,10.710000038146973,10.229999542236328,10.5,9.267605781555176,740700.0,CMCM
2016-11-17,24.1200008392334,24.70000076293945,23.770000457763672,23.85000038146973,23.42124366760254,95600.0,CMCO
2016-11-17,33.700000762939446,34.360000610351555,33.400001525878906,34.24499893188477,31.968908309936523,23372800.0,CMCSA
2016-11-17,45.45000076293945,45.45000076293945,45.45000076293945,45.45000076293945,24.68886566162109,100.0,CMCT
2016-11-17,77.79000091552734,79.9800033569336,77.70999908447266,79.88999938964844,79.20404815673828,158000.0,CMD
2016-11-17,115.1999969482422,116.12000274658205,114.4800033569336,115.5,101.0564422607422,2067600.0,CME
2016-11-17,395.70001220703125,407.8399963378906,394.1099853515625,402.8999938964844,402.8999938964844,1118700.0,CMG
2016-11-17,136.19999694824222,136.57000732421878,135.00999450683594,135.42999267578122,123.21720886230469,1083400.0,CMI
2016-11-17,10.029999732971193,10.109999656677246,9.970000267028807,9.989999771118164,7.76688814163208,975600.0,CMO
2016-11-17,76.0,76.5999984741211,75.44999694824219,75.8499984741211,64.22007751464844,183900.0,CMP
2016-11-17,86.25,86.33999633789062,85.30999755859375,85.86000061035156,85.86000061035156,239700.0,CMPR
2016-11-17,7.829999923706055,7.8499999046325675,7.010000228881836,7.03000020980835,5.6488404273986825,560900.0,CMRE
2016-11-17,4.800000190734863,5.349999904632568,4.769999980926514,5.269999980926514,5.269999980926514,928800.0,CMRX
2016-11-17,39.75,40.11999893188477,39.65999984741211,39.77000045776367,36.2336540222168,1356400.0,CMS
2016-11-17,16.069999694824222,16.260000228881836,15.869999885559082,15.949999809265135,15.776065826416016,35200.0,CMT
2016-11-17,11.09000015258789,11.359999656677244,10.970000267028807,11.229999542236328,10.597979545593262,250700.0,CMTL
2016-11-17,4.369999885559082,4.369999885559082,4.300000190734863,4.309999942779541,3.5892486572265625,46900.0,CMU
2016-11-17,38.93999862670898,39.25,38.459999084472656,38.97999954223633,34.345932006835945,109000.0,CNA
2016-11-17,1.9800000190734863,2.0199999809265137,1.950000047683716,1.9600000381469729,1.9600000381469729,188900.0,CNAT
2016-11-17,52.95000076293945,52.95000076293945,52.72000122070313,52.95000076293945,51.886634826660156,4700.0,CNBKA
2016-11-17,27.85000038146973,28.97500038146973,27.85000038146973,28.70000076293945,28.70000076293945,5447600.0,CNC
2016-11-17,10.0600004196167,10.5,10.0600004196167,10.210000038146973,10.210000038146973,189900.0,CNCE
2016-11-17,1.3600000143051147,1.3899999856948853,1.25,1.3700000047683716,1.3700000047683716,23300.0,CNET
2016-11-17,0.023000000044703484,0.023000000044703484,0.023000000044703484,0.023000000044703484,0.023000000044703484,0.0,CNF
2016-11-17,7.36299991607666,7.8499999046325675,7.36299991607666,7.699999809265138,7.699999809265138,700.0,CNFR
2016-11-17,7.960000038146973,8.060000419616701,7.949999809265138,7.989999771118164,7.646313190460205,912100.0,CNHI
2016-11-17,63.58000183105469,64.47000122070311,63.40999984741211,64.18000030517578,59.24894714355469,1019700.0,CNI
2016-11-17,41.59000015258789,42.2599983215332,41.38999938964844,42.22999954223633,37.33766174316406,731800.0,CNK
2016-11-17,44.61999893188477,45.52000045776367,44.61999893188477,44.84000015258789,42.906986236572266,161500.0,CNMD
2016-11-17,17.40999984741211,17.600000381469727,17.309999465942386,17.5,16.253952026367188,1303600.0,CNO
2016-11-17,21.899999618530273,22.53000068664551,21.149999618530273,22.399999618530273,21.440635681152344,78100.0,CNOB
2016-11-17,23.13999938964844,23.35000038146973,23.13999938964844,23.21999931335449,20.37803077697754,2410200.0,CNP
2016-11-17,32.09000015258789,32.15999984741211,31.31999969482422,31.3799991607666,26.30873870849609,1642500.0,CNQ
2016-11-17,17.049999237060547,17.5,17.0,17.5,17.5,696600.0,CNR
2016-11-17,34.209999084472656,35.34000015258789,34.209999084472656,34.650001525878906,30.487009048461914,214200.0,CNS
2016-11-17,27.36000061035156,27.959999084472656,27.29999923706055,27.57999992370605,20.72848320007324,193400.0,CNSL
2016-11-17,6.670000076293945,6.699999809265138,6.579999923706055,6.610000133514403,6.610000133514403,34300.0,CNTY
2016-11-17,15.516666412353516,15.800000190734865,14.883333206176758,15.074999809265135,15.074999809265135,3699100.0,CNX
2016-11-17,22.60000038146973,22.966999053955078,20.899999618530273,21.6299991607666,16.830852508544922,298800.0,CNXM
2016-11-17,26.5,26.5,26.06999969482422,26.32999992370605,25.24792671203613,38900.0,CNXN
2016-11-17,5.03000020980835,5.070000171661377,4.989999771118164,5.070000171661377,4.968832969665527,23900.0,CO
2016-11-17,12.899999618530273,12.899999618530273,12.899999618530273,12.899999618530273,12.899999618530273,7000.0,COCP
2016-11-17,1.6799999475479126,1.6799999475479126,1.6799999475479126,1.6799999475479126,1.6799999475479126,200.0,CODA
2016-11-17,18.899999618530273,19.0,18.649999618530273,18.700000762939453,14.377240180969238,213600.0,CODI
2016-11-17,14.289999961853027,15.5,13.8100004196167,15.109999656677244,15.109999656677244,58600.0,COE
2016-11-17,80.25,81.55999755859375,79.31999969482422,81.55999755859375,76.58349609375,3073000.0,COF
2016-11-17,21.26984214782715,21.26984214782715,21.26984214782715,21.26984214782715,18.848186492919922,800.0,COFS
2016-11-17,21.8799991607666,22.020000457763672,21.21999931335449,21.6299991607666,20.781234741210934,5837500.0,COG
2016-11-17,12.100000381469727,12.100000381469727,11.300000190734865,11.399999618530273,9.23041820526123,1500.0,COHN
2016-11-17,128.3800048828125,130.32000732421878,127.87000274658205,129.10000610351562,129.10000610351562,218500.0,COHR
2016-11-17,12.010000228881836,12.260000228881836,11.960000038146973,12.210000038146973,11.714210510253904,133200.0,COHU
2016-11-17,164.63999938964844,165.0500030517578,162.97000122070312,164.97000122070312,162.43386840820312,27100.0,COKE
2016-11-17,38.29999923706055,38.810001373291016,38.11999893188477,38.66999816894531,34.97254180908203,288500.0,COLB
2016-11-17,16.319999694824222,16.59000015258789,16.049999237060547,16.420000076293945,16.420000076293945,179500.0,COLL
2016-11-17,59.459999084472656,60.13999938964844,58.81999969482422,59.68000030517578,57.55031967163086,183100.0,COLM
2016-11-17,34.72999954223633,35.09000015258789,34.419998168945305,35.0,35.0,4607200.0,COMM
2016-11-17,40.2400016784668,40.849998474121094,39.650001525878906,39.90999984741211,35.64275360107422,868400.0,CONE
2016-11-17,10.75,11.0,10.609999656677246,11.0,11.0,325300.0,CONN
2016-11-17,171.5500030517578,174.52000427246094,170.3699951171875,174.39999389648438,174.2580108642578,399300.0,COO
2016-11-17,19.799999237060547,19.799999237060547,18.600000381469727,19.799999237060547,19.799999237060547,115700.0,COOP
2016-11-17,44.79999923706055,45.08000183105469,43.5,43.61000061035156,40.69108963012695,6757600.0,COP
2016-11-17,66.76999664306639,67.22000122070311,64.80999755859375,65.04000091552734,56.57801818847656,608600.0,COR
2016-11-17,35.849998474121094,36.41999816894531,35.38999938964844,36.36000061035156,34.58777618408203,179600.0,CORE
2016-11-17,31.899999618530273,32.240001678466804,31.209999084472656,31.309999465942386,24.30404663085937,134600.0,CORR
2016-11-17,9.529999732971193,9.8100004196167,9.529999732971193,9.5600004196167,9.5600004196167,1230100.0,CORT
2016-11-17,2.900000095367432,2.990000009536743,2.8299999237060547,2.9100000858306885,2.9100000858306885,82600.0,CORV
2016-11-17,151.22999572753906,151.39999389648438,149.5500030517578,151.1999969482422,140.45968627929688,2098700.0,COST
2016-11-17,18.440000534057614,18.65999984741211,18.290000915527344,18.600000381469727,16.33907699584961,5341900.0,COTY
2016-11-17,29.79999923706055,29.95000076293945,28.979999542236328,29.63999938964844,29.63999938964844,189000.0,COUP
2016-11-17,19.71999931335449,19.76000022888184,19.450000762939453,19.6200008392334,19.6200008392334,54300.0,COW
2016-11-17,12.800000190734865,13.600000381469727,12.800000190734865,13.600000381469727,13.564281463623047,502000.0,COWN
2016-11-17,145.11000061035156,146.77000427246094,144.97999572753906,146.22000122070312,139.28616333007812,494500.0,CP
2016-11-17,91.52999877929688,92.4800033569336,89.91000366210938,91.5,82.93982696533203,304000.0,CPA
2016-11-17,9.149999618530273,9.34000015258789,9.0600004196167,9.079999923706056,7.767648220062256,2600.0,CPAC
2016-11-17,1.809999942779541,1.8999999761581419,1.809999942779541,1.8999999761581419,1.8999999761581419,700.0,CPAH
2016-11-17,54.06999969482422,54.45000076293945,53.9900016784668,54.22000122070313,48.94863510131836,1543600.0,CPB
2016-11-17,14.65999984741211,15.09000015258789,14.329999923706055,14.380000114440918,14.380000114440918,4294100.0,CPE
2016-11-17,29.86000061035156,30.45000076293945,29.79999923706055,29.96999931335449,27.19674491882324,129200.0,CPF
2016-11-17,11.829999923706055,12.039999961853027,11.380000114440918,11.4399995803833,9.994555473327637,1032400.0,CPG
2016-11-17,10.600000381469727,10.600000381469727,10.600000381469727,10.600000381469727,9.94037914276123,600.0,CPHC
2016-11-17,0.20000000298023224,0.20999999344348907,0.18000000715255735,0.1899999976158142,0.1899999976158142,152200.0,CPHI
2016-11-17,5.539999961853027,5.639999866485597,5.389999866485597,5.420000076293945,5.420000076293945,58300.0,CPIX
2016-11-17,64.0,64.84999847412111,63.88000106811523,64.09999847412111,60.32496643066406,37400.0,CPK
2016-11-17,22.190000534057614,22.540000915527344,20.649999618530273,20.790000915527344,14.97789192199707,95400.0,CPLP
2016-11-17,47.68000030517578,48.93000030517578,47.52000045776367,48.56999969482422,48.56999969482422,3418500.0,CPRI
2016-11-17,27.979999542236328,28.3700008392334,27.95499992370605,28.31999969482422,28.31999969482422,2221200.0,CPRT
2016-11-17,1.100000023841858,1.1399999856948853,1.0700000524520874,1.100000023841858,1.100000023841858,437800.0,CPRX
2016-11-17,93.5199966430664,94.6500015258789,92.01000213623048,92.3499984741211,92.3499984741211,151200.0,CPS
2016-11-17,1.3600000143051147,1.3700000047683716,1.2200000286102295,1.309999942779541,1.309999942779541,60000.0,CPSH
2016-11-17,24.649999618530273,25.0,24.10000038146973,24.399999618530273,22.94391632080078,219400.0,CPSI
2016-11-17,4.889999866485597,5.119999885559082,4.510000228881836,5.079999923706055,5.079999923706055,76700.0,CPSS
2016-11-17,9.100000381469727,9.800000190734863,9.0,9.100000381469727,9.100000381469727,40200.0,CPST
2016-11-17,77.37999725341797,78.3499984741211,76.47000122070312,76.5,67.96045684814453,417200.0,CPT
2016-11-17,11.970000267028807,12.09000015258789,11.93000030517578,11.989999771118164,7.851661205291747,106900.0,CPTA
2016-11-17,27.959999084472656,28.81999969482422,27.56999969482422,28.0,23.024250030517575,129800.0,CQP
2016-11-17,73.36000061035156,74.13999938964844,72.66999816894531,73.80000305175781,68.95812225341797,332700.0,CR
2016-11-17,31.0,31.149999618530273,30.93000030517578,31.0,29.41199493408203,66800.0,CRAI
2016-11-17,7.699999809265138,7.9000000953674325,6.75,7.0,7.0,1724400.0,CRBP
2016-11-17,15.270000457763672,15.5,14.770000457763672,15.1899995803833,15.1899995803833,2667300.0,CRC
2016-11-17,24.85000038146973,25.309999465942386,24.71999931335449,25.149999618530273,25.149999618530273,856400.0,CREE
2016-11-17,1.9600000381469729,1.9600000381469729,1.75,1.8899999856948853,1.8899999856948853,91200.0,CREG
2016-11-17,15.399999618530273,16.079999923706055,15.399999618530273,15.699999809265135,15.38835906982422,73400.0,CRESY
2016-11-17,4.800000190734863,4.800000190734863,4.800000190734863,4.800000190734863,4.800000190734863,0.0,CREX
2016-11-17,14.539999961853027,14.699999809265135,14.539999961853027,14.630000114440918,7.45350980758667,62400.0,CRF
2016-11-17,34.09000015258789,34.27000045776367,33.93000030517578,34.15999984741211,31.08488273620605,4305500.0,CRH
2016-11-17,5.550000190734863,5.789999961853027,5.550000190734863,5.699999809265138,5.699999809265138,125600.0,CRHM
2016-11-17,93.04000091552734,93.93000030517578,92.1500015258789,93.16000366210938,87.59736633300781,742000.0,CRI
2016-11-17,16.899999618530273,17.299999237060547,16.649999618530273,17.200000762939453,17.200000762939453,86300.0,CRIS
2016-11-17,9.0,9.09000015258789,8.340000152587889,8.369999885559082,8.369999885559082,765500.0,CRK
2016-11-17,71.7699966430664,73.80999755859375,71.7300033569336,73.70999908447266,73.70999908447266,538200.0,CRL
2016-11-17,73.70999908447266,75.41000366210938,73.31999969482422,75.19000244140625,75.19000244140625,12539100.0,CRM
2016-11-17,8.5,9.100000381469727,8.300000190734862,8.550000190734862,8.550000190734862,30400.0,CRMD
2016-11-17,42.25,42.25,41.0,41.04999923706055,41.04999923706055,147400.0,CRMT
2016-11-17,2.3499999046325684,2.369999885559082,2.3299999237060547,2.3299999237060547,2.3299999237060547,131800.0,CRNT
2016-11-17,52.41999816894531,52.47000122070313,52.41999816894531,52.47000122070313,52.47000122070313,900.0,CROC
2016-11-17,8.199999809265138,8.310000419616701,8.130000114440918,8.159999847412111,8.159999847412111,1032500.0,CROX
2016-11-17,36.95000076293945,36.95000076293945,35.970001220703125,35.9900016784668,34.14585494995117,407800.0,CRS
2016-11-17,21.75,23.96999931335449,20.899999618530273,21.799999237060547,21.799999237060547,185700.0,CRSP
2016-11-17,17.90999984741211,17.90999984741211,17.020000457763672,17.020000457763672,12.574297904968262,10900.0,CRT
2016-11-17,39.959999084472656,40.959999084472656,39.47999954223633,40.0,40.0,935200.0,CRTO
2016-11-17,54.93999862670898,56.63999938964844,54.72999954223633,56.41999816894531,56.41999816894531,1101900.0,CRUS
2016-11-17,32.25,33.400001525878906,32.25,33.150001525878906,33.150001525878906,120300.0,CRVL
2016-11-17,15.140000343322756,15.289999961853027,14.729999542236328,15.029999732971193,15.029999732971193,11100.0,CRVS
2016-11-17,9.350000381469727,9.350000381469727,8.300000190734862,8.75,6.686263084411621,162600.0,CRWS
2016-11-17,19.25,19.549999237060547,19.25,19.399999618530273,19.399999618530273,177000.0,CRY
2016-11-17,14.329999923706055,14.369999885559082,14.170000076293945,14.1899995803833,12.610472679138185,4903300.0,CS
2016-11-17,1.830000042915344,1.830000042915344,1.75,1.75,1.75,7700.0,CSBR
2016-11-17,29.90999984741211,30.04999923706055,29.61000061035156,30.04999923706055,27.18349647521973,75252300.0,CSCO
2016-11-17,21.38999938964844,21.86000061035156,21.32999992370605,21.540000915527344,20.487642288208008,262200.0,CSFL
2016-11-17,196.47999572753903,199.8999938964844,194.83999633789062,198.9900054931641,198.9900054931641,342300.0,CSGP
2016-11-17,41.5099983215332,42.0099983215332,41.40999984741211,41.7400016784668,38.981781005859375,152700.0,CSGS
2016-11-17,27.18000030517578,27.3799991607666,26.459999084472656,26.8799991607666,26.8799991607666,357400.0,CSII
2016-11-17,11.449999809265135,11.979999542236328,11.270000457763672,11.68000030517578,11.68000030517578,1706800.0,CSIQ
2016-11-17,114.06999969482422,114.06999969482422,112.12000274658205,112.94000244140624,108.06798553466795,400100.0,CSL
2016-11-17,5.150000095367432,5.150000095367432,4.849999904632568,4.900000095367432,4.900000095367432,282200.0,CSLT
2016-11-17,38.77000045776367,39.0,38.18999862670898,38.20000076293945,38.20000076293945,811300.0,CSOD
2016-11-17,10.329999923706056,10.859999656677246,10.18000030517578,10.449999809265137,8.922480583190918,14500.0,CSPI
2016-11-17,10.020000457763672,10.0600004196167,9.9399995803833,9.970000267028807,7.570450305938722,334600.0,CSQ
2016-11-17,29.10000038146973,29.54999923706055,28.85000038146973,29.35000038146973,28.184038162231445,180400.0,CSTE
2016-11-17,6.25,6.5,6.0999999046325675,6.1500000953674325,6.1500000953674325,559400.0,CSTM
2016-11-17,17.229999542236328,17.649999618530273,17.229999542236328,17.5,17.151653289794922,4400.0,CSTR
2016-11-17,15.0,15.369999885559082,14.960000038146973,15.220000267028807,15.220000267028807,481400.0,CSU
2016-11-17,25.85000038146973,26.239999771118164,25.729999542236328,26.11000061035156,25.10087585449219,285600.0,CSV
2016-11-17,13.9399995803833,14.4399995803833,13.9399995803833,14.4399995803833,10.092021942138672,70300.0,CSWC
2016-11-17,34.59999847412109,36.04999923706055,34.5,35.45000076293945,35.17623519897461,163000.0,CSWI
2016-11-17,33.90999984741211,34.09000015258789,33.790000915527344,33.959999084472656,32.27322006225586,10947900.0,CSX
2016-11-17,25.79999923706055,25.959999084472656,25.53000068664551,25.684999465942386,21.212276458740234,53600.0,CTAA
2016-11-17,109.01000213623048,110.6999969482422,108.98999786376952,110.4000015258789,106.9312973022461,581100.0,CTAS
2016-11-17,38.0,38.54999923706055,37.75,38.400001525878906,36.62865447998047,350100.0,CTB
2016-11-17,24.84000015258789,24.920000076293945,24.707000732421875,24.71999931335449,20.069297790527344,232300.0,CTBB
2016-11-17,41.650001525878906,42.54999923706055,41.599998474121094,41.849998474121094,37.4161262512207,27600.0,CTBI
2016-11-17,2.369999885559082,2.369999885559082,2.369999885559082,2.369999885559082,2.369999885559082,14900.0,CTEK
2016-11-17,4.130000114440918,4.260000228881837,4.079999923706056,4.239999771118163,4.239999771118163,183200.0,CTG
2016-11-17,0.8799999952316284,0.9700000286102296,0.8799999952316284,0.8999999761581421,0.8999999761581421,22800.0,CTHR
2016-11-17,6.0999999046325675,6.0999999046325675,6.0999999046325675,6.0999999046325675,6.0999999046325675,0.0,CTIB
2016-11-17,3.7999999523162837,4.400000095367432,3.7999999523162837,4.0,4.0,127600.0,CTIC
2016-11-17,10.550000190734863,10.550000190734863,10.550000190734863,10.550000190734863,10.550000190734863,15202.0,CTK
2016-11-17,24.649999618530273,24.82999992370605,24.26000022888184,24.26000022888184,17.08445930480957,8752400.0,CTL
2016-11-17,25.559999465942386,25.85000038146973,25.29999923706055,25.71999931335449,25.71999931335449,771600.0,CTLT
2016-11-17,11.270000457763672,11.760000228881836,11.020000457763672,11.510000228881836,11.510000228881836,105400.0,CTMX
2016-11-17,54.31000137329102,55.209999084472656,54.0,55.08000183105469,54.01068496704102,11600.0,CTO
2016-11-17,12.40999984741211,12.529999732971193,12.329999923706055,12.4399995803833,9.009594917297363,104300.0,CTR
2016-11-17,70.5,71.0,64.0,68.0,68.0,38300.0,CTRA
2016-11-17,3.509999990463257,3.650000095367432,3.509999990463257,3.5499999523162837,3.5499999523162837,10200.0,CTRC
2016-11-17,13.619999885559082,13.800000190734865,13.579999923706055,13.619999885559082,11.345322608947756,834200.0,CTRE
2016-11-17,21.239999771118164,21.81999969482422,21.13999938964844,21.59000015258789,20.37308692932129,137100.0,CTRN
2016-11-17,21.649999618530273,22.450000762939453,21.299999237060547,22.399999618530273,21.937463760375977,163700.0,CTS
2016-11-17,55.25,56.93999862670898,55.13000106811523,56.38000106811523,54.42106628417969,10510500.0,CTSH
2016-11-17,5.449999809265137,5.449999809265137,5.349999904632568,5.349999904632568,5.349999904632568,32500.0,CTSO
2016-11-17,10.859999656677246,11.0,10.75,10.84000015258789,9.22346305847168,115200.0,CTT
2016-11-17,25.26000022888184,25.399999618530273,25.06999969482422,25.1200008392334,19.541643142700195,36400.0,CTV
2016-11-17,5.175000190734863,7.5,5.175000190734863,7.5,7.5,5000.0,CTXR
2016-11-17,68.93613433837889,70.24207305908203,68.40261077880861,70.05892944335939,68.64382934570311,1347800.0,CTXS
2016-11-17,24.09000015258789,24.190000534057614,23.88999938964844,23.959999084472656,19.0068359375,63800.0,CTY
2016-11-17,24.8799991607666,25.07399940490723,24.809999465942386,24.899999618530273,19.560022354125977,66800.0,CTZ
2016-11-17,49.0,49.75,48.5,48.79999923706055,48.01309204101562,180100.0,CUB
2016-11-17,6.230000019073486,6.260000228881836,6.210000038146973,6.260000228881836,4.728214740753174,13700.0,CUBA
2016-11-17,24.770000457763672,24.899999618530273,24.420000076293945,24.489999771118164,21.15987205505371,2385800.0,CUBE
2016-11-17,29.76000022888184,30.209999084472656,29.399999618530273,29.54999923706055,29.54999923706055,279000.0,CUBI
2016-11-17,5.5,5.6500000953674325,5.400000095367432,5.550000190734863,5.550000190734863,65600.0,CUI
2016-11-17,50.68000030517578,51.2400016784668,50.56999969482422,51.1500015258789,45.48904800415039,489100.0,CUK
2016-11-17,33.34999847412109,33.950000762939446,33.330001831054695,33.549999237060554,31.835094451904297,42200.0,CULP
2016-11-17,22.95000076293945,23.25,22.649999618530273,23.0,23.0,10900.0,CUO
2016-11-17,14.199999809265135,14.800000190734865,14.050000190734865,14.699999809265135,14.699999809265135,86000.0,CUTR
2016-11-17,31.20000076293945,31.60000038146973,30.8799991607666,31.36000061035156,29.616350173950195,692000.0,CUZ
2016-11-17,14.699999809265135,14.949999809265135,14.600000381469727,14.649999618530273,11.562787055969238,1089700.0,CVA
2016-11-17,21.1200008392334,21.21999931335449,20.700000762939453,20.739999771118164,18.988666534423828,987100.0,CVBF
2016-11-17,90.25,92.5500030517578,90.25,90.9000015258789,90.9000015258789,110400.0,CVCO
2016-11-17,16.780000686645508,17.40999984741211,16.610000610351562,17.34000015258789,16.439531326293945,51100.0,CVCY
2016-11-17,14.800000190734865,14.979999542236328,14.449999809265135,14.470000267028807,13.275880813598633,1379200.0,CVE
2016-11-17,1.8200000524520876,1.8899999856948853,1.7799999713897705,1.7899999618530271,1.7899999618530271,501400.0,CVEO
2016-11-17,5.570000171661377,5.6599998474121085,5.4099998474121085,5.460000038146973,5.460000038146973,110100.0,CVGI
2016-11-17,66.59999847412111,67.5,65.44999694824219,65.65000152587889,63.2930679321289,196400.0,CVGW
2016-11-17,17.059999465942386,17.469999313354492,16.829999923706055,17.129999160766598,12.982447624206545,888400.0,CVI
2016-11-17,54.75,55.70000076293945,54.4000015258789,55.599998474121094,55.599998474121094,196800.0,CVLT
2016-11-17,19.83673477172852,20.03628158569336,19.68253898620605,20.027210235595703,18.517662048339844,4800.0,CVLY
2016-11-17,6.75,7.25,6.75,7.0,7.0,7700.0,CVM
2016-11-17,31.86000061035156,34.0,31.86000061035156,33.610000610351555,30.455568313598636,12800.0,CVR
2016-11-17,74.3499984741211,74.7300033569336,74.12000274658203,74.2699966430664,67.60145568847656,8305400.0,CVS
2016-11-17,19.100000381469727,19.36000061035156,18.770000457763672,19.21999931335449,19.21999931335449,244800.0,CVTI
2016-11-17,7.199999809265138,7.28000020980835,6.949999809265138,7.0,7.0,7200.0,CVU
2016-11-17,7.9099998474121085,8.130000114440918,7.78000020980835,8.039999961853027,8.039999961853027,5800.0,CVV
2016-11-17,109.0,110.0999984741211,107.58999633789062,108.12000274658205,95.10472869873048,6638100.0,CVX
2016-11-17,98.51000213623048,99.5500030517578,98.51000213623048,98.97000122070312,97.1121826171875,268000.0,CW
2016-11-17,8.399999618530272,8.5,8.399999618530272,8.5,8.0220947265625,39400.0,CWBC
2016-11-17,2.150000095367432,2.150000095367432,2.150000095367432,2.150000095367432,2.150000095367432,0.0,CWBR
2016-11-17,11.25,11.399999618530273,11.100000381469727,11.100000381469727,10.113243103027344,35200.0,CWCO
2016-11-17,15.25,15.529999732971193,15.050000190734865,15.5,12.653907775878904,437000.0,CWEN
2016-11-17,24.239999771118164,24.65999984741211,23.93000030517578,23.989999771118164,22.023700714111328,121600.0,CWH
2016-11-17,12.300000190734865,12.489999771118164,12.289999961853027,12.479999542236328,12.479999542236328,187700.0,CWST
2016-11-17,34.450000762939446,34.84999847412109,34.200000762939446,34.299999237060554,32.39589691162109,157000.0,CWT
2016-11-17,7.384615421295166,7.721153736114503,7.384615421295166,7.711538314819336,7.51742696762085,25138300.0,CX
2016-11-17,4.550000190734863,4.610000133514403,4.400000095367432,4.599999904632568,4.599999904632568,7500.0,CXDC
2016-11-17,4.829999923706055,4.8400001525878915,4.789999961853027,4.809999942779541,4.005809783935547,60500.0,CXE
2016-11-17,9.380000114440918,9.40999984741211,9.31999969482422,9.31999969482422,7.957587718963622,35900.0,CXH
2016-11-17,133.44999694824222,135.99000549316406,129.8800048828125,130.44000244140622,129.3016357421875,1207600.0,CXO
2016-11-17,21.38999938964844,21.6200008392334,21.13999938964844,21.15999984741211,18.457496643066406,420900.0,CXP
2016-11-17,20.600000381469727,20.739999771118164,19.790000915527344,19.8700008392334,14.789470672607422,2559200.0,CXW
2016-11-17,10.710000038146973,10.81999969482422,10.670000076293944,10.739999771118164,9.752124786376953,3870400.0,CY
2016-11-17,18.399999618530273,18.399999618530273,18.399999618530273,18.399999618530273,18.399999618530273,0.0,CYAD
2016-11-17,3.9800000190734863,3.9800000190734863,3.9800000190734863,3.9800000190734863,3.9800000190734863,400.0,CYAN
2016-11-17,29.35000038146973,29.899999618530273,28.5,29.60000038146973,29.60000038146973,125500.0,CYBE
2016-11-17,54.88999938964844,55.0,53.52999877929688,54.459999084472656,54.459999084472656,647200.0,CYBR
2016-11-17,3.619999885559082,5.4099998474121085,3.369999885559082,5.380000114440918,5.380000114440918,857500.0,CYCC
2016-11-17,6.519999980926514,7.0,6.519999980926514,6.980000019073486,5.066179275512695,1300.0,CYCCP
2016-11-17,11.979999542236328,12.029999732971193,11.550000190734865,11.550000190734865,9.367653846740724,50500.0,CYD
2016-11-17,5.5,5.829999923706055,5.46999979019165,5.489999771118164,5.489999771118164,4243800.0,CYH
2016-11-17,26.70000076293945,27.11000061035156,26.65999984741211,26.93000030517578,8.954590797424316,179200.0,CYOU
2016-11-17,2.200000047683716,2.200000047683716,2.1700000762939453,2.200000047683716,2.200000047683716,35600.0,CYRN
2016-11-17,2.2699999809265137,2.6700000762939453,2.2699999809265137,2.549999952316284,2.549999952316284,78500.0,CYRX
2016-11-17,11.199999809265137,11.199999809265137,10.800000190734863,11.100000381469727,11.100000381469727,240200.0,CYTK
2016-11-17,23.459999084472656,23.709999084472656,22.959999084472656,23.68000030517578,20.56492805480957,25700.0,CZNC
2016-11-17,7.050000190734862,7.199999809265138,6.8499999046325675,6.9000000953674325,6.9000000953674325,993000.0,CZR
2016-11-17,11.34000015258789,11.34000015258789,11.140000343322754,11.170000076293944,10.502033233642578,600.0,CZWI
2016-11-17,7.019999980926514,7.079999923706055,6.940000057220459,6.980000019073486,6.856549263000487,2483500.0,CZZ
2016-11-17,70.7699966430664,71.52999877929688,70.68000030517578,71.02999877929688,61.000343322753906,2766400.0,D
2016-11-17,55.29999923706055,56.0,38.5,45.5,45.5,36800.0,DAC
2016-11-17,4.179999828338623,4.190000057220459,4.150000095367432,4.190000057220459,4.190000057220459,4000.0,DAIO
2016-11-17,9.260000228881836,9.5,9.260000228881836,9.479999542236328,8.481348037719728,111400.0,DAKT
2016-11-17,47.40999984741211,48.52999877929688,47.209999084472656,48.5099983215332,44.82080078125,8569700.0,DAL
2016-11-17,16.530000686645508,16.579999923706055,16.379999160766598,16.559999465942386,15.57945728302002,1421600.0,DAN
2016-11-17,13.619999885559082,13.720000267028807,13.369999885559082,13.380000114440918,13.380000114440918,987600.0,DAR
2016-11-17,7.9000000953674325,8.399999618530272,7.320000171661378,7.730000019073486,7.730000019073486,36100.0,DARE
2016-11-17,15.949999809265135,16.110000610351562,15.800000190734865,16.09000015258789,15.472943305969238,6563700.0,DB
2016-11-17,24.29999923706055,24.35000038146973,23.54999923706055,24.20000076293945,23.586727142333984,1415300.0,DBD
2016-11-17,23.149999618530273,23.709999084472656,23.07999992370605,23.46999931335449,20.012544631958008,1289600.0,DBI
2016-11-17,23.190000534057614,23.59000015258789,23.13999938964844,23.20000076293945,17.80548858642578,126400.0,DBL
2016-11-17,36.25,36.72000122070313,36.22999954223633,36.5099983215332,36.5099983215332,39200.0,DBVT
2016-11-17,31.20000076293945,35.040000915527344,29.040000915527344,29.28000068664551,29.28000068664551,19200.0,DCAR
2016-11-17,4.5,4.699999809265137,4.5,4.699999809265137,3.977473735809326,300.0,DCF
2016-11-17,40.52999877929688,40.59000015258789,40.060001373291016,40.099998474121094,37.93268203735352,345900.0,DCI
2016-11-17,25.6200008392334,25.959999084472656,25.07999992370605,25.81999969482422,25.81999969482422,130200.0,DCO
2016-11-17,18.850000381469727,19.200000762939453,18.549999237060547,18.600000381469727,16.937978744506836,187000.0,DCOM
2016-11-17,33.700000762939446,34.439998626708984,32.900001525878906,33.709999084472656,24.614656448364254,404800.0,DCP
2016-11-17,75.88874053955078,76.04530334472656,75.03478240966797,75.94567108154297,70.99625396728516,2989900.0,DD
2016-11-17,14.079999923706055,14.1899995803833,13.899999618530273,14.079999923706055,14.079999923706055,1377600.0,DDD
2016-11-17,9.520000457763672,9.550000190734863,9.5,9.510000228881836,7.235457897186278,3500.0,DDF
2016-11-17,69.30000305175781,70.54000091552734,68.80999755859375,70.51000213623047,68.85311889648439,522600.0,DDS
2016-11-17,25.70000076293945,26.10000038146973,25.649999618530273,25.809999465942386,20.422475814819336,4400.0,DDT
2016-11-17,91.2699966430664,92.04000091552734,90.98999786376952,91.7699966430664,85.7764663696289,1954200.0,DE
2016-11-17,18.6299991607666,18.850000381469727,18.57999992370605,18.600000381469727,15.580178260803224,127400.0,DEA
2016-11-17,61.31999969482422,62.58000183105469,60.61999893188477,62.52999877929688,62.52999877929688,477700.0,DECK
2016-11-17,34.889999389648445,35.86999893188477,34.889999389648445,35.52000045776367,32.36212539672852,1419200.0,DEI
2016-11-17,28.001108169555664,28.87596893310547,27.96234703063965,28.682170867919922,28.682170867919922,2902200.0,DELL
2016-11-17,12.210000038146973,12.369999885559082,12.140000343322756,12.149999618530273,12.149999618530273,282200.0,DENN
2016-11-17,102.29000091552734,102.6999969482422,102.12000274658205,102.41000366210938,94.35769653320312,1162600.0,DEO
2016-11-17,9.399999618530273,9.4399995803833,9.359999656677246,9.40999984741211,6.928413391113281,51000.0,DEX
2016-11-17,60.599998474121094,60.599998474121094,60.599998474121094,60.599998474121094,60.599998474121094,0.0,DFFN
2016-11-17,20.700000762939453,21.3799991607666,20.700000762939453,21.190000534057614,21.190000534057614,290100.0,DFIN
2016-11-17,23.020000457763672,23.28000068664551,22.770000457763672,22.88999938964844,17.769575119018555,187600.0,DFP
2016-11-17,65.30000305175781,66.13999938964844,65.13999938964844,66.01000213623047,61.69432830810547,2844200.0,DFS
2016-11-17,69.63999938964844,69.63999938964844,69.63999938964844,69.63999938964844,69.63999938964844,0.0,DFVL
2016-11-17,29.93000030517578,29.93000030517578,29.18000030517578,29.229999542236328,29.229999542236328,1600.0,DFVS
2016-11-17,76.48999786376953,76.98999786376953,75.94000244140625,76.91000366210938,74.1136703491211,3201100.0,DG
2016-11-17,810.0,828.0,778.0,815.0,815.0,106500.0,DGAZ
2016-11-17,16.09000015258789,16.200000762939453,15.899999618530273,16.079999923706055,14.17898178100586,24500.0,DGICA
2016-11-17,17.899999618530273,17.899999618530273,17.899999618530273,17.899999618530273,15.882853507995605,0.0,DGICB
2016-11-17,13.449999809265135,13.550000190734865,13.449999809265135,13.5,13.5,444100.0,DGII
2016-11-17,53.9000015258789,55.91999816894531,53.5,55.02000045776367,55.02000045776367,52700.0,DGLD
2016-11-17,5.25,5.300000190734863,5.150000095367432,5.150000095367432,5.150000095367432,20900.0,DGLY
2016-11-17,22.93000030517578,23.1200008392334,22.440000534057614,22.690000534057614,22.690000534057614,27300.0,DGP
2016-11-17,84.73999786376953,85.88999938964844,84.58000183105469,85.79000091552734,79.9323959350586,1336300.0,DGX
2016-11-17,14.4399995803833,14.579999923706055,14.380000114440918,14.520000457763672,14.520000457763672,25100.0,DGZ
2016-11-17,18.3700008392334,18.38999938964844,17.760000228881836,17.850000381469727,17.52669906616211,1685900.0,DHC
2016-11-17,23.51000022888184,24.239999771118164,23.51000022888184,23.75,19.615694046020508,20700.0,DHCNI
2016-11-17,3.1800000667572017,3.220000028610229,3.1800000667572017,3.2100000381469727,2.3789281845092773,293700.0,DHF
2016-11-17,28.270000457763672,28.989999771118164,28.229999542236328,28.56999969482422,27.328205108642575,4667800.0,DHI
2016-11-17,200.0,203.7400054931641,198.7400054931641,200.92999267578125,169.1240692138672,15700.0,DHIL
2016-11-17,80.2699966430664,80.44999694824219,79.93000030517578,79.97000122070312,78.34231567382812,2868900.0,DHR
2016-11-17,3.990000009536743,4.0300002098083505,3.7200000286102295,3.7899999618530273,3.2412657737731934,2038100.0,DHT
2016-11-17,6.25,6.429999828338622,6.199999809265138,6.199999809265138,6.199999809265138,180200.0,DHX
2016-11-17,2.390000104904175,2.4100000858306885,2.380000114440918,2.400000095367432,1.7588388919830322,303600.0,DHY
2016-11-17,14.600000381469727,14.75,14.5600004196167,14.729999542236328,11.659536361694336,125900.0,DIAX
2016-11-17,85.0999984741211,85.83999633789062,84.01000213623047,84.70999908447266,68.91006469726561,192700.0,DIN
2016-11-17,22.979999542236328,23.57999992370605,22.95000076293945,23.51000022888184,23.51000022888184,98600.0,DIOD
2016-11-17,99.0500030517578,99.5,98.2699966430664,99.37000274658205,94.43096923828124,8662600.0,DIS
2016-11-17,27.5,28.170000076293945,27.45000076293945,28.03000068664551,28.03000068664551,3577800.0,DISCA
2016-11-17,26.45000076293945,26.45000076293945,26.45000076293945,26.45000076293945,26.45000076293945,0.0,DISCB
2016-11-17,26.60000038146973,27.229999542236328,26.51000022888184,27.09000015258789,27.09000015258789,1690400.0,DISCK
2016-11-17,54.4000015258789,55.77999877929688,54.4000015258789,55.65999984741211,55.65999984741211,1637500.0,DISH
2016-11-17,93.47000122070312,93.8499984741211,92.1500015258789,93.8499984741211,90.2712173461914,400.0,DIT
2016-11-17,28.34000015258789,28.34000015258789,28.34000015258789,28.34000015258789,28.34000015258789,0.0,DIVC
2016-11-17,15.100000381469727,15.100000381469727,14.9399995803833,14.949999809265135,14.949999809265135,14300.0,DJCI
2016-11-17,224.3600006103516,226.8500061035156,221.8000030517578,224.58999633789062,224.58999633789062,2000.0,DJCO
2016-11-17,22.82999992370605,22.85000038146973,22.59000015258789,22.6299991607666,22.6299991607666,192500.0,DJP
2016-11-17,18.8799991607666,19.59000015258789,18.8799991607666,19.520000457763672,17.579267501831055,1405900.0,DK
2016-11-17,25.20000076293945,25.399999618530273,24.649999618530273,25.0,18.16017341613769,58200.0,DKL
2016-11-17,58.0,58.79999923706055,57.36999893188477,58.77999877929688,53.11519241333008,2611400.0,DKS
2016-11-17,13.390000343322756,13.399999618530273,13.210000038146973,13.300000190734865,11.130056381225586,11300.0,DL
2016-11-17,19.149999618530273,19.899999618530273,19.149999618530273,19.56999969482422,19.56999969482422,17700.0,DLA
2016-11-17,47.34000015258789,47.599998474121094,47.0099983215332,47.209999084472656,45.50461196899414,416000.0,DLB
2016-11-17,5.329999923706055,5.329999923706055,4.769999980926514,4.800000190734863,4.800000190734863,8700.0,DLHC
2016-11-17,14.40999984741211,14.449999809265135,14.0,14.100000381469727,10.6693115234375,90200.0,DLNG
2016-11-17,66.47000122070311,68.13999938964844,65.5,68.05000305175781,65.65830993652344,1993600.0,DLPH
2016-11-17,12.0,12.0,12.0,12.0,12.0,0.0,DLPN
2016-11-17,89.11000061035156,89.79000091552734,86.19000244140625,87.54000091552734,77.46277618408203,1985500.0,DLR
2016-11-17,31.60000038146973,32.81999969482422,31.209999084472656,32.779998779296875,32.779998779296875,112700.0,DLTH
2016-11-17,79.81999969482422,81.93000030517578,79.7300033569336,81.6500015258789,81.6500015258789,3448200.0,DLTR
2016-11-17,66.58999633789061,67.19000244140625,66.05000305175781,67.0,62.44607543945313,568000.0,DLX
2016-11-17,2.5999999046325684,2.5999999046325684,2.5,2.5,2.5,1000.0,DMAC
2016-11-17,12.399999618530273,12.4399995803833,12.199999809265135,12.270000457763672,10.422822952270508,108500.0,DMB
2016-11-17,8.670000076293945,8.670000076293945,8.560000419616701,8.590000152587889,7.226320266723633,29000.0,DMF
2016-11-17,15.949999809265135,16.319999694824222,15.550000190734865,15.949999809265135,11.8303861618042,34100.0,DMLP
2016-11-17,22.36000061035156,22.520000457763672,21.899999618530273,21.899999618530273,14.289508819580078,54300.0,DMO
2016-11-17,41.400001525878906,45.0,40.29999923706055,40.29999923706055,40.29999923706055,1400.0,DMPI
2016-11-17,29.29999923706055,29.35000038146973,29.04999923706055,29.10000038146973,29.10000038146973,63100.0,DMRC
2016-11-17,11.289999961853027,11.470000267028807,11.289999961853027,11.4399995803833,9.254549026489258,16100.0,DNI
2016-11-17,49.68999862670898,50.34000015258789,49.6500015258789,49.90999984741211,46.543312072753906,822500.0,DNKN
2016-11-17,0.4699999988079071,0.479999989271164,0.4600000083446503,0.479999989271164,0.479999989271164,414300.0,DNN
2016-11-17,20.0,20.229999542236328,19.63999938964844,19.700000762939453,19.700000762939453,544800.0,DNOW
2016-11-17,9.960000038146973,10.029999732971193,9.960000038146973,10.010000228881836,7.898368835449219,252200.0,DNP
2016-11-17,3.039999961853028,3.0899999141693115,2.9600000381469727,3.0,3.0,8327200.0,DNR
2016-11-17,17.09000015258789,17.260000228881836,16.709999084472653,16.809999465942386,16.809999465942386,1486000.0,DO
2016-11-17,18.06999969482422,18.25,17.809999465942386,17.84000015258789,14.809741020202635,819000.0,DOC
2016-11-17,16.700000762939453,16.700000762939453,16.700000762939453,16.700000762939453,16.34400749206543,300.0,DOOO
2016-11-17,67.59999847412111,68.09999847412111,67.09999847412111,67.15000152587889,67.15000152587889,286700.0,DOOR
2016-11-17,69.55000305175781,69.63999938964844,68.76999664306639,68.97000122070311,68.97000122070311,157200.0,DORM
2016-11-17,57.10823822021485,57.33441162109375,56.50242233276367,56.6558952331543,52.2069206237793,1429600.0,DOV
2016-11-17,56.83000183105469,58.18999862670898,56.83000183105469,58.06000137329102,54.831993103027344,706900.0,DOX
2016-11-17,14.649999618530273,14.920000076293945,14.649999618530273,14.789999961853027,10.614449501037598,142600.0,DPG
2016-11-17,568.0,576.0,552.0,552.0,552.0,0.0,DPW
2016-11-17,161.58999633789062,162.5,160.39999389648438,161.57000732421875,156.35888671875,601100.0,DPZ
2016-11-17,22.809999465942386,23.31999969482422,22.489999771118164,22.6299991607666,22.6299991607666,58500.0,DQ
2016-11-17,45.5,47.5,45.0,47.0,40.80337524414063,3900.0,DRAD
2016-11-17,4.46999979019165,4.599999904632568,4.2800002098083505,4.389999866485597,4.069411754608153,386200.0,DRD
2016-11-17,23.979999542236328,24.21999931335449,23.57999992370605,23.729999542236328,21.017597198486328,2840900.0,DRE
2016-11-17,10.510000228881836,10.550000190734863,10.199999809265137,10.220000267028807,8.787792205810549,1909700.0,DRH
2016-11-17,71.5199966430664,72.55999755859375,70.97000122070312,72.47000122070312,65.52541351318361,2041100.0,DRI
2016-11-17,3.0840001106262207,3.0840001106262207,2.8199999332427983,2.9059998989105225,2.9059998989105225,11500.0,DRIO
2016-11-17,3.650000095367432,4.309000015258788,3.630000114440918,4.239999771118163,4.239999771118163,726800.0,DRNA
2016-11-17,53.70000076293945,54.5,53.68000030517578,54.0,54.0,620100.0,DRQ
2016-11-17,62.2400016784668,62.47000122070313,61.72000122070313,62.459999084472656,62.459999084472656,7900.0,DRR
2016-11-17,1.4199999570846558,1.4500000476837158,1.3799999952316284,1.399999976158142,1.399999976158142,446200.0,DRRX
2016-11-17,4.4079999923706055,4.4079999923706055,4.4079999923706055,4.4079999923706055,4.4079999923706055,0.0,DRTT
2016-11-17,22.79999923706055,22.79999923706055,22.100000381469727,22.21999931335449,19.240535736083984,286500.0,DRUA
2016-11-17,4.579999923706055,4.599999904632568,4.510000228881836,4.559999942779541,4.4347825050354,128900.0,DS
2016-11-17,7.320000171661378,7.440000057220459,7.289999961853027,7.289999961853027,4.823936462402344,59300.0,DSE
2016-11-17,22.100000381469727,22.5,22.100000381469727,22.399999618530273,22.399999618530273,53800.0,DSGX
2016-11-17,9.859999656677246,9.859999656677246,9.782999992370604,9.859999656677246,9.859999656677246,27500.0,DSKE
2016-11-17,18.030000686645508,18.290000915527344,17.940000534057614,17.989999771118164,13.356194496154785,553600.0,DSL
2016-11-17,27.690000534057614,29.70000076293945,27.3700008392334,29.170000076293945,29.170000076293945,185100.0,DSLV
2016-11-17,8.050000190734862,8.079999923706055,7.989999771118164,8.010000228881836,6.6586666107177725,80100.0,DSM
2016-11-17,12.050000190734865,12.25,12.0,12.149999618530273,12.149999618530273,57300.0,DSPG
2016-11-17,0.5410000085830688,0.7300000190734863,0.4900000095367432,0.7300000190734863,0.7300000190734863,304800.0,DSS
2016-11-17,10.640000343322754,10.789999961853027,10.640000343322754,10.789999961853027,8.399858474731445,249800.0,DSU
2016-11-17,1.7200000286102295,1.8400000333786009,1.7200000286102295,1.7799999713897705,1.5175873041152954,56800.0,DSWL
2016-11-17,4.239999771118163,4.269999980926514,3.3399999141693115,3.400000095367432,3.400000095367432,4804200.0,DSX
2016-11-17,91.5500030517578,92.30999755859376,91.37000274658205,91.68000030517578,80.45232391357422,723500.0,DTE
2016-11-17,10.399999618530273,10.649999618530273,10.399999618530273,10.449999809265137,10.449999809265137,83500.0,DTEA
2016-11-17,14.479999542236328,14.529999732971193,14.380000114440918,14.4399995803833,12.45101261138916,18300.0,DTF
2016-11-17,23.28000068664551,23.51000022888184,23.0,23.0,19.85107421875,78500.0,DTJ
2016-11-17,131.08000183105472,139.44000244140622,131.08000183105472,139.44000244140622,139.44000244140622,12500.0,DTO
2016-11-17,7202.97021484375,7202.97021484375,7202.97021484375,7202.97021484375,7093.33251953125,0.0,DTP
2016-11-17,24.3700008392334,25.690000534057614,24.20000076293945,25.5,25.5,14800.0,DTQ
2016-11-17,63.77000045776367,63.77000045776367,63.77000045776367,63.77000045776367,63.77000045776367,0.0,DTUL
2016-11-17,30.78000068664551,31.35000038146973,30.78000068664551,31.35000038146973,31.35000038146973,28100.0,DTUS
2016-11-17,81.80000305175781,81.80000305175781,81.80000305175781,81.80000305175781,81.80000305175781,0.0,DTYL
2016-11-17,9.199999809265137,9.199999809265137,9.15999984741211,9.170000076293944,7.622496604919434,46200.0,DUC
2016-11-17,73.95999908447266,74.5,73.75,73.87000274658203,64.24354553222656,4460100.0,DUK
2016-11-17,24.78000068664551,24.78000068664551,24.31999969482422,24.559999465942386,21.61953353881836,52600.0,DUKH
2016-11-17,3.829999923706055,3.829999923706055,3.829999923706055,3.829999923706055,3.829999923706055,0.0,DUO
2016-11-17,36.75,36.75,36.75,36.75,36.75,2.0,DUOT
2016-11-17,60.4000015258789,62.08000183105469,60.38999938964844,61.9900016784668,61.9900016784668,2497800.0,DVA
2016-11-17,4.599999904632568,4.599999904632568,4.300000190734863,4.5,4.5,2111500.0,DVAX
2016-11-17,2.400000095367432,2.4100000858306885,2.3499999046325684,2.3499999046325684,2.058662414550781,800.0,DVD
2016-11-17,44.36999893188477,44.68999862670898,42.75,42.86999893188477,41.07157516479492,6041600.0,DVN
2016-11-17,7.657142639160156,7.761904716491699,7.247619152069093,7.295238018035889,7.295238018035889,38600.0,DWSN
2016-11-17,20.459999084472656,20.63999938964844,20.25,20.34000015258789,16.381620407104492,56700.0,DX
2016-11-17,23.459999084472656,23.5,23.32999992370605,23.5,18.71966361999512,69800.0,DXB
2016-11-17,53.28719711303711,54.02249145507813,53.15744018554688,53.93598556518555,50.74186325073242,2106500.0,DXC
2016-11-17,70.62999725341797,73.0999984741211,70.62999725341797,72.01000213623047,72.01000213623047,668700.0,DXCM
2016-11-17,4.460400104522705,4.723499774932861,4.320000171661377,4.53000020980835,4.53000020980835,21602.0,DXF
2016-11-17,4.949999809265137,4.949999809265137,4.699999809265137,4.849999904632568,4.849999904632568,52700.0,DXLG
2016-11-17,29.84000015258789,29.84000015258789,28.290000915527344,28.75,28.75,269400.0,DXPE
2016-11-17,9.75,9.800000190734863,9.449999809265137,9.510000228881836,9.350309371948242,2000.0,DXR
2016-11-17,3.4600000381469727,4.0,3.400000095367432,3.7000000476837163,3.7000000476837163,39300.0,DXYN
2016-11-17,90.3000030517578,91.55999755859376,89.37000274658203,91.51000213623048,91.51000213623048,491600.0,DY
2016-11-17,1.6699999570846558,1.6799999475479126,1.6499999761581419,1.6699999570846558,1.6699999570846558,370000.0,DYAI
2016-11-17,2.75,2.75,2.75,2.75,2.75,4000.0,DYNT
2016-11-17,5.75,6.0,5.599999904632568,5.949999809265138,5.949999809265138,22000.0,DZSI
2016-11-17,6.119999885559082,6.260000228881836,6.0999999046325675,6.199999809265138,6.199999809265138,156700.0,DZZ
2016-11-17,26.70000076293945,26.940000534057614,26.56999969482422,26.59000015258789,22.53267478942871,462000.0,E
2016-11-17,78.76000213623047,80.16999816894531,78.54000091552734,79.62000274658203,79.62000274658203,2642700.0,EA
2016-11-17,24.61000061035156,24.90999984741211,24.1299991607666,24.56999969482422,20.65678596496582,16100.0,EAB
2016-11-17,7.889999866485597,7.920000076293945,7.869999885559082,7.880000114440918,5.919758796691895,179200.0,EAD
2016-11-17,23.75,24.020000457763672,23.43000030517578,23.489999771118164,19.79722213745117,17700.0,EAE
2016-11-17,75.36000061035156,75.36000061035156,75.36000061035156,75.36000061035156,75.36000061035156,0.0,EAI
2016-11-17,12.630000114440918,12.720000267028807,12.609999656677244,12.6899995803833,8.297743797302246,22000.0,EARN
2016-11-17,242.0,244.0,236.0,244.0,244.0,400.0,EARS
2016-11-17,54.540000915527344,54.88999938964844,53.6500015258789,54.0099983215332,47.50141143798828,1542900.0,EAT
2016-11-17,28.3700008392334,28.920000076293945,28.35000038146973,28.8700008392334,28.31057357788086,8908400.0,EBAY
2016-11-17,25.63999938964844,25.649999618530273,25.31999969482422,25.54999923706055,21.24001693725586,113400.0,EBAYL
2016-11-17,16.399999618530273,16.5,16.049999237060547,16.100000381469727,14.02597427368164,88400.0,EBF
2016-11-17,59.0,60.20000076293945,58.75,60.1500015258789,58.94007110595703,275600.0,EBIX
2016-11-17,17.649999618530273,18.0,17.600000381469727,17.899999618530273,16.819768905639652,19200.0,EBMT
2016-11-17,6.429999828338622,6.670000076293945,6.3400001525878915,6.420000076293945,6.245447635650635,116500.0,EBR
2016-11-17,29.46999931335449,29.920000076293945,29.21999931335449,29.86000061035156,29.86000061035156,338200.0,EBS
2016-11-17,17.350000381469727,17.600000381469727,17.350000381469727,17.549999237060547,16.767303466796875,231500.0,EBSB
2016-11-17,31.38999938964844,32.400001525878906,30.479999542236328,32.169998168945305,30.29034423828125,21100.0,EBTC
2016-11-17,8.350000381469728,8.390000343322754,8.109999656677246,8.149999618530272,7.467629432678223,1113200.0,EC
2016-11-17,17.360000610351562,17.81999969482422,17.360000610351562,17.649999618530273,10.859769821166992,84100.0,ECC
2016-11-17,25.440000534057614,25.690000534057614,25.440000534057614,25.690000534057614,20.063390731811523,5400.0,ECCB
2016-11-17,7.96999979019165,8.050000190734862,7.889999866485597,7.980000019073486,6.5960426330566415,21800.0,ECF
2016-11-17,25.95000076293945,26.149999618530273,25.75,25.899999618530273,25.899999618530273,185100.0,ECHO
2016-11-17,114.63999938964844,114.87999725341795,114.12000274658205,114.83000183105469,110.50181579589844,759500.0,ECL
2016-11-17,44.95000076293945,45.849998474121094,42.650001525878906,42.79999923706055,41.07708740234375,195600.0,ECOL
2016-11-17,13.75,14.25,13.5,13.949999809265135,13.949999809265135,103300.0,ECOM
2016-11-17,26.45000076293945,27.04999923706055,25.8799991607666,26.649999618530273,26.649999618530273,618600.0,ECPG
2016-11-17,2.0999999046325684,2.25,2.0999999046325684,2.150000095367432,1.372225046157837,87500.0,ECT
2016-11-17,69.61000061035156,70.41000366210938,69.58000183105469,70.04000091552734,62.4855842590332,1152700.0,ED
2016-11-17,3.5999999046325684,3.5999999046325684,3.2999999523162837,3.3499999046325684,3.3499999046325684,284000.0,EDAP
2016-11-17,7.199999809265138,7.28000020980835,7.179999828338622,7.199999809265138,5.333856105804443,284900.0,EDD
2016-11-17,14.149999618530273,14.390000343322756,14.039999961853027,14.039999961853027,8.453911781311035,94200.0,EDF
2016-11-17,13.149999618530273,13.3100004196167,13.029999732971193,13.1899995803833,8.387402534484862,63200.0,EDI
2016-11-17,15.510000228881836,16.040000915527347,15.510000228881836,15.65999984741211,15.65999984741211,204900.0,EDIT
2016-11-17,25.489999771118164,25.70000076293945,24.84000015258789,25.65999984741211,25.65999984741211,22000.0,EDN
2016-11-17,84.0,86.0999984741211,84.0,84.41999816894531,84.41999816894531,200.0,EDSA
2016-11-17,48.7400016784668,49.86999893188477,48.63999938964844,49.540000915527344,49.26730346679688,933300.0,EDU
2016-11-17,4.375,4.510000228881836,4.224999904632568,4.25,3.911484479904175,52800.0,EDUC
2016-11-17,44.599998474121094,44.900001525878906,44.150001525878906,44.20000076293945,40.553138732910156,217900.0,EE
2016-11-17,7.28000020980835,7.289999961853027,7.260000228881836,7.28000020980835,6.7951297760009775,4200.0,EEA
2016-11-17,76.33000183105469,76.55999755859375,75.69999694824219,76.05000305175781,76.05000305175781,454000.0,EEFT
2016-11-17,15.800000190734865,15.800000190734865,15.770000457763672,15.800000190734865,15.800000190734865,2500.0,EEH
2016-11-17,16.209999084472653,16.319999694824222,16.200000762939453,16.260000228881836,10.770784378051758,34400.0,EFC
2016-11-17,16.079999923706055,16.079999923706055,15.920000076293945,16.049999237060547,12.979325294494627,24200.0,EFF
2016-11-17,4.9099998474121085,5.150000095367432,4.900000095367432,4.960000038146973,4.960000038146973,104500.0,EFOI
2016-11-17,14.550000190734865,14.640000343322756,14.520000457763672,14.550000190734865,11.52920150756836,152400.0,EFR
2016-11-17,37.349998474121094,38.0,37.20000076293945,37.5,35.8912467956543,112800.0,EFSC
2016-11-17,14.850000381469727,14.850000381469727,14.770000457763672,14.789999961853027,11.855904579162598,243000.0,EFT
2016-11-17,120.0,122.41000366210938,119.26000213623048,121.80999755859376,116.6779556274414,1232700.0,EFX
2016-11-17,2.4800000190734863,2.549999952316284,2.400000095367432,2.5,2.5,4500.0,EGAN
2016-11-17,54.04999923706055,54.5,52.45000076293945,54.25,53.50537490844727,85300.0,EGBN
2016-11-17,13.479999542236328,13.550000190734865,13.449999809265135,13.449999809265135,11.868066787719727,13400.0,EGF
2016-11-17,15.149999618530273,15.5,15.050000190734865,15.100000381469727,15.100000381469727,474400.0,EGHT
2016-11-17,15.649999618530273,15.734999656677244,15.649999618530273,15.663000106811525,12.761419296264648,16500.0,EGIF
2016-11-17,9.5,9.800000190734863,6.610000133514403,7.110000133514403,7.110000133514403,3276800.0,EGLE
2016-11-17,14.350000381469727,14.550000190734865,13.350000381469727,13.75,13.678632736206055,1364600.0,EGO
2016-11-17,25.0,25.5,24.649999618530273,24.70000076293945,23.23466873168945,339600.0,EGOV
2016-11-17,65.91000366210939,67.01000213623047,65.66000366210939,65.86000061035156,59.586143493652344,193200.0,EGP
2016-11-17,76.37999725341797,78.5,75.16000366210938,78.18000030517578,78.18000030517578,275900.0,EGRX
2016-11-17,0.718999981880188,0.7300000190734863,0.7049999833106995,0.7049999833106995,0.7049999833106995,88200.0,EGY
2016-11-17,40.540000915527344,41.16999816894531,40.29999923706055,40.86000061035156,38.2943229675293,1443100.0,EHC
2016-11-17,9.260000228881836,9.300000190734863,9.25,9.270000457763672,7.052683353424072,238300.0,EHI
2016-11-17,10.0,10.017000198364258,9.942999839782717,9.95699977874756,8.308143615722656,30500.0,EHT
2016-11-17,9.90999984741211,10.0,9.829999923706056,9.84000015258789,9.84000015258789,169400.0,EHTH
2016-11-17,433.7019958496094,438.2080078125,432.57501220703125,433.7019958496094,433.7019958496094,324.0,EIC
2016-11-17,34.09999847412109,34.59999847412109,33.84999847412109,33.950000762939446,31.96598052978516,108500.0,EIG
2016-11-17,7.300000190734862,7.4000000953674325,7.050000190734862,7.050000190734862,7.050000190734862,469400.0,EIGI
2016-11-17,12.550000190734865,12.899999618530273,12.399999618530273,12.800000190734865,12.800000190734865,40200.0,EIGR
2016-11-17,12.449999809265135,12.489999771118164,12.25,12.31999969482422,10.41550350189209,238500.0,EIM
2016-11-17,68.63999938964844,69.48999786376953,68.63999938964844,68.69000244140625,60.29608154296875,1571200.0,EIX
2016-11-17,60.29999923706055,61.79999923706055,60.0,61.5,61.5,6800.0,EKSO
2016-11-17,77.4800033569336,78.58999633789062,76.83999633789062,78.11000061035156,74.9159927368164,2315400.0,EL
2016-11-17,26074.80078125,26729.0,25981.30078125,25981.30078125,25981.30078125,216685.0,ELC
2016-11-17,29.489999771118164,29.78000068664551,29.0,29.36000061035156,29.36000061035156,178800.0,ELF
2016-11-17,76.80000305175781,78.30000305175781,72.69999694824219,78.0999984741211,78.0999984741211,442400.0,ELGX
2016-11-17,7.6500000953674325,7.6599998474121085,7.309999942779541,7.309999942779541,7.309999942779541,2100.0,ELLO
2016-11-17,4.0,4.5,3.9800000190734863,4.320000171661377,4.320000171661377,190400.0,ELMD
2016-11-17,3.2000000476837163,3.2000000476837163,2.200000047683716,3.2000000476837163,3.2000000476837163,0.0,ELOX
2016-11-17,8.359999656677246,8.449999809265138,8.029999732971191,8.039999961853027,6.628495216369629,920600.0,ELP
2016-11-17,34.10499954223633,34.36999893188477,33.5,33.525001525878906,29.20384407043457,689800.0,ELS
2016-11-17,3.4600000381469727,3.539999961853028,3.4600000381469727,3.539999961853028,3.539999961853028,2600.0,ELSE
2016-11-17,4.300000190734863,4.800000190734863,4.300000190734863,4.349999904632568,4.349999904632568,5400.0,ELTK
2016-11-17,23.90999984741211,23.920000076293945,23.29999923706055,23.35000038146973,19.68299674987793,21300.0,ELU
2016-11-17,12.09000015258789,12.270000457763672,12.09000015258789,12.229999542236328,12.120436668395994,590500.0,ELY
2016-11-17,2.150000095367432,2.299999952316284,2.150000095367432,2.200000047683716,2.200000047683716,49500.0,EMAN
2016-11-17,25.5,25.5,25.489999771118164,25.5,22.458927154541016,2500.0,EMCF
2016-11-17,14.59000015258789,14.600000381469727,14.479999542236328,14.489999771118164,11.061002731323242,352800.0,EMD
2016-11-17,70.81999969482422,71.2300033569336,70.22000122070311,70.4800033569336,69.49724578857422,470200.0,EME
2016-11-17,11.880000114440918,11.920000076293945,11.699999809265135,11.8100004196167,9.900046348571776,31000.0,EMF
2016-11-17,6.6500000953674325,6.6500000953674325,6.550000190734862,6.5999999046325675,6.5999999046325675,109400.0,EMKR
2016-11-17,20.11000061035156,20.25,19.25,19.5,18.457447052001953,6600.0,EML
2016-11-17,3.2142856121063232,3.2800750732421875,3.1390976905822754,3.195488691329956,3.195488691329956,49400.0,EMMS
2016-11-17,74.44000244140625,74.73999786376953,73.76000213623047,74.47000122070312,67.06919097900389,1130100.0,EMN
2016-11-17,12.859999656677244,12.979999542236328,12.670000076293945,12.720000267028807,8.924385070800781,88300.0,EMO
2016-11-17,7.1500000953674325,7.1500000953674325,7.0,7.1500000953674325,7.1500000953674325,514400.0,EMP
2016-11-17,55.099998474121094,55.36999893188477,54.59000015258789,54.70000076293945,49.68670654296875,2865500.0,EMR
2016-11-17,1.0499999523162842,1.100000023841858,0.9900000095367432,1.0299999713897705,1.0299999713897705,183000.0,EMX
2016-11-17,41.540000915527344,42.040000915527344,41.38999938964844,41.91999816894531,32.951305389404304,3092300.0,ENB
2016-11-17,16.010000228881836,16.339000701904293,15.8100004196167,15.84000015258789,11.664435386657715,69500.0,ENBL
2016-11-17,18.030000686645508,18.049999237060547,16.829999923706055,17.069999694824222,17.069999694824222,6933000.0,ENDP
2016-11-17,1.3899999856948853,1.399999976158142,1.2999999523162842,1.3700000047683716,1.3700000047683716,27500.0,ENG
2016-11-17,7.9000000953674325,7.980000019073486,7.800000190734862,7.860000133514403,7.034405708312987,711500.0,ENIA
2016-11-17,4.550000190734863,4.610000133514403,4.429999828338623,4.440000057220459,3.857358694076538,338100.0,ENIC
2016-11-17,23.31999969482422,24.0,23.31999969482422,23.81999969482422,19.94276237487793,2000.0,ENJ
2016-11-17,17.049999237060547,17.649999618530273,17.0,17.450000762939453,13.22137451171875,1198100.0,ENLC
2016-11-17,58.11999893188477,61.599998474121094,58.11999893188477,61.599998474121094,61.599998474121094,200.0,ENLV
2016-11-17,25.209999084472656,25.209999084472656,24.26000022888184,24.70000076293945,22.476200103759766,12600.0,ENO
2016-11-17,1.1100000143051147,1.149999976158142,1.1100000143051147,1.1299999952316284,1.1299999952316284,222300.0,ENPH
2016-11-17,43.79999923706055,44.0,42.2400016784668,42.36999893188477,38.93770980834961,851000.0,ENR
2016-11-17,77.5,77.62000274658203,76.58999633789062,76.98999786376953,74.3635025024414,285100.0,ENS
2016-11-17,20.02806282043457,20.39289093017578,20.009353637695312,20.252573013305664,19.826997756958008,150100.0,ENSG
2016-11-17,0.6000000238418579,0.6060000061988831,0.5799999833106995,0.6000000238418579,0.6000000238418579,78800.0,ENSV
2016-11-17,7.119999885559082,7.25,7.0,7.059999942779541,7.059999942779541,353200.0,ENT
2016-11-17,30.70000076293945,31.20000076293945,30.3799991607666,31.01000022888184,31.01000022888184,145600.0,ENTA
2016-11-17,18.299999237060547,18.450000762939453,18.0,18.350000381469727,17.988067626953125,631400.0,ENTG
2016-11-17,37.04999923706055,38.20000076293945,36.900001525878906,37.900001525878906,37.900001525878906,211300.0,ENV
2016-11-17,11.550000190734865,11.824999809265135,11.550000190734865,11.600000381469727,11.600000381469727,363300.0,ENVA
2016-11-17,12.3100004196167,12.350000381469727,12.229999542236328,12.239999771118164,10.412677764892578,30000.0,ENX
2016-11-17,6.949999809265138,7.0900001525878915,6.869999885559082,6.880000114440918,6.880000114440918,135800.0,ENZ
2016-11-17,5.21999979019165,5.260000228881836,5.190000057220459,5.210000038146973,3.6476993560791016,347000.0,EOD
2016-11-17,96.0999984741211,96.58000183105469,92.04000091552734,92.33999633789062,89.76039123535156,5877700.0,EOG
2016-11-17,12.229999542236328,12.25,12.15999984741211,12.210000038146973,9.489903450012207,168800.0,EOI
2016-11-17,13.100000381469727,13.229999542236328,13.09000015258789,13.210000038146973,10.391449928283693,93500.0,EOS
2016-11-17,21.020000457763672,21.09000015258789,20.700000762939453,21.01000022888184,17.51822280883789,81200.0,EOT
2016-11-17,63.13999938964844,64.08000183105469,62.81999969482422,64.06999969482422,64.06999969482422,404700.0,EPAM
2016-11-17,24.35000038146973,24.82999992370605,24.32999992370605,24.809999465942386,24.809999465942386,193800.0,EPAY
2016-11-17,81.5199966430664,81.94999694824219,80.33000183105469,80.5999984741211,80.5999984741211,494500.0,EPC
2016-11-17,25.440000534057614,25.520000457763672,25.13999938964844,25.190000534057614,20.583585739135746,3536600.0,EPD
2016-11-17,40.0,40.599998474121094,40.0,40.599998474121094,40.599998474121094,500.0,EPIX
2016-11-17,8.199999809265138,8.300000190734862,8.050000190734862,8.25,6.845518112182617,107000.0,EPM
2016-11-17,68.02999877929689,68.48000335693361,67.51999664306639,67.63999938964844,54.171875,200600.0,EPR
2016-11-17,2.1300001144409184,2.1300001144409184,2.1300001144409184,2.1300001144409184,2.1300001144409184,200.0,EPSN
2016-11-17,10.899999618530273,10.949999809265137,10.350000381469727,10.5,10.5,304100.0,EPZM
2016-11-17,0.05000000074505806,0.05000000074505806,0.05000000074505806,0.05000000074505806,0.05000000074505806,0.0,EQ
2016-11-17,30.0,30.46999931335449,29.95000076293945,30.18000030517578,30.18000030517578,11800.0,EQBK
2016-11-17,28.989999771118164,29.1299991607666,28.82999992370605,28.85000038146973,23.89556884765625,514800.0,EQC
2016-11-17,335.07000732421875,337.6000061035156,330.3399963378906,331.1400146484375,310.1876525878906,445300.0,EQIX
2016-11-17,75.12999725341797,75.29000091552734,72.51000213623047,72.83000183105469,54.09662246704102,170200.0,EQM
2016-11-17,16.420000076293945,16.610000610351562,16.280000686645508,16.309999465942386,14.024801254272461,1691200.0,EQNR
2016-11-17,59.86999893188477,60.54999923706055,58.86000061035156,58.9900016784668,52.7656364440918,1417000.0,EQR
2016-11-17,1.8899999856948853,1.9600000381469729,1.830000042915344,1.9299999475479128,1.9299999475479128,4600.0,EQS
2016-11-17,37.58845901489258,37.882415771484375,36.292869567871094,36.41807174682617,35.54787063598633,1862500.0,EQT
2016-11-17,10.93000030517578,11.06999969482422,10.43000030517578,10.489999771118164,10.489999771118164,41200.0,ERA
2016-11-17,12.18000030517578,12.25,12.100000381469727,12.100000381469727,8.795962333679201,97900.0,ERC
2016-11-17,7.5,7.639999866485597,7.25,7.28000020980835,6.908161640167236,1244000.0,ERF
2016-11-17,11.399999618530273,11.800000190734865,11.399999618530273,11.619999885559082,9.244532585144043,36200.0,ERH
2016-11-17,13.25,13.899999618530273,13.149999618530273,13.850000381469727,13.850000381469727,518500.0,ERI
2016-11-17,5.170000076293945,5.190000057220459,5.150000095367432,5.1599998474121085,4.865446090698242,5747100.0,ERIC
2016-11-17,105.13999938964844,105.97000122070312,105.13999938964844,105.70999908447266,97.5338363647461,26800.0,ERIE
2016-11-17,11.399999618530273,11.699999809265135,11.25,11.579999923706055,11.579999923706055,499100.0,ERII
2016-11-17,20.65999984741211,21.15999984741211,20.6299991607666,21.040000915527344,20.49412727355957,1041500.0,ERJ
2016-11-17,16.75,16.979999542236328,16.100000381469727,16.200000762939453,16.200000762939453,188600.0,EROS
2016-11-17,51.95000076293945,52.47000122070313,51.95000076293945,52.20000076293945,46.95038223266602,872300.0,ES
2016-11-17,19.270000457763672,19.559999465942386,19.270000457763672,19.530000686645508,17.84181785583496,1800.0,ESBA
2016-11-17,20.0,20.0,19.700000762939453,19.700000762939453,16.569961547851562,1000.0,ESBK
2016-11-17,13.800000190734865,13.800000190734865,12.109999656677244,13.649999618530273,11.811144828796387,13500.0,ESCA
2016-11-17,54.599998474121094,55.4000015258789,54.1500015258789,54.70000076293945,53.77732849121094,144900.0,ESE
2016-11-17,49.27999877929688,52.0,20.479999542236328,22.0,22.0,914000.0,ESEA
2016-11-17,205.1999969482422,205.1999969482422,198.72999572753903,199.3500061035156,199.3500061035156,35000.0,ESGR
2016-11-17,8.5,8.579999923706055,8.399999618530272,8.460000038146973,8.460000038146973,1295700.0,ESI
2016-11-17,102.8000030517578,104.79000091552734,101.5999984741211,103.69000244140624,98.4803237915039,59600.0,ESLT
2016-11-17,28.54999923706055,28.959999084472656,28.20000076293945,28.25,27.984724044799805,801200.0,ESNT
2016-11-17,27.18000030517578,27.18000030517578,27.18000030517578,27.18000030517578,23.543460845947266,300.0,ESP
2016-11-17,11.289999961853027,11.869999885559082,11.010000228881836,11.649999618530273,11.649999618530273,228500.0,ESPR
2016-11-17,19.280000686645508,19.649999618530273,19.280000686645508,19.56999969482422,17.884788513183594,546900.0,ESRT
2016-11-17,215.25999450683597,217.33999633789062,212.00999450683597,212.69000244140625,192.06761169433597,321300.0,ESS
2016-11-17,14.5,14.579999923706055,14.239999771118164,14.5600004196167,13.337974548339846,34800.0,ESSA
2016-11-17,13.579999923706055,14.06999969482422,13.387999534606935,13.68000030517578,13.68000030517578,170100.0,ESTE
2016-11-17,6.050000190734862,6.050000190734862,5.949999809265138,5.980000019073486,5.855743885040282,13900.0,ESXB
2016-11-17,16.520000457763672,16.950000762939453,16.40999984741211,16.670000076293945,13.025038719177244,5031000.0,ET
2016-11-17,17.379999160766598,17.799999237060547,17.09000015258789,17.579999923706055,13.2193021774292,127100.0,ETB
2016-11-17,33.259998321533196,34.139999389648445,32.970001220703125,34.110000610351555,33.497833251953125,3494500.0,ETFC
2016-11-17,13.970000267028807,14.079999923706055,13.949999809265135,14.039999961853027,10.745794296264648,177000.0,ETG
2016-11-17,34.049999237060554,35.049999237060554,34.049999237060554,34.5,30.816509246826172,200000.0,ETH
2016-11-17,8.829999923706055,8.949999809265137,8.829999923706055,8.949999809265137,6.295248985290527,215600.0,ETJ
2016-11-17,15.350000381469727,15.75,15.100000381469727,15.199999809265135,13.373820304870605,117700.0,ETM
2016-11-17,66.15000152587889,66.27999877929689,64.65000152587889,64.79000091552734,34.91591644287109,3407400.0,ETN
2016-11-17,20.239999771118164,20.239999771118164,20.11000061035156,20.209999084472656,14.709487915039062,54200.0,ETO
2016-11-17,67.93000030517578,68.61000061035156,67.76000213623047,68.18000030517578,59.67138290405274,1205200.0,ETR
2016-11-17,12.850000381469727,12.850000381469727,12.079999923706055,12.460000038146973,12.460000038146973,1004000.0,ETSY
2016-11-17,14.649999618530273,14.90999984741211,14.649999618530273,14.869999885559082,10.964426040649414,126700.0,ETV
2016-11-17,10.43000030517578,10.489999771118164,10.40999984741211,10.449999809265137,7.551978588104247,352700.0,ETW
2016-11-17,19.1200008392334,19.149999618530273,19.049999237060547,19.059999465942386,16.43359375,73800.0,ETX
2016-11-17,10.1899995803833,10.380000114440918,10.1899995803833,10.369999885559082,7.648860454559326,360600.0,ETY
2016-11-17,44.38000106811523,44.68999862670898,44.38000106811523,44.66999816894531,44.66999816894531,2300.0,EUFX
2016-11-17,7.550000190734862,7.6500000953674325,7.4000000953674325,7.4000000953674325,6.948330402374268,916300.0,EURN
2016-11-17,40.11999893188477,40.54999923706055,40.11999893188477,40.47999954223633,36.96548080444336,439700.0,EV
2016-11-17,26.5,26.91200065612793,26.35000038146973,26.79999923706055,20.567703247070312,74000.0,EVA
2016-11-17,15.460000038146973,16.554000854492188,15.390000343322756,16.120000839233402,16.120000839233402,205900.0,EVBG
2016-11-17,28.20000076293945,28.899999618530273,27.399999618530273,28.899999618530273,26.443714141845703,3100.0,EVBN
2016-11-17,6.949999809265138,6.949999809265138,6.550000190734862,6.5999999046325675,5.521973133087158,396400.0,EVC
2016-11-17,6.46999979019165,6.510000228881836,6.460000038146973,6.460000038146973,5.270774841308594,43100.0,EVF
2016-11-17,6.8400001525878915,8.100000381469728,6.8400001525878915,7.920000076293945,7.920000076293945,34500.0,EVFM
2016-11-17,13.199999809265135,13.359999656677244,13.1899995803833,13.220000267028807,10.50963020324707,135800.0,EVG
2016-11-17,50.0099983215332,50.0099983215332,50.0099983215332,50.0099983215332,48.1866683959961,0.0,EVGBC
2016-11-17,5.800000190734862,5.800000190734862,5.800000190734862,5.800000190734862,5.800000190734862,600.0,EVGN
2016-11-17,18.049999237060547,18.875,17.899999618530273,18.700000762939453,18.700000762939453,921400.0,EVH
2016-11-17,14.0,14.0,13.5,13.699999809265135,13.526915550231935,26900.0,EVI
2016-11-17,2.200000047683716,2.200000047683716,2.049999952316284,2.150000095367432,2.150000095367432,1300.0,EVK
2016-11-17,50.02000045776367,50.02000045776367,50.02000045776367,50.02000045776367,49.55729293823242,14600.0,EVLMC
2016-11-17,11.399999618530273,11.420000076293945,11.300000190734865,11.329999923706055,9.630370140075684,76400.0,EVM
2016-11-17,12.399999618530273,12.470000267028807,12.3100004196167,12.369999885559082,10.477043151855467,78900.0,EVN
2016-11-17,1.7300000190734863,1.8400000333786009,1.7000000476837158,1.75,1.75,141900.0,EVOK
2016-11-17,3.920000076293945,4.0,3.849999904632568,3.9500000476837163,3.9500000476837163,33300.0,EVOL
2016-11-17,64.59999847412111,66.0,64.15000152587889,65.5,60.543678283691406,486100.0,EVR
2016-11-17,56.88000106811523,57.06000137329102,56.68999862670898,56.709999084472656,50.95480346679688,597500.0,EVRG
2016-11-17,2.4100000858306885,2.450000047683716,2.390000104904175,2.4200000762939453,2.4200000762939453,221400.0,EVRI
2016-11-17,8.199999809265138,8.399999618530272,7.800000190734862,7.800000190734862,7.800000190734862,0.0,EVSI
2016-11-17,50.00500106811523,50.00500106811523,50.00500106811523,50.00500106811523,48.70663070678711,7000.0,EVSTC
2016-11-17,19.959999084472656,20.270000457763672,19.959999084472656,20.170000076293945,15.457942008972168,223800.0,EVT
2016-11-17,15.899999618530273,16.0,15.800000190734865,15.850000381469727,15.384793281555176,295900.0,EVTC
2016-11-17,13.0600004196167,13.140000343322756,13.029999732971193,13.119999885559082,10.336021423339844,223100.0,EVV
2016-11-17,13.239999771118164,13.25,12.890000343322756,13.020000457763672,11.229199409484863,40400.0,EVY
2016-11-17,89.37999725341797,90.83000183105469,89.01000213623047,90.72000122070312,90.72000122070312,1781400.0,EW
2016-11-17,45.81999969482422,46.77999877929688,45.52000045776367,46.72000122070313,44.1897087097168,1328800.0,EWBC
2016-11-17,14.850000381469727,15.399999618530273,14.399999618530273,14.619999885559082,14.619999885559082,4000400.0,EXAS
2016-11-17,31.43000030517578,31.79999923706055,31.43000030517578,31.489999771118164,28.27055740356445,4103900.0,EXC
2016-11-17,11.779999732971193,11.84000015258789,11.670000076293945,11.84000015258789,8.636524200439451,26500.0,EXD
2016-11-17,16.510000228881836,16.920000076293945,15.460000038146973,16.75,16.75,6143900.0,EXEL
2016-11-17,4.349999904632568,4.349999904632568,4.25,4.349999904632568,4.349999904632568,6900.0,EXFO
2016-11-17,8.159999847412111,8.260000228881836,8.149999618530272,8.260000228881836,5.854862689971924,768900.0,EXG
2016-11-17,3.940000057220459,4.070000171661377,3.660000085830689,3.740000009536743,3.740000009536743,2927500.0,EXK
2016-11-17,45.79999923706055,46.31999969482422,45.70000076293945,46.09000015258789,46.09000015258789,125700.0,EXLS
2016-11-17,94.97000122070312,95.2699966430664,92.20999908447266,92.88999938964844,91.58109283447266,1456900.0,EXP
2016-11-17,51.36999893188477,51.54999923706055,50.9900016784668,51.13999938964844,48.75272750854492,947600.0,EXPD
2016-11-17,125.4000015258789,127.12000274658205,125.1500015258789,126.58000183105469,122.3052215576172,2114700.0,EXPE
2016-11-17,4.449999809265137,4.449999809265137,4.349999904632568,4.400000095367432,4.400000095367432,3662.0,EXPI
2016-11-17,30.32500076293945,30.72500038146973,30.29999923706055,30.399999618530273,29.211780548095703,213800.0,EXPO
2016-11-17,14.09000015258789,14.229999542236328,13.890000343322756,14.1899995803833,14.1899995803833,1426700.0,EXPR
2016-11-17,71.9800033569336,72.72000122070312,70.30000305175781,70.51000213623047,61.93108367919922,703300.0,EXR
2016-11-17,16.690000534057614,17.444999694824222,16.690000534057614,16.940000534057614,16.940000534057614,84700.0,EXTN
2016-11-17,4.559999942779541,4.630000114440918,4.510000228881836,4.570000171661377,4.570000171661377,602000.0,EXTR
2016-11-17,21.600000381469727,23.54999923706055,19.950000762939453,21.75,21.75,4800.0,EYEG
2016-11-17,19.36000061035156,20.0,18.559999465942386,19.520000457763672,19.520000457763672,32000.0,EYES
2016-11-17,1.9700000286102293,2.0299999713897705,1.8999999761581419,1.9099999666213991,1.9099999666213991,131100.0,EYPT
2016-11-17,11.199999809265137,11.399999618530273,10.75,11.0,11.0,315100.0,EZPW
2016-11-17,26.21199989318848,26.25,25.67900085449219,25.729999542236328,21.34271240234375,4800.0,EZT
2016-11-17,11.899999618530273,11.960000038146973,11.779999732971193,11.869999885559082,9.819430351257324,38502500.0,F
2016-11-17,37.9900016784668,38.38000106811523,37.88000106811523,38.27999877929688,34.3497314453125,893000.0,FAF
2016-11-17,10.68000030517578,10.84000015258789,10.68000030517578,10.84000015258789,8.152129173278809,18000.0,FAM
2016-11-17,98.5500030517578,101.37000274658205,97.0999984741211,97.91999816894531,96.31395721435548,1827600.0,FANG
2016-11-17,8.420000076293945,8.659999847412111,8.420000076293945,8.579999923706055,7.5636253356933585,16500.0,FANH
2016-11-17,33.450000762939446,34.299999237060554,33.150001525878906,34.09999847412109,34.09999847412109,25000.0,FARM
2016-11-17,35.45000076293945,35.75,35.09999847412109,35.349998474121094,35.349998474121094,44300.0,FARO
2016-11-17,22.51499938964844,22.684999465942386,22.38999938964844,22.479999542236328,20.43085479736328,5777800.0,FAST
2016-11-17,2.8299999237060547,2.869999885559082,2.5199999809265137,2.7100000381469727,2.7100000381469727,109900.0,FATE
2016-11-17,4.690000057220459,4.78000020980835,4.690000057220459,4.730000019073486,3.5246915817260738,780300.0,FAX
2016-11-17,116.80999755859376,117.79000091552734,116.01000213623048,117.79000091552734,117.79000091552734,18597800.0,FB
2016-11-17,28.10000038146973,28.3700008392334,27.85000038146973,27.86000061035156,27.68832015991211,222300.0,FBC
2016-11-17,133.39999389648438,135.77000427246094,133.39999389648438,135.77000427246094,135.77000427246094,9300.0,FBGX
2016-11-17,56.5099983215332,57.4900016784668,56.27000045776367,57.4000015258789,54.45541000366211,1141400.0,FBHS
2016-11-17,2.5299999713897705,2.5899999141693115,2.4600000381469727,2.490000009536743,2.490000009536743,53700.0,FBIO
2016-11-17,21.450000762939453,21.850000381469727,20.90999984741211,21.65999984741211,20.011398315429688,13100.0,FBIZ
2016-11-17,22.57999992370605,23.76000022888184,22.57999992370605,23.420000076293945,23.04303550720215,70500.0,FBK
2016-11-17,23.649999618530273,23.75,23.54999923706055,23.75,23.2024040222168,1700.0,FBMS
2016-11-17,22.200000762939453,22.940000534057614,22.190000534057614,22.61000061035156,21.57190704345703,213500.0,FBNC
2016-11-17,6.289999961853027,6.510000228881836,6.289999961853027,6.429999828338622,6.283456802368164,606600.0,FBP
2016-11-17,15.399999618530273,15.399999618530273,15.31999969482422,15.399999618530273,14.127716064453125,9200.0,FBSS
2016-11-17,19.850000381469727,20.299999237060547,19.850000381469727,20.200000762939453,20.200000762939453,74500.0,FC
2016-11-17,32.110000610351555,32.330001831054695,31.979999542236328,32.15999984741211,29.74543762207031,7600.0,FCAP
2016-11-17,7.449999809265138,7.5,7.300000190734862,7.46999979019165,6.513198375701903,8558500.0,FCAU
2016-11-17,26.959999084472656,27.20000076293945,26.649999618530273,26.979999542236328,24.3515625,48600.0,FCBC
2016-11-17,15.699999809265135,15.800000190734865,15.350000381469727,15.489999771118164,14.54069709777832,4300.0,FCCO
2016-11-17,13.550000190734865,13.699999809265135,13.489999771118164,13.699999809265135,13.099315643310547,52300.0,FCCY
2016-11-17,37.20000076293945,37.79999923706055,36.0,36.0,36.0,36600.0,FCEL
2016-11-17,11.649999618530273,11.9399995803833,11.649999618530273,11.880000114440918,10.927331924438477,333100.0,FCF
2016-11-17,47.04999923706055,47.75,46.6500015258789,47.0,45.15465545654297,202000.0,FCFS
2016-11-17,43.150001525878906,43.4900016784668,43.0099983215332,43.349998474121094,43.349998474121094,142100.0,FCN
2016-11-17,340.07000732421875,354.29998779296875,335.0,349.2099914550781,344.92877197265625,45700.0,FCNCA
2016-11-17,7.769999980926514,7.820000171661378,7.679999828338622,7.809999942779541,5.5497145652771,95000.0,FCO
2016-11-17,18.670000076293945,19.09000015258789,18.51000022888184,18.56999969482422,15.876461029052734,287900.0,FCPT
2016-11-17,13.520000457763672,13.65999984741211,13.520000457763672,13.609999656677244,10.927759170532227,42300.0,FCT
2016-11-17,13.850000381469727,14.020000457763672,13.619999885559082,13.800000190734865,13.374542236328125,26257400.0,FCX
2016-11-17,24.0,24.0,24.0,24.0,22.17661666870117,0.0,FDBC
2016-11-17,21.700000762939453,21.9950008392334,21.559999465942386,21.729999542236328,20.128570556640625,77200.0,FDEF
2016-11-17,14.880000114440918,15.100000381469727,14.81999969482422,14.81999969482422,10.503755569458008,88300.0,FDEU
2016-11-17,63.77000045776367,64.55000305175781,63.63000106811523,64.52999877929689,62.31864929199219,133500.0,FDP
2016-11-17,159.80999755859375,162.47000122070312,159.41000366210938,162.4600067138672,156.03109741210938,288000.0,FDS
2016-11-17,16.219999313354492,16.280000686645508,15.93000030517578,16.0,11.011775970458984,146100.0,FDUS
2016-11-17,184.1300048828125,185.33999633789062,183.4600067138672,185.0800018310547,177.44064331054688,931800.0,FDX
2016-11-17,31.71999931335449,32.150001525878906,31.71999931335449,31.959999084472656,28.01355743408203,2693200.0,FE
2016-11-17,16.079999923706055,16.25,15.670000076293945,15.84000015258789,11.080249786376953,158900.0,FEI
2016-11-17,9.640000343322754,9.84000015258789,9.640000343322754,9.84000015258789,9.84000015258789,600.0,FEIM
2016-11-17,40.5,40.70000076293945,39.150001525878906,39.29999923706055,37.95074081420898,268900.0,FELE
2016-11-17,25.79999923706055,26.11000061035156,24.979999542236328,25.309999465942386,18.419822692871094,97900.0,FEN
2016-11-17,3.880000114440918,3.9500000476837163,3.8199999332427983,3.829999923706055,1.2932525873184204,102800.0,FENG
2016-11-17,13.670000076293945,13.68000030517578,13.479999542236328,13.520000457763672,9.512280464172363,43800.0,FEO
2016-11-17,20.399999618530273,20.75,19.700000762939453,19.899999618530273,19.899999618530273,760900.0,FET
2016-11-17,13.5600004196167,13.869999885559082,13.31999969482422,13.779999732971193,13.779999732971193,3648700.0,FEYE
2016-11-17,13.779999732971193,14.029999732971193,13.600000381469727,13.630000114440918,10.911675453186037,170800.0,FF
2016-11-17,13.300000190734865,13.369999885559082,13.239999771118164,13.31999969482422,10.232428550720217,26500.0,FFA
2016-11-17,25.25,25.649999618530273,25.149999618530273,25.45000076293945,22.89247894287109,226900.0,FFBC
2016-11-17,19.25,19.32999992370605,19.100000381469727,19.25,15.057814598083494,100200.0,FFC
2016-11-17,74.55000305175781,75.6500015258789,74.3499984741211,75.5,63.87259292602539,26800.0,FFG
2016-11-17,1.9600000381469729,3.4800000190734863,1.8799999952316284,2.440000057220459,2.440000057220459,67700.0,FFHL
2016-11-17,26.540000915527344,27.07999992370605,25.79999923706055,26.61000061035156,23.67429161071777,75700.0,FFIC
2016-11-17,22.54999923706055,22.774999618530273,21.950000762939453,22.54999923706055,21.245994567871094,395800.0,FFIN
2016-11-17,141.44000244140625,144.0399932861328,140.89999389648438,143.91000366210938,143.91000366210938,841000.0,FFIV
2016-11-17,16.5,17.180000305175778,16.459999084472653,17.069999694824222,15.923213958740234,29400.0,FFNW
2016-11-17,13.489999771118164,13.609999656677244,13.270000457763672,13.5600004196167,13.311699867248535,91400.0,FFWM
2016-11-17,9.859999656677246,9.859999656677246,9.859999656677246,9.859999656677246,9.804924964904783,0.0,FG
2016-11-17,6.960000038146973,6.989999771118164,6.880000114440918,6.949999809265138,4.836284637451172,16300.0,FGB
2016-11-17,15.66115665435791,15.66115665435791,14.647933959960938,15.041322708129885,13.523847579956055,12500.0,FGBI
2016-11-17,22.049999237060547,22.54999923706055,21.799999237060547,22.5,22.5,440900.0,FGEN
2016-11-17,29.51000022888184,29.809999465942386,29.0,29.60000038146973,26.25937271118164,155700.0,FHB
2016-11-17,692.5419921875,692.5419921875,692.5419921875,692.5419921875,680.1084594726562,0.0,FHI
2016-11-17,17.959999084472656,18.489999771118164,17.959999084472656,18.36000061035156,16.571590423583984,2684500.0,FHN
2016-11-17,11.399999618530273,11.529999732971193,11.109999656677246,11.220000267028807,10.770821571350098,613400.0,FI
2016-11-17,38.25,38.75,38.22999954223633,38.400001525878906,34.485565185546875,109800.0,FIBK
2016-11-17,113.2699966430664,114.91999816894531,113.2699966430664,114.29000091552734,114.25301361083984,213900.0,FICO
2016-11-17,107.98999786376952,108.33499908447266,107.61000061035156,108.0,108.0,3400.0,FIEE
2016-11-17,17.8799991607666,17.950000762939453,17.579999923706055,17.799999237060547,13.490988731384276,84600.0,FIF
2016-11-17,117.61499786376952,117.98999786376952,116.9499969482422,117.26699829101562,117.26699829101562,6900.0,FIHD
2016-11-17,0.6600000262260437,0.6600000262260437,0.6499999761581421,0.6499999761581421,0.6171149611473083,2000.0,FINS
2016-11-17,75.33999633789062,75.94999694824219,74.91999816894531,75.87000274658203,72.6944580078125,1800500.0,FIS
2016-11-17,30.5,31.0,30.25,30.79999923706055,27.51158332824707,75700.0,FISI
2016-11-17,20.0,20.0,20.0,20.0,18.26654624938965,0.0,FISK
2016-11-17,51.53499984741211,52.65499877929688,51.53499984741211,52.52999877929688,52.52999877929688,4016400.0,FISV
2016-11-17,9.420000076293944,9.420000076293944,8.729999542236326,8.819999694824219,8.819999694824219,15437100.0,FIT
2016-11-17,25.0,25.45000076293945,24.809999465942386,25.43000030517578,22.90656471252441,6275700.0,FITB
2016-11-17,28.03000068664551,28.38999938964844,27.81999969482422,28.1299991607666,22.828596115112305,17200.0,FITBI
2016-11-17,95.66999816894531,95.66999816894531,95.66999816894531,95.66999816894531,82.04187774658203,0.0,FIV
2016-11-17,40.25,40.88999938964844,39.88999938964844,40.52999877929688,40.52999877929688,894100.0,FIVE
2016-11-17,14.90999984741211,15.3100004196167,14.470000267028807,15.09000015258789,15.09000015258789,441500.0,FIVN
2016-11-17,32.34999847412109,32.75,32.080001831054695,32.299999237060554,31.49101257324219,194500.0,FIX
2016-11-17,48.459999084472656,49.63000106811523,48.09000015258789,49.52999877929688,45.878273010253906,208100.0,FIZZ
2016-11-17,69.61000061035156,71.44999694824219,69.27999877929689,71.3499984741211,65.08144378662111,4404700.0,FL
2016-11-17,59.849998474121094,60.20000076293945,59.77000045776367,59.9900016784668,59.9900016784668,5300.0,FLAT
2016-11-17,19.5,19.670000076293945,19.350000381469727,19.459999084472656,15.176682472229006,95500.0,FLC
2016-11-17,6.010000228881836,6.179999828338622,5.980000019073486,6.0,6.0,156500.0,FLDM
2016-11-17,14.079999923706055,14.15999984741211,13.979999542236328,14.029999732971193,14.029999732971193,2484100.0,FLEX
2016-11-17,134.60000610351562,136.30000305175778,134.60000610351562,136.30000305175778,136.30000305175778,6000.0,FLGE
2016-11-17,8.899999618530273,8.899999618530273,8.5,8.5,8.5,26300.0,FLGT
2016-11-17,25.36666679382324,25.933332443237305,25.16666603088379,25.56666755676269,23.25515365600586,60000.0,FLIC
2016-11-17,35.29999923706055,35.650001525878906,35.0,35.36999893188477,33.80295562744141,830200.0,FLIR
2016-11-17,1.7100000381469729,1.7899999618530271,1.7000000476837158,1.7400000095367432,1.7400000095367432,64200.0,FLL
2016-11-17,3.5,3.5499999523162837,3.3499999046325684,3.4500000476837163,3.4500000476837163,108100.0,FLNT
2016-11-17,15.729999542236328,15.979999542236328,15.699999809265135,15.899999618530273,14.044655799865724,1976400.0,FLO
2016-11-17,29.739999771118164,30.270000457763672,29.40999984741211,29.6200008392334,29.6200008392334,252300.0,FLOW
2016-11-17,51.11000061035156,51.5,50.72000122070313,51.27999877929688,47.35043334960938,1354000.0,FLR
2016-11-17,45.849998474121094,47.02000045776367,45.54999923706055,45.7400016784668,42.9321517944336,943400.0,FLS
2016-11-17,146.58999633789062,150.82000732421875,145.35000610351562,150.6999969482422,150.6999969482422,1832600.0,FLT
2016-11-17,10.149999618530273,10.5,10.149999618530273,10.399999618530273,10.399999618530273,135200.0,FLWS
2016-11-17,18.0,18.3700008392334,17.899999618530273,18.049999237060547,18.049999237060547,880600.0,FLXN
2016-11-17,51.31000137329102,52.72000122070313,51.0,52.38000106811523,46.658607482910156,50000.0,FLXS
2016-11-17,13.0,13.850000381469727,12.779999732971193,13.729999542236328,13.729999542236328,477600.0,FLY
2016-11-17,17.475000381469727,17.475000381469727,17.25,17.25,16.155303955078125,600.0,FMAO
2016-11-17,29.61000061035156,30.8700008392334,29.07999992370605,30.5,28.608781814575195,17300.0,FMBH
2016-11-17,23.38999938964844,23.690000534057614,23.209999084472656,23.540000915527344,21.819141387939453,341500.0,FMBI
2016-11-17,46.61751937866211,46.93842315673828,46.28794479370117,46.66088485717773,44.334957122802734,756800.0,FMC
2016-11-17,14.170000076293945,14.199999809265135,14.100000381469727,14.100000381469727,11.90511417388916,6600.0,FMN
2016-11-17,12.050000190734865,12.149999618530273,11.75,11.949999809265135,11.103764533996582,38500.0,FMNB
2016-11-17,15.520000457763672,15.760000228881836,15.5,15.600000381469727,9.927844047546387,186900.0,FMO
2016-11-17,39.08000183105469,39.27999877929688,38.93999862670898,39.16999816894531,37.63112258911133,162900.0,FMS
2016-11-17,79.04000091552734,80.63999938964844,79.04000091552734,79.70999908447266,76.00833892822266,1112800.0,FMX
2016-11-17,13.739999771118164,13.770000457763672,13.729999542236328,13.75,11.432743072509766,6500.0,FMY
2016-11-17,43.04999923706055,43.58000183105469,42.54999923706055,43.5,43.5,446900.0,FN
2016-11-17,14.4399995803833,14.670000076293945,14.4399995803833,14.619999885559082,12.814664840698242,1498500.0,FNB
2016-11-17,5.6500000953674325,5.730000019073486,5.6500000953674325,5.699999809265138,5.2851176261901855,5400.0,FNCB
2016-11-17,24.1949462890625,24.27436828613281,24.07942199707031,24.10830307006836,21.355663299560547,2071500.0,FNF
2016-11-17,16.799999237060547,17.010000228881836,16.559999465942386,16.709999084472653,15.670279502868652,218800.0,FNHC
2016-11-17,1.190000057220459,1.25,1.149999976158142,1.2000000476837158,1.2000000476837158,52600.0,FNJN
2016-11-17,27.190000534057614,27.86000061035156,26.059999465942386,27.61000061035156,24.30573463439941,15400.0,FNLC
2016-11-17,59.91999816894531,61.15999984741211,57.72000122070313,58.27000045776367,55.34510803222656,1146900.0,FNV
2016-11-17,14.600000381469727,14.75,14.510000228881836,14.720000267028807,14.530814170837402,47100.0,FNWB
2016-11-17,14.829999923706055,14.829999923706055,14.600000381469727,14.699999809265135,14.699999809265135,308800.0,FOE
2016-11-17,11.5,11.770000457763672,11.489999771118164,11.6899995803833,8.865333557128906,96100.0,FOF
2016-11-17,8.869999885559082,8.970000267028809,8.710000038146973,8.869999885559082,8.869999885559082,1725600.0,FOLD
2016-11-17,19.700000762939453,20.25,19.299999237060547,19.950000762939453,19.950000762939453,35600.0,FONR
2016-11-17,12.300000190734865,12.579999923706055,12.25,12.5,12.5,381300.0,FOR
2016-11-17,1.3799999952316284,1.5399999618530271,1.350000023841858,1.3600000143051147,1.3600000143051147,157600.0,FORD
2016-11-17,2.150000095367432,2.25,2.0999999046325684,2.25,2.25,5000.0,FORK
2016-11-17,11.0,11.399999618530273,10.850000381469727,11.25,11.25,728600.0,FORM
2016-11-17,39.95000076293945,40.5,39.70000076293945,40.099998474121094,38.47647476196289,35800.0,FORR
2016-11-17,38.900001525878906,38.900001525878906,38.900001525878906,38.900001525878906,36.534610748291016,200.0,FORTY
2016-11-17,35.81999969482422,36.02000045776367,34.759998321533196,34.84999847412109,34.84999847412109,1275200.0,FOSL
2016-11-17,21.049999237060547,22.399999618530273,21.0,22.149999618530273,22.149999618530273,3627800.0,FOXF
2016-11-17,6.199999809265138,6.449999809265138,6.199999809265138,6.4000000953674325,6.4000000953674325,9800.0,FPAY
2016-11-17,21.57999992370605,21.700000762939453,21.40999984741211,21.489999771118164,16.484514236450195,148700.0,FPF
2016-11-17,11.380000114440918,11.699999809265135,11.369999885559082,11.670000076293945,9.908279418945312,193500.0,FPI
2016-11-17,12.5600004196167,12.720000267028807,12.329999923706055,12.359999656677244,8.591882705688478,91500.0,FPL
2016-11-17,58.040000915527344,58.45000076293945,56.95000076293945,57.72999954223633,57.72999954223633,377400.0,FPRX
2016-11-17,25.63999938964844,26.040000915527344,25.6299991607666,25.75,23.36977767944336,678700.0,FR
2016-11-17,13.81999969482422,13.920000076293945,13.81999969482422,13.899999618530273,11.334755897521973,142900.0,FRA
2016-11-17,25.899999618530273,26.0,25.29999923706055,25.29999923706055,22.95312309265137,7100.0,FRAF
2016-11-17,201.2400054931641,204.47999572753903,200.0399932861328,201.2400054931641,201.2400054931641,46400.0,FRAN
2016-11-17,10.15999984741211,10.5,10.100000381469727,10.449999809265137,10.150766372680664,18500.0,FRBA
2016-11-17,4.699999809265137,4.849999904632568,4.599999904632568,4.849999904632568,4.849999904632568,36400.0,FRBK
2016-11-17,81.76000213623047,83.63999938964844,81.69000244140625,83.22000122070312,68.17372131347656,1708300.0,FRC
2016-11-17,5.559999942779541,5.6500000953674325,5.550000190734863,5.5900001525878915,5.333535671234131,1200.0,FRD
2016-11-17,12.699999809265135,12.800000190734865,12.350000381469727,12.550000190734865,11.267136573791506,18557.0,FRG
2016-11-17,29.20000076293945,29.35000038146973,28.54999923706055,28.899999618530273,28.899999618530273,186900.0,FRGI
2016-11-17,0.0625,0.0625,0.0625,0.0625,0.0625,0.0,FRHC
2016-11-17,32.650001525878906,33.290000915527344,32.360000610351555,33.11999893188477,30.74409103393555,202300.0,FRME
2016-11-17,7.889999866485597,8.050000190734862,7.5999999046325675,7.6500000953674325,6.808899879455566,1826400.0,FRO
2016-11-17,39.29999923706055,39.29999923706055,38.400001525878906,38.70000076293945,38.70000076293945,2200.0,FRPH
2016-11-17,8.75,9.100000381469727,8.699999809265138,9.050000190734863,9.050000190734863,125600.0,FRPT
2016-11-17,138.07000732421878,139.21000671386722,137.30000305175778,137.36000061035156,122.68767547607422,405700.0,FRT
2016-11-17,18.34000015258789,18.43000030517578,17.84000015258789,17.850000381469727,17.850000381469727,468100.0,FRTA
2016-11-17,33.5,34.799999237060554,33.150001525878906,34.5,34.241050720214844,182900.0,FSB
2016-11-17,13.850000381469727,13.850000381469727,13.850000381469727,13.850000381469727,13.850000381469727,200.0,FSBC
2016-11-17,31.32999992370605,31.82999992370605,31.28000068664551,31.82999992370605,30.70893859863281,5700.0,FSBW
2016-11-17,15.4399995803833,15.489999771118164,15.34000015258789,15.350000381469727,11.378461837768555,64100.0,FSD
2016-11-17,40.0,40.0,40.0,40.0,38.53105545043945,0.0,FSFG
2016-11-17,1.6200000047683716,1.8899999856948853,1.4900000095367432,1.6699999570846558,1.5233876705169678,173700.0,FSI
2016-11-17,9.800000190734863,10.0,9.800000190734863,10.0,6.521059036254883,996700.0,FSK
2016-11-17,29.04999923706055,32.490001678466804,28.60000038146973,31.15999984741211,31.15999984741211,12617000.0,FSLR
2016-11-17,6.639999866485597,6.71999979019165,6.119999885559082,6.230000019073486,6.230000019073486,1688000.0,FSM
2016-11-17,11.770000457763672,11.970000267028807,11.550000190734865,11.90999984741211,9.977825164794922,248800.0,FSP
2016-11-17,15.239999771118164,15.84000015258789,15.239999771118164,15.720000267028807,15.04466438293457,724900.0,FSS
2016-11-17,12.300000190734865,12.5,11.949999809265135,11.949999809265135,11.949999809265135,33100.0,FSTR
2016-11-17,40.77999877929688,41.27999877929688,40.64500045776367,41.18999862670898,40.14299774169922,71500.0,FSV
2016-11-17,6.360000133514403,6.380000114440918,6.300000190734862,6.3400001525878915,5.276107311248778,61900.0,FT
2016-11-17,13.270000457763672,13.470000267028807,13.199999809265135,13.460000038146973,10.300291061401367,60100.0,FTAI
2016-11-17,1.1799999475479126,1.2200000286102295,1.1599999666213991,1.1599999666213991,1.1599999666213991,47400.0,FTEK
2016-11-17,11.779999732971193,11.880000114440918,11.779999732971193,11.850000381469727,8.195735931396483,49300.0,FTF
2016-11-17,6.8499999046325675,7.0,6.380000114440918,6.570000171661378,6.570000171661378,246200.0,FTFT
2016-11-17,34.790000915527344,35.009998321533196,34.419998168945305,34.919998168945305,32.6453857421875,3300200.0,FTI
2016-11-17,12.390000343322756,12.960000038146973,12.390000343322756,12.510000228881836,12.510000228881836,668700.0,FTK
2016-11-17,32.459999084472656,32.540000915527344,31.32999992370605,31.63999938964844,31.63999938964844,4012700.0,FTNT
2016-11-17,51.9000015258789,52.20000076293945,50.4000015258789,50.4000015258789,40.93882751464844,1127300.0,FTR
2016-11-17,29.670000076293945,30.04999923706055,29.65999984741211,29.920000076293945,25.563337326049805,140500.0,FTS
2016-11-17,54.38000106811523,54.65999984741211,53.91999816894531,54.5,53.67518615722656,932400.0,FTV
2016-11-17,19.76000022888184,19.76000022888184,19.76000022888184,19.76000022888184,19.76000022888184,0.0,FUD
2016-11-17,7.670000076293945,7.670000076293945,7.670000076293945,7.670000076293945,7.670000076293945,0.0,FUE
2016-11-17,48.43000030517578,48.849998474121094,48.18000030517578,48.41999816894531,46.54182434082031,123800.0,FUL
2016-11-17,17.5,17.799999237060547,17.450000762939453,17.5,15.697750091552734,1644200.0,FULT
2016-11-17,59.599998474121094,60.61999893188477,59.209999084472656,60.36999893188477,48.62969970703125,186200.0,FUN
2016-11-17,12.5,12.699999809265135,12.399999618530273,12.5,12.010870933532715,12400.0,FUNC
2016-11-17,6.8400001525878915,6.860000133514403,6.789999961853027,6.809999942779541,5.18997049331665,25300.0,FUND
2016-11-17,10.479999542236328,10.59000015258789,10.43000030517578,10.43000030517578,10.136345863342283,3300.0,FUSB
2016-11-17,8.890666961669922,8.890666961669922,8.890666961669922,8.890666961669922,8.890666961669922,100.0,FVCB
2016-11-17,25.5,25.5,24.5,25.0,25.0,16000.0,FVE
2016-11-17,31.71999931335449,32.779998779296875,31.71999931335449,32.759998321533196,32.759998321533196,396200.0,FWONA
2016-11-17,31.65999984741211,32.61999893188477,31.6200008392334,32.59000015258789,32.59000015258789,338200.0,FWONK
2016-11-17,135.94000244140622,137.55000305175778,134.75,135.8699951171875,24.61921691894531,1400.0,FWP
2016-11-17,48.709999084472656,48.77999877929688,47.38000106811523,48.459999084472656,46.55716323852539,96200.0,FWRD
2016-11-17,11.800000190734865,11.800000190734865,11.800000190734865,11.800000190734865,11.281278610229492,0.0,FXNC
2016-11-17,23.770000457763672,24.3799991607666,23.649999618530273,24.34000015258789,23.61692047119141,803900.0,G
2016-11-17,5.416666507720947,5.436507701873778,5.386904716491699,5.396825313568115,3.7897584438323975,393700.0,GAB
2016-11-17,31.926666259765625,32.566665649414055,31.926666259765625,32.2933349609375,30.26512718200684,47500.0,GABC
2016-11-17,8.5,9.0,8.399999618530272,8.899999618530273,8.899999618530273,92700.0,GAIA
2016-11-17,8.119999885559082,8.149999618530272,8.050000190734862,8.149999618530272,6.1168317794799805,112200.0,GAIN
2016-11-17,25.04999923706055,25.399999618530273,25.04999923706055,25.399999618530273,20.647863388061523,800.0,GAINM
2016-11-17,1.0700000524520874,1.0700000524520874,1.0399999618530271,1.0399999618530271,1.0399999618530271,238700.0,GALT
2016-11-17,30.40999984741211,30.60000038146973,30.28000068664551,30.3700008392334,25.94814872741699,110500.0,GAM
2016-11-17,9.050000190734863,9.34000015258789,9.050000190734863,9.199999809265137,5.621838569641113,58800.0,GARS
2016-11-17,3.9700000286102295,3.9700000286102295,3.4500000476837163,3.5199999809265137,3.5199999809265137,77600.0,GASS
2016-11-17,51.06999969482422,51.4900016784668,50.459999084472656,50.81999969482422,46.55491256713867,198500.0,GATX
2016-11-17,0.5199999809265137,0.5199999809265137,0.5,0.5,0.5,38000.0,GAZ
2016-11-17,21.100000381469727,21.15999984741211,20.82999992370605,20.90999984741211,16.714162826538086,111400.0,GBAB
2016-11-17,33.389999389648445,33.740001678466804,33.189998626708984,33.209999084472656,29.785051345825195,746300.0,GBCI
2016-11-17,18.0,18.440000534057614,18.0,18.420000076293945,13.72860622406006,366300.0,GBDC
2016-11-17,30.95000076293945,31.270000457763672,30.770000457763672,31.040000915527344,30.63945388793945,16600.0,GBL
2016-11-17,35.27000045776367,35.4900016784668,34.27000045776367,35.47999954223633,33.01770401000977,11000.0,GBLI
2016-11-17,24.540000915527344,24.96999931335449,24.239999771118164,24.34000015258789,24.34000015258789,27100.0,GBLIZ
2016-11-17,2.039999961853028,2.390000104904175,1.7599999904632568,2.3299999237060547,2.3299999237060547,820600.0,GBR
2016-11-17,18.299999237060547,18.76799964904785,17.350000381469727,17.549999237060547,17.549999237060547,404700.0,GBT
2016-11-17,35.79999923706055,36.25,35.45000076293945,35.849998474121094,33.10644149780273,263600.0,GBX
2016-11-17,6.230000019073486,6.3499999046325675,6.190000057220459,6.199999809265138,5.387214183807373,189600.0,GCAP
2016-11-17,22.0,22.149999618530273,20.850000381469727,21.75,20.77456283569336,22000.0,GCBC
2016-11-17,15.1899995803833,15.1899995803833,15.1899995803833,15.1899995803833,11.720117568969727,500.0,GCE
2016-11-17,16.84000015258789,16.930000305175778,16.729999542236328,16.75,10.79926586151123,212500.0,GCI
2016-11-17,66.15000152587889,66.94999694824219,63.349998474121094,66.84999847412111,66.84999847412111,169000.0,GCO
2016-11-17,27.649999618530273,27.649999618530273,27.149999618530273,27.35000038146973,27.35000038146973,348100.0,GCP
2016-11-17,4.610000133514403,4.789999961853027,4.610000133514403,4.610000133514403,3.4171178340911865,41200.0,GCV
2016-11-17,165.82000732421875,166.91000366210938,165.22000122070312,165.6300048828125,155.43536376953125,1553300.0,GD
2016-11-17,33.220001220703125,33.96500015258789,33.220001220703125,33.919998168945305,33.919998168945305,729800.0,GDDY
2016-11-17,12.06999969482422,12.06999969482422,11.880000114440918,11.93000030517578,11.93000030517578,18600.0,GDEN
2016-11-17,9.779999732971193,9.81999969482422,9.739999771118164,9.81999969482422,8.266166687011719,37300.0,GDL
2016-11-17,16.559999465942386,16.790000915527347,16.549999237060547,16.65999984741211,12.961977005004885,60400.0,GDO
2016-11-17,23.81999969482422,24.25,23.71999931335449,24.229999542236328,24.229999542236328,216300.0,GDOT
2016-11-17,8.829999923706055,8.970000267028809,8.199999809265138,8.819999694824219,8.819999694824219,814300.0,GDS
2016-11-17,19.170000076293945,19.600000381469727,19.13999938964844,19.530000686645508,15.9126615524292,425200.0,GDV
2016-11-17,29.519229888916016,29.68269157409668,29.480770111083984,29.605770111083984,27.00155067443848,18547400.0,GE
2016-11-17,4.550000190734863,4.599999904632568,4.199999809265137,4.199999809265137,4.199999809265137,27700.0,GEC
2016-11-17,10.75,10.800000190734863,10.699999809265137,10.767999649047852,7.226859092712402,11800.0,GECC
2016-11-17,57.959999084472656,57.97000122070313,56.31999969482422,56.43000030517578,49.41765594482422,542500.0,GEF
2016-11-17,34.029998779296875,34.080001831054695,33.220001220703125,33.84000015258789,24.81735610961914,373600.0,GEL
2016-11-17,3.3299999237060547,3.4100000858306885,3.2799999713897705,3.390000104904175,3.390000104904175,182400.0,GEN
2016-11-17,14.449999809265135,15.199999809265135,14.25,14.850000381469727,14.850000381469727,58600.0,GENC
2016-11-17,5.360000133514403,5.760000228881836,5.199999809265137,5.639999866485597,5.639999866485597,18900.0,GENE
2016-11-17,20.459999084472656,20.479999542236328,19.76000022888184,19.99333381652832,15.075251579284668,1660600.0,GEO
2016-11-17,20.600000381469727,21.0,19.21999931335449,19.520000457763672,19.520000457763672,92100.0,GEOS
2016-11-17,7.119999885559082,7.2729997634887695,7.070000171661378,7.190000057220459,4.9023709297180185,443000.0,GER
2016-11-17,2.1300001144409184,2.220000028610229,2.0799999237060547,2.190000057220459,2.190000057220459,986500.0,GERN
2016-11-17,16.040000915527347,16.549999237060547,15.890000343322756,16.389999389648438,14.018036842346193,1196600.0,GES
2016-11-17,136.0,140.0,132.0,136.0,136.0,6500.0,GEVO
2016-11-17,12.90999984741211,12.949999809265135,12.899999618530273,12.920000076293945,8.762774467468263,15600.0,GF
2016-11-17,16.920000076293945,20.459999084472656,16.850000381469727,17.5,16.341367721557614,28600.0,GFED
2016-11-17,20.399999618530273,21.450000762939453,18.950000762939453,20.850000381469727,18.788776397705078,357400.0,GFF
2016-11-17,3.4100000858306885,3.440000057220459,3.2000000476837163,3.2799999713897705,3.090099811553955,9475500.0,GFI
2016-11-17,4.150000095367432,4.199999809265137,4.150000095367432,4.150000095367432,4.150000095367432,7500.0,GFN
2016-11-17,87.9800033569336,89.4800033569336,87.9800033569336,89.4800033569336,66.78128814697266,2900.0,GFNCP
2016-11-17,15.520000457763672,15.619999885559082,15.520000457763672,15.579999923706055,12.887313842773438,4600.0,GFY
2016-11-17,28.459999084472656,29.0,28.18000030517578,28.60000038146973,27.95708465576172,195400.0,GGAL
2016-11-17,3.740000009536743,3.849999904632568,3.7100000381469727,3.7200000286102295,3.5336227416992188,6155400.0,GGB
2016-11-17,27.203332901000977,27.433332443237305,26.979999542236328,27.01333427429199,24.547576904296875,615900.0,GGG
2016-11-17,20.3799991607666,20.559999465942386,20.3799991607666,20.479999542236328,14.61933708190918,26000.0,GGM
2016-11-17,5.75,5.8400001525878915,5.6599998474121085,5.690000057220459,3.71978759765625,957300.0,GGN
2016-11-17,20.200000762939453,20.200000762939453,20.200000762939453,20.200000762939453,17.759140014648438,0.0,GGO
2016-11-17,7.460000038146973,7.5,7.4000000953674325,7.449999809265138,5.176605224609375,79400.0,GGT
2016-11-17,9.92270565032959,10.057971000671387,9.893719673156738,9.932367324829102,9.161755561828613,15500.0,GGZ
2016-11-17,477.0,480.7999877929688,472.7999877929688,477.45001220703125,462.85577392578125,28100.0,GHC
2016-11-17,0.02500000037252903,0.02500000037252903,0.02500000037252903,0.02500000037252903,0.023838372901082042,0.0,GHG
2016-11-17,27.60000038146973,28.03000068664551,27.25,27.85000038146973,24.915218353271484,298800.0,GHL
2016-11-17,20.280000686645508,20.489999771118164,19.540000915527344,19.75,18.61310577392578,33200.0,GHM
2016-11-17,14.399999618530273,14.479999542236328,14.399999618530273,14.449999809265135,11.116869926452637,159100.0,GHY
2016-11-17,47.31999969482422,47.5,46.86999893188477,47.38999938964844,47.38999938964844,141200.0,GIB
2016-11-17,10.25,10.25,10.18000030517578,10.25,10.203893661499023,41200.0,GIFI
2016-11-17,2.549999952316284,2.5999999046325684,2.5299999713897705,2.5299999713897705,2.5299999713897705,6300.0,GIGM
2016-11-17,30.79999923706055,31.03000068664551,29.57999992370605,29.809999465942386,29.809999465942386,970900.0,GIII
2016-11-17,26.51000022888184,26.65999984741211,26.3700008392334,26.46999931335449,25.145366668701172,402100.0,GIL
2016-11-17,75.72000122070312,76.0199966430664,74.8499984741211,75.58000183105469,67.47927093505861,9413500.0,GILD
2016-11-17,4.71999979019165,4.71999979019165,4.599999904632568,4.639999866485597,4.407224178314209,36400.0,GILT
2016-11-17,6.139999866485597,6.190000057220459,6.119999885559082,6.139999866485597,5.105052947998047,367100.0,GIM
2016-11-17,61.31999969482422,61.68999862670898,60.97000122070313,61.36000061035156,54.17245864868164,2902900.0,GIS
2016-11-17,0.014399999752640724,0.014399999752640724,0.014399999752640724,0.014399999752640724,0.014399999752640724,0.0,GIX
2016-11-17,9.9399995803833,9.9399995803833,9.9399995803833,9.9399995803833,7.906018733978271,0.0,GJH
2016-11-17,20.100000381469727,20.100000381469727,20.07999992370605,20.07999992370605,17.972715377807614,1700.0,GJO
2016-11-17,21.979999542236328,21.979999542236328,21.979999542236328,21.979999542236328,19.62734031677246,0.0,GJP
2016-11-17,20.729999542236328,20.729999542236328,20.700000762939453,20.700000762939453,19.111574172973636,400.0,GJR
2016-11-17,18.059999465942386,18.059999465942386,18.059999465942386,18.059999465942386,16.362483978271484,200.0,GJS
2016-11-17,18.299999237060547,18.459999084472656,18.299999237060547,18.420000076293945,16.195362091064453,1800.0,GJT
2016-11-17,33.47999954223633,34.439998626708984,33.31999969482422,33.650001525878906,33.650001525878906,367200.0,GKOS
2016-11-17,69.15000152587889,70.31999969482422,69.15000152587889,70.16000366210939,68.26027679443361,488500.0,GL
2016-11-17,7.960000038146973,8.039999961853027,7.960000038146973,8.039999961853027,5.932080268859862,89900.0,GLAD
2016-11-17,171.6999969482422,195.0,52.099998474121094,59.29999923706055,59.29999923706055,194700.0,GLBS
2016-11-17,10.18000030517578,10.18000030517578,10.18000030517578,10.18000030517578,9.064960479736328,100.0,GLBZ
2016-11-17,4.349999904632568,4.5,4.25,4.5,4.5,288800.0,GLDD
2016-11-17,9.630000114440918,9.630000114440918,9.449000358581543,9.5,7.573060989379883,41100.0,GLDI
2016-11-17,9.699999809265137,9.75,7.800000190734862,7.949999809265138,7.949999809265138,18000.0,GLG
2016-11-17,39.22999954223633,39.88000106811523,39.11999893188477,39.72000122070313,39.29177474975586,454200.0,GLIBA
2016-11-17,41.93999862670898,41.93999862670898,41.93999862670898,41.93999862670898,36.452239990234375,0.0,GLIBP
2016-11-17,3.7000000476837163,3.829999923706055,3.619999885559082,3.7000000476837163,3.7000000476837163,49800.0,GLMD
2016-11-17,25.940000534057614,26.489999771118164,24.79999923706055,24.920000076293945,23.8787899017334,1515600.0,GLNG
2016-11-17,8.710000038146973,8.760000228881836,8.680000305175781,8.739999771118164,6.0303306579589835,277400.0,GLO
2016-11-17,39.02999877929688,39.81999969482422,38.70000076293945,38.959999084472656,38.959999084472656,260400.0,GLOB
2016-11-17,16.5,16.799999237060547,15.850000381469727,15.899999618530273,13.035820960998535,407000.0,GLOG
2016-11-17,20.549999237060547,20.850000381469727,19.899999618530273,19.899999618530273,13.45146942138672,117000.0,GLOP
2016-11-17,16.549999237060547,17.0,16.149999618530273,16.75,12.030101776123047,87500.0,GLP
2016-11-17,59.88000106811523,62.6500015258789,59.849998474121094,62.0099983215332,62.0099983215332,199500.0,GLPG
2016-11-17,30.290000915527344,30.29999923706055,29.99900054931641,30.239999771118164,23.52691078186035,1279600.0,GLPI
2016-11-17,10.479999542236328,10.59000015258789,10.43000030517578,10.550000190734863,7.38341474533081,65500.0,GLQ
2016-11-17,22.79999923706055,23.29999923706055,22.60000038146973,22.70000076293945,22.70000076293945,124600.0,GLRE
2016-11-17,22.75,23.03000068664551,22.670000076293945,22.82999992370605,20.491634368896484,115600.0,GLT
2016-11-17,15.829999923706055,16.110000610351562,15.800000190734865,16.100000381469727,12.98105525970459,15900.0,GLU
2016-11-17,2.009999990463257,2.1600000858306885,1.9600000381469729,2.150000095367432,2.150000095367432,3986000.0,GLUU
2016-11-17,11.390000343322756,11.489999771118164,11.350000381469727,11.390000343322756,7.9224815368652335,40600.0,GLV
2016-11-17,23.739999771118164,23.8799991607666,23.739999771118164,23.81999969482422,21.97521209716797,4412000.0,GLW
2016-11-17,6.429999828338622,6.730000019073486,6.360000133514403,6.53000020980835,6.53000020980835,18000.0,GLYC
2016-11-17,32.970001220703125,33.439998626708984,32.75,33.419998168945305,28.623300552368164,11728600.0,GM
2016-11-17,17.856000900268555,17.892000198364258,17.75,17.75,17.75,24000.0,GMAB
2016-11-17,23.309999465942386,23.5,23.01000022888184,23.459999084472656,18.79778861999512,1143500.0,GME
2016-11-17,21.040000915527344,21.21999931335449,20.96999931335449,21.01000022888184,21.01000022888184,773800.0,GMED
2016-11-17,20.84000015258789,21.440000534057614,20.350000381469727,20.549999237060547,13.16332721710205,125300.0,GMLP
2016-11-17,0.2700000107288361,0.30000001192092896,0.25,0.25999999046325684,0.25999999046325684,366900.0,GMO
2016-11-17,7.239999771118164,7.28000020980835,7.120999813079834,7.230000019073486,5.24072265625,111300.0,GMRE
2016-11-17,24.709999084472656,25.3700008392334,24.709999084472656,25.0,25.0,47600.0,GMS
2016-11-17,23.45000076293945,23.790000915527344,23.290000915527344,23.51000022888184,19.929012298583984,25000.0,GMTA
2016-11-17,9.59000015258789,9.760000228881836,9.56999969482422,9.59000015258789,6.728599548339844,204100.0,GMZ
2016-11-17,14.869999885559082,14.890000343322756,14.460000038146973,14.829999923706055,14.608160018920898,1377900.0,GNC
2016-11-17,34.880001068115234,35.91999816894531,34.639999389648445,34.880001068115234,34.880001068115234,11400.0,GNCA
2016-11-17,6.190000057220459,6.230000019073486,5.929999828338622,6.010000228881836,5.164677143096924,26100.0,GNE
2016-11-17,11.75,12.0,8.359999656677246,8.689999580383299,8.217670440673826,762100.0,GNK
2016-11-17,22.86000061035156,23.309999465942386,22.86000061035156,22.86000061035156,16.56942367553711,141900.0,GNL
2016-11-17,12.329999923706055,12.630000114440918,12.199999809265135,12.529999732971193,12.529999732971193,219800.0,GNMK
2016-11-17,41.22999954223633,41.72999954223633,41.06999969482422,41.40999984741211,41.40999984741211,635600.0,GNRC
2016-11-17,7.260000228881836,7.329999923706055,7.079999923706055,7.079999923706055,5.08441972732544,112000.0,GNT
2016-11-17,17.860000610351562,18.040000915527344,17.719999313354492,18.040000915527344,16.950616836547848,3836300.0,GNTX
2016-11-17,7.070000171661378,7.199999809265138,7.070000171661378,7.199999809265138,7.199999809265138,4000.0,GNUS
2016-11-17,4.300000190734863,4.349999904632568,4.25,4.329999923706056,4.329999923706056,5409300.0,GNW
2016-11-17,18.299999237060547,18.6200008392334,18.270000457763672,18.479999542236328,12.9048490524292,121200.0,GOF
2016-11-17,4.570000171661377,4.650000095367432,4.0900001525878915,4.139999866485597,3.5817456245422363,872800.0,GOGL
2016-11-17,9.140000343322754,9.28600025177002,8.899999618530273,8.970000267028809,8.970000267028809,1715400.0,GOGO
2016-11-17,3.441999912261963,3.618000030517578,3.371999979019165,3.407999992370605,3.407399892807007,1422000.0,GOL
2016-11-17,15.649999618530273,15.960000038146973,15.109999656677244,15.359999656677244,9.388965606689453,16131600.0,GOLD
2016-11-17,18.34000015258789,18.90999984741211,18.31999969482422,18.59000015258789,17.23155403137207,272300.0,GOLF
2016-11-17,18.850000381469727,19.239999771118164,18.739999771118164,18.809999465942386,14.593445777893065,335500.0,GOOD
2016-11-17,25.34000015258789,25.34000015258789,24.54999923706055,24.940000534057614,19.680145263671875,40100.0,GOODM
2016-11-17,766.9199829101562,772.7000122070312,764.22998046875,771.22998046875,771.22998046875,1304000.0,GOOG
2016-11-17,782.5,788.9000244140625,779.8499755859375,786.1599731445312,786.1599731445312,1533700.0,GOOGL
2016-11-17,4.4099998474121085,4.71999979019165,4.260000228881837,4.3400001525878915,4.2637953758239755,1444400.0,GORO
2016-11-17,95.44000244140624,95.44000244140624,94.2300033569336,94.5999984741211,85.12530517578125,873400.0,GPC
2016-11-17,68.52999877929689,68.93000030517578,67.79000091552734,68.77999877929689,65.40264892578125,181300.0,GPI
2016-11-17,12.850000381469727,13.029999732971193,12.739999771118164,12.93000030517578,11.8390474319458,3738400.0,GPK
2016-11-17,1.309999942779541,1.3600000143051147,1.2799999713897705,1.309999942779541,1.309999942779541,1538800.0,GPL
2016-11-17,7.71999979019165,7.789999961853027,7.670000076293945,7.769999980926514,5.155362129211426,72300.0,GPM
2016-11-17,70.33000183105469,70.48999786376953,69.18000030517578,69.76000213623047,69.53262329101561,1119500.0,GPN
2016-11-17,25.420000076293945,25.559999465942386,24.28000068664551,24.45000076293945,24.45000076293945,1271200.0,GPOR
2016-11-17,18.299999237060547,18.399999618530273,18.024999618530273,18.049999237060547,12.502888679504395,52900.0,GPP
2016-11-17,24.70000076293945,24.85000038146973,24.28000068664551,24.35000038146973,22.659223556518555,498700.0,GPRE
2016-11-17,4.369999885559082,4.5900001525878915,4.3400001525878915,4.5900001525878915,4.54903507232666,26500.0,GPRK
2016-11-17,9.890000343322754,10.09000015258789,9.770000457763672,9.979999542236328,9.979999542236328,4195300.0,GPRO
2016-11-17,30.43000030517578,30.739999771118164,30.04999923706055,30.709999084472656,26.71401405334473,5316100.0,GPS
2016-11-17,26.29999923706055,26.60000038146973,26.149999618530273,26.149999618530273,26.149999618530273,33700.0,GPX
2016-11-17,67.59999847412111,68.37999725341797,67.37000274658203,67.38999938964844,64.35678100585939,565500.0,GRA
2016-11-17,1.0299999713897705,1.0299999713897705,1.0299999713897705,1.0299999713897705,1.0299999713897705,0.0,GRAF
2016-11-17,8.069999694824219,8.149999618530272,7.670000076293945,7.690000057220459,7.690000057220459,42300.0,GRAM
2016-11-17,8.550000190734862,8.850000381469727,8.359999656677246,8.800000190734863,8.800000190734863,85400.0,GRBK
2016-11-17,29.01000022888184,30.540000915527344,29.01000022888184,30.06999969482422,28.53474998474121,56200.0,GRC
2016-11-17,8.760000228881836,8.770000457763674,8.649999618530272,8.699999809265138,7.422422409057617,7000.0,GRF
2016-11-17,15.510000228881836,15.5600004196167,15.470000267028807,15.510000228881836,14.443004608154295,391000.0,GRFS
2016-11-17,31.59000015258789,31.68000030517578,31.459999084472656,31.68000030517578,30.25780868530273,1900.0,GRIF
2016-11-17,52.91999816894531,52.97999954223633,51.88999938964844,52.0099983215332,45.15585327148438,918900.0,GRMN
2016-11-17,6.96999979019165,7.050000190734862,6.9000000953674325,6.980000019073486,6.980000019073486,2300.0,GRN
2016-11-17,1.6100000143051147,1.6799999475479126,1.5099999904632568,1.5800000429153442,1.4659794569015503,124900.0,GROW
2016-11-17,4.059999942779541,4.099999904632568,3.940000057220459,3.9600000381469727,3.9600000381469727,15460400.0,GRPN
2016-11-17,3.740000009536743,3.740000009536743,3.740000009536743,3.740000009536743,3.740000009536743,0.0,GRU
2016-11-17,36.0,36.79999923706055,36.0,36.290000915527344,36.290000915527344,1361900.0,GRUB
2016-11-17,5.434999942779541,5.6500000953674325,4.974999904632568,5.130000114440918,5.130000114440918,151600.0,GRVY
2016-11-17,9.779999732971193,9.779999732971193,9.6899995803833,9.6899995803833,8.064672470092772,16900.0,GRX
2016-11-17,206.25999450683597,209.69000244140625,205.6699981689453,209.6300048828125,198.2538604736328,3572400.0,GS
2016-11-17,0.7699999809265137,0.9399999976158142,0.7599999904632568,0.8700000047683716,0.8700000047683716,9569000.0,GSAT
2016-11-17,4.0,4.199999809265137,4.0,4.179999828338623,2.7214579582214355,63200.0,GSB
2016-11-17,48.70000076293945,48.72999954223633,45.27000045776367,48.099998474121094,43.1832389831543,35400.0,GSBC
2016-11-17,22.18000030517578,22.420000076293945,22.059999465942386,22.420000076293945,16.47787857055664,151500.0,GSBD
2016-11-17,21.209999084472656,21.209999084472656,20.84000015258789,20.84000015258789,20.84000015258789,3300.0,GSC
2016-11-17,26.989999771118164,26.989999771118164,26.8700008392334,26.8700008392334,24.46647834777832,1000.0,GSH
2016-11-17,5.130000114440918,5.179999828338623,5.119999885559082,5.170000076293945,5.170000076293945,61300.0,GSIT
2016-11-17,38.27999877929688,38.52000045776367,38.209999084472656,38.45000076293945,32.441593170166016,6254600.0,GSK
2016-11-17,31.68000030517578,36.0,17.120000839233402,20.0,18.59777069091797,2539900.0,GSL
2016-11-17,11.789999961853027,12.039999961853027,11.510000228881836,11.5600004196167,11.32874870300293,441500.0,GSM
2016-11-17,13.1899995803833,13.1899995803833,13.0,13.0,13.0,47600.0,GSP
2016-11-17,3.7999999523162837,3.900000095367432,3.5,3.75,3.75,654900.0,GSS
2016-11-17,15.260000228881836,15.970000267028807,15.260000228881836,15.449999809265135,15.449999809265135,15600.0,GSUM
2016-11-17,2.220000028610229,2.369999885559082,2.200000047683716,2.2799999713897705,2.2799999713897705,475100.0,GSV
2016-11-17,30.46999931335449,30.61000061035156,30.149999618530273,30.56999969482422,28.072509765625,2451200.0,GT
2016-11-17,3.0999999046325684,3.2000000476837163,3.0,3.0299999713897705,3.0299999713897705,3305800.0,GTE
2016-11-17,3.2000000476837163,3.25,3.1800000667572017,3.2300000190734863,3.2300000190734863,12900.0,GTIM
2016-11-17,35.130001068115234,35.310001373291016,33.959999084472656,34.080001831054695,34.080001831054695,385400.0,GTLS
2016-11-17,9.5,9.779999732971193,9.449999809265137,9.550000190734863,9.550000190734863,868000.0,GTN
2016-11-17,21.809999465942386,22.13999938964844,21.809999465942386,21.979999542236328,21.979999542236328,58200.0,GTS
2016-11-17,23.649999618530273,25.1200008392334,23.60000038146973,24.5,24.5,234100.0,GTT
2016-11-17,23.170000076293945,23.399999618530273,22.989999771118164,23.059999465942386,19.586610794067386,119900.0,GTY
2016-11-17,13.600000381469727,13.75,11.800000190734865,12.100000381469727,12.100000381469727,126900.0,GURE
2016-11-17,6.260000228881836,6.300000190734862,6.210000038146973,6.21999979019165,4.626786231994629,94700.0,GUT
2016-11-17,3.0999999046325684,3.2000000476837163,3.0499999523162837,3.150000095367432,3.150000095367432,249800.0,GV
2016-11-17,58.54999923706055,59.61999893188477,57.77000045776367,58.38000106811523,55.67475891113281,378700.0,GVA
2016-11-17,3.0499999523162837,3.109999895095825,2.9800000190734863,3.0,3.0,4400.0,GVP
2016-11-17,38.849998474121094,39.77000045776367,38.849998474121094,39.150001525878906,35.89266967773437,654800.0,GWB
2016-11-17,8.119999885559082,8.800000190734863,8.119999885559082,8.800000190734863,4.1527929306030265,6600.0,GWGH
2016-11-17,128.47999572753906,130.78999328613278,125.51000213623048,126.41999816894531,126.41999816894531,746900.0,GWPH
2016-11-17,56.61000061035156,57.52999877929688,55.56999969482422,57.4000015258789,57.4000015258789,299900.0,GWRE
2016-11-17,7.8499999046325675,8.069999694824219,7.8499999046325675,8.020000457763674,7.294635772705077,64000.0,GWRS
2016-11-17,224.5500030517578,225.0,219.97000122070312,220.16000366210938,205.7712554931641,554700.0,GWW
2016-11-17,22.26000022888184,22.299999237060547,21.75,22.030000686645508,19.39002799987793,1900.0,GYC
2016-11-17,18.479999542236328,18.479999542236328,18.479999542236328,18.479999542236328,17.626420974731445,200.0,GYRO
2016-11-17,53.88999938964844,54.20000076293945,53.540000915527344,53.75,52.67335891723633,559400.0,H
2016-11-17,47.599998474121094,49.1500015258789,47.45000076293945,49.0,47.2120475769043,575500.0,HA
2016-11-17,39.2599983215332,39.79999923706055,38.900001525878906,39.27999877929688,39.27999877929688,439200.0,HAE
2016-11-17,30.0,30.85000038146973,30.0,30.60000038146973,27.049915313720703,192200.0,HAFC
2016-11-17,39.52999877929688,39.599998474121094,37.849998474121094,38.72000122070313,38.72000122070313,6678200.0,HAIN
2016-11-17,49.38000106811523,49.77999877929688,48.22000122070313,48.599998474121094,44.58844757080078,7953800.0,HAL
2016-11-17,11.25,11.460000038146973,11.210000038146973,11.210000038146973,11.210000038146973,36400.0,HALL
2016-11-17,13.0,13.220000267028807,12.4399995803833,12.979999542236328,12.979999542236328,2255800.0,HALO
2016-11-17,85.72000122070312,86.19999694824219,85.12999725341797,85.94999694824219,79.15933227539062,736700.0,HAS
2016-11-17,20.270000457763672,20.799999237060547,20.09000015258789,20.399999618530273,16.35567855834961,428400.0,HASI
2016-11-17,37.77000045776367,39.209999084472656,36.72000122070313,36.88000106811523,33.73940277099609,103000.0,HAYN
2016-11-17,11.979999542236328,12.270000457763672,11.899999618530273,12.229999542236328,10.716802597045898,17202300.0,HBAN
2016-11-17,24.5,24.85000038146973,24.29999923706055,24.85000038146973,20.021997451782227,9600.0,HBANN
2016-11-17,26.3799991607666,26.63999938964844,26.20000076293945,26.43000030517578,21.126052856445312,443300.0,HBANO
2016-11-17,33.200000762939446,33.200000762939446,32.59999847412109,32.610000610351555,30.716691970825195,17800.0,HBCP
2016-11-17,25.520000457763672,25.65999984741211,25.26000022888184,25.35000038146973,22.74393653869629,3089800.0,HBI
2016-11-17,2.5999999046325684,2.75,2.549999952316284,2.549999952316284,2.549999952316284,84400.0,HBIO
2016-11-17,5.8499999046325675,5.989999771118164,5.6500000953674325,5.75,5.66487979888916,254600.0,HBM
2016-11-17,14.100000381469727,14.100000381469727,14.100000381469727,14.100000381469727,14.100000381469727,0.0,HBMD
2016-11-17,14.0600004196167,15.15999984741211,13.91333293914795,15.133333206176758,14.097607612609865,124500.0,HBNC
2016-11-17,5.260000228881836,5.440000057220459,5.059999942779541,5.28000020980835,5.28000020980835,216600.0,HBP
2016-11-17,73.44000244140625,75.12999725341797,73.30999755859375,74.66000366210938,72.62786102294922,3483400.0,HCA
2016-11-17,12.81999969482422,12.81999969482422,12.670000076293945,12.75,8.937084197998047,14600.0,HCAP
2016-11-17,15.0,15.25,14.649999618530273,14.949999809265135,14.949999809265135,23600.0,HCCI
2016-11-17,4.9099998474121085,5.309999942779541,4.809999942779541,5.099999904632568,3.6053812503814697,470900.0,HCFT
2016-11-17,4.610000133514403,4.679999828338623,4.539999961853027,4.599999904632568,4.599999904632568,453800.0,HCHC
2016-11-17,31.78000068664551,32.029998779296875,31.56999969482422,31.670000076293945,28.207237243652344,59000.0,HCI
2016-11-17,17.450000762939453,17.450000762939453,17.239999771118164,17.290000915527347,16.118770599365234,74700.0,HCKT
2016-11-17,12.199999809265135,12.359999656677244,11.899999618530273,12.010000228881836,12.010000228881836,17600.0,HCM
2016-11-17,16.399999618530273,16.950000762939453,16.069999694824222,16.149999618530273,14.201923370361328,508100.0,HCR
2016-11-17,37.63000106811523,37.90999984741211,37.34000015258789,37.58000183105469,35.07849502563477,297800.0,HCSG
2016-11-17,125.87000274658205,129.13999938964844,125.6999969482422,128.92999267578122,118.54681396484376,6801200.0,HD
2016-11-17,33.005001068115234,33.005001068115234,32.334999084472656,32.424999237060554,31.49398231506348,2446400.0,HDB
2016-11-17,38.349998474121094,38.72999954223633,37.959999084472656,38.34000015258789,38.34000015258789,2374800.0,HDS
2016-11-17,7.739999771118164,7.869999885559082,7.739999771118164,7.820000171661378,7.820000171661378,293800.0,HDSN
2016-11-17,29.82999992370605,30.09000015258789,29.709999084472656,29.88999938964844,26.510181427001953,385000.0,HE
2016-11-17,6.0,6.960000038146973,5.984000205993652,6.440000057220459,6.440000057220459,167400.0,HEAR
2016-11-17,17.5,17.8799991607666,17.15999984741211,17.709999084472656,15.522233963012695,378000.0,HEES
2016-11-17,38.34368133544922,38.758399963378906,38.34368133544922,38.67136001586914,38.34974670410156,215100.0,HEI
2016-11-17,87.55000305175781,87.69999694824219,86.69999694824219,87.1500015258789,87.1500015258789,173400.0,HELE
2016-11-17,31.31999969482422,31.989999771118164,30.790000915527344,30.90999984741211,23.27546501159668,142500.0,HEP
2016-11-17,1148.0,1159.199951171875,1103.199951171875,1125.5999755859377,1125.5999755859377,500.0,HEPA
2016-11-17,15.640000343322756,15.739999771118164,15.56999969482422,15.739999771118164,11.07558536529541,19100.0,HEQ
2016-11-17,51.52999877929688,52.25,50.38000106811523,50.5,47.15741729736328,3544400.0,HES
2016-11-17,27.29999923706055,27.29999923706055,27.29999923706055,27.29999923706055,27.29999923706055,0.0,HEXO
2016-11-17,24.0,24.0,24.0,24.0,22.70348358154297,0.0,HFBL
2016-11-17,27.95000076293945,28.540000915527344,27.28000068664551,27.90999984741211,24.95492553710937,5338800.0,HFC
2016-11-17,21.700000762939453,22.100000381469727,21.649999618530273,22.049999237060547,20.34576416015625,146300.0,HFWA
2016-11-17,30.20000076293945,30.25,29.57999992370605,29.690000534057614,24.580190658569336,42900.0,HGH
2016-11-17,2.299999952316284,2.299999952316284,1.830000042915344,2.0899999141693115,2.0899999141693115,62600.0,HGSH
2016-11-17,107.61000061035156,109.36000061035156,106.80999755859376,108.9000015258789,108.9000015258789,138800.0,HHC
2016-11-17,15.100000381469727,16.5,15.100000381469727,16.0,16.0,26500.0,HHS
2016-11-17,2.5999999046325684,2.650000095367432,2.0999999046325684,2.450000047683716,2.450000047683716,57200.0,HHT
2016-11-17,33.59999847412109,34.900001525878906,33.59999847412109,33.950000762939446,31.32073402404785,422400.0,HI
2016-11-17,44.400001525878906,45.5,44.20000076293945,45.29999923706055,45.29999923706055,327100.0,HIBB
2016-11-17,12.119999885559082,12.260000228881836,12.0,12.18000030517578,8.199947357177733,68200.0,HIE
2016-11-17,166.08999633789062,166.77999877929688,163.0,166.2100067138672,162.1471405029297,3800.0,HIFS
2016-11-17,46.5,47.09000015258789,46.33000183105469,46.97000122070313,43.66141891479492,2822700.0,HIG
2016-11-17,3.75,4.0,3.75,3.7999999523162837,3.121924638748169,3700.0,HIHO
2016-11-17,175.11000061035156,178.0,173.47000122070312,176.91000366210938,168.43551635742188,606500.0,HII
2016-11-17,3.900000095367432,4.050000190734863,3.849999904632568,4.0,4.0,131400.0,HIL
2016-11-17,7.889999866485597,7.980000019073486,7.800000190734862,7.820000171661378,7.50715446472168,1443300.0,HIMX
2016-11-17,4.809999942779541,4.809999942779541,4.769999980926514,4.789999961853027,3.775556564331055,406900.0,HIO
2016-11-17,47.38999938964844,47.93000030517578,47.29999923706055,47.33000183105469,40.237709045410156,468000.0,HIW
2016-11-17,6.71999979019165,6.760000228881836,6.690000057220459,6.71999979019165,5.035688400268555,286900.0,HIX
2016-11-17,17.6200008392334,17.6200008392334,17.6200008392334,17.6200008392334,12.227776527404785,0.0,HJV
2016-11-17,6.139999866485597,6.269999980926514,5.869999885559082,5.989999771118164,5.9213194847106925,9365000.0,HL
2016-11-17,26.190000534057614,26.6299991607666,25.979999542236328,26.145000457763672,26.145000457763672,1561400.0,HLF
2016-11-17,8.100000381469728,8.100000381469728,8.100000381469728,8.100000381469728,8.100000381469728,0.0,HLG
2016-11-17,25.899999618530273,26.88999938964844,25.81999969482422,26.76000022888184,24.63836479187012,132200.0,HLI
2016-11-17,39.61000061035156,39.61999893188477,39.040000915527344,39.54999923706055,38.51646041870117,85900.0,HLIO
2016-11-17,4.900000095367432,4.949999809265137,4.650000095367432,4.699999809265137,4.699999809265137,382000.0,HLIT
2016-11-17,50.3765983581543,50.64336013793945,49.9251594543457,50.417640686035156,49.16042709350586,5008500.0,HLT
2016-11-17,9.869999885559082,10.1899995803833,9.710000038146973,9.729999542236328,9.729999542236328,800700.0,HLX
2016-11-17,28.76000022888184,28.95000076293945,28.739999771118164,28.95000076293945,25.992902755737305,614000.0,HMC
2016-11-17,10.710000038146973,11.420000076293945,10.710000038146973,11.420000076293945,8.737973213195799,2500.0,HMG
2016-11-17,11.100000381469727,11.399999618530273,11.0,11.199999809265137,11.199999809265137,891200.0,HMHC
2016-11-17,9.899999618530273,9.899999618530273,9.899999618530273,9.899999618530273,9.899999618530273,0.0,HMI
2016-11-17,19.08099937438965,19.5,18.32999992370605,18.549999237060547,13.556397438049315,14400.0,HMLP
2016-11-17,38.349998474121094,39.04999923706055,38.29999923706055,39.0,35.46239852905273,201200.0,HMN
2016-11-17,15.800000190734865,15.800000190734865,15.609999656677244,15.800000190734865,15.800000190734865,5800.0,HMNF
2016-11-17,28.70000076293945,29.03000068664551,28.25,28.899999618530273,28.76419258117676,352100.0,HMST
2016-11-17,17.399999618530273,18.059999465942386,17.399999618530273,17.959999084472656,17.959999084472656,872300.0,HMSY
2016-11-17,12.0,12.100000381469727,11.800000190734865,11.850000381469727,11.850000381469727,117400.0,HMTV
2016-11-17,2.5899999141693115,2.6800000667572017,2.4300000667572017,2.5,2.422478199005127,7497100.0,HMY
2016-11-17,8.010000228881836,8.029999732971191,7.9099998474121085,8.0,8.0,9600.0,HNGR
2016-11-17,49.88999938964844,50.86999893188477,49.72999954223633,50.81999969482422,45.99470901489258,214500.0,HNI
2016-11-17,21.440000534057614,21.76666641235352,20.63999938964844,21.56666755676269,19.4328556060791,12300.0,HNNA
2016-11-17,23.86000061035156,24.01000022888184,23.71999931335449,23.81999969482422,21.41312599182129,54000.0,HNP
2016-11-17,8.369999885559082,8.84000015258789,8.300000190734862,8.380000114440918,7.552651405334473,197200.0,HNRG
2016-11-17,15.31999969482422,15.4399995803833,15.31999969482422,15.40999984741211,11.70138168334961,15900.0,HNW
2016-11-17,27.0,27.45000076293945,26.85000038146973,27.20000076293945,25.407066345214844,42700.0,HOFT
2016-11-17,58.06999969482422,58.41999816894531,57.81000137329102,58.099998474121094,51.33925247192383,1631400.0,HOG
2016-11-17,18.549999237060547,18.959999084472656,18.36000061035156,18.450000762939453,17.914905548095703,260200.0,HOLI
2016-11-17,37.560001373291016,38.66999816894531,37.2400016784668,38.58000183105469,38.58000183105469,2899600.0,HOLX
2016-11-17,25.56999969482422,25.90999984741211,25.26000022888184,25.71999931335449,23.93585205078125,657200.0,HOMB
2016-11-17,11.329999923706055,11.470000267028807,11.050000190734863,11.350000381469727,11.350000381469727,77600.0,HOME
2016-11-17,107.91180419921876,108.6785659790039,107.7680435180664,108.40061950683594,101.29684448242188,2290100.0,HON
2016-11-17,10.289693832397461,10.45682430267334,10.208913803100586,10.445682525634766,10.445682525634766,194000.0,HONE
2016-11-17,19.100000381469727,19.26000022888184,18.989999771118164,19.18000030517578,17.21480369567871,790500.0,HOPE
2016-11-17,44.5,45.0,44.0,45.0,45.0,43800.0,HOV
2016-11-17,4.769999980926514,4.789999961853027,4.650000095367432,4.650000095367432,4.650000095367432,1600.0,HOVNP
2016-11-17,66.51000213623047,67.94000244140625,66.43000030517578,67.18000030517578,55.83126449584961,2127800.0,HP
2016-11-17,13.64093017578125,13.757171630859375,13.518876075744627,13.716486930847168,12.458745002746582,18754800.0,HPE
2016-11-17,19.780000686645508,19.8700008392334,19.520000457763672,19.530000686645508,15.098994255065918,92300.0,HPF
2016-11-17,19.940000534057614,19.959999084472656,19.56999969482422,19.57999992370605,15.201394081115724,69400.0,HPI
2016-11-17,32.560001373291016,33.0,32.52000045776367,32.759998321533196,29.39651679992676,526400.0,HPP
2016-11-17,15.859999656677244,15.960000038146973,15.81999969482422,15.890000343322756,14.313295364379885,9623300.0,HPQ
2016-11-17,6.6500000953674325,6.9000000953674325,6.619999885559082,6.6599998474121085,6.6599998474121085,1389300.0,HPR
2016-11-17,17.110000610351562,17.25,16.950000762939453,16.950000762939453,13.068336486816404,145700.0,HPS
2016-11-17,24.0,24.1200008392334,23.790000915527344,23.899999618530273,17.67909049987793,128200.0,HQH
2016-11-17,4.440000057220459,4.440000057220459,4.320000171661377,4.320000171661377,4.320000171661377,4100.0,HQI
2016-11-17,18.770000457763672,18.780000686645508,18.6299991607666,18.670000076293945,13.875845909118652,69800.0,HQL
2016-11-17,40.09000015258789,41.650001525878906,39.90999984741211,41.540000915527344,41.540000915527344,394400.0,HQY
2016-11-17,28.809999465942386,29.03000068664551,28.34000015258789,28.45000076293945,25.089622497558594,640300.0,HR
2016-11-17,22.229999542236328,23.09000015258789,22.09000015258789,23.03000068664551,20.021631240844727,2958800.0,HRB
2016-11-17,55.27999877929688,55.86000061035156,55.18000030517578,55.75,54.01638793945313,717600.0,HRC
2016-11-17,38.45000076293945,38.88000106811523,37.97999954223633,37.97999954223633,37.97999954223633,362000.0,HRI
2016-11-17,35.70000076293945,36.0099983215332,35.36000061035156,35.939998626708984,33.450145721435554,2138300.0,HRL
2016-11-17,2.390000104904175,2.490000009536743,2.25,2.400000095367432,2.400000095367432,65100.0,HROW
2016-11-17,14.43000030517578,14.84000015258789,14.399999618530273,14.6899995803833,13.854969024658205,194000.0,HRTG
2016-11-17,19.649999618530273,20.100000381469727,19.299999237060547,19.75,19.75,481800.0,HRTX
2016-11-17,10.960000038146973,11.0,10.8100004196167,10.8100004196167,7.38309907913208,61600.0,HRZN
2016-11-17,39.2599983215332,39.43000030517578,39.11999893188477,39.290000915527344,32.02459716796875,1694500.0,HSBC
2016-11-17,12.399999618530273,12.550000190734865,12.050000190734865,12.25,12.25,988100.0,HSC
2016-11-17,6.5999999046325675,6.5999999046325675,6.5999999046325675,6.5999999046325675,6.5999999046325675,0.0,HSDT
2016-11-17,62.29019546508789,62.73333358764648,62.01176452636719,62.3098030090332,62.3098030090332,1287700.0,HSIC
2016-11-17,21.100000381469727,21.51000022888184,20.5,21.100000381469727,19.793725967407227,61200.0,HSII
2016-11-17,65.48000335693361,68.45999908447266,65.08000183105469,67.16999816894531,67.16999816894531,187900.0,HSKA
2016-11-17,14.300000190734865,15.100000381469727,14.300000190734865,14.5,14.5,1400.0,HSON
2016-11-17,17.010000228881836,17.049999237060547,16.670000076293945,16.690000534057614,14.333710670471193,7789300.0,HST
2016-11-17,25.270000457763672,25.32999992370605,24.690000534057614,24.709999084472656,23.701839447021484,112100.0,HSTM
2016-11-17,99.08999633789062,100.0199966430664,98.19000244140624,99.16000366210938,91.1407470703125,1350600.0,HSY
2016-11-17,19.670000076293945,19.899999618530273,19.520000457763672,19.63999938964844,14.908120155334473,313600.0,HT
2016-11-17,27.84000015258789,28.01000022888184,27.520000457763672,27.63999938964844,23.24006080627441,819500.0,HTA
2016-11-17,21.649999618530273,22.649999618530273,21.649999618530273,22.299999237060547,21.98053550720215,81900.0,HTBI
2016-11-17,12.0600004196167,12.3100004196167,11.75,12.149999618530273,10.92495822906494,1951500.0,HTBK
2016-11-17,15.300000190734865,15.399999618530273,14.100000381469727,14.100000381469727,14.100000381469727,54400.0,HTBX
2016-11-17,21.489999771118164,21.76000022888184,21.489999771118164,21.670000076293945,16.476587295532227,120700.0,HTD
2016-11-17,13.579999923706055,13.670000076293945,13.539999961853027,13.619999885559082,10.904083251953123,323000.0,HTGC
2016-11-17,2.1700000762939453,2.2799999713897705,2.049999952316284,2.150000095367432,2.150000095367432,17900.0,HTGM
2016-11-17,27.38999938964844,27.670000076293945,27.13999938964844,27.209999084472656,26.1071720123291,544400.0,HTH
2016-11-17,11.407500267028807,11.477499961853027,11.199999809265137,11.227499961853027,10.94137477874756,384000.0,HTHT
2016-11-17,22.200000762939453,22.26000022888184,21.86000061035156,22.15999984741211,21.855079650878906,526900.0,HTLD
2016-11-17,42.04999923706055,42.900001525878906,41.79999923706055,42.54999923706055,40.78468704223633,102400.0,HTLF
2016-11-17,9.890000343322754,10.039999961853027,9.510000228881836,9.670000076293944,6.882150173187256,138800.0,HTY
2016-11-17,23.11902618408203,23.17115592956543,21.746307373046875,21.841876983642575,21.841876983642575,2968800.0,HTZ
2016-11-17,112.47000122070312,112.86000061035156,111.01000213623048,111.4000015258789,101.70266723632812,535100.0,HUBB
2016-11-17,42.25,42.599998474121094,41.900001525878906,42.5,42.5,170000.0,HUBG
2016-11-17,57.9000015258789,58.04999923706055,56.849998474121094,57.54999923706055,57.54999923706055,300100.0,HUBS
2016-11-17,200.4499969482422,203.9499969482422,199.6499938964844,202.05999755859372,197.0663146972656,1733100.0,HUM
2016-11-17,19.059999465942386,19.18000030517578,18.57999992370605,19.15999984741211,17.518993377685547,3514200.0,HUN
2016-11-17,30.95000076293945,31.25,30.29999923706055,31.04999923706055,29.764278411865234,4800.0,HURC
2016-11-17,49.599998474121094,50.9000015258789,49.4000015258789,50.70000076293945,50.70000076293945,317500.0,HURN
2016-11-17,0.1599999964237213,0.1599999964237213,0.1599999964237213,0.1599999964237213,0.1599999964237213,86400.0,HUSA
2016-11-17,21.649999618530273,22.200000762939453,21.450000762939453,21.950000762939453,19.59233283996582,159600.0,HVT
2016-11-17,14.423076629638672,14.423076629638672,14.423076629638672,14.423076629638672,13.600168228149414,0.0,HWBK
2016-11-17,39.099998474121094,40.54999923706055,39.04999923706055,40.08000183105469,36.67615509033203,906700.0,HWC
2016-11-17,5.400000095367432,5.550000190734863,5.25,5.25,5.25,53500.0,HWCC
2016-11-17,25.03000068664551,25.25,25.01499938964844,25.25,21.51107788085937,10100.0,HWCPL
2016-11-17,44.400001525878906,45.1500015258789,44.2599983215332,45.0,41.86555480957031,23500.0,HWKN
2016-11-17,48.38000106811523,48.38999938964844,47.97999954223633,48.15999984741211,46.72397994995117,405500.0,HXL
2016-11-17,66.66999816894531,67.31999969482422,65.76000213623047,65.87000274658203,61.49023056030274,78000.0,HY
2016-11-17,8.659999847412111,8.850000381469727,8.659999847412111,8.739999771118164,6.721640110015869,72500.0,HYB
2016-11-17,14.449999809265135,14.550000190734865,14.4399995803833,14.529999732971193,11.307514190673828,47100.0,HYI
2016-11-17,10.289999961853027,10.3100004196167,10.15999984741211,10.15999984741211,7.708153247833253,371200.0,HYT
2016-11-17,22.95000076293945,23.940000534057614,22.82999992370605,23.76000022888184,23.76000022888184,196600.0,HZN
2016-11-17,21.309999465942386,21.68000030517578,20.780000686645508,21.61000061035156,21.61000061035156,3274400.0,HZNP
2016-11-17,17.149999618530273,17.600000381469727,17.049999237060547,17.600000381469727,17.600000381469727,354200.0,HZO
2016-11-17,3.0799999237060547,3.2999999523162837,2.9600000381469727,3.1700000762939453,3.1700000762939453,205700.0,I
2016-11-17,0.5,0.5,0.5,0.5,0.5,0.0,IAA
2016-11-17,65.88999938964844,66.98000335693361,65.88999938964844,66.52999877929689,66.52999877929689,326900.0,IAC
2016-11-17,8.979999542236328,9.100000381469727,8.920000076293945,8.970000267028809,6.532520294189452,31800.0,IAE
2016-11-17,5.449999809265137,5.53000020980835,5.400000095367432,5.4099998474121085,3.666273593902588,40400.0,IAF
2016-11-17,3.849999904632568,3.9800000190734863,3.609999895095825,3.7000000476837163,3.7000000476837163,9533200.0,IAG
2016-11-17,40.15999984741211,41.099998474121094,40.00500106811523,40.86999893188477,40.86999893188477,819400.0,IART
2016-11-17,46.11000061035156,46.68999862670898,45.9000015258789,45.91999816894531,43.76465225219727,13200.0,IBA
2016-11-17,18.600000381469727,18.799999237060547,18.600000381469727,18.649999618530273,17.09161376953125,103500.0,IBCP
2016-11-17,5.199999809265137,5.400000095367432,5.0,5.300000190734863,5.300000190734863,13100.0,IBIO
2016-11-17,78.19999694824219,78.5999984741211,77.25,78.30000305175781,72.36998748779297,388200.0,IBKC
2016-11-17,25.75,25.75,25.520000457763672,25.520000457763672,20.648181915283203,10000.0,IBKCO
2016-11-17,25.649999618530273,25.709999084472656,25.5,25.70000076293945,20.82083320617676,16200.0,IBKCP
2016-11-17,38.08000183105469,38.599998474121094,38.0099983215332,38.40999984741211,37.41831970214844,239900.0,IBKR
2016-11-17,159.22000122070312,159.92999267578125,158.85000610351562,159.8000030517578,138.98902893066406,2261200.0,IBM
2016-11-17,7.163636207580566,7.199999809265138,7.090909004211426,7.109090805053711,6.962765216827393,13101400.0,IBN
2016-11-17,38.900001525878906,39.599998474121094,38.400001525878906,38.45000076293945,35.35100555419922,336500.0,IBOC
2016-11-17,39.5,41.20000076293945,39.5,40.849998474121094,40.849998474121094,255100.0,IBP
2016-11-17,53.599998474121094,54.4000015258789,52.81999969482422,53.099998474121094,51.15699005126953,67500.0,IBTX
2016-11-17,3.5499999523162837,3.690000057220459,3.5299999713897705,3.5499999523162837,3.5499999523162837,10700.0,ICAD
2016-11-17,21.5,22.90999984741211,21.5,22.6299991607666,21.846923828125,12200.0,ICBK
2016-11-17,5.0900001525878915,5.0900001525878915,4.980000019073486,5.059999942779541,5.059999942779541,1200.0,ICCC
2016-11-17,99.8000030517578,101.0,98.5999984741211,100.0,100.0,9600.0,ICD
2016-11-17,54.5099983215332,55.15999984741211,54.34000015258789,54.9000015258789,52.06484985351562,3179500.0,ICE
2016-11-17,50.75,51.95000076293945,50.6500015258789,51.79999923706055,50.908653259277344,121800.0,ICFI
2016-11-17,3.7300000190734863,3.829999923706055,3.7300000190734863,3.759999990463257,2.946508407592773,51200.0,ICL
2016-11-17,77.05999755859375,78.16999816894531,76.20999908447266,77.22000122070312,77.22000122070312,551100.0,ICLR
2016-11-17,9.449999809265137,9.5,9.300000190734863,9.425000190734863,6.101673603057861,17100.0,ICMB
2016-11-17,97.8000030517578,98.9000015258789,95.4000015258789,96.3000030517578,96.3000030517578,92000.0,ICON
2016-11-17,111.06999969482422,115.9800033569336,109.04000091552734,115.25,115.25,393000.0,ICPT
2016-11-17,144.1999969482422,147.5500030517578,144.1999969482422,145.4499969482422,145.4499969482422,136600.0,ICUI
2016-11-17,74.87000274658203,75.44000244140625,74.63999938964844,75.08999633789062,69.0628662109375,185400.0,IDA
2016-11-17,78.05000305175781,79.05000305175781,77.3499984741211,77.5,72.84910583496094,316300.0,IDCC
2016-11-17,13.149999618530273,13.25,13.130000114440918,13.199999809265135,9.304030418395996,116800.0,IDE
2016-11-17,1.399999976158142,1.4500000476837158,1.3700000047683716,1.3700000047683716,1.3700000047683716,33400.0,IDEX
2016-11-17,2.4800000190734863,2.5799999237060547,2.440000057220459,2.559999942779541,2.559999942779541,65900.0,IDN
2016-11-17,14.15999984741211,14.239999771118164,13.199999809265135,14.15999984741211,14.15999984741211,161200.0,IDRA
2016-11-17,19.709999084472656,20.57999992370605,19.709999084472656,20.34000015258789,18.54786491394043,131600.0,IDT
2016-11-17,10.0,11.0,10.0,10.0,10.0,900.0,IDXG
2016-11-17,112.76000213623048,115.41000366210938,112.66999816894531,115.19000244140624,115.19000244140624,552200.0,IDXX
2016-11-17,9.75,9.75,9.75,9.75,9.75,0.0,IEA
2016-11-17,3.4600000381469727,3.690000057220459,3.4600000381469727,3.650000095367432,3.650000095367432,41200.0,IEC
2016-11-17,54.7400016784668,55.77000045776367,54.56999969482422,55.38000106811523,38.4288330078125,79900.0,IEP
2016-11-17,17.600000381469727,18.200000762939453,17.299999237060547,18.149999618530273,18.149999618530273,48300.0,IESC
2016-11-17,92.51000213623048,92.9499969482422,92.0,92.02999877929688,88.32670593261719,205400.0,IEX
2016-11-17,121.19000244140624,121.5199966430664,119.26000213623048,119.4499969482422,110.71476745605469,693600.0,IFF
2016-11-17,22.1299991607666,22.270000457763672,22.049999237060547,22.13999938964844,12.862870216369627,134300.0,IFN
2016-11-17,0.7200000286102295,0.7200000286102295,0.7200000286102295,0.7200000286102295,0.7200000286102295,0.0,IFS
2016-11-17,9.529999732971193,9.609999656677246,9.529999732971193,9.56999969482422,7.120419979095459,96500.0,IGA
2016-11-17,0.3100000023841858,0.3400000035762787,0.3100000023841858,0.33000001311302185,0.33000001311302185,147800.0,IGC
2016-11-17,6.9099998474121085,6.96999979019165,6.9099998474121085,6.96999979019165,4.945130825042725,308900.0,IGD
2016-11-17,21.01000022888184,21.21999931335449,20.71999931335449,20.88999938964844,17.694168090820312,33600.0,IGI
2016-11-17,7.199999809265138,7.260000228881836,7.199999809265138,7.239999771118164,5.511170864105225,304100.0,IGR
2016-11-17,29.6299991607666,29.76000022888184,29.3700008392334,29.57999992370605,24.869525909423828,1177700.0,IGT
2016-11-17,19.399999618530273,19.450000762939453,19.350000381469727,19.399999618530273,18.87442779541016,5900.0,IHC
2016-11-17,7.619999885559082,7.6500000953674325,7.449999809265138,7.5,5.4131131172180185,68600.0,IHD
2016-11-17,44.01046752929688,44.20866394042969,43.955413818359375,44.15361022949219,39.20854187011719,89500.0,IHG
2016-11-17,2.150000095367432,2.150000095367432,2.150000095367432,2.150000095367432,2.047648906707764,300.0,IHT
2016-11-17,6.489999771118164,6.550000190734862,6.489999771118164,6.550000190734862,4.7877278327941895,12300.0,IID
2016-11-17,25.940000534057614,26.0,25.8799991607666,25.93000030517578,16.704553604125973,18400.0,IIF
2016-11-17,3.809999942779541,3.9600000381469727,3.7899999618530273,3.940000057220459,3.401071310043335,58600.0,III
2016-11-17,34.380001068115234,34.77000045776367,33.990001678466804,34.009998321533196,31.277568817138672,159100.0,IIIN
2016-11-17,14.399999618530273,14.729999542236328,14.399999618530273,14.399999618530273,12.212664604187012,252600.0,IIM
2016-11-17,6.0,6.0,5.800000190734862,6.0,6.0,1700.0,IIN
2016-11-17,29.04999923706055,29.899999618530273,28.79999923706055,29.60000038146973,29.60000038146973,440600.0,IIVI
2016-11-17,10.81999969482422,10.81999969482422,10.81999969482422,10.81999969482422,10.81999969482422,0.0,IKNX
2016-11-17,134.75,135.11000061035156,132.91000366210938,134.08999633789062,134.08999633789062,1076400.0,ILMN
2016-11-17,33.84999847412109,34.59999847412109,33.779998779296875,34.299999237060554,34.299999237060554,805600.0,IMAX
2016-11-17,20.5,21.100000381469727,20.5,21.100000381469727,21.100000381469727,9400.0,IMBI
2016-11-17,2.0799999237060547,2.0999999046325684,2.0299999713897705,2.0799999237060547,2.0799999237060547,619100.0,IMGN
2016-11-17,14.0,14.449999809265135,13.949999809265135,14.130000114440918,14.130000114440918,244200.0,IMH
2016-11-17,47.099998474121094,48.04999923706055,47.0,47.599998474121094,44.67810821533203,42100.0,IMKTA
2016-11-17,19.90999984741211,19.90999984741211,19.51000022888184,19.51000022888184,15.470735549926758,66100.0,IMLP
2016-11-17,2.6666667461395264,2.7333333492279053,2.5999999046325684,2.700000047683716,2.700000047683716,14500.0,IMMP
2016-11-17,9.779999732971193,9.899999618530273,9.699999809265137,9.890000343322754,9.890000343322754,200100.0,IMMR
2016-11-17,3.0499999523162837,3.1700000762939453,2.9300000667572017,3.0,3.0,3709700.0,IMMU
2016-11-17,33.36999893188477,33.52000045776367,32.919998168945305,32.939998626708984,30.17579460144043,180400.0,IMO
2016-11-17,15.390000343322756,15.550000190734865,15.109999656677244,15.329999923706055,12.338899612426758,56500.0,IMOS
2016-11-17,246.0,254.0,234.0,254.0,254.0,1500.0,IMUX
2016-11-17,1.794871807098389,1.794871807098389,1.794871807098389,1.794871807098389,1.794871807098389,600.0,IMV
2016-11-17,28.5,28.88999938964844,28.5,28.85000038146973,27.908649444580078,26800.0,INBK
2016-11-17,24.0,24.35000038146973,24.0,24.25,20.64824104309082,11800.0,INBKL
2016-11-17,106.9000015258789,108.1999969482422,102.1500015258789,105.5500030517578,105.5500030517578,2869000.0,INCY
2016-11-17,64.30000305175781,64.90000152587889,63.29999923706055,64.75,59.9215202331543,96100.0,INDB
2016-11-17,1.190000057220459,1.2200000286102295,1.1399999856948853,1.2100000381469729,1.2100000381469729,482500.0,INFI
2016-11-17,8.619999885559082,8.619999885559082,8.220000267028809,8.229999542236326,8.229999542236326,2056200.0,INFN
2016-11-17,35.09000015258789,35.46500015258789,34.93000030517578,35.400001525878906,35.32551193237305,1589800.0,INFO
2016-11-17,1.8500000238418581,1.8999999761581419,1.7000000476837158,1.7999999523162842,1.7999999523162842,131900.0,INFU
2016-11-17,7.059999942779541,7.09499979019165,7.019999980926514,7.050000190734862,5.899852752685548,10340200.0,INFY
2016-11-17,13.6899995803833,13.75,13.609999656677244,13.699999809265135,11.78034496307373,2638000.0,ING
2016-11-17,64.91000366210939,67.51599884033203,64.37000274658203,67.33999633789061,67.33999633789061,203200.0,INGN
2016-11-17,120.62000274658205,121.1999969482422,119.80999755859376,119.87999725341795,110.44866180419922,560100.0,INGR
2016-11-17,14.100000381469727,14.420000076293945,14.0600004196167,14.140000343322756,11.874959945678713,460200.0,INN
2016-11-17,14.100000381469727,16.0,13.449999809265135,16.0,16.0,2800.0,INNT
2016-11-17,7.809999942779541,8.100000381469728,7.75,8.020000457763674,8.020000457763674,665200.0,INO
2016-11-17,2.0999999046325684,2.150000095367432,2.0,2.150000095367432,2.150000095367432,32200.0,INOD
2016-11-17,15.5,15.600000381469727,15.100000381469727,15.25,15.25,413200.0,INOV
2016-11-17,130410.0,153090.0,130410.0,145800.0,145800.0,0.0,INPX
2016-11-17,4.25,4.300000190734863,4.25,4.300000190734863,4.300000190734863,1200.0,INS
2016-11-17,9.850000381469727,9.850000381469727,9.850000381469727,9.850000381469727,9.850000381469727,0.0,INSE
2016-11-17,2.3499999046325684,2.400000095367432,2.3499999046325684,2.380000114440918,2.380000114440918,171200.0,INSG
2016-11-17,18.780000686645508,18.850000381469727,18.739999771118164,18.850000381469727,15.94749927520752,29600.0,INSI
2016-11-17,14.640000343322756,15.09000015258789,14.510000228881836,14.84000015258789,14.84000015258789,208700.0,INSM
2016-11-17,9.020000457763672,15.789999961853027,9.020000457763672,15.314000129699707,15.274800300598145,7400.0,INSW
2016-11-17,43.61000061035156,44.27999877929688,43.38999938964844,44.20000076293945,42.77838897705078,383700.0,INT
2016-11-17,34.810001373291016,35.02000045776367,34.630001068115234,35.02000045776367,32.25263214111328,15748500.0,INTC
2016-11-17,24.959999084472656,24.959999084472656,24.5,24.95000076293945,24.95000076293945,1100.0,INTG
2016-11-17,39.63999938964844,39.90999984741211,39.150001525878906,39.18999862670898,39.18999862670898,73600.0,INTL
2016-11-17,4.0,4.050000190734863,3.900000095367432,3.9500000476837163,3.9500000476837163,32100.0,INTT
2016-11-17,110.80999755859376,113.83999633789062,110.22000122070312,113.8000030517578,110.4643325805664,1912600.0,INTU
2016-11-17,1.2899999618530271,1.309999942779541,1.1699999570846558,1.2400000095367432,1.2400000095367432,26200.0,INUV
2016-11-17,11.239999771118164,11.25,11.0,11.0600004196167,11.0600004196167,715700.0,INVA
2016-11-17,2.619999885559082,2.7699999809265137,2.619999885559082,2.6700000762939453,2.6700000762939453,59200.0,INVE
2016-11-17,0.2199999988079071,0.2199999988079071,0.2199999988079071,0.2199999988079071,0.20831629633903506,0.0,INVH
2016-11-17,9.239999771118164,9.390000343322754,9.199999809265137,9.279999732971193,9.279999732971193,139300.0,INWK
2016-11-17,8.300000190734862,8.300000190734862,7.3499999046325675,7.449999809265138,7.449999809265138,78700.0,IO
2016-11-17,45.0099983215332,46.5,44.27000045776367,46.4000015258789,46.4000015258789,1884800.0,IONS
2016-11-17,7.199999809265138,7.300000190734862,7.199999809265138,7.300000190734862,7.300000190734862,300.0,IOR
2016-11-17,61.9000015258789,63.099998474121094,59.79999923706055,62.6500015258789,60.47709655761719,118200.0,IOSP
2016-11-17,1.950000047683716,2.0,1.7999999523162842,1.8500000238418581,1.8500000238418581,80000.0,IOTS
2016-11-17,7.5999999046325675,7.6500000953674325,7.4000000953674325,7.5,7.5,119800.0,IOVA
2016-11-17,48.040000915527344,49.06999969482422,47.72000122070313,48.31999969482422,42.412986755371094,3450600.0,IP
2016-11-17,32.799999237060554,33.150001525878906,32.34999847412109,33.09999847412109,31.09223556518555,86200.0,IPAR
2016-11-17,5.949999809265138,7.070000171661378,5.949999809265138,6.75,6.75,111200.0,IPDN
2016-11-17,23.25,24.229999542236328,23.170000076293945,24.13999938964844,21.197509765625,8085300.0,IPG
2016-11-17,95.12999725341795,96.4800033569336,94.18000030517578,96.08000183105469,96.08000183105469,192100.0,IPGP
2016-11-17,45.38999938964844,46.88000106811523,44.97000122070313,46.81999969482422,46.81999969482422,1217800.0,IPHI
2016-11-17,1.2799999713897705,1.2899999618530271,1.2100000381469729,1.2699999809265137,1.2699999809265137,1113900.0,IPI
2016-11-17,24.3700008392334,25.270000457763672,24.20000076293945,24.440000534057614,20.492366790771484,15100.0,IPLDP
2016-11-17,41.20000076293945,42.11999893188477,39.70000076293945,40.20000076293945,40.20000076293945,3500.0,IPWR
2016-11-17,12.329999923706055,12.359999656677244,12.229999542236328,12.31999969482422,10.313395500183104,183000.0,IQI
2016-11-17,77.37999725341797,79.70999908447266,77.12999725341797,79.4800033569336,79.4800033569336,1523800.0,IQV
2016-11-17,75.23999786376953,75.44000244140625,74.52999877929688,74.68000030517578,67.42787170410156,2215900.0,IR
2016-11-17,55.02000045776367,55.16999816894531,54.099998474121094,54.79999923706055,54.79999923706055,344400.0,IRBT
2016-11-17,44.93999862670898,44.93999862670898,44.93999862670898,44.93999862670898,41.399112701416016,0.0,IRCP
2016-11-17,8.649999618530272,8.850000381469727,8.600000381469728,8.649999618530272,8.649999618530272,275700.0,IRDM
2016-11-17,65.19999694824219,66.09999847412111,64.80000305175781,64.80000305175781,59.88405227661133,27400.0,IRET
2016-11-17,16.200000762939453,16.200000762939453,15.779999732971193,16.100000381469727,16.100000381469727,10700.0,IRIX
2016-11-17,11.850000381469727,12.010000228881836,11.829999923706055,11.9399995803833,9.65033721923828,18700.0,IRL
2016-11-17,32.150001525878906,32.330001831054695,31.82999992370605,32.0,25.06572914123535,1302100.0,IRM
2016-11-17,10.949999809265137,11.5,10.774999618530273,11.25,11.25,140800.0,IRMD
2016-11-17,19.549999237060547,19.56999969482422,19.13999938964844,19.13999938964844,18.367923736572266,2900.0,IROQ
2016-11-17,6.5900001525878915,6.5900001525878915,6.510000228881836,6.53000020980835,4.470287322998047,40200.0,IRR
2016-11-17,17.549999237060547,18.09000015258789,17.379999160766598,17.860000610351562,17.043203353881836,74600.0,IRS
2016-11-17,8.829999923706055,8.949999809265137,8.760000228881836,8.779999732971191,6.900809288024902,707300.0,IRT
2016-11-17,26.01000022888184,27.46999931335449,25.649999618530273,27.45000076293945,27.45000076293945,85100.0,IRTC
2016-11-17,13.718592643737793,13.860971450805664,13.542713165283205,13.55946445465088,13.55946445465088,2568100.0,IRWD
2016-11-17,13.600000381469727,13.75,13.539999961853027,13.729999542236328,12.412314414978027,2124800.0,ISBC
2016-11-17,14.93000030517578,15.06999969482422,14.93000030517578,14.970000267028807,11.531455039978027,125100.0,ISD
2016-11-17,7.300000190734862,7.4000000953674325,7.25,7.25,7.068594455718994,20400.0,ISDR
2016-11-17,34.61999893188477,35.38999938964844,34.52000045776367,35.25,35.25,607400.0,ISEE
2016-11-17,2.049999952316284,2.200000047683716,2.0199999809265137,2.049999952316284,1.4760000705718994,14700.0,ISIG
2016-11-17,3.5499999523162837,4.099999904632568,3.5499999523162837,3.849999904632568,3.849999904632568,307900.0,ISNS
2016-11-17,0.6000000238418579,0.6000000238418579,0.5699999928474426,0.5899999737739563,0.5899999737739563,173200.0,ISR
2016-11-17,214.4366607666016,218.6699981689453,214.4366607666016,218.1999969482422,218.1999969482422,837000.0,ISRG
2016-11-17,3.2699999809265137,3.4200000762939453,3.1800000667572017,3.3499999046325684,3.3499999046325684,22600.0,ISSC
2016-11-17,17.100000381469727,17.350000381469727,17.100000381469727,17.350000381469727,16.98581314086914,9100.0,ISTR
2016-11-17,102.5999984741211,104.62000274658205,102.58999633789062,104.54000091552734,104.54000091552734,476800.0,IT
2016-11-17,12.029999732971193,12.119999885559082,11.949999809265135,12.0600004196167,10.358331680297852,25900.0,ITCB
2016-11-17,13.539999961853027,13.670000076293945,13.279999732971193,13.579999923706055,13.579999923706055,430600.0,ITCI
2016-11-17,26.149999618530273,26.85000038146973,26.149999618530273,26.70000076293945,26.70000076293945,165400.0,ITGR
2016-11-17,3.390000104904175,3.440000057220459,3.369999885559082,3.380000114440918,3.380000114440918,25400.0,ITI
2016-11-17,122.12000274658205,130.3699951171875,118.0,130.02000427246094,112.04058074951172,2500.0,ITIC
2016-11-17,1.149999976158142,1.5399999618530271,1.149999976158142,1.440000057220459,1.440000057220459,265100.0,ITP
2016-11-17,64.55000305175781,65.40000152587889,64.25,64.75,64.75,208900.0,ITRI
2016-11-17,24.649999618530273,24.85000038146973,24.20000076293945,24.45000076293945,21.78611946105957,21700.0,ITRN
2016-11-17,38.209999084472656,38.43000030517578,38.11999893188477,38.27999877929688,36.73960876464844,230700.0,ITT
2016-11-17,6.980000019073486,7.053333282470702,6.793333530426025,6.820000171661378,5.837452411651611,18396600.0,ITUB
2016-11-17,124.5,124.9800033569336,123.9000015258789,124.08999633789062,114.06072998046876,1161800.0,ITW
2016-11-17,6.550000190734862,6.670000076293945,6.460000038146973,6.550000190734862,6.550000190734862,46600.0,IVAC
2016-11-17,11.850000381469727,12.199999809265135,11.75,11.800000190734865,11.578272819519045,225700.0,IVC
2016-11-17,13.529999732971193,13.619999885559082,13.470000267028807,13.520000457763672,9.931711196899414,54600.0,IVH
2016-11-17,14.619999885559082,14.760000228881836,14.600000381469727,14.6899995803833,9.058899879455566,628100.0,IVR
2016-11-17,31.81999969482422,32.049999237060554,31.6299991607666,31.899999618530273,26.69560623168945,3251200.0,IVZ
2016-11-17,79.91000366210938,81.0,79.91000366210938,80.86000061035156,74.19479370117188,25500.0,IX
2016-11-17,4.699999809265137,4.738999843597412,4.5,4.71999979019165,4.71999979019165,14800.0,IZEA
2016-11-17,58.709999084472656,58.97999954223633,58.47999954223633,58.83000183105469,57.06710433959961,890900.0,J
2016-11-17,100.69000244140624,102.73999786376952,100.69000244140624,102.54000091552734,96.22874450683594,535400.0,JACK
2016-11-17,924.0,931.3499755859376,861.0,871.5,871.5,100.0,JAGX
2016-11-17,6.9000000953674325,7.050000190734862,6.800000190734862,6.8499999046325675,6.8499999046325675,94300.0,JAKK
2016-11-17,5.550000190734863,5.75,4.849999904632568,5.050000190734863,5.050000190734863,24300.0,JAN
2016-11-17,9.899999618530273,9.949999809265137,9.850000381469727,9.899999618530273,9.899999618530273,28900.0,JAX
2016-11-17,112.0,112.81999969482422,109.88999938964844,110.23999786376952,110.23999786376952,658600.0,JAZZ
2016-11-17,91.48999786376952,91.8499984741211,90.91999816894531,91.4499969482422,88.72278594970703,771000.0,JBHT
2016-11-17,23.93000030517578,23.93000030517578,23.729999542236328,23.85000038146973,19.7871036529541,3000.0,JBK
2016-11-17,20.709999084472656,20.81999969482422,20.530000686645508,20.6299991607666,19.898242950439453,2684800.0,JBL
2016-11-17,20.13999938964844,20.799999237060547,20.09000015258789,20.739999771118164,20.739999771118164,6489400.0,JBLU
2016-11-17,17.770000457763672,18.0,17.75,17.969999313354492,10.601740837097168,2900.0,JBN
2016-11-17,17.799999237060547,17.799999237060547,17.110000610351562,17.790000915527344,11.165658950805664,1400.0,JBR
2016-11-17,68.41999816894531,68.41999816894531,65.91000366210939,66.08999633789061,56.10189056396485,117100.0,JBSS
2016-11-17,84.6500015258789,86.5,84.6500015258789,86.30000305175781,85.0204849243164,139100.0,JBT
2016-11-17,18.280000686645508,18.46999931335449,18.100000381469727,18.11000061035156,13.899941444396973,12200.0,JCAP
2016-11-17,13.279999732971193,13.34000015258789,13.210000038146973,13.279999732971193,9.293401718139648,34900.0,JCE
2016-11-17,44.66999816894531,45.0,44.540000915527344,44.7400016784668,40.678558349609375,4809200.0,JCI
2016-11-17,74.54000091552734,74.7699966430664,73.69000244140625,74.58999633789062,70.87468719482422,261100.0,JCOM
2016-11-17,9.199999809265137,9.449999809265137,9.09000015258789,9.43000030517578,9.43000030517578,12756600.0,JCP
2016-11-17,4.260000228881837,4.300000190734863,4.2100000381469735,4.300000190734863,3.840354204177856,13300.0,JCS
2016-11-17,5.6500000953674325,5.6500000953674325,5.625,5.625,5.625,600.0,JCTCF
2016-11-17,26.5,26.93000030517578,26.32999992370605,26.75,26.75,8590300.0,JD
2016-11-17,10.800000190734863,10.890000343322754,10.800000190734863,10.869999885559082,7.840871810913086,44300.0,JDD
2016-11-17,5.170000076293945,5.369999885559082,5.170000076293945,5.309999942779541,4.091383457183838,92300.0,JE
2016-11-17,19.4288387298584,19.531835556030273,19.363296508789066,19.456928253173828,18.107908248901367,1330600.0,JEF
2016-11-17,7.8499999046325675,7.860000133514403,7.8400001525878915,7.860000133514403,6.285459995269775,16200.0,JEQ
2016-11-17,11.270000457763672,11.289999961853027,11.239999771118164,11.270000457763672,8.856229782104492,215800.0,JFR
2016-11-17,0.3100000023841858,0.3899999856948853,0.3050000071525574,0.3400000035762787,0.3400000035762787,162500.0,JG
2016-11-17,15.0600004196167,15.130000114440918,14.949999809265135,15.079999923706055,11.400480270385742,65800.0,JGH
2016-11-17,9.949999809265137,10.0,9.949999809265137,10.0,8.267322540283201,122700.0,JHB
2016-11-17,16.129999160766598,16.329999923706055,16.049999237060547,16.149999618530273,12.434375762939453,13600.0,JHI
2016-11-17,13.880000114440918,13.90999984741211,13.800000190734865,13.800000190734865,11.49186897277832,32900.0,JHS
2016-11-17,15.300000190734865,15.449999809265135,15.270000457763672,15.34000015258789,14.110532760620115,6600.0,JHX
2016-11-17,10.149999618530273,10.170000076293944,10.109999656677246,10.170000076293944,8.648861885070799,38100.0,JHY
2016-11-17,35.54999923706055,35.75,35.54999923706055,35.75,35.75,2600.0,JJA
2016-11-17,28.78000068664551,28.899999618530273,28.53000068664551,28.63999938964844,28.63999938964844,118600.0,JJC
2016-11-17,5.239999771118164,5.239999771118164,5.239999771118164,5.239999771118164,5.239999771118164,100.0,JJE
2016-11-17,28.11000061035156,28.32999992370605,27.95000076293945,28.28000068664551,28.28000068664551,15600.0,JJG
2016-11-17,23.5,23.5,23.5,23.5,23.5,1100.0,JJM
2016-11-17,13.720000267028807,13.880000114440918,13.720000267028807,13.850000381469727,13.850000381469727,1900.0,JJN
2016-11-17,56.20000076293945,56.20000076293945,56.20000076293945,56.20000076293945,56.20000076293945,200.0,JJP
2016-11-17,42.90999984741211,42.90999984741211,42.90999984741211,42.90999984741211,42.90999984741211,0.0,JJS
2016-11-17,121.26000213623048,122.77999877929688,120.33999633789062,122.19000244140624,116.853515625,50300.0,JJSF
2016-11-17,49.22000122070313,49.22000122070313,49.22000122070313,49.22000122070313,49.22000122070313,200.0,JJT
2016-11-17,15.59000015258789,15.59000015258789,15.59000015258789,15.59000015258789,15.59000015258789,200.0,JJU
2016-11-17,84.94000244140625,86.55999755859375,84.94000244140625,86.55000305175781,83.119873046875,257000.0,JKHY
2016-11-17,14.539999961853027,14.5600004196167,13.9399995803833,14.100000381469727,14.100000381469727,617600.0,JKS
2016-11-17,96.63999938964844,98.5999984741211,96.0500030517578,98.37999725341795,96.6437759399414,322600.0,JLL
2016-11-17,23.8799991607666,23.8799991607666,23.670000076293945,23.739999771118164,17.378332138061527,33200.0,JLS
2016-11-17,48.79999923706055,50.93000030517578,48.599998474121094,49.5,49.5,18200.0,JMEI
2016-11-17,13.5,13.65999984741211,13.300000190734865,13.34000015258789,9.470130920410156,132700.0,JMF
2016-11-17,9.890000343322754,9.989999771118164,9.68000030517578,9.779999732971193,6.842505931854247,53200.0,JMLP
2016-11-17,7.110000133514403,7.139999866485597,7.110000133514403,7.139999866485597,5.988425254821777,4900.0,JMM
2016-11-17,5.960000038146973,6.0900001525878915,5.929999828338622,6.059999942779541,5.019749641418457,49300.0,JMP
2016-11-17,116.68000030517578,116.68000030517578,116.12000274658205,116.56999969482422,106.16947174072266,5730300.0,JNJ
2016-11-17,26.09000015258789,26.290000915527344,25.86000061035156,26.239999771118164,24.14170837402344,4379900.0,JNPR
2016-11-17,23.81999969482422,23.82999992370605,23.45000076293945,23.53000068664551,23.53000068664551,66000.0,JO
2016-11-17,4.829999923706055,4.829999923706055,4.6599998474121085,4.679999828338623,4.679999828338623,400.0,JOB
2016-11-17,33.810001373291016,34.25,33.810001373291016,34.0,34.0,30200.0,JOBS
2016-11-17,19.399999618530273,19.75,19.25,19.299999237060547,19.299999237060547,302400.0,JOE
2016-11-17,10.390000343322754,10.470000267028807,10.390000343322754,10.460000038146973,6.331105709075928,10600.0,JOF
2016-11-17,40.0099983215332,43.099998474121094,40.0099983215332,43.02000045776367,41.907447814941406,64200.0,JOUT
2016-11-17,8.949999809265137,9.100000381469727,8.9399995803833,9.0,8.256370544433594,20600.0,JP
2016-11-17,9.369999885559082,9.369999885559082,9.199999809265137,9.279999732971193,7.189002513885497,514700.0,JPC
2016-11-17,22.989999771118164,23.1200008392334,22.78000068664551,22.809999465942386,18.02294158935547,59000.0,JPI
2016-11-17,77.93000030517578,78.45999908447266,77.5999984741211,78.0199966430664,71.44051361083984,19306700.0,JPM
2016-11-17,8.75,8.789999961853027,8.699999809265138,8.699999809265138,6.789596080780028,788400.0,JPS
2016-11-17,0.002000000094994902,0.002000000094994902,0.002000000094994902,0.002000000094994902,0.0016576109919697044,0.0,JPT
2016-11-17,8.420000076293945,8.430000305175781,8.319999694824219,8.329999923706055,5.933555603027344,351200.0,JQC
2016-11-17,15.449999809265135,15.539999961853027,15.40999984741211,15.479999542236328,11.951441764831545,31700.0,JRI
2016-11-17,42.0,43.400001525878906,41.20000076293945,41.900001525878906,41.900001525878906,10600.0,JRJC
2016-11-17,11.399999618530273,11.56999969482422,11.380000114440918,11.489999771118164,8.99032974243164,282000.0,JRO
2016-11-17,10.039999961853027,10.199999809265137,10.010000228881836,10.010000228881836,7.457621574401855,118500.0,JRS
2016-11-17,39.20000076293945,40.56999969482422,39.20000076293945,40.33000183105469,34.893115997314446,43000.0,JRVR
2016-11-17,16.559999465942386,16.75,16.559999465942386,16.610000610351562,12.88668155670166,22600.0,JSD
2016-11-17,22.6200008392334,22.71999931335449,22.60000038146973,22.709999084472656,17.880826950073242,25600.0,JSM
2016-11-17,11.210000038146973,11.31999969482422,11.1899995803833,11.289999961853027,8.408870697021483,32000.0,JTA
2016-11-17,13.800000190734865,13.880000114440918,13.800000190734865,13.869999885559082,10.501452445983887,66000.0,JTD
2016-11-17,5.150000095367432,5.21999979019165,5.070000171661377,5.139999866485597,5.139999866485597,11800.0,JVA
2016-11-17,58.5,59.0,57.66999816894531,58.5,51.6932258605957,2659800.0,JWN
2016-11-17,2.450000047683716,2.505000114440918,2.450000047683716,2.5,2.5,34900.0,JYNT
2016-11-17,73.05999755859375,73.7699966430664,72.58000183105469,73.44000244140625,65.23114013671875,1197500.0,K
2016-11-17,60.0,60.38000106811523,58.43000030517578,59.9000015258789,57.94424438476562,50600.0,KAI
2016-11-17,85.0999984741211,85.22000122070312,81.62999725341797,81.66999816894531,75.42156219482422,331200.0,KALU
2016-11-17,7.811999797821045,8.371999740600586,7.559999942779541,7.8540000915527335,7.8540000915527335,15700.0,KALV
2016-11-17,48.5,48.86999893188477,48.45000076293945,48.66999816894531,46.30745315551758,227200.0,KAMN
2016-11-17,15.359576225280762,15.38607120513916,15.07569980621338,15.132475852966307,12.046446800231935,2318000.0,KAR
2016-11-17,34.86999893188477,35.009998321533196,34.709999084472656,34.799999237060554,32.422645568847656,113700.0,KB
2016-11-17,14.84000015258789,15.289999961853027,14.760000228881836,15.270000457763672,14.297134399414062,268100.0,KBAL
2016-11-17,15.25,15.56999969482422,15.130000114440918,15.18000030517578,14.89102840423584,3047700.0,KBH
2016-11-17,16.950000762939453,16.950000762939453,16.219999313354492,16.319999694824222,15.346062660217285,1542400.0,KBR
2016-11-17,6.0,6.5999999046325675,5.400000095367432,5.400000095367432,5.400000095367432,4100.0,KBSF
2016-11-17,6.0900001525878915,6.690000057220459,6.005000114440918,6.110000133514403,6.110000133514403,50800.0,KDMN
2016-11-17,82.87000274658203,83.08999633789062,82.23999786376953,83.04000091552734,12.326386451721193,1158600.0,KDP
2016-11-17,16.850000381469727,16.850000381469727,16.399999618530273,16.700000762939453,16.700000762939453,121700.0,KE
2016-11-17,20.280000686645508,20.6299991607666,20.280000686645508,20.5,19.606884002685547,86900.0,KELYA
2016-11-17,19.540000915527344,19.540000915527344,19.540000915527344,19.540000915527344,18.682939529418945,0.0,KELYB
2016-11-17,4.369999885559082,4.389999866485597,4.260000228881837,4.309999942779541,4.264253616333009,331700.0,KEM
2016-11-17,9.130000114440918,9.65999984741211,9.130000114440918,9.586000442504883,4.736284732818604,1600.0,KEN
2016-11-17,20.15999984741211,20.15999984741211,19.96999931335449,19.979999542236328,18.69618225097656,637200.0,KEP
2016-11-17,22.149999618530273,22.790000915527344,22.149999618530273,22.739999771118164,20.8890323638916,2000.0,KEQU
2016-11-17,65.0,65.5,62.349998474121094,62.45000076293945,62.45000076293945,689300.0,KEX
2016-11-17,16.780000686645508,17.010000228881836,16.719999313354492,17.0,15.275569915771484,25404400.0,KEY
2016-11-17,35.0,35.58000183105469,35.0,35.220001220703125,35.220001220703125,737300.0,KEYS
2016-11-17,32.080001831054695,32.080001831054695,31.899999618530273,32.009998321533196,24.12259864807129,5800.0,KF
2016-11-17,8.649999618530272,8.699999809265138,8.5,8.5,7.28126859664917,1700.0,KFFB
2016-11-17,19.399999618530273,19.850000381469727,19.299999237060547,19.399999618530273,18.038881301879886,133600.0,KFRC
2016-11-17,5.75,5.9000000953674325,5.5,5.800000190734862,5.800000190734862,80300.0,KFS
2016-11-17,23.690000534057614,24.209999084472656,23.690000534057614,24.04999923706055,23.19420051574707,521500.0,KFY
2016-11-17,3.6800000667572017,3.740000009536743,3.4500000476837163,3.559999942779541,3.559999942779541,20035500.0,KGC
2016-11-17,1.8500000238418581,1.8999999761581419,1.7599999904632568,1.7599999904632568,1.7599999904632568,93700.0,KGJI
2016-11-17,82.30999755859375,82.83999633789062,81.5,82.83999633789062,71.35163116455078,3161600.0,KHC
2016-11-17,26.09000015258789,26.290000915527344,25.59000015258789,25.61000061035156,20.13832092285156,3046000.0,KIM
2016-11-17,4.400000095367432,4.599999904632568,4.400000095367432,4.599999904632568,4.599999904632568,23600.0,KIN
2016-11-17,12.300000190734865,12.350000381469727,12.0,12.199999809265135,11.173818588256836,15200.0,KINS
2016-11-17,15.229999542236328,15.279999732971193,15.130000114440918,15.149999618530273,11.266818046569824,66400.0,KIO
2016-11-17,0.9700000286102296,0.9800000190734864,0.9300000071525574,0.9399999976158142,0.9399999976158142,26500.0,KIQ
2016-11-17,13.81999969482422,14.149999618530273,13.670000076293945,14.039999961853027,14.039999961853027,97600.0,KIRK
2016-11-17,14.789999961853027,15.369999885559082,14.789999961853027,15.220000267028807,13.972991943359375,4167900.0,KKR
2016-11-17,6.070000171661378,6.230000019073486,5.760000228881836,5.8400001525878915,5.739258766174316,59471.0,KL
2016-11-17,77.87999725341797,79.83999633789062,77.69999694824219,79.05000305175781,72.94023132324219,1670600.0,KLAC
2016-11-17,14.8100004196167,15.369999885559082,14.800000190734865,15.329999923706055,14.691177368164062,728300.0,KLIC
2016-11-17,0.05000000074505806,0.05000000074505806,0.05000000074505806,0.05000000074505806,0.05000000074505806,0.0,KLR
2016-11-17,113.4000015258789,113.83000183105469,111.91000366210938,112.36000061035156,100.25048065185548,2098000.0,KMB
2016-11-17,5.400000095367432,5.400000095367432,5.300000190734863,5.349999904632568,5.349999904632568,12500.0,KMDA
2016-11-17,14.960000038146973,15.229999542236328,14.859999656677244,14.920000076293945,11.176164627075195,69400.0,KMF
2016-11-17,21.450000762939453,21.61000061035156,21.34000015258789,21.3799991607666,18.82790184020996,8736000.0,KMI
2016-11-17,4.099999904632568,4.199999809265137,4.050000190734863,4.150000095367432,4.150000095367432,13300.0,KMPH
2016-11-17,39.650001525878906,40.45000076293945,39.150001525878906,40.20000076293945,38.1937141418457,248000.0,KMPR
2016-11-17,34.450000762939446,34.639999389648445,33.439998626708984,33.56999969482422,31.267126083374023,1301400.0,KMT
2016-11-17,55.290000915527344,56.15999984741211,54.16999816894531,55.70000076293945,55.70000076293945,1998300.0,KMX
2016-11-17,16.020000457763672,16.319999694824222,15.800000190734865,16.049999237060547,16.049999237060547,684800.0,KN
2016-11-17,4.0,4.050000190734863,3.900000095367432,3.900000095367432,3.900000095367432,192900.0,KNDI
2016-11-17,24.899999618530273,25.290000915527344,24.86000061035156,25.290000915527344,22.72203826904297,200800.0,KNL
2016-11-17,21.600000381469727,21.850000381469727,21.350000381469727,21.350000381469727,15.47729206085205,40000.0,KNOP
2016-11-17,26.20000076293945,27.020000457763672,25.57999992370605,26.690000534057614,26.21548843383789,126200.0,KNSL
2016-11-17,34.59999847412109,34.97999954223633,34.34999847412109,34.700000762939446,33.86407852172852,801800.0,KNX
2016-11-17,41.27999877929688,41.29999923706055,41.0,41.11999893188477,36.63754653930664,12398800.0,KO
2016-11-17,16.350000381469727,16.649999618530273,16.299999237060547,16.649999618530273,16.649999618530273,81100.0,KODK
2016-11-17,64.18000030517578,65.26999664306639,64.18000030517578,65.01999664306639,58.94682312011719,153700.0,KOF
2016-11-17,37.849998474121094,38.20000076293945,37.29999923706055,37.599998474121094,37.599998474121094,133800.0,KOP
2016-11-17,2.4800000190734863,2.6800000667572017,2.450000047683716,2.6600000858306885,2.6600000858306885,438400.0,KOPN
2016-11-17,4.880000114440918,4.960000038146973,4.730000019073486,4.760000228881836,4.543983459472656,1269300.0,KOS
2016-11-17,2.359999895095825,2.390000104904175,2.359999895095825,2.369999885559082,2.369999885559082,3000.0,KOSS
2016-11-17,9.43000030517578,10.010000228881836,9.289999961853027,9.949999809265137,9.949999809265137,142100.0,KPTI
2016-11-17,32.970001220703125,33.59000015258789,32.59000015258789,33.52000045776367,31.374135971069336,10298900.0,KR
2016-11-17,29.85000038146973,30.04999923706055,29.65999984741211,29.76000022888184,29.76000022888184,280300.0,KRA
2016-11-17,70.66000366210938,72.12000274658203,70.4000015258789,71.6500015258789,65.72614288330078,787700.0,KRC
2016-11-17,24.78000068664551,24.989999771118164,24.36000061035156,24.40999984741211,18.71776008605957,344200.0,KRG
2016-11-17,11.399999618530273,11.5,11.300000190734865,11.399999618530273,11.399999618530273,89900.0,KRNT
2016-11-17,14.949999809265135,15.149999618530273,14.850000381469727,15.100000381469727,14.129074096679688,300800.0,KRNY
2016-11-17,11.800000190734865,11.800000190734865,11.43000030517578,11.6899995803833,10.00445556640625,387800.0,KRO
2016-11-17,12.25,12.270000457763672,12.140000343322756,12.140000343322756,10.164003372192383,22900.0,KSM
2016-11-17,53.68000030517578,54.63000106811523,52.34000015258789,54.5099983215332,44.76298522949219,3767300.0,KSS
2016-11-17,85.0,86.73999786376953,85.0,86.0,82.17207336425781,2123900.0,KSU
2016-11-17,15.079999923706055,15.170000076293945,14.850000381469727,15.010000228881836,14.215126991271973,902000.0,KT
2016-11-17,7.639999866485597,7.6500000953674325,7.53000020980835,7.630000114440918,7.630000114440918,29100.0,KTCC
2016-11-17,12.84000015258789,12.859999656677244,12.760000228881836,12.81999969482422,10.726040840148926,118200.0,KTF
2016-11-17,31.56999969482422,31.56999969482422,31.209999084472656,31.25,25.94586944580078,300.0,KTH
2016-11-17,31.459999084472656,32.240001678466804,31.459999084472656,31.459999084472656,25.12052917480469,1200.0,KTN
2016-11-17,6.9000000953674325,7.199999809265138,6.8499999046325675,6.8499999046325675,6.8499999046325675,602600.0,KTOS
2016-11-17,3.5299999713897705,3.776999950408936,3.49399995803833,3.75,3.75,179200.0,KTOV
2016-11-17,20.899999618530273,21.149999618530273,20.75,21.049999237060547,12.513792991638185,9900.0,KTP
2016-11-17,5.550000190734863,5.6500000953674325,5.400000095367432,5.599999904632568,5.599999904632568,10100.0,KURA
2016-11-17,9.800000190734863,9.899999618530273,9.800000190734863,9.850000381469727,9.850000381469727,22000.0,KVHI
2016-11-17,22.60000038146973,22.95000076293945,22.350000381469727,22.399999618530273,19.460376739501953,393800.0,KW
2016-11-17,123.18000030517578,124.11000061035156,119.87000274658205,119.87000274658205,116.09857177734376,108800.0,KWR
2016-11-17,19.82999992370605,20.01000022888184,19.549999237060547,19.68000030517578,14.112848281860352,296100.0,KYN
2016-11-17,6.760000228881836,7.0,6.679999828338622,6.800000190734862,6.800000190734862,7600.0,KZIA
2016-11-17,43.61000061035156,44.11999893188477,43.560001373291016,43.9900016784668,43.20899963378906,1003100.0,L
2016-11-17,2.299999952316284,2.299999952316284,2.200000047683716,2.299999952316284,2.299999952316284,65100.0,LAC
2016-11-17,86.2300033569336,86.9800033569336,85.27999877929688,86.95999908447266,83.86695098876953,262200.0,LAD
2016-11-17,14.15999984741211,14.380000114440918,14.15999984741211,14.25,10.526487350463867,203500.0,LADR
2016-11-17,10.899999618530273,11.5,10.899999618530273,11.149999618530273,11.149999618530273,91700.0,LAKE
2016-11-17,62.5,63.36999893188477,62.29999923706055,63.11999893188477,53.021263122558594,625100.0,LAMR
2016-11-17,135.5,136.71000671386722,134.36000061035156,136.27999877929688,128.23765563964844,79000.0,LANC
2016-11-17,10.899999618530273,11.0600004196167,10.871000289916992,11.039999961853027,9.558592796325684,27100.0,LAND
2016-11-17,25.57200050354004,25.57200050354004,25.56999969482422,25.56999969482422,20.775190353393555,2100.0,LANDP
2016-11-17,24.53514671325684,25.16099739074707,24.53514671325684,24.761905670166016,22.327482223510746,1900.0,LARK
2016-11-17,23.45000076293945,24.70000076293945,23.149999618530273,23.399999618530273,23.399999618530273,17700.0,LAWS
2016-11-17,39.7599983215332,40.34000015258789,39.61000061035156,40.060001373291016,35.14255142211914,446800.0,LAZ
2016-11-17,66.0,69.80000305175781,65.0,69.63999938964844,57.62434768676758,3989000.0,LB
2016-11-17,16.299999237060547,16.399999618530273,16.25,16.399999618530273,15.036304473876953,114200.0,LBAI
2016-11-17,12.960000038146973,13.199999809265135,12.960000038146973,13.199999809265135,12.62570571899414,10200.0,LBC
2016-11-17,66.91999816894531,67.83999633789061,66.91999816894531,67.79000091552734,67.79000091552734,114100.0,LBRDA
2016-11-17,68.27999877929689,69.50499725341797,67.26999664306639,69.16999816894531,69.16999816894531,533500.0,LBRDK
2016-11-17,31.76000022888184,33.110000610351555,31.56999969482422,32.90999984741211,32.90999984741211,3980300.0,LBTYA
2016-11-17,32.029998779296875,32.029998779296875,32.029998779296875,32.029998779296875,32.029998779296875,0.0,LBTYB
2016-11-17,30.96999931335449,32.310001373291016,30.96999931335449,32.0,32.0,3806000.0,LBTYK
2016-11-17,17.790000915527344,17.93000030517578,17.510000228881836,17.610000610351562,16.409921646118164,94100.0,LBY
2016-11-17,31.35000038146973,31.399999618530273,29.60000038146973,30.29999923706055,30.29999923706055,2942600.0,LC
2016-11-17,10.369999885559082,10.369999885559082,10.369999885559082,10.369999885559082,10.369999885559082,0.0,LCAHU
2016-11-17,22.049999237060547,22.795000076293945,21.149999618530273,22.5,22.5,826400.0,LCI
2016-11-17,97.75,99.9499969482422,97.6500015258789,99.5999984741211,91.30475616455078,297400.0,LCII
2016-11-17,19.299999237060547,20.049999237060547,17.200000762939453,20.0,17.48097801208496,23500.0,LCNB
2016-11-17,3.5799999237060547,3.5999999046325684,3.509999990463257,3.5999999046325684,3.5999999046325684,207500.0,LCTX
2016-11-17,16.700000762939453,16.700000762939453,16.049999237060547,16.149999618530273,15.31269359588623,21400.0,LCUT
2016-11-17,44.95000076293945,44.95000076293945,44.95000076293945,44.95000076293945,44.95000076293945,0.0,LD
2016-11-17,56.04999923706055,56.79999923706055,55.599998474121094,56.20000076293945,56.20000076293945,174600.0,LDL
2016-11-17,47.88000106811523,48.13999938964844,47.5,47.54999923706055,44.355281829833984,1337300.0,LDOS
2016-11-17,23.78000068664551,23.86000061035156,22.959999084472656,23.149999618530273,17.95214080810547,268700.0,LDP
2016-11-17,17.600000381469727,17.950000762939453,17.399999618530273,17.899999618530273,17.899999618530273,38500.0,LE
2016-11-17,125.5500030517578,126.76000213623048,123.41000366210938,126.54000091552734,118.82738494873048,497600.0,LEA
2016-11-17,6.4000000953674325,6.550000190734862,6.4000000953674325,6.5,6.5,5700.0,LEAF
2016-11-17,75.58000183105469,75.8499984741211,75.0999984741211,75.77999877929688,70.42717742919922,315000.0,LECO
2016-11-17,4.699999809265137,4.739999771118164,4.199999809265137,4.199999809265137,4.199999809265137,98600.0,LEDS
2016-11-17,3.0499999523162837,3.0999999046325684,2.799999952316284,3.0,3.0,152000.0,LEE
2016-11-17,48.93000030517578,49.43999862670898,48.77000045776367,48.790000915527344,43.28872299194336,815900.0,LEG
2016-11-17,4.4099998474121085,4.570000171661377,4.306000232696533,4.360000133514403,4.360000133514403,26500.0,LEJU
2016-11-17,42.14355850219727,43.14651107788086,41.91740417480469,42.487709045410156,42.01462936401367,2567700.0,LEN
2016-11-17,8.279999732971191,8.319999694824219,8.25,8.279999732971191,6.893205642700195,149200.0,LEO
2016-11-17,4.510000228881836,4.679999828338623,4.179999828338623,4.389999866485597,4.389999866485597,88000.0,LEU
2016-11-17,12.859999656677244,12.899999618530273,12.81999969482422,12.84000015258789,12.157477378845215,339100.0,LFC
2016-11-17,150.58999633789062,153.52999877929688,150.58999633789062,150.8000030517578,146.1813201904297,149500.0,LFUS
2016-11-17,8.039999961853027,8.9399995803833,7.940000057220459,8.649999618530272,8.649999618530272,100400.0,LFVN
2016-11-17,13.390000343322756,13.510000228881836,13.390000343322756,13.479999542236328,9.734132766723633,45000.0,LGI
2016-11-17,30.459999084472656,32.790000915527344,30.459999084472656,32.240001678466804,32.240001678466804,492900.0,LGIH
2016-11-17,4.630000114440918,4.690000057220459,4.619999885559082,4.690000057220459,4.690000057220459,1200.0,LGL
2016-11-17,104.5999984741211,106.13999938964844,103.45999908447266,105.54000091552734,105.54000091552734,276900.0,LGND
2016-11-17,127.01000213623048,128.07000732421878,126.58000183105469,127.12000274658205,127.12000274658205,717500.0,LH
2016-11-17,43.15999984741211,43.33000183105469,42.790000915527344,43.02999877929688,43.02999877929688,195600.0,LHCG
2016-11-17,103.87000274658205,104.1999969482422,103.08000183105469,103.79000091552734,98.28499603271484,1140100.0,LHX
2016-11-17,48.29999923706055,51.099998474121094,46.9000015258789,50.4000015258789,50.4000015258789,26400.0,LIFE
2016-11-17,151.27000427246094,154.42999267578125,150.47999572753906,153.9600067138672,147.78634643554688,361700.0,LII
2016-11-17,20.0,20.290000915527344,19.93000030517578,20.200000762939453,20.200000762939453,387600.0,LILA
2016-11-17,19.520000457763672,19.799999237060547,19.450000762939453,19.709999084472656,19.709999084472656,1167500.0,LILAK
2016-11-17,117.45999908447266,117.80999755859376,116.0199966430664,116.29000091552734,107.9535675048828,1035300.0,LIN
2016-11-17,1.9600000381469729,1.9800000190734863,1.8899999856948853,1.919999957084656,1.919999957084656,183800.0,LINC
2016-11-17,9.960000038146973,9.960000038146973,9.279999732971193,9.699999809265137,9.699999809265137,471400.0,LIND
2016-11-17,2.759999990463257,2.759999990463257,2.5199999809265137,2.5999999046325684,2.5999999046325684,11100.0,LIQT
2016-11-17,2.75,2.8299999237060547,2.75,2.7699999809265137,2.7699999809265137,29200.0,LITB
2016-11-17,40.45000076293945,41.70000076293945,40.222999572753906,41.54999923706055,41.54999923706055,1282800.0,LITE
2016-11-17,15.779999732971193,15.899999618530273,14.100000381469727,14.640000343322756,14.640000343322756,50600.0,LIVE
2016-11-17,43.09000015258789,43.43000030517578,42.36999893188477,43.2400016784668,43.2400016784668,461000.0,LIVN
2016-11-17,20.3799991607666,21.149999618530273,19.88999938964844,21.059999465942386,21.059999465942386,87400.0,LJPC
2016-11-17,43.75,44.599998474121094,43.2599983215332,43.88999938964844,40.86037063598633,83500.0,LKFN
2016-11-17,32.970001220703125,33.189998626708984,32.56999969482422,32.669998168945305,32.669998168945305,1312300.0,LKQ
2016-11-17,16.559999465942386,16.989999771118164,16.430000305175778,16.760000228881836,16.760000228881836,439600.0,LL
2016-11-17,2.700000047683716,2.859999895095825,2.0999999046325684,2.859999895095825,2.859999895095825,1711100.0,LLEX
2016-11-17,1.5199999809265137,1.8899999856948853,1.5,1.6799999475479126,1.6799999475479126,424900.0,LLIT
2016-11-17,2.3499999046325684,2.440000057220459,2.299999952316284,2.3399999141693115,2.3399999141693115,241300.0,LLNW
2016-11-17,77.0,77.80999755859375,76.7300033569336,77.70999908447266,71.87257385253906,4519200.0,LLY
2016-11-17,31.770000457763672,32.049999237060554,31.59000015258789,31.95000076293945,28.124759674072266,1188900.0,LM
2016-11-17,24.10000038146973,24.989999771118164,23.76000022888184,24.61000061035156,23.88002967834473,212200.0,LMAT
2016-11-17,16.030000686645508,16.030000686645508,15.149999618530273,15.47700023651123,15.47700023651123,11200.0,LMB
2016-11-17,59.4000015258789,62.16999816894531,58.20000076293945,61.599998474121094,61.599998474121094,400.0,LMFA
2016-11-17,25.290000915527344,25.32999992370605,25.149999618530273,25.21999931335449,21.36580848693848,53500.0,LMHA
2016-11-17,23.649999618530273,23.84000015258789,22.940000534057614,23.09000015258789,19.82124328613281,301200.0,LMHB
2016-11-17,2071.60009765625,2168.5,2065.5,2157.699951171875,2157.699951171875,269.0,LMNL
2016-11-17,19.75,19.75,19.649999618530273,19.700000762939453,18.93717765808105,56100.0,LMNR
2016-11-17,20.940000534057614,21.21999931335449,20.850000381469727,20.950000762939453,20.16668128967285,146200.0,LMNX
2016-11-17,14.850000381469727,15.289999961853027,14.600000381469727,14.699999809265135,10.954026222229004,43200.0,LMRK
2016-11-17,24.54999923706055,24.899999618530273,24.51000022888184,24.63999938964844,19.030561447143555,1700.0,LMRKO
2016-11-17,24.75,25.0,24.75,24.99799919128418,18.796884536743164,6200.0,LMRKP
2016-11-17,11.199999809265137,11.199999809265137,10.899999618530273,11.0,11.0,6600.0,LMST
2016-11-17,263.5,264.47000122070307,262.3900146484375,263.27999877929693,240.747314453125,913500.0,LMT
2016-11-17,37.900001525878906,38.22999954223633,37.775001525878906,37.97000122070313,37.97000122070313,268300.0,LN
2016-11-17,61.58000183105469,62.61999893188477,61.0099983215332,62.61999893188477,58.281333923339844,2543300.0,LNC
2016-11-17,3.0199999809265137,3.059999942779541,2.9500000476837163,2.9500000476837163,2.601642370223999,4500.0,LND
2016-11-17,14.100000381469727,14.699999809265135,14.100000381469727,14.199999809265135,14.199999809265135,83200.0,LNDC
2016-11-17,37.79999923706055,38.22000122070313,37.31999969482422,37.86999893188477,37.86999893188477,1954600.0,LNG
2016-11-17,78.93000030517578,79.08000183105469,77.4000015258789,79.04000091552734,75.58692169189453,100100.0,LNN
2016-11-17,35.66999816894531,36.06999969482422,35.630001068115234,35.810001373291016,32.417098999023445,1039300.0,LNT
2016-11-17,9.050000190734863,9.324999809265137,8.850000381469727,9.25,9.25,743200.0,LNTH
2016-11-17,6.300000190734862,7.0,6.1500000953674325,6.9000000953674325,5.490289211273193,183000.0,LOAN
2016-11-17,17.350000381469727,17.350000381469727,16.950000762939453,17.049999237060547,16.731134414672848,109100.0,LOB
2016-11-17,12.600000381469727,12.699999809265135,12.149999618530273,12.350000381469727,12.350000381469727,316300.0,LOCO
2016-11-17,5.5,5.75,5.5,5.5,5.5,7500.0,LODE
2016-11-17,25.15999984741211,25.239999771118164,25.020000457763672,25.20000076293945,24.405920028686523,314400.0,LOGI
2016-11-17,101.0999984741211,103.75,101.0999984741211,103.5,99.38179779052734,152400.0,LOGM
2016-11-17,9.75,9.75,9.5,9.5,9.5,4000.0,LONE
2016-11-17,57.099998474121094,57.18000030517578,56.13000106811523,56.459999084472656,56.459999084472656,518700.0,LOPE
2016-11-17,39.95000076293945,40.150001525878906,39.70000076293945,39.900001525878906,39.900001525878906,42400.0,LORL
2016-11-17,1.1399999856948853,1.2000000476837158,1.1200000047683716,1.1399999856948853,1.1399999856948853,52400.0,LOV
2016-11-17,67.01999664306639,68.04000091552734,66.55000305175781,67.94999694824219,63.84968566894531,9521500.0,LOW
2016-11-17,3.7999999523162837,3.888000011444092,3.6809999942779537,3.7999999523162837,3.7999999523162837,101000.0,LPCN
2016-11-17,7.389999866485597,7.5900001525878915,6.8400001525878915,6.989999771118164,6.989999771118164,306900.0,LPG
2016-11-17,14.31999969482422,14.449999809265135,13.869999885559082,14.029999732971193,14.029999732971193,4214300.0,LPI
2016-11-17,12.010000228881836,12.260000228881836,12.0,12.140000343322756,11.736289978027346,1079200.0,LPL
2016-11-17,40.20000076293945,40.20000076293945,38.5,40.0099983215332,37.8554573059082,2763800.0,LPLA
2016-11-17,8.600000381469728,8.75,8.449999809265138,8.550000190734862,8.550000190734862,290600.0,LPSN
2016-11-17,1.5499999523162842,1.5499999523162842,1.5,1.5399999618530271,1.5399999618530271,33200.0,LPTH
2016-11-17,18.920000076293945,19.65999984741211,18.90999984741211,19.6299991607666,18.77061462402344,1796600.0,LPX
2016-11-17,9.399999618530273,9.5,8.899999618530273,9.050000190734863,9.050000190734863,94900.0,LQDT
2016-11-17,101.58000183105469,103.8499984741211,100.72000122070312,103.8000030517578,97.24164581298828,1839400.0,LRCX
2016-11-17,13.699999809265135,13.859999656677244,13.539999961853027,13.56999969482422,13.56999969482422,202400.0,LRN
2016-11-17,14.020000457763672,14.020000457763672,14.020000457763672,14.020000457763672,12.885663032531738,800.0,LSBK
2016-11-17,7.670000076293945,7.739999771118164,7.460000038146973,7.5,7.5,2883100.0,LSCC
2016-11-17,81.69999694824219,82.1500015258789,80.37000274658203,80.41999816894531,69.55213165283203,802800.0,LSI
2016-11-17,81.0,83.0,80.44999694824219,80.75,76.81970977783203,248400.0,LSTR
2016-11-17,35.93000030517578,36.16999816894531,35.290000915527344,36.060001373291016,36.060001373291016,458500.0,LSXMA
2016-11-17,36.0,36.0,36.0,36.0,36.0,0.0,LSXMB
2016-11-17,35.400001525878906,35.79999923706055,35.220001220703125,35.630001068115234,35.630001068115234,558900.0,LSXMK
2016-11-17,17.760000228881836,18.479999542236328,17.15999984741211,18.239999771118164,18.239999771118164,7900.0,LTBR
2016-11-17,45.29999923706055,45.70000076293945,44.25,44.36999893188477,37.25284194946289,226400.0,LTC
2016-11-17,8.859999656677246,8.949999809265137,8.640000343322754,8.640000343322754,8.488372802734375,598400.0,LTM
2016-11-17,16.299999237060547,16.950000762939453,16.200000762939453,16.649999618530273,16.649999618530273,693500.0,LTRPA
2016-11-17,16.799999237060547,16.799999237060547,16.799999237060547,16.799999237060547,16.799999237060547,0.0,LTRPB
2016-11-17,1.4299999475479126,1.4299999475479126,1.3899999856948853,1.399999976158142,1.399999976158142,14400.0,LTRX
2016-11-17,4.139999866485597,4.2199997901916495,4.0,4.199999809265137,4.199999809265137,44400.0,LUB
2016-11-17,56.5099983215332,57.88000106811523,56.31999969482422,57.540000915527344,57.540000915527344,1197900.0,LULU
2016-11-17,1.3700000047683716,1.4500000476837158,1.3400000333786009,1.399999976158142,1.399999976158142,126100.0,LUNA
2016-11-17,45.68999862670898,46.7400016784668,45.349998474121094,46.68999862670898,44.94529724121094,5915500.0,LUV
2016-11-17,58.77000045776367,60.38999938964844,58.72000122070313,59.79999923706055,50.24786376953125,5681800.0,LVS
2016-11-17,31.399999618530273,33.064998626708984,30.63500022888184,32.509998321533196,31.153913497924805,5252000.0,LW
2016-11-17,12.420000076293945,12.949999809265135,11.829999923706055,12.460000038146973,12.460000038146973,20400.0,LWAY
2016-11-17,10.130000114440918,11.15999984741211,10.130000114440918,10.640000343322754,9.585210800170898,186300.0,LXFR
2016-11-17,10.18000030517578,10.34000015258789,10.149999618530273,10.15999984741211,8.092117309570312,868500.0,LXP
2016-11-17,16.5,16.940000534057614,16.239999771118164,16.930000305175778,16.930000305175778,483700.0,LXRX
2016-11-17,8.439999580383299,8.590000152587889,8.199999809265138,8.279999732971191,8.279999732971191,714300.0,LXU
2016-11-17,83.7699966430664,83.80999755859375,82.70999908447266,83.01000213623047,71.33357238769531,2380300.0,LYB
2016-11-17,3.009999990463257,3.0299999713897705,2.990000009536743,3.009999990463257,2.5888102054595947,3471400.0,LYG
2016-11-17,9.760000228881836,9.949999809265137,9.550000190734863,9.600000381469727,8.506821632385254,56800.0,LYTS
2016-11-17,27.979999542236328,28.6299991607666,27.93000030517578,28.559999465942386,28.559999465942386,1369900.0,LYV
2016-11-17,26.54999923706055,27.35000038146973,26.45000076293945,27.25,25.73004531860352,450200.0,LZB
2016-11-17,41.93999862670898,43.09000015258789,41.68000030517578,43.04999923706055,34.05198287963867,6278500.0,M
2016-11-17,104.4000015258789,105.25,103.73999786376952,104.4499969482422,102.41232299804688,3096800.0,MA
2016-11-17,90.4499969482422,91.27999877929688,89.41000366210938,89.69000244140625,79.99488067626953,389000.0,MAA
2016-11-17,69.58999633789061,69.91999816894531,68.91999816894531,69.25,55.06476974487305,558800.0,MAC
2016-11-17,49.72462463378906,51.0621566772461,47.9150276184082,50.90480041503906,22.42986488342285,289200.0,MACK
2016-11-17,12.40999984741211,12.5,11.630000114440918,11.779999732971193,11.779999732971193,143000.0,MAG
2016-11-17,5.28000020980835,5.349999904632568,5.239999771118164,5.329999923706055,5.329999923706055,83300.0,MAGS
2016-11-17,35.83000183105469,36.38999938964844,35.810001373291016,36.310001373291016,28.32171630859375,334800.0,MAIN
2016-11-17,86.0,86.87000274658203,85.69999694824219,86.41999816894531,80.26335144042969,799000.0,MAN
2016-11-17,53.88000106811523,54.790000915527344,53.599998474121094,53.93000030517578,53.93000030517578,594800.0,MANH
2016-11-17,43.5099983215332,43.86999893188477,43.11999893188477,43.36999893188477,40.71081161499024,138900.0,MANT
2016-11-17,15.25,15.350000381469727,15.0,15.0,14.484369277954102,51400.0,MANU
2016-11-17,77.51000213623047,78.02999877929688,77.2300033569336,77.47000122070312,73.93245697021484,2294400.0,MAR
2016-11-17,38.400001525878906,39.20000076293945,33.759998321533196,34.720001220703125,34.720001220703125,19300.0,MARA
2016-11-17,4.449999809265137,4.489999771118164,4.4099998474121085,4.489999771118164,4.489999771118164,11300.0,MARK
2016-11-17,2.970000028610229,2.970000028610229,2.970000028610229,2.970000028610229,2.074923038482666,0.0,MARPS
2016-11-17,31.559999465942386,32.419998168945305,31.540000915527344,32.25,31.03157043457031,4471900.0,MAS
2016-11-17,62.0,62.1500015258789,61.63999938964844,61.70000076293945,61.70000076293945,647200.0,MASI
2016-11-17,31.90999984741211,32.150001525878906,31.770000457763672,31.809999465942386,30.17792892456055,2962700.0,MAT
2016-11-17,66.5,68.44999694824219,66.34999847412111,68.34999847412111,64.60975646972656,237200.0,MATW
2016-11-17,38.59000015258789,39.0099983215332,36.9900016784668,37.0099983215332,34.270458221435554,380900.0,MATX
2016-11-17,11.979999542236328,12.029999732971193,11.829999923706055,11.880000114440918,10.002288818359377,98300.0,MAV
2016-11-17,52.25,52.25,52.25,52.25,47.69709014892578,0.0,MAXR
2016-11-17,46.0,46.0,46.0,46.0,46.0,0.0,MAYS
2016-11-17,17.75,18.0,17.75,17.799999237060547,16.10413932800293,1400.0,MBCN
2016-11-17,9.170000076293944,9.31999969482422,9.100000381469727,9.199999809265137,9.199999809265137,1055300.0,MBI
2016-11-17,2.289999961853028,2.359999895095825,2.1099998950958248,2.1600000858306885,2.1600000858306885,91400.0,MBII
2016-11-17,168.75,175.5,148.5,149.85000610351562,149.85000610351562,15300.0,MBOT
2016-11-17,2.809999942779541,3.25,2.7699999809265137,3.0299999713897705,3.0299999713897705,241700.0,MBRX
2016-11-17,7.329999923706055,7.449999809265138,7.0900001525878915,7.139999866485597,5.091032981872559,2358700.0,MBT
2016-11-17,17.5,17.790000915527344,17.180000305175778,17.190000534057614,17.190000534057614,89900.0,MBUU
2016-11-17,32.950000762939446,33.09999847412109,32.560001373291016,32.919998168945305,28.69369506835937,33100.0,MBWM
2016-11-17,29.0,29.10000038146973,28.5,28.649999618530273,22.94538116455078,99300.0,MC
2016-11-17,14.260000228881836,14.329999923706055,14.239999771118164,14.289999961853027,12.188660621643065,99300.0,MCA
2016-11-17,9.199999809265137,9.199999809265137,9.039999961853027,9.06999969482422,8.406721115112305,34900.0,MCBC
2016-11-17,7.880000114440918,8.060000419616701,7.869999885559082,8.060000419616701,5.279562473297119,691800.0,MCC
2016-11-17,118.88999938964844,119.5,118.27999877929688,119.4499969482422,109.35659790039062,2836600.0,MCD
2016-11-17,2.400000095367432,2.440000057220459,2.2100000381469727,2.2300000190734863,2.2300000190734863,183800.0,MCEP
2016-11-17,8.930000305175781,9.18000030517578,8.779999732971191,8.979999542236328,8.979999542236328,174000.0,MCF
2016-11-17,13.079999923706055,13.170000076293945,12.729999542236328,12.739999771118164,12.739999771118164,143100.0,MCFT
2016-11-17,65.30999755859375,65.90000152587889,64.83000183105469,65.44999694824219,61.92616271972656,1578700.0,MCHP
2016-11-17,2.720000028610229,2.75,2.619999885559082,2.630000114440918,2.243235349655152,45100.0,MCHX
2016-11-17,16.219999313354492,16.639999389648438,16.200000762939453,16.34000015258789,12.722804069519045,20300.0,MCI
2016-11-17,141.39999389648438,142.39999389648438,140.94000244140625,141.47999572753906,136.53477478027344,2458600.0,MCK
2016-11-17,7.809999942779541,7.889999866485597,7.789999961853027,7.8400001525878915,5.485037803649902,20500.0,MCN
2016-11-17,98.4499969482422,101.1999969482422,98.31999969482422,101.1999969482422,97.34899139404295,1307700.0,MCO
2016-11-17,8.159999847412111,8.239999771118164,8.149999618530272,8.220000267028809,6.120054721832275,126800.0,MCR
2016-11-17,11.850000381469727,11.899999618530273,11.621000289916992,11.779999732971193,11.779999732971193,201700.0,MCRB
2016-11-17,24.489999771118164,25.0,24.38999938964844,24.90999984741211,24.90999984741211,45700.0,MCRI
2016-11-17,28.5,28.95000076293945,28.0,28.45000076293945,26.70920372009277,107900.0,MCS
2016-11-17,25.25,25.25,25.020000457763672,25.020000457763672,20.41300773620605,700.0,MCV
2016-11-17,25.1200008392334,25.5,25.1200008392334,25.483999252319336,20.675025939941406,1800.0,MCX
2016-11-17,58.22000122070313,58.72999954223633,57.65999984741211,58.40999984741211,49.44094467163086,149000.0,MCY
2016-11-17,63.18000030517578,64.91999816894531,63.11000061035156,64.37000274658203,64.37000274658203,603400.0,MD
2016-11-17,23.90740776062012,24.731481552124023,23.90740776062012,24.25,21.558879852294922,776900.0,MDC
2016-11-17,5.8499999046325675,6.5999999046325675,5.800000190734862,6.4000000953674325,6.4000000953674325,2089800.0,MDCA
2016-11-17,16.559999465942386,16.780000686645508,16.559999465942386,16.649999618530273,16.649999618530273,10500.0,MDGL
2016-11-17,45.20000076293945,45.599998474121094,38.47999954223633,44.0,44.0,1700.0,MDGS
2016-11-17,23.45000076293945,23.60000038146973,23.149999618530273,23.18000030517578,18.959871292114254,65800.0,MDLX
2016-11-17,10.300000190734863,10.649999618530273,10.0,10.050000190734863,7.143784046173097,46200.0,MDLY
2016-11-17,42.70000076293945,43.0099983215332,42.11000061035156,42.9900016784668,39.96163558959961,9950600.0,MDLZ
2016-11-17,53.45000076293945,54.29999923706055,53.45000076293945,54.04999923706055,46.1539306640625,296900.0,MDP
2016-11-17,10.760000228881836,10.90999984741211,10.68000030517578,10.890000343322754,10.890000343322754,2523100.0,MDRX
2016-11-17,81.0999984741211,81.80999755859375,81.01000213623047,81.80000305175781,75.71430206298828,3792600.0,MDT
2016-11-17,28.020000457763672,28.32999992370605,27.78000068664551,27.82999992370605,25.11898994445801,1239400.0,MDU
2016-11-17,5.800000190734862,5.890999794006348,5.599999904632568,5.7249999046325675,5.7249999046325675,13300.0,MDWD
2016-11-17,3300.0,3500.0,3200.0,3500.0,3500.0,701.0,MEC
2016-11-17,39.72000122070313,40.63999938964844,39.72000122070313,40.63999938964844,36.82799911499024,120000.0,MED
2016-11-17,35.900001525878906,37.560001373291016,35.599998474121094,35.86000061035156,35.86000061035156,223500.0,MEDP
2016-11-17,4.829999923706055,5.079999923706055,4.809999942779541,4.949999809265137,4.949999809265137,1526300.0,MEET
2016-11-17,35.95000076293945,36.54999923706055,35.95000076293945,36.349998474121094,34.96640014648437,149900.0,MEI
2016-11-17,1.5800000429153442,1.6299999952316284,1.5800000429153442,1.5900000333786009,1.5900000333786009,109300.0,MEIP
2016-11-17,156.97999572753906,160.0,156.47999572753906,157.27000427246094,156.75596618652344,439800.0,MELI
2016-11-17,11.279999732971193,11.279999732971193,11.06999969482422,11.140000343322754,9.35109806060791,112500.0,MEN
2016-11-17,38.70000076293945,38.75,37.54999923706055,37.75,33.67641067504883,813200.0,MEOH
2016-11-17,8.899999618530273,9.199999809265137,8.899999618530273,9.050000190734863,7.729475975036621,101100.0,MERC
2016-11-17,4.679999828338623,4.809999942779541,4.679999828338623,4.760000228881836,4.760000228881836,5000.0,MESO
2016-11-17,47.9233512878418,48.53832626342773,47.46880722045898,48.53832626342773,43.26957321166992,6305600.0,MET
2016-11-17,7.320000171661378,7.519999980926514,7.320000171661378,7.480000019073486,4.753461837768555,3083800.0,MFA
2016-11-17,17.049999237060547,17.149999618530273,16.90999984741211,16.979999542236328,14.268304824829102,2699700.0,MFC
2016-11-17,11.199999809265137,11.199999809265137,11.09000015258789,11.170000076293944,7.9116668701171875,42700.0,MFD
2016-11-17,3.5899999141693115,3.619999885559082,3.5799999237060547,3.619999885559082,3.214664459228516,170800.0,MFG
2016-11-17,37.0,37.38999938964844,37.0,37.0,37.0,100.0,MFH
2016-11-17,3.25,3.2999999523162837,2.940000057220459,3.0799999237060547,3.036249876022339,607000.0,MFIN
2016-11-17,21.290000915527344,21.290000915527344,18.399999618530273,18.492000579833984,13.581167221069336,42600.0,MFINL
2016-11-17,14.029999732971193,14.029999732971193,13.800000190734865,13.8100004196167,11.599677085876465,149200.0,MFL
2016-11-17,6.679999828338622,6.679999828338622,6.5900001525878915,6.630000114440918,5.562493324279785,103000.0,MFM
2016-11-17,12.649999618530273,12.949999809265135,12.649999618530273,12.779999732971193,11.516005516052244,2800.0,MFNC
2016-11-17,24.959999084472656,25.07999992370605,24.899999618530273,24.959999084472656,19.783117294311523,71200.0,MFO
2016-11-17,27.20000076293945,28.60000038146973,27.20000076293945,28.399999618530273,26.29330825805664,7500.0,MFSF
2016-11-17,13.619999885559082,13.619999885559082,13.449999809265135,13.470000267028807,11.252950668334961,23800.0,MFT
2016-11-17,5.389999866485597,5.480000019073486,5.380000114440918,5.400000095367432,3.910846710205078,7600.0,MFV
2016-11-17,22.459999084472656,22.8799991607666,22.309999465942386,22.420000076293945,22.420000076293945,104100.0,MG
2016-11-17,40.06999969482422,40.4900016784668,39.7599983215332,40.43000030517578,36.417476654052734,1402600.0,MGA
2016-11-17,61.6500015258789,63.0,61.6500015258789,62.70000076293945,58.4497299194336,83200.0,MGEE
2016-11-17,5.789999961853027,7.6500000953674325,5.763000011444093,7.130000114440918,7.130000114440918,56700.0,MGEN
2016-11-17,5.079999923706055,5.179999828338623,5.03000020980835,5.139999866485597,3.9777681827545166,118300.0,MGF
2016-11-17,10.479999542236328,10.829999923706056,10.0,10.65999984741211,10.65999984741211,288000.0,MGI
2016-11-17,7.0999999046325675,7.0999999046325675,6.949999809265138,7.0999999046325675,6.570187091827393,16000.0,MGIC
2016-11-17,65.65000152587889,66.90000152587889,65.65000152587889,66.0,66.0,576400.0,MGLN
2016-11-17,27.84000015258789,28.25,27.770000457763672,28.03000068664551,26.50059509277344,6986200.0,MGM
2016-11-17,29.15999984741211,29.479999542236328,28.399999618530273,28.920000076293945,28.920000076293945,257300.0,MGNX
2016-11-17,23.84000015258789,24.13999938964844,23.6299991607666,23.79999923706055,19.18587875366211,1045600.0,MGP
2016-11-17,45.959999084472656,47.1500015258789,45.63999938964844,46.6500015258789,45.1342658996582,242100.0,MGPI
2016-11-17,36.08000183105469,36.13000106811523,33.060001373291016,35.75,32.96940231323242,75100.0,MGRC
2016-11-17,18.82999992370605,18.989999771118164,18.670000076293945,18.86000061035156,14.550240516662598,52800.0,MGU
2016-11-17,10.489999771118164,10.489999771118164,10.350000381469727,10.369999885559082,10.369999885559082,2900.0,MGYR
2016-11-17,16.020000457763672,16.100000381469727,15.949999809265135,15.949999809265135,13.320856094360352,35100.0,MHD
2016-11-17,13.100000381469727,13.100000381469727,13.010000228881836,13.010000228881836,11.302691459655762,400.0,MHE
2016-11-17,7.199999809265138,7.210000038146973,7.119999885559082,7.119999885559082,6.189753532409668,88200.0,MHF
2016-11-17,3.4600000381469727,3.4600000381469727,3.4600000381469727,3.4600000381469727,3.4600000381469727,0.0,MHH
2016-11-17,12.010000228881836,12.0600004196167,11.960000038146973,11.979999542236328,10.078886032104492,45500.0,MHI
2016-11-17,198.6199951171875,200.50999450683597,197.4900054931641,200.2700042724609,200.2700042724609,772700.0,MHK
2016-11-17,25.29999923706055,25.790000915527344,25.29999923706055,25.5,20.57615852355957,15200.0,MHLA
2016-11-17,16.25,16.600000381469727,16.229999542236328,16.549999237060547,14.495397567749025,485300.0,MHLD
2016-11-17,13.399999618530273,13.40999984741211,13.25,13.300000190734865,11.433302879333494,79400.0,MHN
2016-11-17,26.149999618530273,26.920000076293945,26.149999618530273,26.38999938964844,19.997676849365234,8800.0,MHNC
2016-11-17,22.229999542236328,23.059999465942386,22.229999542236328,22.809999465942386,22.809999465942386,174800.0,MHO
2016-11-17,80.41000366210938,81.73999786376953,80.08999633789062,81.5999984741211,60.18558883666992,889100.0,MIC
2016-11-17,4.010000228881837,4.010000228881837,3.9500000476837163,3.9500000476837163,3.9500000476837163,300.0,MICR
2016-11-17,1.3300000429153442,1.4099999666213991,1.3300000429153442,1.3799999952316284,1.3799999952316284,6300.0,MICT
2016-11-17,129.97999572753906,135.22999572753906,129.52999877929688,134.00999450683594,134.00999450683594,1008800.0,MIDD
2016-11-17,10.350000381469727,10.359999656677246,10.220000267028807,10.3100004196167,7.406758785247803,161200.0,MIE
2016-11-17,24.3799991607666,24.61000061035156,24.239999771118164,24.43000030517578,24.43000030517578,1366800.0,MIK
2016-11-17,23.270000457763672,23.270000457763672,22.270000457763672,22.790000915527344,22.790000915527344,167100.0,MIME
2016-11-17,4.3400001525878915,4.380000114440918,4.329999923706056,4.369999885559082,3.2210395336151123,217200.0,MIN
2016-11-17,3.470000028610229,3.5799999237060547,3.470000028610229,3.539999961853028,3.539999961853028,17600.0,MIND
2016-11-17,22.78000068664551,22.78000068664551,22.78000068664551,22.78000068664551,15.902154922485352,0.0,MINDP
2016-11-17,30.899999618530273,31.649999618530273,29.70000076293945,30.5,27.82343673706055,184900.0,MINI
2016-11-17,5.400000095367432,5.679999828338622,5.260000228881836,5.449999809265137,5.449999809265137,1024400.0,MITK
2016-11-17,17.209999084472653,17.319999694824222,17.069999694824222,17.110000610351562,11.946151733398438,206300.0,MITT
2016-11-17,6.139999866485597,6.1599998474121085,5.9099998474121085,6.0900001525878915,5.694361209869385,37300.0,MIXT
2016-11-17,13.579999923706055,13.670000076293945,13.270000457763672,13.479999542236328,11.428882598876953,159600.0,MIY
2016-11-17,5.199999809265137,5.309999942779541,5.170000076293945,5.309999942779541,5.309999942779541,7600.0,MJCO
2016-11-17,91.9800033569336,91.9800033569336,90.81999969482422,91.4000015258789,86.4144058227539,717300.0,MKC
2016-11-17,6.800000190734862,6.800000190734862,6.5,6.75,6.75,900.0,MKGI
2016-11-17,877.9299926757812,879.3099975585938,867.02001953125,873.9299926757812,873.9299926757812,70600.0,MKL
2016-11-17,55.6500015258789,56.6500015258789,55.47999954223633,56.4000015258789,54.57074356079102,318700.0,MKSI
2016-11-17,166.77999877929688,171.74000549316406,165.92999267578125,171.02000427246094,166.92955017089844,330600.0,MKTX
2016-11-17,126.54000091552734,133.00999450683594,126.54000091552734,132.10000610351562,130.39427185058594,19700.0,MLAB
2016-11-17,17.329999923706055,19.049999237060547,17.329999923706055,18.290000915527344,15.63278865814209,5446200.0,MLCO
2016-11-17,31.649999618530273,31.95000076293945,31.399999618530273,31.85000038146973,29.58429336547852,341800.0,MLHR
2016-11-17,36.900001525878906,37.33000183105469,36.72000122070313,37.060001373291016,32.58383560180664,161900.0,MLI
2016-11-17,220.77999877929688,223.0,217.6499938964844,221.07000732421875,214.4916534423828,1216800.0,MLM
2016-11-17,53.099998474121094,55.04999923706055,51.75,54.29999923706055,54.29999923706055,26400.0,MLND
2016-11-17,45.4000015258789,45.95000076293945,44.95000076293945,45.75,45.75,581100.0,MLNX
2016-11-17,6.730000019073486,6.75,6.6500000953674325,6.6599998474121085,6.6599998474121085,2600.0,MLP
2016-11-17,27.84000015258789,27.84000015258789,27.84000015258789,27.84000015258789,22.26898193359375,0.0,MLPB
2016-11-17,15.729999542236328,15.729999542236328,15.729999542236328,15.729999542236328,11.969630241394045,300.0,MLPC
2016-11-17,24.10000038146973,24.10000038146973,24.10000038146973,24.10000038146973,19.29836082458496,100.0,MLPE
2016-11-17,24.270000457763672,24.270000457763672,24.26000022888184,24.270000457763672,19.473613739013672,1600.0,MLPG
2016-11-17,27.26000022888184,27.34000015258789,26.940000534057614,27.059999465942386,21.67150115966797,299800.0,MLPI
2016-11-17,15.800000190734865,15.800000190734865,15.800000190734865,15.800000190734865,12.690226554870605,0.0,MLPO
2016-11-17,7.6599998474121085,7.71999979019165,7.610000133514403,7.610000133514403,5.805924415588379,4000.0,MLPY
2016-11-17,25.10000038146973,25.45000076293945,25.10000038146973,25.35000038146973,23.14816856384277,13200.0,MLR
2016-11-17,1.75,1.75,1.6499999761581419,1.7000000476837158,1.7000000476837158,20900.0,MLSS
2016-11-17,19.13999938964844,19.25,19.13999938964844,19.25,19.25,5100.0,MLVF
2016-11-17,17.329999923706055,17.799999237060547,17.329999923706055,17.700000762939453,17.700000762939453,5100.0,MMAC
2016-11-17,67.75,69.16000366210939,67.75,69.06999969482422,64.71278381347656,1960700.0,MMC
2016-11-17,18.36000061035156,18.399999618530273,18.1200008392334,18.209999084472656,15.265625,85600.0,MMD
2016-11-17,25.45000076293945,26.190000534057614,25.3799991607666,26.149999618530273,26.149999618530273,82100.0,MMI
2016-11-17,17.549999237060547,17.75,17.049999237060547,17.450000762939453,11.29177951812744,112400.0,MMLP
2016-11-17,172.00999450683594,173.25,172.00999450683594,172.77000427246094,157.65557861328125,1783700.0,MMM
2016-11-17,67.65000152587889,68.0,66.93000030517578,67.41000366210939,55.91953659057617,413100.0,MMP
2016-11-17,54.47000122070313,55.27999877929688,54.040000915527344,55.06999969482422,53.62042617797852,481400.0,MMS
2016-11-17,22.95000076293945,23.45000076293945,22.79999923706055,23.0,23.0,274200.0,MMSI
2016-11-17,5.769999980926514,5.789999961853027,5.75,5.760000228881836,4.2897796630859375,163800.0,MMT
2016-11-17,13.260000228881836,13.3100004196167,13.1899995803833,13.25,11.13241195678711,110200.0,MMU
2016-11-17,25.60000038146973,26.70000076293945,25.60000038146973,26.20000076293945,26.20000076293945,621600.0,MMYT
2016-11-17,6.75,6.949999809265138,6.679999828338622,6.8499999046325675,5.339614868164063,90300.0,MN
2016-11-17,2.359999895095825,2.380000114440918,2.3199999332427983,2.3399999141693115,1.456607222557068,37700.0,MNDO
2016-11-17,13.8100004196167,13.8100004196167,13.56999969482422,13.68000030517578,11.9739408493042,12300.0,MNE
2016-11-17,60.40999984741211,63.0,54.709999084472656,55.31999969482422,55.31999969482422,9876300.0,MNK
2016-11-17,3.0499999523162837,3.25,3.0499999523162837,3.150000095367432,3.150000095367432,506200.0,MNKD
2016-11-17,7.710000038146973,7.760000228881836,7.5999999046325675,7.6599998474121085,7.6599998474121085,55500.0,MNOV
2016-11-17,14.9399995803833,15.039999961853027,14.789999961853027,14.859999656677244,12.632668495178224,38200.0,MNP
2016-11-17,13.40999984741211,13.5600004196167,13.329999923706055,13.350000381469727,11.520602226257324,243000.0,MNR
2016-11-17,58.29999923706055,58.349998474121094,57.25,57.95000076293945,55.42190170288086,423700.0,MNRO
2016-11-17,12.285714149475098,12.285714149475098,12.209524154663086,12.285714149475098,12.285714149475098,1900.0,MNSB
2016-11-17,42.02000045776367,42.34000015258789,41.5099983215332,41.97000122070313,41.97000122070313,3640000.0,MNST
2016-11-17,13.300000190734865,13.899999618530273,12.850000381469727,13.699999809265135,13.699999809265135,1265500.0,MNTA
2016-11-17,5.769999980926514,5.8400001525878915,5.599999904632568,5.6500000953674325,5.6500000953674325,89400.0,MNTX
2016-11-17,62.65999984741211,62.97000122070313,62.459999084472656,62.81000137329102,51.9824333190918,6550500.0,MO
2016-11-17,4.150000095367432,4.400000095367432,4.099999904632568,4.300000190734863,4.300000190734863,557000.0,MOBL
2016-11-17,12.449999809265135,12.5,12.0,12.199999809265135,12.199999809265135,182900.0,MOD
2016-11-17,8.649999618530272,8.699999809265138,8.350000381469728,8.550000190734862,8.550000190734862,121700.0,MODN
2016-11-17,33.919998168945305,34.200000762939446,33.27000045776367,33.759998321533196,31.102622985839844,19400.0,MOFG
2016-11-17,51.849998474121094,53.099998474121094,51.47999954223633,52.31000137329102,52.31000137329102,1291300.0,MOH
2016-11-17,22.0,22.100000381469727,21.0,21.350000381469727,21.024526596069336,1999500.0,MOMO
2016-11-17,72.36000061035156,73.80000305175781,71.93000030517578,73.62999725341797,71.14614868164062,176500.0,MORN
2016-11-17,27.239999771118164,27.440000534057614,27.020000457763672,27.32999992370605,26.00486183166504,2786700.0,MOS
2016-11-17,82.0,96.0,82.0,96.0,96.0,300.0,MOSY
2016-11-17,26.29999923706055,26.75,26.149999618530273,26.5,24.531349182128906,70700.0,MOV
2016-11-17,19.0,21.950000762939453,18.75,19.399999618530273,19.399999618530273,11900.0,MOXC
2016-11-17,14.199999809265135,14.199999809265135,13.90999984741211,13.979999542236328,11.913249969482422,26900.0,MPA
2016-11-17,26.690000534057614,26.96999931335449,26.11000061035156,26.209999084472656,26.209999084472656,103500.0,MPAA
2016-11-17,20.0,20.049999237060547,20.0,20.049999237060547,18.647825241088867,1400.0,MPB
2016-11-17,43.849998474121094,44.290000915527344,43.18999862670898,43.36000061035156,39.16372680664063,3985300.0,MPC
2016-11-17,32.259998321533196,32.830001831054695,32.110000610351555,32.650001525878906,25.471391677856445,1267200.0,MPLX
2016-11-17,15.010000228881836,15.279999732971193,14.850000381469727,15.270000457763672,12.086426734924315,7100.0,MPV
2016-11-17,12.369999885559082,12.470000267028807,12.239999771118164,12.260000228881836,9.769558906555176,3749700.0,MPW
2016-11-17,81.2699966430664,81.81999969482422,80.76000213623047,81.63999938964844,78.9109878540039,240700.0,MPWR
2016-11-17,10.06999969482422,10.420000076293944,10.06999969482422,10.40999984741211,9.54995059967041,29300.0,MPX
2016-11-17,12.699999809265135,12.699999809265135,12.529999732971193,12.56999969482422,10.648539543151855,63900.0,MQT
2016-11-17,14.600000381469727,14.649999618530273,14.40999984741211,14.4399995803833,12.21634292602539,154000.0,MQY
2016-11-17,40.20000076293945,41.099998474121094,39.45000076293945,40.04999923706055,40.04999923706055,59600.0,MR
2016-11-17,7.039999961853027,7.039999961853027,6.860000133514403,6.860000133514403,6.860000133514403,22800.0,MRAM
2016-11-17,18.920000076293945,19.36000061035156,18.729999542236328,19.309999465942386,19.309999465942386,1719600.0,MRC
2016-11-17,14.920000076293945,15.0,14.696000099182127,14.84000015258789,10.016674041748047,103700.0,MRCC
2016-11-17,32.18000030517578,32.18000030517578,30.59000015258789,30.63999938964844,30.63999938964844,351300.0,MRCY
2016-11-17,16.450000762939453,17.149999618530273,16.450000762939453,16.799999237060547,16.799999237060547,15100.0,MRIN
2016-11-17,62.5099983215332,62.790000915527344,62.11999893188477,62.70000076293945,56.55587387084961,8361300.0,MRK
2016-11-17,4.670000076293945,5.0,4.2899999618530265,4.329999923706056,4.329999923706056,87000.0,MRKR
2016-11-17,19.799999237060547,19.850000381469727,19.450000762939453,19.549999237060547,18.132076263427734,19200.0,MRLN
2016-11-17,1.1599999666213991,1.1599999666213991,1.0800000429153442,1.100000023841858,1.100000023841858,387800.0,MRNS
2016-11-17,15.800000190734865,16.069999694824222,15.4399995803833,15.460000038146973,14.794281959533693,17795700.0,MRO
2016-11-17,14.130000114440918,14.399999618530273,14.130000114440918,14.34000015258789,13.611976623535154,195800.0,MRTN
2016-11-17,6.050000190734862,6.199999809265138,5.800000190734862,6.0,6.0,198700.0,MRTX
2016-11-17,17.0,17.159000396728516,16.0,16.0,16.0,2000.0,MRUS
2016-11-17,13.449999809265135,13.579999923706055,13.229999542236328,13.359999656677244,12.78428840637207,7846000.0,MRVL
2016-11-17,39.02000045776367,39.97000122070313,38.72000122070313,39.97000122070313,37.03128051757813,12676900.0,MS
2016-11-17,62.9000015258789,63.77000045776367,62.70000076293945,63.72000122070313,60.38600540161133,140800.0,MSA
2016-11-17,10.399999618530273,10.470000267028807,10.130000114440918,10.199999809265137,7.194475173950195,15000.0,MSB
2016-11-17,13.600000381469727,13.899999618530273,13.600000381469727,13.75,12.40640640258789,1800.0,MSBF
2016-11-17,28.5,29.01000022888184,28.0,28.190000534057614,25.485109329223636,27100.0,MSBI
2016-11-17,78.44000244140625,79.66999816894531,77.72000122070312,79.5,76.49787139892578,556800.0,MSCI
2016-11-17,8.930000305175781,9.06999969482422,8.930000305175781,9.020000457763672,7.301606178283691,55300.0,MSD
2016-11-17,38.79999923706055,39.86000061035156,38.79999923706055,39.54999923706055,37.097251892089844,44700.0,MSEX
2016-11-17,60.40999984741211,60.95000076293945,59.97000122070313,60.63999938964844,57.30014038085938,32132700.0,MSFT
2016-11-17,172.9199981689453,176.22999572753906,171.65499877929688,175.75,175.75,236500.0,MSG
2016-11-17,19.799999237060547,20.350000381469727,19.75,20.149999618530273,20.149999618530273,749500.0,MSGN
2016-11-17,80.38999938964844,81.43000030517578,79.93000030517578,80.3499984741211,75.30690002441406,1262100.0,MSI
2016-11-17,83.4000015258789,84.47000122070312,83.37000274658203,84.2699966430664,72.0534439086914,1258200.0,MSM
2016-11-17,0.7599999904632568,0.7799999713897705,0.7599999904632568,0.7799999713897705,0.7799999713897705,64900.0,MSN
2016-11-17,8.550000190734862,8.550000190734862,8.300000190734862,8.300000190734862,8.300000190734862,8800.0,MSON
2016-11-17,196.8300018310547,197.72999572753903,194.57000732421875,197.47000122070312,197.47000122070312,63900.0,MSTR
2016-11-17,6.820119380950928,6.820119380950928,6.820119380950928,6.820119380950928,6.7368531227111825,0.0,MSVB
2016-11-17,21.540000915527344,21.56999969482422,21.209999084472656,21.420000076293945,21.111740112304688,6306600.0,MT
2016-11-17,0.2849999964237213,0.2849999964237213,0.2700000107288361,0.2849999964237213,0.2822470963001251,63000.0,MTA
2016-11-17,137.25999450683594,140.1199951171875,137.03999328613278,139.91000366210938,129.57313537597656,1590900.0,MTB
2016-11-17,0.8899999856948853,0.9449999928474426,0.8799999952316284,0.9449999928474426,0.9449999928474426,6100.0,MTBC
2016-11-17,26.92499923706055,27.0,26.92499923706055,26.940000534057614,18.79833984375,1600.0,MTBCP
2016-11-17,0.07000000029802322,0.07000000029802322,0.07000000029802322,0.07000000029802322,0.07000000029802322,0.0,MTC
2016-11-17,17.370000839233402,17.899999618530273,17.149999618530273,17.790000915527344,16.93182373046875,526000.0,MTCH
2016-11-17,420.989990234375,423.1000061035156,417.5,418.4800109863281,418.4800109863281,205700.0,MTD
2016-11-17,24.6299991607666,24.989999771118164,23.809999465942386,24.0,24.0,1466100.0,MTDR
2016-11-17,4.8400001525878915,4.8400001525878915,4.400000095367432,4.730000019073486,4.730000019073486,66000.0,MTEM
2016-11-17,16.700000762939453,16.850000381469727,16.700000762939453,16.850000381469727,14.258523941040039,500.0,MTEX
2016-11-17,9.039999961853027,9.149999618530273,9.020000457763672,9.130000114440918,9.008833885192873,5354800.0,MTG
2016-11-17,34.299999237060554,35.5,34.299999237060554,35.20000076293945,35.20000076293945,301700.0,MTH
2016-11-17,6.4099998474121085,6.429999828338622,6.170000076293945,6.269999980926514,6.269999980926514,573100.0,MTL
2016-11-17,8.050000190734862,8.449999809265138,7.8400001525878915,8.449999809265138,8.449999809265138,100000.0,MTLS
2016-11-17,157.3000030517578,158.77999877929688,157.16000366210938,157.77999877929688,143.64869689941406,371500.0,MTN
2016-11-17,1.6100000143051147,1.6100000143051147,1.4989999532699585,1.5199999809265137,1.5199999809265137,33200.0,MTNB
2016-11-17,12.260000228881836,12.5600004196167,11.739999771118164,12.43000030517578,12.43000030517578,1939000.0,MTOR
2016-11-17,146.0,157.5,146.0,148.0,148.0,200.0,MTP
2016-11-17,9.779999732971193,10.449999809265137,9.779999732971193,10.100000381469727,7.275468826293945,4300.0,MTR
2016-11-17,38.349998474121094,38.79999923706055,37.70000076293945,37.79999923706055,36.80916976928711,131400.0,MTRN
2016-11-17,20.25,20.850000381469727,19.799999237060547,19.899999618530273,19.899999618530273,391200.0,MTRX
2016-11-17,52.599998474121094,53.29999923706055,52.29999923706055,52.79999923706055,48.40423965454102,77600.0,MTSC
2016-11-17,44.13999938964844,46.65999984741211,44.13999938964844,46.58000183105469,46.58000183105469,826200.0,MTSI
2016-11-17,1.1599999666213991,1.1599999666213991,0.8899999856948853,1.0900000333786009,1.0900000333786009,62300.0,MTSL
2016-11-17,22.25,23.26000022888184,22.25,23.06999969482422,19.8547477722168,52400.0,MTT
2016-11-17,19.920000076293945,21.239999771118164,19.68000030517578,21.15999984741211,21.15999984741211,763400.0,MTW
2016-11-17,75.3499984741211,77.94999694824219,73.5,75.5,74.66007995605469,222300.0,MTX
2016-11-17,36.0,36.349998474121094,35.25,35.75,35.75,764400.0,MTZ
2016-11-17,18.350000381469727,19.34000015258789,18.25,19.18000030517578,19.18000030517578,45958100.0,MU
2016-11-17,13.420000076293945,13.5,13.380000114440918,13.390000343322756,11.485970497131348,97200.0,MUA
2016-11-17,14.029999732971193,14.109999656677244,13.949999809265135,13.949999809265135,11.97557258605957,129800.0,MUC
2016-11-17,13.229999542236328,13.289999961853027,13.029999732971193,13.149999618530273,11.090479850769043,115200.0,MUE
2016-11-17,6.130000114440918,6.179999828338622,6.119999885559082,6.179999828338622,5.6121439933776855,1100700.0,MUFG
2016-11-17,14.68000030517578,14.720000267028807,14.630000114440918,14.649999618530273,12.240056037902832,55400.0,MUH
2016-11-17,13.920000076293945,13.989999771118164,13.789999961853027,13.81999969482422,11.990984916687012,93100.0,MUI
2016-11-17,13.960000038146973,14.0,13.829999923706055,13.869999885559082,11.747309684753418,66000.0,MUJ
2016-11-17,30.75,31.170000076293945,30.190000534057614,30.29999923706055,26.795639038085934,2985200.0,MUR
2016-11-17,13.0600004196167,13.09000015258789,12.93000030517578,13.010000228881836,10.9342041015625,33700.0,MUS
2016-11-17,65.40000152587889,67.36000061035156,65.06999969482422,66.68000030517578,66.68000030517578,456500.0,MUSA
2016-11-17,2.9300000667572017,3.0750000476837163,2.789999961853028,2.8299999237060547,2.7979724407196045,3846700.0,MUX
2016-11-17,12.300000190734865,12.399999618530273,12.300000190734865,12.399999618530273,12.035357475280762,2800.0,MVBF
2016-11-17,8.289999961853027,8.350000381469728,8.220000267028809,8.239999771118164,6.698751926422119,45700.0,MVC
2016-11-17,9.770000457763672,9.8100004196167,9.75,9.770000457763672,8.193943023681639,218800.0,MVF
2016-11-17,1.3700000047683716,1.3700000047683716,1.309999942779541,1.3300000429153442,1.3300000429153442,106800.0,MVIS
2016-11-17,5.699999809265138,5.9000000953674325,5.400000095367432,5.5,3.546299934387207,59400.0,MVO
2016-11-17,15.289999961853027,15.3100004196167,15.100000381469727,15.109999656677244,12.64978313446045,60500.0,MVT
2016-11-17,13.199999809265135,13.390000343322756,13.170000076293945,13.359999656677244,12.64167594909668,990400.0,MWA
2016-11-17,5.599999904632568,5.6500000953674325,5.449999809265137,5.599999904632568,5.599999904632568,374100.0,MX
2016-11-17,4.2899999618530265,4.489999771118164,4.2899999618530265,4.309999942779541,4.309999942779541,10200.0,MXC
2016-11-17,9.3100004196167,9.420000076293944,9.239999771118164,9.399999618530273,9.259879112243652,34300.0,MXE
2016-11-17,14.300000190734865,14.31999969482422,14.199999809265135,14.270000457763672,12.119805335998535,142600.0,MXF
2016-11-17,39.63000106811523,39.90999984741211,39.45000076293945,39.7400016784668,35.59367752075195,1625600.0,MXIM
2016-11-17,21.309999465942386,22.309999465942386,21.229999542236328,22.190000534057614,22.190000534057614,1640100.0,MXL
2016-11-17,15.0600004196167,15.18000030517578,15.010000228881836,15.029999732971193,12.447759628295898,57600.0,MYC
2016-11-17,13.949999809265135,14.0,13.8100004196167,13.84000015258789,11.633118629455565,129200.0,MYD
2016-11-17,14.449999809265135,15.100000381469727,14.449999809265135,14.649999618530273,13.122915267944336,108600.0,MYE
2016-11-17,14.699999809265135,14.779999732971193,14.579999923706055,14.699999809265135,12.242562294006348,28200.0,MYF
2016-11-17,16.700000762939453,17.180000305175778,16.700000762939453,17.15999984741211,17.15999984741211,672500.0,MYGN
2016-11-17,13.43000030517578,13.550000190734865,13.43000030517578,13.5,11.43910026550293,261400.0,MYI
2016-11-17,16.180000305175778,16.180000305175778,15.619999885559082,15.649999618530273,13.051352500915527,30500.0,MYJ
2016-11-17,38.08000183105469,38.13000106811523,37.0,37.560001373291016,37.560001373291016,5441100.0,MYL
2016-11-17,12.720000267028807,12.789999961853027,12.579999923706055,12.59000015258789,10.839578628540039,207300.0,MYN
2016-11-17,17.600000381469727,18.950000762939453,17.600000381469727,18.75,18.75,105400.0,MYOK
2016-11-17,1.6499999761581419,1.75,1.5900000333786009,1.75,1.75,21300.0,MYOS
2016-11-17,11.699999809265135,11.84000015258789,10.960000038146973,11.0,11.0,27400.0,MYOV
2016-11-17,37.52000045776367,37.90999984741211,36.93999862670898,37.060001373291016,37.060001373291016,117500.0,MYRG
2016-11-17,78.75,78.75,78.75,78.75,78.75,0.0,MYSZ
2016-11-17,1.100000023841858,1.2380000352859497,1.0499999523162842,1.0599999427795408,1.0599999427795408,246000.0,MYT
2016-11-17,14.25,14.520000457763672,14.1899995803833,14.479999542236328,12.505979537963867,11200.0,MZA
2016-11-17,14.020000457763672,14.079999923706055,14.0,14.020000457763672,11.86451816558838,575300.0,NAC
2016-11-17,13.550000190734865,13.710000038146973,13.5,13.5,11.386980056762695,669100.0,NAD
2016-11-17,12.5,12.770000457763672,12.4399995803833,12.550000190734865,12.550000190734865,28200.0,NAII
2016-11-17,1.3200000524520874,1.3300000429153442,1.1599999666213991,1.2200000286102295,1.2200000286102295,3801500.0,NAK
2016-11-17,118.0,130.0,102.0,115.0,115.0,800.0,NAKD
2016-11-17,13.380000114440918,13.43000030517578,13.289999961853027,13.31999969482422,11.410643577575685,80700.0,NAN
2016-11-17,6.0,6.0,6.0,6.0,6.0,200.0,NAOV
2016-11-17,9.325396537780762,9.414682388305664,8.789682388305664,8.978174209594727,7.322461605072021,2196400.0,NAT
2016-11-17,55.54999923706055,57.25,55.25,56.849998474121094,51.70165252685547,6600.0,NATH
2016-11-17,29.899999618530273,30.29999923706055,29.78000068664551,30.01000022888184,27.934310913085934,358800.0,NATI
2016-11-17,14.600000381469727,14.699999809265135,14.199999809265135,14.550000190734865,14.310220718383787,10800.0,NATR
2016-11-17,28.3799991607666,28.84000015258789,28.09000015258789,28.54999923706055,28.54999923706055,1554700.0,NAV
2016-11-17,15.800000190734865,16.0,15.600000381469727,16.0,16.0,36400.0,NAVB
2016-11-17,17.729999542236328,17.780000686645508,17.520000457763672,17.690000534057614,14.936570167541506,3668400.0,NAVI
2016-11-17,13.699999809265135,13.81999969482422,13.699999809265135,13.75,11.937359809875488,25500.0,NAZ
2016-11-17,20.190000534057614,20.40999984741211,20.170000076293945,20.36000061035156,16.754981994628903,69900.0,NBB
2016-11-17,2.200000047683716,2.869999885559082,2.150000095367432,2.684999942779541,2.684999942779541,228100.0,NBEV
2016-11-17,14.979999542236328,15.149999618530273,14.979999542236328,15.079999923706055,12.555540084838867,31800.0,NBH
2016-11-17,26.559999465942386,26.90999984741211,26.43000030517578,26.88999938964844,25.31100654602051,232300.0,NBHC
2016-11-17,50.81000137329102,52.40999984741211,50.58000183105469,52.27000045776367,52.27000045776367,603900.0,NBIX
2016-11-17,36.97999954223633,37.16999816894531,35.220001220703125,35.34000015258789,33.431686401367195,7309200.0,NBL
2016-11-17,32.049999237060554,33.400001525878906,31.891000747680664,32.169998168945305,26.26687240600586,75200.0,NBLX
2016-11-17,11.25,11.25,11.149999618530273,11.149999618530273,11.077875137329102,5600.0,NBN
2016-11-17,12.670000076293945,12.6899995803833,12.579999923706055,12.579999923706055,10.93720245361328,10600.0,NBO
2016-11-17,13.779999732971193,13.920000076293945,13.529999732971193,13.609999656677244,12.050315856933596,4113800.0,NBR
2016-11-17,4.0300002098083505,4.179999828338623,3.910000085830689,4.0,4.0,188500.0,NBRV
2016-11-17,59.0,59.59000015258789,58.0,59.0,59.0,668.0,NBSE
2016-11-17,38.36000061035156,38.95000076293945,37.79999923706055,38.66999816894531,35.27583312988281,166800.0,NBTB
2016-11-17,14.84000015258789,14.90999984741211,14.75,14.850000381469727,12.823404312133787,10300.0,NBW
2016-11-17,4.25,4.349999904632568,4.0,4.150000095367432,4.150000095367432,47400.0,NBY
2016-11-17,19.945167541503906,20.3221378326416,19.945167541503906,20.09367179870605,18.05296897888184,24500.0,NC
2016-11-17,10.06999969482422,10.130000114440918,9.84000015258789,9.920000076293944,8.668875694274902,237000.0,NCA
2016-11-17,16.049999237060547,16.209999084472653,15.93000030517578,16.0,13.773642539978027,19700.0,NCB
2016-11-17,43.22000122070313,43.22000122070313,42.75,43.18999862670898,43.18999862670898,27400.0,NCBS
2016-11-17,39.599998474121094,40.04999923706055,39.33000183105469,39.83000183105469,39.83000183105469,1294200.0,NCLH
2016-11-17,15.06999969482422,15.220000267028807,15.029999732971193,15.079999923706055,10.8113431930542,158000.0,NCMI
2016-11-17,38.290000915527344,39.31999969482422,38.25,39.0,39.0,1388500.0,NCR
2016-11-17,3.7799999713897705,4.4099998474121085,3.660000085830689,4.349999904632568,4.349999904632568,64300.0,NCTY
2016-11-17,6.170000076293945,6.289999961853027,6.130000114440918,6.260000228881836,4.290068626403809,407000.0,NCV
2016-11-17,5.460000038146973,5.5,5.449999809265137,5.46999979019165,3.6476018428802486,397300.0,NCZ
2016-11-17,64.69000244140625,65.13999938964844,64.56999969482422,64.86000061035156,60.61637496948242,554600.0,NDAQ
2016-11-17,4.400000095367432,4.400000095367432,4.199999809265137,4.199999809265137,4.199999809265137,97800.0,NDLS
2016-11-17,16.100000381469727,16.190000534057614,15.960000038146973,16.139999389648438,10.10169792175293,44000.0,NDP
2016-11-17,108.27999877929688,108.69000244140624,106.6500015258789,107.41999816894531,103.54180908203124,210400.0,NDSN
2016-11-17,5.550000190734863,5.739999771118164,5.349999904632568,5.400000095367432,5.400000095367432,8977400.0,NE
2016-11-17,13.100000381469727,13.18000030517578,13.0600004196167,13.119999885559082,11.083821296691896,974300.0,NEA
2016-11-17,113.91000366210938,115.13999938964844,113.88999938964844,114.77999877929688,103.99524688720705,2173600.0,NEE
2016-11-17,33.889999389648445,34.27000045776367,32.169998168945305,32.700000762939446,30.438535690307614,8020400.0,NEM
2016-11-17,60.099998474121094,61.5,60.099998474121094,61.5,57.51698684692383,500.0,NEN
2016-11-17,8.989999771118164,9.039999961853027,8.609999656677246,8.890000343322754,8.890000343322754,220300.0,NEO
2016-11-17,45.513877868652344,46.21905517578125,45.44636154174805,45.596397399902344,45.596397399902344,262400.0,NEOG
2016-11-17,18.200000762939453,18.799999237060547,16.100000381469727,16.899999618530273,16.899999618530273,79200.0,NEON
2016-11-17,8.25,9.199999809265137,8.25,8.75,8.75,118300.0,NEOS
2016-11-17,25.0,25.3799991607666,24.95000076293945,25.239999771118164,22.136796951293945,254000.0,NEP
2016-11-17,2.700000047683716,2.700000047683716,2.700000047683716,2.700000047683716,2.700000047683716,33.0,NEPH
2016-11-17,1.0399999618530271,1.0399999618530271,1.0,1.0099999904632568,1.0099999904632568,405600.0,NEPT
2016-11-17,13.550000190734865,13.949999809265135,13.300000190734865,13.899999618530273,13.899999618530273,133000.0,NERV
2016-11-17,37900.0,37900.0,37200.0,37400.0,37400.0,2870.0,NET
2016-11-17,9.600000381469727,9.600000381469727,8.800000190734863,9.100000381469727,9.100000381469727,13600.0,NETE
2016-11-17,411.1099853515625,412.1700134277344,408.5499877929688,410.2999877929688,386.6730041503906,21800.0,NEU
2016-11-17,14.529999732971193,14.579999923706055,14.5,14.550000190734865,12.203460693359375,116400.0,NEV
2016-11-17,53.25,53.25,53.25,53.25,53.25,0.0,NEW
2016-11-17,33.90999984741211,34.86999893188477,33.345001220703125,34.75,34.75,468700.0,NEWR
2016-11-17,14.899999618530273,15.170000076293945,14.899999618530273,14.970000267028807,10.667716026306152,151000.0,NEWT
2016-11-17,4.802999973297119,4.802999973297119,4.802999973297119,4.802999973297119,4.802999973297119,0.0,NEX
2016-11-17,10.06999969482422,10.149999618530273,10.0600004196167,10.149999618530273,10.149999618530273,6300.0,NEXT
2016-11-17,18.56999969482422,18.600000381469727,18.290000915527344,18.299999237060547,16.885967254638672,219100.0,NFBK
2016-11-17,53.88999938964844,54.63999938964844,53.6500015258789,53.7599983215332,47.96075820922852,434600.0,NFG
2016-11-17,12.550000190734865,12.579999923706055,12.520000457763672,12.56999969482422,9.497198104858398,278000.0,NFJ
2016-11-17,115.12999725341795,116.80999755859376,113.55999755859376,115.02999877929688,115.02999877929688,6232700.0,NFLX
2016-11-17,4.489999771118164,4.75,4.400000095367432,4.510000228881836,4.510000228881836,2486400.0,NG
2016-11-17,3.809999942779541,3.9500000476837163,3.7000000476837163,3.7699999809265137,3.7699999809265137,5820900.0,NGD
2016-11-17,64.15938568115234,64.46506500244139,63.820960998535156,63.98471450805664,53.77412796020508,519800.0,NGG
2016-11-17,23.45000076293945,23.59000015258789,23.26499938964844,23.459999084472656,22.76624298095703,409700.0,NGHC
2016-11-17,25.15999984741211,25.20000076293945,24.91900062561035,25.20000076293945,18.67734146118164,24000.0,NGHCN
2016-11-17,25.1560001373291,25.20000076293945,25.10000038146973,25.10000038146973,18.65169334411621,21500.0,NGHCO
2016-11-17,25.91900062561035,25.91900062561035,25.464000701904297,25.464000701904297,18.974245071411133,800.0,NGHCP
2016-11-17,25.21999931335449,25.51000022888184,25.21999931335449,25.440000534057614,20.691272735595703,3900.0,NGHCZ
2016-11-17,17.850000381469727,18.479999542236328,17.799999237060547,18.149999618530273,12.172961235046387,428000.0,NGL
2016-11-17,28.0,28.5,26.35000038146973,26.54999923706055,26.54999923706055,41800.0,NGS
2016-11-17,11.859999656677244,11.899999618530273,11.3100004196167,11.640000343322756,11.44005012512207,354800.0,NGVC
2016-11-17,49.47000122070313,52.11000061035156,49.47000122070313,50.5,50.5,367200.0,NGVT
2016-11-17,11.90999984741211,12.149999618530273,11.859999656677244,11.979999542236328,11.979999542236328,36700.0,NH
2016-11-17,10.020000457763672,10.020000457763672,9.979999542236328,9.979999542236328,9.31229019165039,42500.0,NHA
2016-11-17,68.62000274658203,69.90000152587889,68.62000274658203,69.08999633789061,62.79922485351562,28700.0,NHC
2016-11-17,21.850000381469727,21.950000762939453,21.690000534057614,21.90999984741211,14.852446556091307,116400.0,NHF
2016-11-17,70.30999755859375,70.66999816894531,69.09999847412111,69.25,57.204856872558594,146200.0,NHI
2016-11-17,3.2100000381469727,3.259999990463257,3.2100000381469727,3.25,3.25,3900.0,NHLD
2016-11-17,11.100000381469727,11.18000030517578,11.09000015258789,11.130000114440918,8.531765937805176,85800.0,NHS
2016-11-17,24.86000061035156,26.1299991607666,24.85000038146973,25.690000534057614,18.806324005126953,93700.0,NHTC
2016-11-17,21.709999084472656,21.93000030517578,21.559999465942386,21.61000061035156,19.634126663208008,1455000.0,NI
2016-11-17,30.21999931335449,30.82999992370605,30.0,30.79999923706055,30.79999923706055,36400.0,NIB
2016-11-17,65.30000305175781,66.73999786376953,65.12000274658203,66.65000152587889,66.33660888671875,96700.0,NICE
2016-11-17,9.880000114440918,9.920000076293944,9.859999656677246,9.899999618530273,9.899999618530273,3600.0,NICK
2016-11-17,12.43000030517578,12.520000457763672,12.380000114440918,12.489999771118164,10.815725326538086,257000.0,NID
2016-11-17,18.43000030517578,18.5,18.399999618530273,18.450000762939453,14.222799301147461,90300.0,NIE
2016-11-17,9.9399995803833,9.9399995803833,9.779999732971193,9.8100004196167,8.824312210083008,64100.0,NIM
2016-11-17,12.5,12.670000076293945,12.399999618530273,12.609999656677244,11.316095352172852,82300.0,NIQ
2016-11-17,35.79999923706055,35.79999923706055,32.200000762939446,32.700000762939446,29.77790832519531,1132700.0,NJR
2016-11-17,14.649999618530273,14.9399995803833,14.420000076293945,14.420000076293945,11.863476753234865,6900.0,NJV
2016-11-17,7.78000020980835,7.829999923706055,7.480000019073486,7.5,7.5,418700.0,NK
2016-11-17,50.93999862670898,51.66999816894531,50.72000122070313,51.59000015258789,49.49776840209961,7671600.0,NKE
2016-11-17,13.1899995803833,13.229999542236328,13.109999656677244,13.109999656677244,11.500117301940918,5600.0,NKG
2016-11-17,36.599998474121094,37.5,36.349998474121094,37.099998474121094,34.0286865234375,5100.0,NKSH
2016-11-17,13.890000343322756,14.0,13.6899995803833,13.970000267028807,13.970000267028807,943000.0,NKTR
2016-11-17,14.31999969482422,14.350000381469727,14.050000190734865,14.0600004196167,12.002684593200685,244900.0,NKX
2016-11-17,5.75,6.25,5.599999904632568,6.050000190734862,5.978189945220947,52100.0,NL
2016-11-17,,,,,,,NLOK
2016-11-17,17.5,18.149999618530273,17.25,18.049999237060547,18.049999237060547,666400.0,NLS
2016-11-17,44.09000015258789,44.11000061035156,43.5099983215332,43.72000122070313,37.52714538574219,3509100.0,NLSN
2016-11-17,14.869999885559082,15.300000190734865,14.59000015258789,14.654999732971193,14.654999732971193,307600.0,NLTX
2016-11-17,10.0600004196167,10.149999618530273,10.029999732971193,10.039999961853027,6.730832099914551,4614800.0,NLY
2016-11-17,20.299999237060547,21.100000381469727,13.899999618530273,17.299999237060547,17.299999237060547,748200.0,NM
2016-11-17,13.850000381469727,13.949999809265135,13.75,13.949999809265135,9.817034721374512,527300.0,NMFC
2016-11-17,11.5600004196167,11.68000030517578,11.40999984741211,11.470000267028807,9.95378875732422,9600.0,NMI
2016-11-17,8.899999618530273,9.0,8.800000190734863,8.899999618530273,8.899999618530273,192700.0,NMIH
2016-11-17,9.170000076293944,9.31999969482422,9.039999961853027,9.079999923706056,6.846494197845459,195600.0,NML
2016-11-17,40.20000076293945,44.099998474121094,27.899999618530273,29.85000038146973,27.4833927154541,695800.0,NMM
2016-11-17,5.400000095367432,5.460000038146973,5.380000114440918,5.460000038146973,4.978708744049072,93800.0,NMR
2016-11-17,1.7999999523162842,1.7999999523162842,1.7999999523162842,1.7999999523162842,1.7999999523162842,0.0,NMRD
2016-11-17,17.15999984741211,17.299999237060547,16.549999237060547,17.040000915527347,14.571105003356935,19900.0,NMS
2016-11-17,13.420000076293945,13.420000076293945,13.34000015258789,13.380000114440918,11.624592781066895,5200.0,NMT
2016-11-17,12.479999542236328,12.609999656677244,12.470000267028807,12.510000228881836,10.763228416442873,43500.0,NMY
2016-11-17,13.010000228881836,13.09000015258789,12.949999809265135,12.960000038146973,10.73988437652588,289900.0,NMZ
2016-11-17,26.70000076293945,29.25,23.399999618530273,24.45000076293945,19.273202896118164,123600.0,NNA
2016-11-17,16.649999618530273,17.299999237060547,16.5,16.700000762939453,15.72902774810791,234800.0,NNBR
2016-11-17,63.5,64.90000152587889,63.0,63.70000076293945,63.70000076293945,200.0,NNDM
2016-11-17,51.13000106811523,51.13000106811523,49.709999084472656,50.209999084472656,48.11494827270508,137200.0,NNI
2016-11-17,42.29999923706055,42.70000076293945,41.38000106811523,41.459999084472656,36.13071060180664,1329600.0,NNN
2016-11-17,27.399999618530273,28.0,25.20000076293945,25.60000038146973,25.60000038146973,6400.0,NNVC
2016-11-17,9.449999809265137,9.5,9.449999809265137,9.449999809265137,8.339193344116211,21100.0,NNY
2016-11-17,3.2999999523162837,3.3499999046325684,3.2000000476837163,3.2000000476837163,3.017706155776977,144800.0,NOA
2016-11-17,23.65999984741211,24.21999931335449,23.65999984741211,24.059999465942386,24.059999465942386,88800.0,NOAH
2016-11-17,245.7899932861328,246.42999267578125,243.83999633789062,244.66000366210938,232.00636291503903,843900.0,NOC
2016-11-17,1.8500000238418581,1.8500000238418581,1.75,1.75,1.75,420800.0,NOG
2016-11-17,4.190000057220459,4.2199997901916495,4.139999866485597,4.150000095367432,3.789829254150391,10611600.0,NOK
2016-11-17,17.0,17.049999237060547,15.890000343322756,16.629999160766598,14.53444004058838,13600.0,NOM
2016-11-17,11.199999809265137,11.289999961853027,11.020000457763672,11.029999732971193,11.029999732971193,599600.0,NOMD
2016-11-17,35.54999923706055,36.18999862670898,35.049999237060554,35.310001373291016,34.410781860351555,3300000.0,NOV
2016-11-17,20.850000381469727,21.600000381469727,20.71199989318848,21.489999771118164,21.489999771118164,27600.0,NOVN
2016-11-17,18.899999618530273,19.25,18.350000381469727,19.100000381469727,19.100000381469727,396500.0,NOVT
2016-11-17,85.7699966430664,87.16999816894531,85.51000213623047,86.83000183105469,86.83000183105469,917100.0,NOW
2016-11-17,83.3499984741211,84.52999877929688,83.30000305175781,84.3499984741211,78.45194244384766,106300.0,NP
2016-11-17,0.03999999910593033,0.03999999910593033,0.03999999910593033,0.03999999910593033,0.03999999910593033,0.0,NPA
2016-11-17,91.3499984741211,92.0999984741211,91.0,91.0500030517578,72.83190155029297,20600.0,NPK
2016-11-17,15.760000228881836,15.989999771118164,15.760000228881836,15.989999771118164,13.370566368103027,900.0,NPN
2016-11-17,59.59000015258789,60.13000106811523,59.02999877929688,59.18999862670898,56.33338928222656,65300.0,NPO
2016-11-17,13.25,13.539999961853027,13.210000038146973,13.279999732971193,13.279999732971193,1150900.0,NPTN
2016-11-17,13.229999542236328,13.229999542236328,13.130000114440918,13.130000114440918,11.410233497619627,14800.0,NPV
2016-11-17,13.279999732971193,13.279999732971193,13.109999656677244,13.170000076293945,11.1441068649292,70500.0,NQP
2016-11-17,7.25,7.5,7.199999809265138,7.25,7.25,347600.0,NR
2016-11-17,238.75,246.5,238.75,239.75,239.75,100.0,NRBO
2016-11-17,16.0,16.072999954223633,15.949999809265135,16.0,14.922207832336426,8000.0,NRC
2016-11-17,11.170000076293944,11.520000457763672,11.140000343322754,11.25,11.015351295471193,4539500.0,NRG
2016-11-17,28.149999618530273,28.399999618530273,27.95000076293945,28.35000038146973,25.46774482727051,15600.0,NRIM
2016-11-17,12.68000030517578,12.710000038146973,12.609999656677244,12.670000076293945,10.912264823913574,158000.0,NRK
2016-11-17,5.139999866485597,5.150000095367432,5.070000171661377,5.070000171661377,3.6504061222076416,159900.0,NRO
2016-11-17,39.45000076293945,39.5,35.049999237060554,35.09999847412109,28.56863594055176,108000.0,NRP
2016-11-17,7.210000038146973,7.25,7.050000190734862,7.239999771118164,5.229165554046631,10400.0,NRT
2016-11-17,14.390000343322756,14.479999542236328,14.300000190734865,14.449999809265135,9.771283149719238,4721500.0,NRZ
2016-11-17,46.22999954223633,46.790000915527344,45.5,45.599998474121094,33.073638916015625,414600.0,NS
2016-11-17,19.71999931335449,19.90999984741211,19.530000686645508,19.700000762939453,17.004487991333008,288300.0,NSA
2016-11-17,103.0,103.44000244140624,102.58999633789062,103.13999938964844,96.7618637084961,2567600.0,NSC
2016-11-17,17.450000762939453,17.450000762939453,17.450000762939453,17.450000762939453,16.621923446655273,0.0,NSEC
2016-11-17,32.950000762939446,33.080001831054695,32.72999954223633,32.86999893188477,32.86999893188477,132400.0,NSIT
2016-11-17,6.480000019073486,6.539999961853027,6.480000019073486,6.510000228881836,5.1057209968566895,126700.0,NSL
2016-11-17,35.95000076293945,36.400001525878906,35.775001525878906,36.349998474121094,34.252647399902344,272600.0,NSP
2016-11-17,117.5,134.5,100.0,123.5,123.5,6100.0,NSPR
2016-11-17,25.38999938964844,25.53000068664551,25.20000076293945,25.420000076293945,19.308616638183594,98300.0,NSS
2016-11-17,8.050000190734862,8.180000305175781,7.610000133514403,7.8499999046325675,7.8499999046325675,30500.0,NSSC
2016-11-17,22.739999771118164,23.239999771118164,22.489999771118164,22.979999542236328,22.979999542236328,134700.0,NSTG
2016-11-17,4.2100000381469735,4.2100000381469735,3.7899999618530273,3.880000114440918,3.880000114440918,18000.0,NSYS
2016-11-17,38.45000076293945,39.0,36.7400016784668,36.900001525878906,34.293609619140625,14094400.0,NTAP
2016-11-17,29.75,29.85000038146973,29.229999542236328,29.489999771118164,25.79027366638184,78500.0,NTB
2016-11-17,33.049999237060554,33.150001525878906,32.299999237060554,32.450000762939446,32.450000762939446,776600.0,NTCT
2016-11-17,5.244999885559082,5.400000095367432,5.244999885559082,5.300000190734863,5.300000190734863,2400.0,NTEC
2016-11-17,230.1300048828125,237.13999938964844,229.6100006103516,236.8300018310547,223.2833709716797,954100.0,NTES
2016-11-17,19.6200008392334,19.88999938964844,19.6200008392334,19.809999465942386,13.663731575012207,99000.0,NTG
2016-11-17,31.63771629333496,32.16501235961914,31.63771629333496,31.854839324951172,31.854839324951172,594600.0,NTGR
2016-11-17,7.0999999046325675,7.0999999046325675,6.5,6.625,6.197531700134277,2600.0,NTIC
2016-11-17,2.799999952316284,2.799999952316284,2.700000047683716,2.75,2.421149730682373,119500.0,NTIP
2016-11-17,18.0,18.11899948120117,16.559999465942386,16.610000610351562,16.610000610351562,364000.0,NTLA
2016-11-17,7.190000057220459,7.320000171661378,7.170000076293945,7.320000171661378,7.320000171661378,5200.0,NTN
2016-11-17,32.59999847412109,33.18000030517578,31.01000022888184,31.20000076293945,31.20000076293945,1193900.0,NTNX
2016-11-17,7.949999809265138,8.050000190734862,7.75,7.949999809265138,7.439426898956299,150200.0,NTP
2016-11-17,3.9500000476837163,3.9500000476837163,3.9500000476837163,3.9500000476837163,3.5594103336334233,0.0,NTR
2016-11-17,11.630000114440918,12.0,11.630000114440918,11.90999984741211,11.90999984741211,221700.0,NTRA
2016-11-17,81.0999984741211,81.97000122070312,80.93000030517578,81.5,75.33030700683594,1472400.0,NTRS
2016-11-17,42.95000076293945,43.70000076293945,42.75,43.650001525878906,43.650001525878906,177600.0,NTUS
2016-11-17,5.599999904632568,5.75,5.5,5.75,5.75,18900.0,NTWK
2016-11-17,8.5,8.550000190734862,7.800000190734862,7.949999809265138,7.949999809265138,13700.0,NTZ
2016-11-17,13.523809432983398,13.523809432983398,13.203463554382324,13.46320343017578,13.46320343017578,4009700.0,NUAN
2016-11-17,59.849998474121094,60.02999877929688,59.25,59.45000076293945,53.83916091918945,2944100.0,NUE
2016-11-17,13.369999885559082,13.40999984741211,13.229999542236328,13.329999923706055,11.541586875915527,74500.0,NUM
2016-11-17,14.699999809265135,15.029999732971193,14.699999809265135,14.880000114440918,12.908575057983398,51800.0,NUO
2016-11-17,100.0,104.0,96.8000030517578,100.0,100.0,1600.0,NURO
2016-11-17,54.790000915527344,54.93000030517578,53.75,54.0,49.21072006225586,635900.0,NUS
2016-11-17,9.56999969482422,9.619999885559082,9.520000457763672,9.529999732971193,8.373037338256836,615200.0,NUV
2016-11-17,61.6500015258789,64.51999664306639,61.04999923706055,64.19999694824219,64.19999694824219,1105800.0,NUVA
2016-11-17,16.129999160766598,16.319999694824222,16.100000381469727,16.139999389648438,13.850152969360352,61500.0,NUW
2016-11-17,26.60000038146973,26.79999923706055,25.20000076293945,26.20000076293945,26.20000076293945,488300.0,NVAX
2016-11-17,480.0,500.0,470.0,480.0,480.0,700.0,NVCN
2016-11-17,9.300000190734863,9.5,9.149999618530273,9.350000381469727,9.350000381469727,399900.0,NVCR
2016-11-17,92.30999755859376,94.79000091552734,90.6500015258789,92.38999938964844,91.22710418701172,20824700.0,NVDA
2016-11-17,62.6500015258789,64.75,62.59000015258789,64.51999664306639,54.99686813354492,69900.0,NVEC
2016-11-17,35.400001525878906,36.0,34.84999847412109,34.950000762939446,34.950000762939446,49300.0,NVEE
2016-11-17,14.25,14.449999809265135,12.5,13.050000190734865,13.050000190734865,74100.0,NVFY
2016-11-17,14.300000190734865,14.34000015258789,14.18000030517578,14.220000267028807,11.819793701171875,666700.0,NVG
2016-11-17,8.550000190734862,8.649999618530272,8.0,8.100000381469728,8.100000381469728,222500.0,NVGS
2016-11-17,4387.5,4425.0,3787.5,3862.5,3862.5,400.0,NVIV
2016-11-17,12.34000015258789,12.399999618530273,12.260000228881836,12.390000343322756,12.390000343322756,17700.0,NVMI
2016-11-17,32.900001525878906,33.040000915527344,32.77000045776367,32.84000015258789,29.88545227050781,2400500.0,NVO
2016-11-17,1574.699951171875,1601.5,1565.52001953125,1580.0,1580.0,36200.0,NVR
2016-11-17,87.06999969482422,88.66000366210938,86.30000305175781,88.29000091552734,88.29000091552734,311800.0,NVRO
2016-11-17,64.91039276123047,65.17024993896484,64.67742156982422,65.0,55.94091796875,3512300.0,NVS
2016-11-17,5.920000076293945,6.244999885559082,5.760000228881836,6.010000228881836,6.010000228881836,5116200.0,NVTA
2016-11-17,10.4399995803833,10.979999542236328,9.720000267028807,10.170000076293944,10.170000076293944,68200.0,NVUS
2016-11-17,17.920000076293945,17.989999771118164,17.799999237060547,17.959999084472656,15.725181579589846,594300.0,NWBI
2016-11-17,55.5099983215332,56.0099983215332,55.36000061035156,55.54999923706055,49.100975036621094,324400.0,NWE
2016-11-17,20.0,20.06666755676269,20.0,20.06666755676269,17.997665405273438,2500.0,NWFL
2016-11-17,0.6000000238418579,0.6000000238418579,0.6000000238418579,0.6000000238418579,0.6000000238418579,0.0,NWGI
2016-11-17,11.65999984741211,11.869999885559082,11.640000343322756,11.779999732971193,11.779999732971193,36700.0,NWHM
2016-11-17,47.099998474121094,47.709999084472656,46.77999877929688,47.56000137329102,41.63697052001953,3926700.0,NWL
2016-11-17,241.3000030517578,249.00999450683597,241.3000030517578,245.97999572753903,245.0976104736328,12100.0,NWLI
2016-11-17,56.349998474121094,56.95000076293945,55.88000106811523,56.349998474121094,51.21931838989258,125600.0,NWN
2016-11-17,16.34000015258789,17.200000762939453,14.68000030517578,16.829999923706055,16.829999923706055,87200.0,NWPX
2016-11-17,12.350000381469727,12.5,12.25,12.350000381469727,11.715127944946287,462300.0,NWS
2016-11-17,12.0600004196167,12.1899995803833,11.920000076293945,12.0,11.366416931152346,3539100.0,NWSA
2016-11-17,19.25,19.649999618530273,19.149999618530273,19.350000381469727,18.436315536499023,155800.0,NX
2016-11-17,15.279999732971193,15.279999732971193,15.140000343322756,15.140000343322756,13.250394821166992,11500.0,NXC
2016-11-17,1.2599999904632568,1.4730000495910645,1.2599999904632568,1.440000057220459,1.440000057220459,53000.0,NXE
2016-11-17,13.850000381469727,13.989999771118164,13.699999809265135,13.760000228881836,13.760000228881836,303400.0,NXGN
2016-11-17,13.279999732971193,13.300000190734865,13.130000114440918,13.149999618530273,11.107494354248047,176500.0,NXJ
2016-11-17,13.1899995803833,13.31999969482422,13.1899995803833,13.199999809265135,11.63516616821289,6600.0,NXN
2016-11-17,13.920000076293945,13.920000076293945,13.75,13.829999923706055,12.196310043334961,40800.0,NXP
2016-11-17,98.0,98.56999969482422,97.6500015258789,98.05999755859376,95.9544448852539,2281700.0,NXPI
2016-11-17,13.390000343322756,13.470000267028807,13.25,13.40999984741211,11.86905288696289,47500.0,NXQ
2016-11-17,14.0,14.010000228881836,13.829999923706055,13.829999923706055,12.27456760406494,54900.0,NXR
2016-11-17,19.71999931335449,20.149999618530273,19.68000030517578,19.68000030517578,17.475505828857422,216200.0,NXRT
2016-11-17,59.70000076293945,59.70000076293945,58.349998474121094,58.95000076293945,55.37079620361328,511700.0,NXST
2016-11-17,3.359999895095825,4.050000190734863,3.3499999046325684,3.890000104904175,3.890000104904175,299300.0,NXTD
2016-11-17,15.390000343322756,15.800000190734865,15.3100004196167,15.720000267028807,13.069743156433105,4143900.0,NYCB
2016-11-17,6.5,6.550000190734862,6.449999809265138,6.480000019073486,4.247532367706299,847000.0,NYMT
2016-11-17,21.81999969482422,22.350000381469727,21.81999969482422,22.049999237060547,16.937294006347653,9100.0,NYMTO
2016-11-17,22.76000022888184,22.95000076293945,22.6299991607666,22.75,17.559682846069336,6000.0,NYMTP
2016-11-17,3.0199999809265137,3.1600000858306885,2.940000057220459,2.9800000190734863,2.9800000190734863,110200.0,NYMX
2016-11-17,12.300000190734865,12.399999618530273,12.199999809265135,12.300000190734865,11.994717597961426,735900.0,NYT
2016-11-17,15.140000343322756,15.279999732971193,15.140000343322756,15.279999732971193,13.197552680969238,8600.0,NYV
2016-11-17,14.210000038146973,14.25,14.0600004196167,14.06999969482422,11.69141674041748,613300.0,NZF
2016-11-17,56.1500015258789,56.45000076293945,54.81000137329102,54.86999893188477,47.37059020996094,1699400.0,O
2016-11-17,12.670000076293945,12.699999809265135,12.0,12.039999961853027,12.039999961853027,10382500.0,OAS
2016-11-17,8.550000190734862,8.550000190734862,8.550000190734862,8.550000190734862,8.550000190734862,0.0,OBAS
2016-11-17,3.509999990463257,3.5999999046325684,3.4300000667572017,3.559999942779541,3.407372236251831,31300.0,OBCI
2016-11-17,110.5,115.0,110.0999984741211,114.5,114.5,7600.0,OBLN
2016-11-17,51.65999984741211,52.9900016784668,51.34000015258789,52.86000061035156,50.28285598754883,965300.0,OC
2016-11-17,2.900000095367432,3.0999999046325684,2.900000095367432,3.0899999141693115,3.0899999141693115,5000.0,OCC
2016-11-17,3.640000104904175,3.640000104904175,3.640000104904175,3.640000104904175,3.021507024765014,0.0,OCCI
2016-11-17,22.979999542236328,23.149999618530273,21.649999618530273,23.09000015258789,21.3100528717041,161800.0,OCFC
2016-11-17,134.39999389648438,139.19999694824222,129.60000610351562,139.19999694824222,139.19999694824222,700.0,OCGN
2016-11-17,4.920000076293945,5.079999923706055,4.9099998474121085,5.050000190734863,5.050000190734863,2931900.0,OCN
2016-11-17,9.010000228881836,9.06999969482422,9.0,9.050000190734863,6.934431552886963,154500.0,OCSI
2016-11-17,5.699999809265138,5.71999979019165,5.6500000953674325,5.690000057220459,4.256072044372559,474900.0,OCSL
2016-11-17,8.75,9.710000038146973,8.649999618530272,9.640000343322754,9.640000343322754,1498300.0,OCUL
2016-11-17,5.099999904632568,5.199999809265137,5.0,5.050000190734863,5.050000190734863,15200.0,OCX
2016-11-17,39.849998474121094,40.04999923706055,39.7599983215332,39.88999938964844,36.57804870605469,11200.0,ODC
2016-11-17,57.36666488647461,57.98666763305664,57.02000045776367,57.87333297729492,57.03315734863281,708600.0,ODFL
2016-11-17,4.550000190734863,4.699999809265137,4.4099998474121085,4.670000076293945,4.101259231567384,11019700.0,ODP
2016-11-17,18.549999237060547,19.200000762939453,18.299999237060547,18.899999618530273,16.579404830932614,76900.0,OEC
2016-11-17,1.7999999523162842,1.809999942779541,1.7699999809265137,1.7999999523162842,1.7999999523162842,68900.0,OESX
2016-11-17,28.479999542236328,28.6299991607666,28.13999938964844,28.13999938964844,24.522077560424805,759900.0,OFC
2016-11-17,22.93000030517578,22.93000030517578,22.93000030517578,22.93000030517578,21.80599975585937,0.0,OFED
2016-11-17,13.050000190734865,13.399999618530273,13.0,13.199999809265135,12.350147247314453,345000.0,OFG
2016-11-17,37.06999969482422,38.04999923706055,37.040000915527344,38.02000045776367,38.02000045776367,99000.0,OFIX
2016-11-17,42.45000076293945,44.70000076293945,41.58000183105469,43.86999893188477,40.423423767089844,9600.0,OFLX
2016-11-17,13.59000015258789,13.949999809265135,13.539999961853027,13.800000190734865,9.19608211517334,24200.0,OFS
2016-11-17,19.309999465942386,19.399999618530273,19.309999465942386,19.399999618530273,17.71651268005371,600.0,OGCP
2016-11-17,30.84000015258789,31.1299991607666,30.54999923706055,30.6299991607666,27.185869216918945,644700.0,OGE
2016-11-17,4.599999904632568,4.599999904632568,4.300000190734863,4.300000190734863,4.300000190734863,3000.0,OGEN
2016-11-17,58.959999084472656,59.68000030517578,58.959999084472656,59.33000183105469,54.92034149169922,184200.0,OGS
2016-11-17,29.0,29.20000076293945,28.489999771118164,28.5,22.07638931274414,1921900.0,OHI
2016-11-17,19.030000686645508,19.030000686645508,18.57999992370605,18.809999465942386,18.435426712036133,2037000.0,OI
2016-11-17,7.289999961853027,7.3499999046325675,7.260000228881836,7.320000171661378,6.155047416687013,70600.0,OIA
2016-11-17,25.70000076293945,25.989999771118164,24.989999771118164,25.21999931335449,24.63710594177246,1388100.0,OII
2016-11-17,2.1199998855590816,2.1199998855590816,2.059999942779541,2.0699999332427983,2.0699999332427983,25000.0,OIIM
2016-11-17,29.84000015258789,29.84000015258789,29.440000534057614,29.440000534057614,29.440000534057614,800.0,OILX
2016-11-17,33.09999847412109,33.75,32.450000762939446,32.650001525878906,32.650001525878906,374000.0,OIS
2016-11-17,50.099998474121094,50.61999893188477,49.790000915527344,49.83000183105469,42.20710754394531,1531400.0,OKE
2016-11-17,58.45000076293945,58.79999923706055,57.349998474121094,57.83000183105469,57.453819274902344,630100.0,OLED
2016-11-17,15.25,15.25,14.90999984741211,14.90999984741211,14.90999984741211,1500.0,OLEM
2016-11-17,30.35000038146973,31.10000038146973,30.29999923706055,31.0,31.0,430500.0,OLLI
2016-11-17,24.95000076293945,25.21999931335449,24.68000030517578,24.95000076293945,22.459035873413086,1416300.0,OLN
2016-11-17,24.1200008392334,24.489999771118164,24.020000457763672,24.1200008392334,18.77568817138672,41700.0,OLP
2016-11-17,40.16999816894531,40.959999084472656,39.88000106811523,40.0099983215332,35.6662712097168,40300.0,OMAB
2016-11-17,84.87999725341797,87.55000305175781,84.69999694824219,87.27999877929688,78.08160400390625,2446000.0,OMC
2016-11-17,32.799999237060554,33.630001068115234,32.799999237060554,33.549999237060554,33.549999237060554,129900.0,OMCL
2016-11-17,12.859999656677244,13.40999984741211,12.510000228881836,13.239999771118164,13.239999771118164,836800.0,OMER
2016-11-17,4.650000095367432,4.710000038146973,4.5,4.60099983215332,4.60099983215332,35900.0,OMEX
2016-11-17,21.06999969482422,21.18000030517578,20.209999084472656,20.239999771118164,17.765413284301758,639600.0,OMF
2016-11-17,33.459999084472656,34.18000030517578,33.459999084472656,34.150001525878906,30.75089836120605,767800.0,OMI
2016-11-17,11.470000267028807,11.550000190734865,11.369999885559082,11.479999542236328,11.479999542236328,3984300.0,ON
2016-11-17,16.850000381469727,17.299999237060547,16.850000381469727,17.100000381469727,15.403949737548828,660200.0,ONB
2016-11-17,16.200000762939453,16.299999237060547,14.800000190734865,15.100000381469727,15.100000381469727,37500.0,ONCS
2016-11-17,63.0,63.70000076293945,56.70000076293945,62.29999923706055,62.29999923706055,1500.0,ONCT
2016-11-17,1.8049999475479128,1.995000004768372,1.8049999475479128,1.995000004768372,1.995000004768372,2400.0,ONCY
2016-11-17,4.860000133514403,4.960000038146973,4.630000114440918,4.679999828338623,4.679999828338623,265100.0,ONDK
2016-11-17,48.75,52.349998474121094,45.9000015258789,50.25,50.25,18000.0,ONTX
2016-11-17,3.2000000476837163,3.240000009536743,3.119999885559082,3.1800000667572017,3.1800000667572017,798900.0,ONVO
2016-11-17,8.850000381469727,9.050000190734863,8.850000381469727,9.0,9.0,25600.0,OOMA
2016-11-17,23.60000038146973,24.17499923706055,23.5,23.85000038146973,22.8873291015625,286100.0,OPB
2016-11-17,6.3499999046325675,6.3499999046325675,6.3499999046325675,6.3499999046325675,6.174952507019043,1000.0,OPBK
2016-11-17,5.599999904632568,5.599999904632568,5.239999771118164,5.480000019073486,5.480000019073486,275500.0,OPCH
2016-11-17,580.0,600.0,550.0,580.0,580.0,500.0,OPGN
2016-11-17,4.050000190734863,4.300000190734863,4.050000190734863,4.119999885559082,4.119999885559082,800.0,OPHC
2016-11-17,74.4000015258789,75.91999816894531,74.04000091552734,74.16000366210938,54.53132629394531,102400.0,OPI
2016-11-17,24.399999618530273,24.399999618530273,24.0,24.13999938964844,19.993675231933594,136800.0,OPINI
2016-11-17,10.34000015258789,10.539999961853027,10.279999732971193,10.460000038146973,10.460000038146973,2920600.0,OPK
2016-11-17,7.070000171661378,7.199999809265138,6.929999828338622,7.199999809265138,7.199999809265138,1900.0,OPNT
2016-11-17,20.540000915527344,21.399999618530273,20.51000022888184,21.299999237060547,20.045021057128906,3000.0,OPOF
2016-11-17,18.899999618530273,19.0,18.0,18.5,13.00879192352295,24300.0,OPP
2016-11-17,4.375,4.375,4.375,4.375,4.375,0.0,OPRA
2016-11-17,2.940000057220459,2.940000057220459,2.940000057220459,2.940000057220459,2.940000057220459,1000.0,OPRX
2016-11-17,84.80000305175781,89.80000305175781,62.599998474121094,64.80000305175781,64.80000305175781,110700.0,OPTT
2016-11-17,16.649999618530273,16.899999618530273,16.549999237060547,16.649999618530273,15.664678573608398,24000.0,OPY
2016-11-17,9.920000076293944,10.149999618530273,9.585000038146973,9.729999542236328,9.087392807006836,127300.0,OR
2016-11-17,46.52999877929688,46.95000076293945,46.11999893188477,46.349998474121094,45.18973922729492,196800.0,ORA
2016-11-17,14.619999885559082,14.699999809265135,14.539999961853027,14.619999885559082,12.504525184631348,462000.0,ORAN
2016-11-17,8.359999656677246,8.579999923706055,8.329999923706055,8.430000305175781,8.430000305175781,263100.0,ORBC
2016-11-17,10.84000015258789,10.880000114440918,10.779999732971193,10.800000190734863,6.309056282043457,600900.0,ORC
2016-11-17,39.79999923706055,40.290000915527344,39.66999816894531,40.25,38.16421508789063,13316600.0,ORCL
2016-11-17,4.679999828338623,4.800000190734863,4.679999828338623,4.800000190734863,4.800000190734863,300.0,ORGS
2016-11-17,17.59000015258789,17.770000457763672,17.559999465942386,17.770000457763672,14.328653335571287,1392000.0,ORI
2016-11-17,268.3800048828125,272.29000854492193,267.95001220703125,270.989990234375,270.989990234375,841800.0,ORLY
2016-11-17,6.739999771118164,6.75,6.519999980926514,6.5900001525878915,6.5900001525878915,19500.0,ORMP
2016-11-17,9.40999984741211,9.56999969482422,9.40999984741211,9.550000190734863,9.550000190734863,179400.0,ORN
2016-11-17,19.100000381469727,19.5,19.100000381469727,19.299999237060547,17.8116455078125,9300.0,ORRF
2016-11-17,22.030000686645508,23.07600021362305,22.030000686645508,22.940000534057614,17.234445571899414,14300.0,OSB
2016-11-17,9.399999618530273,9.449999809265137,9.25,9.350000381469727,9.256882667541504,52700.0,OSBC
2016-11-17,8.600000381469728,8.84000015258789,8.020000457763674,8.060000419616701,8.060000419616701,1324500.0,OSG
2016-11-17,76.75,77.20999908447266,74.97000122070312,75.47000122070312,75.47000122070312,182900.0,OSIS
2016-11-17,65.98000335693361,66.95999908447266,65.81999969482422,66.73999786376953,63.91963577270508,1089000.0,OSK
2016-11-17,2.240000009536743,2.289999961853028,2.150000095367432,2.2300000190734863,2.2300000190734863,54900.0,OSN
2016-11-17,14.899999618530273,15.0600004196167,14.75,14.850000381469727,14.850000381469727,235400.0,OSPN
2016-11-17,17.549999237060547,17.950000762939453,17.549999237060547,17.700000762939453,17.700000762939453,28200.0,OSTK
2016-11-17,8.25,8.590000152587889,8.229999542236326,8.489999771118164,8.489999771118164,452300.0,OSUR
2016-11-17,0.004000000189989804,0.004000000189989804,0.004000000189989804,0.004000000189989804,0.003990498837083578,0.0,OSW
2016-11-17,6.050000190734862,6.3499999046325675,5.400000095367432,5.449999809265137,5.449999809265137,29300.0,OTEL
2016-11-17,30.524999618530273,30.80500030517578,30.47500038146973,30.80500030517578,29.107088088989254,382400.0,OTEX
2016-11-17,18.0,18.299999237060547,17.799999237060547,18.149999618530273,18.149999618530273,59100.0,OTIC
2016-11-17,29.20000076293945,31.76000022888184,29.20000076293945,29.28000068664551,29.28000068664551,1500.0,OTLK
2016-11-17,37.099998474121094,37.75,36.900001525878906,36.95000076293945,33.57098388671875,106900.0,OTTR
2016-11-17,11.609999656677244,11.649999618530273,11.609999656677244,11.649999618530273,10.481508255004883,2200.0,OTTW
2016-11-17,22.65999984741211,22.770000457763672,22.51000022888184,22.6299991607666,18.15575408935547,551700.0,OUT
2016-11-17,24.21999931335449,24.21999931335449,24.21999931335449,24.21999931335449,22.481884002685547,300.0,OVBC
2016-11-17,11.5,11.520000457763672,11.5,11.520000457763672,10.869454383850098,3000.0,OVLY
2016-11-17,57.29999923706055,57.849998474121094,56.099998474121094,56.54999923706055,53.753822326660156,3184200.0,OVV
2016-11-17,4.995999813079834,5.0,4.995999813079834,4.995999813079834,4.593468189239502,1300.0,OXBR
2016-11-17,14.649999618530273,14.670000076293945,14.119999885559082,14.449999809265135,14.449999809265135,54000.0,OXFD
2016-11-17,11.789999961853027,11.789999961853027,11.460000038146973,11.600000381469727,6.390206813812256,174900.0,OXLC
2016-11-17,25.149999618530273,25.38999938964844,25.149999618530273,25.15999984741211,19.544857025146484,4200.0,OXLCO
2016-11-17,71.95999908447266,72.9000015258789,71.16999816894531,72.66000366210938,68.521240234375,145200.0,OXM
2016-11-17,5.96999979019165,6.039999961853027,5.949999809265138,6.010000228881836,3.714661121368408,317800.0,OXSQ
2016-11-17,69.55000305175781,70.29000091552734,67.69999694824219,67.80999755859375,55.67840194702149,6668000.0,OXY
2016-11-17,45.04999923706055,46.18999862670898,45.04999923706055,45.83000183105469,42.52081298828125,1209400.0,OZK
2016-11-17,31.520000457763672,31.79999923706055,30.70000076293945,31.04999923706055,24.881824493408203,1621000.0,PAA
2016-11-17,16.84000015258789,17.389999389648438,15.859999656677244,16.170000076293945,15.670089721679688,4083400.0,PAAS
2016-11-17,86.52999877929688,86.52999877929688,84.88999938964844,85.5199966430664,72.36515808105469,94600.0,PAC
2016-11-17,7.739999771118164,7.769999980926514,7.610000133514403,7.6500000953674325,7.6500000953674325,417600.0,PACB
2016-11-17,38000.0,46000.0,38000.0,38500.0,38500.0,100.0,PACD
2016-11-17,50.72999954223633,51.13999938964844,50.0099983215332,50.56999969482422,42.70347213745117,805600.0,PACW
2016-11-17,0.07000000029802322,0.07000000029802322,0.07000000029802322,0.07000000029802322,0.07000000029802322,0.0,PAE
2016-11-17,49.0,49.06999969482422,48.18000030517578,48.6500015258789,43.790000915527344,508400.0,PAG
2016-11-17,34.5,34.5,33.029998779296875,33.139999389648445,26.61669921875,1132600.0,PAGP
2016-11-17,28.25,28.60000038146973,28.10000038146973,28.29999923706055,26.920429229736328,97800.0,PAHC
2016-11-17,14.3100004196167,14.479999542236328,14.1899995803833,14.479999542236328,12.360173225402832,37100.0,PAI
2016-11-17,33.290000915527344,33.990001678466804,33.15999984741211,33.90999984741211,33.90999984741211,339600.0,PAM
2016-11-17,3.75,4.25,3.25600004196167,3.400000095367432,3.29367733001709,513000.0,PANL
2016-11-17,159.72000122070312,165.69000244140625,159.39999389648438,164.14999389648438,164.14999389648438,1688100.0,PANW
2016-11-17,5.079999923706055,5.130000114440918,5.059999942779541,5.059999942779541,5.059999942779541,8700.0,PAR
2016-11-17,14.90999984741211,14.949999809265135,14.119999885559082,14.3100004196167,14.3100004196167,285700.0,PARR
2016-11-17,21.6299991607666,21.690000534057614,21.6299991607666,21.63999938964844,18.098907470703125,2700.0,PATI
2016-11-17,43.5,45.29999923706055,43.16666793823242,45.03333282470703,44.59631729125977,233700.0,PATK
2016-11-17,10.288000106811523,10.288000106811523,8.979999542236328,8.979999542236328,8.979999542236328,1500.0,PAVM
2016-11-17,6.25,6.25,6.25,6.25,6.25,0.0,PAVMW
2016-11-17,43.25,43.98199844360352,42.83000183105469,43.38999938964844,43.38999938964844,557800.0,PAYC
2016-11-17,0.3100000023841858,0.3700000047683716,0.3100000023841858,0.3100000023841858,0.3100000023841858,40700.0,PAYS
2016-11-17,55.79999923706055,56.099998474121094,55.41999816894531,55.91999816894531,50.5141830444336,3558300.0,PAYX
2016-11-17,64.29000091552734,64.80999755859375,63.81000137329102,63.97000122070313,59.095703125,778300.0,PB
2016-11-17,28.489999771118164,28.770000457763672,28.35000038146973,28.40999984741211,22.594411849975586,110200.0,PBA
2016-11-17,25.131999969482425,25.34000015258789,24.96999931335449,25.32999992370605,20.74041175842285,26200.0,PBB
2016-11-17,9.5,9.5,9.270000457763672,9.350000381469727,8.699526786804201,900.0,PBBI
2016-11-17,0.059999998658895486,0.059999998658895486,0.059999998658895486,0.059999998658895486,0.05596548318862915,0.0,PBC
2016-11-17,18.07999992370605,18.350000381469727,18.0,18.26000022888184,16.034517288208008,5124900.0,PBCT
2016-11-17,25.0,25.35000038146973,24.86000061035156,25.10000038146973,21.1008358001709,14900.0,PBCTP
2016-11-17,26.0,26.86000061035156,25.670000076293945,26.709999084472656,23.3603630065918,2736200.0,PBF
2016-11-17,18.299999237060547,18.5,18.100000381469727,18.200000762939453,13.403695106506348,21800.0,PBFX
2016-11-17,50.66999816894531,51.040000915527344,50.2400016784668,50.33000183105469,50.33000183105469,275500.0,PBH
2016-11-17,13.0,13.0,12.65999984741211,12.779999732971193,12.097346305847168,15300.0,PBHC
2016-11-17,14.859999656677244,14.960000038146973,14.789999961853027,14.890000343322756,12.218335151672365,1554700.0,PBI
2016-11-17,15.18000030517578,15.449999809265135,15.18000030517578,15.449999809265135,14.175762176513672,2200.0,PBIP
2016-11-17,13.25,13.43000030517578,13.229999542236328,13.350000381469727,13.350000381469727,82800.0,PBPB
2016-11-17,10.0,10.09000015258789,9.5600004196167,9.600000381469727,9.348166465759276,19861200.0,PBR
2016-11-17,7.1500000953674325,7.300000190734862,7.010000228881836,7.0999999046325675,5.378768444061278,126400.0,PBT
2016-11-17,42.20000076293945,42.900001525878906,40.54999923706055,42.5,42.5,478100.0,PBYI
2016-11-17,59.97999954223633,60.36999893188477,59.86000061035156,60.02000045776367,51.98932266235352,1534200.0,PCAR
2016-11-17,0.8199999928474426,0.8199999928474426,0.8199999928474426,0.8199999928474426,0.7997997999191284,0.0,PCB
2016-11-17,7.78000020980835,7.789999961853027,7.760000228881836,7.789999961853027,6.561373710632324,13600.0,PCF
2016-11-17,58.63999938964844,59.18999862670898,58.599998474121094,58.66999816894531,56.87288665771485,2424700.0,PCG
2016-11-17,41.0,41.83000183105469,38.349998474121094,41.650001525878906,33.772293090820305,492000.0,PCH
2016-11-17,19.709999084472656,19.790000915527344,19.63999938964844,19.68000030517578,13.828320503234865,428500.0,PCI
2016-11-17,9.489999771118164,9.489999771118164,9.149999618530273,9.220000267028807,7.682967185974121,104700.0,PCK
2016-11-17,9.489999771118164,9.68000030517578,9.489999771118164,9.579999923706056,6.827295780181885,24800.0,PCM
2016-11-17,14.350000381469727,14.449999809265135,14.239999771118164,14.289999961853027,10.598942756652832,129800.0,PCN
2016-11-17,6.730000019073486,6.920000076293945,6.730000019073486,6.789999961853027,6.789999961853027,16200.0,PCOM
2016-11-17,15.25,15.25,15.109999656677244,15.149999618530273,12.691465377807615,45800.0,PCQ
2016-11-17,36.5,36.79999923706055,35.599998474121094,36.54999923706055,36.54999923706055,592600.0,PCRX
2016-11-17,4.929999828338623,4.989999771118164,4.920000076293945,4.989999771118164,4.440142154693604,3500.0,PCTI
2016-11-17,34.459999084472656,35.06999969482422,34.049999237060554,34.97999954223633,34.97999954223633,232900.0,PCTY
2016-11-17,14.449999809265135,14.449999809265135,13.9399995803833,14.100000381469727,14.100000381469727,33300.0,PCYG
2016-11-17,5.050000190734863,5.449999809265137,4.900000095367432,5.050000190734863,5.050000190734863,38200.0,PCYO
2016-11-17,66.44000244140625,67.97000122070311,65.30999755859375,65.94000244140625,65.94000244140625,1150500.0,PDCE
2016-11-17,48.27000045776367,48.68000030517578,48.13999938964844,48.22999954223633,42.13142395019531,820600.0,PDCO
2016-11-17,4.599999904632568,4.699999809265137,4.510000228881836,4.699999809265137,4.699999809265137,7900.0,PDEX
2016-11-17,20.8799991607666,21.21999931335449,20.850000381469727,21.059999465942386,21.059999465942386,169700.0,PDFS
2016-11-17,27.45000076293945,27.70000076293945,27.36000061035156,27.63999938964844,19.19916534423828,209300.0,PDI
2016-11-17,3.0199999809265137,3.0899999141693115,2.970000028610229,3.0,3.0,3475800.0,PDLI
2016-11-17,19.270000457763672,19.3700008392334,18.959999084472656,18.959999084472656,15.9666109085083,674400.0,PDM
2016-11-17,4.730000019073486,4.800000190734863,4.630000114440918,4.679999828338623,4.679999828338623,1722500.0,PDS
2016-11-17,241.6000061035156,244.3999938964844,236.1999969482422,241.6000061035156,241.6000061035156,1300.0,PDSB
2016-11-17,13.970000267028807,14.0600004196167,13.890000343322756,14.0600004196167,10.504608154296877,157400.0,PDT
2016-11-17,35.18000030517578,35.790000915527344,33.990001678466804,34.15999984741211,33.88208770751953,2576300.0,PE
2016-11-17,29.209999084472656,29.35000038146973,28.670000076293945,28.76000022888184,24.367319107055664,2695200.0,PEAK
2016-11-17,27.68000030517578,28.06999969482422,27.190000534057614,27.35000038146973,23.37725067138672,623600.0,PEB
2016-11-17,19.60909080505371,19.881818771362305,19.60909080505371,19.881818771362305,18.453283309936523,1200.0,PEBK
2016-11-17,27.540000915527344,28.36000061035156,27.540000915527344,28.32999992370605,25.40378570556641,54700.0,PEBO
2016-11-17,10.079999923706056,10.079999923706056,10.079999923706056,10.079999923706056,10.079999923706056,0.0,PECK
2016-11-17,1.25,1.25,1.100000023841858,1.149999976158142,1.149999976158142,5200.0,PED
2016-11-17,40.5,40.91999816894531,40.47999954223633,40.72000122070313,36.02571105957031,2441100.0,PEG
2016-11-17,35.049999237060554,35.25,34.75,34.950000762939446,34.690441131591804,340500.0,PEGA
2016-11-17,19.549999237060547,19.82999992370605,19.280000686645508,19.280000686645508,13.001348495483398,461000.0,PEI
2016-11-17,6.75,7.0999999046325675,6.6500000953674325,7.050000190734862,7.050000190734862,772200.0,PEIX
2016-11-17,65.40000152587889,68.80000305175781,64.94999694824219,68.59999847412111,68.59999847412111,423100.0,PEN
2016-11-17,13.770000457763672,13.989999771118164,13.770000457763672,13.84000015258789,12.873950004577635,735800.0,PENN
2016-11-17,19.8700008392334,19.979999542236328,19.65999984741211,19.729999542236328,15.991031646728516,83600.0,PEO
2016-11-17,101.80999755859376,101.93000030517578,101.18000030517578,101.62000274658205,91.62100219726562,4212600.0,PEP
2016-11-17,3.0999999046325684,3.0999999046325684,3.0,3.0499999523162837,1.6892797946929932,181900.0,PER
2016-11-17,3.539999961853028,3.630000114440918,3.390000104904175,3.4500000476837163,3.4500000476837163,38900.0,PERI
2016-11-17,4.050000190734863,4.199999809265137,3.9500000476837163,3.9500000476837163,3.9500000476837163,7600.0,PESI
2016-11-17,21.770000457763672,21.920000076293945,21.61000061035156,21.850000381469727,19.452434539794922,155900.0,PETS
2016-11-17,43.5,44.47999954223633,43.36999893188477,43.5,40.99932098388672,84600.0,PFBC
2016-11-17,14.5600004196167,14.767999649047852,14.5600004196167,14.751999855041506,12.91889476776123,15100.0,PFBI
2016-11-17,13.5,13.5,13.0600004196167,13.170000076293945,10.497244834899902,44800.0,PFD
2016-11-17,32.009998321533196,32.11999893188477,31.68000030517578,31.729999542236328,28.13334846496582,26093500.0,PFE
2016-11-17,57.6500015258789,57.9000015258789,57.27000045776367,57.790000915527344,50.87348937988281,1638900.0,PFG
2016-11-17,22.75,23.20000076293945,22.60000038146973,22.649999618530273,22.649999618530273,3785000.0,PFGC
2016-11-17,20.209999084472656,20.209999084472656,20.07999992370605,20.07999992370605,11.964456558227539,1500.0,PFH
2016-11-17,1.2599999904632568,1.2999999523162842,1.2599999904632568,1.2899999618530271,1.2899999618530271,72600.0,PFIE
2016-11-17,7.119999885559082,7.119999885559082,7.0,7.0,6.409886360168457,5600.0,PFIN
2016-11-17,43.7400016784668,46.25,43.7400016784668,46.25,41.69514846801758,23100.0,PFIS
2016-11-17,10.109999656677246,10.149999618530273,10.09000015258789,10.130000114440918,7.428210735321045,63500.0,PFL
2016-11-17,13.220000267028807,13.369999885559082,13.119999885559082,13.3100004196167,9.87348175048828,95800.0,PFLT
2016-11-17,3.940000057220459,3.990000009536743,3.640000104904175,3.759999990463257,3.759999990463257,648800.0,PFMT
2016-11-17,9.050000190734863,9.050000190734863,9.0,9.020000457763672,6.575948715209961,207000.0,PFN
2016-11-17,10.5,10.550000190734863,9.84000015258789,10.050000190734863,10.050000190734863,181300.0,PFNX
2016-11-17,11.0,11.029999732971193,10.850000381469727,10.90999984741211,8.623190879821777,48400.0,PFO
2016-11-17,86.16999816894531,87.37999725341797,85.30999755859375,86.95999908447266,86.95999908447266,575300.0,PFPT
2016-11-17,26.309999465942386,26.709999084472656,26.229999542236328,26.459999084472656,23.599565505981445,162600.0,PFS
2016-11-17,16.75,16.850000381469727,16.5,16.649999618530273,16.229745864868164,224700.0,PFSI
2016-11-17,7.699999809265138,7.9099998474121085,7.699999809265138,7.869999885559082,7.869999885559082,42300.0,PFSW
2016-11-17,83.2699966430664,83.5,82.93000030517578,83.06999969482422,75.23387908935547,9083700.0,PG
2016-11-17,26.739999771118164,27.1299991607666,26.20000076293945,26.25,25.69865226745605,42600.0,PGC
2016-11-17,30.68000030517578,31.420000076293945,30.149999618530273,31.420000076293945,31.420000076293945,883600.0,PGEN
2016-11-17,18.899999618530273,18.899999618530273,18.899999618530273,18.899999618530273,18.899999618530273,0.0,PGM
2016-11-17,7.53000020980835,8.020000457763674,7.5,7.9000000953674325,7.9000000953674325,2377400.0,PGNX
2016-11-17,16.389999389648438,16.75,16.100000381469727,16.209999084472653,11.596745491027832,87200.0,PGP
2016-11-17,32.650001525878906,33.029998779296875,32.540000915527344,32.93000030517578,30.317100524902344,3390200.0,PGR
2016-11-17,15.56999969482422,15.75,15.475000381469727,15.6899995803833,14.216782569885256,759900.0,PGRE
2016-11-17,11.25,11.579999923706055,11.100000381469727,11.350000381469727,11.350000381469727,379800.0,PGTI
2016-11-17,15.760000228881836,15.890000343322756,15.59000015258789,15.609999656677244,11.977408409118652,27000.0,PGZ
2016-11-17,138.03999328613278,138.6300048828125,136.91000366210938,137.10000610351562,129.4708251953125,705800.0,PH
2016-11-17,11.850000381469727,11.850000381469727,11.760000228881836,11.8100004196167,9.474809646606444,116700.0,PHD
2016-11-17,28.959999084472656,29.06999969482422,28.899999618530273,29.020000457763672,27.042987823486328,1106400.0,PHG
2016-11-17,27.45000076293945,28.1299991607666,27.26000022888184,27.440000534057614,22.58582878112793,179300.0,PHI
2016-11-17,654.5,731.5,654.5,730.4000244140625,730.4000244140625,400.0,PHIO
2016-11-17,8.770000457763674,8.9399995803833,8.619999885559082,8.640000343322754,5.969090938568115,625200.0,PHK
2016-11-17,18.649999618530273,19.020000457763672,18.63999938964844,18.940000534057614,18.029083251953125,5420900.0,PHM
2016-11-17,9.489999771118164,9.600000381469727,9.489999771118164,9.59000015258789,7.208394527435303,66100.0,PHT
2016-11-17,9.880000114440918,9.880000114440918,9.880000114440918,9.880000114440918,9.880000114440918,0.0,PHUN
2016-11-17,22.049999237060547,22.049999237060547,21.700000762939453,21.799999237060547,21.017955780029297,28400.0,PHX
2016-11-17,32.200000762939446,33.200000762939446,32.200000762939446,32.830001831054695,32.830001831054695,372800.0,PI
2016-11-17,1832.280029296875,1891.300048828125,1783.8299560546875,1832.280029296875,1832.280029296875,12936.0,PIC
2016-11-17,14.050000190734865,14.25,13.850000381469727,13.899999618530273,10.028133392333984,59600.0,PICO
2016-11-17,7.050000190734862,7.550000190734862,7.03000020980835,7.449999809265138,7.449999809265138,22100.0,PIH
2016-11-17,86.33000183105469,87.05999755859375,84.80999755859375,85.11000061035156,77.93196868896484,798000.0,PII
2016-11-17,4.400000095367432,4.440000057220459,4.389999866485597,4.389999866485597,3.4353182315826416,68600.0,PIM
2016-11-17,29.82999992370605,30.18000030517578,29.649999618530273,29.8700008392334,29.8700008392334,412000.0,PINC
2016-11-17,1.5700000524520874,1.6499999761581419,1.5199999809265137,1.6000000238418581,1.6000000238418581,53600.0,PIRS
2016-11-17,26.5,26.5,26.5,26.5,15.889162063598633,500.0,PIY
2016-11-17,25.31999969482422,25.31999969482422,24.920000076293945,24.940000534057614,21.34660530090332,63900.0,PJH
2016-11-17,29.940000534057614,30.20000076293945,29.920000076293945,30.03000068664551,29.49864196777344,173900.0,PJT
2016-11-17,13.925620079040527,14.859503746032715,13.636363983154295,14.008264541625975,12.949996948242188,6700.0,PKBK
2016-11-17,17.959999084472656,18.06999969482422,17.389999389648438,17.450000762939453,10.736727714538574,61200.0,PKE
2016-11-17,86.20999908447266,87.6500015258789,85.30000305175781,86.77999877929688,78.6751937866211,848200.0,PKG
2016-11-17,51.459999084472656,51.599998474121094,50.72999954223633,50.93999862670898,50.27603530883789,497000.0,PKI
2016-11-17,22.149999618530273,22.34000015258789,22.100000381469727,22.21999931335449,16.076072692871097,104400.0,PKO
2016-11-17,40.599998474121094,42.45000076293945,39.79999923706055,41.25,39.42593765258789,39600.0,PKOH
2016-11-17,53.90999984741211,53.90999984741211,53.09000015258789,53.13999938964844,47.62493133544922,102200.0,PKX
2016-11-17,9.899999618530273,10.149999618530273,9.800000190734863,9.899999618530273,9.899999618530273,547000.0,PLAB
2016-11-17,17.75,17.75,16.0,17.25,17.25,1700.0,PLAG
2016-11-17,45.27000045776367,45.95000076293945,44.900001525878906,45.33000183105469,44.40697860717773,672200.0,PLAY
2016-11-17,14.479999542236328,15.850000381469727,14.479999542236328,15.600000381469727,14.889663696289062,36900.0,PLBC
2016-11-17,95.5,99.5,93.8499984741211,99.1999969482422,93.2560043334961,2037100.0,PLCE
2016-11-17,48.13000106811523,48.7400016784668,48.0,48.02000045776367,43.34181594848633,2202700.0,PLD
2016-11-17,15.600000381469727,16.200000762939453,14.5,14.5,14.5,36600.0,PLG
2016-11-17,0.8899999856948853,0.9100000262260436,0.8799999952316284,0.8999999761581421,0.8999999761581421,106100.0,PLM
2016-11-17,23.04999923706055,23.5,22.70000076293945,23.01000022888184,20.229999542236328,5832200.0,PLNT
2016-11-17,31.149999618530273,32.200000762939446,31.149999618530273,32.049999237060554,29.085050582885746,120400.0,PLOW
2016-11-17,51.77000045776367,53.54999923706055,50.599998474121094,53.47000122070313,50.97195434570313,6600.0,PLPC
2016-11-17,5.901000022888184,6.0999999046325675,5.9000000953674325,5.980000019073486,5.980000019073486,4400.0,PLSE
2016-11-17,53.38999938964844,54.20000076293945,52.97000122070313,54.18000030517578,51.5413932800293,138200.0,PLT
2016-11-17,1.559999942779541,1.5800000429153442,1.5099999904632568,1.5099999904632568,1.5099999904632568,8362300.0,PLUG
2016-11-17,52.29999923706055,52.9000015258789,52.17499923706055,52.7750015258789,52.7750015258789,93400.0,PLUS
2016-11-17,5.0,5.300000190734863,4.800000190734863,4.900000095367432,4.900000095367432,14900.0,PLX
2016-11-17,11.199999809265137,13.199999809265135,10.800000190734863,13.199999809265135,13.199999809265135,77200.0,PLXP
2016-11-17,50.04999923706055,50.77999877929688,49.91999816894531,50.63999938964844,50.63999938964844,109600.0,PLXS
2016-11-17,9.869999885559082,9.869999885559082,9.869999885559082,9.869999885559082,9.869999885559082,0.0,PLYA
2016-11-17,88.05000305175781,89.73999786376953,87.94000244140625,89.2699966430664,74.70342254638672,8751100.0,PM
2016-11-17,6.300000190734862,6.300000190734862,6.0,6.1500000953674325,6.1500000953674325,15200.0,PMBC
2016-11-17,24.040000915527344,25.0,24.040000915527344,24.940000534057614,21.376197814941406,164300.0,PMD
2016-11-17,1.3300000429153442,1.4500000476837158,1.3300000429153442,1.3700000047683716,1.3415734767913818,507400.0,PME
2016-11-17,14.210000038146973,14.289999961853027,14.020000457763672,14.100000381469727,11.824135780334473,137400.0,PMF
2016-11-17,12.270000457763672,12.3100004196167,12.020000457763672,12.100000381469727,10.017155647277832,253000.0,PML
2016-11-17,7.0999999046325675,7.130000114440918,7.0,7.03000020980835,5.856694221496582,305400.0,PMM
2016-11-17,11.890000343322756,11.920000076293945,11.720000267028807,11.760000228881836,9.807429313659668,107900.0,PMO
2016-11-17,16.309999465942386,16.34000015258789,15.890000343322756,15.920000076293945,11.53614330291748,756600.0,PMT
2016-11-17,11.300000190734865,11.380000114440918,11.239999771118164,11.329999923706055,9.33468246459961,144800.0,PMX
2016-11-17,13.0,13.5,13.0,13.369999885559082,13.280606269836426,300.0,PNBK
2016-11-17,107.5199966430664,110.80999755859376,107.45999908447266,110.5999984741211,101.68162536621094,4154600.0,PNC
2016-11-17,12.18000030517578,12.220000267028807,12.06999969482422,12.06999969482422,10.157479286193848,13200.0,PNF
2016-11-17,61.0,62.25,60.45000076293945,62.0,60.05442428588867,243100.0,PNFP
2016-11-17,12.029999732971193,12.0600004196167,11.899999618530273,11.920000076293945,10.082988739013672,25400.0,PNI
2016-11-17,32.049999237060554,32.400001525878906,32.049999237060554,32.25,29.670373916625977,428400.0,PNM
2016-11-17,7.559999942779541,7.639999866485597,7.559999942779541,7.639999866485597,5.116378307342528,207900.0,PNNT
2016-11-17,39.1605110168457,39.2411003112793,38.81799697875977,38.91873550415039,36.01347732543945,1347000.0,PNR
2016-11-17,50.0,50.0,50.0,50.0,50.0,600.0,PNRG
2016-11-17,73.4800033569336,74.36000061035156,73.44000244140625,73.75,66.25174713134766,574700.0,PNW
2016-11-17,21.600000381469727,22.5,21.200000762939453,21.299999237060547,21.299999237060547,13600.0,POAI
2016-11-17,36.66999816894531,37.810001373291016,36.36999893188477,37.25,37.25,812400.0,PODD
2016-11-17,33.0,33.029998779296875,32.36999893188477,32.380001068115234,30.07685661315918,380400.0,POL
2016-11-17,99.68000030517578,101.16999816894531,99.2699966430664,100.83999633789062,97.13066864013672,154300.0,POOL
2016-11-17,64.94999694824219,65.90000152587889,64.94999694824219,65.90000152587889,56.83812713623047,1000.0,POPE
2016-11-17,41.29999923706055,41.790000915527344,41.29999923706055,41.56999969482422,37.355899810791016,386300.0,POR
2016-11-17,72.93000030517578,74.83000183105469,71.81999969482422,74.75,74.75,1619300.0,POST
2016-11-17,66.59999847412111,67.15000152587889,65.5,66.40000152587889,64.44091796875,116500.0,POWI
2016-11-17,41.400001525878906,41.70000076293945,40.7599983215332,41.060001373291016,37.10905075073242,49500.0,POWL
2016-11-17,32.200000762939446,32.400001525878906,31.60000038146973,31.79999923706055,30.66699981689453,220200.0,PPBI
2016-11-17,19.38999938964844,19.520000457763672,17.940000534057614,18.61000061035156,18.61000061035156,3288900.0,PPC
2016-11-17,96.7699966430664,96.83000183105469,96.0999984741211,96.61000061035156,91.54631042480469,1118700.0,PPG
2016-11-17,8.5,8.649999618530272,8.5,8.550000190734862,8.550000190734862,9100.0,PPIH
2016-11-17,32.799999237060554,33.06999969482422,32.759998321533196,32.830001831054695,27.509416580200195,2987600.0,PPL
2016-11-17,5.389999866485597,5.400000095367432,5.369999885559082,5.380000114440918,4.40938663482666,249100.0,PPR
2016-11-17,5.349999904632568,5.889999866485597,5.349999904632568,5.400000095367432,3.819230794906616,54600.0,PPSI
2016-11-17,4.789999961853027,4.849999904632568,4.789999961853027,4.800000190734863,3.778201580047608,185200.0,PPT
2016-11-17,25.06999969482422,25.420000076293945,24.70000076293945,24.709999084472656,21.07073211669922,125400.0,PPX
2016-11-17,54.25,55.04999923706055,53.79999923706055,54.099998474121094,48.89352798461914,143400.0,PRA
2016-11-17,33.950000762939446,34.5,33.779998779296875,34.34999847412109,34.34999847412109,371300.0,PRAA
2016-11-17,54.58000183105469,55.0,54.04999923706055,54.599998474121094,54.599998474121094,381600.0,PRAH
2016-11-17,6.010000228881836,6.25,5.980000019073486,6.010000228881836,6.010000228881836,6500.0,PRCP
2016-11-17,17.68000030517578,18.100000381469727,17.68000030517578,17.90999984741211,17.90999984741211,154300.0,PRFT
2016-11-17,86.55000305175781,88.66999816894531,85.72000122070312,88.38999938964844,84.67555236816406,1243500.0,PRGO
2016-11-17,29.5,29.76000022888184,29.440000534057614,29.68000030517578,28.095571517944336,190800.0,PRGS
2016-11-17,5.5,5.5,5.349999904632568,5.400000095367432,5.400000095367432,25300.0,PRGX
2016-11-17,25.3700008392334,25.3700008392334,25.040000915527344,25.09000015258789,21.80000114440918,46000.0,PRH
2016-11-17,68.65000152587889,70.94999694824219,68.5,70.69999694824219,68.42826843261719,699500.0,PRI
2016-11-17,24.239999771118164,24.399999618530273,23.559999465942386,23.79999923706055,22.88616371154785,527200.0,PRIM
2016-11-17,112.75,113.5,111.22000122070312,113.01000213623048,100.54088592529295,57700.0,PRK
2016-11-17,52.4000015258789,53.1500015258789,51.54999923706055,51.599998474121094,51.599998474121094,215500.0,PRLB
2016-11-17,13.300000190734865,13.579999923706055,13.270000457763672,13.539999961853027,13.486163139343262,128900.0,PRMW
2016-11-17,25.53000068664551,25.65999984741211,25.1200008392334,25.290000915527344,25.290000915527344,124400.0,PRO
2016-11-17,20.0,20.0,19.739999771118164,19.93000030517578,18.157678604125977,19700.0,PROV
2016-11-17,2.0299999713897705,2.059999942779541,2.0,2.039999961853028,1.2352457046508791,2200.0,PRPH
2016-11-17,9.899999618530273,9.9399995803833,9.899999618530273,9.93000030517578,9.93000030517578,3500.0,PRPL
2016-11-17,4.73799991607666,4.75,4.699999809265137,4.699999809265137,4.699999809265137,7600.0,PRQR
2016-11-17,38.650001525878906,38.79999923706055,37.709999084472656,37.709999084472656,37.709999084472656,102600.0,PRSC
2016-11-17,3.0699999332427983,3.0699999332427983,3.0299999713897705,3.0699999332427983,2.477267026901245,4607.0,PRT
2016-11-17,64.0,65.66999816894531,62.722999572753906,64.81999969482422,64.81999969482422,410900.0,PRTA
2016-11-17,12.949999809265135,13.239999771118164,12.649999618530273,13.0,13.0,146700.0,PRTK
2016-11-17,2.9500000476837163,3.0699999332427983,2.900000095367432,2.940000057220459,2.940000057220459,356200.0,PRTS
2016-11-17,17.149999618530273,17.350000381469727,16.899999618530273,17.049999237060547,17.049999237060547,337500.0,PRTY
2016-11-17,97.9499969482422,99.23999786376952,97.52999877929688,99.16000366210938,87.3426742553711,2378300.0,PRU
2016-11-17,208.58999633789062,209.02999877929688,204.30999755859372,204.6100006103516,179.6436309814453,578700.0,PSA
2016-11-17,108.69000244140624,109.6500015258789,108.22000122070312,108.79000091552734,98.74541473388672,85800.0,PSB
2016-11-17,7.9000000953674325,7.929999828338622,7.829999923706055,7.9000000953674325,5.390122890472412,1906800.0,PSEC
2016-11-17,25.540000915527344,25.559999465942386,25.209999084472656,25.209999084472656,19.247426986694336,55700.0,PSF
2016-11-17,111132.0,126196.5625,25004.69921875,25004.69921875,25004.69921875,2100.0,PSHG
2016-11-17,88.8499984741211,89.55000305175781,88.0,88.3499984741211,85.37397003173828,147900.0,PSMT
2016-11-17,0.2700000107288361,0.2700000107288361,0.2700000107288361,0.2700000107288361,0.2700000107288361,0.0,PSN
2016-11-17,9.460000038146973,9.489999771118164,9.420000076293944,9.449999809265137,8.262206077575684,312100.0,PSO
2016-11-17,14.479999542236328,14.890000343322756,14.460000038146973,14.649999618530273,14.649999618530273,1010300.0,PSTG
2016-11-17,15.399999618530273,15.5,15.300000190734865,15.300000190734865,15.300000190734865,8700.0,PSTI
2016-11-17,850.0,870.0,835.0,845.0,845.0,100.0,PSTV
2016-11-17,39.0,39.0,28.0,28.5,25.94384765625,51100.0,PSV
2016-11-17,83.72000122070312,84.61000061035156,83.30000305175781,83.83000183105469,75.28611755371094,2294800.0,PSX
2016-11-17,43.7400016784668,43.900001525878906,43.25,43.68000030517578,36.37076950073242,338000.0,PSXP
2016-11-17,47.599998474121094,49.09000015258789,47.27999877929688,49.0099983215332,49.0099983215332,1327000.0,PTC
2016-11-17,11.880000114440918,12.760000228881836,11.800000190734865,12.640000343322756,12.640000343322756,1298700.0,PTCT
2016-11-17,3.630000114440918,3.640000104904175,3.2999999523162837,3.4100000858306885,3.4100000858306885,93500.0,PTE
2016-11-17,23.84000015258789,24.290000915527344,23.729999542236328,23.86000061035156,22.94521141052246,2470700.0,PTEN
2016-11-17,23.95000076293945,25.0,23.95000076293945,24.989999771118164,24.989999771118164,56000.0,PTGX
2016-11-17,11.329999923706055,11.75,11.079999923706056,11.56999969482422,11.56999969482422,59200.0,PTI
2016-11-17,18.82999992370605,19.170000076293945,18.479999542236328,19.030000686645508,19.030000686645508,637100.0,PTLA
2016-11-17,3.940000057220459,3.9500000476837163,3.869999885559082,3.940000057220459,2.210299253463745,104300.0,PTMN
2016-11-17,0.5,0.550000011920929,0.4900000095367432,0.5199999809265137,0.5199999809265137,3184100.0,PTN
2016-11-17,4.539999961853027,4.539999961853027,4.46999979019165,4.46999979019165,4.46999979019165,600.0,PTNR
2016-11-17,66.69000244140625,67.16999816894531,66.26000213623047,66.40000152587889,60.81784057617188,106900.0,PTR
2016-11-17,21.299999237060547,23.03000068664551,21.299999237060547,23.03000068664551,23.03000068664551,13400.0,PTSI
2016-11-17,25.20000076293945,25.20000076293945,24.989999771118164,25.04999923706055,21.835559844970703,5100.0,PTVCA
2016-11-17,26.54999923706055,26.85000038146973,26.399999618530273,26.60000038146973,23.20236396789551,11300.0,PTVCB
2016-11-17,14.170000076293945,14.390000343322756,14.06999969482422,14.279999732971193,10.352193832397461,332400.0,PTY
2016-11-17,22.399999618530273,22.5,21.799999237060547,21.975000381469727,20.97336769104004,65700.0,PUB
2016-11-17,37.400001525878906,37.9900016784668,37.310001373291016,37.86000061035156,29.57262992858887,593300.0,PUK
2016-11-17,8.399999618530272,8.789999961853027,7.519999980926514,7.519999980926514,7.519999980926514,3600.0,PULM
2016-11-17,39.0,39.0,35.0,36.9900016784668,36.9900016784668,28300.0,PVAC
2016-11-17,8.312716484069824,8.634339332580566,8.312716484069824,8.609599113464355,8.609599113464355,17000.0,PVBC
2016-11-17,8.84000015258789,9.18000030517578,8.430000305175781,8.590000152587889,8.590000152587889,2386300.0,PVG
2016-11-17,109.26000213623048,110.3499984741211,107.9499969482422,110.12999725341795,109.52029418945312,730500.0,PVH
2016-11-17,3.3499999046325684,3.650000095367432,3.3499999046325684,3.650000095367432,1.7979490756988523,148400.0,PVL
2016-11-17,8.220000267028809,8.220000267028809,8.220000267028809,8.220000267028809,8.220000267028809,0.0,PW
2016-11-17,46.0,46.040000915527344,45.099998474121094,46.0,40.42201232910156,4400.0,PWOD
2016-11-17,32.360000610351555,32.419998168945305,31.739999771118164,32.25,32.06659698486328,2862400.0,PWR
2016-11-17,180.42999267578125,182.22000122070312,175.24000549316406,175.86000061035156,172.56771850585938,1237500.0,PXD
2016-11-17,2.789999961853028,2.9800000190734863,2.789999961853028,2.9300000667572017,2.9300000667572017,114000.0,PXLW
2016-11-17,3.4600000381469727,4.25,2.4100000858306885,2.4100000858306885,2.4100000858306885,178500.0,PXS
2016-11-17,9.670000076293944,9.720000267028807,9.43000030517578,9.539999961853027,8.058914184570312,17900.0,PYN
2016-11-17,39.11999893188477,40.05500030517578,38.95000076293945,39.88000106811523,39.88000106811523,9758500.0,PYPL
2016-11-17,22.60000038146973,23.25,22.60000038146973,22.65999984741211,17.73698616027832,8300.0,PYS
2016-11-17,19.93000030517578,19.93000030517578,19.739999771118164,19.739999771118164,17.933759689331055,2500.0,PYT
2016-11-17,15.949999809265135,15.949999809265135,15.649999618530273,15.75,15.75,15600.0,PYX
2016-11-17,11.300000190734865,11.300000190734865,11.06999969482422,11.1899995803833,9.439427375793457,85000.0,PZC
2016-11-17,1.6419999599456787,1.75,1.6000000238418581,1.6499999761581419,1.6499999761581419,35400.0,PZG
2016-11-17,8.779999732971191,8.989999771118164,8.720000267028809,8.890000343322754,7.235474586486816,69200.0,PZN
2016-11-17,85.29000091552734,86.98999786376953,85.29000091552734,86.91999816894531,82.65460205078125,312200.0,PZZA
2016-11-17,25.20000076293945,25.35000038146973,25.04999923706055,25.04999923706055,24.472768783569336,24400.0,QADA
2016-11-17,21.950000762939453,22.020000457763672,21.950000762939453,22.0,21.458892822265625,1300.0,QADB
2016-11-17,3.859999895095825,3.859999895095825,3.359999895095825,3.380000114440918,3.380000114440918,9300.0,QBAK
2016-11-17,66.44000244140625,66.76999664306639,66.16000366210939,66.66999816894531,58.581825256347656,6982500.0,QCOM
2016-11-17,37.04999923706055,37.20000076293945,36.849998474121094,37.0,36.26487350463867,65100.0,QCRH
2016-11-17,22.21999931335449,22.559999465942386,22.06999969482422,22.190000534057614,22.190000534057614,104500.0,QDEL
2016-11-17,18.1299991607666,18.31999969482422,17.319999694824222,17.399999618530273,17.050834655761722,3966600.0,QEP
2016-11-17,28.75259780883789,29.189189910888672,28.690229415893555,29.15800476074219,28.04643440246582,1011500.0,QGEN
2016-11-17,6.6599998474121085,7.065000057220459,6.610000133514403,6.760000228881836,6.760000228881836,493300.0,QHC
2016-11-17,12.84000015258789,13.329999923706055,12.84000015258789,13.039999961853027,11.881681442260742,461000.0,QIWI
2016-11-17,36.150001525878906,36.849998474121094,35.95000076293945,36.20000076293945,36.20000076293945,293800.0,QLYS
2016-11-17,7.199999809265138,7.440000057220459,7.119999885559082,7.440000057220459,7.440000057220459,144700.0,QMCO
2016-11-17,2.700000047683716,2.720000028610229,2.6600000858306885,2.6700000762939453,2.6700000762939453,110700.0,QNST
2016-11-17,18.56999969482422,18.81999969482422,18.51000022888184,18.799999237060547,14.80236530303955,96700.0,QQQX
2016-11-17,1.7899999618530271,1.7899999618530271,1.75,1.7899999618530271,1.7899999618530271,3100.0,QRHC
2016-11-17,21.3799991607666,21.780000686645508,21.1200008392334,21.18000030517578,21.18000030517578,3916000.0,QRTEA
2016-11-17,21.239999771118164,21.239999771118164,21.239999771118164,21.239999771118164,21.239999771118164,0.0,QRTEB
2016-11-17,54.56999969482422,55.59000015258789,54.20000076293945,55.54999923706055,55.54999923706055,1168100.0,QRVO
2016-11-17,44.84000015258789,46.040000915527344,44.77000045776367,45.9900016784668,42.00048065185547,953800.0,QSR
2016-11-17,4.9099998474121085,5.269999980926514,4.9099998474121085,5.0,5.0,57000.0,QTNT
2016-11-17,45.06999969482422,45.40999984741211,44.43999862670898,44.63999938964844,39.390174865722656,416300.0,QTS
2016-11-17,31.04999923706055,32.09999847412109,31.04999923706055,32.049999237060554,32.049999237060554,290800.0,QTWO
2016-11-17,26.75,27.1200008392334,26.489999771118164,26.95000076293945,20.550111770629886,321700.0,QUAD
2016-11-17,11.0600004196167,11.760000228881836,11.0600004196167,11.199999809265137,11.199999809265137,40900.0,QUIK
2016-11-17,2.789999961853028,3.039999961853028,2.789999961853028,2.9800000190734863,2.9800000190734863,63100.0,QUMU
2016-11-17,11.850000381469727,12.199999809265135,11.800000190734865,12.050000190734865,12.050000190734865,350900.0,QUOT
2016-11-17,7.119999885559082,7.1599998474121085,7.0,7.070000171661378,7.070000171661378,128500.0,QURE
2016-11-17,78.72000122070312,79.20999908447266,77.08999633789062,78.69999694824219,70.66680145263672,602500.0,R
2016-11-17,53.22999954223633,53.54999923706055,53.09000015258789,53.290000915527344,52.07076644897461,263500.0,RACE
2016-11-17,156.0,157.39999389648438,151.60000610351562,152.1999969482422,152.1999969482422,785600.0,RAD
2016-11-17,1.2799999713897705,1.2799999713897705,1.1799999475479126,1.2100000381469729,1.2100000381469729,116000.0,RADA
2016-11-17,14.949999809265135,15.18000030517578,14.25,14.260000228881836,14.03250789642334,214400.0,RAIL
2016-11-17,3.5699999332427983,3.5699999332427983,3.059999942779541,3.25,3.25,12100.0,RAND
2016-11-17,78.47000122070312,81.69000244140625,76.12000274658203,81.41999816894531,81.41999816894531,507000.0,RARE
2016-11-17,13.65999984741211,13.789999961853027,13.369999885559082,13.40999984741211,13.40999984741211,18700.0,RARX
2016-11-17,1.919999957084656,2.1600000858306885,1.8500000238418581,1.950000047683716,1.950000047683716,107600.0,RAVE
2016-11-17,24.60000038146973,24.809999465942386,24.35000038146973,24.60000038146973,23.41476249694824,121700.0,RAVN
2016-11-17,37.25,37.25,36.709999084472656,36.9900016784668,34.043655395507805,408300.0,RBA
2016-11-17,6.289999961853027,6.3499999046325675,6.170000076293945,6.230000019073486,6.230000019073486,189900.0,RBBN
2016-11-17,69.19999694824219,69.25,68.0,68.5,65.09747314453125,335800.0,RBC
2016-11-17,35.130001068115234,35.5,34.59999847412109,35.0,32.173538208007805,21600.0,RBCAA
2016-11-17,5.400000095367432,5.400000095367432,5.099999904632568,5.199999809265137,5.199999809265137,12100.0,RBCN
2016-11-17,20.049999237060547,20.049999237060547,19.3700008392334,19.600000381469727,18.63631629943848,1800.0,RBNC
2016-11-17,5.150000095367432,5.21999979019165,5.110000133514403,5.139999866485597,4.297576904296875,2156400.0,RBS
2016-11-17,12.75,12.75,12.5,12.600000381469727,8.57916259765625,21700.0,RC
2016-11-17,0.5299999713897705,0.5299999713897705,0.5299999713897705,0.5299999713897705,0.5299999713897705,20.0,RCA
2016-11-17,33.26649856567383,33.312999725341804,33.26649856567383,33.312999725341804,32.32096099853516,46146.0,RCB
2016-11-17,2.039999961853028,2.049999952316284,1.9700000286102293,2.0299999713897705,2.0299999713897705,69000.0,RCEL
2016-11-17,1.2799999713897705,1.2999999523162842,1.2799999713897705,1.2899999618530271,1.2899999618530271,3000.0,RCG
2016-11-17,38.650001525878906,38.68999862670898,38.29999923706055,38.41999816894531,34.05391311645508,260800.0,RCI
2016-11-17,11.489999771118164,11.539999961853027,11.229999542236328,11.369999885559082,10.894655227661133,1148300.0,RCII
2016-11-17,28.0,28.0,25.20000076293945,26.0,26.0,159100.0,RCKT
2016-11-17,10.949999809265137,11.25,10.949999809265137,11.050000190734863,10.150003433227539,30500.0,RCKY
2016-11-17,82.19999694824219,83.41999816894531,82.08000183105469,82.87000274658203,76.32508850097656,1390800.0,RCL
2016-11-17,6.039999961853027,6.300000190734862,5.9099998474121085,6.0999999046325675,5.263236999511719,51000.0,RCMT
2016-11-17,9.300000190734863,9.5,6.25,6.25,6.25,83900.0,RCON
2016-11-17,0.002000000094994902,0.002000000094994902,0.002000000094994902,0.002000000094994902,0.0017888689180836082,1084201.0,RCP
2016-11-17,8.619999885559082,8.800000190734863,8.550000190734862,8.560000419616701,6.394415855407715,177800.0,RCS
2016-11-17,18.649999618530273,18.700000762939453,18.5,18.649999618530273,18.649999618530273,36900.0,RDCM
2016-11-17,11.529999732971193,11.789999961853027,11.359999656677244,11.43000030517578,11.43000030517578,33900.0,RDHL
2016-11-17,14.970000267028807,14.989999771118164,14.84000015258789,14.920000076293945,14.920000076293945,76000.0,RDI
2016-11-17,15.300000190734865,15.300000190734865,15.300000190734865,15.300000190734865,15.300000190734865,0.0,RDIB
2016-11-17,14.56999969482422,14.8100004196167,14.449999809265135,14.770000457763672,14.6709566116333,2862400.0,RDN
2016-11-17,6.3499999046325675,6.4000000953674325,6.25,6.300000190734862,6.300000190734862,127700.0,RDNT
2016-11-17,51.83000183105469,53.54999923706055,51.27999877929688,53.18999862670898,53.18999862670898,653700.0,RDUS
2016-11-17,13.18000030517578,13.279999732971193,12.84000015258789,13.260000228881836,13.260000228881836,191100.0,RDWR
2016-11-17,47.20000076293945,47.22999954223633,46.86999893188477,47.04999923706055,45.94808959960938,194300.0,RDY
2016-11-17,213.0800018310547,214.8600006103516,212.13999938964844,212.8600006103516,196.3873291015625,343600.0,RE
2016-11-17,4.25,4.300000190734863,4.099999904632568,4.25,4.25,49900.0,REED
2016-11-17,2.1800000667572017,2.25,2.0299999713897705,2.1800000667572017,2.1800000667572017,118100.0,REFR
2016-11-17,66.94000244140625,67.44999694824219,65.33999633789061,65.37999725341797,58.334251403808594,1411700.0,REG
2016-11-17,9.350000381469727,9.40999984741211,9.100000381469727,9.149999618530273,9.149999618530273,288000.0,REGI
2016-11-17,406.1400146484375,410.1099853515625,398.0199890136719,404.55999755859375,404.55999755859375,1493400.0,REGN
2016-11-17,12.119999885559082,12.489999771118164,11.31999969482422,11.9399995803833,11.9399995803833,246900.0,REI
2016-11-17,5.880000114440918,6.170000076293945,5.880000114440918,6.1500000953674325,5.455543041229248,23600.0,RELL
2016-11-17,4.550000190734863,4.579999923706055,4.130000114440918,4.269999980926514,4.269999980926514,22600.0,RELV
2016-11-17,16.969999313354492,17.030000686645508,16.879999160766598,16.920000076293945,15.76276683807373,139400.0,RELX
2016-11-17,25.53000068664551,25.68000030517578,25.53000068664551,25.68000030517578,13.455485343933105,500.0,REML
2016-11-17,27.149999618530273,27.45000076293945,26.399999618530273,26.70000076293945,2.434955596923828,27400.0,RENN
2016-11-17,7.390134334564209,7.811659336090088,7.301345348358153,7.811659336090088,7.811659336090088,64300.0,REPH
2016-11-17,17.90999984741211,18.07999992370605,17.649999618530273,18.0,17.094654083251953,1791100.0,RES
2016-11-17,11.5,11.720000267028807,11.5,11.510000228881836,9.649961471557617,300500.0,RESI
2016-11-17,5.03000020980835,5.050000190734863,4.610000133514403,4.960000038146973,4.960000038146973,72900.0,RESN
2016-11-17,31.809999465942386,32.939998626708984,31.809999465942386,32.56999969482422,32.56999969482422,11200.0,RETA
2016-11-17,29.25,29.70000076293945,28.85000038146973,29.149999618530273,29.149999618530273,102600.0,REV
2016-11-17,86.04000091552734,86.94000244140625,86.04000091552734,86.61000061035156,86.61000061035156,103800.0,REX
2016-11-17,21.600000381469727,24.0,20.399999618530273,22.79999923706055,22.79999923706055,27600.0,REXN
2016-11-17,21.200000762939453,21.479999542236328,21.200000762939453,21.32999992370605,19.83456802368164,292500.0,REXR
2016-11-17,12.829999923706055,13.229999542236328,12.800000190734865,13.170000076293945,11.904399871826172,59508300.0,RF
2016-11-17,11.84000015258789,12.079999923706055,11.770000457763672,11.890000343322756,9.2614107131958,94600.0,RFI
2016-11-17,1.5,1.6000000238418581,1.4500000476837158,1.6000000238418581,1.493686318397522,30900.0,RFIL
2016-11-17,4.440000057220459,4.440000057220459,4.269999980926514,4.400000095367432,4.400000095367432,258000.0,RFM
2016-11-17,4.25,4.349999904632568,4.099999904632568,4.300000190734863,3.7141692638397217,519600.0,RFP
2016-11-17,120.22000122070312,121.5,120.22000122070312,121.0,115.15283966064452,606600.0,RGA
2016-11-17,16.466667175292972,16.466667175292972,16.366666793823242,16.366666793823242,15.0806884765625,1300.0,RGCO
2016-11-17,32.220001220703125,33.060001373291016,31.899999618530273,33.040000915527344,33.040000915527344,198600.0,RGEN
2016-11-17,69.76999664306639,70.81999969482422,67.0,68.16000366210939,65.63549041748047,675900.0,RGLD
2016-11-17,36.0,36.599998474121094,31.79999923706055,33.59999847412109,33.59999847412109,53600.0,RGLS
2016-11-17,23.35000038146973,23.79999923706055,22.299999237060547,22.5,22.5,245200.0,RGNX
2016-11-17,52.349998474121094,54.4000015258789,52.349998474121094,53.04999923706055,49.69186019897461,370100.0,RGR
2016-11-17,14.039999961853027,14.300000190734865,14.010000228881836,14.100000381469727,14.100000381469727,126000.0,RGS
2016-11-17,7.789999961853027,7.880000114440918,7.789999961853027,7.8400001525878915,7.549469947814941,69900.0,RGT
2016-11-17,34.06999969482422,35.09999847412109,33.509998321533196,34.380001068115234,34.380001068115234,1835100.0,RH
2016-11-17,43.43000030517578,45.2599983215332,43.43000030517578,44.95000076293945,42.64411544799805,1944400.0,RHI
2016-11-17,55.9900016784668,56.349998474121094,55.09000015258789,55.34000015258789,46.35970687866211,334800.0,RHP
2016-11-17,1.1599999666213991,1.1599999666213991,1.100000023841858,1.1100000143051147,1.1100000143051147,2600.0,RIBT
2016-11-17,12.029999732971193,12.199999809265135,12.029999732971193,12.170000076293945,11.901700973510742,78300.0,RICK
2016-11-17,18.58517837524414,18.66217422485352,18.41193389892578,18.479307174682614,14.09400463104248,24800.0,RIF
2016-11-17,10.90999984741211,11.420000076293945,10.90999984741211,11.010000228881836,11.010000228881836,14073500.0,RIG
2016-11-17,2.7300000190734863,2.7799999713897705,2.6600000858306885,2.690000057220459,2.690000057220459,688100.0,RIGL
2016-11-17,15.09900951385498,15.09900951385498,15.049505233764648,15.09900951385498,13.666895866394045,44900.0,RILY
2016-11-17,37.58000183105469,37.97999954223633,37.31999969482422,37.560001373291016,30.39723014831543,2997400.0,RIO
2016-11-17,2.970000028610229,3.0910000801086426,2.8199999332427983,2.8499999046325684,2.541558265686035,29900.0,RIOT
2016-11-17,18.16559410095215,18.272052764892575,18.16559410095215,18.272052764892575,12.322154998779295,4000.0,RIV
2016-11-17,11.350000381469727,11.350000381469727,11.350000381469727,11.350000381469727,10.098304748535156,400.0,RIVE
2016-11-17,6.289999961853027,6.329999923706055,6.269999980926514,6.320000171661378,6.320000171661378,26700.0,RJA
2016-11-17,71.4000015258789,72.70999908447266,71.4000015258789,72.70999908447266,69.12625885009766,886900.0,RJF
2016-11-17,4.900000095367432,4.929999828338623,4.849999904632568,4.849999904632568,4.849999904632568,119000.0,RJI
2016-11-17,2.3399999141693115,2.3499999046325684,2.289999961853028,2.289999961853028,2.289999961853028,8300.0,RJN
2016-11-17,7.730000019073486,7.75,7.699999809265138,7.699999809265138,7.699999809265138,2300.0,RJZ
2016-11-17,26.36000061035156,28.20000076293945,24.60000038146973,25.0,25.0,2400.0,RKDA
2016-11-17,112.7300033569336,113.66999816894531,111.6999969482422,113.56999969482422,104.5004425048828,858400.0,RL
2016-11-17,3.5,3.630000114440918,3.3499999046325684,3.4200000762939453,3.4200000762939453,158200.0,RLGT
2016-11-17,23.770000457763672,23.93000030517578,23.43000030517578,23.79999923706055,22.374662399291992,1712500.0,RLGY
2016-11-17,9.050000190734863,9.18000030517578,8.899999618530273,8.949999809265137,8.949999809265137,65900.0,RLH
2016-11-17,62.52000045776367,62.93000030517578,61.81000137329102,62.61000061035156,59.49102401733398,216000.0,RLI
2016-11-17,22.1299991607666,22.299999237060547,21.739999771118164,21.739999771118164,17.459966659545902,795000.0,RLJ
2016-11-17,3.5999999046325684,3.7999999523162837,3.5999999046325684,3.690000057220459,3.690000057220459,8253.0,RLMD
2016-11-17,24.899999618530273,24.95000076293945,24.61000061035156,24.78000068664551,24.78000068664551,81500.0,RM
2016-11-17,46.45000076293945,47.25,46.349998474121094,47.04999923706055,44.21041870117188,134100.0,RMAX
2016-11-17,13.25,13.460000038146973,13.15999984741211,13.390000343322756,13.390000343322756,660000.0,RMBS
2016-11-17,10.199999809265137,10.210000038146973,9.869999885559082,9.970000267028807,8.447108268737793,8700.0,RMCF
2016-11-17,57.86999893188477,59.34000015258789,57.63000106811523,58.790000915527344,56.48025894165039,520800.0,RMD
2016-11-17,9.84000015258789,9.850000381469727,9.84000015258789,9.850000381469727,9.850000381469727,1087200.0,RMNI
2016-11-17,39.150001525878906,39.5,38.150001525878906,39.0,36.33054733276367,29700.0,RMR
2016-11-17,7.940000057220459,8.010000228881836,7.9099998474121085,7.940000057220459,5.9746036529541025,160700.0,RMT
2016-11-17,6.0900001525878915,6.4000000953674325,5.949999809265138,6.289999961853027,6.289999961853027,592300.0,RMTI
2016-11-17,14.84000015258789,14.850000381469727,14.399999618530273,14.479999542236328,14.479999542236328,20100.0,RNDB
2016-11-17,17.850000381469727,17.899999618530273,17.100000381469727,17.149999618530273,17.149999618530273,27300.0,RNET
2016-11-17,24.10000038146973,24.20000076293945,22.85000038146973,22.95000076293945,22.95000076293945,773900.0,RNG
2016-11-17,18.1299991607666,18.239999771118164,18.1200008392334,18.209999084472656,14.265639305114744,106000.0,RNP
2016-11-17,132.05000305175778,132.42999267578122,131.33000183105472,131.8699951171875,127.74041748046876,325100.0,RNR
2016-11-17,38.66999816894531,39.18999862670898,38.209999084472656,38.95000076293945,36.13777542114258,211900.0,RNST
2016-11-17,4.619999885559082,4.699999809265137,4.619999885559082,4.679999828338623,4.679999828338623,20500.0,RNWK
2016-11-17,6.289999961853027,6.289999961853027,6.289999961853027,6.289999961853027,6.289999961853027,0.0,ROAD
2016-11-17,55.47200012207031,55.47200012207031,55.47200012207031,55.47200012207031,55.47200012207031,0.0,RODI
2016-11-17,69.55000305175781,72.61000061035156,69.37000274658203,71.12000274658203,71.12000274658203,286200.0,ROG
2016-11-17,19.780000686645508,20.13999938964844,19.770000457763672,19.790000915527344,17.020288467407227,1622300.0,ROIC
2016-11-17,133.5,133.67999267578122,131.83000183105472,131.94999694824222,123.3399887084961,730500.0,ROK
2016-11-17,21.0,21.26000022888184,20.946666717529297,21.03333282470703,20.089916229248047,540100.0,ROL
2016-11-17,81.7300033569336,82.19000244140625,80.55999755859375,80.55999755859375,80.55999755859375,74700.0,ROLL
2016-11-17,181.4900054931641,182.25,180.75,181.4199981689453,177.91781616210938,956000.0,ROP
2016-11-17,10.119999885559082,10.119999885559082,10.119999885559082,10.119999885559082,10.119999885559082,0.0,ROSE
2016-11-17,10.520000457763672,10.520000457763672,10.520000457763672,10.520000457763672,10.520000457763672,1000.0,ROSEU
2016-11-17,64.11000061035156,65.52999877929689,63.11000061035156,65.52999877929689,63.24752807617188,4038300.0,ROST
2016-11-17,1.149999976158142,1.2100000381469729,1.1299999952316284,1.2000000476837158,0.8813804984092712,271000.0,ROYT
2016-11-17,28.0,28.79999923706055,27.20000076293945,28.79999923706055,28.79999923706055,436600.0,RP
2016-11-17,15.210000038146973,15.270000457763672,15.010000228881836,15.029999732971193,11.938868522644045,1245200.0,RPAI
2016-11-17,11.880000114440918,12.100000381469727,11.539999961853027,11.550000190734865,11.550000190734865,440700.0,RPD
2016-11-17,52.18000030517578,52.4900016784668,51.959999084472656,52.2400016784668,48.46230697631836,531200.0,RPM
2016-11-17,17.030000686645508,17.190000534057614,16.84000015258789,16.870000839233402,14.062711715698242,470300.0,RPT
2016-11-17,11.300000190734865,11.390000343322756,11.289999961853027,11.329999923706055,8.72298526763916,411400.0,RQI
2016-11-17,34.900001525878906,35.349998474121094,33.939998626708984,34.029998779296875,33.226619720458984,3390200.0,RRC
2016-11-17,17.549999237060547,17.8700008392334,17.5,17.81999969482422,15.287580490112305,1379300.0,RRD
2016-11-17,53.1500015258789,53.5,52.849998474121094,53.0,53.0,189100.0,RRGB
2016-11-17,21.84000015258789,22.5,21.799999237060547,22.25,21.023189544677734,2828700.0,RRR
2016-11-17,253.5,256.0,250.0,252.75,252.75,10100.0,RRTS
2016-11-17,78.73999786376953,78.87000274658203,77.13999938964844,77.31999969482422,71.61530303955078,543200.0,RS
2016-11-17,54.47999954223633,54.7400016784668,54.38000106811523,54.66999816894531,50.959510803222656,1237700.0,RSG
2016-11-17,1.0,1.0499999523162842,1.0,1.0499999523162842,1.0499999523162842,11000.0,RSSS
2016-11-17,8.010000228881836,8.060000419616701,7.769999980926514,7.789999961853027,7.789999961853027,90900.0,RST
2016-11-17,2.900000095367432,2.9500000476837163,2.700000047683716,2.75,2.75,198600.0,RTIX
2016-11-17,146.3300018310547,146.39999389648438,144.25999450683594,144.9600067138672,136.27165222167972,2680800.0,RTN
2016-11-17,21.309999465942386,22.25,20.93000030517578,21.38999938964844,21.38999938964844,784700.0,RTRX
2016-11-17,23.1200008392334,23.81999969482422,23.10000038146973,23.5,23.5,2600.0,RTTR
2016-11-17,7.960000038146973,8.060000419616701,7.8499999046325675,7.96999979019165,7.96999979019165,358000.0,RUBI
2016-11-17,12.550000190734865,12.979999542236328,12.550000190734865,12.619999885559082,12.619999885559082,38000.0,RUBY
2016-11-17,4.820000171661377,4.849999904632568,4.710000038146973,4.800000190734863,4.800000190734863,987100.0,RUN
2016-11-17,27.559999465942386,27.940000534057614,27.399999618530273,27.61000061035156,27.040870666503906,282400.0,RUSHA
2016-11-17,26.90999984741211,27.03000068664551,26.59000015258789,26.8799991607666,26.32638168334961,18500.0,RUSHB
2016-11-17,16.600000381469727,16.899999618530273,16.399999618530273,16.700000762939453,15.645258903503418,236900.0,RUTH
2016-11-17,18.950000762939453,19.100000381469727,18.350000381469727,18.399999618530273,18.399999618530273,166100.0,RVNC
2016-11-17,2.5199999809265137,2.549999952316284,2.4300000667572017,2.450000047683716,2.450000047683716,4000.0,RVP
2016-11-17,5.699999809265138,5.769999980926514,5.670000076293945,5.730000019073486,5.4242448806762695,34600.0,RVSB
2016-11-17,12.90999984741211,12.960000038146973,12.880000114440918,12.93000030517578,9.739325523376463,292300.0,RVT
2016-11-17,73.75,75.0,70.0,70.0,70.0,6300.0,RWLK
2016-11-17,15.09000015258789,15.170000076293945,14.93000030517578,14.949999809265135,11.531293869018555,279300.0,RWT
2016-11-17,21.149999618530273,21.149999618530273,20.729999542236328,20.8700008392334,10.699122428894043,251800.0,RXN
2016-11-17,64.12000274658203,64.55999755859375,63.93999862670898,64.33999633789061,54.36520004272461,937600.0,RY
2016-11-17,82.68000030517578,84.04000091552734,82.52999877929688,83.80999755859375,83.80999755859375,314700.0,RYAAY
2016-11-17,13.649999618530273,13.949999809265135,13.649999618530273,13.829999923706055,13.080974578857422,573800.0,RYAM
2016-11-17,160.39999389648438,163.39999389648438,148.1999969482422,150.39999389648438,150.39999389648438,6200.0,RYCE
2016-11-17,12.5,12.899999618530273,12.350000381469727,12.550000190734865,12.550000190734865,346200.0,RYI
2016-11-17,27.040000915527344,27.270000457763672,26.75,26.979999542236328,23.880186080932614,444000.0,RYN
2016-11-17,27.770000457763672,28.3799991607666,27.709999084472656,28.32999992370605,24.916975021362305,66600.0,RZA
2016-11-17,26.70000076293945,26.75900077819824,26.312000274658203,26.440000534057614,22.84700584411621,33800.0,RZB
2016-11-17,9.399999618530273,9.56999969482422,9.15999984741211,9.300000190734863,9.300000190734863,893100.0,SA
2016-11-17,25.09000015258789,25.71999931335449,25.09000015258789,25.61000061035156,22.98288345336914,2933800.0,SABR
2016-11-17,193.0,194.0,170.0,176.39999389648438,176.39999389648438,48500.0,SAEX
2016-11-17,20.5,21.5,20.25,20.5,18.6998348236084,8050500.0,SAF
2016-11-17,84.56999969482422,84.56999969482422,79.5,82.0199966430664,78.97867584228516,1228700.0,SAFM
2016-11-17,69.5,70.75,69.5,70.30000305175781,61.42221069335938,112900.0,SAFT
2016-11-17,51.83000183105469,52.77000045776367,49.65999984741211,52.20000076293945,52.20000076293945,494700.0,SAGE
2016-11-17,20.450000762939453,20.700000762939453,20.200000762939453,20.450000762939453,19.507125854492188,210500.0,SAH
2016-11-17,41.95000076293945,42.400001525878906,41.650001525878906,42.0,42.0,260800.0,SAIA
2016-11-17,79.1500015258789,79.91000366210938,78.27999877929688,79.05000305175781,74.83294677734375,455100.0,SAIC
2016-11-17,34.0,34.5,33.049999237060554,34.0,31.12753486633301,3700.0,SAL
2016-11-17,5.9000000953674325,5.949999809265138,5.8499999046325675,5.9000000953674325,4.562376499176025,11100.0,SALM
2016-11-17,5.669145107269287,5.762081623077393,4.693308353424072,4.832713603973389,4.654967308044434,3026400.0,SALT
2016-11-17,166.9499969482422,168.39999389648438,162.8000030517578,165.1999969482422,165.1999969482422,206600.0,SAM
2016-11-17,13.199999809265135,13.199999809265135,12.859999656677244,13.149999618530273,11.4071683883667,16800.0,SAMG
2016-11-17,4.5900001525878915,4.619999885559082,4.550000190734863,4.579999923706055,4.1028475761413565,2792800.0,SAN
2016-11-17,3.940000057220459,4.0399999618530265,3.7000000476837163,3.7799999713897705,3.7799999713897705,2289600.0,SAND
2016-11-17,31.75,31.95000076293945,31.29999923706055,31.649999618530273,31.649999618530273,578000.0,SANM
2016-11-17,4.650000095367432,4.78000020980835,4.5900001525878915,4.75,4.75,111500.0,SANW
2016-11-17,82.1500015258789,82.69000244140625,82.04000091552734,82.45999908447266,79.09357452392578,1081900.0,SAP
2016-11-17,19.350000381469727,19.350000381469727,19.299999237060547,19.350000381469727,14.572554588317873,18400.0,SAR
2016-11-17,34.34000015258789,35.139999389648445,32.200000762939446,35.009998321533196,31.77489471435547,113700.0,SASR
2016-11-17,40.518638610839844,40.623985290527344,40.29983901977539,40.3970832824707,40.3970832824707,134700.0,SATS
2016-11-17,4.4099998474121085,4.480000019073486,4.059999942779541,4.199999809265137,4.199999809265137,33700.0,SAVA
2016-11-17,53.18000030517578,54.0,53.040000915527344,53.86999893188477,53.86999893188477,689900.0,SAVE
2016-11-17,2.359999895095825,2.380000114440918,1.7000000476837158,1.7799999713897705,1.7799999713897705,1493800.0,SB
2016-11-17,99.36000061035156,101.0,98.75,100.62999725341795,100.62999725341795,1354900.0,SBAC
2016-11-17,4.150000095367432,4.150000095367432,4.050000190734863,4.050000190734863,4.050000190734863,1100.0,SBBP
2016-11-17,17.600000381469727,17.600000381469727,17.450000762939453,17.450000762939453,16.816492080688473,2100.0,SBBX
2016-11-17,18.549999237060547,18.770000457763672,18.350000381469727,18.63999938964844,18.63999938964844,410600.0,SBCF
2016-11-17,11.5,11.5,11.5,11.5,11.5,56.0,SBE
2016-11-17,13.979999542236328,14.0,13.979999542236328,14.0,13.19998264312744,7600.0,SBFG
2016-11-17,31.85000038146973,32.200000762939446,31.6299991607666,31.95000076293945,29.51346778869629,1046700.0,SBGI
2016-11-17,26.04999923706055,27.0,25.88999938964844,26.86000061035156,26.86000061035156,4400300.0,SBH
2016-11-17,9.829999923706056,9.93000030517578,9.630000114440918,9.710000038146973,8.486802101135254,34100.0,SBI
2016-11-17,5.9000000953674325,5.9000000953674325,5.119999885559082,5.360000133514403,5.302206516265869,854400.0,SBLK
2016-11-17,22.84000015258789,22.989999771118164,22.739999771118164,22.739999771118164,20.515939712524414,7500.0,SBNA
2016-11-17,146.75,149.1999969482422,146.75,148.75,144.1139373779297,508200.0,SBNY
2016-11-17,8.512999534606934,8.989999771118164,8.5,8.989999771118164,8.989999771118164,5800.0,SBPH
2016-11-17,35.400001525878906,35.849998474121094,35.38999938964844,35.650001525878906,29.49694061279297,14300.0,SBR
2016-11-17,21.229999542236328,21.51000022888184,20.920000076293945,21.059999465942386,15.677027702331545,398800.0,SBRA
2016-11-17,8.409999847412111,8.489999771118164,8.239999771118164,8.25,7.5145792961120605,1332100.0,SBS
2016-11-17,36.171875,37.01171875,35.712890625,36.494140625,32.62584686279297,92800.0,SBSI
2016-11-17,1412.0,1509.0,1412.0,1509.0,1495.628173828125,136.0,SBT
2016-11-17,55.22000122070313,55.9000015258789,55.06000137329102,55.849998474121094,52.357994079589844,8744500.0,SBUX
2016-11-17,13.6899995803833,13.920000076293945,13.449999809265135,13.770000457763672,12.797089576721193,1041700.0,SC
2016-11-17,32.09999847412109,32.799999237060554,31.520000457763672,31.68000030517578,28.175138473510746,1070300.0,SCCO
2016-11-17,12.829999923706055,13.010000228881836,12.81999969482422,12.970000267028807,9.188665390014648,54500.0,SCD
2016-11-17,44.38999938964844,44.88000106811523,44.22999954223633,44.72999954223633,42.581703186035156,184700.0,SCHL
2016-11-17,27.04999923706055,27.71999931335449,26.70000076293945,27.25,25.324161529541016,333900.0,SCHN
2016-11-17,36.65999984741211,37.33000183105469,36.349998474121094,37.040000915527344,35.62429428100586,9376500.0,SCHW
2016-11-17,25.940000534057614,26.29999923706055,25.920000076293945,26.28000068664551,24.776973724365234,1041100.0,SCI
2016-11-17,3.390000104904175,3.400000095367432,3.3399999141693115,3.380000114440918,3.380000114440918,11600.0,SCKT
2016-11-17,78.87999725341797,79.87000274658203,78.41000366210938,78.51000213623047,75.35389709472656,72400.0,SCL
2016-11-17,11.510000228881836,11.550000190734865,11.40999984741211,11.470000267028807,8.673897743225098,45700.0,SCM
2016-11-17,13.0,45.0,13.0,33.0,33.0,2048000.0,SCON
2016-11-17,29.790000915527344,29.95000076293945,29.38999938964844,29.520000457763672,29.520000457763672,255900.0,SCOR
2016-11-17,15.300000190734865,15.600000381469727,15.300000190734865,15.5,13.77649211883545,701700.0,SCS
2016-11-17,36.25,36.45000076293945,35.540000915527344,36.20000076293945,36.20000076293945,172600.0,SCSC
2016-11-17,33.400001525878906,33.400001525878906,31.29999923706055,31.399999618530273,29.032758712768555,42600.0,SCU
2016-11-17,28.899999618530273,29.649999618530273,28.149999618530273,29.649999618530273,28.55428695678711,111200.0,SCVL
2016-11-17,12.5600004196167,12.729999542236328,12.460000038146973,12.520000457763672,12.520000457763672,37800.0,SCWX
2016-11-17,10.5,10.5,9.850000381469727,9.949999809265137,9.413677215576172,13500.0,SCX
2016-11-17,3.509999990463257,3.6800000667572017,3.509999990463257,3.5899999141693115,3.5899999141693115,203000.0,SCYX
2016-11-17,24.437000274658203,24.934999465942386,23.5,24.45000076293945,24.45000076293945,62000.0,SD
2016-11-17,0.9300000071525574,0.9499999880790709,0.9100000262260436,0.9399999976158142,0.9399999976158142,33300.0,SDPI
2016-11-17,621.2263793945312,639.9702758789062,607.837890625,615.8709716796875,615.8709716796875,24400.0,SDRL
2016-11-17,64.16999816894531,64.63999938964844,64.16999816894531,64.63999938964844,53.57848358154297,300.0,SDYL
2016-11-17,2.309999942779541,2.640000104904175,2.309999942779541,2.5999999046325684,2.5999999046325684,65900.0,SEAC
2016-11-17,16.700000762939453,17.280000686645508,16.629999160766598,16.969999313354492,16.969999313354492,2148200.0,SEAS
2016-11-17,3789.2099609375,3851.0,3731.0,3800.0,3777.594482421875,300.0,SEB
2016-11-17,12.699999809265135,13.050000190734865,12.5,13.0,13.0,847000.0,SEDG
2016-11-17,47.25,47.849998474121094,47.06000137329102,47.75,45.23708724975586,2273300.0,SEE
2016-11-17,26.0,28.70000076293945,25.5,27.70000076293945,27.70000076293945,105700.0,SEED
2016-11-17,58.20000076293945,61.79999923706055,57.0,60.599998474121094,60.599998474121094,1600.0,SEEL
2016-11-17,47.06000137329102,47.45000076293945,46.959999084472656,47.40999984741211,45.84364318847656,464200.0,SEIC
2016-11-17,23.28000068664551,23.51000022888184,22.790000915527344,22.93000030517578,22.93000030517578,86500.0,SELB
2016-11-17,4.949999809265137,4.949999809265137,4.849999904632568,4.849999904632568,3.9341323375701904,8100.0,SELF
2016-11-17,12.550000190734865,13.0,12.350000381469727,12.449999809265135,12.449999809265135,866800.0,SEM
2016-11-17,37.0,37.70000076293945,36.709999084472656,37.099998474121094,37.099998474121094,34300.0,SENEA
2016-11-17,38.11000061035156,38.15999984741211,38.099998474121094,38.15999984741211,38.15999984741211,800.0,SENEB
2016-11-17,2.4600000381469727,2.549000024795532,2.400000095367432,2.440000057220459,2.440000057220459,82800.0,SENS
2016-11-17,24.929672241210934,25.083724975585934,24.795713424682614,24.96316146850586,24.96316146850586,568200.0,SERV
2016-11-17,60.79999923706055,64.0,60.79999923706055,61.43999862670898,61.43999862670898,100.0,SES
2016-11-17,2.5,2.549999952316284,2.4100000858306885,2.4800000190734863,2.4800000190734863,795300.0,SESN
2016-11-17,48.59000015258789,49.90999984741211,48.20000076293945,49.86000061035156,48.57634353637695,406100.0,SF
2016-11-17,26.309999465942386,26.309999465942386,26.309999465942386,26.309999465942386,24.786636352539066,0.0,SFBC
2016-11-17,32.5,33.485000610351555,32.435001373291016,33.165000915527344,31.76184844970703,322800.0,SFBS
2016-11-17,12.199999809265135,12.630000114440918,12.15999984741211,12.350000381469727,11.335209846496582,74500.0,SFE
2016-11-17,13.850000381469727,13.979999542236328,13.550000190734865,13.600000381469727,8.771653175354004,1223800.0,SFL
2016-11-17,21.670000076293945,21.799999237060547,21.200000762939453,21.59000015258789,21.59000015258789,2953400.0,SFM
2016-11-17,29.024999618530273,29.67499923706055,28.875,29.07500076293945,26.873952865600586,266400.0,SFNC
2016-11-17,30.25,30.649999618530273,29.84000015258789,30.399999618530273,30.399999618530273,17600.0,SFST
2016-11-17,14.699999809265135,14.899999618530273,14.600000381469727,14.850000381469727,14.850000381469727,414600.0,SFUN
2016-11-17,1.5,1.5,1.5,1.5,1.5,0.0,SG
2016-11-17,47.6500015258789,48.45000076293945,47.6500015258789,48.20000076293945,42.8620491027832,5600.0,SGA
2016-11-17,16.979999542236328,16.979999542236328,16.979999542236328,16.979999542236328,15.727132797241213,100.0,SGB
2016-11-17,18.979999542236328,19.38999938964844,18.549999237060547,18.950000762939453,17.639371871948242,10900.0,SGC
2016-11-17,71.3499984741211,73.98999786376953,70.0,73.70999908447266,73.70999908447266,1176700.0,SGEN
2016-11-17,45.22999954223633,45.56000137329102,44.75,44.86999893188477,44.86999893188477,27900.0,SGG
2016-11-17,2.400000095367432,2.6600000858306885,1.9600000381469729,2.200000047683716,2.200000047683716,23200.0,SGLB
2016-11-17,5.099999904632568,5.179999828338623,5.059999942779541,5.150000095367432,5.150000095367432,17200.0,SGMA
2016-11-17,4.099999904632568,4.25,3.9500000476837163,4.050000190734863,4.050000190734863,851300.0,SGMO
2016-11-17,14.0,14.300000190734865,13.68000030517578,13.899999618530273,13.899999618530273,835000.0,SGMS
2016-11-17,3.5499999523162837,3.7999999523162837,3.5,3.5499999523162837,3.5499999523162837,9600.0,SGOC
2016-11-17,1.0099999904632568,1.0099999904632568,0.9800000190734864,1.0099999904632568,1.0099999904632568,800.0,SGRP
2016-11-17,15.899999618530273,17.399999618530273,15.899999618530273,17.399999618530273,17.399999618530273,257600.0,SGRY
2016-11-17,9.609999656677246,9.739999771118164,9.600000381469727,9.619999885559082,8.249049186706543,10000.0,SGU
2016-11-17,36.29999923706055,36.65999984741211,35.86000061035156,36.40999984741211,36.40999984741211,607500.0,SHAK
2016-11-17,13.9399995803833,13.9399995803833,13.779999732971193,13.93000030517578,13.04856014251709,15400.0,SHBI
2016-11-17,25.85000038146973,26.149999618530273,25.649999618530273,25.649999618530273,25.30810165405273,194500.0,SHEN
2016-11-17,37.83000183105469,37.83000183105469,36.060001373291016,37.34000015258789,35.110050201416016,118100.0,SHG
2016-11-17,51.7400016784668,51.95000076293945,51.7400016784668,51.86000061035156,41.66421127319336,5500.0,SHI
2016-11-17,120.75,123.75,56.25,58.5,58.5,362400.0,SHIP
2016-11-17,7.019999980926514,7.050000190734862,6.8499999046325675,6.869999885559082,6.869999885559082,12600.0,SHLO
2016-11-17,26.03000068664551,26.209999084472656,25.59000015258789,26.1200008392334,21.180644989013672,417400.0,SHLX
2016-11-17,14.220000267028807,14.369999885559082,13.789999961853027,13.800000190734865,11.437527656555176,2733500.0,SHO
2016-11-17,25.33333396911621,25.66666603088379,24.733333587646484,25.33333396911621,24.39130783081055,1174300.0,SHOO
2016-11-17,41.08000183105469,42.34000015258789,40.36000061035156,42.02000045776367,42.02000045776367,1161500.0,SHOP
2016-11-17,5.050000190734863,5.150000095367432,5.050000190734863,5.079999923706055,5.079999923706055,13900.0,SHSP
2016-11-17,263.260009765625,264.5599975585937,262.07000732421875,262.70999145507807,254.86021423339844,847300.0,SHW
2016-11-17,3.0999999046325684,3.190000057220459,3.0499999523162837,3.059999942779541,2.642176866531372,3233300.0,SID
2016-11-17,1.3799999952316284,1.4600000381469729,1.3799999952316284,1.3899999856948853,1.3899999856948853,13800.0,SIEB
2016-11-17,7.989999771118164,8.409999847412111,7.989999771118164,8.229999542236326,8.229999542236326,186400.0,SIEN
2016-11-17,9.800000190734863,9.899999618530273,9.75,9.75,9.75,600.0,SIF
2016-11-17,0.959999978542328,0.9800000190734864,0.9300000071525574,0.959999978542328,0.9180861115455629,188900.0,SIFY
2016-11-17,91.12999725341795,92.27999877929688,90.47000122070312,92.12000274658205,80.50110626220703,1576500.0,SIG
2016-11-17,2.4600000381469727,2.5,2.299999952316284,2.450000047683716,2.450000047683716,78000.0,SIGA
2016-11-17,40.54999923706055,41.0,40.20000076293945,40.25,38.64563369750977,277800.0,SIGI
2016-11-17,39.43000030517578,40.84000015258789,39.25,40.650001525878906,39.80206680297852,39700.0,SILC
2016-11-17,1.8999999761581419,1.919999957084656,1.8500000238418581,1.8899999856948853,1.8899999856948853,3031000.0,SILK
2016-11-17,11.0600004196167,11.100000381469727,10.550000190734863,10.550000190734863,9.844006538391113,3900.0,SIM
2016-11-17,46.0099983215332,46.38000106811523,44.86999893188477,45.68000030517578,41.90458679199219,464100.0,SIMO
2016-11-17,68.44999694824219,68.98000335693361,67.51999664306639,67.84999847412111,67.84999847412111,780900.0,SINA
2016-11-17,13.350000381469727,14.199999809265135,4.360000133514403,4.949999809265137,4.949999809265137,26034900.0,SINO
2016-11-17,27.0,27.60000038146973,24.65999984741211,25.20000076293945,25.20000076293945,29900.0,SINT
2016-11-17,4.510000228881836,4.5900001525878915,4.5,4.579999923706055,4.467775821685791,21800000.0,SIRI
2016-11-17,25.27429962158203,25.43939971923828,24.63050079345703,24.72960090637207,24.72960090637207,4500251.0,SITC
2016-11-17,34.77000045776367,36.11999893188477,34.77000045776367,35.33000183105469,35.33000183105469,273000.0,SITE
2016-11-17,148.77999877929688,150.35000610351562,147.55999755859375,149.8000030517578,149.8000030517578,458400.0,SIVB
2016-11-17,55.13999938964844,55.9900016784668,55.02000045776367,55.95000076293945,46.88213348388672,737600.0,SIX
2016-11-17,31.520000457763672,31.88999938964844,31.29999923706055,31.60000038146973,27.84521484375,230800.0,SJI
2016-11-17,127.41999816894531,127.41999816894531,122.0500030517578,124.8499984741211,113.76383972167969,1769100.0,SJM
2016-11-17,19.3700008392334,19.530000686645508,19.31999969482422,19.420000076293945,15.761690139770508,358900.0,SJR
2016-11-17,6.239999771118164,6.239999771118164,5.880000114440918,5.920000076293945,4.533306121826172,112400.0,SJT
2016-11-17,50.81999969482422,52.52999877929688,50.66999816894531,52.29999923706055,49.19724655151367,100700.0,SJW
2016-11-17,20.670000076293945,20.76000022888184,20.559999465942386,20.709999084472656,18.373109817504886,637400.0,SKM
2016-11-17,34.470001220703125,34.77000045776367,34.049999237060554,34.09999847412109,27.70142364501953,389200.0,SKT
2016-11-17,22.229999542236328,22.739999771118164,22.200000762939453,22.540000915527344,22.540000915527344,1900000.0,SKX
2016-11-17,11.359999656677244,11.460000038146973,11.260000228881836,11.289999961853027,10.831761360168457,13400.0,SKY
2016-11-17,6.125,6.4749999046325675,6.125,6.262499809265138,6.262499809265138,9200.0,SKYS
2016-11-17,35.0,36.29999923706055,34.75,36.20000076293945,35.07291030883789,302400.0,SKYW
2016-11-17,65.65000152587889,67.09999847412111,65.44999694824219,66.5,66.5,253900.0,SLAB
2016-11-17,81.51000213623047,81.87000274658203,79.87000274658203,80.0999984741211,69.79686737060547,4733600.0,SLB
2016-11-17,45.61999893188477,46.34000015258789,44.72999954223633,45.02999877929688,42.21012496948242,2235300.0,SLCA
2016-11-17,8.710000038146973,8.75,8.359999656677246,8.75,8.75,11800.0,SLCT
2016-11-17,37.66999816894531,38.349998474121094,37.52000045776367,38.20000076293945,32.24642562866211,727800.0,SLF
2016-11-17,104.0999984741211,106.25,103.58999633789062,104.48999786376952,92.66596221923828,919600.0,SLG
2016-11-17,24.70000076293945,24.80500030517578,24.459999084472656,24.6299991607666,23.443946838378906,1109800.0,SLGN
2016-11-17,9.5,9.829999923706056,9.489999771118164,9.8100004196167,9.658618927001953,4670700.0,SLM
2016-11-17,52.56000137329102,54.4900016784668,52.56000137329102,54.4900016784668,44.71656799316406,2000.0,SLMBP
2016-11-17,4.994999885559082,5.0,4.800000190734863,4.849999904632568,4.849999904632568,12200.0,SLNO
2016-11-17,9.100000381469727,10.75,9.050000190734863,10.550000190734863,10.132883071899414,88900.0,SLP
2016-11-17,20.6200008392334,20.670000076293945,20.459999084472656,20.6200008392334,15.47964096069336,195500.0,SLRC
2016-11-17,170.0,172.5,165.25,169.75,169.75,1100.0,SLRX
2016-11-17,5280.0,5430.0,4980.0,5040.0,5040.0,200.0,SLS
2016-11-17,8.779999732971191,8.819999694824219,8.609999656677246,8.630000114440918,6.735440254211426,87700.0,SLVO
2016-11-17,35.18000030517578,35.86000061035156,33.84999847412109,33.939998626708984,33.329933166503906,1990600.0,SM
2016-11-17,27.60000038146973,28.20000076293945,27.0,27.90999984741211,26.658000946044922,14800.0,SMBC
2016-11-17,17.899999618530273,17.989999771118164,17.700000762939453,17.989999771118164,17.90936279296875,2600.0,SMBK
2016-11-17,25.45000076293945,25.78000068664551,25.399999618530273,25.75,25.75,206500.0,SMCI
2016-11-17,4.46999979019165,4.46999979019165,4.369999885559082,4.380000114440918,4.380000114440918,19600.0,SMED
2016-11-17,7.539999961853027,7.570000171661378,7.480000019073486,7.570000171661378,6.696595191955566,848100.0,SMFG
2016-11-17,88.0,88.38999938964844,87.41999816894531,88.16000366210938,80.63932037353516,344800.0,SMG
2016-11-17,1.8999999761581419,1.8999999761581419,1.7699999809265137,1.7999999523162842,1.7999999523162842,11900.0,SMIT
2016-11-17,21.950000762939453,22.399999618530273,21.899999618530273,22.200000762939453,14.14704704284668,208600.0,SMLP
2016-11-17,13.170000076293945,13.369999885559082,12.8100004196167,12.880000114440918,9.8505859375,77100.0,SMM
2016-11-17,24.1299991607666,24.399999618530273,23.46999931335449,24.309999465942386,22.510831832885746,18400.0,SMMF
2016-11-17,11.529999732971193,11.529999732971193,10.5,10.5,10.5,48600.0,SMMT
2016-11-17,51.38999938964844,51.45000076293945,49.349998474121094,49.9900016784668,47.19548034667969,150100.0,SMP
2016-11-17,5.710000038146973,5.75,5.099999904632568,5.119999885559082,4.917746543884277,1842900.0,SMRT
2016-11-17,1.6399999856948853,1.7000000476837158,1.5800000429153442,1.5800000429153442,1.5800000429153442,18800.0,SMSI
2016-11-17,27.04999923706055,27.149999618530273,26.70000076293945,26.899999618530273,26.899999618530273,409200.0,SMTC
2016-11-17,1.4500000476837158,1.4600000381469729,1.399999976158142,1.440000057220459,1.440000057220459,800.0,SMTS
2016-11-17,1.3300000429153442,1.3600000143051147,1.2999999523162842,1.2999999523162842,1.2999999523162842,28400.0,SMTX
2016-11-17,166.86000061035156,168.3800048828125,164.82000732421875,167.5500030517578,156.05885314941406,191700.0,SNA
2016-11-17,22.1200008392334,22.36000061035156,21.940000534057614,22.190000534057614,22.190000534057614,775600.0,SNBR
2016-11-17,47.709999084472656,48.209999084472656,47.52000045776367,48.18000030517578,48.18000030517578,279600.0,SNCR
2016-11-17,10.960000038146973,11.149999618530273,10.75,10.970000267028807,10.970000267028807,43400.0,SND
2016-11-17,117.5999984741211,121.0,117.4000015258789,118.0999984741211,118.0999984741211,300.0,SNDE
2016-11-17,10.029999732971193,10.029999732971193,9.850000381469727,9.890000343322754,9.890000343322754,69200.0,SNDX
2016-11-17,29.59000015258789,29.739999771118164,29.5,29.70000076293945,29.160308837890625,700500.0,SNE
2016-11-17,5.668934345245361,5.714285850524902,5.578231334686278,5.714285850524902,5.714285850524902,7600.0,SNFCA
2016-11-17,4.010000228881837,4.010000228881837,4.010000228881837,4.010000228881837,4.010000228881837,0.0,SNGX
2016-11-17,11.050000190734863,11.350000381469727,10.800000190734863,10.850000381469727,7.111588478088379,2858400.0,SNMP
2016-11-17,27.520000457763672,27.8700008392334,27.479999542236328,27.81999969482422,25.95602035522461,602400.0,SNN
2016-11-17,44.459999084472656,44.63999938964844,43.7400016784668,44.54999923706055,44.54999923706055,2100.0,SNOA
2016-11-17,68.37000274658203,68.69999694824219,67.95999908447266,68.12000274658203,54.44487762451172,120200.0,SNP
2016-11-17,60.68000030517578,61.68999862670898,60.27000045776367,61.4900016784668,61.4900016784668,687100.0,SNPS
2016-11-17,9.84000015258789,9.949999809265137,9.649999618530273,9.729999542236328,6.765392780303955,553600.0,SNR
2016-11-17,4.0900001525878915,4.199999809265137,4.0399999618530265,4.110000133514403,4.110000133514403,12600.0,SNSS
2016-11-17,38.11000061035156,38.56999969482422,37.86999893188477,38.47999954223633,35.12706756591797,1289100.0,SNV
2016-11-17,113.69000244140624,114.12000274658205,112.38999938964844,113.81999969482422,109.3052978515625,115600.0,SNX
2016-11-17,41.31999969482422,41.36999893188477,40.90999984741211,40.9900016784668,36.26469039916992,1878700.0,SNY
2016-11-17,47.790000915527344,47.84000015258789,47.45000076293945,47.5,40.78093338012695,5224300.0,SO
2016-11-17,5.210000038146973,5.429999828338623,5.210000038146973,5.420000076293945,3.999800682067871,34700.0,SOHO
2016-11-17,24.492000579833984,24.5,23.76000022888184,23.84499931335449,17.26240348815918,7100.0,SOHOB
2016-11-17,35.349998474121094,35.4900016784668,34.939998626708984,35.040000915527344,35.040000915527344,82400.0,SOHU
2016-11-17,25.8799991607666,26.09000015258789,25.8799991607666,25.959999084472656,22.36884880065918,84600.0,SOJA
2016-11-17,23.25,23.25,22.540000915527344,22.540000915527344,19.161279678344727,272800.0,SOJB
2016-11-17,3.900000095367432,3.9500000476837163,3.5999999046325684,3.7999999523162837,3.7999999523162837,145100.0,SOL
2016-11-17,53.040000915527344,53.5,52.93000030517578,53.40999984741211,48.47731018066406,432900.0,SON
2016-11-17,13.449999809265135,14.140000343322756,13.449999809265135,14.119999885559082,13.183483123779295,33900.0,SONA
2016-11-17,35.900001525878906,36.040000915527344,35.75,36.02000045776367,29.398452758789066,33300.0,SOR
2016-11-17,4.0900001525878915,4.239999771118163,4.050000190734863,4.170000076293944,4.170000076293944,133800.0,SORL
2016-11-17,26.899999618530273,27.79999923706055,26.85000038146973,27.75,27.75,123800.0,SP
2016-11-17,8.5,8.600000381469728,8.25,8.350000381469728,8.132051467895508,63300.0,SPAR
2016-11-17,94.01234436035156,94.0740737915039,86.85185241699219,90.0,83.04031372070312,156200.0,SPB
2016-11-17,2.7699999809265137,2.8499999046325684,2.75,2.809999942779541,2.809999942779541,24200.0,SPCB
2016-11-17,13.949999809265135,13.960000038146973,13.890000343322756,13.9399995803833,9.69084644317627,5600.0,SPE
2016-11-17,0.8199999928474426,0.8199999928474426,0.8199999928474426,0.8199999928474426,0.815999448299408,0.0,SPFI
2016-11-17,182.75999450683597,183.9600067138672,180.1300048828125,180.67999267578125,154.48516845703125,1090800.0,SPG
2016-11-17,122.4499969482422,124.12000274658205,122.38999938964844,123.97000122070312,119.47415924072266,1142400.0,SPGI
2016-11-17,28.71999931335449,28.979999542236328,28.209999084472656,28.31999969482422,19.894655227661133,208800.0,SPH
2016-11-17,21.200000762939453,23.989999771118164,21.200000762939453,22.399999618530273,22.399999618530273,9500.0,SPI
2016-11-17,13.399999618530273,13.725000381469727,13.225000381469727,13.350000381469727,10.608280181884766,229400.0,SPKE
2016-11-17,60.06000137329102,62.5,59.93999862670898,62.25,62.25,1556000.0,SPLK
2016-11-17,14.0,14.0,13.880000114440918,13.880000114440918,13.746195793151855,300.0,SPLP
2016-11-17,7.179999828338622,7.239999771118164,6.96999979019165,7.03000020980835,7.03000020980835,42700.0,SPNE
2016-11-17,14.609999656677244,14.710000038146973,14.489999771118164,14.59000015258789,13.937790870666506,34100.0,SPNS
2016-11-17,17.850000381469727,17.899999618530273,17.350000381469727,17.5,15.409013748168945,47100.0,SPOK
2016-11-17,4.360000133514403,4.4099998474121085,4.25,4.269999980926514,4.269999980926514,523300.0,SPPI
2016-11-17,55.61000061035156,56.56999969482422,55.4900016784668,55.97999954223633,54.90594100952149,1167500.0,SPR
2016-11-17,2.190000057220459,2.25,2.190000057220459,2.220000028610229,1.1475361585617063,64600.0,SPRT
2016-11-17,33.665000915527344,34.165000915527344,33.415000915527344,33.46500015258789,33.46500015258789,265000.0,SPSC
2016-11-17,0.02500000037252903,0.02500000037252903,0.02500000037252903,0.02500000037252903,0.02500000037252903,0.0,SPT
2016-11-17,37.209999084472656,37.209999084472656,36.36000061035156,36.86000061035156,32.170589447021484,151700.0,SPTN
2016-11-17,8.149999618530272,8.550000190734862,8.010000228881836,8.220000267028809,8.220000267028809,2293100.0,SPWH
2016-11-17,6.730000019073486,6.989999771118164,6.570000171661378,6.880000114440918,6.880000114440918,3421700.0,SPWR
2016-11-17,22.290000915527344,22.90999984741211,22.1299991607666,22.90999984741211,22.90999984741211,484400.0,SPXC
2016-11-17,13.890000343322756,14.119999885559082,13.890000343322756,14.0600004196167,11.155835151672363,55600.0,SPXX
2016-11-17,11.880000114440918,12.359999656677244,11.880000114440918,12.220000267028807,12.220000267028807,4801100.0,SQ
2016-11-17,6.130000114440918,6.1500000953674325,5.829999923706055,5.989999771118164,5.989999771118164,359700.0,SQBG
2016-11-17,26.8700008392334,27.09000015258789,26.70000076293945,26.85000038146973,23.07489585876465,438500.0,SQM
2016-11-17,7.960000038146973,7.960000038146973,7.800000190734862,7.8400001525878915,7.8400001525878915,9800.0,SQNS
2016-11-17,63.6500015258789,64.5,63.5,63.599998474121094,57.18068313598633,235700.0,SR
2016-11-17,6.0,6.0250000953674325,6.0,6.0250000953674325,6.0250000953674325,1300.0,SRAX
2016-11-17,48.02690505981445,48.47533798217773,46.81614303588867,46.81614303588867,40.99164962768555,905400.0,SRC
2016-11-17,39.13999938964844,39.900001525878906,38.90999984741211,39.5099983215332,37.078773498535156,56800.0,SRCE
2016-11-17,74.7300033569336,75.41000366210938,74.2699966430664,75.2699966430664,75.2699966430664,720800.0,SRCL
2016-11-17,25.649999618530273,26.35000038146973,25.04999923706055,25.70000076293945,25.70000076293945,117700.0,SRDX
2016-11-17,98.04000091552734,99.7300033569336,98.04000091552734,99.52999877929688,89.36703491210938,1709500.0,SRE
2016-11-17,5.630000114440918,5.889999866485597,5.630000114440918,5.820000171661378,5.820000171661378,393400.0,SREV
2016-11-17,9.460000038146973,9.479999542236328,9.289999961853027,9.350000381469727,7.584749698638916,15800.0,SRF
2016-11-17,48.45000076293945,49.25,48.209999084472656,48.2599983215332,45.4205551147461,224900.0,SRG
2016-11-17,16.120000839233402,16.629999160766598,16.059999465942386,16.389999389648438,16.389999389648438,162100.0,SRI
2016-11-17,9.550000190734863,9.550000190734863,8.300000190734862,8.5,8.5,41400.0,SRL
2016-11-17,24.20000076293945,24.40999984741211,23.399999618530273,23.5,15.660944938659668,11200.0,SRLP
2016-11-17,6.25,6.300000190734862,5.949999809265138,6.25,6.25,143100.0,SRNE
2016-11-17,37.58000183105469,39.2400016784668,36.68000030517578,38.72999954223633,38.72999954223633,2022000.0,SRPT
2016-11-17,62.4000015258789,64.40000152587889,60.79999923706055,61.20000076293945,61.20000076293945,10600.0,SRRA
2016-11-17,8.590000152587889,8.600000381469728,8.399999618530272,8.420000076293945,8.420000076293945,32600.0,SRT
2016-11-17,5.880000114440918,5.880000114440918,5.860000133514403,5.860000133514403,5.860000133514403,500.0,SRTS
2016-11-17,12.229999542236328,12.390000343322756,12.220000267028807,12.300000190734865,8.771955490112305,38800.0,SRV
2016-11-17,83.4000015258789,84.0,82.8499984741211,83.69999694824219,78.79646301269531,84400.0,SSB
2016-11-17,10.960000038146973,11.0,10.960000038146973,10.960000038146973,9.710408210754396,10700.0,SSBI
2016-11-17,45.88000106811523,46.86999893188477,45.88000106811523,46.61000061035156,44.21888732910156,366200.0,SSD
2016-11-17,5.800000190734862,5.800000190734862,4.300000190734863,4.78000020980835,3.661476850509644,3455000.0,SSI
2016-11-17,2.400000095367432,2.5,2.3499999046325684,2.3499999046325684,2.3499999046325684,700.0,SSKN
2016-11-17,25.6299991607666,25.989999771118164,25.25,25.32999992370605,23.224504470825195,299300.0,SSL
2016-11-17,31.979999542236328,32.700000762939446,31.95000076293945,32.610000610351555,31.812902450561523,501900.0,SSNC
2016-11-17,2.3499999046325684,2.3499999046325684,2.3499999046325684,2.3499999046325684,2.0106954574584956,0.0,SSNT
2016-11-17,16.290000915527347,16.760000228881836,16.290000915527347,16.549999237060547,16.030590057373047,524700.0,SSP
2016-11-17,10.130000114440918,10.359999656677246,9.75,9.899999618530273,9.899999618530273,2975300.0,SSRM
2016-11-17,4.9099998474121085,4.96999979019165,4.860000133514403,4.96999979019165,4.740242958068848,91400.0,SSSS
2016-11-17,49.25,50.15999984741211,49.22999954223633,49.63999938964844,46.60713577270508,262100.0,SSTK
2016-11-17,1.25,1.2999999523162842,1.1599999666213991,1.1799999475479126,1.1799999475479126,92000.0,SSY
2016-11-17,18.030000686645508,18.700000762939453,17.549999237060547,18.65999984741211,18.65999984741211,1585800.0,SSYS
2016-11-17,36.97000122070313,36.9900016784668,36.45000076293945,36.63000106811523,36.63000106811523,1107100.0,ST
2016-11-17,10.399999618530273,10.800000190734863,10.399999618530273,10.550000190734863,10.550000190734863,81700.0,STAA
2016-11-17,4.300000190734863,4.650000095367432,4.300000190734863,4.599999904632568,4.458822250366211,6800.0,STAF
2016-11-17,22.43000030517578,22.76000022888184,22.350000381469727,22.3700008392334,18.62554168701172,287400.0,STAG
2016-11-17,12.020000457763672,12.350000381469727,11.949999809265135,12.25,11.522601127624512,763700.0,STAR
2016-11-17,15.220000267028807,15.350000381469727,15.050000190734865,15.18000030517578,12.768661499023438,1411600.0,STAY
2016-11-17,32.549999237060554,33.610000610351555,32.549999237060554,33.220001220703125,30.481380462646484,166800.0,STBA
2016-11-17,44.599998474121094,45.099998474121094,44.38000106811523,44.93999862670898,40.48269653320313,269100.0,STC
2016-11-17,1.4700000286102295,1.5199999809265137,1.440000057220459,1.4800000190734863,1.4800000190734863,92700.0,STCN
2016-11-17,66.51999664306639,66.76000213623047,66.16999816894531,66.41000366210939,63.5858268737793,472500.0,STE
2016-11-17,24.51000022888184,24.8700008392334,23.940000534057614,24.68000030517578,23.514850616455078,43700.0,STFC
2016-11-17,23100.0,23100.0,22600.0,22900.0,22900.0,106660.0,STG
2016-11-17,18.450000762939453,18.649999618530273,18.26000022888184,18.440000534057614,13.106703758239744,85200.0,STK
2016-11-17,7.3499999046325675,7.4000000953674325,7.1500000953674325,7.3499999046325675,7.3499999046325675,258700.0,STKL
2016-11-17,2.3499999046325684,3.4300000667572017,2.3499999046325684,2.4200000762939453,2.4200000762939453,106200.0,STKS
2016-11-17,21.850000381469727,21.850000381469727,21.049999237060547,21.600000381469727,20.715791702270508,4087600.0,STL
2016-11-17,33.400001525878906,33.59999847412109,33.049999237060554,33.380001068115234,30.736223220825195,3140700.0,STLD
2016-11-17,9.1899995803833,9.3100004196167,9.149999618530273,9.270000457763672,8.841822624206543,1659300.0,STM
2016-11-17,11.949999809265135,12.149999618530273,11.649999618530273,12.0,12.0,110400.0,STML
2016-11-17,108.9499969482422,109.9499969482422,107.9499969482422,109.1500015258789,109.1500015258789,354000.0,STMP
2016-11-17,25.35000038146973,25.79999923706055,25.35000038146973,25.649999618530273,23.70067596435547,6400.0,STN
2016-11-17,23.20000076293945,23.690000534057614,23.04999923706055,23.5,21.3729190826416,2600.0,STND
2016-11-17,45.70000076293945,46.29999923706055,41.900001525878906,43.20000076293945,42.05813217163086,384500.0,STNG
2016-11-17,9.350000381469727,10.25,9.300000190734863,10.039999961853027,9.408914566040039,686100.0,STON
2016-11-17,24.68000030517578,24.82999992370605,24.21999931335449,24.239999771118164,20.538331985473636,1133800.0,STOR
2016-11-17,33.650001525878906,34.310001373291016,33.650001525878906,34.200000762939446,34.200000762939446,21400.0,STPP
2016-11-17,70.48999786376953,71.23999786376953,69.95999908447266,70.37999725341797,67.50814819335939,118200.0,STRA
2016-11-17,7.820000171661378,8.069999694824219,7.809999942779541,7.940000057220459,7.940000057220459,164400.0,STRL
2016-11-17,1.8200000524520876,1.8400000333786009,1.6699999570846558,1.7300000190734863,1.7300000190734863,6200.0,STRM
2016-11-17,30.0,30.0,28.04999923706055,29.85000038146973,28.78202247619629,8600.0,STRS
2016-11-17,38.04999923706055,38.150001525878906,36.900001525878906,37.400001525878906,34.988704681396484,6200.0,STRT
2016-11-17,77.7300033569336,79.19999694824219,77.58999633789062,78.5199966430664,72.10530853271484,2129200.0,STT
2016-11-17,21.59000015258789,21.940000534057614,21.57999992370605,21.940000534057614,15.95404052734375,1890200.0,STWD
2016-11-17,38.400001525878906,39.29999923706055,38.349998474121094,39.22999954223633,32.23391342163086,4720700.0,STX
2016-11-17,0.550000011920929,0.6399999856948853,0.5299999713897705,0.5699999928474426,0.5699999928474426,108800.0,STXS
2016-11-17,154.02999877929688,155.25,153.4499969482422,154.8000030517578,148.2881317138672,1517500.0,STZ
2016-11-17,30.70000076293945,31.46999931335449,30.479999542236328,30.540000915527344,26.010210037231445,4869400.0,SU
2016-11-17,71.79000091552734,72.31999969482422,70.45999908447266,70.51000213623047,63.92415618896485,355700.0,SUI
2016-11-17,23.66863822937012,23.77712059020996,23.08678436279297,23.520709991455078,23.520709991455078,1825000.0,SUM
2016-11-17,17.190000534057614,18.540000915527344,17.190000534057614,18.270000457763672,18.270000457763672,13800.0,SUMR
2016-11-17,24.81999969482422,25.059999465942386,24.10000038146973,24.270000457763672,16.982908248901367,840900.0,SUN
2016-11-17,16.399999618530273,16.399999618530273,16.219999313354492,16.350000381469727,12.26093578338623,46000.0,SUNS
2016-11-17,16.450000762939453,17.149999618530273,16.450000762939453,16.729999542236328,16.729999542236328,17300.0,SUNW
2016-11-17,25.10000038146973,25.5,25.0,25.45000076293945,22.88726234436035,120500.0,SUP
2016-11-17,23.5,24.75,23.5,24.70000076293945,24.70000076293945,421600.0,SUPN
2016-11-17,14.5,14.56999969482422,14.109999656677244,14.449999809265135,14.090250015258787,75400.0,SUPV
2016-11-17,3.565000057220459,3.565000057220459,3.565000057220459,3.565000057220459,3.2347211837768555,400.0,SUZ
2016-11-17,6.088900089263916,6.159900188446045,6.059999942779541,6.070000171661378,6.070000171661378,20550.0,SVA
2016-11-17,6.9000000953674325,6.9000000953674325,6.9000000953674325,6.9000000953674325,6.655888557434082,1000.0,SVBI
2016-11-17,29.1200008392334,29.190000534057614,28.5,28.540000915527344,22.15453338623047,807900.0,SVC
2016-11-17,9.520000457763672,9.729999542236328,9.300000190734863,9.670000076293944,9.200448036193848,24600.0,SVT
2016-11-17,7.980000019073486,8.140000343322754,7.980000019073486,8.029999732971191,8.007766723632812,60900.0,SVVC
2016-11-17,15.949999809265135,16.25,15.399999618530273,15.5,15.5,342700.0,SWIR
2016-11-17,123.2300033569336,123.54000091552734,121.9000015258789,122.0199966430664,114.30371856689452,706400.0,SWK
2016-11-17,9.199999809265137,9.199999809265137,9.199999809265137,9.199999809265137,9.199999809265137,0.0,SWKH
2016-11-17,76.1500015258789,77.97000122070312,75.69000244140625,77.94999694824219,74.01171875,1616800.0,SWKS
2016-11-17,41.790000915527344,42.22999954223633,41.2400016784668,41.959999084472656,35.05673217773437,146000.0,SWM
2016-11-17,10.880000114440918,11.06999969482422,10.350000381469727,10.369999885559082,10.369999885559082,11680900.0,SWN
2016-11-17,72.58000183105469,73.20999908447266,71.94000244140625,72.0999984741211,66.25896453857422,160100.0,SWX
2016-11-17,10.199999809265137,10.25,10.199999809265137,10.220000267028807,5.986633777618407,39500.0,SWZ
2016-11-17,11.800000190734865,12.0600004196167,11.420000076293945,11.489999771118164,11.24217700958252,793200.0,SXC
2016-11-17,88.0,89.3499984741211,87.4000015258789,87.69999694824219,85.15705871582031,45500.0,SXI
2016-11-17,75.76000213623047,75.83999633789062,75.16000366210938,75.44000244140625,70.71249389648438,137300.0,SXT
2016-11-17,41.599998474121094,42.70000076293945,41.18000030517578,41.95000076293945,38.32112884521485,94400.0,SYBT
2016-11-17,8.189999580383299,8.645000457763674,8.050000190734862,8.189999580383299,8.189999580383299,25500.0,SYBX
2016-11-17,32.830001831054695,33.470001220703125,32.43000030517578,33.43000030517578,31.087778091430664,10709700.0,SYF
2016-11-17,109.31999969482422,111.33000183105469,108.55999755859376,110.6500015258789,106.14064025878906,1918300.0,SYK
2016-11-17,27.26000022888184,27.79999923706055,27.26000022888184,27.79999923706055,27.79999923706055,166000.0,SYKE
2016-11-17,31.85000038146973,31.85000038146973,29.75,30.10000038146973,30.10000038146973,58400.0,SYN
2016-11-17,54.86999893188477,55.38999938964844,54.1500015258789,54.36999893188477,54.36999893188477,456400.0,SYNA
2016-11-17,2.75,3.0,2.75,3.0,3.0,461200.0,SYNC
2016-11-17,50.54999923706055,50.54999923706055,48.70500183105469,49.75,49.75,937400.0,SYNH
2016-11-17,10.050000190734863,10.5,9.649999618530273,9.649999618530273,9.42022705078125,8100.0,SYNL
2016-11-17,1.0299999713897705,1.0599999427795408,1.0,1.0199999809265137,1.0199999809265137,72300.0,SYPR
2016-11-17,13.21500015258789,13.279999732971193,12.59000015258789,12.81999969482422,12.81999969482422,18900.0,SYRS
2016-11-17,8.789999961853027,9.079999923706056,8.789999961853027,8.890000343322754,5.8938307762146,34200.0,SYX
2016-11-17,53.1500015258789,53.59000015258789,52.7599983215332,53.36000061035156,48.66728210449219,4295800.0,SYY
2016-11-17,16.75,17.120000839233402,16.59000015258789,16.989999771118164,12.0201416015625,13200.0,SZC
2016-11-17,37.29999923706055,37.68999862670898,37.27000045776367,37.40999984741211,31.227739334106445,21184900.0,T
2016-11-17,33.75,34.0,32.75,33.25,33.25,76300.0,TA
2016-11-17,3.900000095367432,4.0300002098083505,3.900000095367432,3.9500000476837163,3.591285228729248,31600.0,TAC
2016-11-17,13.949999809265135,14.119999885559082,13.880000114440918,14.0,14.0,293700.0,TACO
2016-11-17,6.5,6.800000190734862,6.5,6.5999999046325675,5.9673218727111825,52500.0,TACT
2016-11-17,1.1699999570846558,1.2000000476837158,1.1200000047683716,1.1599999666213991,0.9606752395629884,105400.0,TAIT
2016-11-17,21.57999992370605,21.649999618530273,21.5,21.559999465942386,19.34078025817871,54800.0,TAK
2016-11-17,12.085000038146973,12.323333740234375,11.97166633605957,12.25,12.20046329498291,2982000.0,TAL
2016-11-17,2.299999952316284,2.3499999046325684,2.259999990463257,2.259999990463257,2.259999990463257,16200.0,TANH
2016-11-17,25.38999938964844,25.540000915527344,25.31999969482422,25.40999984741211,19.31472587585449,6300.0,TANNI
2016-11-17,25.059999465942386,25.10000038146973,25.03000068664551,25.03000068664551,19.20109367370605,11100.0,TANNL
2016-11-17,25.059999465942386,25.09000015258789,25.006999969482425,25.09000015258789,19.15104484558105,17900.0,TANNZ
2016-11-17,0.8799999952316284,0.9399999976158142,0.8199999928474426,0.8799999952316284,0.8799999952316284,498600.0,TAOP
2016-11-17,97.3499984741211,98.0,97.25,97.94000244140624,89.07447814941406,1098000.0,TAP
2016-11-17,25.6200008392334,26.46999931335449,25.6200008392334,26.1200008392334,26.1200008392334,6400.0,TAPR
2016-11-17,384.0,408.0,372.0,404.0,404.0,2300.0,TARA
2016-11-17,101.47000122070312,104.30999755859376,100.5999984741211,104.12999725341795,90.9373779296875,151800.0,TARO
2016-11-17,12.699999809265135,12.75,12.550000190734865,12.75,12.75,231100.0,TAST
2016-11-17,0.9800000190734864,1.0800000429153442,0.9700000286102296,1.0299999713897705,1.0299999713897705,134500.0,TAT
2016-11-17,6.8499999046325675,7.25,6.8499999046325675,7.0,6.608950138092041,8100.0,TATT
2016-11-17,14.390000343322756,14.390000343322756,14.100000381469727,14.119999885559082,14.119999885559082,5400.0,TAYD
2016-11-17,7.119999885559082,7.269999980926514,7.039999961853027,7.050000190734862,7.050000190734862,462800.0,TBBK
2016-11-17,23000.0,23000.0,23000.0,23000.0,21201.326171875,0.0,TBC
2016-11-17,20.149999618530273,20.399999618530273,20.049999237060547,20.200000762939453,20.200000762939453,171900.0,TBI
2016-11-17,21.549999237060547,21.549999237060547,20.899999618530273,21.450000762939453,21.450000762939453,20900.0,TBK
2016-11-17,30.5,31.20000076293945,30.209999084472656,30.70000076293945,26.64293670654297,30400.0,TBNK
2016-11-17,33.889999389648445,34.490001678466804,32.77000045776367,32.889999389648445,32.889999389648445,379100.0,TBPH
2016-11-17,71.30000305175781,72.25,70.80000305175781,71.80000305175781,71.80000305175781,340200.0,TCBI
2016-11-17,25.28000068664551,25.56999969482422,25.18000030517578,25.559999465942386,21.828853607177734,12300.0,TCBIL
2016-11-17,25.35000038146973,25.43000030517578,25.18000030517578,25.35000038146973,20.299516677856445,5600.0,TCBIP
2016-11-17,30.520000457763672,30.75,30.420000076293945,30.57999992370605,28.52351379394531,86900.0,TCBK
2016-11-17,2.5999999046325684,2.75,2.549999952316284,2.650000095367432,2.650000095367432,54300.0,TCCO
2016-11-17,50.849998474121094,51.33000183105469,50.2599983215332,51.02999877929688,45.40131378173828,353800.0,TCF
2016-11-17,24.70000076293945,25.0,24.70000076293945,25.0,23.95202827453613,3100.0,TCFC
2016-11-17,11.149999618530273,11.149999618530273,11.149999618530273,11.149999618530273,11.149999618530273,0.0,TCI
2016-11-17,18.474000930786133,19.0,17.459999084472653,18.809999465942386,18.809999465942386,16600.0,TCMD
2016-11-17,72.86000061035156,73.52999877929688,71.95999908447266,72.0999984741211,60.410911560058594,385600.0,TCO
2016-11-17,42.0099983215332,42.650001525878906,42.0,42.310001373291016,42.310001373291016,2165100.0,TCOM
2016-11-17,68.5,71.0,66.5,68.0,68.0,1300.0,TCON
2016-11-17,53.1500015258789,53.81999969482422,52.61000061035156,53.08000183105469,41.70689010620117,124500.0,TCP
2016-11-17,16.5,16.579999923706055,16.450000762939453,16.540000915527347,11.669066429138185,164500.0,TCPC
2016-11-17,9.779999732971193,9.90999984741211,9.699999809265137,9.890000343322754,6.000475883483888,167600.0,TCRD
2016-11-17,25.35000038146973,25.35000038146973,25.194000244140625,25.35000038146973,20.112903594970703,31600.0,TCRZ
2016-11-17,5.929999828338622,6.139999866485597,5.920000076293945,5.929999828338622,5.54326057434082,918200.0,TCS
2016-11-17,32.09999847412109,32.400001525878906,32.0,32.049999237060554,32.049999237060554,44000.0,TCX
2016-11-17,46.52000045776367,46.72999954223633,46.29999923706055,46.4900016784668,39.7686882019043,1288400.0,TD
2016-11-17,24.65999984741211,24.65999984741211,24.18000030517578,24.18000030517578,19.577224731445312,10600.0,TDA
2016-11-17,28.440000534057614,28.709999084472656,27.86000061035156,28.020000457763672,28.020000457763672,4007600.0,TDC
2016-11-17,25.190000534057614,25.190000534057614,24.709999084472656,24.95000076293945,19.986248016357425,17500.0,TDE
2016-11-17,16.809999465942386,16.889999389648438,16.620000839233402,16.780000686645508,12.314434051513672,35400.0,TDF
2016-11-17,255.8600006103516,259.14999389648443,255.8600006103516,258.82000732421875,212.7381896972656,473800.0,TDG
2016-11-17,24.899999618530273,24.899999618530273,24.520000457763672,24.709999084472656,20.33506393432617,10000.0,TDI
2016-11-17,25.40999984741211,25.40999984741211,25.03000068664551,25.10000038146973,20.022327423095703,6100.0,TDJ
2016-11-17,17.149999618530273,17.700000762939453,17.149999618530273,17.450000762939453,17.450000762939453,202400.0,TDOC
2016-11-17,25.75,26.209999084472656,25.75,25.920000076293945,23.848430633544922,516700.0,TDS
2016-11-17,74.83870697021484,81.61289978027344,63.54838562011719,64.19355010986328,64.16777801513672,97000.0,TDW
2016-11-17,120.2300033569336,121.27999877929688,119.18000030517578,120.11000061035156,120.11000061035156,156600.0,TDY
2016-11-17,28.59000015258789,29.399999618530273,28.3799991607666,29.36000061035156,29.36000061035156,594600.0,TEAM
2016-11-17,82.55999755859375,83.8499984741211,82.2300033569336,83.83999633789062,83.83999633789062,380500.0,TECD
2016-11-17,105.05999755859376,106.31999969482422,104.61000061035156,105.44000244140624,102.60430908203124,84000.0,TECH
2016-11-17,23.81999969482422,24.0,23.07999992370605,23.31999969482422,22.520984649658203,9635300.0,TECK
2016-11-17,14.68000030517578,15.0,14.68000030517578,14.949999809265135,14.526351928710938,197200.0,TEDU
2016-11-17,8.710000038146973,8.75,8.590000152587889,8.609999656677246,7.378568172454834,1863000.0,TEF
2016-11-17,10.380000114440918,10.600000381469727,10.380000114440918,10.529999732971193,8.118298530578612,89300.0,TEI
2016-11-17,66.80999755859375,67.30000305175781,66.45999908447266,67.16999816894531,62.39260864257813,1170200.0,TEL
2016-11-17,5.130000114440918,5.179999828338623,5.0,5.010000228881836,5.010000228881836,32700.0,TELL
2016-11-17,56.1500015258789,57.02999877929688,55.52999877929688,56.93000030517578,54.27853775024414,445600.0,TEN
2016-11-17,27.20000076293945,29.79999923706055,26.79999923706055,28.79999923706055,28.79999923706055,8400.0,TENX
2016-11-17,17.829999923706055,18.13999938964844,17.709999084472656,18.020000457763672,14.520286560058596,53000.0,TEO
2016-11-17,24.520000457763672,24.770000457763672,24.3799991607666,24.68000030517578,23.99148750305176,1493500.0,TER
2016-11-17,13.100000381469727,13.18000030517578,12.800000190734865,13.010000228881836,9.476082801818848,459200.0,TERP
2016-11-17,11.550000190734865,11.949999809265135,11.5,11.800000190734865,10.017956733703613,9500.0,TESS
2016-11-17,3.5,3.5,3.25,3.5,3.5,8800.0,TEUM
2016-11-17,38.2599983215332,39.40999984741211,38.0099983215332,38.88999938964844,37.27824401855469,9721600.0,TEVA
2016-11-17,28.520000457763672,28.84000015258789,28.3700008392334,28.71999931335449,27.59160041809082,766200.0,TEX
2016-11-17,42.90999984741211,44.11000061035156,42.84000015258789,44.0099983215332,39.83736801147461,9424900.0,TFC
2016-11-17,32.75,33.06999969482422,32.52000045776367,32.93000030517578,32.44672393798828,416100.0,TFII
2016-11-17,18.649999618530273,18.81999969482422,18.649999618530273,18.65999984741211,15.756882667541506,164600.0,TFSL
2016-11-17,149.19000244140625,149.8800048828125,147.0399932861328,148.3800048828125,145.84754943847656,347800.0,TFX
2016-11-17,20.950000762939453,21.299999237060547,20.600000381469727,21.100000381469727,19.36966896057129,46600.0,TG
2016-11-17,1.7899999618530271,1.8400000333786009,1.7599999904632568,1.7599999904632568,1.664747953414917,76800.0,TGA
2016-11-17,0.5600000023841858,0.5699999928474426,0.5199999809265137,0.5199999809265137,0.5199999809265137,218200.0,TGB
2016-11-17,0.7200000286102295,0.8000000119209291,0.6600000262260437,0.7200000286102295,0.7200000286102295,35600.0,TGC
2016-11-17,21.979999542236328,24.96999931335449,21.8700008392334,24.420000076293945,19.40716552734375,3301700.0,TGE
2016-11-17,4.579999923706055,4.579999923706055,4.579999923706055,4.579999923706055,4.579999923706055,0.0,TGEN
2016-11-17,9.350000381469727,9.600000381469727,9.25,9.5,9.5,223400.0,TGH
2016-11-17,28.54999923706055,28.54999923706055,27.51000022888184,27.95000076293945,27.29754447937012,721900.0,TGI
2016-11-17,12.170000076293945,12.4399995803833,11.729999542236328,11.739999771118164,9.557310104370117,12800.0,TGLS
2016-11-17,14.53439998626709,14.822400093078613,14.53439998626709,14.751999855041506,13.607386589050293,3759000.0,TGNA
2016-11-17,13.850000381469727,14.149999618530273,13.300000190734865,13.399999618530273,11.772409439086914,249100.0,TGP
2016-11-17,6.9099998474121085,7.230000019073486,6.9099998474121085,7.199999809265138,6.236692428588867,125700.0,TGS
2016-11-17,76.18000030517578,76.43000030517578,75.4000015258789,76.12999725341797,68.10495758056639,8065000.0,TGT
2016-11-17,5.699999809265138,5.875,5.550000190734863,5.800000190734862,5.800000190734862,692700.0,TGTX
2016-11-17,16.5,17.290000915527347,16.5,17.239999771118164,17.239999771118164,2999300.0,THC
2016-11-17,44.099998474121094,45.25,43.75,44.900001525878906,40.15692138671875,56500.0,THFF
2016-11-17,84.0,84.95999908447266,83.88999938964844,84.79000091552734,74.60769653320312,133600.0,THG
2016-11-17,25.229999542236328,25.3700008392334,25.0,25.29999923706055,20.966487884521484,8000.0,THGA
2016-11-17,0.5699999928474426,0.5899999737739563,0.5199999809265137,0.5199999809265137,0.5199999809265137,428300.0,THM
2016-11-17,86.08999633789062,87.72000122070312,86.01000213623047,87.61000061035156,81.70887756347656,616300.0,THO
2016-11-17,16.569999694824222,16.760000228881836,16.420000076293945,16.719999313354492,12.91358470916748,236600.0,THQ
2016-11-17,20.59000015258789,20.709999084472656,20.1200008392334,20.280000686645508,20.280000686645508,182000.0,THR
2016-11-17,30.70000076293945,31.10000038146973,30.35000038146973,30.79999923706055,30.79999923706055,175000.0,THRM
2016-11-17,65.55000305175781,68.09999847412111,65.02999877929689,68.05000305175781,68.05000305175781,928500.0,THS
2016-11-17,2.299999952316284,2.3399999141693115,2.289999961853028,2.299999952316284,2.299999952316284,32900.0,THTX
2016-11-17,14.239999771118164,14.319000244140625,14.03600025177002,14.130000114440918,9.97164535522461,69300.0,THW
2016-11-17,76.87999725341797,78.1500015258789,76.37000274658203,77.11000061035156,71.54718017578125,1398400.0,TIF
2016-11-17,17.649999618530273,18.299999237060547,17.649999618530273,18.0,17.100229263305664,590500.0,TILE
2016-11-17,6.4000000953674325,6.5,6.3499999046325675,6.3499999046325675,5.910815238952638,18600.0,TIPT
2016-11-17,36.75,37.150001525878906,36.5,36.849998474121094,36.849998474121094,168100.0,TISI
2016-11-17,11.850000381469727,11.9399995803833,11.600000381469727,11.920000076293945,11.920000076293945,173100.0,TITN
2016-11-17,20.899999618530273,21.25,20.700000762939453,20.75,17.731605529785156,864100.0,TIVO
2016-11-17,38.040000915527344,38.56999969482422,37.72000122070313,38.54999923706055,35.51161575317383,10430200.0,TJX
2016-11-17,7.190000057220459,7.230000019073486,6.889999866485597,6.9000000953674325,6.4383606910705575,1309400.0,TK
2016-11-17,5.949999809265138,6.070000171661378,5.949999809265138,6.070000171661378,6.070000171661378,2100.0,TKAT
2016-11-17,7.050000190734862,7.0999999046325675,7.0,7.039999961853027,5.6638832092285165,619100.0,TKC
2016-11-17,38.150001525878906,38.70000076293945,37.79999923706055,38.599998474121094,35.44609069824219,642500.0,TKR
2016-11-17,6.9000000953674325,7.0999999046325675,6.9000000953674325,7.039999961853027,7.039999961853027,26800.0,TLF
2016-11-17,7.3499999046325675,7.550000190734862,7.320000171661378,7.489999771118164,7.489999771118164,179400.0,TLGT
2016-11-17,10.869999885559082,10.869999885559082,10.649999618530273,10.829999923706056,8.531375885009767,58400.0,TLI
2016-11-17,29.59000015258789,29.940000534057614,29.59000015258789,29.86000061035156,27.25851821899414,543900.0,TLK
2016-11-17,26.209999084472656,26.71999931335449,25.78000068664551,26.0,26.0,114000.0,TLND
2016-11-17,17.860000610351562,18.239999771118164,17.6200008392334,18.1200008392334,14.885790824890135,522200.0,TLRD
2016-11-17,10.609999656677246,10.880000114440918,10.390000343322754,10.5600004196167,7.621363639831543,119200.0,TLYS
2016-11-17,113.0,113.23999786376952,112.36000061035156,113.23999786376952,104.8198013305664,201200.0,TM
2016-11-17,9.300000190734863,9.899999618530273,8.699999809265138,9.0,9.0,13200.0,TMDI
2016-11-17,19.15999984741211,19.729999542236328,19.15999984741211,19.51000022888184,19.51000022888184,615000.0,TMHC
2016-11-17,149.58999633789062,149.8699951171875,148.4199981689453,148.8800048828125,147.2819061279297,1552100.0,TMO
2016-11-17,83.2300033569336,84.31999969482422,80.58000183105469,83.88999938964844,77.712646484375,50900.0,TMP
2016-11-17,0.4900000095367432,0.4900000095367432,0.4900000095367432,0.4900000095367432,0.4900000095367432,32400.0,TMQ
2016-11-17,4.934999942779541,4.934999942779541,4.934999942779541,4.934999942779541,4.934999942779541,0.0,TMSR
2016-11-17,13.8100004196167,14.050000190734865,13.420000076293945,13.529999732971193,13.529999732971193,562400.0,TMST
2016-11-17,52.61999893188477,53.5099983215332,52.4900016784668,53.38999938964844,53.38999938964844,2805800.0,TMUS
2016-11-17,5.9000000953674325,5.949999809265138,5.6500000953674325,5.8499999046325675,5.8499999046325675,42500.0,TNAV
2016-11-17,71.94999694824219,73.6500015258789,71.05000305175781,72.9000015258789,69.77633666992189,64800.0,TNC
2016-11-17,20.0,23.0,20.0,22.5,22.5,105500.0,TNDM
2016-11-17,23.09000015258789,23.60000038146973,23.07999992370605,23.38999938964844,23.38999938964844,564100.0,TNET
2016-11-17,20.63999938964844,20.63999938964844,18.8799991607666,19.36000061035156,17.621633529663086,204700.0,TNK
2016-11-17,5.179999828338623,5.179999828338623,4.510000228881836,4.559999942779541,4.014966011047363,599100.0,TNP
2016-11-17,420.0,430.0,410.0,410.0,410.0,300.0,TNXP
2016-11-17,28.670000076293945,29.35000038146973,28.649999618530273,29.13999938964844,28.245380401611328,2455500.0,TOL
2016-11-17,27000000.0,28548000.0,13680000.0,15660000.0,15660000.0,0.0,TOPS
2016-11-17,46.56000137329102,46.88000106811523,46.11000061035156,46.11000061035156,38.10480880737305,1270200.0,TOT
2016-11-17,9.029999732971193,9.109999656677246,9.01099967956543,9.0600004196167,9.0600004196167,120300.0,TOUR
2016-11-17,30.0,30.649999618530273,30.0,30.45000076293945,28.01815795898437,339700.0,TOWN
2016-11-17,13.399999618530273,14.210000038146973,12.0,12.479999542236328,12.272232055664062,186600.0,TPB
2016-11-17,25.899999618530273,26.899999618530273,25.20000076293945,26.399999618530273,26.399999618530273,1449700.0,TPC
2016-11-17,12.9399995803833,13.0,12.619999885559082,12.859999656677244,10.498702049255373,222700.0,TPCO
2016-11-17,11.3100004196167,11.609999656677244,11.3100004196167,11.420000076293945,11.420000076293945,2337700.0,TPH
2016-11-17,9.949999809265137,9.949999809265137,9.80500030517578,9.850000381469727,9.850000381469727,6100.0,TPHS
2016-11-17,13.890000343322756,14.630000114440918,13.755999565124512,14.479999542236328,14.479999542236328,225000.0,TPIC
2016-11-17,286.8800048828125,297.6700134277344,281.04998779296875,288.010009765625,275.94607543945307,16100.0,TPL
2016-11-17,37.7599983215332,38.0,37.5,37.97000122070313,33.16384506225586,1691600.0,TPR
2016-11-17,12.25,12.399999618530273,12.199999809265135,12.25,12.25,434500.0,TPRE
2016-11-17,12.18000030517578,12.260000228881836,12.100000381469727,12.25,8.197035789489746,128600.0,TPVG
2016-11-17,61.77999877929688,63.0,61.709999084472656,62.43000030517578,62.43000030517578,704300.0,TPX
2016-11-17,21.18000030517578,21.25,21.1299991607666,21.18000030517578,15.988341331481935,13800.0,TPZ
2016-11-17,36.6669807434082,36.94976043701172,36.10142517089844,36.94976043701172,35.63620376586914,61400.0,TR
2016-11-17,24.86407852172852,25.44660186767578,24.786407470703125,25.01941680908203,25.01941680908203,28200.0,TRC
2016-11-17,0.9800000190734864,1.309999942779541,0.9499999880790709,1.1299999952316284,1.1299999952316284,2020200.0,TRCH
2016-11-17,12.050000190734865,12.390000343322756,11.850000381469727,11.949999809265135,11.949999809265135,33400.0,TREC
2016-11-17,94.0,100.4499969482422,92.8499984741211,93.1999969482422,93.1999969482422,816600.0,TREE
2016-11-17,33.35499954223633,34.790000915527344,33.35499954223633,34.49499893188477,34.49499893188477,770800.0,TREX
2016-11-17,50.40999984741211,51.0,49.349998474121094,49.97000122070313,38.48419952392578,1428500.0,TRGP
2016-11-17,10.850000381469727,11.050000190734863,10.699999809265137,10.789999961853027,10.789999961853027,78200.0,TRHC
2016-11-17,41.61999893188477,42.04999923706055,41.540000915527344,41.88999938964844,38.23371505737305,1001700.0,TRI
2016-11-17,6.769999980926514,6.8499999046325675,6.699999809265138,6.739999771118164,6.739999771118164,239000.0,TRIB
2016-11-17,8.850000381469727,8.949999809265137,8.5,8.75,8.75,158300.0,TRIL
2016-11-17,50.18000030517578,51.68999862670898,50.099998474121094,50.97000122070313,45.32637405395508,2253300.0,TRIP
2016-11-17,28.13999938964844,28.18000030517578,27.899999618530273,27.95000076293945,27.95000076293945,857400.0,TRMB
2016-11-17,32.259998321533196,32.90999984741211,31.95000076293945,32.880001068115234,29.79874992370605,367300.0,TRMK
2016-11-17,18.848093032836914,18.99928092956543,18.60331153869629,18.7257022857666,17.106840133666992,2290300.0,TRN
2016-11-17,25.90999984741211,26.239999771118164,25.8799991607666,26.040000915527344,23.93065452575684,253900.0,TRNO
2016-11-17,10.199999809265137,10.199999809265137,10.149999618530273,10.149999618530273,10.149999618530273,6600.0,TRNS
2016-11-17,7650.0,7800.0,7200.0,7350.0,7350.0,0.0,TRNX
2016-11-17,234.0,237.6000061035156,226.8000030517578,234.0,234.0,3000.0,TROV
2016-11-17,72.25,73.38999938964844,72.0,73.18000030517578,66.37432098388672,2219600.0,TROW
2016-11-17,10.210000038146973,10.329999923706056,9.390000343322754,9.93000030517578,9.464679718017578,1183300.0,TROX
2016-11-17,45.0,45.16999816894531,44.349998474121094,44.7599983215332,35.593955993652344,1759800.0,TRP
2016-11-17,3.3499999046325684,3.4100000858306885,3.2999999523162837,3.3199999332427983,3.3199999332427983,2822500.0,TRQ
2016-11-17,21.149999618530273,21.5,20.75,21.200000762939453,21.200000762939453,182300.0,TRS
2016-11-17,8.100000381469728,8.149999618530272,7.9000000953674325,8.050000190734862,7.172511100769043,289500.0,TRST
2016-11-17,3.25,3.259999990463257,3.240000009536743,3.240000009536743,3.240000009536743,4900.0,TRT
2016-11-17,17.260000228881836,18.36000061035156,17.229999542236328,18.229999542236328,14.62545108795166,463200.0,TRTN
2016-11-17,31.440000534057614,31.479999542236328,31.020000457763672,31.28000068664551,31.020496368408203,1100100.0,TRU
2016-11-17,12.5,13.06999969482422,12.479999542236328,12.630000114440918,12.630000114440918,1213900.0,TRUE
2016-11-17,16.530000686645508,16.799999237060547,16.479999542236328,16.75,16.75,78700.0,TRUP
2016-11-17,110.97000122070312,111.4800033569336,110.4000015258789,111.18000030517578,102.51016998291016,1505600.0,TRV
2016-11-17,150.0,150.0,150.0,150.0,150.0,0.0,TRVI
2016-11-17,6.25,6.46999979019165,6.210000038146973,6.320000171661378,6.320000171661378,357400.0,TRVN
2016-11-17,0.550000011920929,0.5600000023841858,0.5099999904632568,0.5199999809265137,0.5199999809265137,282400.0,TRX
2016-11-17,21.450000762939453,21.84000015258789,20.799999237060547,21.450000762939453,21.450000762939453,26700.0,TRXC
2016-11-17,31.03000068664551,31.440000534057614,30.79999923706055,31.040000915527344,28.34972953796387,1952300.0,TS
2016-11-17,17.5,18.989999771118164,17.450000762939453,18.81999969482422,17.718841552734375,31200.0,TSBK
2016-11-17,19.049999237060547,19.100000381469727,18.75,18.899999618530273,18.899999618530273,160400.0,TSC
2016-11-17,71.9000015258789,73.19000244140625,71.54000091552734,73.16000366210938,69.60137939453125,1531000.0,TSCO
2016-11-17,55.20000076293945,56.29999923706055,54.25,55.20000076293945,50.49272155761719,715400.0,TSE
2016-11-17,17.399999618530273,18.450000762939453,17.350000381469727,18.15999984741211,18.15999984741211,1588600.0,TSEM
2016-11-17,14.75,15.399999618530273,14.75,15.399999618530273,15.399999618530273,467200.0,TSG
2016-11-17,5.230000019073486,5.269999980926514,5.210000038146973,5.21999979019165,4.138751983642578,59000.0,TSI
2016-11-17,183.4900054931641,189.4900054931641,182.1100006103516,188.66000366210938,188.66000366210938,4887100.0,TSLA
2016-11-17,16.809999465942386,16.829999923706055,16.559999465942386,16.799999237060547,13.115874290466307,31500.0,TSLF
2016-11-17,18.5,18.549999237060547,18.40999984741211,18.43000030517578,13.217961311340332,133600.0,TSLX
2016-11-17,30.0,30.020000457763672,29.35000038146973,29.46999931335449,26.041362762451172,7065100.0,TSM
2016-11-17,68.56999969482422,68.56999969482422,64.37000274658203,66.69999694824219,62.1797866821289,6172100.0,TSN
2016-11-17,8.869999885559082,9.050000190734863,8.869999885559082,8.979999542236328,8.040562629699707,101100.0,TSQ
2016-11-17,5.75,6.0,5.300000190734863,5.6500000953674325,5.032513618469238,3000.0,TSRI
2016-11-17,12.34000015258789,12.399999618530273,12.09000015258789,12.140000343322756,11.402329444885256,1174700.0,TSU
2016-11-17,0.1679999977350235,0.1679999977350235,0.1679999977350235,0.1679999977350235,0.16642574965953827,0.0,TT
2016-11-17,52.61000061035156,53.06000137329102,52.31999969482422,53.06000137329102,50.731040954589844,454200.0,TTC
2016-11-17,25.56999969482422,26.459999084472656,25.40999984741211,25.93000030517578,25.93000030517578,608000.0,TTD
2016-11-17,26.5,27.04999923706055,26.04999923706055,27.0,25.499698638916016,159500.0,TTEC
2016-11-17,41.900001525878906,42.29999923706055,41.349998474121094,41.54999923706055,40.38450622558594,340500.0,TTEK
2016-11-17,8.449999809265138,8.489999771118164,8.310000419616701,8.350000381469728,8.350000381469728,92700.0,TTGT
2016-11-17,5.389999866485597,5.550000190734863,5.269999980926514,5.300000190734863,5.051090717315674,810800.0,TTI
2016-11-17,34.810001373291016,34.81999969482422,34.009998321533196,34.220001220703125,34.220001220703125,1971600.0,TTM
2016-11-17,11.770000457763672,13.210000038146973,11.760000228881836,13.1899995803833,13.1899995803833,20793200.0,TTMI
2016-11-17,27.899999618530273,27.899999618530273,26.70000076293945,27.0,27.0,14300.0,TTNP
2016-11-17,6.769999980926514,6.8499999046325675,6.489999771118164,6.610000133514403,6.610000133514403,45000.0,TTOO
2016-11-17,21.21999931335449,21.59000015258789,21.170000076293945,21.350000381469727,15.460501670837402,41500.0,TTP
2016-11-17,80.0,80.5999984741211,77.19999694824219,79.80000305175781,79.80000305175781,9500.0,TTPH
2016-11-17,46.70000076293945,48.7400016784668,46.70000076293945,48.63000106811523,48.63000106811523,7124700.0,TTWO
2016-11-17,15.515000343322756,15.664999961853027,15.505000114440918,15.5600004196167,13.034991264343262,396400.0,TU
2016-11-17,5.400000095367432,5.400000095367432,5.099999904632568,5.199999809265137,5.199999809265137,253900.0,TUES
2016-11-17,58.36000061035156,59.38000106811523,58.099998474121094,59.18000030517578,50.10811233520508,548900.0,TUP
2016-11-17,1.2200000286102295,1.2599999904632568,1.2100000381469729,1.2300000190734863,1.2300000190734863,108000.0,TURN
2016-11-17,14.359999656677244,14.81999969482422,14.359999656677244,14.649999618530273,14.327507019042967,170300.0,TUSK
2016-11-17,22.75,22.899999618530273,22.13999938964844,22.190000534057614,21.78008270263672,2665900.0,TV
2016-11-17,25.270000457763672,25.459999084472656,25.10000038146973,25.190000534057614,22.48729133605957,4200.0,TVC
2016-11-17,25.040000915527344,25.040000915527344,24.809999465942386,24.8700008392334,22.675739288330078,9500.0,TVE
2016-11-17,13440.0,13540.0,12690.0,12710.0,12710.0,7900.0,TVIX
2016-11-17,22.95000076293945,23.20000076293945,22.100000381469727,22.200000762939453,22.200000762939453,511700.0,TVTY
2016-11-17,11.550000190734865,11.670000076293945,11.460000038146973,11.510000228881836,11.363323211669922,306400.0,TWI
2016-11-17,12.579999923706055,13.289999961853027,12.579999923706055,13.229999542236328,13.229999542236328,9200.0,TWIN
2016-11-17,37.41999816894531,37.43999862670898,34.75,35.209999084472656,35.209999084472656,5879600.0,TWLO
2016-11-17,74.0,74.0,69.0,71.0,71.0,3700.0,TWMC
2016-11-17,15.81999969482422,15.949999809265135,15.81999969482422,15.880000114440918,12.76525592803955,5900.0,TWN
2016-11-17,12.399999618530273,12.800000190734865,12.3100004196167,12.770000457763672,12.770000457763672,483800.0,TWNK
2016-11-17,1.7400000095367432,1.8200000524520876,1.6699999570846558,1.8200000524520876,1.8200000524520876,497900.0,TWNKW
2016-11-17,13.480753898620605,13.546273231506348,13.431612968444824,13.497133255004885,9.589789390563963,1334200.0,TWO
2016-11-17,35.139999389648445,36.18999862670898,35.139999389648445,35.900001525878906,35.900001525878906,394200.0,TWOU
2016-11-17,18.700000762939453,18.959999084472656,18.530000686645508,18.549999237060547,18.549999237060547,16255700.0,TWTR
2016-11-17,22.56999969482422,22.56999969482422,21.6200008392334,21.88999938964844,19.471355438232425,442600.0,TX
2016-11-17,20.0,20.84000015258789,19.649999618530273,19.90999984741211,19.90999984741211,533123.0,TXG
2016-11-17,6.6500000953674325,6.96999979019165,6.6500000953674325,6.9099998474121085,6.9099998474121085,1769500.0,TXMD
2016-11-17,71.16999816894531,72.27999877929688,70.62999725341797,72.08000183105469,66.17727661132811,3773800.0,TXN
2016-11-17,45.6500015258789,46.02000045776367,44.97000122070313,45.459999084472656,42.37033081054688,1239100.0,TXRH
2016-11-17,44.7400016784668,44.900001525878906,44.52000045776367,44.56999969482422,44.30485916137695,945000.0,TXT
2016-11-17,21.290000915527344,21.440000534057614,21.280000686645508,21.350000381469727,18.080791473388672,109100.0,TY
2016-11-17,31.86000061035156,32.060001373291016,31.26000022888184,31.78000068664551,22.46166229248047,155900.0,TYG
2016-11-17,4.949999809265137,6.329999923706055,4.949999809265137,5.599999904632568,5.599999904632568,290800.0,TYHT
2016-11-17,152.67999267578125,155.1199951171875,152.22000122070312,155.02000427246094,155.02000427246094,287000.0,TYL
2016-11-17,3.650000095367432,3.75,3.650000095367432,3.75,3.75,3200.0,TYME
2016-11-17,10.25,10.899999618530273,10.0,10.75,10.75,47100.0,TZOO
2016-11-17,25.479999542236328,25.489999771118164,24.82999992370605,25.270000457763672,25.270000457763672,803400.0,UA
2016-11-17,32.310001373291016,32.509998321533196,31.920000076293945,32.310001373291016,32.310001373291016,3336300.0,UAA
2016-11-17,20.270000457763672,20.270000457763672,20.200000762939453,20.26000022888184,20.26000022888184,500.0,UAG
2016-11-17,65.62000274658203,68.01999664306639,65.51000213623047,67.86000061035156,67.86000061035156,4909400.0,UAL
2016-11-17,0.2800000011920929,0.3100000023841858,0.25999999046325684,0.2800000011920929,0.2800000011920929,118800.0,UAMY
2016-11-17,4.670000076293945,4.78000020980835,4.510000228881836,4.579999923706055,4.097492218017578,274700.0,UAN
2016-11-17,7.0,9.0,6.75,8.0,8.0,30900.0,UAVS
2016-11-17,22.1200008392334,22.36000061035156,21.899999618530273,22.1299991607666,18.34944725036621,122700.0,UBA
2016-11-17,10.800000190734863,11.010000228881836,10.800000190734863,11.010000228881836,9.41664218902588,3400.0,UBCP
2016-11-17,6.386138439178468,6.386138439178468,6.3366336822509775,6.386138439178468,5.764069080352782,8300.0,UBFO
2016-11-17,31.35000038146973,31.53000068664551,31.35000038146973,31.53000068664551,31.53000068664551,600.0,UBG
2016-11-17,19.46999931335449,20.1299991607666,19.46999931335449,19.950000762939453,18.418216705322266,4200.0,UBOH
2016-11-17,17.969999313354492,18.059999465942386,17.969999313354492,18.059999465942386,14.776716232299805,2000.0,UBP
2016-11-17,15.970000267028807,16.049999237060547,15.925000190734865,15.989999771118164,13.490229606628418,1802300.0,UBS
2016-11-17,44.349998474121094,44.93000030517578,43.54999923706055,44.70000076293945,39.19743347167969,583800.0,UBSI
2016-11-17,16.0,16.0,16.0,16.0,16.0,0.0,UBX
2016-11-17,26.059999465942386,26.34000015258789,25.84000015258789,26.270000457763672,24.462543487548828,477600.0,UCBI
2016-11-17,13.5600004196167,13.5600004196167,13.449999809265135,13.479999542236328,13.479999542236328,28700.0,UCI
2016-11-17,13.5,13.5,13.5,13.5,13.5,0.0,UCIB
2016-11-17,9.739999771118164,10.0,9.529999732971193,9.869999885559082,9.869999885559082,474600.0,UCTT
2016-11-17,33.759998321533196,34.22999954223633,33.27000045776367,33.34000015258789,30.03751564025879,1974800.0,UDR
2016-11-17,26.53000068664551,26.770000457763672,26.149999618530273,26.18000030517578,22.570268630981445,372200.0,UE
2016-11-17,0.9100000262260436,0.959999978542328,0.8999999761581421,0.9200000166893004,0.9200000166893004,461900.0,UEC
2016-11-17,69.09999847412111,69.84999847412111,68.19999694824219,69.80000305175781,69.80000305175781,67000.0,UEIC
2016-11-17,10.770000457763672,10.869999885559082,10.710000038146973,10.760000228881836,10.760000228881836,86900.0,UEPS
2016-11-17,14.890000343322756,14.890000343322756,14.44499969482422,14.789999961853027,12.501313209533693,3700.0,UFAB
2016-11-17,44.43000030517578,45.61999893188477,44.43000030517578,45.02000045776367,39.09255599975586,83900.0,UFCS
2016-11-17,29.739999771118164,30.18000030517578,29.739999771118164,30.01000022888184,30.01000022888184,59600.0,UFI
2016-11-17,32.42333221435547,32.860000610351555,32.27000045776367,32.61333465576172,31.403722763061523,443700.0,UFPI
2016-11-17,25.899999618530273,25.899999618530273,25.45000076293945,25.70000076293945,25.70000076293945,19200.0,UFPT
2016-11-17,37.849998474121094,38.5099983215332,37.790000915527344,38.31999969482422,32.448272705078125,388900.0,UFS
2016-11-17,15.210000038146973,16.319999694824222,15.199999809265135,16.0,13.301085472106935,4000.0,UG
2016-11-17,2271.0,2369.0,2221.0,2255.0,2255.0,62000.0,UGAZ
2016-11-17,44.18999862670898,44.59000015258789,43.959999084472656,44.02000045776367,40.57394027709961,472800.0,UGI
2016-11-17,102.3000030517578,103.1999969482422,98.5999984741211,100.4000015258789,100.4000015258789,60600.0,UGLD
2016-11-17,9.84000015258789,9.9399995803833,9.6899995803833,9.875,8.471318244934082,1759800.0,UGP
2016-11-17,340.0299987792969,346.07000732421875,339.5299987792969,343.9200134277344,338.2943420410156,56500.0,UHAL
2016-11-17,120.33000183105469,124.12999725341795,120.01000213623048,123.88999938964844,122.2285614013672,772900.0,UHS
2016-11-17,54.959999084472656,55.95000076293945,54.83000183105469,55.16999816894531,48.6583251953125,49700.0,UHT
2016-11-17,56.72999954223633,56.79999923706055,55.72999954223633,56.02999877929688,55.18085098266602,273900.0,UI
2016-11-17,13.699999809265135,13.90999984741211,13.420000076293945,13.550000190734865,12.821518898010256,138300.0,UIHC
2016-11-17,13.100000381469727,13.93000030517578,13.100000381469727,13.850000381469727,13.850000381469727,1962600.0,UIS
2016-11-17,38.93999862670898,39.15999984741211,38.91999816894531,39.11000061035156,35.2929801940918,1965800.0,UL
2016-11-17,4.650000095367432,4.849999904632568,4.550000190734863,4.599999904632568,4.599999904632568,56600.0,ULBI
2016-11-17,13.850000381469727,13.850000381469727,13.600000381469727,13.75,12.82810878753662,24200.0,ULH
2016-11-17,247.77999877929688,251.30999755859372,246.1199951171875,251.1300048828125,251.1300048828125,895800.0,ULTA
2016-11-17,72.31999969482422,73.4800033569336,72.31999969482422,73.41999816894531,69.28518676757811,187200.0,UMBF
2016-11-17,1.8200000524520876,1.8200000524520876,1.7899999618530271,1.7999999523162842,1.5981791019439695,290700.0,UMC
2016-11-17,13.050000190734865,13.09000015258789,12.859999656677244,12.880000114440918,10.93483829498291,66400.0,UMH
2016-11-17,17.899999618530273,17.93000030517578,17.6299991607666,17.65999984741211,14.985159873962402,2610300.0,UMPQ
2016-11-17,39.11999893188477,39.29999923706055,39.06999969482422,39.18999862670898,35.365623474121094,1983900.0,UN
2016-11-17,10.5,10.5,10.5,10.5,10.5,0.0,UNAM
2016-11-17,39.099998474121094,42.0,39.099998474121094,41.150001525878906,37.54257583618164,5800.0,UNB
2016-11-17,139.64999389648438,141.14999389648438,138.85000610351562,139.35000610351562,138.17045593261722,140600.0,UNF
2016-11-17,48.58000183105469,48.7599983215332,48.11999893188477,48.40999984741211,48.40999984741211,428000.0,UNFI
2016-11-17,151.82000732421875,151.9199981689453,150.19000244140625,150.77000427246094,142.92127990722656,4683000.0,UNH
2016-11-17,23.85000038146973,24.29999923706055,23.75,23.96999931335449,16.489387512207028,1213300.0,UNIT
2016-11-17,41.599998474121094,42.61000061035156,41.47999954223633,42.540000915527344,39.08184051513672,1870100.0,UNM
2016-11-17,97.72000122070312,98.94000244140624,97.4800033569336,98.80999755859376,91.44998168945312,4379500.0,UNP
2016-11-17,19.950000762939453,21.170000076293945,19.82999992370605,20.21999931335449,20.21999931335449,707400.0,UNT
2016-11-17,13.449999809265135,13.699999809265135,13.449999809265135,13.699999809265135,13.060474395751953,3200.0,UNTY
2016-11-17,24.520000457763672,24.65999984741211,24.170000076293945,24.38999938964844,24.38999938964844,355500.0,UNVR
2016-11-17,2.75,2.75,2.75,2.75,2.75,900.0,UONE
2016-11-17,2.900000095367432,2.900000095367432,2.5999999046325684,2.700000047683716,2.700000047683716,139400.0,UONEK
2016-11-17,8.75,8.899999618530273,8.744999885559082,8.899999618530273,8.899999618530273,37300.0,UPLD
2016-11-17,112.91999816894531,113.55999755859376,112.51000213623048,113.48999786376952,101.9918975830078,1621400.0,UPS
2016-11-17,38.34000015258789,39.08000183105469,38.06999969482422,38.83000183105469,38.83000183105469,3436300.0,URBN
2016-11-17,0.4399999976158142,0.44999998807907104,0.41999998688697815,0.4399999976158142,0.4399999976158142,639700.0,URG
2016-11-17,92.0,92.87999725341795,91.51000213623048,92.2300033569336,92.2300033569336,1181100.0,URI
2016-11-17,16.100000381469727,16.100000381469727,16.100000381469727,16.100000381469727,16.100000381469727,0.0,URR
2016-11-17,5.019999980926514,5.039999961853027,4.989999771118164,5.010000228881836,3.592487573623657,622900.0,USA
2016-11-17,18.26000022888184,18.86000061035156,18.06999969482422,18.15999984741211,12.196585655212402,64800.0,USAC
2016-11-17,8.960000038146973,9.850000381469727,8.710000038146973,9.510000228881836,9.510000228881836,79100.0,USAK
2016-11-17,11.369999885559082,11.760000228881836,11.020000457763672,11.579999923706055,11.579999923706055,13600.0,USAP
2016-11-17,2.400000095367432,2.400000095367432,2.1600000858306885,2.1600000858306885,2.1600000858306885,28200.0,USAS
2016-11-17,3.5999999046325684,3.839999914169312,3.2799999713897705,3.6800000667572017,3.6800000667572017,12100.0,USAU
2016-11-17,48.099998474121094,48.77000045776367,47.97999954223633,48.68000030517578,44.23617172241211,9369800.0,USB
2016-11-17,56.29999923706055,57.099998474121094,55.70000076293945,56.95000076293945,56.95000076293945,341600.0,USCR
2016-11-17,13.5,13.899999618530273,13.350000381469727,13.399999618530273,8.920662879943848,31900.0,USDP
2016-11-17,14.0,14.199999809265135,13.0,13.600000381469727,13.600000381469727,1800.0,USEG
2016-11-17,23.989999771118164,24.040000915527344,23.56999969482422,23.60000038146973,23.60000038146973,931600.0,USFD
2016-11-17,1.7999999523162842,2.039999961853028,1.7999999523162842,1.8600000143051147,1.8600000143051147,136400.0,USIO
2016-11-17,71.26000213623047,72.0,69.16000366210939,71.6500015258789,66.21311187744139,10500.0,USLM
2016-11-17,144.0,145.6999969482422,134.0,136.80000305175778,136.80000305175778,135800.0,USLV
2016-11-17,34.68000030517578,35.5099983215332,34.68000030517578,35.139999389648445,35.139999389648445,308300.0,USM
2016-11-17,62.474998474121094,62.974998474121094,62.20000076293945,62.5250015258789,62.5250015258789,96000.0,USNA
2016-11-17,62.25,63.0,61.9000015258789,62.25,60.11581802368164,57900.0,USPH
2016-11-17,22.450000762939453,22.450000762939453,21.90999984741211,21.90999984741211,21.90999984741211,500.0,USV
2016-11-17,19.63999938964844,19.799999237060547,19.600000381469727,19.76000022888184,14.748737335205078,200800.0,UTF
2016-11-17,28.959999084472656,29.45000076293945,28.790000915527344,29.29999923706055,23.08296012878418,108800.0,UTG
2016-11-17,133.05000305175778,133.99000549316406,132.16000366210938,133.50999450683594,133.50999450683594,441300.0,UTHR
2016-11-17,2.359999895095825,2.380000114440918,2.309999942779541,2.359999895095825,2.359999895095825,70000.0,UTI
2016-11-17,42.099998474121094,42.68000030517578,42.0,42.5099983215332,38.740570068359375,33500.0,UTL
2016-11-17,66.0,66.80000305175781,65.5,66.05000305175781,63.0993537902832,6100.0,UTMD
2016-11-17,2.0199999809265137,2.0799999237060547,2.009999990463257,2.049999952316284,2.049999952316284,57300.0,UTSI
2016-11-17,107.02999877929688,107.44000244140624,106.61000061035156,106.6999969482422,99.21859741210938,2226500.0,UTX#
2016-11-17,107.02999877929688,107.44000244140624,106.61000061035156,106.6999969482422,99.21859741210938,2226500.0,UTX
2016-11-17,3.150000095367432,3.2000000476837163,3.150000095367432,3.2000000476837163,3.2000000476837163,2400.0,UUU
2016-11-17,1.3600000143051147,1.4299999475479126,1.3600000143051147,1.399999976158142,1.399999976158142,98300.0,UUUU
2016-11-17,22.85000038146973,23.8799991607666,22.85000038146973,23.70000076293945,22.00548553466797,331800.0,UVE
2016-11-17,27.25,27.899999618530273,26.149999618530273,27.29999923706055,24.55349349975586,161000.0,UVSP
2016-11-17,54.75,55.349998474121094,54.5,54.599998474121094,46.2703742980957,92500.0,UVV
2016-11-17,25.09000015258789,25.309999465942386,25.09000015258789,25.26000022888184,20.19586181640625,20300.0,UZA
2016-11-17,25.8799991607666,25.8799991607666,25.44300079345703,25.5,21.39727210998535,20300.0,UZB
2016-11-17,25.59000015258789,25.690000534057614,25.20000076293945,25.29999923706055,21.266128540039066,61900.0,UZC
2016-11-17,80.31999969482422,81.19999694824219,80.18000030517578,81.06999969482422,79.34256744384766,8081800.0,V
2016-11-17,75.41999816894531,76.44000244140625,74.72000122070312,76.08999633789062,71.92771911621094,176900.0,VAC
2016-11-17,34.560001373291016,35.2400016784668,33.279998779296875,33.59999847412109,33.03151321411133,1583700.0,VAL
2016-11-17,7.360000133514403,7.480000019073486,7.239999771118164,7.309999942779541,6.5311336517333975,26517200.0,VALE
2016-11-17,19.68000030517578,20.32999992370605,19.63999938964844,19.780000686645508,17.440692901611328,6600.0,VALU
2016-11-17,77.80733489990234,78.61408233642578,77.80733489990234,78.50009155273438,78.50009155273438,660200.0,VAR
2016-11-17,18.450000762939453,18.5,18.200000762939453,18.420000076293945,15.488137245178224,37800.0,VBF
2016-11-17,24.79999923706055,25.0,24.79999923706055,25.0,25.0,300.0,VBFC
2016-11-17,3.0299999713897705,3.2147998809814453,3.0100998878479004,3.1503000259399414,3.1503000259399414,41330.0,VBIV
2016-11-17,5.0,5.0,4.900000095367432,4.949999809265137,4.949999809265137,93800.0,VBLT
2016-11-17,20.1299991607666,20.25,19.8799991607666,20.25,19.739337921142575,13800.0,VBTX
2016-11-17,78.75,82.26000213623047,77.81999969482422,80.73999786376953,80.73999786376953,843400.0,VC
2016-11-17,2.450000047683716,2.5,2.380000114440918,2.400000095367432,2.400000095367432,273900.0,VCEL
2016-11-17,14.770000457763672,14.869999885559082,14.770000457763672,14.869999885559082,12.805167198181152,3200.0,VCF
2016-11-17,16.40999984741211,17.170000076293945,16.34000015258789,17.149999618530273,17.149999618530273,785200.0,VCRA
2016-11-17,12.300000190734865,12.300000190734865,12.100000381469727,12.100000381469727,10.271344184875488,247300.0,VCV
2016-11-17,7.380000114440918,7.639999866485597,6.699999809265138,7.429999828338622,7.429999828338622,172400.0,VCYT
2016-11-17,21.549999237060547,22.09000015258789,21.549999237060547,21.61000061035156,21.61000061035156,115400.0,VEC
2016-11-17,25.35000038146973,25.70000076293945,25.20000076293945,25.54999923706055,25.54999923706055,162000.0,VECO
2016-11-17,12.619999885559082,12.739999771118164,12.510000228881836,12.539999961853027,9.641450881958008,200500.0,VEDL
2016-11-17,40.77000045776367,41.97999954223633,40.70000076293945,41.900001525878906,41.900001525878906,1050800.0,VEEV
2016-11-17,0.05000000074505806,0.059999998658895486,0.03999999910593033,0.059999998658895486,0.059999998658895486,1147442.0,VEL
2016-11-17,3.369999885559082,3.369999885559082,3.2699999809265137,3.289999961853028,2.501857042312622,2426800.0,VEON
2016-11-17,8.380000114440918,8.529999732971191,8.239999771118164,8.270000457763674,6.444246292114258,5933300.0,VER
2016-11-17,1.4550000429153442,1.5,1.4249999523162842,1.4249999523162842,1.4249999523162842,2800.0,VERB
2016-11-17,1.0,1.2400000095367432,1.0,1.190000057220459,1.190000057220459,914300.0,VERU
2016-11-17,40.56999969482422,40.849998474121094,39.40999984741211,39.54999923706055,27.0345516204834,83900.0,VET
2016-11-17,53.04143142700195,53.52165603637695,52.5894546508789,53.52165603637695,48.43603897094727,2659700.0,VFC
2016-11-17,525.0,525.0,525.0,525.0,525.0,0.0,VFF
2016-11-17,13.029999732971193,13.039999961853027,12.90999984741211,13.039999961853027,11.133479118347168,4800.0,VFL
2016-11-17,6.6500000953674325,6.739999771118164,6.579999923706055,6.5999999046325675,6.5999999046325675,1511800.0,VG
2016-11-17,14.699999809265135,14.829999923706055,14.649999618530273,14.710000038146973,9.963968276977539,52200.0,VGI
2016-11-17,12.670000076293945,12.739999771118164,12.619999885559082,12.710000038146973,10.606114387512207,258900.0,VGM
2016-11-17,18.149227142333984,18.304718017578125,18.140588760375977,18.20969581604004,12.52676486968994,615900.0,VGR
2016-11-17,0.8999999761581421,0.9300000071525574,0.8700000047683716,0.8799999952316284,0.8799999952316284,631900.0,VGZ
2016-11-17,3.25,3.400000095367432,3.2000000476837163,3.400000095367432,3.400000095367432,336000.0,VHC
2016-11-17,2.720000028610229,2.9100000858306885,2.6700000762939453,2.7300000190734863,2.4624593257904053,160700.0,VHI
2016-11-17,59.33000183105469,60.13999938964844,59.20000076293945,60.06999969482422,58.93262481689453,3630900.0,VIAC
2016-11-17,7.940000057220459,7.989999771118164,7.869999885559082,7.889999866485597,7.889999866485597,1668400.0,VIAV
2016-11-17,14.399999618530273,14.859999656677244,14.399999618530273,14.75,14.75,29600.0,VICR
2016-11-17,253.75,255.0,246.75,246.75,246.75,11300.0,VIIX
2016-11-17,13.770000457763672,14.0,13.600000381469727,13.789999961853027,13.789999961853027,7587000.0,VIPS
2016-11-17,4.550000190734863,4.550000190734863,4.349999904632568,4.400000095367432,4.325548171997069,11300.0,VIRC
2016-11-17,13.899999618530273,14.0,13.75,13.800000190734865,11.613208770751953,304300.0,VIRT
2016-11-17,35.0,36.0,30.0,33.0,33.0,16700.0,VISL
2016-11-17,13.220000267028807,13.260000228881836,12.770000457763672,12.779999732971193,10.17654514312744,1407300.0,VIV
2016-11-17,525.2999877929689,660.0,525.2999877929689,634.0,634.0,300.0,VIVE
2016-11-17,16.649999618530273,17.299999237060547,16.649999618530273,17.25,15.996834754943848,317700.0,VIVO
2016-11-17,3.7899999618530273,3.849999904632568,3.75,3.75,3.75,22500.0,VJET
2016-11-17,10.979999542236328,11.029999732971193,10.75,10.850000381469727,9.033105850219727,207700.0,VKI
2016-11-17,12.1899995803833,12.300000190734865,12.170000076293945,12.300000190734865,10.258856773376463,236400.0,VKQ
2016-11-17,1.1599999666213991,1.2000000476837158,1.1200000047683716,1.1699999570846558,1.1699999570846558,66600.0,VKTX
2016-11-17,34.259998321533196,35.47999954223633,34.259998321533196,35.02000045776367,30.621618270874023,103700.0,VLGEA
2016-11-17,64.19999694824219,64.77999877929689,63.849998474121094,64.66999816894531,56.48662948608398,5854900.0,VLO
2016-11-17,15.399999618530273,16.020000457763672,15.399999618530273,16.0,16.0,331600.0,VLRS
2016-11-17,13.56999969482422,13.68000030517578,13.56999969482422,13.619999885559082,10.542658805847168,14500.0,VLT
2016-11-17,11.100000381469727,11.25,11.09000015258789,11.170000076293944,9.707515716552734,1544100.0,VLY
2016-11-17,129.66000366210938,130.38999938964844,127.1999969482422,129.8800048828125,125.82707977294922,1685500.0,VMC
2016-11-17,31000.0,31000.0,30700.0,30700.0,30700.0,230.0,VMD
2016-11-17,142.0,143.75,140.60000610351562,143.60000610351562,138.01507568359378,233200.0,VMI
2016-11-17,13.4399995803833,13.460000038146973,13.199999809265135,13.300000190734865,11.762982368469238,17100.0,VMM
2016-11-17,12.609999656677244,12.670000076293945,12.479999542236328,12.529999732971193,10.456424713134766,302700.0,VMO
2016-11-17,78.58999633789062,79.97000122070312,78.41999816894531,79.97000122070312,66.43296813964844,1854600.0,VMW
2016-11-17,44.0,44.5,42.0,44.5,44.5,122600.0,VNCE
2016-11-17,16.649999618530273,17.100000381469727,16.5,17.049999237060547,17.049999237060547,490400.0,VNDA
2016-11-17,6009.08984375,6081.81982421875,5790.91015625,5863.64013671875,5863.64013671875,119284.0,VNE
2016-11-17,7.53000020980835,7.579999923706055,7.4000000953674325,7.510000228881836,7.510000228881836,560800.0,VNET
2016-11-17,76.82295989990234,77.87388610839844,76.57234954833984,77.17865753173828,66.52827453613281,1424200.0,VNO
2016-11-17,15.369999885559082,15.720000267028807,15.25,15.539999961853027,12.511473655700685,71100.0,VNOM
2016-11-17,4.0900001525878915,4.139999866485597,4.0,4.099999904632568,4.099999904632568,21900.0,VNRX
2016-11-17,2.990000009536743,2.990000009536743,2.8299999237060547,2.8299999237060547,1.9198558330535889,35100.0,VOC
2016-11-17,25.96999931335449,26.10000038146973,25.920000076293945,26.04999923706055,20.71898078918457,7239600.0,VOD
2016-11-17,6.3499999046325675,6.449999809265138,6.300000190734862,6.449999809265138,6.449999809265138,6400.0,VOLT
2016-11-17,5.0,5.449999809265137,4.929999828338623,5.349999904632568,5.349999904632568,293000.0,VOXX
2016-11-17,36.90999984741211,37.59000015258789,36.54999923706055,37.33000183105469,36.93090057373047,1200600.0,VOYA
2016-11-17,18.149999618530273,18.700000762939453,17.829999923706055,18.600000381469727,18.600000381469727,38200.0,VPG
2016-11-17,12.229999542236328,12.260000228881836,12.029999732971193,12.09000015258789,10.14729118347168,73600.0,VPV
2016-11-17,134.39999389648438,134.71000671386722,134.22999572753906,134.32000732421878,134.32000732421878,4300.0,VQT
2016-11-17,15.329999923706055,15.550000190734865,15.210000038146973,15.399999618530273,15.399999618530273,136400.0,VRA
2016-11-17,3.3399999141693115,3.670000076293945,3.1600000858306885,3.2999999523162837,3.2999999523162837,174700.0,VRAY
2016-11-17,1.2000000476837158,1.2400000095367432,1.1599999666213991,1.1799999475479126,1.1799999475479126,57600.0,VRML
2016-11-17,30.70000076293945,31.04999923706055,30.5,30.79999923706055,30.79999923706055,331700.0,VRNS
2016-11-17,37.599998474121094,38.0,37.04999923706055,37.20000076293945,37.20000076293945,394700.0,VRNT
2016-11-17,5.440000057220459,5.5900001525878915,5.360000133514403,5.360000133514403,5.360000133514403,212900.0,VRS
2016-11-17,82.5,83.02999877929688,82.44000244140625,83.0,82.27635955810547,1276900.0,VRSK
2016-11-17,79.8499984741211,81.08000183105469,79.5999984741211,80.97000122070312,80.97000122070312,559300.0,VRSN
2016-11-17,0.3199999928474426,0.3799999952316284,0.3050000071525574,0.3449999988079071,0.3449999988079071,1048541.0,VRT
2016-11-17,112.0,114.8000030517578,110.91999816894531,113.9499969482422,107.37786865234376,84800.0,VRTS
2016-11-17,19.75,19.93000030517578,19.65999984741211,19.81999969482422,19.81999969482422,594900.0,VRTU
2016-11-17,48.54999923706055,49.75,47.849998474121094,49.5,49.5,165200.0,VRTV
2016-11-17,90.66999816894531,92.4000015258789,90.01000213623047,91.1999969482422,91.1999969482422,1320100.0,VRTX
2016-11-17,71.52999877929688,71.68000030517578,67.80999755859375,69.73999786376953,69.73999786376953,1778100.0,VSAT
2016-11-17,37.79999923706055,38.0,37.0,37.66999816894531,36.68431854248047,14800.0,VSEC
2016-11-17,15.25,15.550000190734865,15.100000381469727,15.25,14.305868148803713,995300.0,VSH
2016-11-17,2.8499999046325684,2.8499999046325684,2.75,2.75,2.75,233800.0,VSLR
2016-11-17,14.100000381469727,14.100000381469727,14.0,14.050000190734865,11.70664882659912,60400.0,VST
2016-11-17,1.25,1.25,1.2100000381469729,1.2300000190734863,1.2300000190734863,89200.0,VSTM
2016-11-17,38.52000045776367,39.61999893188477,38.38000106811523,39.599998474121094,39.599998474121094,766400.0,VSTO
2016-11-17,11.630000114440918,11.729999542236328,11.609999656677244,11.710000038146973,9.113786697387695,239800.0,VTA
2016-11-17,3.910000085830689,3.910000085830689,3.7000000476837163,3.7999999523162837,3.7999999523162837,43300.0,VTGN
2016-11-17,13.470000267028807,13.470000267028807,13.300000190734865,13.3100004196167,11.280945777893065,52300.0,VTN
2016-11-17,1.0499999523162842,1.0700000524520874,1.0,1.0399999618530271,1.0399999618530271,47800.0,VTNR
2016-11-17,60.65999984741211,61.099998474121094,59.20000076293945,59.56999969482422,49.01419067382813,1967600.0,VTR
2016-11-17,5.599999904632568,6.28000020980835,5.599999904632568,6.0,6.0,1800.0,VTSI
2016-11-17,5.880000114440918,5.920000076293945,5.559999942779541,5.730000019073486,5.730000019073486,24000.0,VTVT
2016-11-17,7.0,7.6500000953674325,6.5999999046325675,6.75,6.75,1194600.0,VUZI
2016-11-17,43.79999923706055,44.099998474121094,43.45000076293945,43.650001525878906,42.47391128540039,111900.0,VVI
2016-11-17,10.289999961853027,10.289999961853027,10.100000381469727,10.25,10.25,4800.0,VVPR
2016-11-17,4.4099998474121085,4.429999828338623,4.380000114440918,4.380000114440918,3.5577878952026367,444000.0,VVR
2016-11-17,11.199999809265137,11.899999618530273,11.100000381469727,11.699999809265135,11.699999809265135,84200.0,VVUS
2016-11-17,20.309999465942386,21.25,20.299999237060547,20.93000030517578,19.75874900817871,957700.0,VVV
2016-11-17,15.619999885559082,16.389999389648438,14.739999771118164,14.850000381469727,14.850000381469727,2600.0,VXRT
2016-11-17,35.63999938964844,35.81999969482422,35.380001068115234,35.380001068115234,35.380001068115234,237100.0,VXZ
2016-11-17,14.0,14.899999618530273,12.220000267028807,14.710000038146973,14.710000038146973,46800.0,VYGR
2016-11-17,47.95000076293945,48.16999816894531,47.81000137329102,47.84000015258789,41.35907745361328,12436300.0,VZ
2016-11-17,36.41999816894531,36.790000915527344,35.349998474121094,35.5099983215332,35.5099983215332,1019100.0,W
2016-11-17,86.8499984741211,87.19999694824219,86.0999984741211,86.19999694824219,84.44390106201172,526900.0,WAB
2016-11-17,59.68000030517578,60.849998474121094,59.68000030517578,60.25,55.21154022216797,141100.0,WABC
2016-11-17,30.60000038146973,30.95000076293945,30.60000038146973,30.79999923706055,28.49020195007324,654300.0,WAFD
2016-11-17,43.9900016784668,44.36999893188477,43.810001373291016,43.9900016784668,43.33152389526367,910500.0,WAL
2016-11-17,24.649999618530273,24.649999618530273,24.229999542236328,24.51000022888184,20.09974670410156,26300.0,WALA
2016-11-17,52.70000076293945,54.75,51.68000030517578,52.45000076293945,46.44963455200195,48100.0,WASH
2016-11-17,140.25,141.50999450683594,137.22000122070312,138.85000610351562,138.85000610351562,1004300.0,WAT
2016-11-17,14.470000267028807,15.0,14.260000228881836,14.289999961853027,14.289999961853027,503500.0,WATT
2016-11-17,44.77999877929688,45.540000915527344,44.2400016784668,44.7599983215332,44.7599983215332,1527700.0,WB
2016-11-17,83.06999969482422,84.0999984741211,82.25,83.98999786376953,77.29257202148438,3808700.0,WBA
2016-11-17,13.130000114440918,13.65999984741211,13.130000114440918,13.520000457763672,13.520000457763672,236700.0,WBAI
2016-11-17,102.75,103.2300033569336,101.30999755859376,101.3499984741211,101.3499984741211,463800.0,WBC
2016-11-17,23.059999465942386,23.21999931335449,22.95000076293945,23.040000915527344,19.05622100830078,157800.0,WBK
2016-11-17,46.20000076293945,47.31999969482422,45.97999954223633,46.97999954223633,43.41383743286133,1173100.0,WBS
2016-11-17,17.899999618530273,18.0,17.790000915527344,17.850000381469727,17.850000381469727,849500.0,WBT
2016-11-17,64.25,64.44999694824219,63.599998474121094,64.05000305175781,64.05000305175781,696200.0,WCC
2016-11-17,49.88666534423828,50.09333419799805,49.65999984741211,49.91999816894531,48.51075744628906,876900.0,WCN
2016-11-17,28.76000022888184,29.20000076293945,28.479999542236328,28.6200008392334,27.35783386230469,277500.0,WD
2016-11-17,80.91999816894531,83.38999938964844,80.83000183105469,83.13999938964844,83.13999938964844,928900.0,WDAY
2016-11-17,59.709999084472656,60.25,57.61999893188477,58.79999923706055,52.992530822753906,6616000.0,WDC
2016-11-17,107.5,108.4000015258789,107.5,108.0,102.64743041992188,112300.0,WDFC
2016-11-17,19.1299991607666,19.18000030517578,18.75,18.8799991607666,15.125988006591795,1111100.0,WDR
2016-11-17,12.550000190734865,12.579999923706055,12.520000457763672,12.520000457763672,10.190858840942383,29700.0,WEA
2016-11-17,24.489999771118164,24.5,24.149999618530273,24.239999771118164,23.65964317321777,3700.0,WEBK
2016-11-17,54.9000015258789,55.52999877929688,54.9000015258789,55.52999877929688,50.12143325805664,1487200.0,WEC
2016-11-17,0.004999999888241291,0.004999999888241291,0.004999999888241291,0.004999999888241291,0.004999999888241291,0.0,WEI
2016-11-17,63.040000915527344,63.47000122070313,61.66999816894531,61.97999954223633,52.73631286621094,2037900.0,WELL
2016-11-17,12.100000381469727,12.3100004196167,12.0600004196167,12.199999809265135,11.361827850341795,6142700.0,WEN
2016-11-17,26.79999923706055,27.10000038146973,26.6299991607666,26.899999618530273,23.20579719543457,757000.0,WERN
2016-11-17,43.7400016784668,44.54999923706055,42.52999877929688,42.88000106811523,33.90633773803711,156700.0,WES
2016-11-17,9.399999618530273,9.550000190734863,9.289999961853027,9.510000228881836,8.838458061218262,1924000.0,WETF
2016-11-17,105.13999938964844,106.56999969482422,104.36000061035156,106.48999786376952,106.48999786376952,353400.0,WEX
2016-11-17,28.56999969482422,29.28000068664551,28.0,28.18000030517578,25.086183547973636,33700.0,WEYS
2016-11-17,30.95000076293945,31.03000068664551,30.770000457763672,31.0,28.94375228881836,1600.0,WF
2016-11-17,51.38999938964844,52.9000015258789,50.959999084472656,52.4900016784668,47.17610168457031,29205900.0,WFC
2016-11-17,31.35000038146973,32.25,31.35000038146973,32.150001525878906,30.97187614440918,217100.0,WGO
2016-11-17,11.470000267028807,11.479999542236328,11.25,11.359999656677244,7.484097957611084,22400.0,WHF
2016-11-17,59.34000015258789,60.75,58.68000030517578,60.25,48.40583038330078,33700.0,WHG
2016-11-17,9.960000038146973,10.0,8.079999923706055,8.210000038146973,8.210000038146973,1800.0,WHLM
2016-11-17,13.4399995803833,13.520000457763672,13.199999809265135,13.279999732971193,8.335475921630861,10400.0,WHLR
2016-11-17,21.059999465942386,21.729999542236328,21.059999465942386,21.200000762939453,16.874031066894528,1700.0,WHLRP
2016-11-17,162.61000061035156,164.49000549316406,161.5500030517578,163.27000427246094,147.61314392089844,876100.0,WHR
2016-11-17,11.390000343322756,11.390000343322756,11.34000015258789,11.369999885559082,10.069482803344727,47300.0,WIA
2016-11-17,11.699999809265135,11.850000381469727,11.68000030517578,11.699999809265135,11.699999809265135,200600.0,WIFI
2016-11-17,56.58399963378906,56.58399963378906,56.58399963378906,56.58399963378906,56.58399963378906,0.0,WIL
2016-11-17,5.559999942779541,5.6599998474121085,5.559999942779541,5.6500000953674325,5.299310684204102,2500.0,WILC
2016-11-17,112.5500030517578,114.5,110.0999984741211,113.5999984741211,112.03588104248048,8000.0,WINA
2016-11-17,29.76000022888184,30.559999465942386,29.76000022888184,29.940000534057614,26.17192459106445,246000.0,WING
2016-11-17,145.0,168.0,118.5999984741211,142.27999877929688,142.27999877929688,7700.0,WINS
2016-11-17,41.25,41.70000076293945,40.95000076293945,41.099998474121094,40.8869743347168,76200.0,WIRE
2016-11-17,4.670000076293945,4.670000076293945,4.614999771118164,4.639999866485597,4.569075584411621,1073400.0,WIT
2016-11-17,11.079999923706056,11.09000015258789,11.020000457763672,11.0600004196167,9.714310646057127,151700.0,WIW
2016-11-17,47.54999923706055,49.70000076293945,47.4000015258789,48.6500015258789,48.6500015258789,383800.0,WIX
2016-11-17,15.0,15.25,14.949999809265135,15.050000190734865,15.050000190734865,175200.0,WK
2016-11-17,7.420000076293945,7.610000133514403,7.260000228881836,7.360000133514403,7.360000133514403,75500.0,WKHS
2016-11-17,20.200000762939453,20.799999237060547,19.959999084472656,20.65999984741211,20.65999984741211,221500.0,WLDN
2016-11-17,26.690000534057614,26.899999618530273,25.88999938964844,26.79999923706055,26.79999923706055,13900.0,WLFC
2016-11-17,54.6500015258789,55.02999877929688,53.11999893188477,53.20000076293945,50.87746810913086,832100.0,WLK
2016-11-17,20.950000762939453,21.200000762939453,20.100000381469727,20.950000762939453,16.673881530761722,29600.0,WLKP
2016-11-17,37.2400016784668,37.7599983215332,36.2400016784668,36.52000045776367,36.52000045776367,4539900.0,WLL
2016-11-17,122.79000091552734,124.63999938964844,122.19000244140624,124.5999984741211,118.2335433959961,524500.0,WLTW
2016-11-17,68.58000183105469,68.91000366210939,68.41999816894531,68.76999664306639,63.96422958374024,1864000.0,WM
2016-11-17,30.76000022888184,30.96999931335449,30.03000068664551,30.18000030517578,25.116853713989254,5716100.0,WMB
2016-11-17,10.529999732971193,10.5600004196167,10.449999809265137,10.470000267028807,7.0260677337646475,149900.0,WMC
2016-11-17,23.31999969482422,23.989999771118164,23.28000068664551,23.60000038146973,23.60000038146973,861600.0,WMGI
2016-11-17,62.25,62.290000915527344,60.43999862670898,60.95000076293945,55.77949523925781,42300.0,WMK
2016-11-17,20.850000381469727,21.299999237060547,20.649999618530273,21.0,19.54716682434082,273300.0,WMS
2016-11-17,69.08000183105469,69.51999664306639,68.12000274658203,69.19000244140625,63.83356475830078,23440300.0,WMT
2016-11-17,12.779999732971193,12.979999542236328,12.68000030517578,12.6899995803833,11.87150764465332,787900.0,WNC
2016-11-17,8.199999809265138,8.350000381469728,8.100000381469728,8.199999809265138,7.769359588623048,66900.0,WNEB
2016-11-17,26.25,26.690000534057614,25.63999938964844,25.78000068664551,25.78000068664551,267000.0,WNS
2016-11-17,57.38000106811523,58.38999938964844,57.31999969482422,58.18999862670898,53.73745346069336,536200.0,WOR
2016-11-17,76.94999694824219,80.75,76.0,80.75,80.75,1100.0,WORX
2016-11-17,57.72000122070313,58.41999816894531,56.97000122070313,57.06999969482422,46.30270004272461,473800.0,WPC
2016-11-17,10.350000381469727,10.4399995803833,10.170000076293944,10.300000190734863,5.782100200653076,2500500.0,WPG
2016-11-17,19.940000534057614,20.149999618530273,18.82999992370605,19.18000030517578,18.11485481262207,6994500.0,WPM
2016-11-17,104.58999633789062,105.2699966430664,104.5500030517578,104.91999816894531,90.10552215576172,86400.0,WPP
2016-11-17,1.3300000429153442,1.3300000429153442,1.2699999809265137,1.2799999713897705,1.2799999713897705,280500.0,WPRT
2016-11-17,13.100000381469727,13.3100004196167,12.579999923706055,12.670000076293945,12.670000076293945,5223000.0,WPX
2016-11-17,39.54666519165039,40.22666549682617,39.35333251953125,40.099998474121094,37.88464736938477,747900.0,WRB
2016-11-17,30.10000038146973,30.479999542236328,30.10000038146973,30.20000076293945,26.146785736083984,336900.0,WRE
2016-11-17,35.470001220703125,35.83000183105469,34.93000030517578,34.939998626708984,26.9700870513916,569000.0,WRI
2016-11-17,49.91999816894531,50.38000106811523,49.25,49.77999877929688,44.129638671875,1654100.0,WRK
2016-11-17,59.54999923706055,61.7599983215332,58.72999954223633,61.5,61.5,154300.0,WRLD
2016-11-17,0.8199999928474426,0.8700000047683716,0.8199999928474426,0.8600000143051147,0.8600000143051147,162000.0,WRN
2016-11-17,38.36999893188477,38.95000076293945,38.36999893188477,38.68000030517578,34.811153411865234,90000.0,WSBC
2016-11-17,17.75,18.0,17.700000762939453,17.799999237060547,14.497347831726074,97700.0,WSBF
2016-11-17,9.949999809265137,9.949999809265137,9.850000381469727,9.949999809265137,9.949999809265137,4900.0,WSC
2016-11-17,40.25,41.04999923706055,40.25,40.54999923706055,39.38505935668945,137100.0,WSFS
2016-11-17,52.04999923706055,53.75,52.04999923706055,53.61999893188477,48.5965461730957,3125200.0,WSM
2016-11-17,146.8800048828125,147.4499969482422,145.08999633789062,145.9600067138672,130.34933471679688,160700.0,WSO
2016-11-17,13.390000343322756,13.640000343322756,13.199999809265135,13.220000267028807,9.864112854003906,118000.0,WSR
2016-11-17,79.13999938964844,80.52999877929688,78.93000030517578,80.19000244140625,78.77145385742188,242100.0,WST
2016-11-17,17.600000381469727,17.600000381469727,17.450000762939453,17.450000762939453,14.758048057556152,2900.0,WSTG
2016-11-17,1.919999957084656,2.0,1.919999957084656,1.9600000381469729,1.9600000381469729,49000.0,WSTL
2016-11-17,22.899999618530273,23.75,22.899999618530273,23.54999923706055,21.091110229492188,23800.0,WTBA
2016-11-17,1.1510000228881836,1.2000000476837158,1.1510000228881836,1.1799999475479126,1.1799999475479126,9500.0,WTER
2016-11-17,62.66999816894531,63.849998474121094,61.95000076293945,63.4000015258789,61.2222785949707,281300.0,WTFC
2016-11-17,26.540000915527344,26.54999923706055,26.10000038146973,26.45000076293945,21.404748916625977,18500.0,WTFCM
2016-11-17,1.6100000143051147,1.6100000143051147,1.4700000286102295,1.5299999713897705,1.5299999713897705,1056300.0,WTI
2016-11-17,839.7100219726562,842.3800048828125,826.1599731445312,838.6400146484375,834.7608032226562,15100.0,WTM
2016-11-17,9.800000190734863,9.800000190734863,9.800000190734863,9.800000190734863,9.800000190734863,0.0,WTRH
2016-11-17,68.94999694824219,69.84999847412111,68.44999694824219,68.55000305175781,66.03351593017578,144300.0,WTS
2016-11-17,1.7400000095367432,1.7799999713897705,1.6499999761581419,1.6799999475479126,1.6799999475479126,25900.0,WTT
2016-11-17,20.51000022888184,20.700000762939453,20.51000022888184,20.6299991607666,18.133056640625,3062100.0,WU
2016-11-17,31.61000061035156,31.729999542236328,31.059999465942386,31.270000457763672,31.270000457763672,1244400.0,WUBA
2016-11-17,36.54999923706055,38.70000076293945,35.20000076293945,37.75,37.75,98400.0,WVE
2016-11-17,12.949999809265135,12.949999809265135,12.600000381469727,12.609999656677244,11.780829429626465,2200.0,WVFC
2016-11-17,8.170000076293945,8.25,8.170000076293945,8.25,8.25,800.0,WVVI
2016-11-17,4.400000095367432,4.400000095367432,4.400000095367432,4.400000095367432,3.6844112873077393,0.0,WVVIP
2016-11-17,11.920000076293945,11.970000267028807,11.56999969482422,11.59000015258789,11.59000015258789,521300.0,WW
2016-11-17,68.01999664306639,68.44000244140625,67.26000213623047,67.36000061035156,65.83338165283203,591900.0,WWD
2016-11-17,18.07999992370605,18.61000061035156,18.07999992370605,18.530000686645508,17.716676712036133,306200.0,WWE
2016-11-17,62.0,80.5,60.0,78.5,78.5,84800.0,WWR
2016-11-17,23.649999618530273,23.90999984741211,23.40999984741211,23.86000061035156,22.92248916625977,569500.0,WWW
2016-11-17,30.21999931335449,30.36000061035156,29.90999984741211,30.04999923706055,26.08334541320801,4259400.0,WY
2016-11-17,32.167041778564446,32.73137664794922,32.167041778564446,32.71783447265625,27.603458404541016,1765300.0,WYND
2016-11-17,87.79000091552734,90.66000366210938,87.3499984741211,90.44000244140624,83.79370880126953,3636900.0,WYNN
2016-11-17,0.7099999785423279,0.7699999809265137,0.6899999976158142,0.75,0.75,752200.0,WYY
2016-11-17,28.790000915527344,29.489999771118164,28.20000076293945,29.170000076293945,28.35586166381836,17800100.0,X
2016-11-17,9.289999961853027,9.550000190734863,9.229999542236328,9.350000381469727,7.177933216094972,588600.0,XAN
2016-11-17,39.72000122070313,42.0,39.72000122070313,40.97999954223633,40.97999954223633,100.0,XBIO
2016-11-17,15.899999618530273,17.030000686645508,15.899999618530273,16.899999618530273,16.899999618530273,219200.0,XBIT
2016-11-17,129.96000671386722,130.99000549316406,125.08999633789062,125.79000091552734,122.24022674560548,997300.0,XEC
2016-11-17,38.849998474121094,39.209999084472656,38.7400016784668,39.0,35.08275604248047,2358500.0,XEL
2016-11-17,9.93000030517578,9.949999809265137,9.93000030517578,9.949999809265137,9.949999809265137,21109.0,XELA
2016-11-17,4.831299781799316,5.0,4.831299781799316,5.0,5.0,1700.0,XELB
2016-11-17,7.75,7.800000190734862,7.6500000953674325,7.6500000953674325,7.6500000953674325,22300.0,XENE
2016-11-17,12.300000190734865,12.5,11.75,11.800000190734865,11.800000190734865,372500.0,XENT
2016-11-17,17.25,17.370000839233402,16.829999923706055,16.870000839233402,13.775412559509276,496400.0,XHR
2016-11-17,5.349999904632568,5.400000095367432,5.179999828338623,5.179999828338623,3.964067935943604,153700.0,XIN
2016-11-17,53.33000183105469,53.59000015258789,53.02999877929688,53.2400016784668,50.1785888671875,2525400.0,XLNX
2016-11-17,39.31999969482422,39.93000030517578,37.86999893188477,38.150001525878906,38.150001525878906,418300.0,XLRN
2016-11-17,25.85000038146973,26.85000038146973,25.457000732421875,26.78000068664551,26.78000068664551,215000.0,XNCR
2016-11-17,4.480000019073486,4.539999961853027,4.429999828338623,4.460000038146973,4.460000038146973,84300.0,XNET
2016-11-17,21.770000457763672,22.15999984741211,20.959999084472656,21.32999992370605,21.32999992370605,286000.0,XOG
2016-11-17,86.44000244140625,86.87999725341797,85.0199966430664,85.2300033569336,74.16925048828125,8200500.0,XOM
2016-11-17,7.190000057220459,7.239999771118164,6.960000038146973,6.96999979019165,6.96999979019165,32100.0,XOMA
2016-11-17,10.68000030517578,10.779999732971193,10.510000228881836,10.56999969482422,10.56999969482422,79000.0,XONE
2016-11-17,40.150001525878906,40.599998474121094,40.04999923706055,40.25,35.53239440917969,258200.0,XPER
2016-11-17,0.6499999761581421,0.6700000166893005,0.6100000143051147,0.6100000143051147,0.6100000143051147,16200.0,XPL
2016-11-17,42.09000015258789,42.650001525878906,41.88999938964844,42.349998474121094,42.349998474121094,1681700.0,XPO
2016-11-17,60.36000061035156,61.20000076293945,60.36000061035156,60.95000076293945,59.34863662719727,1367000.0,XRAY
2016-11-17,25.1910400390625,25.32279396057129,25.03293800354004,25.243741989135746,22.67959213256836,3670700.0,XRX
2016-11-17,48.0,50.599998474121094,45.4000015258789,48.599998474121094,48.599998474121094,9900.0,XSPA
2016-11-17,3.900000095367432,3.900000095367432,3.5499999523162837,3.5499999523162837,3.5499999523162837,500.0,XTLB
2016-11-17,6.360000133514403,6.480000019073486,5.880000114440918,6.0,6.0,12600.0,XTNT
2016-11-17,27.13999938964844,27.13999938964844,27.13999938964844,27.13999938964844,27.13999938964844,0.0,XVZ
2016-11-17,1.149999976158142,1.1699999570846558,1.0800000429153442,1.1299999952316284,1.1299999952316284,855000.0,XXII
2016-11-17,54.72999954223633,54.9900016784668,53.9900016784668,54.0099983215332,51.87539672851562,1453800.0,XYL
2016-11-17,565.4600219726562,568.3699951171875,564.0700073242188,567.510009765625,546.0626831054689,35800.0,Y
2016-11-17,36.58000183105469,37.540000915527344,36.13000106811523,37.5099983215332,37.5099983215332,1218500.0,YELP
2016-11-17,317.0,335.0,311.0,317.0,317.0,2853.0,YETI
2016-11-17,5.679999828338622,5.679999828338622,5.400000095367432,5.440000057220459,5.440000057220459,2300.0,YGYI
2016-11-17,16.0,17.799999237060547,15.68000030517578,17.309999465942386,11.917787551879885,245900.0,YIN
2016-11-17,17.850000381469727,18.020000457763672,17.579999923706055,17.959999084472656,17.959999084472656,2783400.0,YNDX
2016-11-17,33.049999237060554,33.950000762939446,33.0,33.650001525878906,31.502037048339844,35500.0,YORW
2016-11-17,16.610000610351562,16.690000534057614,15.960000038146973,16.010000228881836,15.70602035522461,1251600.0,YPF
2016-11-17,11.010000228881836,11.420000076293945,10.920000076293944,11.369999885559082,11.369999885559082,992900.0,YRCW
2016-11-17,29.11000061035156,29.63999938964844,27.51000022888184,28.270000457763672,27.109172821044922,565300.0,YRD
2016-11-17,148.0,164.0,148.0,156.0,156.0,100.0,YTEN
2016-11-17,60.56000137329102,60.91999816894531,60.36999893188477,60.7599983215332,57.47675323486328,2884200.0,YUM
2016-11-17,47.70000076293945,65.40000152587889,47.4000015258789,59.4000015258789,59.4000015258789,4100.0,YUMA
2016-11-17,27.15999984741211,27.21500015258789,26.93000030517578,27.09000015258789,26.3474063873291,2739200.0,YUMC
2016-11-17,7.3499999046325675,8.0,7.050000190734862,7.949999809265138,7.949999809265138,5900.0,YVR
2016-11-17,44.7400016784668,45.9000015258789,44.7400016784668,45.08000183105469,45.08000183105469,987300.0,YY
2016-11-17,35.61000061035156,36.75,35.049999237060554,36.5,36.5,1406600.0,Z
2016-11-17,6.9000000953674325,7.1500000953674325,6.9000000953674325,7.0,7.0,178100.0,ZAGG
2016-11-17,100.8000030517578,101.51000213623048,100.7300033569336,100.8000030517578,97.94944763183594,1652400.0,ZBH
2016-11-17,72.97000122070312,74.19000244140625,71.55000305175781,73.94000244140625,73.94000244140625,718200.0,ZBRA
2016-11-17,3.5999999046325684,3.688999891281128,3.490000009536743,3.5899999141693115,3.5899999141693115,104600.0,ZDGE
2016-11-17,22.82999992370605,23.01000022888184,22.584999084472656,22.76000022888184,22.76000022888184,1817200.0,ZEN
2016-11-17,22.920000076293945,23.21999931335449,22.15999984741211,22.56999969482422,22.211326599121094,176600.0,ZEUS
2016-11-17,3.5,3.5899999141693115,3.470000028610229,3.4800000190734863,3.4800000190734863,113100.0,ZFGN
2016-11-17,34.900001525878906,35.75,34.299999237060554,35.5,35.5,727500.0,ZG
2016-11-17,11.949999809265135,12.199999809265135,11.75,12.100000381469727,12.100000381469727,275200.0,ZGNX
2016-11-17,37.47000122070313,38.11999893188477,37.2400016784668,37.90999984741211,35.53847122192383,5111600.0,ZION
2016-11-17,23.95000076293945,24.46529960632324,23.532400131225586,24.0,24.0,3561.0,ZIONP
2016-11-17,6.9099998474121085,6.929999828338622,6.559999942779541,6.809999942779541,6.809999942779541,2098100.0,ZIOP
2016-11-17,45.72000122070313,46.02999877929688,45.58000183105469,46.02999877929688,46.02999877929688,52800.0,ZIV
2016-11-17,4.71999979019165,4.739999771118164,4.639999866485597,4.670000076293945,4.670000076293945,119800.0,ZIXI
2016-11-17,1.2400000095367432,1.2699999809265137,1.2400000095367432,1.2599999904632568,1.2599999904632568,47300.0,ZN
2016-11-17,2.8199999332427983,2.8399999141693115,2.799999952316284,2.799999952316284,2.799999952316284,7427400.0,ZNGA
2016-11-17,28.0,28.38999938964844,28.0,28.35000038146973,27.16255187988281,14700.0,ZNH
2016-11-17,11.81999969482422,12.0,10.800000190734863,11.699999809265135,11.699999809265135,1400.0,ZSAN
2016-11-17,14.75,15.350000381469727,14.609999656677244,15.260000228881836,14.858457565307615,3598000.0,ZTO
2016-11-17,11.0600004196167,11.140000343322754,11.0600004196167,11.119999885559082,7.046731472015381,92200.0,ZTR
2016-11-17,49.08000183105469,49.56000137329102,48.79999923706055,49.209999084472656,48.1909294128418,3645100.0,ZTS
2016-11-17,24.85000038146973,25.04999923706055,24.54999923706055,24.85000038146973,24.85000038146973,284400.0,ZUMZ
2016-11-17,14.40999984741211,16.0,14.201000213623047,15.729999542236328,15.729999542236328,459000.0,ZYNE
2016-11-17,0.30000001192092896,0.30000001192092896,0.2800000011920929,0.2800000011920929,0.2726037800312042,13700.0,ZYXI
