Date,Open,High,Low,Close,Adj Close,Volume,stock
1999-03-15,44.83998107910156,46.37789916992188,44.83998107910156,45.03221893310547,33.113677978515625,2172000.0,AA
1999-03-15,4.0625,4.0625,4.0625,4.0625,3.7542023658752437,3800.0,AAME
1999-03-15,3.962962865829468,3.962962865829468,3.962962865829468,3.962962865829468,3.3968331813812256,2700.0,AAN
1999-03-15,0.855967104434967,0.8779149651527405,0.855967104434967,0.8779149651527405,0.7457345128059387,10900.0,AAON
1999-03-15,1.1897321939468384,1.25,1.1875,1.2165178060531616,1.0559874773025513,88040400.0,AAPL
1999-03-15,25.75,26.0625,25.5625,26.0,6.14474630355835,132400.0,AB
1999-03-15,9.203125,9.234375,8.875,8.9921875,6.923844337463379,2100000.0,ABC
1999-03-15,8.274210929870605,8.696365356445312,8.189780235290527,8.696365356445312,5.8144469261169425,7300.0,ABCB
1999-03-15,859.375,859.375,859.375,859.375,787.8508911132812,0.0,ABEO
1999-03-15,0.2541666626930237,0.26249998807907104,0.2541666626930237,0.26249998807907104,0.004528587218374014,80000.0,ABEV
1999-03-15,150255.0,150255.0,138915.0,138915.0,138915.0,0.0,ABIO
1999-03-15,14.375,14.4375,14.25,14.28125,8.135955810546875,31600.0,ABM
1999-03-15,4.875,4.875,4.875,4.875,4.875,600.0,ABMD
1999-03-15,22.30476188659668,23.09033966064453,22.22059440612793,22.753664016723636,9.304388999938963,4804700.0,ABT
1999-03-15,1.8333333730697632,1.9166666269302368,1.7777777910232544,1.8125,1.8125,126000.0,ACGL
1999-03-15,3.5,3.5,3.5,3.5,3.5,0.0,ACHC
1999-03-15,13117.5,13117.5,12127.5,12498.75,12498.75,0.0,ACHV
1999-03-15,12.625,12.916666984558105,12.5,12.916666984558105,12.916666984558105,3469200.0,ACIW
1999-03-15,19.954648971557614,19.954648971557614,19.274375915527344,19.6145133972168,7.759570598602295,1000.0,ACNB
1999-03-15,2.0,2.375,2.0,2.375,1.7555766105651855,4500.0,ACU
1999-03-15,8.25,8.25,7.875,7.875,7.875,1100.0,ACY
1999-03-15,5.9609375,6.0625,5.90625,6.03125,5.974830627441406,2608800.0,ADBE
1999-03-15,18.3125,18.5,18.3125,18.4375,4.0375027656555185,2500.0,ADC
1999-03-15,12.75,13.0625,12.59375,13.0625,8.869247436523438,1256600.0,ADI
1999-03-15,12.957564353942873,13.065544128417967,12.741604804992676,12.849584579467773,8.250794410705566,910400.0,ADM
1999-03-15,595.0,680.0,595.0,680.0,680.0,100.0,ADMP
1999-03-15,30.334701538085934,30.830366134643555,30.13643455505371,30.334701538085934,19.665189743041992,2515100.0,ADP
1999-03-15,10.375,10.5,10.25,10.40625,9.977615356445312,948800.0,ADSK
1999-03-15,8.5,8.65625,8.21875,8.4375,6.065457344055176,788400.0,ADTN
1999-03-15,18.08333396911621,18.41666603088379,18.08333396911621,18.25,4.268690586090088,118900.0,ADX
1999-03-15,7.0,7.0,6.875,6.875,4.52326774597168,2300.0,AE
1999-03-15,37.875,37.9375,37.4375,37.5625,13.200872421264648,246400.0,AEE
1999-03-15,9.75,9.875,9.75,9.875,1.3169382810592651,339300.0,AEF
1999-03-15,49.36899185180664,49.48918151855469,49.158653259277344,49.30889511108398,21.953414916992188,135600.0,AEG
1999-03-15,15.0,15.625,15.0,15.625,15.625,67600.0,AEGN
1999-03-15,5.625,5.625,5.625,5.625,5.625,2600.0,AEHR
1999-03-15,25.25,26.5,25.25,26.25,26.25,95100.0,AEIS
1999-03-15,5.625,5.625,5.5,5.5,4.698506832122803,55300.0,AEM
1999-03-15,6375.0,6375.0,6375.0,6375.0,6375.0,0.0,AEMD
1999-03-15,7.902777671813965,7.902777671813965,7.541666507720947,7.74305534362793,5.056526184082031,2295000.0,AEO
1999-03-15,41.8125,42.375,41.5625,41.625,15.880375862121582,435600.0,AEP
1999-03-15,18.75,19.875,18.5625,19.65625,15.498648643493652,1502000.0,AES
1999-03-15,0.9375,1.0,0.9375,1.0,1.0,9100.0,AEY
1999-03-15,24.66666603088379,24.91666603088379,24.625,24.70833396911621,12.297980308532715,66000.0,AFG
1999-03-15,12.125,12.875,12.09375,12.78125,6.034220218658447,3252000.0,AFL
1999-03-15,6.375,6.4375,6.0625,6.25,5.812434196472168,389100.0,AGCO
1999-03-15,18.5,18.5,18.5,18.5,11.998668670654295,0.0,AGM-A
1999-03-15,16.83333396911621,16.875,16.83333396911621,16.83333396911621,11.809591293334961,14100.0,AGM
1999-03-15,42.75,42.9375,41.875,42.5,35.57048797607422,1003500.0,AGN
1999-03-15,11.71875,11.71875,11.71875,11.71875,9.247564315795898,0.0,AGX
1999-03-15,7.15625,7.3125,6.625,6.75,6.03727912902832,161000.0,AGYS
1999-03-15,3.25,3.25,3.25,3.25,3.25,1600.0,AHPI
1999-03-15,125.0,128.75,125.0,127.5,28.96508026123047,1400.0,AI
1999-03-15,1272.6666259765625,1310.0,1268.6666259765625,1308.0,945.7186889648438,175100.0,AIG
1999-03-15,3399.0,3399.0,3267.0,3300.0,3300.0,100.0,AIM
1999-03-15,19.669116973876953,20.281862258911133,19.60784339904785,20.159313201904297,14.805482864379885,41400.0,AIN
1999-03-15,15.5,15.75,15.0625,15.75,13.234395980834961,389100.0,AIR
1999-03-15,1.9166666269302368,1.9583333730697632,1.8333333730697632,1.8333333730697632,1.2041653394699097,13200.0,AIRT
1999-03-15,5.777777671813965,5.80555534362793,5.777777671813965,5.80555534362793,2.9486315250396733,57600.0,AIT
1999-03-15,36.625,36.875,36.375,36.8125,12.909428596496582,168800.0,AIV
1999-03-15,11.78125,12.09375,11.78125,11.953125,5.166130542755127,298800.0,AJG
1999-03-15,10.022500038146973,10.154375076293944,9.857656478881836,10.0884370803833,9.402027130126953,57400.0,AJRD
1999-03-15,5.1875,5.1875,5.125,5.125,1.877222776412964,3900.0,AKR
1999-03-15,11.625,11.71875,11.625,11.6875,7.002744197845459,42600.0,ALB
1999-03-15,15.875,15.875,15.875,15.875,11.223957061767578,1400.0,ALCO
1999-03-15,62.8125,62.8125,60.5625,61.875,24.93746757507324,28300.0,ALE
1999-03-15,8.0,8.0,7.875,8.0,6.239564418792725,25600.0,ALG
1999-03-15,14.3125,14.375,12.375,13.3125,13.3125,452600.0,ALJJ
1999-03-15,12.59375,13.375,12.59375,13.28125,11.70728588104248,1443200.0,ALK
1999-03-15,15.1875,15.375,14.9375,14.9375,14.9375,410600.0,ALKS
1999-03-15,39.1875,39.5,38.75,39.125,23.666587829589844,1937500.0,ALL
1999-03-15,4.090909004211427,4.090909004211427,4.090909004211427,4.090909004211427,2.137411832809448,12300.0,ALOT
1999-03-15,27.692724227905273,27.692724227905273,26.92723274230957,26.92723274230957,14.018117904663086,56700.0,ALV
1999-03-15,68.625,68.625,68.375,68.375,33.384994506835945,1300.0,ALX
1999-03-15,2.6875,2.78125,2.65625,2.71875,2.71875,119200.0,ALXN
1999-03-15,7.125,7.25,7.0,7.0625,5.233248710632324,331100.0,ALYA
1999-03-15,4.75,4.75,4.5,4.625,4.625,7700.0,AMAG
1999-03-15,15.1875,15.484375,15.03125,15.140625,11.538326263427734,22519200.0,AMAT
1999-03-15,8.1875,8.28125,8.03125,8.15625,8.15625,3006400.0,AMD
1999-03-15,2.7037036418914795,2.740740776062012,2.6944444179534908,2.712962865829468,1.690481185913086,375300.0,AME
1999-03-15,1.734375,1.734375,1.640625,1.640625,1.640625,5300.0,AMED
1999-03-15,17.66666603088379,17.83333396911621,17.375,17.70833396911621,17.172758102416992,82600.0,AMG
1999-03-15,37.71875,38.3125,36.75,38.3125,31.165874481201172,6330200.0,AMGN
1999-03-15,8.9375,9.0,8.8125,8.875,8.875,722800.0,AMKR
1999-03-15,1.5,1.5,1.5,1.5,1.4087523221969604,3300.0,AMOT
1999-03-15,7.842741966247559,7.842741966247559,7.842741966247559,7.842741966247559,5.5352091789245605,0.0,AMRB
1999-03-15,72.5,80.0,71.25,77.5,77.5,7000.0,AMRN
1999-03-15,1.125,1.125,1.0625,1.125,0.8939912915229797,6300.0,AMS
1999-03-15,98.125,102.5,98.125,101.875,101.875,4800.0,AMSC
1999-03-15,3.5,3.5,3.375,3.5,1.5564116239547732,311600.0,AMSWA
1999-03-15,24.25,24.25,23.125,23.875,20.555099487304688,287700.0,AMT
1999-03-15,16.25,17.64583396911621,15.833333015441895,17.22916603088379,10.708250045776367,4716900.0,AMTD
1999-03-15,17.8125,18.0,17.125,17.25,15.27756118774414,42800.0,AMWD
1999-03-15,66.5,69.5,65.5,69.46875,69.46875,7020800.0,AMZN
1999-03-15,13.0625,13.625,13.0625,13.25,11.961115837097168,964600.0,AN
1999-03-15,72.0,72.0,66.5,67.75,33.278594970703125,109900.0,ANAT
1999-03-15,4.041666507720946,4.083333492279054,4.041666507720946,4.041666507720946,2.832249641418457,17400.0,ANDE
1999-03-15,40.78125,41.96875,40.3125,41.71875,27.729774475097656,1008000.0,ANF
1999-03-15,4.75,4.75,4.6875,4.6875,0.4419233798980713,1000.0,ANH
1999-03-15,4.53125,4.9375,4.53125,4.9375,4.9375,52100.0,ANIK
1999-03-15,32.8125,35.15625,32.8125,33.59375,33.59375,2400.0,ANIX
1999-03-15,1.9375,2.0,1.875,1.921875,1.921875,105200.0,ANSS
1999-03-15,44.0,45.08333206176758,43.75,45.08333206176758,31.420412063598636,738600.0,AON
1999-03-15,3.3333332538604736,3.375,3.3333332538604736,3.375,0.5549485683441162,45600.0,AOS
1999-03-15,10.0,10.0625,10.0,10.0625,5.565454959869385,2000.0,AP
1999-03-15,10.714285850524902,10.714285850524902,10.010822296142578,10.173160552978516,7.755814075469972,1827800.0,APA
1999-03-15,29.544403076171875,29.544403076171875,28.792783737182614,29.370952606201172,17.128883361816403,605300.0,APD
1999-03-15,23.71875,23.71875,23.25,23.4375,10.865436553955078,6700.0,APEX
1999-03-15,2.2734375,2.3125,2.2734375,2.3125,2.0254356861114498,160000.0,APH
1999-03-15,8.875,9.5,8.875,9.25,6.117624282836914,71300.0,APOG
1999-03-15,0.765625,0.765625,0.71875,0.71875,0.71875,20700.0,APT
1999-03-15,95.625,95.625,95.625,95.625,95.625,0.0,APTO
1999-03-15,7.625,7.8125,7.5625,7.5625,6.160529613494872,201100.0,ARCB
1999-03-15,28.6875,28.6875,28.25,28.25,12.963431358337402,30600.0,ARE
1999-03-15,23.7882022857666,23.91082191467285,23.7882022857666,23.7882022857666,16.500459671020508,6900.0,ARGO
1999-03-15,9.625,9.625,9.625,9.625,4.195203304290772,2700.0,ARKR
1999-03-15,16.5625,16.5625,16.4375,16.4375,16.387689590454098,700.0,ARL
1999-03-15,137812.5,140000.0,122500.0,126875.0,126875.0,0.0,ARMP
1999-03-15,42.16641616821289,43.78279495239258,42.16641616821289,42.44752502441406,30.539691925048828,2320800.0,ARNC
1999-03-15,10.97390365600586,11.447776794433596,10.97390365600586,11.173428535461426,5.196176052093506,40400.0,AROW
1999-03-15,10.666666984558104,10.666666984558104,10.666666984558104,10.666666984558104,4.992236137390137,400.0,ARTNA
1999-03-15,2.5,2.5,2.5,2.5,2.232945203781128,0.0,ARTW
1999-03-15,14.875,15.1875,14.5,15.0625,15.0625,263700.0,ARW
1999-03-15,65.0,97.5,65.0,65.0,65.0,0.0,ARWR
1999-03-15,5.833333492279053,5.833333492279053,5.625,5.708333492279053,3.986985206604004,166200.0,ASA
1999-03-15,18.97382926940918,19.07713508605957,18.801652908325195,18.836088180541992,9.179569244384766,174100.0,ASB
1999-03-15,0.21875,0.21875,0.21875,0.21875,0.0901414006948471,0.0,ASFI
1999-03-15,10.8125,11.0625,10.75,10.8125,1.680722713470459,42300.0,ASG
1999-03-15,15.3125,15.3125,14.0,14.625,14.625,63200.0,ASGN
1999-03-15,16.208881378173828,16.256414413452152,15.828615188598633,16.04251480102539,6.6732354164123535,1033400.0,ASH
1999-03-15,15.65625,15.9375,15.46875,15.9140625,10.25145435333252,2845800.0,ASML
1999-03-15,37.8125,37.8125,37.1875,37.34375,37.34375,17600.0,ASNA
1999-03-15,10.0,10.125,9.75,9.75,9.75,21900.0,ASRT
1999-03-15,17.1875,17.4375,17.1875,17.25,11.68316650390625,27200.0,ASRV
1999-03-15,25.625,25.625,25.625,25.625,3.840623378753662,0.0,ASRVP
1999-03-15,350.0,350.0,328.125,337.5,337.5,600.0,ASTC
1999-03-15,33.5,35.3125,32.25,32.6875,29.42024040222168,145900.0,ASTE
1999-03-15,18.75,20.83333396911621,15.833333015441895,18.75,18.75,88300.0,ASUR
1999-03-15,1.3125,1.375,1.3125,1.3125,1.3125,13600.0,ASYS
1999-03-15,6.125,6.375,6.0625,6.0625,1.0590251684188845,53600.0,ATAX
1999-03-15,28.0625,28.375,27.5,28.375,26.171056747436523,43200.0,ATGE
1999-03-15,3.5999999046325684,3.650000095367432,3.5999999046325684,3.5999999046325684,1.8967201709747317,19700.0,ATNI
1999-03-15,23.5625,23.9375,23.5,23.625,10.050186157226562,53800.0,ATO
1999-03-15,14.4375,14.59375,14.4375,14.5625,10.052979469299316,119200.0,ATR
1999-03-15,7.75,7.8125,7.75,7.8125,5.996645927429199,17300.0,ATRI
1999-03-15,3.705289125442505,3.705289125442505,3.705289125442505,3.705289125442505,0.8403176069259644,100.0,ATRO
1999-03-15,2.0,2.0,1.75,1.75,1.75,19900.0,ATRS
1999-03-15,0.9375,0.96875,0.9322916865348816,0.9479166865348816,0.8550734519958496,1090000.0,ATVI
1999-03-15,20.75,20.75,20.125,20.125,14.03243637084961,37800.0,AU
1999-03-15,11.916666984558105,11.916666984558105,11.916666984558105,11.916666984558105,7.059736251831055,1800.0,AUB
1999-03-15,16.5,16.5,16.5,16.5,8.579543113708496,0.0,AUBN
1999-03-15,16.6875,16.75,16.375,16.75,7.950900077819824,234100.0,AVA
1999-03-15,31.875,31.875,31.5,31.75,13.252373695373535,72400.0,AVB
1999-03-15,0.6327479481697083,0.6456611752510071,0.6327479481697083,0.6456611752510071,0.3445516526699066,5000.0,AVD
1999-03-15,4.0625,4.0625,4.0625,4.0625,4.0625,4000.0,AVDL
1999-03-15,29.75,30.25,29.625,30.125,30.125,105500.0,AVID
1999-03-15,108.0,115.5,107.25,114.0,114.0,20900.0,AVNW
1999-03-15,18.84375,18.84375,18.59375,18.6875,16.081220626831055,380600.0,AVT
1999-03-15,54.0625,55.125,53.5,54.4375,31.61993408203125,337600.0,AVY
1999-03-15,9.0,9.125,9.0,9.0,1.1548936367034912,181800.0,AWF
1999-03-15,8.958333015441895,9.291666984558104,8.916666984558105,9.229166984558104,2.7157061100006104,47000.0,AWR
1999-03-15,37.75,40.0,37.5,39.9375,18.0451774597168,790700.0,AWRE
1999-03-15,5.75,5.75,5.75,5.75,5.75,700.0,AWX
1999-03-15,2.125,2.25,2.0,2.125,2.125,98500.0,AXAS
1999-03-15,4.0,4.25,3.5,3.625,3.625,65800.0,AXDX
1999-03-15,11.375,11.375,11.0625,11.125,7.8841233253479,548900.0,AXE
1999-03-15,2.125,2.25,2.125,2.25,1.8429318666458132,16200.0,AXGN
1999-03-15,12.125,12.375,12.0,12.375,10.868218421936037,221300.0,AXL
1999-03-15,36.85377883911133,37.45554733276367,36.397891998291016,36.68965911865234,26.862934112548828,5919700.0,AXP
1999-03-15,6.5625,6.5625,6.5625,6.5625,5.507522106170653,800.0,AXR
1999-03-15,19.125,19.375,18.625,18.75,18.75,191800.0,AXTI
1999-03-15,19.96875,20.0,19.75,19.9375,4.630671501159668,595400.0,AZN
1999-03-15,32.5625,34.3125,32.5625,33.8125,33.8125,314100.0,AZO
1999-03-15,13.0,13.25,12.25,12.625,12.625,18900.0,AZPN
1999-03-15,2.125,2.125,2.125,2.125,1.5233162641525269,800.0,AZZ
1999-03-15,8.78125,8.8125,8.4375,8.5,4.0116662979125985,113400.0,B
1999-03-15,35.125,35.5,34.6875,34.6875,22.009626388549805,2655400.0,BA
1999-03-15,36.0,37.0,36.0,36.875,17.391515731811527,7550400.0,BAC
1999-03-15,2.031352996826172,2.031352996826172,2.0104112625122066,2.020882129669189,0.35362547636032104,81100.0,BAM
1999-03-15,8.375,8.375,8.375,8.375,5.3695106506347665,1600.0,BANF
1999-03-15,125.68181610107422,125.68181610107422,124.09091186523438,124.09091186523438,74.37328338623047,3000.0,BANR
1999-03-15,8.782483100891112,8.902791023254395,8.722329139709473,8.902791023254395,4.666865348815918,108900.0,BAP
1999-03-15,3.5,3.75,3.5,3.625,3.625,2300.0,BASI
1999-03-15,20.30146598815918,20.64095687866211,20.23356819152832,20.623981475830078,9.85834789276123,3568900.0,BAX
1999-03-15,1.3958333730697632,1.3958333730697632,1.3645833730697632,1.3854166269302368,1.3854166269302368,451800.0,BB
1999-03-15,16.42135238647461,17.355009078979492,16.366432189941403,17.355009078979492,10.268714904785156,151400.0,BBAR
1999-03-15,16.0,16.34375,15.59375,16.0,13.878073692321776,1581400.0,BBBY
1999-03-15,778.75,778.75,743.75,752.5,752.5,1100.0,BBI
1999-03-15,2.625,2.9375,2.625,2.75,2.75,20900.0,BBQ
1999-03-15,4.75,4.75,4.75,4.75,3.642821550369263,900.0,BBSI
1999-03-15,14.697741508483887,14.758225440979006,14.455802917480467,14.758225440979006,5.5238447189331055,28100.0,BBVA
1999-03-15,117.0,118.4499969482422,116.4749984741211,117.4499969482422,0.14693231880664825,2066.0,BBX
1999-03-15,22.25,22.97222137451172,22.25,22.83333396911621,16.147039413452152,3739000.0,BBY
1999-03-15,19.875,20.5625,19.875,20.0,14.78256607055664,189700.0,BC
1999-03-15,506.25,506.25,438.75,438.75,438.75,0.0,BCDA
1999-03-15,42.375,43.125,42.375,43.0625,3.561315059661865,166500.0,BCE
1999-03-15,23.25,23.5625,23.0625,23.375,10.601515769958496,72500.0,BCO
1999-03-15,87.1875,100.625,86.5625,96.875,35.80620574951172,594000.0,BCOR
1999-03-15,1.2345678806304932,1.2345678806304932,1.1604938507080078,1.1604938507080078,1.0566818714141846,45400.0,BCPC
1999-03-15,9.125,9.125,9.0,9.0,9.0,15000.0,BCRX
1999-03-15,27.41935539245605,27.41935539245605,26.95852470397949,27.073732376098636,9.426469802856444,2100.0,BCS
1999-03-15,23.75,23.75,23.3125,23.375,5.751779556274414,4400.0,BCV
1999-03-15,16.33333396911621,16.5,16.25,16.25,14.928468704223633,63000.0,BDC
1999-03-15,13.333333015441895,13.333333015441895,13.333333015441895,13.333333015441895,6.336010456085205,0.0,BDGE
1999-03-15,6.25,6.375,6.125,6.375,4.387441635131837,10800.0,BDL
1999-03-15,17.4375,17.5,16.875,16.875,4.455047607421875,101900.0,BDN
1999-03-15,6.25,6.25,6.125,6.25,6.25,9200.0,BDR
1999-03-15,40.0,40.375,38.5,39.125,28.271324157714844,1156400.0,BDX
1999-03-15,21.6875,21.6875,20.0,20.5,16.93215560913086,62200.0,BELFA
1999-03-15,17.375,17.375,15.5,15.5625,12.077287673950195,32200.0,BELFB
1999-03-15,10.625,10.729166984558104,10.25,10.3125,6.0674991607666025,2704200.0,BEN
1999-03-15,15.1875,15.5,15.125,15.125,5.433323383331299,9400.0,BFS
1999-03-15,25.125,25.15625,25.0,25.125,11.847574234008787,129800.0,BGG
1999-03-15,252.7584228515625,253.73809814453125,250.79905700683597,251.7787322998047,251.7787322998047,1100.0,BH
1999-03-15,9.277777671813963,9.277777671813963,9.277777671813963,9.277777671813963,2.119283676147461,100.0,BHB
1999-03-15,10.296875,10.484375,10.234375,10.390625,6.970561504364014,318400.0,BHC
1999-03-15,13.333333015441895,13.44444465637207,13.222222328186035,13.30555534362793,12.610733032226562,40000.0,BHE
1999-03-15,7.778073787689209,7.808338642120361,7.7478089332580575,7.778073787689209,2.824918270111084,167800.0,BHP
1999-03-15,9.75,9.75,9.75,9.75,3.315631866455078,0.0,BIF
1999-03-15,26.3125,26.5625,25.4375,26.25,22.203771591186523,268400.0,BIG
1999-03-15,8.6875,8.760416984558105,8.1875,8.25,8.25,1854000.0,BIIB
1999-03-15,10.3125,10.4375,10.3125,10.4375,10.4375,10200.0,BIO
1999-03-15,12.38327407836914,13.679197311401367,11.663315773010256,13.535205841064453,13.43237018585205,17300.0,BIOL
1999-03-15,1.5625,1.5625,1.5625,1.5625,1.520332098007202,300.0,BJRI
1999-03-15,41.07483673095703,41.93608093261719,40.74358749389648,41.47233581542969,26.95709991455078,2509500.0,BK
1999-03-15,10.65976619720459,10.849635124206543,10.55126953125,10.849635124206543,5.118101596832275,91300.0,BKE
1999-03-15,21.75,22.1875,21.75,22.0625,9.858475685119627,46100.0,BKH
1999-03-15,15.25,15.375,15.25,15.3125,4.123144626617432,14500.0,BKN
1999-03-15,21.9375,22.125,21.0,21.859375,11.36404514312744,1425700.0,BKR
1999-03-15,8.059558868408201,8.059558868408201,8.059558868408201,8.059558868408201,3.746460676193237,500.0,BKSC
1999-03-15,6.8125,6.875,6.8125,6.875,1.6377012729644775,66000.0,BKT
1999-03-15,1.625,1.625,1.625,1.625,1.2374345064163208,0.0,BKTI
1999-03-15,35.25,36.0,32.25,34.5,34.5,3300.0,BKYI
1999-03-15,26.625,28.125,26.5,27.8125,27.8125,348600.0,BLDP
1999-03-15,37.1875,39.375,31.71875,31.71875,31.71875,3000.0,BLFS
1999-03-15,2.6875,2.8125,2.6875,2.76953125,0.8179528117179871,3291200.0,BLL
1999-03-15,22.125,22.25,21.875,22.0625,7.136188507080077,9400.0,BLX
1999-03-15,4.03125,4.03125,4.03125,4.03125,0.6283752918243408,2400.0,BMI
1999-03-15,20.96875,21.0,20.78125,21.0,7.483601570129394,20400.0,BMO
1999-03-15,1.25,1.25,1.1875,1.1875,1.1875,6900.0,BMRA
1999-03-15,13.6875,13.6875,13.5,13.5,7.901594638824463,22800.0,BMTC
1999-03-15,59.72400665283203,62.341392517089844,59.72400665283203,61.98447799682617,28.87549591064453,4519800.0,BMY
1999-03-15,6.375,6.375,6.125,6.125,5.44208288192749,2200.0,BNSO
1999-03-15,22.3125,22.875,22.1875,22.75,11.452362060546875,102800.0,BOH
1999-03-15,20.05565452575684,20.27130699157715,19.8939151763916,20.163480758666992,14.42969036102295,11700.0,BOKF
1999-03-15,1.8125,1.875,1.75,1.75,1.5672290325164795,13400.0,BOOM
1999-03-15,6.880000114440918,7.375,6.875,7.0,7.0,1000.0,BOOT
1999-03-15,380.0,380.0,340.0,380.0,380.0,500.0,BOSC
1999-03-15,47.5,47.53125,47.0625,47.3125,18.46913719177246,3665200.0,BP
1999-03-15,7.75,7.75,7.625,7.625,5.3788414001464835,8000.0,BPFH
1999-03-15,175.0,175.9375,172.5,172.8125,112.29239654541016,24200.0,BPOP
1999-03-15,6.3125,6.3125,5.5,5.5625,0.3959002196788788,102100.0,BPT
1999-03-15,11.71875,11.8125,11.71875,11.75,6.379326343536378,38800.0,BRC
1999-03-15,4.875,5.0,4.6875,4.8125,4.8125,15500.0,BREW
1999-03-15,10.75,11.0,10.75,10.75,9.40306568145752,2100.0,BRID
1999-03-15,5.258344650268555,5.258344650268555,5.144032955169678,5.1726107597351065,2.2922208309173584,263900.0,BRKL
1999-03-15,19.75,20.375,19.625,20.125,15.97265911102295,20500.0,BRKS
1999-03-15,2.0,2.0,2.0,2.0,1.7955647706985474,0.0,BRN
1999-03-15,2.05078125,2.05859375,2.03125,2.05859375,0.8749415278434753,78400.0,BRO
1999-03-15,6.625,6.75,6.625,6.75,2.236816644668579,3400.0,BRT
1999-03-15,5.468999862670898,5.468999862670898,5.375,5.406499862670898,4.882157325744629,10600.0,BRY
1999-03-15,6.82692289352417,6.875,6.82692289352417,6.850961685180664,2.286373376846313,12200.0,BSAC
1999-03-15,22.75,23.375,22.6875,22.75,8.593210220336914,26500.0,BSET
1999-03-15,9.0,9.0,9.0,9.0,5.304890155792236,200.0,BSRR
1999-03-15,4.25,4.25,4.0,4.125,4.125,3000.0,BSTC
1999-03-15,16.46875,16.9375,16.09375,16.9375,16.9375,4034600.0,BSX
1999-03-15,8.90625,8.9375,8.75,8.84375,1.320868968963623,41400.0,BTI
1999-03-15,40.5,41.5,40.5,41.0,7.005523204803468,69900.0,BTO
1999-03-15,37.5,37.5,37.5,37.5,19.151100158691406,200.0,BUSE
1999-03-15,3.6875,3.75,3.6875,3.75,2.588512897491455,310400.0,BVN
1999-03-15,1529.0,1679.0,1528.0,1600.0,1600.0,31800.0,BVSN
1999-03-15,5.7421875,5.8125,5.71875,5.765625,2.53432559967041,561600.0,BWA
1999-03-15,6.25,6.375,6.25,6.25,5.6477131843566895,17400.0,BXG
1999-03-15,135.0,136.875,135.0,136.875,35.65582275390625,100.0,BXMT
1999-03-15,31.875,32.0,31.8125,31.9375,14.99538803100586,88300.0,BXP
1999-03-15,16.0625,16.3125,16.0625,16.1875,9.227704048156738,31600.0,BXS
1999-03-15,4.25,4.25,4.125,4.1875,3.806678295135498,16000.0,BYD
1999-03-15,3.625,3.625,3.625,3.625,2.813717126846313,0.0,BYFC
1999-03-15,35.72916793823242,35.72916793823242,34.89583206176758,34.89583206176758,33.70914840698242,9700.0,BZH
1999-03-15,329.0625,331.25,325.625,329.6875,273.65216064453125,1560400.0,C
1999-03-15,12.333333015441895,12.333333015441895,12.333333015441895,12.333333015441895,6.330632209777832,4200.0,CAC
1999-03-15,5.9375,6.0,5.75,5.8125,5.8125,177900.0,CACC
1999-03-15,8.3125,8.4375,8.125,8.125,8.125,78400.0,CACI
1999-03-15,2.720000028610229,2.720000028610229,2.720000028610229,2.720000028610229,1.6798007488250732,0.0,CAE
1999-03-15,23.784046173095703,24.221790313720703,23.686769485473636,24.124513626098636,9.786055564880373,1350400.0,CAG
1999-03-15,51.75,51.83333206176758,50.58333206176758,51.45833206176758,26.46549797058105,1063600.0,CAH
1999-03-15,16.83333396911621,16.83333396911621,16.58333396911621,16.66666603088379,8.944967269897461,76600.0,CAJ
1999-03-15,7.166666507720947,7.259259223937987,6.907407283782959,6.9814815521240225,5.987049102783202,921300.0,CAKE
1999-03-15,6.30555534362793,6.30555534362793,6.19444465637207,6.25,3.5228912830352783,151800.0,CAL
1999-03-15,1.375,1.375,1.359375,1.359375,0.9318313598632812,15600.0,CALM
1999-03-15,1.75,1.9375,1.75,1.8125,1.8125,25300.0,CAMP
1999-03-15,27.79999923706055,28.29999923706055,27.29999923706055,27.899999618530273,25.539968490600586,1932900.0,CAR
1999-03-15,133.125,138.75,133.125,136.875,107.3397979736328,300.0,CARV
1999-03-15,5.166666507720947,5.166666507720947,5.166666507720947,5.166666507720947,3.0831847190856934,300.0,CASH
1999-03-15,277.75,279.125,266.75,270.875,270.875,14900.0,CASI
1999-03-15,5.992930889129639,5.992930889129639,5.992930889129639,5.992930889129639,3.838622093200684,0.0,CASS
1999-03-15,15.0,15.0,14.5,14.5625,11.980958938598633,137500.0,CASY
1999-03-15,22.375,22.78125,22.375,22.71875,10.809321403503418,4037600.0,CAT
1999-03-15,22.0,22.0,22.0,22.0,11.160304069519043,0.0,CATC
1999-03-15,7.083333492279053,7.083333492279053,6.666666507720947,6.666666507720947,2.6665785312652592,245800.0,CATO
1999-03-15,9.859375,9.96875,9.859375,9.96875,7.221727848052978,8000.0,CATY
1999-03-15,31.75,32.25,31.5,32.0,13.694533348083494,361400.0,CB
1999-03-15,8.640000343322754,8.680000305175781,8.640000343322754,8.640000343322754,6.360929489135742,2100.0,CBAN
1999-03-15,98.75,100.625,98.75,99.6875,98.43896484375,89400.0,CBB
1999-03-15,6.8125,7.09375,6.8125,6.9375,4.762550354003906,130600.0,CBD
1999-03-15,12.0625,12.0625,11.875,11.875,2.2810659408569336,56200.0,CBL
1999-03-15,17.625,17.875,17.0625,17.875,10.70435905456543,692800.0,CBRL
1999-03-15,18.78257179260254,19.126155853271484,18.78257179260254,19.126155853271484,12.121038436889648,167300.0,CBSH
1999-03-15,21.8125,21.8125,20.9375,20.9375,7.4877848625183105,159900.0,CBT
1999-03-15,12.375,12.4375,12.3125,12.4375,4.814776420593262,29600.0,CBU
1999-03-15,10.25,10.3125,9.5,10.03125,10.03125,296300.0,CBZ
1999-03-15,15.359999656677244,15.359999656677244,15.119999885559082,15.119999885559082,9.963173866271973,1600.0,CCBG
1999-03-15,34.1875,35.3125,34.1875,35.1875,12.48367977142334,638600.0,CCEP
1999-03-15,5.8125,5.875,5.8125,5.875,3.0541679859161377,1800.0,CCF
1999-03-15,18.375,19.9375,18.375,19.9375,15.90939712524414,231800.0,CCI
1999-03-15,3.375,3.3854167461395264,3.3333332538604736,3.3645832538604736,1.486046552658081,24600.0,CCJ
1999-03-15,28.0,28.5,27.9375,28.3125,25.661361694335934,359700.0,CCK
1999-03-15,45.25,45.9375,44.8125,45.3125,27.36089324951172,608000.0,CCL
1999-03-15,14.199999809265135,14.399999618530273,14.199999809265135,14.399999618530273,6.41143274307251,5000.0,CCNE
1999-03-15,8.100000381469728,8.199999809265138,8.0,8.199999809265138,2.243434429168701,30700.0,CCU
1999-03-15,43.75,45.0,43.125,43.75,43.75,16400.0,CDE
1999-03-15,39.375,40.46875,37.1875,37.1875,28.050796508789066,17700.0,CDMO
1999-03-15,24.25,24.6875,23.875,24.25,24.25,2028200.0,CDNS
1999-03-15,470.5882263183594,470.5882263183594,444.4444580078125,444.4444580078125,350.4818420410156,0.0,CDOR
1999-03-15,15.375,15.375,15.375,15.375,6.464821815490723,0.0,CDR
1999-03-15,200.0,200.390625,198.4375,200.0,200.0,2600.0,CDZI
1999-03-15,2.6875,2.71875,2.65625,2.71875,2.470622301101685,9000.0,CEA
1999-03-15,3.0,3.0,2.875,3.0,2.6072092056274414,16800.0,CECE
1999-03-15,12.125,12.375,12.125,12.3125,5.74053955078125,43400.0,CEE
1999-03-15,16.0,16.0,15.625,15.75,5.309591293334961,125600.0,CENT
1999-03-15,6.3125,6.3125,5.625,6.0,5.648397922515869,10100.0,CENX
1999-03-15,1.65625,1.6796875,1.625,1.65625,1.6437393426895142,1831200.0,CERN
1999-03-15,25.0,25.0,23.875,24.0,24.0,3900.0,CERS
1999-03-15,24.0625,24.25,24.0625,24.0625,5.527907371520996,10700.0,CET
1999-03-15,8.75,8.75,8.375,8.625,1.7461659908294678,62400.0,CETV
1999-03-15,15.0,15.125,15.0,15.125,4.511828899383545,6000.0,CEV
1999-03-15,290.05523681640625,290.05523681640625,283.149169921875,283.149169921875,199.82911682128903,200.0,CFBK
1999-03-15,19.25,19.5,19.25,19.375,9.564616203308104,2900.0,CFFI
1999-03-15,24.375,24.46875,24.0625,24.09375,13.148502349853516,73600.0,CFR
1999-03-15,6.0,6.21875,5.71875,5.8046875,4.728914737701416,339200.0,CGNX
1999-03-15,27.625,27.9375,26.125,27.25,13.85871410369873,15700.0,CHCO
1999-03-15,3.46875,3.640625,3.46875,3.5416667461395264,1.531940460205078,1196400.0,CHD
1999-03-15,10.25,10.916666984558104,10.166666984558104,10.75,8.443533897399902,141600.0,CHDN
1999-03-15,14.90625,14.90625,14.65625,14.71875,10.448381423950195,22400.0,CHE
1999-03-15,7.0,7.1875,7.0,7.1875,3.956254243850708,381600.0,CHH
1999-03-15,1.182592272758484,1.182592272758484,1.1234626770019531,1.182592272758484,1.0080091953277588,644300.0,CHK
1999-03-15,6.9375,7.208333492279053,6.8125,6.979166507720947,6.979166507720947,1998600.0,CHKP
1999-03-15,9.265625,9.265625,9.0625,9.171875,5.270408630371094,247600.0,CHL
1999-03-15,26.75,26.75,26.75,26.75,12.676487922668455,0.0,CHMG
1999-03-15,7.375,7.5,7.25,7.25,1.0039106607437134,56700.0,CHN
1999-03-15,4.375,4.375,3.75,3.75,3.75,400.0,CHNR
1999-03-15,6.71875,6.75,6.65625,6.6953125,4.662125587463379,180400.0,CHRW
1999-03-15,1.3333333730697632,1.3472222089767456,1.3159722089767456,1.3263888359069824,0.9466276168823242,1682800.0,CHS
1999-03-15,26.64583396911621,27.16666603088379,26.64583396911621,27.14583396911621,24.235280990600586,2282100.0,CI
1999-03-15,3.0224413871765137,3.254936933517456,3.0224413871765137,3.0999398231506348,3.0999398231506348,20200.0,CIA
1999-03-15,4.25,4.375,4.25,4.25,2.149085521697998,3800.0,CIB
1999-03-15,89.25,90.125,85.09375,86.625,86.625,2576600.0,CIEN
1999-03-15,6.5625,6.6875,6.5625,6.6875,0.751499354839325,23500.0,CIF
1999-03-15,2.4136037826538086,2.4136037826538086,2.278008222579956,2.4136037826538086,0.031514018774032586,371700.0,CIG
1999-03-15,3.986249208450317,4.095962524414063,3.986249208450317,4.059391498565674,3.43161416053772,99400.0,CIGI
1999-03-15,7.375,7.5,7.375,7.4375,0.9509835243225098,30100.0,CIK
1999-03-15,34.29705047607422,34.63718795776367,33.95691680908203,34.63718795776367,16.769023895263672,452000.0,CINF
1999-03-15,26.75,27.5,26.75,27.5,13.935173034667967,1200.0,CIVB
1999-03-15,15.8125,15.8125,15.4375,15.4375,8.104733467102049,7600.0,CIX
1999-03-15,22.40089607238769,22.40089607238769,21.90031623840332,22.08803367614746,18.043701171875,101100.0,CKH
1999-03-15,23.0625,23.125,22.65625,22.890625,11.14988899230957,4695200.0,CL
1999-03-15,5.9375,6.125,5.8125,6.0,5.912041664123535,108300.0,CLAR
1999-03-15,12.34375,12.34375,11.625,11.875,9.538439750671387,386000.0,CLB
1999-03-15,11250.0,11250.0,11250.0,11250.0,11182.056640625,0.0,CLBS
1999-03-15,20.11631774902344,20.11631774902344,20.11631774902344,20.11631774902344,10.76767349243164,200.0,CLDB
1999-03-15,270.0,270.0,236.25,236.25,236.25,0.0,CLDX
1999-03-15,4.328125,4.390625,4.3125,4.375,1.1842504739761353,190400.0,CLF
1999-03-15,6.5,7.25,6.5,7.25,7.25,12100.0,CLFD
1999-03-15,13.808643341064453,14.20113754272461,13.73728084564209,13.880005836486815,9.380660057067873,146700.0,CLGX
1999-03-15,0.859375,0.859375,0.84375,0.84375,0.84375,21400.0,CLH
1999-03-15,29.0625,29.0625,28.625,28.75,8.364900588989258,72800.0,CLI
1999-03-15,3.5,3.875,3.4375,3.8125,3.520403385162353,45400.0,CLRO
1999-03-15,13.75,13.9375,13.71875,13.90625,13.90625,520800.0,CLS
1999-03-15,916.3851318359376,916.3851318359376,827.7026977539062,857.2634887695312,857.2634887695312,0.0,CLSN
1999-03-15,3.672542810440064,3.672542810440064,3.672542810440064,3.672542810440064,2.971421003341675,0.0,CLWT
1999-03-15,62.78125,63.4375,60.875,61.40625,35.28828430175781,1711400.0,CLX
1999-03-15,24.25,25.0,24.25,25.0,8.379618644714355,27800.0,CM
1999-03-15,69.9375,69.9375,68.75,69.5,37.49298477172852,397600.0,CMA
1999-03-15,2.875,2.90625,2.875,2.8984375,1.0206215381622314,64000.0,CMC
1999-03-15,9.375,9.375,3.90625,3.90625,2.882282495498657,300.0,CMCL
1999-03-15,20.0,20.0,19.875,20.0,18.04936408996582,25300.0,CMCO
1999-03-15,11.791666984558105,12.114583015441895,11.791666984558105,11.989583015441895,9.568806648254396,1648200.0,CMCSA
1999-03-15,219.375,228.75,217.5,223.125,103.65258026123048,900.0,CMCT
1999-03-15,1.3827160596847534,1.3827160596847534,1.2592592239379885,1.2592592239379885,1.1968607902526855,15000.0,CMD
1999-03-15,9.6875,9.921875,9.625,9.90625,3.287440299987793,1012400.0,CMI
1999-03-15,20.0,20.5,20.0,20.25,1.083080530166626,24900.0,CMO
1999-03-15,42.25,42.4375,41.8125,42.1875,21.7091007232666,391500.0,CMS
1999-03-15,3.375,3.375,3.375,3.375,3.33819580078125,800.0,CMT
1999-03-15,2.2962963581085205,2.2962963581085205,2.222222328186035,2.2962963581085205,1.635153889656067,87300.0,CMTL
1999-03-15,8.125,8.125,8.0,8.125,1.9683527946472168,34600.0,CMU
1999-03-15,37.875,38.625,37.375,38.4375,28.582523345947266,168000.0,CNA
1999-03-15,17.375,17.4375,17.375,17.4375,12.443636894226074,2800.0,CNBKA
1999-03-15,4.182291507720946,4.25,4.171875,4.25,1.6393250226974487,1368000.0,CNI
1999-03-15,19.75,19.875,19.41666603088379,19.79166603088379,17.30952262878418,49800.0,CNMD
1999-03-15,6.464090824127197,6.464090824127197,6.464090824127197,6.464090824127197,3.968812704086304,0.0,CNOB
1999-03-15,23.8674373626709,24.130874633789066,23.8674373626709,23.97281265258789,7.464366912841798,397600.0,CNP
1999-03-15,117.5,117.5,115.9375,116.5625,116.5625,3200.0,CNR
1999-03-15,1.0625,1.0625,0.96875,1.03125,1.03125,79400.0,CNTY
1999-03-15,8.583333015441895,9.333333015441896,8.333333015441895,9.333333015441896,7.909931182861327,171400.0,CNXN
1999-03-15,1890.0,1890.0,1680.0,1890.0,1890.0,4.0,CODA
1999-03-15,44.95833206176758,45.27083206176758,44.3125,44.52083206176758,34.97948455810547,566400.0,COF
1999-03-15,1.2083333730697632,1.2395833730697632,1.2083333730697632,1.2239583730697632,0.6284749507904053,1214400.0,COG
1999-03-15,13.375,14.75,13.25,14.625,14.31910228729248,76300.0,COHR
1999-03-15,12.625,12.8125,12.375,12.4375,8.89684772491455,59200.0,COHU
1999-03-15,58.0,59.0,57.0,57.75,41.49238204956055,6900.0,COKE
1999-03-15,12.404279708862305,12.404279708862305,11.95808219909668,11.95808219909668,7.76425313949585,9200.0,COLB
1999-03-15,4.083333492279054,4.083333492279054,3.9583332538604736,4.0,3.236594915390014,42200.0,COLM
1999-03-15,7.21875,7.34375,7.15625,7.25,7.019135475158691,110400.0,COO
1999-03-15,16.389806747436527,16.508918762207028,16.246871948242188,16.31833839416504,6.16779899597168,1295200.0,COP
1999-03-15,44.46875,45.75,44.0625,45.5625,33.223907470703125,3375400.0,COST
1999-03-15,9.8125,9.84375,9.65625,9.71875,6.738367557525635,422000.0,CP
1999-03-15,43.4375,43.5,42.125,42.25,23.434001922607425,782900.0,CPB
1999-03-15,9.5,9.875,9.5,9.875,9.875,18700.0,CPE
1999-03-15,175.0,178.75,175.0,178.75,148.69813537597656,100.0,CPF
1999-03-15,11.333333015441895,11.333333015441895,11.166666984558104,11.166666984558104,3.7442593574523926,5400.0,CPK
1999-03-15,1.6302083730697632,1.7291666269302368,1.6041666269302368,1.671875,1.671875,2763600.0,CPRT
1999-03-15,1.375,1.375,1.375,1.375,1.375,500.0,CPSH
1999-03-15,3.625,3.625,3.375,3.4375,3.4375,33500.0,CPSS
1999-03-15,24.8125,25.0,24.6875,24.9375,8.213956832885742,69100.0,CPT
1999-03-15,25.625,25.6875,24.5625,24.75,15.463567733764648,228400.0,CR
1999-03-15,22.875,23.0,22.875,22.875,21.60519218444824,20100.0,CRAI
1999-03-15,14.5,14.687999725341795,14.5,14.625,14.544090270996096,900.0,CRC
1999-03-15,8.78125,8.84375,8.625,8.75,8.75,620800.0,CREE
1999-03-15,9.980433464050293,10.332684516906738,9.980433464050293,10.332684516906738,6.733854293823242,2200.0,CRESY
1999-03-15,130.5,130.5,130.5,130.5,4.700148582458496,100.0,CRF
1999-03-15,19.0,19.0,18.5,18.75,9.223817825317383,16500.0,CRH
1999-03-15,16.875,16.875,15.625,15.625,14.77689266204834,16400.0,CRK
1999-03-15,4.125,4.125,3.875,4.020833492279054,4.020833492279054,19600.0,CRMT
1999-03-15,12.0,12.5,11.9375,12.28125,5.96425199508667,225600.0,CRS
1999-03-15,9.1875,9.25,9.125,9.25,1.4578132629394531,7100.0,CRT
1999-03-15,8.0,8.0,7.75,7.8125,7.8125,167600.0,CRUS
1999-03-15,4.0,4.1111111640930185,4.0,4.006944656372069,4.006944656372069,414000.0,CRVL
1999-03-15,7.291666507720947,7.416666507720947,7.208333492279053,7.375,7.032272338867188,58600.0,CRY
1999-03-15,41.748046875,42.3583984375,41.1376953125,41.748046875,22.271791458129886,1400.0,CS
1999-03-15,25.84375,26.25,25.453125,26.25,20.320507049560547,34250800.0,CSCO
1999-03-15,20.0,20.3125,20.0,20.125,20.125,34600.0,CSGP
1999-03-15,35.25,35.75,34.0,35.3125,30.53877258300781,725100.0,CSGS
1999-03-15,21.5,21.96875,21.5,21.84375,13.530791282653807,136600.0,CSL
1999-03-15,6.9318180084228525,6.988636493682861,6.9318180084228525,6.988636493682861,4.362935543060304,7900.0,CSPI
1999-03-15,9.125,9.75,9.125,9.5625,9.5625,46200.0,CSU
1999-03-15,15.0625,15.125,14.8125,14.8125,13.575515747070312,18300.0,CSV
1999-03-15,19.875,19.875,19.875,19.875,9.506467819213867,0.0,CSWC
1999-03-15,6.260416507720947,6.572916507720947,6.260416507720947,6.5625,4.367184638977052,4179000.0,CSX
1999-03-15,46.83333206176758,47.58333206176758,46.375,47.54166793823242,36.8765983581543,575500.0,CTAS
1999-03-15,19.875,20.25,19.625,19.9375,12.008420944213867,191700.0,CTB
1999-03-15,12.982900619506836,12.982900619506836,12.982900619506836,12.982900619506836,5.901745319366455,100.0,CTBI
1999-03-15,18.0,18.0,16.0625,17.875,15.861491203308105,566100.0,CTG
1999-03-15,8.399999618530272,8.800000190734863,8.300000190734862,8.699999809265138,8.477083206176758,24600.0,CTHR
1999-03-15,49500.0,49500.0,48000.0,48000.0,48000.0,0.0,CTIC
1999-03-15,45.66666793823242,46.16666793823242,45.66666793823242,45.83333206176758,16.256219863891598,436600.0,CTL
1999-03-15,15.4375,15.4375,15.4375,15.4375,13.682119369506836,200.0,CTO
1999-03-15,60.0,63.75,60.0,61.875,61.875,800.0,CTRC
1999-03-15,24.78125,24.9375,24.5625,24.65625,20.039459228515625,199800.0,CTS
1999-03-15,0.7630208134651184,0.7916666865348816,0.7630208134651184,0.7864583134651184,0.7591327428817749,1459200.0,CTSH
1999-03-15,15.913661003112793,16.573101043701172,15.652373313903807,16.249601364135742,15.921381950378418,7567900.0,CTXS
1999-03-15,5.833333492279053,5.854166507720947,5.791666507720947,5.8125,4.597928524017334,3900.0,CUB
1999-03-15,5.875,6.1875,5.75,5.9375,2.4538798332214355,20400.0,CUBA
1999-03-15,5.5625,5.5625,5.25,5.375,4.576098442077637,10300.0,CULP
1999-03-15,17.625,17.625,17.625,17.625,17.625,800.0,CUO
1999-03-15,55.51634979248047,56.45730590820313,55.51634979248047,56.10444641113281,27.369140625,3600.0,CUZ
1999-03-15,3.5,3.5,3.375,3.4375,1.9449106454849243,5900.0,CVA
1999-03-15,5.077685832977295,5.108459949493408,4.923816680908203,5.108459949493408,2.7302615642547607,22600.0,CVBF
1999-03-15,5.284090995788574,5.284090995788574,5.284090995788574,5.284090995788574,4.496827602386475,0.0,CVCY
1999-03-15,8.246006965637207,8.246006965637207,8.246006965637207,8.246006965637207,3.505396604537964,0.0,CVLY
1999-03-15,500.0,515.625,468.75,468.75,468.75,300.0,CVM
1999-03-15,25.75,25.75,25.75,25.75,12.945734977722168,100.0,CVR
1999-03-15,26.0625,26.46875,24.625,25.0625,18.34554672241211,4059800.0,CVS
1999-03-15,16.875,16.875,15.75,16.0,16.0,9400.0,CVTI
1999-03-15,2.8125,2.90625,2.625,2.625,2.625,4100.0,CVU
1999-03-15,1.09375,1.09375,1.09375,1.09375,1.09375,0.0,CVV
1999-03-15,41.78125,42.21875,41.625,42.1875,16.89242935180664,2825200.0,CVX
1999-03-15,8.90625,8.90625,8.625,8.625,5.948700428009032,22400.0,CW
1999-03-15,9.25,9.25,9.0,9.0,7.374480247497559,19400.0,CWBC
1999-03-15,3.75,3.8125,3.75,3.75,2.058983325958252,80400.0,CWCO
1999-03-15,21.625,21.625,21.0625,21.0625,21.0625,12800.0,CWST
1999-03-15,12.46875,12.46875,12.34375,12.4375,4.0426344871521005,6000.0,CWT
1999-03-15,8.5625,8.5625,8.4375,8.5625,2.0474696159362797,28400.0,CXE
1999-03-15,11.0,11.0625,11.0,11.0625,3.1885221004486084,9900.0,CXH
1999-03-15,68.125,69.16666412353516,67.29166412353516,67.91666412353516,9.433109283447266,61800.0,CXW
1999-03-15,1.8908749818801882,1.9313937425613403,1.877368807792664,1.9178874492645264,1.4087363481521606,1142000.0,CY
1999-03-15,4.0,4.25,3.75,4.0,4.0,16600.0,CYAN
1999-03-15,8.083333015441895,8.208333015441895,7.833333492279053,8.083333015441895,8.083333015441895,50200.0,CYBE
1999-03-15,0.5625,0.5625,0.5,0.5,0.16999202966690066,288100.0,CYD
1999-03-15,33.0,33.625,33.0,33.125,32.84775924682617,137700.0,CYH
1999-03-15,20.51979637145996,20.83070373535156,20.51979637145996,20.83070373535156,8.161306381225586,10600.0,CZNC
1999-03-15,19.75,19.875,19.59375,19.625,5.654572486877441,470400.0,D
1999-03-15,1.5,1.5,1.4375,1.4375,1.4375,55800.0,DAIO
1999-03-15,1.1875,1.1875,1.125,1.140625,0.7045453786849976,24800.0,DAKT
1999-03-15,2.4375,2.4375,2.375,2.375,2.375,6900.0,DAR
1999-03-15,54.38931274414063,54.38931274414063,52.95801544189453,54.38931274414063,35.418460845947266,14700.0,DB
1999-03-15,23.75,23.8125,22.5,22.625,13.493988037109375,607000.0,DBD
1999-03-15,66.05979919433594,66.05979919433594,66.05979919433594,66.05979919433594,55.90448760986328,0.0,DCF
1999-03-15,4.5625,4.609375,4.5625,4.578125,2.78820276260376,119600.0,DCI
1999-03-15,10.9375,10.9375,10.75,10.8125,10.35595703125,15400.0,DCO
1999-03-15,6.740740776062013,6.740740776062013,6.592592716217041,6.611111164093018,3.182071685791016,104800.0,DCOM
1999-03-15,46.0190544128418,46.43417739868164,45.54463195800781,46.0190544128418,25.912582397460934,1280900.0,DD
1999-03-15,2.125,2.125,2.0416667461395264,2.0416667461395264,2.0416667461395264,41400.0,DDD
1999-03-15,16.4375,16.4375,16.25,16.4375,2.1826541423797607,30200.0,DDF
1999-03-15,26.25,26.25,25.375,25.5625,21.826717376708984,465700.0,DDS
1999-03-15,24.9375,24.9375,24.8125,24.9375,3.901491641998291,5300.0,DDT
1999-03-15,16.71875,16.9375,16.53125,16.6875,8.952641487121582,1331800.0,DE
1999-03-15,0.75,0.75,0.6875,0.6875,0.6875,49200.0,DECK
1999-03-15,5.1875,5.1875,4.9375,5.0,5.0,14600.0,DENN
1999-03-15,45.8125,45.9375,45.0625,45.875,22.70946884155273,234500.0,DEO
1999-03-15,7.41796875,7.41796875,7.41796875,7.41796875,4.1440958976745605,1200.0,DGICB
1999-03-15,7.5,7.5625,7.125,7.125,7.125,136700.0,DGII
1999-03-15,5.3125,5.3125,5.25,5.265625,4.138206481933594,234800.0,DGX
1999-03-15,12.0,12.0625,11.875,11.875,1.1450846195220947,175900.0,DHF
1999-03-15,4.476953983306885,4.597487449645996,4.442515850067139,4.476953983306885,3.079806089401245,924000.0,DHI
1999-03-15,25.0,25.0,25.0,25.0,10.298718452453613,200.0,DHIL
1999-03-15,10.02179718017578,10.081027030944824,9.820413589477539,9.84410572052002,5.996744632720947,1670900.0,DHR
1999-03-15,9.375,9.375,9.1875,9.25,0.8053935766220093,97100.0,DHY
1999-03-15,19.875,19.875,19.15625,19.3125,11.39423370361328,20000.0,DIN
1999-03-15,0.9135802388191224,0.9135802388191224,0.9135802388191224,0.9135802388191224,0.9135802388191224,36600.0,DIOD
1999-03-15,35.57565689086914,36.06890487670898,34.650814056396484,35.39068603515625,27.43212127685547,5638700.0,DIS
1999-03-15,7.375,7.5625,7.265625,7.5546875,5.383158206939697,5301600.0,DISH
1999-03-15,42.272727966308594,42.272727966308594,38.18181991577149,38.18181991577149,32.143753051757805,300.0,DIT
1999-03-15,41.0,41.0,41.0,41.0,41.0,100.0,DJCO
1999-03-15,16.1875,16.625,16.1875,16.625,16.625,1400.0,DLHC
1999-03-15,8.44444465637207,8.472222328186035,8.19444465637207,8.277777671813965,8.277777671813965,4315800.0,DLTR
1999-03-15,26.08368682861328,26.183624267578125,25.98374938964844,26.08368682861328,11.444918632507324,97300.0,DLX
1999-03-15,9.0,9.0,8.9375,8.9375,2.430004119873047,29300.0,DMF
1999-03-15,55.5,56.5,55.0,55.75,6.599882125854492,6500.0,DNI
1999-03-15,10.9375,11.0,10.875,10.875,2.1735782623291016,138300.0,DNP
1999-03-15,1.015625,1.015625,0.96875,0.984375,0.927916407585144,128800.0,DNR
1999-03-15,27.875,27.9375,26.5625,27.0,14.134130477905273,844600.0,DO
1999-03-15,2.125,2.125,2.0625,2.0625,1.973317265510559,30000.0,DORM
1999-03-15,23.21037101745605,23.713123321533203,23.12657928466797,23.671226501464844,13.555294036865234,450100.0,DOV
1999-03-15,21.75,21.875,21.3125,21.625,19.280982971191406,314700.0,DOX
1999-03-15,1400.0,1400.0,1400.0,1400.0,1400.0,0.0,DPW
1999-03-15,26.5625,26.875,25.0,25.0,17.622861862182614,21800.0,DRD
1999-03-15,21.9375,21.9375,21.5625,21.625,6.58660364151001,106300.0,DRE
1999-03-15,13.036041259765625,13.073287963867188,12.961549758911133,13.073287963867188,7.873453140258789,628700.0,DRI
1999-03-15,9.125,9.125,8.5625,8.59375,8.59375,81000.0,DRQ
1999-03-15,7.0,7.0,6.6875,6.75,6.75,38400.0,DSGX
1999-03-15,9.375,9.375,9.3125,9.3125,2.4112091064453125,66000.0,DSM
1999-03-15,7.4375,7.75,7.28125,7.46875,6.618290424346924,478600.0,DSPG
1999-03-15,18.399999618530273,21.600000381469727,18.399999618530273,18.399999618530273,18.399999618530273,600.0,DSS
1999-03-15,24.375,24.75,24.1875,24.5625,2.9745428562164307,61500.0,DSU
1999-03-15,3.944444417953491,4.055555343627931,3.6666667461395264,3.6666667461395264,0.7247812747955322,79600.0,DSWL
1999-03-15,41.75,42.125,41.5625,41.8125,15.885961532592773,271300.0,DTE
1999-03-15,17.0,17.0,16.9375,16.9375,5.542014122009277,700.0,DTF
1999-03-15,14.875,15.0625,14.875,15.0625,3.4640700817108154,49500.0,DUC
1999-03-15,51.972129821777344,52.353477478027344,51.69974136352539,51.80869674682617,26.19444465637207,496300.0,DUK
1999-03-15,3.0625,3.1458332538604736,2.9791667461395264,3.0833332538604736,3.0833332538604736,3762000.0,DVA
1999-03-15,14.0625,14.1875,13.9375,14.1875,4.289976119995116,19300.0,DVD
1999-03-15,13.28125,13.28125,13.125,13.1875,10.473383903503418,436600.0,DVN
1999-03-15,1.933826804161072,1.933826804161072,1.933826804161072,1.933826804161072,1.8446881771087649,1900.0,DWSN
1999-03-15,38.25,40.5,38.25,40.5,23.256614685058594,10800.0,DX
1999-03-15,33.286514282226555,34.373294830322266,33.286514282226555,34.000682830810554,18.806346893310547,755300.0,DXC
1999-03-15,2.0,2.0,1.875,1.96875,1.96875,111800.0,DXLG
1999-03-15,3.515625,3.71875,3.515625,3.515625,3.515625,3200.0,DXPE
1999-03-15,14.875,14.875,14.875,14.875,10.199230194091797,0.0,DXR
1999-03-15,7.5,7.75,7.375,7.5,7.5,22800.0,DXYN
1999-03-15,27.08333396911621,27.66666603088379,26.91666603088379,27.625,27.625,170100.0,DY
1999-03-15,9.21875,9.375,8.75,8.75,8.75,4100.0,DYNT
1999-03-15,25.35000038146973,25.79999923706055,25.149999618530273,25.60000038146973,6.337815761566162,82000.0,E
1999-03-15,10.34375,11.046875,10.3125,10.875,10.875,4512800.0,EA
1999-03-15,12.55555534362793,12.55555534362793,12.11111068725586,12.11111068725586,8.129274368286133,749400.0,EAT
1999-03-15,7.654671669006348,8.295848846435549,7.490267276763916,8.249815940856934,8.08995532989502,65955800.0,EBAY
1999-03-15,8.5625,8.6875,8.5625,8.625,3.2659149169921875,24200.0,EBF
1999-03-15,6.94444465637207,7.0,6.777777671813965,6.94444465637207,6.4710731506347665,145800.0,EBIX
1999-03-15,10.0,10.0,10.0,10.0,2.3841826915740967,0.0,ECF
1999-03-15,19.84375,20.1875,19.8125,20.09375,14.803881645202635,560200.0,ECL
1999-03-15,2.9375,3.25,2.875,3.03125,1.98894727230072,170100.0,ECOL
1999-03-15,48.1875,48.625,47.625,47.9375,17.636751174926758,476900.0,ED
1999-03-15,1.625,1.875,1.625,1.875,1.875,1300.0,EDAP
1999-03-15,1.265625,1.265625,1.25,1.25,0.21405577659606934,16000.0,EDUC
1999-03-15,7.5625,7.625,7.4375,7.5625,5.883842945098878,66700.0,EE
1999-03-15,13.375,13.625,13.375,13.5,6.33494758605957,16900.0,EEA
1999-03-15,2.5,2.5,2.375,2.375,2.375,20100.0,EEFT
1999-03-15,38.75,38.75,38.125,38.75,38.75,300.0,EFOI
1999-03-15,34.375,34.6875,34.125,34.3125,16.618106842041016,377900.0,EFX
1999-03-15,4.1875,4.25,3.75,3.875,3.875,103200.0,EGHT
1999-03-15,17.125,17.3125,17.125,17.3125,5.904886245727539,12800.0,EGP
1999-03-15,0.375,0.375,0.375,0.375,0.3749220371246338,0.0,EGY
1999-03-15,55.0,56.5625,54.0625,55.625,48.18741989135742,293800.0,EHC
1999-03-15,26.4375,26.5625,25.75,25.8125,14.132607460021973,489300.0,EIX
1999-03-15,23.21875,23.21875,22.703125,22.796875,15.935941696166992,414000.0,EL
1999-03-15,37.5,41.25,37.5,41.25,41.25,600.0,ELGX
1999-03-15,28.4375,30.0,27.5,30.0,29.19355010986328,10900.0,ELLO
1999-03-15,5.3125,5.8125,5.25,5.75,2.890463590621948,481200.0,ELP
1999-03-15,5.90625,5.90625,5.875,5.890625,0.5527332425117493,268000.0,ELS
1999-03-15,2.1666667461395264,2.1666667461395264,2.1666667461395264,2.1666667461395264,1.1295303106307983,300.0,ELSE
1999-03-15,5.625,5.9375,4.6875,5.9375,5.9375,300.0,ELTK
1999-03-15,10.25,10.75,10.25,10.5625,8.217211723327638,501000.0,ELY
1999-03-15,19.75,19.75,19.75,19.75,8.370720863342285,100.0,EMCF
1999-03-15,4.15625,4.15625,4.125,4.15625,3.9504706859588623,31200.0,EME
1999-03-15,10.375,10.5,10.3125,10.4375,3.438014030456543,34000.0,EMF
1999-03-15,36.375,37.25,36.375,36.5,28.05092620849609,11500.0,EMKR
1999-03-15,10.166666984558104,10.333333015441896,10.11111068725586,10.222222328186037,5.532701015472412,13600.0,EML
1999-03-15,87.40601348876953,87.40601348876953,82.4718017578125,82.94172668457031,56.38934707641602,166600.0,EMMS
1999-03-15,22.84375,23.3125,22.84375,23.125,7.326674938201903,291800.0,EMN
1999-03-15,29.46875,29.625,29.15625,29.25,13.079930305480955,1431800.0,EMR
1999-03-15,5.75,5.7578125,5.7265625,5.7265625,0.847110390663147,56000.0,ENB
1999-03-15,7.875,7.875,7.875,7.875,7.875,300.0,ENG
1999-03-15,14.018392562866213,14.051769256591795,13.851506233215332,14.051769256591795,5.970256328582764,120800.0,ENIA
1999-03-15,0.5929999947547913,0.75,0.4679999947547913,0.5929999947547913,0.17842447757720947,9600.0,ENSV
1999-03-15,10.386618614196776,10.489456176757812,10.078104972839355,10.386618614196776,10.386618614196776,76600.0,ENZ
1999-03-15,4.328125,4.328125,4.234375,4.28125,3.2938232421875,1176800.0,EOG
1999-03-15,66.0,94.0,65.0,92.25,92.25,7038500.0,EPAY
1999-03-15,4.015625,4.140625,4.0,4.0,0.21631377935409546,107200.0,EPD
1999-03-15,624.0,624.0,624.0,624.0,459.5826416015625,0.0,EPM
1999-03-15,17.4375,17.4375,17.0,17.25,3.5970079898834233,39000.0,EPR
1999-03-15,55.75,56.25,55.25,56.0,22.96174621582031,70900.0,EQC
1999-03-15,20.25,20.375,20.1875,20.34375,5.864302158355713,245400.0,EQR
1999-03-15,13.181818008422852,13.181818008422852,13.068181991577148,13.068181991577148,3.6950800418853764,9200.0,EQS
1999-03-15,3.657457828521729,3.657457828521729,3.5553891658782963,3.589411973953247,1.1473450660705566,177800.0,EQT
1999-03-15,31.5625,31.5625,30.859375,31.171875,18.860376358032227,4819200.0,ERIC
1999-03-15,28.5,28.5,28.0,28.5,15.448776245117188,36700.0,ERIE
1999-03-15,14.875,14.9375,14.6875,14.9375,7.788044929504394,229700.0,ES
1999-03-15,7.693380832672119,7.86823034286499,7.693380832672119,7.86823034286499,3.22952651977539,900.0,ESBK
1999-03-15,2.9166667461395264,3.0,2.9166667461395264,2.9479167461395264,1.7867023944854736,19200.0,ESCA
1999-03-15,4.875,4.875,4.75,4.75,4.381422996520996,21800.0,ESE
1999-03-15,13.25,13.25,13.25,13.25,12.866571426391602,100.0,ESGR
1999-03-15,14.375,14.875,14.375,14.75,7.980527877807617,29900.0,ESLT
1999-03-15,6.125,6.125,6.125,6.125,2.4128491878509517,0.0,ESP
1999-03-15,27.9375,28.0625,27.8125,27.875,11.906926155090332,13300.0,ESS
1999-03-15,0.20999999344348907,0.20999999344348907,0.20999999344348907,0.20999999344348907,0.20999999344348907,0.0,ESTE
1999-03-15,260.3125,273.75,258.75,270.625,238.37452697753903,707300.0,ETFC
1999-03-15,29.0,29.0,28.08333396911621,28.66666603088379,17.783905029296875,722800.0,ETH
1999-03-15,30.5,31.6875,30.5,31.6875,22.71673393249512,40700.0,ETM
1999-03-15,14.967824935913086,15.062729835510256,14.913593292236328,15.035614013671875,2.4548022747039795,917600.0,ETN
1999-03-15,28.8125,28.9375,28.25,28.375,12.55513858795166,516900.0,ETR
1999-03-15,5.171875,5.3125,5.171875,5.28125,3.0193085670471187,98000.0,EV
1999-03-15,9.75,9.75,9.6875,9.6875,2.206251621246338,92600.0,EVF
1999-03-15,2.5,2.75,2.5,2.625,1.2026547193527222,5800.0,EVI
1999-03-15,15.0625,15.0625,15.0,15.0625,3.79577898979187,68100.0,EVN
1999-03-15,10.125,10.375,10.125,10.375,4.492952823638916,31200.0,EVOL
1999-03-15,28.5,28.625,28.0,28.25,10.127864837646484,147900.0,EVRG
1999-03-15,15.0625,15.1875,15.0625,15.1875,4.400727272033691,7200.0,EVY
1999-03-15,4.9375,4.9375,4.8125,4.8125,3.680168867111206,4800.0,EWBC
1999-03-15,20.0,20.28125,19.9375,20.09375,9.277615547180176,925600.0,EXC
1999-03-15,11.4375,11.541666984558105,11.395833015441895,11.416666984558105,7.37092399597168,22800.0,EXP
1999-03-15,6.34375,6.390625,6.234375,6.390625,5.268098831176758,3369600.0,EXPD
1999-03-15,0.734375,0.734375,0.71875,0.734375,0.6731065511703491,47200.0,EXPO
1999-03-15,2.5833332538604736,2.5833332538604736,2.5833332538604736,2.5833332538604736,2.5558433532714844,300.0,EZPW
1999-03-15,31.77054214477539,32.28573989868164,31.5644645690918,32.14835357666016,16.345823287963867,4394200.0,F
1999-03-15,18.5,18.5,18.0,18.5,14.99081039428711,27000.0,FARM
1999-03-15,5.375,5.75,5.375,5.5,5.5,25500.0,FARO
1999-03-15,2.390625,2.46875,2.390625,2.40234375,1.6890710592269895,4203200.0,FAST
1999-03-15,6.0,6.0625,6.0,6.0625,1.062529444694519,1029700.0,FAX
1999-03-15,623.611083984375,623.611083984375,613.888916015625,613.888916015625,607.040771484375,1000.0,FBC
1999-03-15,11.833333015441895,11.833333015441895,11.777777671813965,11.777777671813965,6.562047481536865,2700.0,FBNC
1999-03-15,116.25,121.25,116.25,120.0,114.15802001953124,3200.0,FBP
1999-03-15,12.5625,12.5625,12.125,12.125,12.125,22700.0,FC
1999-03-15,8.75,8.75,8.75,8.75,4.07122278213501,100.0,FCAP
1999-03-15,18.842975616455078,18.842975616455078,18.51239585876465,18.51239585876465,9.038287162780762,1800.0,FCBC
1999-03-15,14.285714149475098,14.285714149475098,14.285714149475098,14.285714149475098,9.991347312927246,300.0,FCCO
1999-03-15,3.623953104019165,3.623953104019165,3.623953104019165,3.623953104019165,3.452253818511963,1200.0,FCCY
1999-03-15,204.0,207.0,195.0,195.0,195.0,200.0,FCEL
1999-03-15,11.3125,11.40625,11.25,11.34375,4.908094882965088,16800.0,FCF
1999-03-15,3.3958332538604736,3.5,3.3958332538604736,3.5,3.321359395980835,9200.0,FCFS
1999-03-15,1.3333333730697632,1.3888888359069824,1.3055555820465088,1.3888888359069824,1.3888888359069824,40900.0,FCN
1999-03-15,77.125,77.15625,76.875,77.0,66.0926513671875,15900.0,FCNCA
1999-03-15,10.5625,10.6875,10.5625,10.5625,1.7417068481445312,21300.0,FCO
1999-03-15,4.59375,4.71875,4.5625,4.625,2.515011787414551,954200.0,FCX
1999-03-15,6.25,6.25,6.0,6.25,3.4020566940307617,10800.0,FDEF
1999-03-15,15.9375,15.9375,15.3125,15.375,11.99681568145752,125000.0,FDP
1999-03-15,13.125,13.75,13.125,13.75,11.020797729492188,139800.0,FDS
1999-03-15,45.84375,47.09375,45.84375,47.09375,41.92371368408203,1425800.0,FDX
1999-03-15,29.3125,29.3125,28.5625,28.75,11.141984939575195,331700.0,FE
1999-03-15,7.25,7.25,6.5,6.75,5.6506452560424805,55800.0,FEIM
1999-03-15,8.109375,8.109375,8.109375,8.109375,6.392957210540772,16800.0,FELE
1999-03-15,20.238094329833984,20.238094329833984,19.913419723510746,20.238094329833984,8.669570922851562,6700.0,FFBC
1999-03-15,20.125,20.375,20.125,20.375,11.371994972229006,22600.0,FFG
1999-03-15,6.166666507720947,6.166666507720947,6.111111164093018,6.166666507720947,3.2398061752319336,98700.0,FFIC
1999-03-15,2.720000028610229,2.720000028610229,2.720000028610229,2.720000028610229,1.4053182601928709,14400.0,FFIN
1999-03-15,38.92122650146485,39.16000747680664,38.503360748291016,38.80183410644531,22.477033615112305,195200.0,FHN
1999-03-15,10.79629611968994,11.481481552124025,10.666666984558104,11.462963104248047,11.031534194946287,167500.0,FICO
1999-03-15,5.81944465637207,5.965277671813965,5.777777671813965,5.965277671813965,5.965277671813965,3236400.0,FISV
1999-03-15,48.75,49.20833206176758,48.70833206176758,49.20833206176758,28.670900344848636,2019100.0,FITB
1999-03-15,12.375,12.4375,12.25,12.375,10.236271858215332,20400.0,FIX
1999-03-15,3.59375,3.59375,3.59375,3.59375,1.6630492210388184,9800.0,FIZZ
1999-03-15,5.75,6.0625,5.5625,6.0,3.836899757385254,3974700.0,FL
1999-03-15,11.0625,11.3125,10.5,11.234375,11.234375,2870800.0,FLEX
1999-03-15,6.203703880310059,6.203703880310059,6.185184955596924,6.185184955596924,3.590360403060913,8100.0,FLIC
1999-03-15,2.171875,2.1875,2.140625,2.1640625,1.916307806968689,692800.0,FLIR
1999-03-15,2.5625,2.5625,2.5,2.5,2.5,11100.0,FLL
1999-03-15,2.1508915424346924,2.161865472793579,2.117969751358032,2.117969751358032,0.8267021775245667,1679500.0,FLO
1999-03-15,8.630000114440918,8.937999725341797,8.5,8.875,8.875,67200.0,FLOW
1999-03-15,5.354166507720947,5.4375,5.270833492279053,5.395833492279053,3.6404058933258057,187800.0,FLS
1999-03-15,12.625,13.0,12.625,12.8125,6.52672815322876,6800.0,FLXS
1999-03-15,20.53333282470703,20.66666603088379,20.26666641235352,20.36666679382324,12.887185096740724,57300.0,FMBI
1999-03-15,10.868387222290039,10.976799964904783,10.705767631530762,10.881937980651855,4.353919506072998,570000.0,FMC
1999-03-15,9.101706504821776,9.101706504821776,9.101706504821776,9.101706504821776,3.8449137210845943,400.0,FMNB
1999-03-15,10.53125,10.53125,10.375,10.375,7.7084598541259775,32800.0,FMS
1999-03-15,9.958333015441896,10.166666984558104,9.958333015441896,10.104166984558104,6.230210781097412,958200.0,FMX
1999-03-15,20.077857971191406,21.15520668029785,19.78403663635254,20.518590927124023,4.212116241455078,57000.0,FNB
1999-03-15,4.166666507720946,4.166666507720946,4.166666507720946,4.166666507720946,2.403897285461426,700.0,FNHC
1999-03-15,23.25,24.25,22.625,23.0625,17.515398025512695,91000.0,FOE
1999-03-15,34.375,34.375,32.8125,32.8125,32.804901123046875,2700.0,FONR
1999-03-15,1.25,1.3125,1.1875,1.1875,1.1875,11000.0,FORD
1999-03-15,17.6875,18.375,16.9375,17.0,13.683091163635256,44200.0,FORR
1999-03-15,28.75,29.375,28.4375,28.5,9.515380859375,128500.0,FORTY
1999-03-15,9.777777671813963,9.925926208496094,9.740740776062012,9.833333015441896,9.833333015441896,376200.0,FOSL
1999-03-15,26.0625,26.125,25.375,25.4375,9.299118995666504,63500.0,FR
1999-03-15,24.79999923706055,24.79999923706055,24.79999923706055,24.79999923706055,10.535177230834961,1800.0,FRAF
1999-03-15,8.827948570251465,8.827948570251465,8.264462471008299,8.640120506286621,7.59283447265625,77200.0,FRBK
1999-03-15,4.308390140533446,4.308390140533446,4.251700878143311,4.251700878143311,1.9272302389144895,1100.0,FRD
1999-03-15,19.11240768432617,19.43634605407715,19.11240768432617,19.43634605407715,10.873895645141602,3800.0,FRME
1999-03-15,8.166666984558105,8.166666984558105,8.166666984558105,8.166666984558105,6.8130760192871085,0.0,FRPH
1999-03-15,22.125,22.125,21.75,21.8125,8.330676078796388,28600.0,FRT
1999-03-15,22.0625,22.0625,21.625,21.6875,13.957873344421387,229200.0,FSS
1999-03-15,4.75,5.0625,4.75,5.0625,4.919348239898682,2300.0,FSTR
1999-03-15,8.9375,8.9375,8.8125,8.9375,1.8663573265075684,30900.0,FT
1999-03-15,860.0,860.0,860.0,860.0,545.2581787109375,0.0,FTAI
1999-03-15,1.96875,2.0,1.96875,1.96875,1.96875,6000.0,FTEK
1999-03-15,120.9375,121.875,118.125,120.0,27.94455146789551,21600.0,FTR
1999-03-15,12.375,12.8125,12.375,12.796875,7.5815491676330575,448800.0,FUL
1999-03-15,10.25706958770752,10.314053535461426,9.915167808532717,9.915167808532717,5.11520528793335,120500.0,FULT
1999-03-15,25.125,25.125,24.5,24.8125,6.455625057220459,28600.0,FUN
1999-03-15,16.0,16.5,16.0,16.5,9.660565376281738,7000.0,FUNC
1999-03-15,3.875,4.125,3.875,4.0,0.8580363988876343,60900.0,FUND
1999-03-15,19.25,19.5,19.25,19.5,11.731196403503418,2800.0,FUSB
1999-03-15,6.666666507720947,6.666666507720947,6.611111164093018,6.611111164093018,5.654747009277344,74700.0,FWRD
1999-03-15,7.34375,7.375,7.34375,7.34375,4.593465328216553,24800.0,FXNC
1999-03-15,10.2252779006958,10.490181922912598,10.2252779006958,10.27825927734375,1.1394248008728027,195300.0,GAB
1999-03-15,10.64289665222168,10.64289665222168,10.447015762329102,10.447015762329102,5.3661537170410165,7200.0,GABC
1999-03-15,32.3125,32.3125,32.0,32.1875,8.801053047180176,7600.0,GAM
1999-03-15,35.5625,35.75,35.0625,35.0625,17.923688888549805,48200.0,GATX
1999-03-15,6.25093936920166,6.37114953994751,6.170798778533936,6.170798778533936,3.1341931819915767,21900.0,GBCI
1999-03-15,8.750673294067383,8.952611923217773,8.717016220092772,8.918954849243164,6.749544143676758,77000.0,GBL
1999-03-15,21.25,21.25,21.25,21.25,21.25,0.0,GBR
1999-03-15,9.5,9.5,9.375,9.4375,6.9665961265563965,22700.0,GBX
1999-03-15,64.0,64.25,62.4375,63.4375,20.343313217163086,699500.0,GCI
1999-03-15,9.25,9.4375,9.25,9.3125,9.3125,127800.0,GCO
1999-03-15,10.5625,10.6875,10.5625,10.625,1.6258821487426758,12100.0,GCV
1999-03-15,30.71875,31.96875,30.6875,31.53125,18.519502639770508,945800.0,GD
1999-03-15,8.375,8.4375,8.3125,8.375,7.296592712402344,112600.0,GDEN
1999-03-15,34.61538314819336,35.33654022216797,34.61538314819336,35.29647445678711,18.246530532836914,19191700.0,GE
1999-03-15,14.6875,14.6875,14.3125,14.3125,6.739958763122559,11000.0,GEF
1999-03-15,15.375,15.375,14.9375,15.125,2.6878581047058105,22000.0,GEL
1999-03-15,4.75,4.833333492279053,4.722222328186035,4.81944465637207,1.9367496967315676,135900.0,GEO
1999-03-15,3.625,3.625,3.625,3.625,3.625,5600.0,GEOS
1999-03-15,10.39697551727295,10.456048965454102,9.924386024475098,10.101606369018556,10.101606369018556,248600.0,GERN
1999-03-15,3.5,3.5,3.28125,3.375,2.226389646530152,24400.0,GES
1999-03-15,12.4375,12.4375,12.1875,12.25,3.647745370864868,56800.0,GF
1999-03-15,11.375,11.375,11.25,11.375,7.348271369934082,10200.0,GFED
1999-03-15,8.125,8.125,7.840909004211426,8.011363983154299,6.864048957824707,20600.0,GFF
1999-03-15,3.552971601486206,3.660637378692627,3.391472816467285,3.391472816467285,2.277289867401123,34800.0,GFI
1999-03-15,0.36057692766189575,0.3659188151359558,0.3552350401878357,0.3659188151359558,0.003134694648906589,114200.0,GGB
1999-03-15,2.104938268661499,2.104938268661499,2.0123457908630367,2.024691343307495,0.4989494681358338,792300.0,GGG
1999-03-15,11.549567222595215,11.669875144958494,11.429259300231935,11.429259300231935,2.0708155632019043,19000.0,GGT
1999-03-15,330.9667663574219,330.9667663574219,326.5860900878906,328.0966796875,215.09503173828125,9200.0,GHC
1999-03-15,1.625,1.625,1.5750000476837158,1.5750000476837158,1.0107080936431885,10000.0,GHM
1999-03-15,11.0625,11.21875,11.0625,11.1875,11.1875,8000.0,GIB
1999-03-15,9.09375,9.4375,8.625,9.0625,7.5583128929138175,263000.0,GIFI
1999-03-15,0.6875,0.7083333134651184,0.6666666865348816,0.6666666865348816,0.6666666865348816,57200.0,GIII
1999-03-15,0.78125,0.796875,0.78125,0.796875,0.6837174892425537,51200.0,GIL
1999-03-15,1.5625,1.5625,1.515625,1.525390625,1.3238784074783323,8432000.0,GILD
1999-03-15,1205.0,1220.0,1197.5,1213.75,1152.8594970703125,12100.0,GILT
1999-03-15,6.75,6.8125,6.6875,6.8125,1.274821162223816,156600.0,GIM
1999-03-15,19.3125,19.59375,19.28125,19.453125,7.292487144470215,3666800.0,GIS
1999-03-15,14.94444465637207,15.38888931274414,14.86111068725586,15.38888931274414,10.449689865112305,934200.0,GL
1999-03-15,10.75,11.125,10.5625,10.9375,5.5065035820007315,48700.0,GLT
1999-03-15,19.60416603088379,19.97916603088379,19.5,19.66666603088379,14.64199161529541,2421300.0,GLW
1999-03-15,5.75,5.84375,5.625,5.796875,4.006787300109863,1134400.0,GNTX
1999-03-15,91.25,91.875,89.375,90.625,12.432250022888185,10100.0,GOGL
1999-03-15,18.5,18.5,18.0,18.0625,7.027003765106201,1362400.0,GOLD
1999-03-15,30.8125,30.875,29.75,29.9375,14.796062469482422,322900.0,GPC
1999-03-15,23.0,23.0,22.5,22.9375,19.40345001220703,69600.0,GPI
1999-03-15,6.979166507720947,7.013888835906982,6.94444465637207,6.94444465637207,6.196737289428711,41500.0,GPK
1999-03-15,2.0,2.0,2.0,2.0,2.0,500.0,GPOR
1999-03-15,44.41666793823242,46.33333206176758,44.08333206176758,46.20833206176758,30.66947937011719,2439400.0,GPS
1999-03-15,18.75,19.125,18.625,19.0,18.78279685974121,39900.0,GPX
1999-03-15,12.75,13.25,12.75,13.0625,12.38816738128662,160100.0,GRA
1999-03-15,4.956160068511963,4.956160068511963,4.81279993057251,4.833280086517334,1.9810378551483157,30300.0,GRC
1999-03-15,9.5,10.0,9.5,10.0,8.725063323974611,800.0,GRIF
1999-03-15,0.84375,0.84375,0.84375,0.84375,0.606057345867157,0.0,GROW
1999-03-15,12.0,12.125,12.0,12.0625,6.761942386627197,7200.0,GSBC
1999-03-15,5.5,5.5,5.4375,5.5,2.2054667472839355,26100.0,GSH
1999-03-15,63.5,64.0,62.9375,64.0,25.876789093017575,282600.0,GSK
1999-03-15,51.5625,51.5625,50.3125,51.5,39.36254501342773,613100.0,GT
1999-03-15,8.8125,8.8125,8.8125,8.8125,8.8125,100.0,GTIM
1999-03-15,13.25,13.3125,13.25,13.3125,2.9781742095947266,2800.0,GTY
1999-03-15,0.25,0.3125,0.25,0.25,0.25,264500.0,GV
1999-03-15,14.333333015441895,15.75,14.333333015441895,15.666666984558105,11.204465866088867,250300.0,GVA
1999-03-15,4.5,4.5,4.25,4.5,4.5,14500.0,GVP
1999-03-15,45.75,46.6875,45.75,46.375,32.06264877319336,170600.0,GWW
1999-03-15,137.62626647949222,142.0454559326172,137.62626647949222,142.0454559326172,13.569588661193848,300.0,GYRO
1999-03-15,2.6875,2.75,2.5,2.625,2.5292165279388428,44200.0,HA
1999-03-15,7.96875,8.125,7.875,7.96875,7.96875,31800.0,HAE
1999-03-15,26.834888458251953,26.834888458251953,26.834888458251953,26.834888458251953,20.2546501159668,2800.0,HAFC
1999-03-15,9.0625,9.125,8.84375,9.0,9.0,75800.0,HAIN
1999-03-15,18.0,18.0,17.28125,17.90625,11.319286346435547,4250000.0,HAL
1999-03-15,3.0,3.0,3.0,3.0,3.0,0.0,HALL
1999-03-15,27.66666603088379,28.16666603088379,27.66666603088379,28.0,17.60145378112793,834000.0,HAS
1999-03-15,26.85950469970703,27.2210750579834,26.75619888305664,27.11776924133301,13.301947593688965,442800.0,HBAN
1999-03-15,34.125,34.125,33.3125,33.625,28.81947326660156,188800.0,HCKT
1999-03-15,1.8765431642532349,1.8765431642532349,1.8024691343307493,1.8271604776382449,1.1858924627304075,16300.0,HCSG
1999-03-15,43.25,43.58333206176758,42.83333206176758,43.29166793823242,28.830984115600586,5186400.0,HD
1999-03-15,2.0625,2.25,2.0625,2.1875,2.1875,11700.0,HDSN
1999-03-15,17.71875,17.8125,17.6875,17.75,4.377803325653076,100000.0,HE
1999-03-15,4.0966153144836435,4.136005878448486,4.06707239151001,4.136005878448486,3.331875324249268,82100.0,HEI
1999-03-15,12.5625,12.625,11.75,12.125,12.125,346100.0,HELE
1999-03-15,16.91666603088379,17.0,16.27083396911621,16.5625,10.16999626159668,1544400.0,HES
1999-03-15,0.796875,0.8203125,0.7890625,0.8125,0.04143047332763672,139200.0,HFC
1999-03-15,8.96875,9.0625,8.625,8.875,4.749200344085693,18100.0,HFWA
1999-03-15,184.1666717529297,184.5833282470703,180.0,180.0,118.30250549316406,5700.0,HHS
1999-03-15,3.9135801792144775,3.9135801792144775,3.407407522201538,3.4691357612609863,3.4691357612609863,632700.0,HIBB
1999-03-15,15.625,15.625,15.5,15.5,10.203598976135254,3300.0,HIFS
1999-03-15,55.1875,56.9375,54.8125,56.8125,36.66353225708008,609000.0,HIG
1999-03-15,2.375,2.375,2.375,2.375,0.8558146357536316,0.0,HIHO
1999-03-15,10.875,10.9375,10.625,10.8125,1.5977463722229004,143000.0,HIO
1999-03-15,24.3125,24.3125,24.0,24.0,6.701691627502441,56400.0,HIW
1999-03-15,13.0,13.0,12.6875,12.8125,1.345934271812439,142800.0,HIX
1999-03-15,3.1875,3.1875,2.9375,3.0625,2.9432015419006348,527100.0,HL
1999-03-15,2.2592592239379883,2.518518447875977,2.2592592239379883,2.2592592239379883,1.2681236267089844,900.0,HLIO
1999-03-15,12.625,13.5,12.5625,13.375,13.375,197600.0,HLIT
1999-03-15,4.8125,4.875,4.71875,4.859375,4.859375,266800.0,HLX
1999-03-15,21.5,21.703125,21.3125,21.65625,13.570380210876465,153600.0,HMC
1999-03-15,4.375,4.375,4.375,4.375,2.0697884559631348,0.0,HMG
1999-03-15,23.625,23.875,23.3125,23.6875,13.70815372467041,75800.0,HMN
1999-03-15,12.75,12.875,12.75,12.875,9.237074851989746,1000.0,HMNF
1999-03-15,1.5833333730697632,1.6666666269302368,1.5833333730697632,1.6458333730697632,1.6458333730697632,402600.0,HMSY
1999-03-15,4.8125,4.875,4.5,4.5,3.623437404632568,164800.0,HMY
1999-03-15,13.125,13.25,12.75,12.875,12.875,103300.0,HNGR
1999-03-15,23.1875,23.3125,22.625,22.625,13.143020629882812,75800.0,HNI
1999-03-15,4.5,4.5,4.28125,4.40625,1.3592256307601929,84600.0,HNP
1999-03-15,0.75,0.75,0.75,0.75,0.5503910183906555,0.0,HNRG
1999-03-15,28.75,29.53125,28.75,29.53125,20.192182540893555,643000.0,HOG
1999-03-15,2.15625,2.25,2.15625,2.234375,2.234375,162400.0,HOLX
1999-03-15,43.61665725708008,44.33168411254883,43.43790054321289,44.33168411254883,27.07459831237793,1829200.0,HON
1999-03-15,2.1433470249176025,2.1433470249176025,2.1433470249176025,2.1433470249176025,1.6064699888229368,800.0,HOPE
1999-03-15,92.1875,93.75,92.1875,92.96875,92.96875,500.0,HOV
1999-03-15,10.25,10.25,9.71875,9.875,4.398550033569336,341200.0,HP
1999-03-15,15.681766510009766,16.249431610107422,15.681766510009766,16.249431610107422,6.357624530792236,11024000.0,HPQ
1999-03-15,14.5,14.625,14.5,14.5625,1.8142507076263428,30800.0,HQH
1999-03-15,12.0,12.0,11.9375,12.0,1.6043615341186523,21400.0,HQL
1999-03-15,19.75,19.875,19.625,19.75,4.464702129364014,72300.0,HR
1999-03-15,12.375,12.5625,12.359375,12.375,5.1739888191223145,1062800.0,HRB
1999-03-15,24.214075088500977,24.24761199951172,23.71101188659668,23.81162452697754,14.488779067993164,233600.0,HRC
1999-03-15,4.53125,4.625,4.515625,4.609375,1.358548283576965,1302400.0,HRL
1999-03-15,380.0,440.0,380.0,410.0,410.0,1800.0,HRTX
1999-03-15,13.28125,13.28125,13.15625,13.21875,7.743891716003418,96200.0,HSC
1999-03-15,5.122549057006836,5.122549057006836,4.975490093231201,5.085784435272217,5.085784435272217,3214500.0,HSIC
1999-03-15,40.0,43.125,40.0,40.625,39.4792366027832,3100.0,HSKA
1999-03-15,11.441507339477539,11.441507339477539,10.952031135559082,11.257953643798828,5.448136806488037,662700.0,HST
1999-03-15,30.65625,31.125,30.65625,30.90625,17.105918884277347,436800.0,HSY
1999-03-15,24.5,25.25,24.5,25.25,12.330427169799805,800.0,HT
1999-03-15,17.159090042114258,17.272727966308597,17.159090042114258,17.272727966308597,13.425699234008787,4200.0,HTBK
1999-03-15,4.1695733070373535,4.2646965980529785,4.106157779693604,4.106157779693604,2.9538669586181636,312100.0,HTLD
1999-03-15,12.166666984558105,12.416666984558105,12.166666984558105,12.166666984558105,8.246121406555176,15600.0,HTLF
1999-03-15,40.1875,40.375,39.625,40.0625,21.01382827758789,85800.0,HUBB
1999-03-15,4.75,4.875,4.75,4.75,4.75,11600.0,HUBG
1999-03-15,18.875,19.0,18.4375,18.75,17.307233810424805,720100.0,HUM
1999-03-15,5.0,5.0,4.6875,4.6875,4.339459896087647,1000.0,HURC
1999-03-15,11.40625,11.46875,11.375,11.46875,7.868980884552003,35800.0,HVT
1999-03-15,15.395833015441895,15.416666984558105,15.395833015441895,15.416666984558105,8.868298530578613,24800.0,HWC
1999-03-15,10.0,10.0,10.0,10.0,5.763711452484131,100.0,HWKN
1999-03-15,7.375,7.375,7.125,7.3125,6.966166973114014,57800.0,HXL
1999-03-15,21.875,22.1875,21.5625,21.875,2.4692513942718506,25500.0,HYB
1999-03-15,12.5,12.75,12.375,12.625,12.625,7500.0,HZO
1999-03-15,18.42156219482422,18.482160568237305,18.118576049804688,18.42156219482422,17.082763671875,793400.0,IAC
1999-03-15,7.6875,7.8125,7.6875,7.8125,0.9100119471549988,21000.0,IAF
1999-03-15,2.0,2.03125,2.0,2.0,2.0,4600.0,IART
1999-03-15,8.5625,8.5625,8.5625,8.5625,4.3757238388061515,500.0,IBA
1999-03-15,16.100000381469727,16.700000762939453,15.899999618530273,16.700000762939453,9.854402542114258,24700.0,IBKC
1999-03-15,89.59375,91.15625,88.5625,91.0,59.05331802368164,7902800.0,IBM
1999-03-15,8.722246170043945,9.008220672607422,8.722246170043945,9.008220672607422,5.510533809661865,11200.0,IBOC
1999-03-15,5.0,5.0,4.6875,4.84375,4.84375,6100.0,ICAD
1999-03-15,1.15625,1.15625,1.15625,1.15625,1.15625,0.0,ICCC
1999-03-15,7.6875,7.6875,7.4375,7.4375,7.4375,52000.0,ICLR
1999-03-15,35.0,35.9375,32.8125,33.75,33.75,12200.0,ICON
1999-03-15,12.666666984558105,12.75,12.5,12.666666984558105,12.666666984558105,27100.0,ICUI
1999-03-15,31.25,31.375,31.125,31.3125,13.785890579223633,23900.0,IDA
1999-03-15,4.6875,4.9375,4.6875,4.875,4.085929870605469,109000.0,IDCC
1999-03-15,92.0,96.0,88.0,88.0,88.0,100.0,IDRA
1999-03-15,3131.25,3218.75,2875.0,2975.0,2975.0,100.0,IDXG
1999-03-15,6.09375,6.28125,6.0625,6.28125,6.28125,1032400.0,IDXX
1999-03-15,3.4375,3.5,3.4375,3.5,3.5,5000.0,IEC
1999-03-15,8.387516021728517,8.509074211120605,8.387516021728517,8.509074211120605,3.892584800720215,1700.0,IEP
1999-03-15,235.01499938964844,236.083251953125,225.4007568359375,229.6737518310547,229.6737518310547,1200.0,IESC
1999-03-15,10.527777671813963,10.777777671813963,10.44444465637207,10.777777671813963,6.745486259460449,48700.0,IEX
1999-03-15,40.0,40.4375,39.8125,40.0,24.61385154724121,271900.0,IFF
1999-03-15,9.0,9.1875,9.0,9.1875,1.5793335437774658,136600.0,IFN
1999-03-15,3.9375,3.96875,3.75,3.765625,2.121805191040039,1508000.0,IGT
1999-03-15,8.854166984558105,8.854166984558105,8.854166984558105,8.854166984558105,7.860910415649414,300.0,IHC
1999-03-15,2.4375,2.4375,2.4375,2.4375,2.0027790069580083,0.0,IHT
1999-03-15,9.4375,9.8125,9.4375,9.8125,1.688151240348816,84800.0,IIF
1999-03-15,2.90625,2.90625,2.8125,2.84375,2.0126655101776123,51200.0,IIIN
1999-03-15,14.75,14.875,14.75,14.8125,4.400320053100586,28500.0,IIM
1999-03-15,5.5,5.5,5.25,5.4375,4.839519500732422,7200.0,IIN
1999-03-15,1.09375,1.09375,1.046875,1.046875,1.046875,26400.0,IIVI
1999-03-15,4.39393949508667,4.39393949508667,4.39393949508667,4.39393949508667,3.911088943481445,0.0,IKNX
1999-03-15,17.375,17.625,17.0,17.375,17.375,45700.0,IMAX
1999-03-15,128.75,128.75,122.5,125.625,125.625,67500.0,IMBI
1999-03-15,2.8125,2.84375,2.53125,2.6875,2.6875,210200.0,IMGN
1999-03-15,51.875,51.875,45.0,48.75,18.621116638183594,21600.0,IMH
1999-03-15,11.5,11.75,11.5,11.5,4.971199989318848,7400.0,IMKTA
1999-03-15,2.375,2.375,2.15625,2.3125,2.3125,169600.0,IMMU
1999-03-15,5.9375,6.0,5.895833492279053,5.9375,3.330446720123291,218100.0,IMO
1999-03-15,12.5,12.5,11.75,12.03125,12.03125,201600.0,INCY
1999-03-15,15.75,16.4375,15.5,16.0,9.385653495788574,23400.0,INDB
1999-03-15,0.73046875,0.73046875,0.658203125,0.662109375,0.04880833998322487,12672000.0,INFY
1999-03-15,28.125,28.15625,27.84375,28.125,13.46991729736328,153600.0,ING
1999-03-15,11.40625,11.6875,11.28125,11.6875,7.576249122619629,192600.0,INGR
1999-03-15,52.0,54.0,52.0,54.0,54.0,1400.0,INO
1999-03-15,0.609375,0.6145833134651184,0.6041666865348816,0.6041666865348816,0.6041666865348816,64800.0,INOD
1999-03-15,2.0,2.0,2.0,2.0,1.6897475719451904,0.0,INS
1999-03-15,20.75,20.75,20.5,20.625,5.414154052734375,17100.0,INSI
1999-03-15,2.65625,2.78125,2.65625,2.75,1.5997893810272217,48000.0,INT
1999-03-15,29.71875,29.71875,29.1875,29.46875,18.86042594909668,44557200.0,INTC
1999-03-15,8.25,8.25,8.166666984558105,8.166666984558105,8.166666984558105,2100.0,INTG
1999-03-15,3.863636255264282,3.863636255264282,3.863636255264282,3.863636255264282,3.863636255264282,6200.0,INTL
1999-03-15,7.0,7.0,7.0,7.0,6.768594741821289,600.0,INTT
1999-03-15,14.645833015441895,15.666666984558105,14.645833015441895,15.604166984558105,14.252010345458984,3222600.0,INTU
1999-03-15,2.96875,3.125,2.96875,2.96875,2.96875,1200.0,INUV
1999-03-15,807.5,818.75,792.5,798.75,798.75,10700.0,INVE
1999-03-15,106.875,110.625,97.5,101.25,101.25,74600.0,IO
1999-03-15,11.75,11.8125,11.25,11.625,11.625,94900.0,IONS
1999-03-15,2.5416667461395264,2.5416667461395264,2.5416667461395264,2.5416667461395264,2.206287384033203,0.0,IOR
1999-03-15,6.5625,6.5625,6.46875,6.53125,5.33612871170044,18200.0,IOSP
1999-03-15,41.60503005981445,43.269229888916016,41.54339218139648,42.71449661254883,21.84703063964844,2050600.0,IP
1999-03-15,1.7777777910232544,1.796296238899231,1.7777777910232544,1.7777777910232544,1.3569233417510986,82500.0,IPAR
1999-03-15,38.03125,38.59375,37.8125,38.09375,28.03668975830078,442600.0,IPG
1999-03-15,15.4375,15.5,15.375,15.4375,3.912905216217041,7300.0,IQI
1999-03-15,20.242610931396484,20.2675724029541,19.86821174621582,19.943090438842773,11.395700454711914,1236200.0,IR
1999-03-15,73.75,73.75,73.75,73.75,59.61617660522461,900.0,IRET
1999-03-15,5.9375,6.0,5.25,5.625,5.625,4800.0,IRIX
1999-03-15,19.4375,19.4375,19.0625,19.0625,4.319974422454834,6900.0,IRL
1999-03-15,8.044088363647461,8.163893699645996,7.9413981437683105,8.163893699645996,4.176021099090576,1330800.0,IRM
1999-03-15,22.455720901489254,22.455720901489254,22.455720901489254,22.455720901489254,13.67524528503418,200.0,IRS
1999-03-15,2.0,2.0,2.0,2.0,1.0383263826370241,5600.0,ISIG
1999-03-15,3.203125,3.203125,3.125,3.125,3.125,1600.0,ISNS
1999-03-15,21.25,21.375,20.375,20.875,19.672801971435547,188500.0,IT
1999-03-15,9.5,9.8125,9.5,9.8125,9.8125,1000.0,ITI
1999-03-15,22.0,22.0,22.0,22.0,16.953474044799805,0.0,ITIC
1999-03-15,8.875,9.5,8.5,9.0,9.0,109700.0,ITRI
1999-03-15,6.590549945831299,6.6527252197265625,6.590549945831299,6.600912570953369,2.8072588443756104,2859400.0,ITT
1999-03-15,33.5,34.46875,33.40625,34.15625,20.19059562683105,469000.0,ITW
1999-03-15,7.625,7.75,7.375,7.375,7.375,12800.0,IVAC
1999-03-15,24.0,24.5,23.375,23.8125,22.463865280151367,52400.0,IVC
1999-03-15,19.899999618530273,19.975000381469727,19.674999237060547,19.674999237060547,10.316032409667967,9000.0,IVZ
1999-03-15,29.27083396911621,29.27083396911621,29.27083396911621,29.27083396911621,22.461374282836914,100.0,IX
1999-03-15,9.546875,9.546875,9.484375,9.53125,9.245637893676758,200400.0,J
1999-03-15,13.0,13.125,12.9375,13.03125,11.820196151733398,551000.0,JACK
1999-03-15,11.5,11.833333015441895,11.166666984558104,11.333333015441895,10.769758224487305,215400.0,JAKK
1999-03-15,3.125,3.125,3.125,3.125,3.125,0.0,JAN
1999-03-15,5.84375,5.984375,5.84375,5.890625,4.868636131286621,168800.0,JBHT
1999-03-15,19.75,20.0625,19.25,19.71875,15.646967887878418,2676200.0,JBL
1999-03-15,3.5,3.625,3.5,3.625,2.422999143600464,5200.0,JBSS
1999-03-15,80.94141387939453,80.94141387939453,79.11958312988281,79.37984466552734,27.98676300048828,3054300.0,JCI
1999-03-15,40.625,40.625,39.5,39.625,27.288034439086914,655000.0,JCP
1999-03-15,10.1875,10.1875,10.0,10.0,4.351004123687743,8700.0,JCS
1999-03-15,0.5416666865348816,0.5416666865348816,0.5416666865348816,0.5416666865348816,0.5416666865348816,0.0,JCTCF
1999-03-15,9.307073593139648,9.402043342590332,9.307073593139648,9.34506130218506,3.3304309844970703,84300.0,JEF
1999-03-15,8.9375,8.9375,8.5625,8.625,6.016116619110107,203100.0,JEQ
1999-03-15,21.3125,21.3125,21.1875,21.1875,3.6486656665802,3600.0,JHI
1999-03-15,15.5625,15.625,15.4375,15.5,3.4692625999450684,3000.0,JHS
1999-03-15,10.0,10.234375,10.0,10.0,8.384637832641603,37400.0,JJSF
1999-03-15,9.375,9.65625,9.265625,9.4375,7.416323184967041,248800.0,JKHY
1999-03-15,33.0,33.375,33.0,33.375,30.393442153930664,15400.0,JLL
1999-03-15,8.3125,8.4375,8.3125,8.4375,1.8343479633331297,65000.0,JMM
1999-03-15,44.9375,45.5625,44.78125,45.46875,26.145517349243164,6704200.0,JNJ
1999-03-15,39.13043594360352,39.13043594360352,38.0434799194336,39.13043594360352,31.72208023071289,800.0,JOB
1999-03-15,24.875,26.125,24.875,26.0,16.229621887207028,188500.0,JOE
1999-03-15,7.3125,7.625,7.3125,7.5,3.111002922058105,51300.0,JOF
1999-03-15,8.625,9.0,8.625,8.875,8.152888298034668,18600.0,JOUT
1999-03-15,57.33333206176758,58.25,57.33333206176758,58.16666793823242,31.21669006347656,4845100.0,JPM
1999-03-15,18.9375,20.25,18.8125,20.0,10.72618007659912,2606800.0,JWN
1999-03-15,38.0,39.0625,37.3125,38.3125,20.413957595825195,752100.0,K
1999-03-15,38.4375,38.4375,37.1875,38.4375,35.06600952148437,3400.0,KAI
1999-03-15,13.25,13.5,12.5,12.625,7.608134746551514,67200.0,KAMN
1999-03-15,12.685401916503904,13.173301696777346,12.490242004394533,12.978141784667967,6.430305480957031,287400.0,KBAL
1999-03-15,11.625,11.6875,11.4375,11.53125,8.200421333312987,310400.0,KBH
1999-03-15,26.0,26.0,25.75,25.9375,18.350812911987305,58000.0,KELYA
1999-03-15,28.625,28.625,28.625,28.625,20.326431274414066,0.0,KELYB
1999-03-15,17.53125,17.8125,17.4375,17.53125,17.345172882080078,150200.0,KEM
1999-03-15,14.3125,14.3125,14.0,14.125,9.94788932800293,188100.0,KEP
1999-03-15,9.75,9.75,9.75,9.75,5.306857109069824,0.0,KEQU
1999-03-15,9.9375,9.96875,9.9375,9.96875,9.96875,16000.0,KEX
1999-03-15,33.875,34.0,32.75,33.5,16.820451736450195,1098600.0,KEY
1999-03-15,96.25,97.5,95.0,96.25,4.9074740409851065,15500.0,KF
1999-03-15,8.4375,8.625,7.84375,7.9375,6.426414489746094,358500.0,KFRC
1999-03-15,30.239999771118164,30.239999771118164,30.239999771118164,30.239999771118164,27.59958839416504,0.0,KFS
1999-03-15,12.8125,13.375,12.75,13.3125,12.528108596801758,410500.0,KFY
1999-03-15,6.75,6.75,6.5625,6.75,6.4395484924316415,11100.0,KGC
1999-03-15,12.854166984558105,12.875,12.770833015441895,12.875,2.258524179458618,234600.0,KIM
1999-03-15,0.4900000095367432,0.4900000095367432,0.4900000095367432,0.4900000095367432,0.4852460622787476,0.0,KIQ
1999-03-15,27.375,28.25,26.25,26.8125,15.081371307373047,4001600.0,KLAC
1999-03-15,11.0625,11.71875,10.75,11.71875,11.230412483215332,719000.0,KLIC
1999-03-15,48.23825454711914,48.89741134643555,47.75886917114258,47.87871551513672,24.17804527282715,1357300.0,KMB
1999-03-15,33.5,34.0,33.5,33.5,15.224907875061035,19600.0,KMPR
1999-03-15,9.375,9.46875,9.25,9.3125,5.253986358642578,190800.0,KMT
1999-03-15,2.09375,2.125,2.0625,2.125,2.125,95000.0,KMX
1999-03-15,4.04938268661499,4.148148059844972,3.9506173133850098,4.0740742683410645,3.529644012451172,145000.0,KNX
1999-03-15,34.71875,34.71875,34.125,34.34375,14.414546966552734,8657200.0,KO
1999-03-15,15.0,15.3125,15.0,15.25,10.703903198242188,304500.0,KOF
1999-03-15,4.125,4.125,4.03125,4.03125,4.03125,187600.0,KOPN
1999-03-15,3.0625,3.09375,2.875,3.03125,1.7429522275924685,225600.0,KOSS
1999-03-15,16.421875,17.03125,16.421875,16.953125,11.674433708190918,5790400.0,KR
1999-03-15,21.0,21.25,21.0,21.25,8.262551307678223,22300.0,KRC
1999-03-15,12.5,12.5,12.4375,12.4375,3.1360135078430176,12300.0,KSM
1999-03-15,37.34375,37.875,36.96875,37.21875,25.81269645690918,976000.0,KSS
1999-03-15,92.625,94.625,91.25,94.5,44.05915451049805,427400.0,KSU
1999-03-15,3.9375,4.0625,3.9375,4.0,4.0,46400.0,KTCC
1999-03-15,12.8125,12.875,12.75,12.875,3.4327197074890137,74400.0,KTF
1999-03-15,2.125,2.5,1.625,1.875,1.875,85300.0,KVHI
1999-03-15,14.0625,14.0625,14.0,14.0625,7.403321743011475,5200.0,KWR
1999-03-15,62.54114532470703,62.54114532470703,57.60368728637695,57.60368728637695,57.60368728637695,100.0,KZIA
1999-03-15,13.885416984558105,13.885416984558105,13.635416984558105,13.708333015441895,8.924778938293457,1555200.0,L
1999-03-15,16.8125,16.9375,16.625,16.625,12.652182579040527,41000.0,LAD
1999-03-15,2.9881839752197266,3.0735604763031006,2.9881839752197266,3.0735604763031006,3.0735604763031006,4400.0,LAKE
1999-03-15,40.625,40.8125,40.0,40.375,28.18099594116211,104000.0,LAMR
1999-03-15,27.3125,27.625,27.0,27.28125,14.593393325805664,80700.0,LANC
1999-03-15,10.307509422302246,10.307509422302246,10.307509422302246,10.307509422302246,3.709053039550781,0.0,LARK
1999-03-15,21.0,21.0,20.5,20.75,15.24874782562256,6400.0,LAWS
1999-03-15,18.125,18.71875,18.125,18.71875,6.72200345993042,2093000.0,LB
1999-03-15,10.474894523620604,11.11950397491455,10.474894523620604,10.474894523620604,5.786613941192628,1300.0,LBAI
1999-03-15,32.125,32.1875,31.875,32.1875,25.36493492126465,36200.0,LBY
1999-03-15,0.8333333134651184,0.8333333134651184,0.8333333134651184,0.8333333134651184,0.8333333134651184,600.0,LCI
1999-03-15,6.0625,6.1875,6.0,6.1875,4.572844982147217,20000.0,LCII
1999-03-15,15.4375,15.625,15.0,15.25,14.447368621826172,43900.0,LCTX
1999-03-15,10.0,10.0,9.75,9.75,6.688414573669434,1600.0,LCUT
1999-03-15,8.75,8.8125,8.75,8.8125,8.8125,34400.0,LDL
1999-03-15,9.1875,9.1875,8.9375,9.125,5.835264205932617,56000.0,LECO
1999-03-15,27.5625,27.75,27.0625,27.0625,20.210542678833008,20300.0,LEE
1999-03-15,21.5,21.625,21.1875,21.1875,10.264083862304688,206900.0,LEG
1999-03-15,10.96976375579834,11.12340259552002,10.601032257080078,10.662487983703613,8.127529144287111,216000.0,LEN
1999-03-15,9.25,9.3125,9.25,9.25,2.392542123794556,92500.0,LEO
1999-03-15,3828.9833984375,3846.15380859375,3794.642822265625,3811.813232421875,2202.671630859375,2200.0,LEU
1999-03-15,17.0,17.875,17.0,17.25,15.579459190368652,86700.0,LFUS
1999-03-15,4.760000228881836,4.760000228881836,4.760000228881836,4.760000228881836,4.760000228881836,0.0,LFVN
1999-03-15,47.22729873657226,47.22729873657226,47.22729873657226,47.22729873657226,18.999483108520508,0.0,LGL
1999-03-15,51.75,54.75,50.625,54.0,40.486488342285156,44500.0,LGND
1999-03-15,4.0625,4.21875,3.90625,4.0625,4.0625,144400.0,LH
1999-03-15,14.349149703979492,14.363912582397461,14.112950325012207,14.20152473449707,7.854691028594972,717800.0,LHX
1999-03-15,17.5,17.625,17.28125,17.4375,10.972391128540039,755400.0,LIN
1999-03-15,6.125,6.166666507720947,6.083333492279053,6.083333492279053,3.5007095336914062,9300.0,LKFN
1999-03-15,94.125,96.9375,93.9375,96.5625,50.53009033203125,1673900.0,LLY
1999-03-15,19.79166603088379,20.54166603088379,19.70833396911621,19.95833396911621,13.723183631896973,164100.0,LM
1999-03-15,39.625,40.1875,39.25,40.1875,23.572650909423828,2275200.0,LMT
1999-03-15,47.65625,49.84375,47.53125,49.0,30.23175621032715,817200.0,LNC
1999-03-15,4.5,4.5,4.5,4.5,4.5,100.0,LNDC
1999-03-15,2.6800000667572017,3.259999990463257,2.6800000667572017,3.259999990463257,3.259999990463257,21600.0,LNG
1999-03-15,15.9375,16.75,15.9375,16.125,13.250664710998535,16300.0,LNN
1999-03-15,14.28125,14.375,14.28125,14.34375,5.455361843109131,117600.0,LNT
1999-03-15,1.65625,1.65625,1.65625,1.65625,1.2478854656219482,0.0,LOGI
1999-03-15,16.234375,16.234375,15.90625,16.046875,12.10241413116455,4813200.0,LOW
1999-03-15,24.0,24.5,23.0,23.5,23.5,2100.0,LPTH
1999-03-15,18.5,19.125,18.5,19.0625,14.701223373413086,428700.0,LPX
1999-03-15,11.0,11.270833015441895,10.6875,10.833333015441896,9.82647705078125,1492800.0,LRCX
1999-03-15,10.625,10.9375,10.4453125,10.53125,10.53125,842000.0,LSCC
1999-03-15,24.3125,24.4375,24.125,24.1875,7.239342212677003,14300.0,LSI
1999-03-15,4.8125,5.03125,4.71875,4.71875,4.169806003570557,94400.0,LSTR
1999-03-15,11.4375,11.625,11.3125,11.5,3.0378096103668213,102800.0,LTC
1999-03-15,0.8125,0.8500000238418579,0.8000000119209291,0.8249999880790709,0.4973929226398468,101500.0,LTM
1999-03-15,15.375,15.5,14.9375,15.125,13.603124618530273,467200.0,LUB
1999-03-15,14.027777671813965,15.277777671813965,13.916666984558105,15.166666984558105,13.863492012023926,5107000.0,LUV
1999-03-15,1.03125,1.0625,1.03125,1.0625,1.0502111911773682,24400.0,LWAY
1999-03-15,11.125,11.25,10.6875,10.875,2.0835297107696533,27300.0,LXP
1999-03-15,2.875,2.875,2.75,2.875,2.875,28500.0,LXU
1999-03-15,9.733333587646484,10.0,9.733333587646484,9.733333587646484,5.245668411254883,3100.0,LYTS
1999-03-15,19.0,19.1875,18.875,19.0625,13.429265975952148,23300.0,LZB
1999-03-15,19.15625,20.03125,19.15625,19.90625,11.864435195922852,2243400.0,M
1999-03-15,23.3125,23.5,22.75,22.9375,6.940391540527344,14300.0,MAA
1999-03-15,21.5845890045166,21.5845890045166,21.12164878845215,21.12164878845215,5.4202728271484375,109000.0,MAC
1999-03-15,2.7492380142211914,2.9175586700439453,2.6931312084198,2.9175586700439453,2.5896215438842773,20600.0,MAGS
1999-03-15,24.25,24.5625,24.0,24.25,18.252559661865234,219700.0,MAN
1999-03-15,2.390625,2.4375,2.3515625,2.4375,2.4375,949600.0,MANH
1999-03-15,17.945146560668945,18.119935989379886,17.71209144592285,17.8286190032959,14.442611694335938,1087500.0,MAR
1999-03-15,14.75,14.75,14.75,14.75,2.1334731578826904,0.0,MARPS
1999-03-15,22.682336807250977,23.1217041015625,22.242969512939453,22.792179107666016,13.24534511566162,986100.0,MAS
1999-03-15,23.5625,23.5625,22.625,22.8125,12.103710174560547,1522100.0,MAT
1999-03-15,13.75,14.0,13.75,14.0,11.598518371582033,9000.0,MATW
1999-03-15,9.530062675476074,9.59000015258789,9.350250244140623,9.530062675476074,3.32392692565918,74400.0,MATX
1999-03-15,7.25,7.25,7.25,7.25,7.25,300.0,MAYS
1999-03-15,41.45833206176758,41.625,40.83333206176758,41.29166793823242,35.38173294067383,565500.0,MBI
1999-03-15,22275.0,24806.25,21768.75,24806.25,24806.25,0.0,MBOT
1999-03-15,16.25,16.3125,16.125,16.125,4.83547306060791,6000.0,MCA
1999-03-15,6.6784305572509775,6.7897377014160165,6.6784305572509775,6.7897377014160165,4.9617581367492685,1200.0,MCBC
1999-03-15,43.1875,44.9375,43.1875,44.1875,26.4669132232666,2953600.0,MCD
1999-03-15,0.125,0.125,0.125,0.125,0.11793707311153412,0.0,MCF
1999-03-15,9.518518447875977,9.629630088806152,9.481481552124023,9.55555534362793,5.809139728546143,3538500.0,MCHP
1999-03-15,11.78125,11.8125,11.75,11.75,2.008940935134888,10000.0,MCI
1999-03-15,59.5,62.8125,59.0,62.625,52.983787536621094,5345700.0,MCK
1999-03-15,13.75,13.8125,13.5,13.75,9.943877220153807,1205000.0,MCO
1999-03-15,9.875,9.875,9.75,9.8125,1.9588166475296018,105800.0,MCR
1999-03-15,3.6875,3.84375,3.6875,3.84375,3.84375,1000.0,MCRI
1999-03-15,12.0,12.125,11.9375,12.0,5.551803588867188,6400.0,MCS
1999-03-15,37.125,37.5625,35.875,35.875,14.159852027893065,76000.0,MCY
1999-03-15,5.0,5.375,4.9375,5.234375,5.234375,1584400.0,MD
1999-03-15,8.178891181945799,8.270106315612793,8.178891181945799,8.270106315612793,4.529108047485352,14300.0,MDC
1999-03-15,6.041666507720947,6.25,6.041666507720947,6.083333492279053,4.545517921447754,33900.0,MDCA
1999-03-15,32.0,33.875,31.8125,31.9375,17.653629302978516,133200.0,MDP
1999-03-15,34.0,35.15625,33.9375,34.9375,25.312664031982425,8989000.0,MDT
1999-03-15,9.777777671813963,9.777777671813963,9.69444465637207,9.75,4.142205715179443,246600.0,MDU
1999-03-15,0.5,1.125,0.25,1.0,0.8782365918159485,158400.0,MED
1999-03-15,4.209750175476073,4.209750175476073,4.0226497650146475,4.13958740234375,2.725984811782837,156300.0,MEI
1999-03-15,11.6875,11.8125,11.6875,11.6875,3.2789826393127437,43600.0,MEN
1999-03-15,3.9375,3.9375,3.875,3.9375,2.3626532554626465,12000.0,MEOH
1999-03-15,6.1875,6.25,6.0625,6.25,4.966521263122559,32500.0,MERC
1999-03-15,4.8125,4.875,4.8125,4.875,0.4194004535675049,8500.0,MFA
1999-03-15,15.25,15.25,15.0,15.0625,4.7753682136535645,19700.0,MFIN
1999-03-15,15.6875,15.6875,15.5625,15.6875,4.360405921936035,6700.0,MFL
1999-03-15,8.5,8.5625,8.5,8.5625,2.205440759658813,51000.0,MFM
1999-03-15,16.125,16.3125,16.125,16.1875,4.63673734664917,11600.0,MFT
1999-03-15,15.625,15.6875,15.375,15.375,1.8599119186401367,8400.0,MFV
1999-03-15,14.28125,14.5,14.28125,14.46875,3.611618757247925,1274400.0,MGA
1999-03-15,13.416666984558105,13.416666984558105,13.25,13.333333015441895,6.016173839569093,9900.0,MGEE
1999-03-15,6.375,6.375,6.3125,6.3125,1.484682559967041,123300.0,MGF
1999-03-15,2.0,2.1666667461395264,1.9583333730697632,2.1666667461395264,0.9476836323738098,225000.0,MGIC
1999-03-15,9.875,9.90625,9.703125,9.796875,9.05831527709961,487600.0,MGM
1999-03-15,6.125,6.125,6.125,6.125,4.889676570892334,0.0,MGPI
1999-03-15,9.375,9.375,9.0,9.0,4.8368191719055185,8800.0,MGRC
1999-03-15,15.6875,15.75,15.6875,15.6875,3.89713716506958,20400.0,MHD
1999-03-15,14.6875,14.6875,14.6875,14.6875,4.642109394073486,900.0,MHE
1999-03-15,9.75,9.9375,9.75,9.9375,3.0258047580718994,43900.0,MHF
1999-03-15,30.5,30.8125,30.0,30.4375,30.4375,110500.0,MHK
1999-03-15,15.4375,15.4375,15.4375,15.4375,4.517034530639648,4000.0,MHN
1999-03-15,8.75,8.75,8.75,8.75,8.316816329956055,8000.0,MHO
1999-03-15,1.1875,1.1875,1.1875,1.1875,1.0925168991088867,200.0,MICR
1999-03-15,0.7083333134651184,0.7291666865348816,0.6875,0.6979166865348816,0.6763889193534851,77400.0,MIDD
1999-03-15,6.6875,6.75,6.6875,6.75,1.3055126667022705,266100.0,MIN
1999-03-15,4.75,4.75,4.53125,4.53125,4.53125,33700.0,MIND
1999-03-15,6.25,6.25,6.125,6.1875,5.240315914154053,38600.0,MINI
1999-03-15,1.4375,1.53125,1.4375,1.5,1.5,11500.0,MITK
1999-03-15,15.625,15.625,15.625,15.625,4.438049793243408,0.0,MIY
1999-03-15,14.03125,14.0625,13.8125,13.96875,8.36441707611084,385000.0,MKC
1999-03-15,180.25,181.0,180.0,181.0,181.0,2700.0,MKL
1999-03-15,5.0,5.25,5.0,5.25,4.0497422218322745,1300.0,MLAB
1999-03-15,16.0625,16.25,15.6875,16.0625,12.284801483154295,684500.0,MLHR
1999-03-15,10.3125,10.65625,10.1875,10.375,4.324671745300293,275600.0,MLI
1999-03-15,54.625,54.625,53.5625,54.0,40.39501953125,84100.0,MLM
1999-03-15,9.0,9.25,9.0,9.25,9.12175750732422,400.0,MLP
1999-03-15,23.125,23.4375,22.1875,23.125,17.464685440063473,23800.0,MLR
1999-03-15,7.5,7.6875,7.125,7.3125,7.3125,2600.0,MLSS
1999-03-15,94.6875,95.0,94.375,94.375,46.12602615356445,1800.0,MMAC
1999-03-15,39.0,39.0,38.4375,38.96875,21.307167053222656,1116200.0,MMC
1999-03-15,40.3125,40.46875,39.53125,39.84375,21.471920013427734,2360800.0,MMM
1999-03-15,6.875,6.96875,6.875,6.96875,4.898367881774902,198400.0,MMS
1999-03-15,1.5839999914169312,1.6380000114440918,1.5839999914169312,1.5974999666213991,1.5974999666213991,30000.0,MMSI
1999-03-15,6.4375,6.5625,6.4375,6.5,1.2575857639312744,138500.0,MMT
1999-03-15,10.9375,11.0,10.8125,10.875,3.32519793510437,41000.0,MMU
1999-03-15,13.5625,13.5625,13.5625,13.5625,4.1615633964538565,0.0,MNP
1999-03-15,5.5,5.5,5.25,5.375,1.2002274990081787,17100.0,MNR
1999-03-15,2.222222328186035,2.222222328186035,2.222222328186035,2.222222328186035,1.9019179344177248,0.0,MNRO
1999-03-15,0.08984375,0.0924479141831398,0.0885416641831398,0.0885416641831398,0.0885416641831398,1867200.0,MNST
1999-03-15,38.9375,39.25,38.375,38.625,2.87540864944458,9376000.0,MO
1999-03-15,29.0,29.375,28.875,29.125,20.81608390808105,9900.0,MOD
1999-03-15,19.6875,20.0,19.25,19.375,15.051127433776855,263800.0,MOS
1999-03-15,11.0,11.0,10.25,10.5,7.83402156829834,19800.0,MOV
1999-03-15,16.25,16.25,16.25,16.25,5.220332145690918,200.0,MPA
1999-03-15,12.125,12.125,11.125,11.75,11.75,18100.0,MPAA
1999-03-15,21.184589385986328,21.184589385986328,20.978912353515625,20.978912353515625,10.945293426513672,1100.0,MPB
1999-03-15,12.3125,12.375,12.1875,12.1875,1.9821683168411253,8700.0,MPV
1999-03-15,14.4375,14.4375,14.375,14.4375,4.0350990295410165,20400.0,MQT
1999-03-15,14.5625,14.75,14.5625,14.6875,4.137141227722168,45500.0,MQY
1999-03-15,8.9375,9.3125,8.65625,9.3125,8.959710121154785,129200.0,MRCY
1999-03-15,83.9375,84.625,83.375,84.25,39.00920104980469,4430300.0,MRK
1999-03-15,7.083437442779541,7.083437442779541,6.8224687576293945,6.915671825408936,2.1384139060974117,4317800.0,MRO
1999-03-15,1.6740740537643433,1.6740740537643433,1.629629611968994,1.629629611968994,1.4412299394607544,17100.0,MRTN
1999-03-15,50.5,51.46875,50.0,51.0,29.155200958251953,4738200.0,MS
1999-03-15,6.833333492279053,6.833333492279053,6.56944465637207,6.583333492279053,2.668321132659912,36000.0,MSA
1999-03-15,2.9375,3.0,2.9375,2.9375,0.4432826638221741,9700.0,MSB
1999-03-15,7.875,8.1875,7.8125,8.0625,1.3526980876922607,74700.0,MSD
1999-03-15,11.03125,11.25,11.03125,11.0625,5.273946285247803,13700.0,MSEX
1999-03-15,40.140625,41.5,39.46875,41.46875,26.60655212402344,60609600.0,MSFT
1999-03-15,80.27520751953125,82.83798217773438,79.67220306396484,82.00885009765625,66.64673614501953,1802300.0,MSI
1999-03-15,18.8125,19.375,18.8125,19.0,12.91086483001709,68800.0,MSM
1999-03-15,0.5625,0.625,0.5625,0.5625,0.1675397902727127,268800.0,MSN
1999-03-15,4.125,4.125,4.0625,4.125,4.125,1200.0,MSON
1999-03-15,112.5,112.5,105.0,106.25,106.25,25000.0,MSTR
1999-03-15,22.6875,23.25,22.6875,23.0625,17.168363571166992,10100.0,MT
1999-03-15,48.20000076293945,48.75,48.099998474121094,48.45000076293945,25.38113594055176,201000.0,MTB
1999-03-15,22.25,23.25,22.25,23.25,23.25,188000.0,MTD
1999-03-15,110.0,113.75,105.0,112.5,81.37570190429688,4200.0,MTEX
1999-03-15,35.5625,36.5,35.5625,35.9375,33.437362670898445,570100.0,MTG
1999-03-15,2.75,2.8125,2.5,2.75,2.75,344800.0,MTH
1999-03-15,16.1875,16.1875,15.8125,16.0,13.110391616821287,126700.0,MTN
1999-03-15,43.25,43.25,43.25,43.25,6.786131381988525,200.0,MTR
1999-03-15,15.5,16.6875,15.5,15.9375,13.68002700805664,138500.0,MTRN
1999-03-15,2.0,2.046875,1.9375,1.9375,1.9375,8200.0,MTRX
1999-03-15,11.75,11.75,11.375,11.4375,7.417076587677003,13400.0,MTSC
1999-03-15,3.0,3.5,3.0,3.25,3.25,18900.0,MTSL
1999-03-15,5.8784589767456055,5.8784589767456055,5.850151538848878,5.8784589767456055,4.913162708282472,61300.0,MTW
1999-03-15,23.75,23.75,23.1875,23.25,20.83271789550781,145800.0,MTX
1999-03-15,14.375,14.416666984558105,13.416666984558105,13.625,13.625,156600.0,MTZ
1999-03-15,25.75,25.75,24.0,24.5,24.5,11636800.0,MU
1999-03-15,13.875,14.0,13.875,14.0,3.990113258361816,5500.0,MUA
1999-03-15,14.75,14.8125,14.625,14.625,4.317821502685547,7000.0,MUC
1999-03-15,15.0,15.25,15.0,15.25,4.331343173980713,7100.0,MUE
1999-03-15,14.375,14.375,14.3125,14.375,3.727532625198364,1400.0,MUH
1999-03-15,15.0,15.0,15.0,15.0,4.4319376945495605,0.0,MUJ
1999-03-15,8.527633666992188,8.757016181945799,8.527633666992188,8.622085571289062,3.62345290184021,516900.0,MUR
1999-03-15,15.0,15.0625,15.0,15.0625,4.17872953414917,3500.0,MUS
1999-03-15,0.1599999964237213,0.1599999964237213,0.1599999964237213,0.1599999964237213,0.15632745623588562,200.0,MUX
1999-03-15,9.6875,9.75,9.6875,9.6875,2.5198469161987305,46200.0,MVF
1999-03-15,119.0,120.0,113.0,115.0,115.0,3300.0,MVIS
1999-03-15,13.875,14.125,13.875,14.125,3.589980363845825,29000.0,MVT
1999-03-15,7.045454502105713,7.045454502105713,7.045454502105713,7.045454502105713,7.045454502105713,0.0,MXC
1999-03-15,6.5,6.5625,6.25,6.3125,1.251201033592224,75900.0,MXE
1999-03-15,13.75,14.0625,13.75,14.0625,2.38005805015564,75900.0,MXF
1999-03-15,22.6875,24.0625,22.625,24.0625,14.357816696166992,2474200.0,MXIM
1999-03-15,16.1875,16.25,16.125,16.25,4.57960844039917,11900.0,MYC
1999-03-15,15.5625,15.6875,15.5625,15.5625,4.048813343048097,23700.0,MYD
1999-03-15,10.996516227722168,11.064818382263184,10.85991382598877,11.064818382263184,6.5089049339294425,20500.0,MYE
1999-03-15,15.875,15.875,15.75,15.75,4.313181877136231,15900.0,MYF
1999-03-15,2.25,2.4375,2.21875,2.4375,2.2103970050811768,60800.0,MYGN
1999-03-15,15.1875,15.1875,15.0625,15.125,4.368813991546632,55000.0,MYI
1999-03-15,15.875,15.875,15.875,15.875,4.60089635848999,0.0,MYJ
1999-03-15,13.13888931274414,13.13888931274414,12.777777671813965,12.833333015441895,12.042137145996096,970200.0,MYL
1999-03-15,16.1875,16.1875,16.1875,16.1875,4.861082553863525,0.0,MYN
1999-03-15,14.0625,14.0625,14.0625,14.0625,4.294479370117188,0.0,MZA
1999-03-15,5.5,5.5,4.75,4.875,4.875,316700.0,NAII
1999-03-15,10.762029647827148,10.762029647827148,10.762029647827148,10.762029647827148,1.052098035812378,500.0,NAT
1999-03-15,3.625,3.625,3.5625,3.5625,2.1387784481048584,2500.0,NATH
1999-03-15,8.55555534362793,8.629630088806152,8.148148536682129,8.583333015441895,6.400306224822997,83200.0,NATI
1999-03-15,38.0,38.5625,37.5625,38.0,37.98812103271485,934800.0,NAV
1999-03-15,21.25,24.375,20.625,23.125,23.125,3400.0,NAVB
1999-03-15,16.75,16.75,16.75,16.75,5.634653568267822,2000.0,NAZ
1999-03-15,6.125,6.875,6.125,6.3125,6.3125,524900.0,NBIX
1999-03-15,6.875,6.875,6.703125,6.734375,5.526195526123047,1224000.0,NBL
1999-03-15,10.125,10.125,10.125,10.125,6.648742198944093,0.0,NBN
1999-03-15,7.625,7.625,7.03125,7.3125,6.100764274597168,1489600.0,NBR
1999-03-15,21.071428298950195,21.30952453613281,20.119047164916992,21.30952453613281,9.971311569213867,11300.0,NBTB
1999-03-15,6.1729493141174325,6.294722557067871,6.154215335845947,6.294722557067871,0.05737852677702904,235900.0,NC
1999-03-15,9.8125,9.9375,9.8125,9.875,3.4361438751220703,24300.0,NCA
1999-03-15,22.3125,22.5625,22.15625,22.375,10.657328605651855,407600.0,NCR
1999-03-15,14.359375,14.375,14.0,14.125,10.318058967590332,10000.0,NDSN
1999-03-15,6.965690612792969,6.965690612792969,6.583260536193848,6.692526340484619,5.112162113189697,1532700.0,NE
1999-03-15,27.8125,28.125,27.78125,28.0625,10.663655281066896,1006600.0,NEE
1999-03-15,18.6875,18.6875,17.75,17.8125,13.778934478759766,1296200.0,NEM
1999-03-15,3.5,3.5,3.5,3.5,0.4589837193489074,600.0,NEN
1999-03-15,1.2225278615951538,1.2447556257247925,1.2225278615951538,1.2336417436599731,1.2336417436599731,32300.0,NEOG
1999-03-15,7031.25,7343.75,6875.0,6875.0,6875.0,0.0,NEON
1999-03-15,50.4000015258789,50.4000015258789,43.20000076293945,45.599998474121094,45.599998474121094,212.0,NET
1999-03-15,22.1875,22.8125,21.875,22.8125,18.26683807373047,20600.0,NEU
1999-03-15,21.625,22.125,21.625,21.84375,9.794395446777344,164400.0,NFG
1999-03-15,8.375,8.375,7.625,8.125,5.395744323730469,21200.0,NHC
1999-03-15,24.875,25.0625,24.5,24.5625,5.9942731857299805,31000.0,NHI
1999-03-15,36.875,37.5,35.0,35.0,35.0,1100.0,NHLD
1999-03-15,518.75,518.75,487.5,493.75,350.1797180175781,400.0,NHTC
1999-03-15,10.85461711883545,10.879175186157227,10.609037399291992,10.780942916870117,1.324386477470398,1019500.0,NI
1999-03-15,15.09375,15.375,14.9375,15.28125,14.482928276062012,199000.0,NICE
1999-03-15,1.2310606241226196,1.2310606241226196,1.2310606241226196,1.2310606241226196,1.1167333126068115,0.0,NICK
1999-03-15,11.625,11.625,11.5,11.625,4.739020824432373,25100.0,NIM
1999-03-15,3.800120115280152,3.800120115280152,3.800120115280152,3.800120115280152,3.800120115280152,0.0,NIU
1999-03-15,8.30555534362793,8.333333015441895,8.291666984558105,8.333333015441895,1.370494723320007,90200.0,NJR
1999-03-15,6.8984375,7.0859375,6.8984375,7.0234375,1.9703201055526731,10092800.0,NKE
1999-03-15,12.96875,13.125,12.6875,12.71875,12.71875,254000.0,NKTR
1999-03-15,9.5,9.625,9.4375,9.625,2.0750551223754883,14400.0,NL
1999-03-15,9.75,9.75,9.5,9.625,0.8236870765686035,54100.0,NLY
1999-03-15,12.375,12.375,12.25,12.25,4.256982326507568,2800.0,NMI
1999-03-15,9.640000343322754,9.640000343322754,9.640000343322754,9.640000343322754,6.345999240875244,0.0,NMR
1999-03-15,16.875,16.875,16.875,16.875,5.708270072937013,0.0,NMT
1999-03-15,15.875,15.9375,15.875,15.875,5.344892978668213,10300.0,NMY
1999-03-15,5.125,5.125,5.0,5.0,3.2059037685394287,21100.0,NNBR
1999-03-15,11.5,11.625,11.1875,11.25,2.841704130172729,117300.0,NNN
1999-03-15,10.0625,10.0625,10.0,10.0,3.799828767776489,15000.0,NNY
1999-03-15,28.62965583801269,29.33551597595215,28.62965583801269,29.33551597595215,16.10749626159668,597800.0,NOC
1999-03-15,17.8828125,18.203125,17.828125,18.203125,9.77684211730957,7583200.0,NOK
1999-03-15,15.25,15.25,15.25,15.25,5.448548793792725,0.0,NOM
1999-03-15,5.1284942626953125,5.1284942626953125,4.818530082702637,4.84670877456665,4.175908088684082,257000.0,NOV
1999-03-15,36.1875,36.375,36.0625,36.3125,10.581930160522461,5300.0,NPK
1999-03-15,16.3125,16.375,16.0625,16.125,5.549112319946289,16500.0,NPV
1999-03-15,17.3125,17.3125,17.25,17.3125,5.0259361267089835,3600.0,NQP
1999-03-15,7.0,7.0,6.125,6.5,6.5,226100.0,NR
1999-03-15,10.012662887573242,10.012662887573242,8.834702491760254,9.423683166503906,5.573098659515381,5900.0,NRIM
1999-03-15,13.8125,13.8125,13.625,13.8125,2.03989839553833,4700.0,NRT
1999-03-15,29.5625,29.9375,29.1875,29.8125,18.586767196655273,437800.0,NSC
1999-03-15,10.833333015441896,10.833333015441896,10.833333015441896,10.833333015441896,4.517617225646973,1200.0,NSEC
1999-03-15,16.66666603088379,16.66666603088379,15.916666984558105,16.0,16.0,489400.0,NSIT
1999-03-15,3.5625,3.5625,3.421875,3.421875,1.9279885292053225,460000.0,NSP
1999-03-15,0.5671296119689941,0.5671296119689941,0.5671296119689941,0.5671296119689941,0.5671296119689941,0.0,NSSC
1999-03-15,3.6875,3.6875,3.6875,3.6875,3.6875,0.0,NSYS
1999-03-15,10.5,10.921875,10.34375,10.765625,9.317715644836426,3209200.0,NTAP
1999-03-15,3.3125,3.3125,3.3125,3.3125,2.4093353748321533,10000.0,NTIC
1999-03-15,50.0,50.0,46.875,46.875,46.875,3200.0,NTN
1999-03-15,3.0303030014038086,3.0492424964904785,2.9924242496490483,3.0303030014038086,1.3006689548492432,113100.0,NTP
1999-03-15,46.125,46.625,46.125,46.625,31.25474739074707,761400.0,NTRS
1999-03-15,175.0,193.75,162.5,170.3125,170.3125,300.0,NTWK
1999-03-15,91.875,91.875,90.9375,90.9375,68.52928161621094,1600.0,NTZ
1999-03-15,1.6233766078948977,1.7857142686843872,1.5151515007019043,1.6233766078948977,1.6233766078948977,117600.0,NUAN
1999-03-15,10.65625,10.71875,10.5625,10.6875,4.760584831237793,1302000.0,NUE
1999-03-15,16.5625,16.625,16.5,16.625,4.8583106994628915,9000.0,NUM
1999-03-15,18.875,18.9375,18.75,18.8125,5.991397380828857,5800.0,NUO
1999-03-15,18.0,19.0,18.0,18.9375,11.846314430236815,31600.0,NUS
1999-03-15,9.75,9.875,9.75,9.8125,3.4614765644073486,131100.0,NUV
1999-03-15,58.75,58.75,50.0,56.25,56.25,1700.0,NVAX
1999-03-15,1.7395833730697632,1.7916666269302368,1.7291666269302368,1.7708333730697632,1.6298384666442869,2720400.0,NVDA
1999-03-15,16.40625,16.40625,16.40625,16.40625,12.021421432495115,0.0,NVEC
1999-03-15,2.039999961853028,2.049999952316284,2.0150001049041752,2.049999952316284,0.20594248175621035,277000.0,NVO
1999-03-15,41.75,42.6875,41.625,42.375,42.375,18000.0,NVR
1999-03-15,39.70654296875,40.09856796264648,39.25851440429688,39.70654296875,19.26389503479004,63300.0,NVS
1999-03-15,4.3888888359069815,4.55555534362793,4.3888888359069815,4.44444465637207,2.03774642944336,221800.0,NWBI
1999-03-15,8.465608596801758,8.465608596801758,8.465608596801758,8.465608596801758,2.373500108718872,0.0,NWFL
1999-03-15,47.4375,47.5,46.5,47.5,25.64267158508301,558600.0,NWL
1999-03-15,107.875,107.875,107.75,107.75,104.83281707763672,6300.0,NWLI
1999-03-15,24.375,24.375,23.5,23.5,10.234164237976074,44900.0,NWN
1999-03-15,14.75,14.875,14.6875,14.8125,14.8125,17500.0,NWPX
1999-03-15,7.208333492279053,7.666666507720947,7.208333492279053,7.527777671813965,1.2885571718215942,149800.0,NX
1999-03-15,15.75,15.75,15.6875,15.6875,5.508655071258545,3300.0,NXC
1999-03-15,0.5,0.5,0.453125,0.46875,0.3282604217529297,263200.0,NXGN
1999-03-15,14.875,15.0,14.875,15.0,5.576786518096924,2900.0,NXN
1999-03-15,16.5625,16.5625,16.375,16.375,5.7642035484313965,29200.0,NXP
1999-03-15,16.0625,16.0625,16.0,16.0,5.755942344665527,7800.0,NXQ
1999-03-15,15.4375,15.4375,15.4375,15.4375,5.676016330718994,2300.0,NXR
1999-03-15,7.46875,7.5,7.453125,7.4921875,1.7921913862228394,94400.0,NYCB
1999-03-15,3.5,3.75,3.25,3.25,3.25,19600.0,NYMX
1999-03-15,30.0,30.5,29.8125,30.25,22.956584930419922,568200.0,NYT
1999-03-15,10.625,10.75,10.5625,10.6875,1.9793334007263184,155000.0,O
1999-03-15,0.9740259647369384,0.9740259647369384,0.9740259647369384,0.9740259647369384,0.8948608636856079,2500.0,OBCI
1999-03-15,60.0,60.0,60.0,60.0,54.92780685424805,1800.0,OCC
1999-03-15,9.75,10.0,9.75,10.0,4.737498283386231,9100.0,OCFC
1999-03-15,5.233433723449707,5.233433723449707,5.007530212402344,5.082831382751465,4.111778736114502,34100.0,OCN
1999-03-15,12.149999618530273,12.149999618530273,12.050000190734865,12.050000190734865,5.877585887908936,2100.0,ODC
1999-03-15,1.009602189064026,1.009602189064026,1.009602189064026,1.009602189064026,0.9949451684951782,12200.0,ODFL
1999-03-15,22.875,23.54166603088379,22.41666603088379,22.66666603088379,19.76520156860352,1824400.0,ODP
1999-03-15,7.0,7.0,6.875,7.0,2.44854474067688,23600.0,OFC
1999-03-15,16.904582977294922,16.904582977294922,16.64162254333496,16.791885375976562,8.930744171142578,24800.0,OFG
1999-03-15,14.125,14.125,14.125,14.125,14.125,1300.0,OFIX
1999-03-15,12.625,12.65625,12.46875,12.5,2.4439826011657715,370200.0,OGE
1999-03-15,22.875,23.0,22.625,23.0,5.6431312561035165,57800.0,OHI
1999-03-15,25.4375,26.1875,25.375,26.0625,25.54350280761719,294400.0,OI
1999-03-15,9.5625,9.5625,9.5,9.5625,2.5586202144622803,26600.0,OIA
1999-03-15,3.453125,3.453125,3.09375,3.203125,2.83150577545166,278800.0,OII
1999-03-15,6.1011643409729,6.224282264709473,6.07380485534668,6.155883312225343,1.1128603219985962,302400.0,OKE
1999-03-15,3.6875,3.8125,3.625,3.75,3.725606203079224,28000.0,OLED
1999-03-15,11.0,11.375,10.75,10.8125,4.566828727722168,228300.0,OLN
1999-03-15,12.625,12.625,12.625,12.625,2.3007748126983643,1200.0,OLP
1999-03-15,34.8125,35.21875,34.6875,34.75,21.22690200805664,839200.0,OMC
1999-03-15,8.291666984558105,8.458333015441895,8.125,8.166666984558105,4.475042819976807,88300.0,OMI
1999-03-15,22.44864654541016,22.75956916809082,22.26209259033203,22.38646125793457,10.951064109802246,34800.0,ONB
1999-03-15,9.5,10.25,9.0,9.0,9.0,15600.0,OPCH
1999-03-15,8.03125,8.03125,7.75,8.0,8.0,25200.0,OPK
1999-03-15,15.333333015441895,15.333333015441895,15.333333015441895,15.333333015441895,9.860925674438477,0.0,OPOF
1999-03-15,13.5,13.625,13.25,13.5625,9.17242431640625,15300.0,OPY
1999-03-15,86.4375,86.75,85.625,85.625,26.6087703704834,16900.0,ORAN
1999-03-15,7.3515625,7.53125,7.25,7.5,6.53024959564209,120536000.0,ORCL
1999-03-15,10.533333778381348,10.800000190734863,10.5,10.633333206176758,3.4352543354034424,568500.0,ORI
1999-03-15,10.59375,10.734375,10.375,10.453125,10.453125,500400.0,ORLY
1999-03-15,9.84375,9.84375,9.84375,9.84375,7.618612289428711,1600.0,OSBC
1999-03-15,6.875,6.875,6.625,6.75,6.75,5400.0,OSIS
1999-03-15,5.520833492279053,5.5625,5.479166507720947,5.479166507720947,3.9109783172607417,48400.0,OSK
1999-03-15,3.9375,4.0,3.875,3.875,3.875,3100.0,OSPN
1999-03-15,5.625,5.75,5.5,5.75,5.75,20400.0,OSUR
1999-03-15,2.7421875,2.7421875,2.640625,2.65625,2.360098600387573,612800.0,OTEX
1999-03-15,19.125,19.5625,19.125,19.5625,8.114500999450684,9800.0,OTTR
1999-03-15,26.8799991607666,27.15999984741211,26.8799991607666,27.15999984741211,13.314602851867676,1000.0,OVBC
1999-03-15,11.375,11.375,11.25,11.28125,5.914197444915772,13800.0,OXM
1999-03-15,7.96388578414917,7.96388578414917,7.844127655029298,7.874067306518555,3.05499267578125,2566500.0,OXY
1999-03-15,1.421875,1.4375,1.421875,1.421875,0.9088124632835388,600000.0,OZK
1999-03-15,8.65625,8.71875,8.59375,8.65625,0.7110310196876526,63800.0,PAA
1999-03-15,5.84375,5.84375,5.5,5.625,4.7475666999816895,62500.0,PAAS
1999-03-15,4.0625,4.21875,4.0,4.0625,2.884749412536621,282400.0,PAG
1999-03-15,14.875,15.0625,14.875,14.9375,3.9236538410186768,5700.0,PAI
1999-03-15,4.25,4.458333492279053,4.25,4.416666507720947,4.416666507720947,21700.0,PAR
1999-03-15,6.777777671813965,6.833333492279053,6.722222328186035,6.722222328186035,6.120450496673584,76500.0,PATK
1999-03-15,20.55555534362793,22.16666603088379,20.44444465637207,21.25,11.961220741271973,6223600.0,PAYX
1999-03-15,6.1875,6.1875,6.03125,6.03125,3.9191162586212163,6600.0,PB
1999-03-15,6.190476417541504,6.309523582458496,6.164021015167236,6.243386268615723,2.517977714538574,192900.0,PBCT
1999-03-15,6.527019023895264,6.527019023895264,6.527019023895264,6.527019023895264,4.036332607269287,0.0,PBHC
1999-03-15,64.5,66.5,63.375,66.375,24.78336334228516,697800.0,PBI
1999-03-15,3.875,4.0,3.875,4.0,0.6583937406539917,11800.0,PBT
1999-03-15,8.691357612609862,8.938271522521973,8.691357612609862,8.938271522521973,4.321413040161134,852700.0,PCAR
1999-03-15,8.9375,8.9375,8.75,8.75,1.9706284999847408,17900.0,PCF
1999-03-15,32.5,32.5625,32.1875,32.4375,18.42709732055664,882700.0,PCG
1999-03-15,29.61400032043457,30.89691734313965,29.61400032043457,30.57618904113769,8.104209899902344,74100.0,PCH
1999-03-15,13.5,13.5625,13.4375,13.5625,1.6444336175918581,6800.0,PCM
1999-03-15,1.7000000476837158,1.7000000476837158,1.7000000476837158,1.7000000476837158,1.7000000476837158,100.0,PCYO
1999-03-15,3.4375,3.5,3.3125,3.34375,3.34375,47900.0,PDCE
1999-03-15,11.15625,11.3125,11.109375,11.3125,8.807960510253906,413600.0,PDCO
1999-03-15,4.59375,4.6875,4.59375,4.59375,4.59375,25100.0,PDEX
1999-03-15,4.1875,4.3125,4.125,4.21875,0.7742341756820679,912400.0,PDLI
1999-03-15,5.9375,6.0,5.65625,5.75,2.1471641063690186,166400.0,PDS
1999-03-15,11.4375,11.4375,11.25,11.25,2.121572256088257,8700.0,PDT
1999-03-15,13.433515548706055,13.490437507629395,13.376593589782715,13.433515548706055,1.8930367231369016,224200.0,PEAK
1999-03-15,9.562188148498537,9.562188148498537,9.562188148498537,9.562188148498537,4.845250606536865,0.0,PEBK
1999-03-15,13.822891235351562,14.192487716674805,13.748971939086914,14.192487716674805,7.3831419944763175,4400.0,PEBO
1999-03-15,19.34375,19.4375,19.15625,19.1875,5.143480777740479,500800.0,PEG
1999-03-15,2.1875,2.21875,2.125,2.15625,1.9964951276779173,85000.0,PEGA
1999-03-15,19.25,19.375,19.0,19.0,3.6144499778747563,17200.0,PEI
1999-03-15,0.4239204227924347,0.4521817862987518,0.4097897410392761,0.4168550670146942,0.3877580165863037,1896500.0,PENN
1999-03-15,21.58333396911621,21.58333396911621,21.125,21.16666603088379,5.3880534172058105,46800.0,PEO
1999-03-15,38.5,39.25,38.25,38.875,23.42277526855469,2700200.0,PEP
1999-03-15,5.9375,5.9375,5.625,5.78125,5.78125,6800.0,PESI
1999-03-15,11.363636016845705,11.859865188598633,11.314013481140135,11.462882041931152,6.017081737518311,13800.0,PFBI
1999-03-15,14.5,14.625,14.375,14.625,2.771733045578003,7200.0,PFD
1999-03-15,46.75,47.20833206176758,46.47916793823242,46.9375,23.564197540283203,7179900.0,PFE
1999-03-15,9.5,9.75,9.375,9.375,8.081333160400389,6100.0,PFIN
1999-03-15,12.0,12.0,11.875,11.875,2.109832286834717,8600.0,PFO
1999-03-15,45.4375,46.0,45.03125,45.84375,23.9737606048584,3374200.0,PG
1999-03-15,12.1875,12.1875,11.875,12.0,12.0,8000.0,PGNX
1999-03-15,11.520833015441895,11.604166984558105,11.520833015441895,11.557291984558105,6.735122680664063,2893200.0,PGR
1999-03-15,24.41666603088379,25.0,24.375,24.66666603088379,16.238229751586914,387900.0,PH
1999-03-15,18.484375,18.703125,18.359375,18.65625,10.573601722717283,2472800.0,PHG
1999-03-15,24.9375,25.0,24.875,24.875,11.10674285888672,180400.0,PHI
1999-03-15,5.703125,5.734375,5.65625,5.6875,4.518395900726318,310400.0,PHM
1999-03-15,1.0,1.0,1.0,1.0,0.2649100720882416,4800.0,PHX
1999-03-15,15.125,16.0,15.0,15.0,10.82172679901123,32900.0,PICO
1999-03-15,7.15625,7.390625,7.15625,7.359375,2.543923139572144,359600.0,PII
1999-03-15,7.6875,7.6875,7.625,7.625,1.3257800340652466,104900.0,PIM
1999-03-15,17.83333396911621,18.20833396911621,17.75,17.83333396911621,5.787132263183594,19900.0,PKE
1999-03-15,13.71875,13.96875,13.6875,13.875,10.614568710327148,161000.0,PKI
1999-03-15,16.0,16.0,15.375,15.375,14.191638946533205,400.0,PKOH
1999-03-15,16.875,17.1875,16.75,17.125,10.286887168884276,148000.0,PKX
1999-03-15,21.25,21.25,19.5,20.0,20.0,94800.0,PLAB
1999-03-15,28.5,28.5,25.0,25.375,23.144451141357425,233200.0,PLCE
1999-03-15,21.5,21.625,21.125,21.125,8.663084983825684,18600.0,PLD
1999-03-15,21.95833396911621,22.0,21.41666603088379,21.47916603088379,18.171875,135300.0,PLT
1999-03-15,4.25,4.25,4.25,4.25,4.000235080718993,1000.0,PLUS
1999-03-15,175.0,175.0,175.0,175.0,175.0,0.0,PLX
1999-03-15,17.28125,17.28125,16.6875,17.09375,17.09375,45600.0,PLXS
1999-03-15,19.0,19.0,17.75,18.25,6.808042526245117,3500.0,PMD
1999-03-15,11.375,11.4375,11.25,11.25,2.9017868041992188,50100.0,PMM
1999-03-15,15.0625,15.125,15.0625,15.125,4.033239841461182,9300.0,PMO
1999-03-15,100.0,101.25,100.0,100.0,98.56285858154295,200.0,PNBK
1999-03-15,57.25,59.125,57.25,58.6875,32.054676055908196,1327300.0,PNC
1999-03-15,10.958333015441896,11.166666984558104,10.916666984558104,11.125,5.0004305839538565,266500.0,PNM
1999-03-15,12.02568817138672,12.08864974975586,11.899765014648438,11.941739082336426,5.627172470092773,379000.0,PNR
1999-03-15,5.75,5.75,5.75,5.75,5.75,0.0,PNRG
1999-03-15,38.4375,38.625,38.25,38.3125,15.340587615966795,125400.0,PNW
1999-03-15,2.691358089447021,2.765432119369507,2.691358089447021,2.740740776062012,2.1293601989746094,366700.0,POOL
1999-03-15,28.375,28.5,28.375,28.5,14.91307544708252,2200.0,POPE
1999-03-15,10.75,11.125,10.375,11.0625,10.155198097229004,802600.0,POWI
1999-03-15,9.25,9.25,9.25,9.25,7.673435688018799,1000.0,POWL
1999-03-15,19.375,20.0,17.5,18.125,17.479223251342773,6900.0,PPBI
1999-03-15,12.053333282470705,12.079999923706055,12.026666641235352,12.053333282470705,8.739436149597168,62100.0,PPC
1999-03-15,26.625,26.9375,26.34375,26.53125,9.748701095581056,585800.0,PPG
1999-03-15,3.75,3.8125,3.25,3.25,3.25,8100.0,PPIH
1999-03-15,12.079093933105467,12.137306213378904,11.846243858337402,11.90445613861084,3.6780927181243896,826200.0,PPL
1999-03-15,9.4375,9.4375,9.375,9.4375,2.1701340675354004,285900.0,PPR
1999-03-15,7.875,7.875,7.75,7.8125,1.4591318368911743,151200.0,PPT
1999-03-15,13.90625,14.0,13.90625,13.96875,11.097901344299316,71200.0,PRA
1999-03-15,4.875,4.875,4.5,4.5,4.171418190002441,24300.0,PRCP
1999-03-15,7.875,8.1875,7.875,8.125,7.147456645965576,321200.0,PRGO
1999-03-15,10.354166984558104,10.458333015441896,10.333333015441896,10.34375,9.791561126708984,121500.0,PRGS
1999-03-15,206.6666717529297,207.5,194.1666717529297,194.1666717529297,194.1666717529297,24600.0,PRGX
1999-03-15,83.67346954345703,86.16780090332031,83.44670867919922,86.16780090332031,34.77988815307617,4400.0,PRK
1999-03-15,7.222222328186035,7.5,7.222222328186035,7.222222328186035,4.9103593826293945,900.0,PROV
1999-03-15,5.1875,5.1875,5.0625,5.125,3.1032521724700928,63500.0,PRPH
1999-03-15,26.875,26.9375,26.5625,26.625,12.221080780029295,124500.0,PSA
1999-03-15,22.375,22.375,22.0,22.1875,11.510263442993164,6000.0,PSB
1999-03-15,20.0,20.0,20.0,20.0,16.844562530517578,8300.0,PSMT
1999-03-15,21.125,21.375,21.125,21.125,9.529069900512695,2700.0,PSO
1999-03-15,45.9375,46.71875,43.90625,46.40625,46.40625,731700.0,PTC
1999-03-15,2.34375,2.375,1.96875,2.0625,1.6611089706420898,1197200.0,PTEN
1999-03-15,59.375,60.625,56.25,60.0,60.0,9300.0,PTN
1999-03-15,8.8125,8.8125,8.8125,8.8125,7.34990930557251,500.0,PTSI
1999-03-15,16.700000762939453,16.700000762939453,16.700000762939453,16.700000762939453,7.553730487823486,0.0,PTVCA
1999-03-15,16.399999618530273,16.600000381469727,16.399999618530273,16.600000381469727,7.606771945953369,4600.0,PTVCB
1999-03-15,6.5,6.625,6.375,6.5,5.804032802581787,27600.0,PVH
1999-03-15,8.0,8.0,7.875,7.875,3.5518114566802983,2500.0,PW
1999-03-15,41.32231521606445,41.32231521606445,41.32231521606445,41.32231521606445,20.940792083740234,0.0,PWOD
1999-03-15,16.625,16.95833396911621,16.625,16.95833396911621,16.861894607543945,22800.0,PWR
1999-03-15,7.5,7.5,6.9375,7.0,6.616508483886719,279500.0,PXD
1999-03-15,45.625,50.0,45.0,50.0,37.42414474487305,41800.0,PYX
1999-03-15,10.515625,10.59375,10.390625,10.40625,9.504465103149414,365600.0,PZZA
1999-03-15,31.5625,31.875,30.0,31.25,22.48618507385254,7400.0,QADB
1999-03-15,4.8515625,5.12890625,4.80078125,5.12890625,3.600358247756958,29947200.0,QCOM
1999-03-15,13.583333015441895,13.583333015441895,13.583333015441895,13.583333015441895,11.502965927124025,0.0,QCRH
1999-03-15,2.0625,2.0625,1.96875,1.96875,1.96875,38500.0,QDEL
1999-03-15,8.803274154663086,9.030665397644043,8.770790100097656,8.998181343078613,8.609444618225098,35400.0,QGEN
1999-03-15,11.333333015441895,11.416666984558105,11.25,11.416666984558105,10.342196464538574,36100.0,QUMU
1999-03-15,25.75,27.1875,25.625,27.0,16.425518035888672,390000.0,R
1999-03-15,455.0,500.0,455.0,492.5,481.9626159667969,1024600.0,RAD
1999-03-15,14.0625,15.0,14.0625,15.0,15.0,8300.0,RADA
1999-03-15,1.0,1.0,1.0,1.0,1.0,0.0,RAND
1999-03-15,3.3125,3.3125,3.25,3.25,2.866439819335937,14500.0,RAVE
1999-03-15,1.1979166269302368,1.2395833730697632,1.1979166269302368,1.2083333730697632,0.7103873491287231,106400.0,RAVN
1999-03-15,5.395833492279053,5.479166507720947,5.395833492279053,5.479166507720947,3.3109443187713623,19800.0,RBA
1999-03-15,17.75,18.0,17.5,17.9375,12.58863925933838,51900.0,RBC
1999-03-15,9.76959228515625,9.76959228515625,9.666753768920898,9.666753768920898,5.863959789276122,1400.0,RBCAA
1999-03-15,7.0,7.375,7.0,7.375,2.982213497161865,3400.0,RCG
1999-03-15,9.125,9.53125,9.09375,9.46875,5.548009872436523,308400.0,RCI
1999-03-15,10.25,10.399999618530273,10.25,10.300000190734863,8.414361953735353,55200.0,RCII
1999-03-15,5.8125,6.0,5.8125,6.0,4.924245357513428,9600.0,RCKY
1999-03-15,37.0,37.5,36.875,37.4375,25.87551498413086,189300.0,RCL
1999-03-15,15.125,15.1875,13.875,14.875,5.198125839233398,71800.0,RCMT
1999-03-15,9.5,9.5625,9.4375,9.4375,1.1840802431106567,31300.0,RCS
1999-03-15,10.5,10.5,10.0,10.5,10.5,5700.0,RDCM
1999-03-15,3.5,3.5,3.5,3.5,3.5,2500.0,RDI
1999-03-15,21.0,21.125,20.90625,21.0,19.967449188232425,120800.0,RDN
1999-03-15,0.2800000011920929,0.2800000011920929,0.2800000011920929,0.2800000011920929,0.2800000011920929,1500.0,RDNT
1999-03-15,34.875,35.3125,34.75,35.25,25.201690673828125,205900.0,RE
1999-03-15,7.4375,7.4375,6.75,7.25,7.25,55900.0,REFR
1999-03-15,20.5,20.625,20.1875,20.375,7.293865203857423,13800.0,REG
1999-03-15,7.75,7.875,7.625,7.875,7.875,25100.0,REGN
1999-03-15,5.5625,5.75,5.5625,5.75,3.602229595184326,102200.0,RELL
1999-03-15,9.995800018310547,10.289793968200684,9.70180606842041,9.70180606842041,9.422066688537598,2500.0,RELV
1999-03-15,8.4375,8.453125,8.40625,8.40625,1.0796353816986084,468400.0,RELX
1999-03-15,0.7901234626770021,0.7901234626770021,0.7818930149078369,0.7818930149078369,0.4444024860858917,21600.0,RES
1999-03-15,132.66510009765622,132.66510009765622,130.30661010742188,132.07546997070312,130.83981323242188,5300.0,REV
1999-03-15,5.416666507720947,5.416666507720947,5.333333492279053,5.3611111640930185,5.3611111640930185,2700.0,REX
1999-03-15,30.67795181274414,31.38668441772461,30.57670593261719,31.08294105529785,16.078155517578125,563200.0,RF
1999-03-15,12.25,12.25,11.5625,11.8125,1.7925435304641724,39800.0,RFI
1999-03-15,0.96875,0.96875,0.890625,0.890625,0.5368838906288147,9400.0,RFIL
1999-03-15,7.083333492279053,7.208333492279053,7.083333492279053,7.208333492279053,0.6021319627761841,5700.0,RGCO
1999-03-15,2.4375,2.5,2.09375,2.125,2.125,150700.0,RGEN
1999-03-15,4.9375,4.9375,4.875,4.9375,3.9896280765533447,3900.0,RGLD
1999-03-15,8.5625,8.9375,8.5,8.9375,4.3379740715026855,152500.0,RGR
1999-03-15,28.0,28.5,27.875,28.4375,24.88618278503418,158800.0,RGS
1999-03-15,16.4375,16.90625,16.4375,16.6875,12.815035820007324,409400.0,RHI
1999-03-15,25.0,25.1875,24.9375,25.1875,13.962301254272461,30400.0,RHP
1999-03-15,0.9375,1.0,0.9375,1.0,0.96946519613266,12100.0,RICK
1999-03-15,37.789451599121094,38.14679718017578,35.46669387817383,36.0920524597168,23.319091796875,848900.0,RIG
1999-03-15,14.34375,14.4375,14.3125,14.3125,2.378314256668091,46800.0,RIO
1999-03-15,8.166666984558105,8.333333015441895,8.0,8.027777671813965,5.470539569854736,445000.0,RJF
1999-03-15,20.875,21.125,20.625,20.6875,17.157854080200195,184300.0,RL
1999-03-15,8.375,8.5,8.25,8.375,7.666584491729736,5200.0,RLH
1999-03-15,7.6875,7.75,7.625,7.75,3.868274688720703,38000.0,RLI
1999-03-15,17.671875,18.03125,17.25,17.96875,17.96875,1886000.0,RMBS
1999-03-15,1.236858367919922,1.236858367919922,1.1788806915283203,1.217532515525818,0.6148507595062256,118200.0,RMCF
1999-03-15,4.71875,4.71875,4.3828125,4.59375,4.040599822998047,916800.0,RMD
1999-03-15,7.4375,7.625,7.4375,7.5625,0.976228415966034,66400.0,RMT
1999-03-15,3.0,3.0,2.625,3.0,3.0,109100.0,RMTI
1999-03-15,11.583333015441895,11.729166984558105,11.583333015441895,11.6875,6.9710655212402335,27600.0,RNR
1999-03-15,15.55555534362793,16.11111068725586,15.55555534362793,16.11111068725586,8.475180625915527,3300.0,RNST
1999-03-15,97.0,123.0,96.0,121.25,81.49590301513672,2366900.0,RNWK
1999-03-15,11.9375,12.3125,11.9375,12.15625,12.15625,12200.0,ROG
1999-03-15,45.0625,46.6875,45.0625,46.4375,10.808517456054688,540700.0,ROK
1999-03-15,1.4485596418380735,1.4650205373764038,1.4485596418380735,1.4650205373764038,0.4356533885002136,405900.0,ROL
1999-03-15,11.5,11.625,11.375,11.46875,9.456384658813477,40800.0,ROP
1999-03-15,2.8359375,2.9375,2.82421875,2.8828125,2.375818967819214,9091200.0,ROST
1999-03-15,13.625,14.0,13.5625,14.0,6.805763244628906,246200.0,RPM
1999-03-15,15.8125,15.9375,15.8125,15.875,3.66028904914856,3200.0,RPT
1999-03-15,1.9166666269302368,1.9166666269302368,1.7916666269302368,1.9166666269302368,1.7738406658172607,176800.0,RRC
1999-03-15,32.9375,33.1875,32.75,33.1875,11.757460594177244,527000.0,RRD
1999-03-15,8.625,8.708333015441895,8.583333015441895,8.666666984558105,5.993508338928223,52200.0,RS
1999-03-15,10.666666984558104,10.708333015441896,10.041666984558104,10.041666984558104,6.626829624176025,616000.0,RSG
1999-03-15,54.3125,55.9375,54.3125,55.125,32.73862838745117,1230500.0,RTN
1999-03-15,7.416666507720947,7.666666507720947,7.416666507720947,7.666666507720947,7.5087647438049325,11700.0,RUSHB
1999-03-15,6.4375,6.4375,6.4375,6.4375,4.260817050933838,26200.0,RVSB
1999-03-15,10.897140502929688,11.01245403289795,10.724169731140137,10.95479679107666,1.952441453933716,79300.0,RVT
1999-03-15,15.3125,15.3125,14.8125,15.0,2.2121949195861816,6300.0,RWT
1999-03-15,12.0625,12.203125,12.046875,12.078125,3.8421721458435063,55200.0,RY
1999-03-15,4.935897350311278,5.064102649688722,4.935897350311278,5.064102649688722,4.104347229003906,85800.0,RYAAY
1999-03-15,7.5150980949401855,7.783078193664551,7.5150980949401855,7.6782164573669425,1.061619758605957,183700.0,RYN
1999-03-15,9.958333015441896,10.083333015441896,9.916666984558104,9.916666984558104,6.94807767868042,51900.0,SAFM
1999-03-15,15.625,15.625,15.125,15.25,12.178808212280273,87400.0,SAH
1999-03-15,21.875,21.875,21.875,21.875,10.330707550048828,0.0,SAL
1999-03-15,8.0,8.125,7.9375,8.125,8.125,31900.0,SAM
1999-03-15,10.53125,10.625,10.3125,10.34375,3.164606094360352,98400.0,SAN
1999-03-15,91.3125,99.28125,90.84375,98.8125,98.8125,596300.0,SANM
1999-03-15,26.1875,26.6875,26.0625,26.5625,20.45345687866211,379900.0,SAP
1999-03-15,18.33333396911621,18.33333396911621,18.33333396911621,18.33333396911621,10.322265625,700.0,SASR
1999-03-15,9.834771156311037,9.834771156311037,9.834771156311037,9.834771156311037,7.280912399291992,200.0,SBBX
1999-03-15,40.53030395507813,40.81439208984375,40.34090805053711,40.53030395507813,30.038951873779297,3500.0,SBCF
1999-03-15,15.714285850524902,15.714285850524902,15.714285850524902,15.714285850524902,10.626993179321287,0.0,SBFG
1999-03-15,14.5625,14.75,14.5,14.625,7.326539993286133,88000.0,SBGI
1999-03-15,10.4375,10.4375,10.25,10.375,3.52414608001709,10600.0,SBI
1999-03-15,13.5,13.5,13.25,13.375,2.3656902313232417,4900.0,SBR
1999-03-15,4.2570481300353995,4.2570481300353995,4.2570481300353995,4.2570481300353995,2.169304370880127,1200.0,SBSI
1999-03-15,3.7734375,3.8046875,3.7734375,3.79296875,3.2206215858459477,12128000.0,SBUX
1999-03-15,1.6666666269302368,1.6666666269302368,1.6354166269302368,1.65625,0.06030095741152764,34200.0,SCCO
1999-03-15,26.625,26.625,24.4375,24.53125,20.28612518310547,23600.0,SCHL
1999-03-15,4.229166507720946,4.25,4.125,4.125,2.7436060905456543,26400.0,SCHN
1999-03-15,28.33333396911621,29.3125,28.33333396911621,29.3125,23.91410827636719,9915000.0,SCHW
1999-03-15,14.75,14.9375,14.4375,14.9375,11.239362716674805,1214600.0,SCI
1999-03-15,11.6875,11.6875,11.65625,11.65625,5.2841529846191415,5800.0,SCL
1999-03-15,69750.0,69750.0,65250.0,67500.0,67500.0,0.0,SCON
1999-03-15,14.375,14.6875,14.25,14.6875,7.651211261749268,58000.0,SCS
1999-03-15,4.6875,4.71875,4.59375,4.59375,4.59375,6000.0,SCSC
1999-03-15,7.833333492279053,8.0,7.583333492279053,8.0,7.009737491607666,30400.0,SCVL
1999-03-15,28.0625,28.0625,28.0625,28.0625,15.032525062561035,1000.0,SCX
1999-03-15,5.75,5.75,5.708333492279053,5.708333492279053,5.708333492279053,25900.0,SEAC
1999-03-15,340.0,340.0,340.0,340.0,317.59344482421875,0.0,SEB
1999-03-15,25.1875,26.71875,25.1875,26.71875,20.15365219116211,973800.0,SEE
1999-03-15,9.125,9.145833015441896,8.890625,9.0390625,6.900278091430664,231600.0,SEIC
1999-03-15,5.125,5.25,5.125,5.25,1.0451236963272097,20500.0,SELF
1999-03-15,12.5,12.5,11.5,11.5,11.5,1800.0,SENEA
1999-03-15,11.75,11.75,11.75,11.75,11.75,1600.0,SENEB
1999-03-15,3.0833332538604736,3.0833332538604736,3.0,3.0,2.639164924621582,150400.0,SF
1999-03-15,96.25,98.25,93.125,96.375,88.4559326171875,225400.0,SFE
1999-03-15,8.1875,8.53125,8.1875,8.375,4.716033935546875,4800.0,SFNC
1999-03-15,35.040000915527344,35.040000915527344,35.040000915527344,35.040000915527344,27.24348068237305,1000.0,SGA
1999-03-15,16.382575988769528,16.382575988769528,16.382575988769528,16.382575988769528,9.570878028869627,0.0,SGB
1999-03-15,6.3125,6.3125,6.3125,6.3125,1.204993724822998,800.0,SGC
1999-03-15,3.03125,3.1875,2.75,2.8125,2.8125,20200.0,SGMA
1999-03-15,1.625,1.6875,1.625,1.6875,1.6875,9300.0,SGMS
1999-03-15,4.375,4.375,3.0,3.5,3.5,21600.0,SGRP
1999-03-15,16.75,16.75,16.1875,16.25,4.3057265281677255,20100.0,SGU
1999-03-15,6.333333492279053,6.458333492279053,6.333333492279053,6.416666507720947,2.5804905891418457,60700.0,SHI
1999-03-15,11.25,11.75,11.25,11.25,8.111242294311522,1800.0,SHLO
1999-03-15,1.086419701576233,1.1193416118621826,1.0699588060379028,1.1193416118621826,1.0119256973266602,492300.0,SHOO
1999-03-15,27.625,27.75,27.5,27.5625,19.31276130676269,335700.0,SHW
1999-03-15,0.4322916567325592,0.4375,0.4322916567325592,0.4375,-0.003935621585696936,21600.0,SID
1999-03-15,25.125,27.1875,24.9375,25.875,20.10040855407715,520000.0,SIEB
1999-03-15,10.25,10.375,10.25,10.25,9.193647384643556,5800.0,SIF
1999-03-15,15.333333015441895,15.333333015441895,15.0,15.0,9.605386734008787,21600.0,SIG
1999-03-15,1.25,1.25,1.25,1.25,1.25,3000.0,SIGA
1999-03-15,9.5,9.625,9.4375,9.46875,5.891934871673584,106600.0,SIGI
1999-03-15,1.6875,1.8125,1.6875,1.8125,1.5571228265762331,3700.0,SILC
1999-03-15,1.125,1.25,1.0625,1.25,1.166351556777954,16100.0,SIM
1999-03-15,26.0,26.9375,25.875,25.9375,24.78522109985352,99900.0,SIRI
1999-03-15,23.25090026855469,23.25090026855469,22.414600372314453,22.69289970397949,22.69289970397949,52216.0,SITC
1999-03-15,9.84375,10.0625,9.8125,10.03125,10.03125,183800.0,SIVB
1999-03-15,5.96875,6.03125,5.96875,6.03125,0.8737096190452576,36800.0,SJI
1999-03-15,22.125,22.375,22.125,22.375,12.027143478393555,10400.0,SJM
1999-03-15,7.203125,7.375,7.171875,7.375,3.327129364013672,133200.0,SJR
1999-03-15,6.0625,6.125,6.0,6.0625,1.2699594497680664,34700.0,SJT
1999-03-15,9.958333015441896,10.0,9.958333015441896,10.0,2.5539374351501465,4800.0,SJW
1999-03-15,10.740291595458984,10.740291595458984,10.558252334594727,10.740291595458984,5.1374239921569815,608400.0,SKM
1999-03-15,5.15625,5.171875,5.09375,5.109375,0.24523107707500455,114800.0,SKT
1999-03-15,28.125,28.5,28.125,28.5,18.166004180908203,3600.0,SKY
1999-03-15,15.5625,15.71875,15.5,15.71875,13.18291473388672,138200.0,SKYW
1999-03-15,27.78125,28.4375,27.25,28.4375,15.522334098815918,5915600.0,SLB
1999-03-15,17.875,17.9375,17.75,17.8125,8.636700630187987,23400.0,SLG
1999-03-15,2.40625,2.5,2.40625,2.4453125,1.9846588373184204,90400.0,SLGN
1999-03-15,5.323743343353272,5.502442359924316,5.323743343353272,5.502442359924316,4.32897424697876,5527400.0,SLM
1999-03-15,0.78125,0.828125,0.78125,0.8125,0.6435598134994507,46800.0,SLP
1999-03-15,4.5,4.6875,4.375,4.6875,4.1273412704467765,24800.0,SM
1999-03-15,3.609375,3.609375,3.609375,3.609375,1.011372208595276,2800.0,SMBC
1999-03-15,18.75,18.875,18.65625,18.71875,11.233145713806152,50800.0,SMG
1999-03-15,10.125,10.5,10.125,10.125,10.125,2300.0,SMIT
1999-03-15,23.25,23.25,22.9375,23.0625,13.752864837646484,2100.0,SMP
1999-03-15,11.0,11.0,10.375,10.5625,4.626798152923584,148400.0,SMRT
1999-03-15,10.5,11.375,9.5,10.0,10.0,18800.0,SMSI
1999-03-15,6.4375,6.484375,6.125,6.1875,6.1875,587200.0,SMTC
1999-03-15,29.9375,29.9375,29.8125,29.9375,17.555673599243164,143700.0,SNA
1999-03-15,16.08333396911621,16.08333396911621,15.5,15.541666984558105,15.541666984558105,60600.0,SNBR
1999-03-15,48.0,50.375,47.75,50.34375,42.69636535644531,2028400.0,SNE
1999-03-15,1.2985020875930786,1.2985020875930786,1.2985020875930786,1.2985020875930786,1.2985020875930786,300.0,SNFCA
1999-03-15,400.0,400.0,375.0,375.0,375.0,0.0,SNGX
1999-03-15,23.375,24.5625,23.25,24.5,24.5,1315600.0,SNPS
1999-03-15,71.4175033569336,72.9574966430664,70.83999633789062,72.76499938964844,58.20613479614258,59500.0,SNV
1999-03-15,15.15795612335205,15.310681343078613,15.15795612335205,15.310681343078613,4.715071201324463,2767000.0,SO
1999-03-15,24.5,26.0,24.5,25.4375,12.375245094299315,250100.0,SON
1999-03-15,46.9375,47.125,46.5625,46.5625,5.461519241333008,7700.0,SOR
1999-03-15,2.3333332538604736,2.3888888359069824,2.3333332538604736,2.3611111640930176,1.6077011823654177,19900.0,SPAR
1999-03-15,65.58641815185547,69.92669677734375,65.58641815185547,67.51543426513672,55.86013793945313,11400.0,SPB
1999-03-15,14.125,14.25,14.125,14.125,3.5904552936553955,17900.0,SPE
1999-03-15,23.66764831542969,23.8416748046875,23.319595336914066,23.66764831542969,8.502389907836914,517800.0,SPG
1999-03-15,28.3125,28.71875,27.8125,28.375,16.999326705932614,1152400.0,SPGI
1999-03-15,19.125,19.4375,19.0,19.4375,3.204389810562134,50900.0,SPH
1999-03-15,53.125,53.75,50.0,51.875,45.70668411254883,33000.0,SPNS
1999-03-15,225.0,231.25,212.5,228.125,225.08062744140625,1200.0,SPPI
1999-03-15,6.877990245819093,6.964555740356445,6.877990245819093,6.956686019897461,5.7378273010253915,1226200.0,SPXC
1999-03-15,2.8663582801818848,2.8663582801818848,2.823758602142334,2.8481013774871826,0.15994210541248322,333700.0,SQM
1999-03-15,22.5,22.6875,22.4375,22.6875,1.5297901630401611,8800.0,SR
1999-03-15,25.04638290405273,25.43290138244629,25.04638290405273,25.20098876953125,15.51792812347412,11600.0,SRCE
1999-03-15,3.90625,4.0,3.6875,3.71875,3.71875,210800.0,SRCL
1999-03-15,6.3125,6.5625,6.3125,6.5625,6.5625,12000.0,SRDX
1999-03-15,20.9375,21.1875,20.9375,21.125,9.729631423950195,789600.0,SRE
1999-03-15,16.6875,16.6875,15.75,15.9375,15.9375,62200.0,SRI
1999-03-15,18.125,18.125,18.125,18.125,9.903244972229004,6600.0,SRL
1999-03-15,16.5,18.0,16.125,16.125,16.125,3300.0,SRPT
1999-03-15,11.9375,12.0,11.875,11.875,9.414222717285156,4400.0,SRT
1999-03-15,23.91259574890137,23.91259574890137,23.50030899047852,23.91259574890137,15.156193733215332,900.0,SSB
1999-03-15,8.96875,9.0,8.9375,8.953125,7.055788040161133,22800.0,SSD
1999-03-15,4.75,4.8125,4.75,4.75,2.1968085765838623,29600.0,SSL
1999-03-15,57.31477355957031,57.31477355957031,56.0669937133789,56.23336410522461,3.591038942337036,113800.0,SSP
1999-03-15,1.125,1.125,1.0625,1.125,1.125,13900.0,SSRM
1999-03-15,1.5,1.5,1.5,1.5,1.5,0.0,SSY
1999-03-15,1.3541666269302368,1.4166666269302368,1.3541666269302368,1.3541666269302368,1.3541666269302368,42000.0,SSYS
1999-03-15,8.75,8.75,8.25,8.375,8.375,33900.0,STAA
1999-03-15,45.0,45.0,45.0,45.0,17.40153694152832,0.0,STAR
1999-03-15,25.5,26.0,25.5,25.75,12.953890800476074,31100.0,STBA
1999-03-15,17.5625,18.5,17.5625,18.1875,13.791621208190918,122000.0,STC
1999-03-15,442.5,482.1875,433.75,481.5625,414.743896484375,2701100.0,STCN
1999-03-15,32.0,32.3125,31.5,31.875,25.91810417175293,546700.0,STE
1999-03-15,11.75,11.75,11.5,11.5625,7.906705379486084,9200.0,STFC
1999-03-15,1.21875,1.25,1.09375,1.125,1.125,18900.0,STKL
1999-03-15,2.284521579742432,2.31272554397583,2.284521579742432,2.31272554397583,1.266679048538208,23400.0,STL
1999-03-15,3.78125,3.78125,3.6875,3.6875,2.5751521587371826,232800.0,STLD
1999-03-15,15.072916984558105,15.229166984558105,14.8125,15.229166984558105,9.442156791687012,909000.0,STM
1999-03-15,34.375,34.75,34.0,34.0,26.536874771118164,125900.0,STRA
1999-03-15,1.375,1.375,1.375,1.375,1.375,0.0,STRL
1999-03-15,2.375,2.5,2.25,2.5,2.5,37900.0,STRM
1999-03-15,8.5,8.5,7.75,7.75,7.472719192504883,2600.0,STRS
1999-03-15,31.0,31.0,30.5,30.5,25.03971862792969,700.0,STRT
1999-03-15,43.5625,44.53125,43.15625,44.0,31.61623764038086,685600.0,STT
1999-03-15,6.5,6.640625,6.5,6.515625,6.135774612426758,1066400.0,STZ
1999-03-15,4.1171875,4.125,4.046875,4.046875,2.275481939315796,1347200.0,SU
1999-03-15,31.6875,31.75,31.25,31.5,7.550497531890869,27400.0,SUI
1999-03-15,13.752900123596193,14.092300415039062,13.442500114440918,13.78030014038086,7.308741092681885,373319.0,SUN
1999-03-15,23.3125,24.375,23.25,24.375,13.080182075500488,113700.0,SUP
1999-03-15,26.5625,26.75,26.5,26.5,4.4428911209106445,51500.0,SVC
1999-03-15,4.875,4.875,4.875,4.875,3.8774373531341553,0.0,SVT
1999-03-15,25.0,25.625,24.75,24.9375,14.70145034790039,178900.0,SWK
1999-03-15,8.875,9.0,8.78125,9.0,8.27174186706543,168200.0,SWKS
1999-03-15,6.28125,6.28125,6.25,6.28125,2.405792713165283,19800.0,SWM
1999-03-15,0.8046875,0.84375,0.8046875,0.8203125,0.7350673675537109,396800.0,SWN
1999-03-15,27.0,27.25,26.75,27.0,13.96548080444336,71300.0,SWX
1999-03-15,14.625,14.875,14.625,14.75,2.4837679862976074,28400.0,SWZ
1999-03-15,22.25,22.3125,22.25,22.3125,14.23770236968994,29100.0,SXI
1999-03-15,22.1875,22.75,22.125,22.75,13.636624336242676,80300.0,SXT
1999-03-15,8.214285850524902,8.214285850524902,8.174603462219237,8.174603462219237,4.826745986938477,22900.0,SYBT
1999-03-15,13.140625,13.21875,12.921875,12.96875,10.736560821533203,702000.0,SYK
1999-03-15,30.8125,31.25,30.25,30.4375,30.4375,470800.0,SYKE
1999-03-15,7.875,7.875,7.5625,7.5625,5.48482084274292,900.0,SYNL
1999-03-15,7.75,7.75,7.75,7.75,6.324686527252197,0.0,SYPR
1999-03-15,15.5,15.625,15.5,15.5625,8.145761489868164,99200.0,SYX
1999-03-15,14.0,14.4375,13.9375,14.125,8.141283988952638,840800.0,SYY
1999-03-15,53.0625,53.8125,52.875,53.1875,19.62029838562012,2113900.0,T
1999-03-15,2.0833332538604736,2.0833332538604736,1.875,1.875,1.4380923509597778,60000.0,TACT
1999-03-15,1.40625,1.40625,1.40625,1.40625,0.9575534462928772,0.0,TAIT
1999-03-15,31.0,31.5,30.8125,31.5,18.03480339050293,208600.0,TAP
1999-03-15,2.9375,2.9375,2.8125,2.875,2.5107555389404297,11400.0,TARO
1999-03-15,1.3125,1.3125,1.3125,1.3125,0.5111998319625854,200.0,TATT
1999-03-15,2.3125,2.3125,2.3125,2.3125,2.3125,0.0,TAYD
1999-03-15,17.79166603088379,17.95833396911621,17.70833396911621,17.83333396911621,17.83333396911621,145000.0,TBI
1999-03-15,8.0,8.25,8.0,8.25,4.753551483154297,400.0,TCBK
1999-03-15,3.375,3.375,3.375,3.375,2.386086225509644,200.0,TCCO
1999-03-15,25.092426300048828,25.50377655029297,25.092426300048828,25.19526290893555,8.511360168457031,15200.0,TCF
1999-03-15,12.25,12.25,12.0,12.125,11.150047302246094,1800.0,TCI
1999-03-15,12.125,12.1875,11.9375,12.1875,4.495516300201416,26400.0,TCO
1999-03-15,15.75,15.75,15.5,15.5,14.248794555664062,10600.0,TCX
1999-03-15,10.546875,10.65625,10.484375,10.609375,2.839393854141236,244000.0,TD
1999-03-15,7.75,7.75,7.5625,7.625,1.2504218816757202,321100.0,TDF
1999-03-15,25.45998191833496,25.57785224914551,25.25370788574219,25.45998191833496,17.588794708251953,260600.0,TDS
1999-03-15,776.2096557617188,778.225830078125,723.7903442382812,754.0322875976562,530.5699462890625,15700.0,TDW
1999-03-15,16.6875,16.75,16.125,16.5,16.5,265700.0,TECD
1999-03-15,13.5,13.625,13.21875,13.5,11.575133323669435,208000.0,TECH
1999-03-15,12.788678169250488,12.881686210632324,12.6026611328125,12.881686210632324,2.526034116744995,2136600.0,TEF
1999-03-15,9.6875,10.0,9.6875,9.9375,1.4287904500961304,90300.0,TEI
1999-03-15,12.25,12.75,12.0,12.5,12.5,2800.0,TELL
1999-03-15,29.6875,31.0,29.6875,30.875,27.43595314025879,920600.0,TEN
1999-03-15,720.0,720.0,660.0,720.0,720.0,0.0,TENX
1999-03-15,29.5,30.375,29.5,30.3125,15.940717697143555,287500.0,TEO
1999-03-15,25.59375,26.28125,25.375,25.71875,24.24616432189941,2096000.0,TER
1999-03-15,9.88888931274414,9.88888931274414,9.44444465637207,9.833333015441896,6.194682121276856,9000.0,TESS
1999-03-15,5.5625,5.671875,5.546875,5.6171875,4.198641300201416,3729600.0,TEVA
1999-03-15,11.0625,11.40625,11.0625,11.15625,10.406005859375,229200.0,TEX
1999-03-15,39.8125,40.625,39.8125,40.0625,19.564777374267575,824500.0,TFC
1999-03-15,37.0,37.4375,36.75,36.8125,26.42277336120605,57400.0,TFX
1999-03-15,28.625,28.625,27.375,28.0,20.047712326049805,42200.0,TG
1999-03-15,0.21875,0.21875,0.203125,0.203125,0.17103733122348785,3000.0,TGA
1999-03-15,2.6875,2.75,2.625,2.6875,2.6875,269000.0,TGB
1999-03-15,51.19047546386719,51.19047546386719,51.19047546386719,51.19047546386719,51.19047546386719,500.0,TGC
1999-03-15,12.5625,13.0625,12.5625,12.9375,12.087259292602539,29200.0,TGI
1999-03-15,33.48070526123047,33.61148834228516,32.66330337524414,33.18643951416016,12.72238063812256,1337000.0,TGNA
1999-03-15,9.5,9.5,9.375,9.4375,3.4781310558319087,37900.0,TGS
1999-03-15,33.625,35.0,33.625,34.90625,23.68698310852051,3052000.0,TGT
1999-03-15,52.5,52.5,51.33333206176758,51.33333206176758,51.30851364135742,229000.0,THC
1999-03-15,22.1875,22.1875,22.1875,22.1875,12.033074378967285,200.0,THFF
1999-03-15,51.6875,52.875,51.5,52.875,36.50362396240234,211200.0,THG
1999-03-15,6.28125,6.28125,6.1875,6.21875,4.572610378265381,22400.0,THO
1999-03-15,1.0625,1.0625,1.0625,1.0625,1.0625,0.0,THRM
1999-03-15,17.3125,17.6875,17.0,17.203125,12.50910758972168,492000.0,TIF
1999-03-15,9.25,9.4375,9.125,9.4375,7.662526607513428,218500.0,TILE
1999-03-15,1.59375,1.59375,1.4375,1.4375,1.4375,6600.0,TISI
1999-03-15,8.65625,8.75,8.28125,8.3125,7.103322982788086,133200.0,TIVO
1999-03-15,4.0625,4.109375,4.0546875,4.1015625,1.8899751901626587,8008000.0,TJX
1999-03-15,8.0,8.0,7.5,7.53125,3.8699636459350586,37800.0,TK
1999-03-15,12.616320610046387,12.795275688171387,12.258410453796387,12.392626762390135,6.155621528625487,223500.0,TKR
1999-03-15,0.3125,0.375,0.3125,0.3125,0.2488735020160675,6400.0,TLF
1999-03-15,1.875,1.875,1.875,1.875,1.875,1100.0,TLGT
1999-03-15,13.9375,14.0,13.875,13.9375,3.0737392902374268,18200.0,TLI
1999-03-15,2.662037134170532,2.893518447875977,2.662037134170532,2.893518447875977,1.299904227256775,979200.0,TLK
1999-03-15,17.16666603088379,17.5,17.0,17.375,11.876842498779295,425100.0,TLRD
1999-03-15,57.0,57.75,56.75,57.1875,37.61685180664063,93700.0,TM
1999-03-15,14.0625,14.4375,13.8125,14.0,11.57555103302002,540800.0,TMO
1999-03-15,25.68557548522949,26.01427459716797,25.54470252990723,26.01427459716797,12.823017120361328,7000.0,TMP
1999-03-15,17.875,17.9375,17.84375,17.875,10.551873207092283,34000.0,TNC
1999-03-15,4.890625,4.90625,4.8125,4.828125,4.679899215698242,416800.0,TOL
1999-03-15,29.375,29.40625,28.75,28.84375,9.475200653076172,609200.0,TOT
1999-03-15,5.0625,5.125,5.0,5.125,4.906356334686278,3800.0,TPC
1999-03-15,9.800000190734863,9.899999618530273,9.800000190734863,9.800000190734863,7.384278297424316,21000.0,TPL
1999-03-15,28.19830322265625,28.35409545898437,28.04251289367676,28.19830322265625,21.61378669738769,33000.0,TR
1999-03-15,16.008588790893555,16.361719131469727,16.008588790893555,16.244009017944336,16.210857391357422,7000.0,TRC
1999-03-15,6.25,6.5,6.0,6.5,5.9537086486816415,74400.0,TRIB
1999-03-15,1.3958333730697632,1.3958333730697632,1.34375,1.3541666269302368,1.3541666269302368,1030800.0,TRMB
1999-03-15,20.875,21.25,20.875,21.0625,10.44701862335205,34700.0,TRMK
1999-03-15,7.9943604469299325,7.9943604469299325,7.8593711853027335,7.889369010925293,2.9218761920928955,723600.0,TRN
1999-03-15,3.625,3.625,3.625,3.625,3.625,11300.0,TRNS
1999-03-15,18.0,18.9375,17.875,18.5625,11.47331714630127,2400800.0,TROW
1999-03-15,13.375,13.375,13.0625,13.0625,4.515557289123535,62100.0,TRP
1999-03-15,10.113421440124512,10.160680770874023,10.066162109375,10.160680770874023,3.9047222137451167,63100.0,TRST
1999-03-15,2.875,2.875,2.875,2.875,2.5814533233642583,0.0,TRT
1999-03-15,32.9375,33.25,32.75,33.25,19.129432678222656,454300.0,TRV
1999-03-15,162.5,170.625,162.5,170.625,170.625,100.0,TRXC
1999-03-15,5.96875,5.96875,5.8125,5.96875,2.9561612606048584,29800.0,TSBK
1999-03-15,1.5625,1.5625,1.5546875,1.5625,1.3991142511367798,419200.0,TSCO
1999-03-15,120.0,123.75,116.25,122.8125,122.8125,2200.0,TSEM
1999-03-15,10.0,10.125,10.0,10.0625,1.3601151704788208,38600.0,TSI
1999-03-15,7.242873191833496,7.242873191833496,7.1080322265625,7.185083866119385,4.065201759338379,2503100.0,TSM
1999-03-15,20.4375,20.5625,20.25,20.5625,15.877826690673828,149100.0,TSN
1999-03-15,13.875,15.25,13.75,14.125,4.448487758636475,17600.0,TSRI
1999-03-15,16.1875,16.9375,16.1875,16.75,10.67408561706543,22700.0,TSU
1999-03-15,0.2800000011920929,0.2800000011920929,0.2800000011920929,0.2800000011920929,0.2773762345314026,0.0,TT
1999-03-15,1.8828125,1.8828125,1.8515625,1.8671875,0.4530981779098511,280000.0,TTC
1999-03-15,6.75,7.125,6.75,7.0,6.431094169616699,115700.0,TTEC
1999-03-15,11.079999923706056,11.359999656677244,11.039999961853027,11.140000343322754,10.523253440856934,306800.0,TTEK
1999-03-15,1.5694444179534912,1.6527777910232544,1.5694444179534912,1.6111111640930176,1.4169272184371948,316200.0,TTI
1999-03-15,134.66850280761722,140.88397216796875,134.66850280761722,136.74032592773438,136.74032592773438,800.0,TTNP
1999-03-15,6.708333492279053,6.708333492279053,6.166666507720947,6.458333492279053,6.457934856414795,104800.0,TTWO
1999-03-15,8.28125,8.28125,8.28125,8.28125,2.4174530506134038,0.0,TU
1999-03-15,19.9375,20.0625,19.25,19.3125,8.278989791870117,119200.0,TUP
1999-03-15,2.0,2.03125,2.0,2.0,1.5908610820770264,4400.0,TURN
1999-03-15,8.25,8.34375,8.140625,8.15625,6.452980995178223,1216800.0,TV
1999-03-15,25.125,25.125,25.0,25.0625,8.857738494873047,50400.0,TVC
1999-03-15,3.25,3.25,3.25,3.25,3.25,7200.0,TVTY
1999-03-15,6.449999809265138,6.449999809265138,6.300000190734862,6.449999809265138,5.863918781280518,48700.0,TWI
1999-03-15,4.96875,4.96875,4.9375,4.9375,2.9720458984375,4400.0,TWIN
1999-03-15,241.25,250.0,240.0,245.0,190.84210205078125,8100.0,TWMC
1999-03-15,13.375,13.5625,13.1875,13.3125,6.8252196311950675,94800.0,TWN
1999-03-15,1.2000000476837158,1.2000000476837158,1.2000000476837158,1.2000000476837158,1.2000000476837158,0.0,TXG
1999-03-15,24.875,25.3125,24.3125,24.859375,17.780609130859375,9727200.0,TXN
1999-03-15,40.375,40.59375,39.875,40.40625,25.48827171325684,730200.0,TXT
1999-03-15,29.125,29.4375,29.125,29.25,10.01169490814209,58500.0,TY
1999-03-15,5.6875,5.875,5.25,5.375,5.375,50500.0,TYL
1999-03-15,8.3125,8.3125,8.25,8.25,2.21780776977539,3900.0,UBA
1999-03-15,12.980279922485352,12.980279922485352,12.980279922485352,12.980279922485352,4.738543510437012,0.0,UBCP
1999-03-15,5.512962818145752,5.512962818145752,5.512962818145752,5.512962818145752,3.7706835269927983,0.0,UBFO
1999-03-15,7.625,7.875,7.625,7.875,2.1531133651733403,3600.0,UBP
1999-03-15,25.875,26.0,25.5,25.9375,11.400101661682127,18600.0,UBSI
1999-03-15,9.5,9.5625,9.4375,9.5,3.0913197994232178,380400.0,UDR
1999-03-15,5.65625,5.75,5.65625,5.65625,5.65625,3600.0,UEIC
1999-03-15,14.375,14.5,14.0,14.25,8.042841911315918,15400.0,UFCS
1999-03-15,31.875,32.8125,31.875,32.625,32.625,126100.0,UFI
1999-03-15,6.333333492279053,6.5,6.208333492279053,6.25,5.340346813201903,125100.0,UFPI
1999-03-15,3.6875,3.6875,3.6875,3.6875,3.6875,400.0,UFPT
1999-03-15,3.875,3.875,3.875,3.875,1.5654500722885132,1000.0,UG
1999-03-15,3.777777671813965,3.805555582046509,3.680555582046509,3.694444417953491,0.5550630688667297,1452000.0,UGI
1999-03-15,21.0,23.375,21.0,23.375,20.980770111083984,18700.0,UHAL
1999-03-15,10.921875,10.921875,10.703125,10.765625,9.488882064819336,297200.0,UHS
1999-03-15,19.5,19.5,19.1875,19.375,4.906886100769043,7500.0,UHT
1999-03-15,300.0,306.875,298.75,306.875,306.875,197800.0,UIS
1999-03-15,21.80555534362793,21.875,21.59722137451172,21.73611068725586,10.88870334625244,618300.0,UL
1999-03-15,5.0,5.0625,4.875,5.0625,5.0625,18700.0,ULBI
1999-03-15,18.993507385253906,19.0476188659668,18.993507385253906,18.993507385253906,13.038900375366213,7400.0,UMBF
1999-03-15,9.625,9.6875,9.5,9.6875,2.125521421432495,7000.0,UMH
1999-03-15,9.5,10.0,9.5,9.625,5.383424282073975,9500.0,UMPQ
1999-03-15,24.25,24.625,24.14583396911621,24.375,7.950123786926269,1788300.0,UN
1999-03-15,11.0,11.0,10.5,10.75,8.537876129150389,4500.0,UNAM
1999-03-15,22.0,22.0,21.75,21.8125,19.83085060119629,6600.0,UNF
1999-03-15,11.25,11.25,10.65625,10.6875,10.6875,62800.0,UNFI
1999-03-15,6.5625,6.8046875,6.5625,6.734375,5.63445520401001,4201600.0,UNH
1999-03-15,47.6875,49.25,47.6875,48.5625,31.59248924255371,551000.0,UNM
1999-03-15,12.703125,13.125,12.703125,13.125,5.091474533081055,5434400.0,UNP
1999-03-15,5.375,5.4375,5.1875,5.4375,5.4375,57900.0,UNT
1999-03-15,6.614181995391847,6.614181995391847,6.614181995391847,6.614181995391847,5.311941146850586,1900.0,UNTY
1999-03-15,1.640625,1.65625,1.578125,1.59375,1.59375,5022400.0,URBN
1999-03-15,30.0,30.0625,30.0,30.0625,30.0625,248200.0,URI
1999-03-15,12.625,12.6875,12.5625,12.5625,1.8057361841201784,85000.0,USA
1999-03-15,10.4375,10.75,10.4375,10.5,10.5,5000.0,USAK
1999-03-15,6.0,6.0,6.0,6.0,6.0,1800.0,USAP
1999-03-15,381.0,387.0,381.0,387.0,74.50878143310547,100.0,USAU
1999-03-15,30.83333396911621,31.14583396911621,30.72916603088379,31.0,15.435458183288574,1201200.0,USB
1999-03-15,217.5,240.0,217.5,225.0,221.0247344970703,700.0,USEG
1999-03-15,97.5,103.125,97.5,102.1875,102.1875,7400.0,USIO
1999-03-15,7.5,7.5,7.5,7.5,6.231061458587647,0.0,USLM
1999-03-15,43.625,43.75,43.5625,43.75,37.52474594116211,14700.0,USM
1999-03-15,2.375,2.375,2.0,2.25,2.25,559600.0,USNA
1999-03-15,2.75,2.75,2.75,2.75,2.4430322647094727,600.0,USPH
1999-03-15,23.5625,23.625,23.25,23.3125,8.374125480651855,5400.0,UTL
1999-03-15,5.625,5.75,5.5625,5.75,3.80672287940979,11900.0,UTMD
1999-03-15,31.84375,32.46875,31.78125,32.34375,19.357213973999023,2270800.0,UTX#
1999-03-15,31.84375,32.46875,31.78125,32.34375,19.357213973999023,2270800.0,UTX
1999-03-15,0.66796875,0.66796875,0.66796875,0.66796875,0.66796875,0.0,UUU
1999-03-15,16.126983642578125,16.126983642578125,16.126983642578125,16.126983642578125,7.442629337310791,300.0,UVSP
1999-03-15,27.5,27.6875,27.4375,27.4375,10.898093223571776,29900.0,UVV
1999-03-15,48.5,48.75,45.5,45.5,34.73282241821289,219300.0,VAL
1999-03-15,37.4375,37.4375,37.375,37.375,10.403192520141602,2400.0,VALU
1999-03-15,4.261186122894287,4.261186122894287,4.117319583892821,4.165275096893311,4.165275096893311,8062000.0,VAR
1999-03-15,19.8125,19.8125,19.75,19.75,5.496656894683838,3000.0,VBF
1999-03-15,423.0,423.0,423.0,423.0,395.30206298828125,0.0,VBFC
1999-03-15,8.907500267028809,9.0625,8.907500267028809,9.0625,5.483324527740479,4440.0,VBIV
1999-03-15,390.0,430.0,390.0,420.0,420.0,300.0,VCEL
1999-03-15,14.75,14.9375,14.75,14.9375,4.980344295501709,4900.0,VCF
1999-03-15,16.125,16.125,15.9375,16.0625,4.397747039794922,7400.0,VCV
1999-03-15,41.875,42.625,41.875,42.125,42.125,74900.0,VECO
1999-03-15,1.0791666507720947,1.125,1.0791666507720947,1.1166666746139526,0.5793992280960083,1098000.0,VEON
1999-03-15,1.25,1.375,1.1875,1.1875,0.9990233778953552,7800.0,VERU
1999-03-15,10.990466117858887,11.064029693603516,10.799200057983398,10.828625679016113,1.7178112268447876,877200.0,VFC
1999-03-15,14.8125,14.8125,14.8125,14.8125,4.681354999542236,0.0,VFL
1999-03-15,16.75,16.75,16.6875,16.75,4.179232120513916,10200.0,VGM
1999-03-15,6.685301303863525,6.685301303863525,6.438528537750244,6.550698280334473,0.3246203660964966,110700.0,VGR
1999-03-15,3.75,3.75,3.125,3.75,3.75,4000.0,VGZ
1999-03-15,1.5066332817077637,1.5151937007904053,1.5066332817077637,1.5066332817077637,0.24792206287384036,68400.0,VHI
1999-03-15,57.167236328125,57.167236328125,56.24288940429688,56.84727096557617,56.84727096557617,1484900.0,VIAV
1999-03-15,11.375,11.875,11.375,11.4375,10.157132148742676,35200.0,VICR
1999-03-15,10.928215026855467,11.098968505859377,10.842838287353516,11.013591766357422,9.379929542541504,6300.0,VIRC
1999-03-15,17.1875,19.375,17.1875,19.25,3.7264485359191895,1058000.0,VIV
1999-03-15,2.722222328186035,2.722222328186035,2.5555555820465092,2.6666667461395264,1.335102081298828,51300.0,VIVO
1999-03-15,13.25,13.25,13.25,13.25,3.3684401512146,2000.0,VKI
1999-03-15,16.375,16.375,16.3125,16.3125,4.29840898513794,21300.0,VKQ
1999-03-15,3.5,3.59375,3.5,3.59375,1.983044147491455,2400.0,VLGEA
1999-03-15,4.8845977783203125,4.8845977783203125,4.670361042022705,4.684643745422363,2.494832754135132,560100.0,VLO
1999-03-15,43.4375,43.4375,42.8125,43.125,5.823214054107666,3500.0,VLT
1999-03-15,11.08371639251709,11.163264274597168,10.924619674682617,10.924619674682617,4.262652397155762,90700.0,VLY
1999-03-15,45.75,46.3125,45.3125,45.625,32.65624618530273,214300.0,VMC
1999-03-15,13.125,13.75,13.125,13.5,10.581361770629883,34200.0,VMI
1999-03-15,15.1875,15.25,15.1875,15.25,5.284726142883301,3000.0,VMM
1999-03-15,16.3125,16.375,16.25,16.25,3.993377208709717,9600.0,VMO
1999-03-15,25.011873245239254,25.057598114013672,24.600343704223636,24.600343704223636,7.581066608428955,47900.0,VNO
1999-03-15,42.289207458496094,42.463958740234375,41.910587310791016,42.34745788574219,16.831628799438473,1491400.0,VOD
1999-03-15,11.083333015441896,11.75,11.083333015441896,11.75,11.75,15000.0,VOLT
1999-03-15,6.75,6.75,6.625,6.75,6.75,6600.0,VOXX
1999-03-15,14.5625,14.5625,14.5625,14.5625,4.137531280517578,0.0,VPV
1999-03-15,30.09375,31.1015625,29.5,30.703125,26.071592330932614,1236800.0,VRSN
1999-03-15,13.4375,13.625,13.0,13.5625,13.5625,158200.0,VRTX
1999-03-15,4.75,4.8125,4.5625,4.5625,4.5625,111400.0,VSAT
1999-03-15,2.1875,2.1875,2.1875,2.1875,1.7494627237319946,2000.0,VSEC
1999-03-15,7.866666793823242,7.866666793823242,7.5999999046325675,7.733333110809326,6.1147332191467285,331500.0,VSH
1999-03-15,17.375,17.4375,17.3125,17.375,4.501944065093994,9600.0,VTN
1999-03-15,18.0,18.0,18.0,18.0,18.0,0.0,VTNR
1999-03-15,5.709717750549316,5.852460861206055,5.495603561401367,5.709717750549316,1.9259990453720093,284500.0,VTR
1999-03-15,9.3125,9.375,9.3125,9.375,1.9967328310012815,242900.0,VVR
1999-03-15,37.1875,40.0,35.3125,37.5,37.5,73400.0,VVUS
1999-03-15,198.0,198.0,189.75,195.9375,175.8357696533203,3700.0,VXRT
1999-03-15,48.84446716308594,49.91241455078125,48.84446716308594,49.29412841796875,18.545066833496094,2206600.0,VZ
1999-03-15,10.1875,10.375,10.1875,10.375,9.4946928024292,24800.0,WAB
1999-03-15,33.25,34.0,33.25,33.875,19.1783447265625,83000.0,WABC
1999-03-15,13.660268783569336,14.00953769683838,13.660268783569336,13.97072982788086,7.547821521759032,272500.0,WAFD
1999-03-15,19.25,19.5,19.0,19.0,9.296904563903807,6000.0,WASH
1999-03-15,26.125,26.375,26.0,26.09375,26.09375,328800.0,WAT
1999-03-15,31.0,31.0,29.8125,30.375,22.230457305908203,2348000.0,WBA
1999-03-15,6.824999809265138,6.9000000953674325,6.824999809265138,6.9000000953674325,0.08787194639444351,19000.0,WBK
1999-03-15,29.875,30.125,29.875,29.875,18.806150436401367,24400.0,WBS
1999-03-15,4.160493850708009,4.197530746459962,4.123456954956056,4.123456954956056,3.62105131149292,189600.0,WCN
1999-03-15,9.5,9.875,9.375,9.5,7.5566954612731925,512600.0,WDC
1999-03-15,26.125,27.0,25.75,26.25,14.26638412475586,18200.0,WDFC
1999-03-15,12.666666984558105,13.0,12.541666984558105,12.916666984558105,5.648526191711426,267000.0,WDR
1999-03-15,13.0625,13.1875,13.03125,13.125,4.249483108520509,240200.0,WEC
1999-03-15,23.25,23.25,22.875,23.0625,5.665609836578369,28300.0,WELL
1999-03-15,16.875,16.9375,16.75,16.875,3.684300661087036,44200.0,WEN
1999-03-15,10.125,10.274999618530273,9.975000381469727,10.274999618530273,5.428414821624756,167700.0,WERN
1999-03-15,5.125,5.4375,4.6875,4.8125,4.186796188354491,94000.0,WETF
1999-03-15,8.083333015441895,8.083333015441895,8.083333015441895,8.083333015441895,4.982996940612793,2000.0,WEYS
1999-03-15,19.0625,19.75,19.0,19.3125,8.88681411743164,7726800.0,WFC
1999-03-15,6.78125,6.875,6.78125,6.84375,5.357226848602295,101000.0,WGO
1999-03-15,196.25,200.0,192.5,193.75,156.76136779785156,13600.0,WHLM
1999-03-15,46.875,49.4375,46.75,48.75,28.84316444396973,846000.0,WHR
1999-03-15,0.609375,0.609375,0.609375,0.609375,0.5507680177688599,20000.0,WILC
1999-03-15,12.5,12.875,12.5,12.875,11.735337257385256,21600.0,WINA
1999-03-15,6.333333492279053,6.333333492279053,6.041666507720947,6.041666507720947,5.829838275909424,54300.0,WIRE
1999-03-15,17.625,17.625,17.4375,17.4375,17.4375,1400.0,WLFC
1999-03-15,49.0,49.4375,47.6875,48.0,29.351621627807614,1566500.0,WM
1999-03-15,27.31490707397461,27.45522308349609,26.5197811126709,26.660097122192386,12.805498123168945,2007700.0,WMB
1999-03-15,36.8125,37.0,36.8125,36.8125,18.60670661926269,6300.0,WMK
1999-03-15,5.166669845581055,5.208670139312744,5.083330154418945,5.166669845581055,4.732657432556152,41250.0,WMS
1999-03-15,48.5,48.65625,47.625,48.375,33.27829360961914,7309000.0,WMT
1999-03-15,12.9375,13.0625,12.625,12.75,10.96998119354248,49900.0,WNC
1999-03-15,11.75,12.0625,11.375,12.0625,5.997000217437744,704800.0,WOR
1999-03-15,18.625,18.75,18.3125,18.375,4.522974491119385,24400.0,WPC
1999-03-15,43.375,43.75,43.25,43.25,24.275562286376953,14600.0,WPP
1999-03-15,3.374485492706299,3.6131687164306636,3.374485492706299,3.6049382686614986,1.5955562591552734,359700.0,WRB
1999-03-15,16.25,16.3125,16.0,16.1875,5.340045928955078,34900.0,WRE
1999-03-15,18.22222137451172,18.22222137451172,18.13888931274414,18.19444465637207,3.744579792022705,54000.0,WRI
1999-03-15,5.75,5.75,5.25,5.25,5.25,4800.0,WRLD
1999-03-15,27.125,27.875,27.125,27.875,13.212007522583008,8300.0,WSBC
1999-03-15,5.25,5.291666507720947,5.166666507720947,5.166666507720947,4.2814273834228525,30000.0,WSFS
1999-03-15,18.21875,18.5,18.125,18.28125,13.044113159179688,294400.0,WSM
1999-03-15,15.0,15.125,14.9375,15.125,9.125956535339355,36700.0,WSO
1999-03-15,8.453125,8.5,8.453125,8.5,3.308444738388061,32800.0,WST
1999-03-15,11.5,11.875,10.375,10.75,4.264376640319823,37900.0,WSTG
1999-03-15,19.25,19.25,17.75,18.0,18.0,30900.0,WSTL
1999-03-15,13.416666984558105,13.416666984558105,12.833333015441895,12.833333015441895,10.99494171142578,7500.0,WTFC
1999-03-15,129.75,129.75,128.5,128.625,115.34284973144531,5400.0,WTM
1999-03-15,13.25,13.25,13.0625,13.0625,9.90024185180664,38500.0,WTS
1999-03-15,1.8125,1.8125,1.75,1.8125,1.5250900983810425,35500.0,WTT
1999-03-15,15.0625,15.0625,15.0625,15.0625,7.8795838356018075,300.0,WVFC
1999-03-15,1.9375,1.9375,1.75,1.9375,1.9375,700.0,WVVI
1999-03-15,3.6666667461395264,3.6666667461395264,3.5833332538604736,3.5833332538604736,2.741140842437744,30600.0,WWD
1999-03-15,6720.0,6720.0,6000.0,6720.0,6720.0,0.0,WWR
1999-03-15,3.2291667461395264,3.2916667461395264,3.1041667461395264,3.125,1.8663276433944704,688200.0,WWW
1999-03-15,57.25,59.25,57.25,58.3125,29.825462341308594,987900.0,WY
1999-03-15,4.09375,4.125,3.5625,3.75,3.75,46800.0,WYY
1999-03-15,23.375,24.25,23.3125,23.875,17.91036033630371,854100.0,X
1999-03-15,27.125,27.1875,26.625,27.1875,10.429667472839355,224900.0,XEL
1999-03-15,18.75,19.28125,18.1875,18.78125,13.433172225952148,4585400.0,XLNX
1999-03-15,36.65625,36.96875,36.5625,36.84375,19.637975692749023,8114600.0,XOM
1999-03-15,1031.25,1068.75,993.75,1050.0,1050.0,1100.0,XOMA
1999-03-15,8.416666984558105,8.458333015441895,8.333333015441895,8.375,7.383701801300049,130200.0,XRAY
1999-03-15,139.65744018554688,143.44532775878906,136.69302368164062,142.29249572753906,115.26288604736328,924300.0,XRX
1999-03-15,141.85147094726562,141.85147094726562,141.85147094726562,141.85147094726562,136.49061584472656,7200.0,Y
1999-03-15,30.6875,30.875,30.375,30.375,8.8905029296875,698200.0,YPF
1999-03-15,136875.0,140625.0,135937.5,138750.0,138123.09375,0.0,YRCW
1999-03-15,11.367720603942873,11.37895393371582,11.154295921325684,11.21045970916748,7.359341144561768,2688500.0,YUM
1999-03-15,20.0,20.0,20.0,20.0,19.995630264282227,0.0,YUMA
1999-03-15,32.8125,32.8125,29.6875,32.8125,32.8125,400.0,YVR
1999-03-15,11.19444465637207,11.38888931274414,10.583333015441896,10.777777671813963,10.777777671813963,684100.0,ZBRA
1999-03-15,7.0,7.125,6.75,6.75,6.182144641876222,30500.0,ZEUS
1999-03-15,66.8125,68.0,66.5,67.6875,49.64494323730469,278100.0,ZION
1999-03-15,10.3125,10.375,9.375,9.5625,9.5625,113900.0,ZIXI
1999-03-15,2.875,2.9583332538604736,2.875,2.9166667461395264,2.411203384399414,87100.0,ZNH
1999-03-15,33.25,33.5,33.0,33.5,3.3337368965148926,44300.0,ZTR
