Date,Open,High,Low,Close,Adj Close,Volume,stock
2013-04-30,29.470672607421875,29.799713134765625,29.291845321655273,29.6423454284668,27.5461368560791,4825000.0,A
2013-04-30,20.13714027404785,20.473560333251953,19.968929290771484,20.425500869750977,19.563518524169922,6200700.0,AA
2013-04-30,16.799999237060547,17.049999237060547,16.569999694824222,16.899999618530273,15.932332038879395,3640700.0,AAL
2013-04-30,191.0,200.0,184.0,200.0,200.0,4000.0,AAMC
2013-04-30,3.5,3.5999999046325684,3.4500000476837163,3.5699999332427983,3.434135913848877,8000.0,AAME
2013-04-30,28.29999923706055,28.71999931335449,28.170000076293945,28.709999084472656,28.07313537597656,627300.0,AAN
2013-04-30,12.515555381774902,12.657777786254885,12.431111335754395,12.626667022705078,11.955395698547365,133300.0,AAON
2013-04-30,83.0,83.93000030517578,82.33000183105469,83.87999725341797,82.63095092773438,792000.0,AAP
2013-04-30,62.157142639160156,63.60714340209961,61.72428512573242,63.2542839050293,55.717735290527344,172884600.0,AAPL
2013-04-30,33.06999969482422,33.759998321533196,32.959999084472656,33.759998321533196,28.1282958984375,242500.0,AAT
2013-04-30,1.6799999475479126,1.7100000381469729,1.6299999952316284,1.6699999570846558,1.6699999570846558,155800.0,AAU
2013-04-30,37.84000015258789,38.11999893188477,37.25,37.400001525878906,37.400001525878906,333500.0,AAWW
2013-04-30,8.699999809265138,8.899999618530273,8.550000190734862,8.8100004196167,8.8100004196167,696800.0,AAXN
2013-04-30,23.88999938964844,24.149999618530273,23.59000015258789,23.690000534057614,13.345206260681152,253600.0,AB
2013-04-30,22.459999084472656,22.68000030517578,22.459999084472656,22.56999969482422,17.36422348022461,2040700.0,ABB
2013-04-30,45.04999923706055,46.22999954223633,45.0099983215332,46.04999923706055,34.898609161376946,6798600.0,ABBV
2013-04-30,54.06999969482422,54.13000106811523,53.599998474121094,54.11999893188477,48.42939376831055,2064900.0,ABC
2013-04-30,13.699999809265135,13.960000038146973,13.670000076293945,13.869999885559082,13.069867134094238,16300.0,ABCB
2013-04-30,21.0,25.0,21.0,25.0,25.0,900.0,ABEO
2013-04-30,7.559999942779541,8.211999893188478,7.533999919891357,8.116000175476074,6.441739559173584,470500.0,ABEV
2013-04-30,39.95000076293945,40.349998474121094,39.61000061035156,40.09000015258789,40.09000015258789,225300.0,ABG
2013-04-30,287.2799987792969,302.3999938964844,283.5,299.8800048828125,299.8800048828125,300.0,ABIO
2013-04-30,22.54999923706055,22.690000534057614,22.38999938964844,22.54999923706055,19.503170013427734,315700.0,ABM
2013-04-30,18.149999618530273,18.530000686645508,17.75,18.46999931335449,18.46999931335449,346800.0,ABMD
2013-04-30,7.71999979019165,7.739999771118164,7.5999999046325675,7.71999979019165,4.2563958168029785,143100.0,ABR
2013-04-30,36.70000076293945,36.97999954223633,36.47999954223633,36.91999816894531,32.159481048583984,6425500.0,ABT
2013-04-30,4.869999885559082,4.869999885559082,4.639999866485597,4.769999980926514,4.769999980926514,39600.0,ABUS
2013-04-30,641.0,645.0,639.5,641.0,626.462646484375,492570.0,AC
2013-04-30,13.149999618530273,13.229999542236328,12.350000381469727,12.890000343322756,12.890000343322756,4965100.0,ACAD
2013-04-30,0.06812000274658203,0.06812000274658203,0.06812000274658203,0.06812000274658203,0.06812000274658203,51377.0,ACB
2013-04-30,44.13999938964844,44.849998474121094,43.97000122070313,44.63999938964844,33.83218002319336,1702800.0,ACC
2013-04-30,6.5900001525878915,6.760000228881836,6.570000171661378,6.75,6.340822696685791,1376300.0,ACCO
2013-04-30,141.6666717529297,145.8333282470703,138.33332824707028,140.8333282470703,140.8333282470703,900.0,ACER
2013-04-30,17.81999969482422,17.899999618530273,17.413333892822266,17.68666648864746,17.68666648864746,2410200.0,ACGL
2013-04-30,9.40999984741211,9.649999618530273,9.40999984741211,9.649999618530273,9.649999618530273,107100.0,ACH
2013-04-30,32.09999847412109,32.34000015258789,31.489999771118164,31.54999923706055,31.54999923706055,263100.0,ACHC
2013-04-30,1106.5999755859377,1125.300048828125,1106.5999755859377,1114.300048828125,1114.300048828125,400.0,ACHV
2013-04-30,15.520000457763672,15.893333435058596,15.466666221618652,15.670000076293945,15.670000076293945,1807500.0,ACIW
2013-04-30,5.239999771118164,5.320000171661377,5.119999885559082,5.199999809265137,5.199999809265137,248000.0,ACLS
2013-04-30,28.76000022888184,29.13999938964844,28.35000038146973,29.06999969482422,29.06999969482422,743300.0,ACM
2013-04-30,80.91999816894531,81.44000244140625,80.02999877929688,81.44000244140625,70.43777465820312,3333600.0,ACN
2013-04-30,16.40999984741211,16.510000228881836,16.350000381469727,16.5,13.075289726257324,8200.0,ACNB
2013-04-30,39.13999938964844,39.58000183105469,38.84000015258789,39.56999969482422,39.56999969482422,433200.0,ACOR
2013-04-30,18.226119995117188,18.226119995117188,18.001949310302734,18.1189079284668,8.305294990539549,120000.0,ACP
2013-04-30,16.700000762939453,16.84000015258789,16.620000839233402,16.829999923706055,9.190013885498047,45000.0,ACRE
2013-04-30,5.9000000953674325,6.03000020980835,5.820000171661378,5.860000133514403,5.860000133514403,109300.0,ACRX
2013-04-30,24.0,24.0,23.0,23.60000038146973,23.60000038146973,2400.0,ACST
2013-04-30,23.6200008392334,23.8799991607666,23.479999542236328,23.81999969482422,21.518896102905273,1001200.0,ACTG
2013-04-30,12.119999885559082,12.800000190734865,12.119999885559082,12.800000190734865,11.026965141296387,16400.0,ACU
2013-04-30,19.780000686645508,20.3799991607666,19.059999465942386,19.780000686645508,19.780000686645508,2200.0,ACY
2013-04-30,44.7599983215332,45.1500015258789,44.54999923706055,45.08000183105469,45.08000183105469,4313200.0,ADBE
2013-04-30,30.38999938964844,30.38999938964844,29.790000915527344,30.06999969482422,21.664337158203125,92100.0,ADC
2013-04-30,13.270000457763672,13.885000228881836,13.270000457763672,13.80500030517578,10.451834678649902,137200.0,ADES
2013-04-30,43.560001373291016,44.040000915527344,43.36000061035156,43.9900016784668,37.012184143066406,2572500.0,ADI
2013-04-30,34.0,34.029998779296875,33.650001525878906,33.939998626708984,27.945178985595703,4525200.0,ADM
2013-04-30,9.6899995803833,9.6899995803833,7.820000171661378,8.5,8.5,4400.0,ADMP
2013-04-30,58.81475067138672,59.13081741333008,58.70939254760742,59.12203598022461,50.38584518432617,1869800.0,ADP
2013-04-30,168.25999450683594,171.77000427246094,168.00999450683594,171.77000427246094,163.94935607910156,790500.0,ADS
2013-04-30,38.2400016784668,39.38000106811523,38.13999938964844,39.38000106811523,39.38000106811523,5426200.0,ADSK
2013-04-30,20.270000457763672,21.09000015258789,20.26000022888184,21.0,18.180116653442386,1251000.0,ADTN
2013-04-30,11.9399995803833,12.020000457763672,11.56999969482422,11.84000015258789,11.84000015258789,62800.0,ADUS
2013-04-30,11.84000015258789,11.869999885559082,11.789999961853027,11.850000381469727,7.265721321105957,85500.0,ADX
2013-04-30,127.5,129.375,125.625,125.625,125.625,500.0,ADXS
2013-04-30,49.040000915527344,50.36999893188477,48.56000137329102,49.68999862670898,42.91527938842773,7800.0,AE
2013-04-30,24.78000068664551,24.84000015258789,24.75,24.82999992370605,19.1876277923584,43000.0,AEB
2013-04-30,36.15999984741211,36.25,36.02000045776367,36.25,28.411609649658203,1413600.0,AEE
2013-04-30,14.539999961853027,14.779999732971193,14.520000457763672,14.699999809265135,8.118678092956543,16400.0,AEF
2013-04-30,6.619999885559082,6.760000228881836,6.579999923706055,6.760000228881836,4.569169998168945,3386300.0,AEG
2013-04-30,21.100000381469727,21.309999465942386,20.950000762939453,21.059999465942386,21.059999465942386,224600.0,AEGN
2013-04-30,1.0,1.0900000333786009,0.9700000286102296,0.9700000286102296,0.9700000286102296,3100.0,AEHR
2013-04-30,18.34000015258789,18.34000015258789,15.949999809265135,16.979999542236328,16.979999542236328,1287500.0,AEIS
2013-04-30,15.18000030517578,15.25,15.149999618530273,15.239999771118164,14.327396392822266,551900.0,AEL
2013-04-30,30.709999084472656,32.299999237060554,30.36000061035156,32.290000915527344,29.3684196472168,2240700.0,AEM
2013-04-30,75.0,82.5,75.0,82.5,82.5,400.0,AEMD
2013-04-30,19.149999618530273,19.51000022888184,18.940000534057614,19.450000762939453,15.483274459838867,5074700.0,AEO
2013-04-30,51.27000045776367,51.5,51.11999893188477,51.43000030517578,39.961402893066406,2638400.0,AEP
2013-04-30,15.8100004196167,15.90999984741211,15.619999885559082,15.869999885559082,15.869999885559082,215800.0,AER
2013-04-30,13.6899995803833,13.9399995803833,13.619999885559082,13.859999656677244,11.044350624084473,10961000.0,AES
2013-04-30,2.289999961853028,2.380000114440918,2.289999961853028,2.359999895095825,2.359999895095825,16200.0,AEY
2013-04-30,37.5,37.5,25.0,32.25,32.25,500.0,AEYE
2013-04-30,185.0,186.0,181.0,182.0,182.0,700.0,AEZS
2013-04-30,15.529999732971193,15.550000190734865,15.5,15.520000457763672,10.803215026855467,36100.0,AFB
2013-04-30,25.54999923706055,25.54999923706055,25.479999542236328,25.479999542236328,15.833134651184082,6300.0,AFC
2013-04-30,47.90999984741211,48.27000045776367,47.86000061035156,48.27000045776367,37.28668212890625,356300.0,AFG
2013-04-30,7.300000190734862,7.380000114440918,7.300000190734862,7.300000190734862,7.300000190734862,30600.0,AFH
2013-04-30,27.0,27.354999542236328,26.979999542236328,27.21999931335449,20.464149475097656,6032200.0,AFL
2013-04-30,20.0,20.01000022888184,19.850000381469727,19.93000030517578,11.85644817352295,48800.0,AFT
2013-04-30,12.09000015258789,12.350000381469727,11.760000228881836,12.34000015258789,12.34000015258789,1099200.0,AG
2013-04-30,53.349998474121094,54.29999923706055,53.04999923706055,53.25,49.96903991699219,2491400.0,AGCO
2013-04-30,9.619999885559082,9.68000030517578,9.5600004196167,9.68000030517578,5.518967628479004,154000.0,AGD
2013-04-30,0.20000000298023224,0.20499999821186066,0.20000000298023224,0.20000000298023224,0.20000000298023224,111700.0,AGE
2013-04-30,4.949999809265137,5.099999904632568,4.650000095367432,4.860000133514403,4.860000133514403,607400.0,AGEN
2013-04-30,13.329999923706055,13.979999542236328,13.25,13.920000076293945,13.165865898132324,36100.0,AGI
2013-04-30,26.46999931335449,26.46999931335449,26.1299991607666,26.1299991607666,21.323638916015625,500.0,AGM-A
2013-04-30,31.54999923706055,31.809999465942386,31.29999923706055,31.78000068664551,26.578310012817386,14700.0,AGM
2013-04-30,105.5199966430664,106.04000091552734,104.77999877929688,105.7300033569336,100.0234603881836,2061700.0,AGN
2013-04-30,33.150001525878906,33.310001373291016,33.009998321533196,33.310001373291016,13.875096321105955,3574800.0,AGNC
2013-04-30,20.450000762939453,20.780000686645508,20.38999938964844,20.6299991607666,18.281742095947266,1048500.0,AGO
2013-04-30,7.550000190734862,7.5999999046325675,7.329999923706055,7.460000038146973,7.460000038146973,321500.0,AGRO
2013-04-30,17.700000762939453,17.860000610351562,17.34000015258789,17.700000762939453,15.094579696655273,86000.0,AGX
2013-04-30,11.489999771118164,11.829999923706055,11.4399995803833,11.68000030517578,11.68000030517578,69000.0,AGYS
2013-04-30,5.8499999046325675,5.8499999046325675,5.480000019073486,5.800000190734862,2.8156771659851074,68300.0,AHC
2013-04-30,5.3400001525878915,5.460000038146973,5.099999904632568,5.440000057220459,5.440000057220459,4700.0,AHPI
2013-04-30,7.9218711853027335,8.07216739654541,7.9030842781066895,8.065905570983888,4.939350128173828,356500.0,AHT
2013-04-30,27.20000076293945,27.54999923706055,26.3700008392334,27.09000015258789,9.302632331848145,337900.0,AI
2013-04-30,18.600000381469727,18.96999931335449,18.600000381469727,18.84000015258789,9.812076568603516,65600.0,AIF
2013-04-30,41.34000015258789,42.38000106811523,41.08000183105469,41.41999816894531,36.22613525390625,17196600.0,AIG
2013-04-30,121.44200134277344,126.72200012207031,113.52200317382812,113.52200317382812,113.52200317382812,928.0,AIM
2013-04-30,26.01000022888184,26.65999984741211,26.01000022888184,26.649999618530273,23.34291648864746,163400.0,AIMC
2013-04-30,28.75,29.13999938964844,28.53000068664551,29.04999923706055,26.14670753479004,63700.0,AIN
2013-04-30,13.149999618530273,13.149999618530273,13.140000343322756,13.140000343322756,13.140000343322756,103.0,AINC
2013-04-30,26.21999931335449,26.43000030517578,26.040000915527344,26.43000030517578,12.044770240783693,605900.0,AINV
2013-04-30,13.710000038146973,13.710000038146973,13.710000038146973,13.710000038146973,13.40537929534912,0.0,AIO
2013-04-30,17.639999389648438,17.90999984741211,17.459999084472653,17.860000610351562,16.674392700195312,147800.0,AIR
2013-04-30,6.0,6.239999771118164,6.0,6.239999771118164,5.380903244018555,400.0,AIRI
2013-04-30,6.199999809265138,6.199999809265138,6.066666603088379,6.12666654586792,5.9450459480285645,6100.0,AIRT
2013-04-30,42.58000183105469,42.58000183105469,41.86999893188477,42.25,36.4145393371582,345400.0,AIT
2013-04-30,31.020000457763672,31.209999084472656,30.899999618530273,31.11000061035156,24.758195877075195,1044000.0,AIV
2013-04-30,47.13000106811523,47.58000183105469,47.13000106811523,47.540000915527344,41.12600326538086,641900.0,AIZ
2013-04-30,42.31999969482422,42.54999923706055,42.27000045776367,42.45000076293945,34.749717712402344,837500.0,AJG
2013-04-30,12.970000267028807,13.09000015258789,12.829999923706055,13.06999969482422,13.06999969482422,398900.0,AJRD
2013-04-30,6.99399995803833,6.99399995803833,6.99399995803833,6.99399995803833,5.624475479125977,0.0,AJXA
2013-04-30,43.09000015258789,44.209999084472656,42.9900016784668,43.90999984741211,43.90999984741211,3887000.0,AKAM
2013-04-30,2.5999999046325684,2.5999999046325684,2.4800000190734863,2.5899999141693115,2.5899999141693115,114400.0,AKG
2013-04-30,28.51000022888184,28.56999969482422,28.35000038146973,28.54999923706055,21.978900909423828,605900.0,AKR
2013-04-30,15.09000015258789,15.220000267028807,14.9399995803833,15.050000190734865,15.050000190734865,569800.0,AKRX
2013-04-30,27.209999084472656,27.8799991607666,26.8799991607666,27.51000022888184,25.80239295959473,365000.0,AL
2013-04-30,2.25,2.25,2.25,2.25,2.25,0.0,ALACR
2013-04-30,59.6500015258789,61.25,59.25,61.25,54.43817520141602,1170600.0,ALB
2013-04-30,88.5,92.4000015258789,88.5,90.5999984741211,90.5999984741211,2700.0,ALBO
2013-04-30,3.900000095367432,3.9300000667572017,3.849999904632568,3.900000095367432,3.900000095367432,1225476.0,ALC
2013-04-30,40.40999984741211,42.93999862670898,40.25,41.810001373291016,39.50170516967773,45600.0,ALCO
2013-04-30,50.93999862670898,51.349998474121094,50.81999969482422,51.349998474121094,40.41657638549805,103300.0,ALE
2013-04-30,33.810001373291016,34.209999084472656,33.700000762939446,34.060001373291016,20.469985961914066,153600.0,ALEX
2013-04-30,40.13000106811523,40.150001525878906,39.810001373291016,40.06999969482422,38.64259719848633,22000.0,ALG
2013-04-30,33.0,33.389999389648445,32.700000762939446,33.11999893188477,33.11999893188477,943200.0,ALGN
2013-04-30,90.12000274658205,90.77999877929688,89.51000213623047,89.9000015258789,78.58992004394531,97200.0,ALGT
2013-04-30,2.970000028610229,2.970000028610229,2.859999895095825,2.9200000762939453,2.9200000762939453,3900.0,ALIM
2013-04-30,0.8399999737739563,0.8399999737739563,0.8399999737739563,0.8399999737739563,0.8399999737739563,0.0,ALJJ
2013-04-30,30.61000061035156,30.88999938964844,30.290000915527344,30.81999969482422,27.16750907897949,1238400.0,ALK
2013-04-30,31.04999923706055,31.11000061035156,30.34000015258789,30.61000061035156,30.61000061035156,1399700.0,ALKS
2013-04-30,49.27000045776367,49.47999954223633,49.04999923706055,49.2599983215332,43.12662124633789,3147400.0,ALL
2013-04-30,11.300000190734865,11.5,11.15999984741211,11.31999969482422,11.31999969482422,308900.0,ALLT
2013-04-30,23.729999542236328,24.01000022888184,23.420000076293945,23.95000076293945,23.95000076293945,360400.0,ALNY
2013-04-30,24.70000076293945,25.20000076293945,23.29999923706055,23.79999923706055,23.79999923706055,8800.0,ALO
2013-04-30,9.880000114440918,10.039999961853027,9.84000015258789,9.859999656677246,8.572378158569336,4900.0,ALOT
2013-04-30,11.583333015441895,11.583333015441895,11.583333015441895,11.583333015441895,9.784997940063477,300.0,ALRS
2013-04-30,1.6200000047683716,1.6399999856948853,1.6100000143051147,1.6200000047683716,1.6200000047683716,187000.0,ALSK
2013-04-30,23.0,23.0,22.31999969482422,22.809999465942386,20.201828002929688,275100.0,ALSN
2013-04-30,2.075000047683716,2.075000047683716,2.075000047683716,2.075000047683716,2.075000047683716,0.0,ALT
2013-04-30,54.6109504699707,55.17290878295898,54.56052017211914,55.05763626098633,44.674407958984375,840400.0,ALV
2013-04-30,309.6000061035156,309.6000061035156,307.989990234375,307.989990234375,230.23013305664062,1700.0,ALX
2013-04-30,98.16000366210938,98.45999908447266,96.05999755859376,98.0,98.0,1461600.0,ALXN
2013-04-30,4.010000228881837,4.110000133514403,3.859999895095825,3.859999895095825,2.860225200653076,13800.0,ALYA
2013-04-30,21.700000762939453,22.06999969482422,21.61000061035156,22.049999237060547,22.049999237060547,143300.0,AMAG
2013-04-30,14.369999885559082,14.510000228881836,14.289999961853027,14.510000228881836,12.809415817260742,10094900.0,AMAT
2013-04-30,14.270000457763672,14.5,13.59000015258789,13.699999809265135,13.699999809265135,474400.0,AMBA
2013-04-30,10.050000190734863,10.050000190734863,10.050000190734863,10.050000190734863,7.8268699645996085,300.0,AMCR
2013-04-30,63.790000915527344,63.88999938964844,62.70000076293945,63.0099983215332,63.0099983215332,434600.0,AMCX
2013-04-30,2.6800000667572017,2.8199999332427983,2.6700000762939453,2.8199999332427983,2.8199999332427983,32647200.0,AMD
2013-04-30,40.63000106811523,40.72000122070313,40.36000061035156,40.709999084472656,38.869083404541016,1645000.0,AME
2013-04-30,9.550000190734863,10.1899995803833,8.8100004196167,10.039999961853027,10.039999961853027,1321300.0,AMED
2013-04-30,4.5,4.5,4.5,4.5,4.5,0.0,AMEH
2013-04-30,152.17999267578125,157.02000427246094,152.17999267578125,155.67999267578125,150.9714813232422,639300.0,AMG
2013-04-30,106.66000366210938,106.66000366210938,103.8499984741211,104.20999908447266,87.7759780883789,5477200.0,AMGN
2013-04-30,46.5,46.86000061035156,46.25,46.36999893188477,29.26046943664551,595300.0,AMJ
2013-04-30,3.7999999523162837,3.7999999523162837,3.7999999523162837,3.7999999523162837,3.7999999523162837,0.0,AMK
2013-04-30,4.25,4.25,4.170000076293944,4.239999771118163,4.239999771118163,908700.0,AMKR
2013-04-30,13.649999618530273,13.829999923706055,13.630000114440918,13.729999542236328,13.729999542236328,214800.0,AMN
2013-04-30,21.32999992370605,21.780000686645508,21.31999969482422,21.729999542236328,17.169195175170902,5500.0,AMNB
2013-04-30,7.0999999046325675,7.139999866485597,6.880000114440918,7.139999866485597,6.8843345642089835,3800.0,AMOT
2013-04-30,20.5,21.420000076293945,20.5,21.420000076293945,17.624313354492188,19300.0,AMOV
2013-04-30,74.22000122070312,74.9000015258789,73.63999938964844,74.52999877929688,62.69530487060547,1306500.0,AMP
2013-04-30,5.119999885559082,5.130000114440918,5.0,5.039999961853027,5.039999961853027,126000.0,AMPE
2013-04-30,58.70000076293945,59.29999923706055,57.5,57.70000076293945,16.971275329589847,22100.0,AMPY
2013-04-30,7.809999942779541,7.9000000953674325,7.760000228881836,7.9000000953674325,7.522962093353271,4800.0,AMRB
2013-04-30,7.75,7.78000020980835,7.300000190734862,7.369999885559082,7.369999885559082,97900.0,AMRC
2013-04-30,7.059999942779541,7.570000171661378,6.960000038146973,7.4099998474121085,7.4099998474121085,6888400.0,AMRN
2013-04-30,42.599998474121094,42.599998474121094,40.5,40.79999923706055,40.79999923706055,15100.0,AMRS
2013-04-30,1.6499999761581419,1.6499999761581419,1.6499999761581419,1.6499999761581419,1.6499999761581419,0.0,AMS
2013-04-30,24.399999618530273,25.399999618530273,24.399999618530273,25.10000038146973,25.10000038146973,21000.0,AMSC
2013-04-30,32.43000030517578,33.049999237060554,32.299999237060554,32.65999984741211,21.961078643798828,107500.0,AMSF
2013-04-30,8.289999961853027,8.390000343322754,8.279999732971191,8.310000419616701,6.1751556396484375,36400.0,AMSWA
2013-04-30,83.41999816894531,84.0199966430664,82.83000183105469,83.98999786376953,73.93124389648438,2182900.0,AMT
2013-04-30,19.6200008392334,19.90999984741211,19.530000686645508,19.90999984741211,17.209453582763672,2487900.0,AMTD
2013-04-30,28.90999984741211,28.90999984741211,28.709999084472656,28.809999465942386,18.221506118774414,9400.0,AMU
2013-04-30,33.220001220703125,33.709999084472656,33.049999237060554,33.650001525878906,33.650001525878906,128600.0,AMWD
2013-04-30,20.75,21.489999771118164,20.670000076293945,21.3799991607666,18.33091926574707,8229800.0,AMX
2013-04-30,249.3699951171875,254.67999267578125,248.55999755859372,253.80999755859372,253.80999755859372,4248800.0,AMZN
2013-04-30,44.97000122070313,45.5099983215332,44.599998474121094,45.5099983215332,45.5099983215332,483000.0,AN
2013-04-30,91.41000366210938,94.02999877929688,91.41000366210938,94.02999877929688,76.19791412353516,12600.0,ANAT
2013-04-30,36.13333511352539,36.526668548583984,35.99333190917969,36.3466682434082,31.88583564758301,77700.0,ANDE
2013-04-30,49.22999954223633,49.90999984741211,49.040000915527344,49.56000137329102,37.850772857666016,1382400.0,ANF
2013-04-30,24.020000457763672,24.420000076293945,23.86000061035156,24.239999771118164,24.239999771118164,1163500.0,ANGI
2013-04-30,10.06999969482422,10.130000114440918,10.029999732971193,10.130000114440918,10.130000114440918,101000.0,ANGO
2013-04-30,6.28000020980835,6.3400001525878915,6.239999771118164,6.309999942779541,2.9294655323028564,1641800.0,ANH
2013-04-30,12.670000076293945,13.4399995803833,12.579999923706055,13.350000381469727,13.350000381469727,80500.0,ANIK
2013-04-30,7.019999980926514,7.079999923706055,6.539999961853027,6.78000020980835,6.78000020980835,35300.0,ANIP
2013-04-30,5.5,5.75,5.0,5.75,5.75,10600.0,ANIX
2013-04-30,78.66999816894531,80.9000015258789,78.2300033569336,80.86000061035156,80.86000061035156,566500.0,ANSS
2013-04-30,8.050000190734862,8.350000381469728,8.050000190734862,8.25,8.25,2400.0,ANTE
2013-04-30,73.22000122070312,73.22000122070312,71.6500015258789,72.91999816894531,65.50953674316406,2649200.0,ANTM
2013-04-30,9.0,9.039999961853027,8.729999542236326,8.779999732971191,8.779999732971191,1701500.0,AOBC
2013-04-30,8.279999732971191,8.300000190734862,8.220000267028809,8.279999732971191,4.628241062164307,573000.0,AOD
2013-04-30,59.61000061035156,60.38999938964844,59.45000076293945,60.349998474121094,55.89456176757813,2343400.0,AON
2013-04-30,18.78499984741211,18.897499084472656,18.612499237060547,18.857500076293945,16.605831146240234,1522000.0,AOS
2013-04-30,8.149999618530272,8.189999580383299,6.639999866485597,7.239999771118164,7.239999771118164,631200.0,AOSL
2013-04-30,18.540000915527344,18.959999084472656,18.51000022888184,18.739999771118164,16.063888549804688,10900.0,AP
2013-04-30,73.55000305175781,73.94000244140625,72.41000366210938,73.87999725341797,64.1224365234375,3337100.0,APA
2013-04-30,37.459999084472656,37.599998474121094,36.86999893188477,37.29999923706055,23.633922576904297,265000.0,APAM
2013-04-30,80.03700256347656,80.44403076171875,79.5837173461914,80.44403076171875,66.40982818603516,830200.0,APD
2013-04-30,576.0,576.0,528.0,528.0,528.0,1000.0,APDN
2013-04-30,33.669998168945305,33.669998168945305,33.31999969482422,33.529998779296875,33.529998779296875,127500.0,APEI
2013-04-30,386.5400085449219,386.5400085449219,381.1499938964844,383.4599914550781,383.4599914550781,100.0,APEN
2013-04-30,39.599998474121094,39.599998474121094,39.09000015258789,39.09000015258789,37.96506881713867,9600.0,APEX
2013-04-30,37.44499969482422,37.77000045776367,37.31499862670898,37.7599983215332,34.89288330078125,1342800.0,APH
2013-04-30,0.9229999780654908,0.9229999780654908,0.9229999780654908,0.9229999780654908,0.9229999780654908,0.0,APM
2013-04-30,26.270000457763672,27.3799991607666,26.1299991607666,26.920000076293945,17.461341857910153,1068900.0,APO
2013-04-30,25.15999984741211,25.540000915527344,25.11000061035156,25.479999542236328,23.25187492370605,483300.0,APOG
2013-04-30,4.400000095367432,4.75,4.400000095367432,4.550000190734863,4.550000190734863,18700.0,APPS
2013-04-30,1.6799999475479126,1.6799999475479126,1.6100000143051147,1.6100000143051147,1.6100000143051147,78400.0,APT
2013-04-30,2.2799999713897705,2.2799999713897705,2.2799999713897705,2.2799999713897705,2.2799999713897705,0.0,APTO
2013-04-30,9.109999656677246,9.15999984741211,9.010000228881836,9.149999618530273,5.644280433654785,13100.0,APTS
2013-04-30,38.11399841308594,38.734283447265625,37.854148864746094,38.734283447265625,34.89114761352539,2726000.0,APTV
2013-04-30,4.0,4.0,3.7999999523162837,3.900000095367432,3.659926891326904,19200.0,APWC
2013-04-30,7.78000020980835,7.860000133514403,7.739999771118164,7.8499999046325675,5.640532493591309,31100.0,AQN
2013-04-30,1.870000004768372,1.870000004768372,1.830000042915344,1.830000042915344,1.830000042915344,1282000.0,ARA
2013-04-30,2.7699999809265137,2.7699999809265137,2.700000047683716,2.7699999809265137,2.7699999809265137,225859.0,ARAV
2013-04-30,4.420000076293945,4.489999771118164,4.329999923706056,4.400000095367432,4.400000095367432,651700.0,ARAY
2013-04-30,3.2999999523162837,3.2999999523162837,3.2100000381469727,3.2100000381469727,3.1856818199157715,238100.0,ARC
2013-04-30,11.5,11.739999771118164,10.479999542236328,10.510000228881836,9.816204071044922,533400.0,ARCB
2013-04-30,18.049999237060547,18.200000762939453,18.040000915527344,18.15999984741211,9.310294151306152,3900600.0,ARCC
2013-04-30,13.0,13.649999618530273,12.600000381469727,13.619999885559082,12.612557411193848,1623500.0,ARCO
2013-04-30,19.940000534057614,19.950000762939453,19.8700008392334,19.899999618530273,10.97836971282959,95000.0,ARDC
2013-04-30,71.12000274658203,72.7699966430664,70.7699966430664,72.7699966430664,57.93001556396485,637400.0,ARE
2013-04-30,25.38999938964844,25.559999465942386,25.3799991607666,25.479999542236328,17.501005172729492,33000.0,ARGD
2013-04-30,26.799072265625,27.243328094482425,26.6488094329834,27.079998016357425,23.77575492858887,166600.0,ARGO
2013-04-30,17.610000610351562,17.81999969482422,17.510000228881836,17.739999771118164,8.519852638244629,516400.0,ARI
2013-04-30,21.3799991607666,21.989999771118164,21.3799991607666,21.780000686645508,15.891603469848633,23600.0,ARKR
2013-04-30,3.990000009536743,4.070000171661377,3.990000009536743,4.050000190734863,4.050000190734863,12700.0,ARL
2013-04-30,36.13000106811523,37.36000061035156,35.83000183105469,37.21500015258789,18.714378356933594,299400.0,ARLP
2013-04-30,1050.0,1120.0,1050.0,1120.0,1120.0,0.0,ARMP
2013-04-30,81.5999984741211,82.9000015258789,80.30000305175781,82.4000015258789,82.4000015258789,449000.0,ARNA
2013-04-30,18.845577239990234,19.160419464111328,18.688156127929688,19.115442276000977,17.91231346130371,6625700.0,ARNC
2013-04-30,25.84000015258789,26.57999992370605,25.59000015258789,26.420000076293945,20.15404510498047,1287500.0,AROC
2013-04-30,20.584495544433594,20.989803314208984,20.567249298095703,20.860450744628906,16.51962661743164,67700.0,AROW
2013-04-30,51.84000015258789,51.91999816894531,51.68000030517578,51.91999816894531,28.35607147216797,420500.0,ARR
2013-04-30,23.21999931335449,23.70000076293945,23.170000076293945,23.56999969482422,18.873388290405273,6700.0,ARTNA
2013-04-30,6.3499999046325675,6.3499999046325675,6.170000076293945,6.170000076293945,6.003602981567383,12400.0,ARTW
2013-04-30,38.08000183105469,39.22999954223633,37.959999084472656,39.22999954223633,39.22999954223633,936300.0,ARW
2013-04-30,1.7999999523162842,2.0899999141693115,1.7999999523162842,2.059999942779541,2.059999942779541,236700.0,ARWR
2013-04-30,15.449999809265135,15.609999656677244,15.15999984741211,15.579999923706055,15.08503532409668,45600.0,ASA
2013-04-30,14.289999961853027,14.3100004196167,14.18000030517578,14.270000457763672,12.050065994262695,600000.0,ASB
2013-04-30,9.43000030517578,9.5,9.369999885559082,9.390000343322754,4.311735153198241,11200.0,ASFI
2013-04-30,4.4099998474121085,4.449999809265137,4.4099998474121085,4.449999809265137,2.5653998851776123,31400.0,ASG
2013-04-30,24.38999938964844,24.68000030517578,24.10000038146973,24.270000457763672,24.270000457763672,401000.0,ASGN
2013-04-30,41.88356018066406,42.02054977416992,41.50195693969727,41.6878662109375,35.53125762939453,2244100.0,ASH
2013-04-30,1.2999999523162842,1.3300000429153442,1.2699999809265137,1.3300000429153442,1.3300000429153442,28200.0,ASM
2013-04-30,13.649999618530273,13.649999618530273,13.350000381469727,13.399999618530273,13.399999618530273,24100.0,ASMB
2013-04-30,74.4000015258789,74.6500015258789,73.68000030517578,74.37000274658203,69.76316070556639,888600.0,ASML
2013-04-30,367.0,370.6000061035156,363.6000061035156,370.0,370.0,50600.0,ASNA
2013-04-30,82.4000015258789,83.33999633789062,82.0199966430664,82.54000091552734,82.54000091552734,242500.0,ASPS
2013-04-30,6.0,6.0,5.880000114440918,5.880000114440918,5.880000114440918,800.0,ASPU
2013-04-30,120.06999969482422,124.23999786376952,120.06999969482422,124.11000061035156,104.8651885986328,366400.0,ASR
2013-04-30,5.550000190734863,5.570000171661377,5.449999809265137,5.510000228881836,5.510000228881836,237400.0,ASRT
2013-04-30,3.0499999523162837,3.0499999523162837,3.009999990463257,3.0199999809265137,2.7015626430511475,20200.0,ASRV
2013-04-30,27.10000038146973,27.10000038146973,27.10000038146973,27.10000038146973,15.871628761291506,0.0,ASRVP
2013-04-30,4.0,4.050000190734863,3.7999999523162837,3.9500000476837163,3.9500000476837163,3600.0,ASTC
2013-04-30,32.700000762939446,33.330001831054695,32.470001220703125,32.830001831054695,30.6539363861084,152700.0,ASTE
2013-04-30,5.110000133514403,5.230000019073486,5.110000133514403,5.230000019073486,5.230000019073486,4200.0,ASUR
2013-04-30,4.2800002098083505,4.480000019073486,4.25,4.480000019073486,3.099456310272217,888100.0,ASX
2013-04-30,3.660000085830689,3.7899999618530273,3.5799999237060547,3.740000009536743,3.740000009536743,20800.0,ASYS
2013-04-30,4.650000095367432,4.730000019073486,4.650000095367432,4.699999809265137,3.7922639846801762,651100.0,AT
2013-04-30,7.0999999046325675,7.25,6.980000019073486,7.1500000953674325,3.996714353561402,133700.0,ATAX
2013-04-30,1.0747699737548828,1.112149953842163,1.0560699701309204,1.0560699701309204,1.0560699701309204,3536.0,ATCO
2013-04-30,22.68000030517578,22.920000076293945,22.440000534057614,22.68000030517578,22.68000030517578,19200.0,ATEC
2013-04-30,28.040000915527344,28.209999084472656,27.59000015258789,28.01000022888184,26.7115421295166,798000.0,ATGE
2013-04-30,13.140000343322756,13.260000228881836,13.079999923706055,13.260000228881836,13.260000228881836,3700.0,ATHE
2013-04-30,2.2300000190734863,2.2300000190734863,2.1400001049041752,2.220000028610229,2.220000028610229,528300.0,ATHX
2013-04-30,26.60000038146973,26.989999771118164,26.25,26.979999542236328,24.863445281982425,1459000.0,ATI
2013-04-30,3.7200000286102295,3.910000085830689,3.6800000667572017,3.7000000476837163,3.7000000476837163,11000.0,ATLC
2013-04-30,19.84000015258789,19.84000015258789,19.420000076293945,19.649999618530273,15.75160312652588,4300.0,ATLO
2013-04-30,26.309999465942386,26.3700008392334,26.28000068664551,26.35000038146973,19.201129913330078,16882.0,ATMP
2013-04-30,49.75,51.18999862670898,48.9900016784668,50.77000045776367,45.0595932006836,65200.0,ATNI
2013-04-30,5.0,5.0,5.0,5.0,5.0,0.0,ATNM
2013-04-30,44.0099983215332,44.36999893188477,43.72999954223633,44.36999893188477,36.91792678833008,528200.0,ATO
2013-04-30,1260.0,1287.0,1191.5999755859375,1202.4000244140625,1202.4000244140625,300.0,ATOS
2013-04-30,55.18999862670898,56.11999893188477,55.02000045776367,56.099998474121094,50.54667663574219,656300.0,ATR
2013-04-30,7.789999961853027,8.350000381469728,7.789999961853027,8.340000152587889,8.340000152587889,54800.0,ATRC
2013-04-30,199.7400054931641,200.38999938964844,197.38999938964844,200.38999938964844,188.7950439453125,2400.0,ATRI
2013-04-30,11.80319881439209,11.896942138671875,11.7264986038208,11.84580898284912,11.84580898284912,73600.0,ATRO
2013-04-30,3.8199999332427983,3.859999895095825,3.7300000190734863,3.7899999618530273,3.7899999618530273,895800.0,ATRS
2013-04-30,5.6599998474121085,5.829999923706055,5.599999904632568,5.769999980926514,5.769999980926514,340300.0,ATSG
2013-04-30,14.866666793823242,14.93333339691162,14.800000190734865,14.800000190734865,6.953866958618164,100.0,ATV
2013-04-30,14.970000267028807,15.020000457763672,14.81999969482422,14.960000038146973,14.271650314331055,7853100.0,ATVI
2013-04-30,18.8700008392334,19.5,18.450000762939453,19.5,18.92298698425293,1788900.0,AU
2013-04-30,18.59000015258789,18.90999984741211,18.540000915527344,18.90999984741211,15.749192237854006,23100.0,AUB
2013-04-30,21.75,21.75,21.75,21.75,17.634599685668945,200.0,AUBN
2013-04-30,3.910000085830689,3.9700000286102295,3.7899999618530273,3.940000057220459,3.70732045173645,109800.0,AUDC
2013-04-30,1.919999957084656,1.919999957084656,1.7699999809265137,1.8200000524520876,1.8200000524520876,212300.0,AUMN
2013-04-30,4.349999904632568,4.389999866485597,4.199999809265137,4.389999866485597,4.389999866485597,13600.0,AUTO
2013-04-30,11.93000030517578,12.300000190734865,11.600000381469727,12.300000190734865,11.142744064331056,7157200.0,AUY
2013-04-30,27.95000076293945,28.06999969482422,27.8700008392334,28.04999923706055,21.816001892089844,279700.0,AVA
2013-04-30,19.059999465942386,19.59000015258789,19.0,19.36000061035156,19.36000061035156,204700.0,AVAV
2013-04-30,131.02999877929688,133.03999328613278,130.77000427246094,133.03999328613278,106.54827117919922,735700.0,AVB
2013-04-30,28.190000534057614,28.899999618530273,28.03000068664551,28.84000015258789,27.75111389160156,279000.0,AVD
2013-04-30,5.0,5.0,4.929999828338623,4.949999809265137,4.949999809265137,34200.0,AVDL
2013-04-30,60.099998474121094,63.5,50.70000076293945,51.099998474121094,51.099998474121094,1549200.0,AVEO
2013-04-30,32.470001220703125,32.470001220703125,31.54999923706055,31.959999084472656,27.09867858886719,5251100.0,AVGO
2013-04-30,6.6599998474121085,6.820000171661378,6.559999942779541,6.5900001525878915,6.5900001525878915,88100.0,AVID
2013-04-30,17.569999694824222,17.579999923706055,17.510000228881836,17.549999237060547,10.090070724487305,96400.0,AVK
2013-04-30,39.2400016784668,39.2400016784668,37.560001373291016,38.400001525878906,38.400001525878906,36000.0,AVNW
2013-04-30,32.0,32.75,31.709999084472656,32.75,29.20136070251465,1668000.0,AVT
2013-04-30,2.5,2.6440000534057617,2.5,2.5999999046325684,2.5999999046325684,8400.0,AVXL
2013-04-30,41.70000076293945,41.70000076293945,41.02999877929688,41.45000076293945,35.458106994628906,1132800.0,AVY
2013-04-30,16.84000015258789,16.84000015258789,16.700000762939453,16.729999542236328,9.24185562133789,179900.0,AWF
2013-04-30,51.68999862670898,52.02000045776367,50.83000183105469,51.040000915527344,50.38527297973633,297400.0,AWI
2013-04-30,41.36999893188477,41.88000106811523,41.20000076293945,41.88000106811523,35.731964111328125,939800.0,AWK
2013-04-30,8.670000076293945,8.699999809265138,8.579999923706055,8.630000114440918,4.443541526794434,354400.0,AWP
2013-04-30,27.68000030517578,27.739999771118164,27.46500015258789,27.739999771118164,23.590049743652344,351000.0,AWR
2013-04-30,4.900000095367432,4.900000095367432,4.809999942779541,4.829999923706055,3.5551130771636963,79600.0,AWRE
2013-04-30,3.650000095367432,3.650000095367432,3.650000095367432,3.650000095367432,3.650000095367432,3800.0,AWX
2013-04-30,10.1225004196167,10.22249984741211,10.0,10.19499969482422,10.19499969482422,340400.0,AX
2013-04-30,2.190000057220459,2.25,2.150000095367432,2.240000009536743,2.240000009536743,388900.0,AXAS
2013-04-30,6.110000133514403,6.480000019073486,6.110000133514403,6.320000171661378,6.320000171661378,18700.0,AXDX
2013-04-30,70.83000183105469,71.73999786376953,70.43000030517578,71.73999786376953,67.85628509521484,361400.0,AXE
2013-04-30,4.75,4.849999904632568,4.71999979019165,4.71999979019165,4.71999979019165,7600.0,AXGN
2013-04-30,13.600000381469727,14.0600004196167,13.270000457763672,13.369999885559082,13.369999885559082,2775800.0,AXL
2013-04-30,1.6610000133514404,1.6610000133514404,1.6610000133514404,1.6610000133514404,1.4048326015472412,0.0,AXO
2013-04-30,67.87999725341797,68.48000335693361,67.59999847412111,68.41000366210939,61.657691955566406,4685400.0,AXP
2013-04-30,9.3100004196167,9.649999618530273,9.0,9.0,9.0,16700.0,AXR
2013-04-30,44.02999877929688,44.709999084472656,43.81999969482422,44.63000106811523,37.23850631713867,1113200.0,AXS
2013-04-30,2.940000057220459,2.9500000476837163,2.8299999237060547,2.869999885559082,2.869999885559082,342200.0,AXTI
2013-04-30,2.0899999141693115,2.1199998855590816,2.009999990463257,2.049999952316284,2.049999952316284,345800.0,AXU
2013-04-30,72.47000122070312,73.02999877929688,72.20999908447266,72.95999908447266,71.23320007324219,411000.0,AYI
2013-04-30,20487.8046875,20487.8046875,20487.8046875,20487.8046875,20487.8046875,0.0,AYTU
2013-04-30,26.040000915527344,26.07500076293945,25.88999938964844,25.959999084472656,16.848011016845707,2088200.0,AZN
2013-04-30,404.0499877929688,409.25,400.739990234375,409.0899963378906,409.0899963378906,289900.0,AZO
2013-04-30,30.190000534057614,30.520000457763672,30.059999465942386,30.479999542236328,30.479999542236328,432400.0,AZPN
2013-04-30,42.59000015258789,42.77000045776367,41.900001525878906,42.290000915527344,38.500885009765625,166100.0,AZZ
2013-04-30,27.10000038146973,27.85000038146973,27.06999969482422,27.770000457763672,25.58069038391113,246600.0,B
2013-04-30,91.3499984741211,91.98999786376952,90.81999969482422,91.41000366210938,76.50172424316406,4714300.0,BA
2013-04-30,12.390000343322756,12.399999618530273,12.199999809265135,12.3100004196167,11.141247749328613,89362100.0,BAC
2013-04-30,15.609999656677244,15.699999809265135,15.609999656677244,15.649999618530273,10.668207168579102,25700.0,BAF
2013-04-30,15.039999961853027,15.270000457763672,14.9399995803833,15.1899995803833,13.34179973602295,502600.0,BAH
2013-04-30,16.920000076293945,17.690000534057614,16.90999984741211,17.649999618530273,13.086176872253418,737397.0,BAK
2013-04-30,54.38000106811523,55.349998474121094,53.52000045776367,55.349998474121094,55.349998474121094,58300.0,BAL
2013-04-30,25.03280830383301,25.38713836669922,24.77690315246582,25.321521759033203,22.355148315429688,1563000.0,BAM
2013-04-30,11.5,11.5,11.289999961853027,11.359999656677244,9.090593338012695,11000.0,BANC
2013-04-30,20.75,20.98500061035156,20.46999931335449,20.920000076293945,17.790393829345703,15600.0,BANF
2013-04-30,26.559999465942386,26.559999465942386,26.559999465942386,26.559999465942386,16.73154067993164,300.0,BANFP
2013-04-30,32.279998779296875,32.720001220703125,32.139999389648445,32.669998168945305,27.07262420654297,119500.0,BANR
2013-04-30,144.77381896972656,146.3137664794922,144.0615997314453,144.93743896484375,112.81222534179688,603600.0,BAP
2013-04-30,1.5399999618530271,1.5399999618530271,1.5,1.5,1.5,3000.0,BASI
2013-04-30,38.28897476196289,38.28897476196289,37.55024337768555,37.95219802856445,31.95687294006348,5215300.0,BAX
2013-04-30,15.789999961853027,16.59000015258789,15.75,16.290000915527347,16.290000915527347,42800400.0,BB
2013-04-30,4.4099998474121085,4.5,4.300000190734863,4.489999771118164,4.1202144622802725,37800.0,BBAR
2013-04-30,68.20999908447266,69.0,68.16999816894531,68.80000305175781,59.67572021484375,1756300.0,BBBY
2013-04-30,11.033058166503906,11.453167915344238,10.977961540222168,11.425620079040527,8.041776657104492,12998000.0,BBD
2013-04-30,27.63999938964844,28.059999465942386,27.61000061035156,27.96999931335449,13.535058975219727,162700.0,BBDC
2013-04-30,17.450000762939453,17.450000762939453,17.450000762939453,17.450000762939453,13.02155303955078,0.0,BBDO
2013-04-30,15.289999961853027,15.350000381469727,15.260000228881836,15.329999923706055,10.22443675994873,12500.0,BBF
2013-04-30,6.5999999046325675,6.5999999046325675,6.1599998474121085,6.53000020980835,5.093456745147705,3800.0,BBGI
2013-04-30,259.70001220703125,262.5,256.20001220703125,258.29998779296875,258.29998779296875,5200.0,BBI
2013-04-30,16.809999465942386,16.84000015258789,16.770000457763672,16.84000015258789,11.072012901306152,7000.0,BBK
2013-04-30,55.79999923706055,56.56000137329102,55.27999877929688,56.52999877929688,38.0941047668457,2665900.0,BBL
2013-04-30,22.989999771118164,23.03000068664551,22.8799991607666,22.95000076293945,14.098581314086914,147700.0,BBN
2013-04-30,11.09000015258789,11.25,10.920000076293944,11.050000190734863,11.050000190734863,11400.0,BBQ
2013-04-30,54.0,54.29999923706055,52.33000183105469,52.93999862670898,46.92480850219727,78700.0,BBSI
2013-04-30,9.739999771118164,9.800000190734863,9.6899995803833,9.800000190734863,7.190725803375244,1317600.0,BBVA
2013-04-30,5.21999979019165,5.25,5.070000171661377,5.070000171661377,5.070000171661377,14200.0,BBW
2013-04-30,2.1700000762939453,2.220000028610229,2.1300001144409184,2.1300001144409184,2.0789473056793213,52600.0,BBX
2013-04-30,25.709999084472656,26.920000076293945,25.649999618530273,25.989999771118164,21.639698028564453,23284900.0,BBY
2013-04-30,31.6299991607666,31.899999618530273,31.06999969482422,31.65999984741211,29.080217361450195,1454600.0,BC
2013-04-30,10.479999542236328,10.479999542236328,10.149999618530273,10.420000076293944,7.548225402832031,3300.0,BCBP
2013-04-30,31.75,32.029998779296875,31.479999542236328,32.029998779296875,30.536998748779297,214800.0,BCC
2013-04-30,10.800000190734863,10.800000190734863,10.800000190734863,10.800000190734863,10.800000190734863,0.0,BCDA
2013-04-30,46.209999084472656,47.0,45.97000122070313,46.86000061035156,30.403453826904297,859500.0,BCE
2013-04-30,3915.622802734375,3969.18505859375,3818.541259765625,3833.0478515625,3833.0478515625,2700.0,BCEI
2013-04-30,28.817960739135746,29.20219993591309,28.655517578125,29.18033218383789,21.514799118041992,29400.0,BCH
2013-04-30,3.5999999046325684,3.5999999046325684,3.4500000476837163,3.4500000476837163,3.4500000476837163,2500.0,BCLI
2013-04-30,40.849998474121094,40.86999893188477,40.7599983215332,40.7599983215332,40.7599983215332,3800.0,BCM
2013-04-30,7.9000000953674325,7.9000000953674325,7.9000000953674325,7.9000000953674325,7.9000000953674325,0.0,BCML
2013-04-30,26.709999084472656,26.790000915527344,26.07999992370605,26.51000022888184,24.45523834228516,460400.0,BCO
2013-04-30,7.269999980926514,7.269999980926514,7.269999980926514,7.269999980926514,2.5623722076416016,400.0,BCOM
2013-04-30,14.800000190734865,14.979999542236328,14.640000343322756,14.770000457763672,14.770000457763672,359300.0,BCOR
2013-04-30,6.039999961853027,6.0999999046325675,5.829999923706055,6.019999980926514,6.019999980926514,311600.0,BCOV
2013-04-30,43.209999084472656,43.36000061035156,42.709999084472656,43.34000015258789,41.83020401000977,39400.0,BCPC
2013-04-30,1.9800000190734863,2.0899999141693115,1.919999957084656,2.009999990463257,2.009999990463257,4500700.0,BCRX
2013-04-30,16.571428298950195,16.635944366455078,16.368663787841793,16.571428298950195,13.451668739318848,3430500.0,BCS
2013-04-30,9.598007202148438,9.598007202148438,9.598007202148438,9.598007202148438,8.773935317993164,0.0,BCTF
2013-04-30,17.5,17.520000457763672,17.469999313354492,17.520000457763672,11.53641128540039,10900.0,BCV
2013-04-30,12.619999885559082,12.619999885559082,12.5,12.600000381469727,7.121409893035889,195500.0,BCX
2013-04-30,49.0,49.41999816894531,48.43000030517578,49.41999816894531,48.33324813842773,167100.0,BDC
2013-04-30,26.5,26.5,26.270000457763672,26.45000076293945,15.181204795837402,11300.0,BDCS
2013-04-30,20.46999931335449,20.46999931335449,20.100000381469727,20.190000534057614,16.11660385131836,28600.0,BDGE
2013-04-30,7.760000228881836,7.8400001525878915,7.730000019073486,7.809999942779541,4.812782764434815,516000.0,BDJ
2013-04-30,7.699999809265138,7.699999809265138,7.679999828338622,7.699999809265138,7.168362617492676,800.0,BDL
2013-04-30,14.949999809265135,14.979999542236328,14.81999969482422,14.93000030517578,10.896126747131348,2684300.0,BDN
2013-04-30,1.0,1.0,0.959999978542328,0.959999978542328,0.959999978542328,26000.0,BDR
2013-04-30,5.4099998474121085,5.699999809265138,5.360000133514403,5.679999828338622,5.679999828338622,223300.0,BDSI
2013-04-30,94.58999633789062,94.62000274658205,93.87000274658205,94.3000030517578,84.45033264160156,1470300.0,BDX
2013-04-30,2.940000057220459,3.0,2.900000095367432,2.9100000858306885,2.9100000858306885,40700.0,BEAT
2013-04-30,38.5,38.58000183105469,38.040000915527344,38.13000106811523,38.13000106811523,379600.0,BECN
2013-04-30,13.050000190734865,13.050000190734865,13.050000190734865,13.050000190734865,11.878055572509766,100.0,BELFA
2013-04-30,14.789999961853027,14.960000038146973,14.59000015258789,14.720000267028807,13.334596633911133,68600.0,BELFB
2013-04-30,51.79999923706055,52.75,51.39666748046875,51.5533332824707,44.18893814086914,1891200.0,BEN
2013-04-30,30.8799991607666,31.420000076293945,30.8799991607666,31.29999923706055,18.80286407470703,3300.0,BEP
2013-04-30,18.6299991607666,19.06999969482422,18.309999465942386,19.0,19.0,770100.0,BERY
2013-04-30,32.419998168945305,32.77000045776367,32.009998321533196,32.439998626708984,32.439998626708984,83500.0,BFAM
2013-04-30,15.350000381469727,15.350000381469727,15.300000190734865,15.300000190734865,13.533035278320312,500.0,BFC
2013-04-30,7.889999866485597,7.9099998474121085,7.820000171661378,7.889999866485597,6.976428985595702,10900.0,BFIN
2013-04-30,15.489999771118164,15.5,15.31999969482422,15.399999618530273,10.258060455322266,160500.0,BFK
2013-04-30,15.65999984741211,15.739999771118164,15.630000114440918,15.739999771118164,13.024178504943848,14000.0,BFO
2013-04-30,44.36000061035156,44.79999923706055,43.54999923706055,44.79999923706055,34.928089141845696,44500.0,BFS
2013-04-30,15.899999618530273,15.899999618530273,15.869999885559082,15.899999618530273,11.081064224243164,14700.0,BFY
2013-04-30,16.629999160766598,16.65999984741211,16.479999542236328,16.5,11.36748218536377,33000.0,BFZ
2013-04-30,72.30000305175781,72.38999938964844,71.4800033569336,72.20999908447266,60.76068878173828,1082400.0,BG
2013-04-30,19.82999992370605,19.850000381469727,19.729999542236328,19.770000457763672,10.952016830444336,127800.0,BGB
2013-04-30,3.697749137878418,3.72990345954895,3.63987135887146,3.678456544876098,2.2286832332611084,1863800.0,BGCP
2013-04-30,16.549999237060547,16.90999984741211,16.219999313354492,16.799999237060547,11.577230453491213,884400.0,BGFV
2013-04-30,22.489999771118164,22.6200008392334,22.3700008392334,22.489999771118164,18.56147575378418,496700.0,BGG
2013-04-30,25.10000038146973,25.26000022888184,24.989999771118164,25.20000076293945,12.188960075378418,81200.0,BGH
2013-04-30,0.8399999737739563,0.8399999737739563,0.8399999737739563,0.8399999737739563,0.8399999737739563,0.0,BGI
2013-04-30,25.559999465942386,25.65999984741211,25.40999984741211,25.63999938964844,13.05305290222168,61600.0,BGR
2013-04-30,30.78000068664551,30.93000030517578,30.56999969482422,30.86000061035156,20.81316947937012,185500.0,BGS
2013-04-30,15.869999885559082,16.129999160766598,15.800000190734865,16.0,10.603378295898438,127100.0,BGT
2013-04-30,19.56999969482422,19.668800354003906,19.459999084472656,19.549999237060547,19.549999237060547,75606.0,BGX
2013-04-30,7.710000038146973,7.75,7.679999828338622,7.75,4.371908664703368,345600.0,BGY
2013-04-30,331.020263671875,336.0464172363281,330.192626953125,333.88250732421875,333.88250732421875,4300.0,BH
2013-04-30,347.0,347.2799987792969,347.0,347.2799987792969,347.2799987792969,500.0,BHAT
2013-04-30,16.0,16.022222518920902,15.982222557067873,16.0,11.721902847290039,9600.0,BHB
2013-04-30,75.97000122070312,76.45999908447266,75.68000030517578,76.08000183105469,76.08000183105469,1427600.0,BHC
2013-04-30,17.65999984741211,17.899999618530273,17.389999389648438,17.84000015258789,16.90838623046875,303700.0,BHE
2013-04-30,0.037000000476837165,0.037000000476837165,0.037000000476837165,0.037000000476837165,0.037000000476837165,0.0,BHF
2013-04-30,14.880000114440918,15.0,14.880000114440918,14.949999809265135,9.58257007598877,60000.0,BHK
2013-04-30,25.57999992370605,25.920000076293945,25.54999923706055,25.86000061035156,21.3358211517334,154500.0,BHLB
2013-04-30,66.31999969482422,67.29000091552734,65.76000213623047,67.22000122070311,47.24330520629883,3417000.0,BHP
2013-04-30,0.2800000011920929,0.2800000011920929,0.2800000011920929,0.2800000011920929,0.17531277239322662,1000.0,BHR
2013-04-30,21.209999084472656,21.26000022888184,21.209999084472656,21.26000022888184,15.465519905090332,1100.0,BHV
2013-04-30,85.7699966430664,86.5,85.25,85.8499984741211,85.8499984741211,3490100.0,BIDU
2013-04-30,7.269999980926514,7.289999961853027,7.239999771118164,7.289999961853027,5.4901394844055185,93500.0,BIF
2013-04-30,36.45000076293945,36.959999084472656,36.27999877929688,36.41999816894531,30.834760665893555,1485900.0,BIG
2013-04-30,223.94000244140625,226.17999267578125,218.2100067138672,218.92999267578125,218.92999267578125,1622000.0,BIIB
2013-04-30,0.7200000286102295,0.7200000286102295,0.6100000143051147,0.7099999785423279,0.7099999785423279,4500.0,BIMI
2013-04-30,119.9800033569336,119.98999786376952,118.72000122070312,119.75,119.75,92000.0,BIO
2013-04-30,26.15257453918457,26.300050735473636,24.628644943237305,26.054256439208984,26.054256439208984,119000.0,BIOL
2013-04-30,25.5,25.86000061035156,25.426666259765625,25.76666641235352,16.773056030273438,558700.0,BIP
2013-04-30,19.25,19.43000030517578,19.059999465942386,19.15999984741211,10.337223052978516,79300.0,BIT
2013-04-30,11.199999809265137,11.399999618530273,11.149999618530273,11.369999885559082,11.369999885559082,13400.0,BITA
2013-04-30,34.59000015258789,34.799999237060554,33.950000762939446,34.299999237060554,33.37433624267578,442800.0,BJRI
2013-04-30,28.1200008392334,28.29999923706055,27.88999938964844,28.21999931335449,24.75301551818848,4418400.0,BK
2013-04-30,9.949999809265137,9.979999542236328,9.81999969482422,9.949999809265137,4.711160659790039,636200.0,BKCC
2013-04-30,26.11000061035156,26.440000534057614,25.63999938964844,25.790000915527344,25.790000915527344,3841900.0,BKD
2013-04-30,46.65560150146485,47.43677520751953,46.65560150146485,47.40747833251953,35.611995697021484,77600.0,BKE
2013-04-30,8.850000381469727,9.0,8.579999923706055,8.760000228881836,4.486102104187012,43600.0,BKEP
2013-04-30,9.359999656677246,9.359999656677246,9.270000457763672,9.270000457763672,4.675782680511475,500.0,BKEPP
2013-04-30,46.45000076293945,46.9000015258789,46.4000015258789,46.88999938964844,37.96409606933594,203100.0,BKH
2013-04-30,16.770000457763672,16.819999694824222,16.639999389648438,16.639999389648438,13.134389877319336,33100.0,BKK
2013-04-30,16.15999984741211,16.15999984741211,16.069999694824222,16.110000610351562,10.683539390563963,33900.0,BKN
2013-04-30,698.5499877929688,702.72998046875,693.489990234375,695.989990234375,695.989990234375,484200.0,BKNG
2013-04-30,44.70000076293945,45.40999984741211,44.25,45.38999938964844,27.906402587890625,3149000.0,BKR
2013-04-30,11.772727012634276,11.818181991577148,11.772727012634276,11.818181991577148,9.351320266723633,3100.0,BKSC
2013-04-30,7.300000190734862,7.309999942779541,7.28000020980835,7.300000190734862,4.788083076477051,254800.0,BKT
2013-04-30,2.259999990463257,2.380000114440918,2.259999990463257,2.380000114440918,2.0271010398864746,22600.0,BKTI
2013-04-30,24.979999542236328,25.35000038146973,24.78000068664551,25.35000038146973,21.4042911529541,577100.0,BKU
2013-04-30,2.1600000858306885,2.1600000858306885,2.1600000858306885,2.1600000858306885,2.1600000858306885,1400.0,BKYI
2013-04-30,8.699999809265138,8.75,8.699999809265138,8.75,8.75,7650.0,BLBD
2013-04-30,1.0,1.0,1.0,1.0,1.0,6429.0,BLD
2013-04-30,0.9300000071525574,0.9700000286102296,0.8999999761581421,0.9300000071525574,0.9300000071525574,381900.0,BLDP
2013-04-30,6.110000133514403,6.25,6.079999923706055,6.190000057220459,6.190000057220459,564000.0,BLDR
2013-04-30,16.84000015258789,16.860000610351562,16.760000228881836,16.860000610351562,11.195834159851074,20600.0,BLE
2013-04-30,4.199999809265137,4.199999809265137,4.199999809265137,4.199999809265137,4.199999809265137,1200.0,BLFS
2013-04-30,1562.5,1587.5,1562.5,1587.5,1587.5,0.0,BLIN
2013-04-30,268.45999145507807,269.8099975585937,265.77999877929693,266.5,221.66770935058597,950400.0,BLK
2013-04-30,29.020000457763672,29.309999465942386,29.020000457763672,29.309999465942386,27.6232967376709,124000.0,BLKB
2013-04-30,22.20499992370605,22.274999618530273,21.934999465942386,22.059999465942386,20.07229232788086,3751200.0,BLL
2013-04-30,21.520000457763672,21.84000015258789,21.040000915527344,21.75,19.84181022644043,392600.0,BLMN
2013-04-30,66.0,68.5,66.0,67.5,67.5,200.0,BLNK
2013-04-30,27.0,28.20000076293945,27.0,27.29999923706055,27.29999923706055,2800.0,BLRX
2013-04-30,1.180799961090088,1.180799961090088,1.180799961090088,1.180799961090088,1.180799961090088,0.0,BLU
2013-04-30,18.979999542236328,18.979999542236328,18.899999618530273,18.96999931335449,11.27442741394043,73400.0,BLW
2013-04-30,22.899999618530273,22.959999084472656,22.63999938964844,22.690000534057614,14.922099113464355,317700.0,BLX
2013-04-30,15.81999969482422,15.989999771118164,15.5600004196167,15.9399995803833,13.961495399475098,42100.0,BMA
2013-04-30,31.020000457763672,31.229999542236328,30.8799991607666,31.21999931335449,16.12715721130371,22900.0,BME
2013-04-30,21.709999084472656,21.850000381469727,21.459999084472656,21.84000015258789,19.0953369140625,114000.0,BMI
2013-04-30,62.04999923706055,62.93999862670898,61.86999893188477,62.709999084472656,43.745418548583984,1090400.0,BMO
2013-04-30,1.0,1.0,1.0,1.0,1.0,0.0,BMRA
2013-04-30,19.625,19.94499969482422,19.565000534057614,19.799999237060547,17.536596298217773,11200.0,BMRC
2013-04-30,63.290000915527344,65.62000274658203,63.25,65.59999847412111,65.59999847412111,1108600.0,BMRN
2013-04-30,22.90999984741211,23.239999771118164,22.79999923706055,23.229999542236328,19.47099494934082,15100.0,BMTC
2013-04-30,39.83000183105469,39.83000183105469,39.18000030517578,39.72000122070313,32.73596572875977,11857100.0,BMY
2013-04-30,56.97000122070313,57.849998474121094,56.43999862670898,57.63999938964844,38.80561065673828,789800.0,BNS
2013-04-30,1.3600000143051147,1.3600000143051147,1.3600000143051147,1.3600000143051147,1.3600000143051147,600.0,BNSO
2013-04-30,15.699999809265135,15.770000457763672,15.68000030517578,15.770000457763672,11.114542961120604,15400.0,BNY
2013-04-30,5.010000228881836,5.070000171661377,5.010000228881836,5.059999942779541,4.445445537567139,3200.0,BOCH
2013-04-30,14.06999969482422,14.119999885559082,14.020000457763672,14.119999885559082,7.205494403839111,237800.0,BOE
2013-04-30,47.63999938964844,47.68999862670898,47.25,47.68999862670898,38.88816833496094,220200.0,BOH
2013-04-30,62.93999862670898,62.93999862670898,61.79999923706055,62.4900016784668,52.7684211730957,56700.0,BOKF
2013-04-30,15.630000114440918,15.93000030517578,15.579999923706055,15.880000114440918,15.01884937286377,32800.0,BOOM
2013-04-30,3.3199999332427983,3.390000104904175,3.259999990463257,3.2699999809265137,3.2699999809265137,3800.0,BOSC
2013-04-30,7.46999979019165,7.5,7.0999999046325675,7.25,6.490140914916992,2600.0,BOTJ
2013-04-30,43.68000030517578,43.72999954223633,43.310001373291016,43.599998474121094,28.514404296875,10317800.0,BP
2013-04-30,9.600000381469727,9.670000076293944,9.56999969482422,9.640000343322754,7.7239460945129395,274000.0,BPFH
2013-04-30,0.15000000596046448,0.15000000596046448,0.15000000596046448,0.15000000596046448,0.15000000596046448,0.0,BPMX
2013-04-30,28.309999465942386,28.559999465942386,28.21999931335449,28.489999771118164,25.501317977905273,442800.0,BPOP
2013-04-30,23.5,23.5,23.5,23.5,14.753543853759766,2200.0,BPOPM
2013-04-30,24.149999618530273,24.20000076293945,24.10000038146973,24.10000038146973,14.511880874633787,6700.0,BPOPN
2013-04-30,81.44000244140625,82.0,80.94999694824219,81.72000122070312,33.81022262573242,68000.0,BPT
2013-04-30,108.0,108.0,108.0,108.0,108.0,0.0,BPTH
2013-04-30,21.549999237060547,22.200000762939453,21.229999542236328,22.07999992370605,14.57460880279541,618000.0,BPY
2013-04-30,16.870000839233402,17.040000915527347,16.870000839233402,16.889999389648438,11.975510597229006,1200.0,BQH
2013-04-30,24.56999969482422,25.18000030517578,24.489999771118164,25.18000030517578,21.905452728271484,689100.0,BR
2013-04-30,6.666666507720947,6.666666507720947,6.666666507720947,6.666666507720947,5.23021125793457,0.0,BRBS
2013-04-30,33.220001220703125,33.93000030517578,33.09999847412109,33.880001068115234,28.5872802734375,278800.0,BRC
2013-04-30,7.4099998474121085,7.679999828338622,7.4099998474121085,7.519999980926514,7.519999980926514,25100.0,BREW
2013-04-30,24.670000076293945,24.82999992370605,24.290000915527344,24.82999992370605,23.34705924987793,2297900.0,BRFS
2013-04-30,7.579999923706055,7.579999923706055,7.579999923706055,7.579999923706055,7.579999923706055,0.0,BRID
2013-04-30,8.340000152587889,8.439999580383299,8.319999694824219,8.399999618530272,6.7771034240722665,342300.0,BRKL
2013-04-30,17.829999923706055,17.829999923706055,17.479999542236328,17.770000457763672,17.38711929321289,555500.0,BRKR
2013-04-30,9.609999656677246,9.829999923706056,9.550000190734863,9.720000267028807,8.201058387756348,276400.0,BRKS
2013-04-30,3.009999990463257,3.130000114440918,3.009999990463257,3.130000114440918,3.130000114440918,200.0,BRN
2013-04-30,15.329999923706055,15.550000190734865,15.324999809265135,15.494999885559082,13.38681697845459,2501800.0,BRO
2013-04-30,7.179999828338622,7.300000190734862,7.1500000953674325,7.199999809265138,5.996886253356934,4900.0,BRT
2013-04-30,1.6499999761581419,1.6499999761581419,1.4500000476837158,1.5800000429153442,1.4267656803131104,73100.0,BRY
2013-04-30,20.26000022888184,20.26000022888184,20.26000022888184,20.26000022888184,18.94154930114746,0.0,BSA
2013-04-30,26.26000022888184,26.63999938964844,25.96999931335449,26.63999938964844,20.26065444946289,386000.0,BSAC
2013-04-30,7.179999828338622,7.460000038146973,7.1500000953674325,7.420000076293945,4.946113586425781,5759900.0,BSBR
2013-04-30,14.989999771118164,15.039999961853027,14.880000114440918,14.970000267028807,9.977910995483398,23600.0,BSD
2013-04-30,15.18000030517578,15.210000038146973,15.170000076293945,15.210000038146973,10.863241195678713,7100.0,BSE
2013-04-30,14.15999984741211,14.15999984741211,13.920000076293945,14.029999732971193,11.708050727844238,17000.0,BSET
2013-04-30,21.88999938964844,21.88999938964844,21.450000762939453,21.709999084472656,13.279184341430664,67200.0,BSL
2013-04-30,0.3199999928474426,0.4160000085830689,0.3179999887943268,0.4160000085830689,0.2797336280345917,82217000.0,BSM
2013-04-30,15.390000343322756,16.229999542236328,15.289999961853027,16.149999618530273,11.031295776367188,2450500.0,BSMX
2013-04-30,3.109999895095825,3.109999895095825,3.0799999237060547,3.0899999141693115,3.0899999141693115,1500.0,BSQR
2013-04-30,12.800000190734865,12.93000030517578,12.770000457763672,12.920000076293945,11.001277923583984,7600.0,BSRR
2013-04-30,27.5,27.5,27.5,27.5,18.923566818237305,120.0,BST
2013-04-30,15.890000343322756,16.440000534057614,15.75,15.869999885559082,15.869999885559082,36400.0,BSTC
2013-04-30,7.440000057220459,7.53000020980835,7.4099998474121085,7.489999771118164,7.489999771118164,16287400.0,BSX
2013-04-30,12.520000457763672,12.520000457763672,12.449999809265135,12.5,8.327790260314941,42700.0,BTA
2013-04-30,38.40999984741211,39.52000045776367,38.310001373291016,39.459999084472656,33.917957305908196,196200.0,BTE
2013-04-30,2.4600000381469727,2.4600000381469727,2.380000114440918,2.4300000667572017,2.4110002517700195,43900.0,BTG
2013-04-30,55.54999923706055,55.66999816894531,55.29499816894531,55.5099983215332,34.83967971801758,342000.0,BTI
2013-04-30,4.46999979019165,4.5,4.4099998474121085,4.489999771118164,4.489999771118164,54100.0,BTN
2013-04-30,20.690000534057614,20.770000457763672,20.600000381469727,20.61000061035156,14.221789360046387,54500.0,BTO
2013-04-30,22.65999984741211,22.809999465942386,22.65999984741211,22.79999923706055,16.878875732421875,104200.0,BTT
2013-04-30,14.350000381469727,14.420000076293945,14.31999969482422,14.420000076293945,8.890435218811035,352400.0,BTZ
2013-04-30,93.87999725341795,95.73999786376952,93.41000366210938,95.62000274658205,78.3376693725586,5002900.0,BUD
2013-04-30,19.84000015258789,19.850000381469727,19.700000762939453,19.799999237060547,11.873734474182127,60400.0,BUI
2013-04-30,12.84000015258789,12.960000038146973,12.75,12.899999618530273,10.49306869506836,70000.0,BUSE
2013-04-30,20.25,20.32999992370605,19.420000076293945,20.020000457763672,19.52594757080078,3404100.0,BVN
2013-04-30,8.449999809265138,8.729999542236326,8.449999809265138,8.680000305175781,8.680000305175781,22400.0,BVSN
2013-04-30,39.59000015258789,39.68999862670898,38.91999816894531,39.084999084472656,35.42280578613281,2295400.0,BWA
2013-04-30,4.769999980926514,4.789999961853027,4.480000019073486,4.5,4.5,70200.0,BWEN
2013-04-30,22.0,22.0,22.0,22.0,20.726070404052734,0.0,BWFG
2013-04-30,21.0,21.06999969482422,20.8700008392334,21.06999969482422,11.132245063781738,88100.0,BWG
2013-04-30,19.427753448486328,19.570816040039066,19.177396774291992,19.45636558532715,17.807069778442386,761200.0,BWXT
2013-04-30,20.459999084472656,20.780000686645508,20.43000030517578,20.549999237060547,12.707486152648926,3462100.0,BX
2013-04-30,30.10000038146973,30.79999923706055,29.0,29.10000038146973,29.10000038146973,18000.0,BXC
2013-04-30,22.100000381469727,24.20000076293945,20.600000381469727,24.10000038146973,14.330415725708008,25600.0,BXMT
2013-04-30,12.829999923706055,12.850000381469727,12.75,12.75,7.562822341918945,112200.0,BXMX
2013-04-30,108.83000183105469,109.55999755859376,108.02999877929688,109.43000030517578,91.83039855957031,1526100.0,BXP
2013-04-30,15.9399995803833,16.0,15.859999656677244,16.0,14.220213890075685,442500.0,BXS
2013-04-30,11.720000267028807,12.0600004196167,11.65999984741211,12.0,11.726922035217285,3219200.0,BYD
2013-04-30,0.8000000119209291,0.8000000119209291,0.8000000119209291,0.8000000119209291,0.8000000119209291,700.0,BYFC
2013-04-30,15.779999732971193,15.90999984741211,15.779999732971193,15.81999969482422,10.775520324707033,92500.0,BYM
2013-04-30,16.319999694824222,16.489999771118164,16.040000915527347,16.15999984741211,16.15999984741211,614700.0,BZH
2013-04-30,17.299999237060547,17.299999237060547,17.219999313354492,17.290000915527347,12.74048137664795,1900.0,BZM
2013-04-30,46.849998474121094,47.20000076293945,46.47999954223633,46.65999984741211,42.87745666503906,18085000.0,C
2013-04-30,4.539999961853027,4.610000133514403,4.449999809265137,4.539999961853027,4.4488959312438965,35800.0,CAAS
2013-04-30,21.913333892822266,22.34666633605957,21.893333435058594,22.26000022888184,18.53896141052246,10500.0,CAC
2013-04-30,99.87999725341795,101.16999816894531,99.87999725341795,100.33000183105469,100.33000183105469,56600.0,CACC
2013-04-30,58.11000061035156,58.4900016784668,57.709999084472656,58.4900016784668,58.4900016784668,281100.0,CACI
2013-04-30,10.710000038146973,10.859999656677246,10.710000038146973,10.829999923706056,9.373433113098145,35000.0,CAE
2013-04-30,22.76000022888184,22.79999923706055,22.61000061035156,22.649999618530273,9.709904670715332,111600.0,CAF
2013-04-30,27.540855407714844,27.58754920959473,27.392995834350586,27.52529144287109,22.429967880249023,2298900.0,CAG
2013-04-30,44.08000183105469,44.36000061035156,43.61999893188477,44.22000122070313,36.163673400878906,3740900.0,CAH
2013-04-30,25.60000038146973,26.0,25.15999984741211,25.489999771118164,25.489999771118164,184300.0,CAI
2013-04-30,35.86999893188477,36.09000015258789,35.72999954223633,36.0099983215332,26.43691825866699,1495300.0,CAJ
2013-04-30,39.59000015258789,39.88999938964844,39.52999877929688,39.81999969482422,34.51401138305664,1037400.0,CAKE
2013-04-30,16.59000015258789,16.90999984741211,16.579999923706055,16.90999984741211,15.476730346679688,236300.0,CAL
2013-04-30,21.229999542236328,21.375,21.05500030517578,21.34000015258789,19.10909652709961,78000.0,CALM
2013-04-30,8.149999618530272,8.649999618530272,8.149999618530272,8.529999732971191,8.529999732971191,639400.0,CALX
2013-04-30,10.779999732971193,11.15999984741211,10.619999885559082,11.130000114440918,11.130000114440918,507800.0,CAMP
2013-04-30,1.4299999475479126,1.4299999475479126,1.4199999570846558,1.4199999570846558,1.261298418045044,400.0,CAMT
2013-04-30,65.69999694824219,65.69999694824219,65.69999694824219,65.69999694824219,65.69999694824219,0.0,CANF
2013-04-30,56.34000015258789,56.34000015258789,56.34000015258789,56.34000015258789,56.34000015258789,100.0,CAPE
2013-04-30,23.6200008392334,23.95000076293945,23.57999992370605,23.95000076293945,12.117998123168945,25800.0,CAPL
2013-04-30,50.0,50.0,50.0,50.0,50.0,0.0,CAPR
2013-04-30,28.96999931335449,29.489999771118164,28.54999923706055,28.84000015258789,28.84000015258789,2218600.0,CAR
2013-04-30,10.25,10.300000190734863,9.760000228881836,9.850000381469727,8.774443626403809,2900.0,CARE
2013-04-30,28.90819931030273,28.90819931030273,28.90819931030273,28.90819931030273,28.90819931030273,0.0,CARR#
2013-04-30,5.21999979019165,5.230000019073486,4.8400001525878915,5.230000019073486,5.230000019073486,700.0,CARV
2013-04-30,8.880000114440918,9.109999656677246,8.869999885559082,8.869999885559082,8.208832740783691,13200.0,CASH
2013-04-30,1.8600000143051147,1.950000047683716,1.7899999618530271,1.8600000143051147,1.8600000143051147,107600.0,CASI
2013-04-30,31.696969985961914,31.893939971923828,31.50757598876953,31.66666603088379,28.12607002258301,21800.0,CASS
2013-04-30,57.959999084472656,58.1500015258789,57.540000915527344,57.90999984741211,54.32352828979492,117800.0,CASY
2013-04-30,84.80999755859375,85.37999725341797,83.36000061035156,84.66999816894531,67.70030212402344,6954300.0,CAT
2013-04-30,39.70000076293945,39.70000076293945,39.70000076293945,39.70000076293945,31.662919998168945,0.0,CATC
2013-04-30,28.01000022888184,28.309999465942386,27.95000076293945,28.01000022888184,28.01000022888184,282100.0,CATM
2013-04-30,23.46999931335449,24.020000457763672,23.43000030517578,24.01000022888184,16.453283309936527,145600.0,CATO
2013-04-30,7.199999809265138,7.199999809265138,7.199999809265138,7.199999809265138,7.199999809265138,0.0,CATS
2013-04-30,19.56999969482422,19.709999084472656,19.40999984741211,19.709999084472656,16.986629486083984,301300.0,CATY
2013-04-30,88.95999908447266,89.13999938964844,88.58999633789062,89.13999938964844,71.64097595214844,1477600.0,CB
2013-04-30,6.190000057220459,6.539999961853027,6.0,6.0,5.739222049713135,3200.0,CBAN
2013-04-30,0.6200000047683716,0.6499999761581421,0.5899999737739563,0.6499999761581421,0.6499999761581421,107900.0,CBAT
2013-04-30,17.399999618530273,17.600000381469727,17.399999618530273,17.600000381469727,17.600000381469727,285000.0,CBB
2013-04-30,54.58000183105469,55.56000137329102,53.5099983215332,55.56000137329102,52.44380569458008,670200.0,CBD
2013-04-30,19.549999237060547,19.549999237060547,19.549999237060547,19.549999237060547,15.02316188812256,200.0,CBFV
2013-04-30,3.7999999523162837,4.079999923706056,3.7999999523162837,4.079999923706056,3.499234437942505,5510.0,CBH
2013-04-30,479.8500061035156,485.1000061035156,474.6000061035156,484.0499877929688,359.42352294921875,2400.0,CBIO
2013-04-30,24.229999542236328,24.34000015258789,23.8799991607666,24.13999938964844,12.995698928833008,1901300.0,CBL
2013-04-30,36.79999923706055,36.79999923706055,35.0,35.599998474121094,35.599998474121094,7400.0,CBLI
2013-04-30,3.3299999237060547,3.5,3.3299999237060547,3.5,3.5,1800.0,CBMG
2013-04-30,36.93000030517578,37.54999923706055,36.709999084472656,37.52999877929688,33.939830780029304,453400.0,CBOE
2013-04-30,25.670000076293945,25.85000038146973,25.309999465942386,25.440000534057614,25.440000534057614,11300.0,CBPO
2013-04-30,24.32999992370605,24.399999618530273,23.93000030517578,24.21999931335449,24.21999931335449,2608400.0,CBRE
2013-04-30,82.23999786376953,83.38999938964844,82.0,82.73999786376953,60.19058227539063,86000.0,CBRL
2013-04-30,32.81760025024414,33.006824493408196,32.53788375854492,32.99859619140625,29.11269187927246,594600.0,CBSH
2013-04-30,36.83000183105469,37.75,36.81999969482422,37.560001373291016,31.776599884033203,556300.0,CBT
2013-04-30,28.70000076293945,28.78000068664551,28.51000022888184,28.63999938964844,23.25243377685547,154100.0,CBU
2013-04-30,6.480000019073486,6.550000190734862,6.429999828338622,6.489999771118164,6.489999771118164,173300.0,CBZ
2013-04-30,1.5,1.5,1.5,1.5,1.5,0.0,CCB
2013-04-30,12.4399995803833,12.5,12.239999771118164,12.5,11.562451362609865,8400.0,CCBG
2013-04-30,17.120000839233402,17.440000534057614,16.959999084472653,17.120000839233402,15.319219589233398,3800.0,CCCL
2013-04-30,36.349998474121094,36.70000076293945,36.099998474121094,36.63000106811523,22.605159759521484,2361300.0,CCEP
2013-04-30,19.26000022888184,19.479999542236328,18.82999992370605,19.399999618530273,17.930437088012695,8300.0,CCF
2013-04-30,77.48999786376953,77.91000366210938,76.6500015258789,77.0,61.44321060180664,2605700.0,CCI
2013-04-30,18.899999618530273,19.51000022888184,18.71999931335449,19.51000022888184,16.615083694458008,1628100.0,CCJ
2013-04-30,42.04999923706055,42.68000030517578,41.709999084472656,42.68000030517578,42.68000030517578,1090100.0,CCK
2013-04-30,34.68000030517578,34.77000045776367,34.34999847412109,34.509998321533196,27.909427642822266,3261000.0,CCL
2013-04-30,23.649999618530273,24.0,23.31999969482422,23.979999542236328,12.030538558959961,25100.0,CCLP
2013-04-30,3.715741395950317,3.724525690078736,3.715741395950317,3.724525690078736,2.3444035053253174,600.0,CCM
2013-04-30,32.970001220703125,33.529998779296875,32.68000030517578,33.509998321533196,31.581974029541016,77600.0,CCMP
2013-04-30,16.020000457763672,16.280000686645508,15.989999771118164,16.190000534057614,13.01485824584961,18700.0,CCNE
2013-04-30,7.269999980926514,7.269999980926514,7.170000076293945,7.230000019073486,3.3358023166656494,85400.0,CCO
2013-04-30,27.81999969482422,28.63999938964844,27.81999969482422,28.63999938964844,21.78548622131348,315900.0,CCOI
2013-04-30,4.960000038146973,5.019999980926514,4.960000038146973,5.0,5.0,79600.0,CCRN
2013-04-30,33.889999389648445,34.529998779296875,33.65999984741211,34.529998779296875,28.99872398376465,216400.0,CCU
2013-04-30,21.38999938964844,21.5,21.38999938964844,21.459999084472656,21.459999084472656,10200.0,CCX
2013-04-30,12.5,12.670000076293945,12.210000038146973,12.43000030517578,12.43000030517578,147000.0,CCXI
2013-04-30,43.47999954223633,43.47999954223633,43.47999954223633,43.47999954223633,35.863216400146484,100.0,CCZ
2013-04-30,14.75,15.25,14.390000343322756,15.239999771118164,15.239999771118164,2583900.0,CDE
2013-04-30,9.9399995803833,10.010000228881836,9.380000114440918,9.729999542236328,7.33940839767456,362900.0,CDMO
2013-04-30,13.800000190734865,13.90999984741211,13.670000076293945,13.800000190734865,13.800000190734865,2241200.0,CDNS
2013-04-30,58.03921508789063,59.08496856689453,58.03921508789063,59.08496856689453,47.18954086303711,0.0,CDOR
2013-04-30,6.380000114440918,6.5,6.3400001525878915,6.4099998474121085,4.794113636016847,675100.0,CDR
2013-04-30,1.919999957084656,1.950000047683716,1.830000042915344,1.919999957084656,1.919999957084656,12100.0,CDXC
2013-04-30,2.3299999237060547,2.3499999046325684,2.200000047683716,2.240000009536743,2.240000009536743,110000.0,CDXS
2013-04-30,5.630000114440918,5.9000000953674325,5.559999942779541,5.889999866485597,5.889999866485597,38600.0,CDZI
2013-04-30,48.2599983215332,49.40999984741211,47.81999969482422,49.40999984741211,43.4205436706543,1469100.0,CE
2013-04-30,20.5,20.549999237060547,20.15999984741211,20.549999237060547,19.76585960388184,19000.0,CEA
2013-04-30,11.670000076293945,12.020000457763672,11.579999923706055,11.609999656677244,10.407251358032227,96100.0,CECE
2013-04-30,32.419998168945305,32.56999969482422,32.40999984741211,32.549999237060554,24.389070510864254,3600.0,CEE
2013-04-30,25781250.0,25781250.0,24609376.0,25195312.0,25195312.0,0.0,CEI
2013-04-30,9.699999809265137,9.850000381469727,9.5,9.779999732971193,9.610962867736816,286700.0,CEL
2013-04-30,0.20999999344348907,0.25,0.20999999344348907,0.25,0.25,2300.0,CELH
2013-04-30,27.68000030517578,27.809999465942386,27.520000457763672,27.76000022888184,15.251914978027346,170900.0,CEM
2013-04-30,4.639999866485597,4.650000095367432,4.449999809265137,4.53000020980835,4.53000020980835,18500.0,CEMI
2013-04-30,8.819999694824219,8.819999694824219,8.75,8.75,8.75,3800.0,CENT
2013-04-30,8.899999618530273,8.899999618530273,8.779999732971191,8.800000190734863,8.800000190734863,106600.0,CENTA
2013-04-30,7.800000190734862,8.189999580383299,7.5999999046325675,8.159999847412111,8.159999847412111,2548500.0,CENX
2013-04-30,186.30999755859372,187.6000061035156,184.4600067138672,187.33999633789062,135.43698120117188,64000.0,CEO
2013-04-30,128.32743835449222,129.62309265136722,127.0906982421875,129.50529479980472,79.01250457763672,37400.0,CEQP
2013-04-30,47.09500122070313,48.44499969482422,47.09500122070313,48.3849983215332,48.0195198059082,2416400.0,CERN
2013-04-30,5.360000133514403,5.389999866485597,5.260000228881836,5.320000171661377,5.320000171661377,720100.0,CERS
2013-04-30,20.3700008392334,20.56999969482422,20.239999771118164,20.56999969482422,13.652361869812012,18900.0,CET
2013-04-30,3.869999885559082,3.910000085830689,3.7000000476837163,3.7000000476837163,0.7490799427032471,225700.0,CETV
2013-04-30,14.229999542236328,14.229999542236328,14.210000038146973,14.210000038146973,10.141451835632324,800.0,CEV
2013-04-30,14.960000038146973,15.289999961853027,14.93000030517578,15.260000228881836,15.260000228881836,95100.0,CEVA
2013-04-30,37.76599884033203,37.78400039672852,37.108001708984375,37.30199813842773,25.929401397705078,5158000.0,CF
2013-04-30,5.400000095367432,5.400000095367432,5.400000095367432,5.400000095367432,5.400000095367432,0.0,CFB
2013-04-30,8.232044219970701,8.232044219970701,8.232044219970701,8.232044219970701,8.232044219970701,100.0,CFBK
2013-04-30,39.68999862670898,40.52999877929688,39.68999862670898,40.20000076293945,32.732940673828125,12000.0,CFFI
2013-04-30,11.90999984741211,11.989999771118164,11.8100004196167,11.829999923706055,7.455681324005128,883600.0,CFFN
2013-04-30,60.41999816894531,60.59000015258789,60.22000122070313,60.40999984741211,49.5328254699707,252700.0,CFR
2013-04-30,46.68000030517578,46.97999954223633,46.18000030517578,46.66999816894531,46.66999816894531,799300.0,CFX
2013-04-30,31.59000015258789,32.799999237060554,31.420000076293945,32.47999954223633,19.420429229736328,580500.0,CG
2013-04-30,36.0,36.599998474121094,36.0,36.47999954223633,34.821815490722656,1900.0,CGA
2013-04-30,5.869999885559082,6.0999999046325675,5.730000019073486,5.989999771118164,5.989999771118164,154900.0,CGEN
2013-04-30,342.0,342.0,342.0,342.0,342.0,0.0,CGIX
2013-04-30,9.75,10.0024995803833,9.574999809265137,9.925000190734863,9.686686515808104,3665600.0,CGNX
2013-04-30,14.34000015258789,14.399999618530273,14.329999923706055,14.399999618530273,7.521347999572754,24800.0,CGO
2013-04-30,50.959999084472656,51.5099983215332,50.81000137329102,51.5,42.92039108276367,46400.0,CHA
2013-04-30,21.420000076293945,21.420000076293945,19.25,19.809999465942386,19.809999465942386,97100.0,CHCI
2013-04-30,38.04999923706055,38.349998474121094,37.400001525878906,38.18000030517578,30.6156063079834,33700.0,CHCO
2013-04-30,31.95499992370605,32.014999389648445,31.71500015258789,31.94499969482422,26.960193634033203,1986800.0,CHD
2013-04-30,25.04333305358887,25.52666664123535,24.959999084472656,25.48666572570801,24.14566993713379,181800.0,CHDN
2013-04-30,80.86000061035156,81.66999816894531,80.38999938964844,81.62000274658203,77.94818115234375,129200.0,CHE
2013-04-30,18.520000457763672,18.57999992370605,18.11000061035156,18.38999938964844,18.38999938964844,38000.0,CHEF
2013-04-30,42672.0,44016.0,42672.0,43512.0,43512.0,0.0,CHFS
2013-04-30,40.63999938964844,40.63999938964844,38.540000915527344,39.060001373291016,35.33965301513672,389700.0,CHH
2013-04-30,12.739999771118164,12.779999732971193,12.670000076293945,12.779999732971193,6.527163982391357,220200.0,CHI
2013-04-30,18.315988540649414,18.48628234863281,17.965940475463867,18.48628234863281,17.89037322998047,10012100.0,CHK
2013-04-30,45.47000122070313,46.66999816894531,45.47000122070313,46.61999893188477,46.61999893188477,2773500.0,CHKP
2013-04-30,54.6500015258789,55.2400016784668,54.599998474121094,55.2400016784668,42.54294967651367,625100.0,CHL
2013-04-30,33.5,33.5,32.5,33.400001525878906,26.93170928955078,5000.0,CHMG
2013-04-30,20.959999084472656,21.07999992370605,20.959999084472656,21.06999969482422,11.722701072692873,33900.0,CHN
2013-04-30,4.800000190734863,4.800000190734863,4.650000095367432,4.690000057220459,4.690000057220459,1900.0,CHNR
2013-04-30,0.5600000023841858,0.5600000023841858,0.5600000023841858,0.5600000023841858,0.5600000023841858,0.0,CHRS
2013-04-30,58.91999816894531,59.4000015258789,58.41999816894531,59.38999938964844,50.04483032226562,1406900.0,CHRW
2013-04-30,18.0,18.270000457763672,17.850000381469727,18.270000457763672,13.650473594665527,2084200.0,CHS
2013-04-30,32.0,32.400001525878906,32.0,32.400001525878906,20.45381164550781,16600.0,CHSCP
2013-04-30,31.82999992370605,32.240001678466804,31.82999992370605,32.240001678466804,23.987497329711914,193000.0,CHT
2013-04-30,101.37999725341795,101.37999725341795,99.41000366210938,100.73999786376952,100.73999786376952,804600.0,CHTR
2013-04-30,14.229999542236328,14.43000030517578,14.1899995803833,14.43000030517578,13.095992088317873,668600.0,CHU
2013-04-30,32.72999954223633,32.939998626708984,32.09999847412109,32.700000762939446,32.700000762939446,199900.0,CHUY
2013-04-30,9.0,9.09000015258789,8.9399995803833,9.09000015258789,4.529253005981445,171100.0,CHW
2013-04-30,12.970000267028807,12.989999771118164,12.920000076293945,12.989999771118164,6.706009864807129,201400.0,CHY
2013-04-30,66.0,66.48999786376953,65.18000030517578,66.16999816894531,66.03350067138672,1648900.0,CI
2013-04-30,6.6500000953674325,6.6500000953674325,6.460000038146973,6.539999961853027,6.539999961853027,115700.0,CIA
2013-04-30,67.91000366210939,68.33999633789061,67.0,67.76999664306639,54.60486602783203,315000.0,CIB
2013-04-30,14.5,14.800000190734865,14.300000190734865,14.699999809265135,14.699999809265135,1900.0,CIDM
2013-04-30,14.729999542236328,14.979999542236328,14.579999923706055,14.960000038146973,14.960000038146973,2913300.0,CIEN
2013-04-30,3.259999990463257,3.2699999809265137,3.2000000476837163,3.2000000476837163,1.6705299615859983,65500.0,CIF
2013-04-30,8.495072364807129,8.732364654541017,8.474732398986816,8.698465347290039,4.849562644958496,5054300.0,CIG
2013-04-30,19.21591567993164,19.356348037719727,18.999414443969727,19.303686141967773,18.80369758605957,116000.0,CIGI
2013-04-30,225.0,229.9499969482422,224.5,229.9499969482422,229.9499969482422,334.0,CIH
2013-04-30,13.020000457763672,13.100000381469727,12.979999542236328,13.09000015258789,7.731074333190918,140200.0,CII
2013-04-30,4.1599998474121085,4.179999828338623,4.1599998474121085,4.170000076293944,2.3478457927703857,141400.0,CIK
2013-04-30,16.5,16.549999237060547,16.25,16.5,7.726983070373535,870000.0,CIM
2013-04-30,48.13000106811523,48.959999084472656,48.09000015258789,48.90999984741211,39.128231048583984,708100.0,CINF
2013-04-30,47.4900016784668,47.7400016784668,46.88999938964844,47.33000183105469,46.72510147094727,61900.0,CIR
2013-04-30,42.310001373291016,42.599998474121094,42.09000015258789,42.5099983215332,37.96226119995117,820400.0,CIT
2013-04-30,7.210000038146973,7.210000038146973,7.210000038146973,7.210000038146973,6.391789436340332,400.0,CIVB
2013-04-30,12.5,12.5,12.5,12.5,11.102787971496582,300.0,CIX
2013-04-30,19.549999237060547,19.549999237060547,19.5,19.5,14.219520568847654,700.0,CIZN
2013-04-30,0.6600000262260437,0.6800000071525574,0.6600000262260437,0.6600000262260437,0.6600000262260437,3900.0,CJJD
2013-04-30,68.675048828125,69.95164489746094,67.48549652099611,69.73887634277344,69.73887634277344,364000.0,CKH
2013-04-30,14.3100004196167,14.3100004196167,13.050000190734865,13.220000267028807,12.459312438964846,8900.0,CKX
2013-04-30,59.52999877929688,59.88999938964844,59.15999984741211,59.70500183105469,51.16510009765625,3388000.0,CL
2013-04-30,9.949999809265137,9.989999771118164,9.779999732971193,9.800000190734863,9.656332969665527,234900.0,CLAR
2013-04-30,142.07000732421875,145.11000061035156,140.57000732421878,144.77999877929688,121.74131774902344,230900.0,CLB
2013-04-30,51.0,55.0,50.0,50.0,49.77037048339844,122700.0,CLBS
2013-04-30,11.789999961853027,11.949999809265135,11.75,11.90999984741211,7.872268676757812,23900.0,CLCT
2013-04-30,10.100000381469727,10.100000381469727,10.100000381469727,10.100000381469727,8.840291023254395,100.0,CLDB
2013-04-30,18.26000022888184,18.34000015258789,18.1200008392334,18.309999465942386,12.28072738647461,56900.0,CLDT
2013-04-30,201.0,201.8999938964844,192.4499969482422,195.75,195.75,72000.0,CLDX
2013-04-30,20.729999542236328,21.979999542236328,20.299999237060547,21.34000015258789,18.991493225097656,13553800.0,CLF
2013-04-30,6.949999809265138,7.0900001525878915,6.8499999046325675,7.03000020980835,7.03000020980835,41000.0,CLFD
2013-04-30,27.239999771118164,27.57999992370605,26.979999542236328,27.28000068664551,27.14372444152832,1205200.0,CLGX
2013-04-30,57.0099983215332,57.25,56.61000061035156,56.97000122070313,56.97000122070313,589900.0,CLH
2013-04-30,27.34000015258789,27.770000457763672,27.209999084472656,27.770000457763672,21.58390617370605,733600.0,CLI
2013-04-30,9.510000228881836,9.609999656677246,8.819999694824219,9.010000228881836,9.010000228881836,118000.0,CLIR
2013-04-30,28.440000534057614,28.63999938964844,28.28000068664551,28.60000038146973,6.939821720123291,42400.0,CLM
2013-04-30,37.900001525878906,38.0,37.599998474121094,37.7599983215332,28.1463565826416,579900.0,CLMT
2013-04-30,13.300000190734865,13.369999885559082,13.029999732971193,13.1899995803833,13.1899995803833,875200.0,CLNE
2013-04-30,40.349998474121094,40.599998474121094,39.79499816894531,39.959999084472656,39.82718276977539,1856000.0,CLR
2013-04-30,860.0,860.0,860.0,860.0,860.0,0.0,CLRB
2013-04-30,9.0,9.5,8.869999885559082,9.3100004196167,8.596710205078125,52500.0,CLRO
2013-04-30,8.350000381469728,8.670000076293945,8.289999961853027,8.640000343322754,8.640000343322754,324900.0,CLS
2013-04-30,3.3666698932647705,3.3666698932647705,3.3666698932647705,3.3666698932647705,3.3666698932647705,0.0,CLSK
2013-04-30,54.23423385620117,54.86486434936523,52.34234237670898,52.97297286987305,52.97297286987305,13600.0,CLSN
2013-04-30,10.279999732971193,10.279999732971193,10.0,10.06999969482422,9.551026344299316,95000.0,CLUB
2013-04-30,37.65999984741211,37.84000015258789,37.18000030517578,37.41999816894531,37.41999816894531,54200.0,CLVS
2013-04-30,45.84000015258789,46.09000015258789,45.6500015258789,46.02000045776367,46.02000045776367,129200.0,CLW
2013-04-30,2.8399999141693115,2.8399999141693115,2.8399999141693115,2.8399999141693115,2.297818183898926,0.0,CLWT
2013-04-30,86.25,86.7699966430664,85.37000274658203,86.25,71.66470336914062,1556800.0,CLX
2013-04-30,78.5999984741211,80.33000183105469,78.5999984741211,80.0199966430664,50.45575332641602,364900.0,CM
2013-04-30,36.22000122070313,36.290000915527344,35.959999084472656,36.25,30.968420028686523,1542700.0,CMA
2013-04-30,14.399999618530273,14.640000343322756,14.220000267028807,14.619999885559082,12.104748725891113,1119900.0,CMC
2013-04-30,5.599999904632568,6.0,5.550000190734863,6.0,4.8207130432128915,3700.0,CMCL
2013-04-30,18.5,18.899999618530273,18.34000015258789,18.780000686645508,18.04915809631348,37700.0,CMCO
2013-04-30,20.82999992370605,20.84000015258789,20.565000534057614,20.649999618530273,18.159648895263672,17755600.0,CMCSA
2013-04-30,115.0500030517578,116.6999969482422,115.0500030517578,116.6999969482422,60.59860229492188,1400.0,CMCT
2013-04-30,21.020000457763672,21.18000030517578,20.893333435058594,21.07333374023437,20.72715187072754,118600.0,CMD
2013-04-30,60.79999923706055,61.099998474121094,60.56000137329102,60.86000061035156,45.07555770874024,1064800.0,CME
2013-04-30,365.489990234375,365.510009765625,360.7099914550781,363.1900024414063,363.1900024414063,373700.0,CMG
2013-04-30,110.44000244140624,110.62999725341795,105.9499969482422,106.38999938964844,87.90177154541016,5944700.0,CMI
2013-04-30,13.050000190734865,13.279999732971193,12.989999771118164,13.279999732971193,7.1736388206481925,744500.0,CMO
2013-04-30,82.80000305175781,86.58999633789062,82.80000305175781,86.54000091552734,65.79013061523439,564500.0,CMP
2013-04-30,41.5,41.5,40.16999816894531,40.79999923706055,40.79999923706055,370000.0,CMPR
2013-04-30,16.350000381469727,16.420000076293945,15.829999923706055,16.040000915527347,9.728421211242676,111000.0,CMRE
2013-04-30,18.899999618530273,20.5,18.559999465942386,19.93000030517578,19.93000030517578,27500.0,CMRX
2013-04-30,29.790000915527344,29.940000534057614,29.60000038146973,29.940000534057614,24.05387878417969,2431500.0,CMS
2013-04-30,8.899999618530273,8.979999542236328,8.760000228881836,8.90999984741211,8.812836647033691,13100.0,CMT
2013-04-30,24.09000015258789,24.76000022888184,24.04999923706055,24.61000061035156,19.454814910888672,91900.0,CMTL
2013-04-30,5.230000019073486,5.230000019073486,5.170000076293945,5.170000076293945,3.4258804321289062,66000.0,CMU
2013-04-30,33.450000762939446,33.759998321533196,33.259998321533196,33.709999084472656,26.95807266235352,136600.0,CNA
2013-04-30,33.220001220703125,34.97999954223633,33.220001220703125,33.97999954223633,31.877840042114254,3100.0,CNBKA
2013-04-30,11.595000267028807,11.647500038146973,11.3125,11.550000190734865,11.550000190734865,2403200.0,CNC
2013-04-30,1.875,1.950000047683716,1.8500000238418581,1.924999952316284,1.924999952316284,5300.0,CNET
2013-04-30,0.23100000619888306,0.23100000619888306,0.23100000619888306,0.23100000619888306,0.23100000619888306,0.0,CNF
2013-04-30,48.30500030517578,49.0099983215332,48.0,48.9900016784668,41.8948860168457,1573000.0,CNI
2013-04-30,30.5,30.920000076293945,30.290000915527344,30.88999938964844,24.638126373291016,877800.0,CNK
2013-04-30,31.6200008392334,31.6200008392334,30.979999542236328,31.32999992370605,28.13158226013184,223400.0,CNMD
2013-04-30,11.260000228881836,11.329999923706055,11.220000267028807,11.31999969482422,10.023090362548828,1045500.0,CNO
2013-04-30,11.75,11.829999923706055,11.640000343322756,11.649999618530273,10.50669002532959,35600.0,CNOB
2013-04-30,24.559999465942386,24.690000534057614,24.3700008392334,24.68000030517578,18.38084602355957,2899100.0,CNP
2013-04-30,29.57999992370605,29.649999618530273,29.020000457763672,29.34000015258789,22.22432518005371,4255800.0,CNQ
2013-04-30,16.739999771118164,17.180000305175778,16.729999542236328,17.120000839233402,17.120000839233402,136100.0,CNR
2013-04-30,39.63999938964844,39.81999969482422,39.27000045776367,39.5099983215332,31.73504447937012,90300.0,CNS
2013-04-30,18.200000762939453,18.479999542236328,18.1200008392334,18.43000030517578,10.761353492736816,227800.0,CNSL
2013-04-30,2.900000095367432,2.940000057220459,2.869999885559082,2.9200000762939453,2.9200000762939453,18400.0,CNTY
2013-04-30,27.67499923706055,28.20000076293945,27.13333320617676,28.03333282470703,27.35172271728516,3190600.0,CNX
2013-04-30,15.300000190734865,15.5,15.140000343322756,15.4399995803833,14.04453945159912,57200.0,CNXN
2013-04-30,2.799999952316284,2.9500000476837163,2.799999952316284,2.890000104904175,2.8323328495025635,128000.0,CO
2013-04-30,15.0,15.0,15.0,15.0,15.0,0.0,COCP
2013-04-30,1.315999984741211,1.315999984741211,1.315999984741211,1.315999984741211,1.315999984741211,100.0,CODA
2013-04-30,16.930000305175778,16.950000762939453,16.799999237060547,16.90999984741211,9.73379611968994,182300.0,CODI
2013-04-30,82.0,82.0,82.0,82.0,82.0,0.0,COE
2013-04-30,57.4900016784668,57.93000030517578,57.33000183105469,57.77999877929688,49.99203109741211,3219100.0,COF
2013-04-30,14.512471199035645,14.512471199035645,14.512471199035645,14.512471199035645,11.549392700195312,0.0,COFS
2013-04-30,34.060001373291016,34.450000762939446,33.720001220703125,34.025001525878906,32.31475830078125,4417200.0,COG
2013-04-30,30.10000038146973,31.899999618530273,28.20000076293945,28.20000076293945,18.951496124267575,11200.0,COHN
2013-04-30,55.0,56.13000106811523,54.91999816894531,55.93000030517578,55.93000030517578,90700.0,COHR
2013-04-30,9.5,9.59000015258789,9.369999885559082,9.56999969482422,8.466262817382812,44200.0,COHU
2013-04-30,61.27999877929688,61.86999893188477,61.11000061035156,61.5,58.25220108032226,12300.0,COKE
2013-04-30,21.46999931335449,21.51000022888184,21.290000915527344,21.46999931335449,16.725713729858402,366600.0,COLB
2013-04-30,29.35000038146973,29.56999969482422,29.1200008392334,29.29999923706055,26.93277931213379,197800.0,COLM
2013-04-30,24.270000457763672,24.40999984741211,23.739999771118164,23.989999771118164,18.68990707397461,312200.0,CONE
2013-04-30,43.5,43.72000122070313,42.66999816894531,43.310001373291016,43.310001373291016,752900.0,CONN
2013-04-30,108.55999755859376,110.8499984741211,108.29000091552734,110.4000015258789,110.15106201171876,348400.0,COO
2013-04-30,7.199999809265138,7.320000171661378,7.199999809265138,7.199999809265138,7.199999809265138,18300.0,COOP
2013-04-30,59.84000015258789,60.45000076293945,59.5099983215332,60.45000076293945,48.90414428710938,6207700.0,COP
2013-04-30,35.38999938964844,36.27999877929688,35.209999084472656,36.18000030517578,27.698829650878906,142100.0,COR
2013-04-30,13.125,13.125,12.96500015258789,13.010000228881836,11.968491554260256,166400.0,CORE
2013-04-30,38.099998474121094,38.5,38.099998474121094,38.25,24.773134231567386,28800.0,CORR
2013-04-30,1.7699999809265137,1.7799999713897705,1.75,1.7699999809265137,1.7699999809265137,120800.0,CORT
2013-04-30,2.4200000762939453,2.4800000190734863,2.0199999809265137,2.1700000762939453,2.1700000762939453,266200.0,CORV
2013-04-30,108.12000274658205,108.56999969482422,107.68000030517578,108.43000030517578,93.56505584716795,1561400.0,COST
2013-04-30,26.40999984741211,26.440000534057614,26.239999771118164,26.31999969482422,26.02849578857422,20600.0,COW
2013-04-30,10.079999923706056,10.359999656677246,10.039999961853027,10.239999771118164,1.485318899154663,101700.0,COWN
2013-04-30,124.61000061035156,124.6999969482422,123.0,124.62000274658205,114.37598419189452,1095400.0,CP
2013-04-30,123.94000244140624,126.37000274658205,123.77999877929688,125.58000183105469,101.49406433105469,425200.0,CPA
2013-04-30,14.0,14.460000038146973,13.979999542236328,14.210000038146973,10.269893646240234,65000.0,CPAC
2013-04-30,18.0,18.700000762939453,18.0,18.700000762939453,18.700000762939453,0.0,CPAH
2013-04-30,46.2599983215332,46.58000183105469,46.11000061035156,46.40999984741211,37.726505279541016,1426400.0,CPB
2013-04-30,3.670000076293945,3.7100000381469727,3.5699999332427983,3.5799999237060547,3.5799999237060547,321000.0,CPE
2013-04-30,16.899999618530273,17.120000839233402,16.690000534057614,16.84000015258789,14.253564834594727,147300.0,CPF
2013-04-30,37.18999862670898,38.209999084472656,37.18999862670898,38.209999084472656,24.777544021606445,83700.0,CPG
2013-04-30,11.93000030517578,11.93000030517578,11.399999618530273,11.760000228881836,10.469648361206056,7500.0,CPHC
2013-04-30,0.20999999344348907,0.239999994635582,0.20999999344348907,0.2199999988079071,0.2199999988079071,138200.0,CPHI
2013-04-30,4.699999809265137,4.739999771118164,4.650000095367432,4.679999828338623,4.679999828338623,28300.0,CPIX
2013-04-30,35.11999893188477,35.57333374023437,34.880001068115234,35.57333374023437,30.28854179382324,41800.0,CPK
2013-04-30,62.09000015258789,62.6500015258789,61.599998474121094,62.29999923706055,29.6061954498291,58700.0,CPLP
2013-04-30,56.11999893188477,57.0,55.54999923706055,56.93999862670898,56.93999862670898,2227500.0,CPRI
2013-04-30,17.450000762939453,17.639999389648438,17.264999389648438,17.625,17.625,2101400.0,CPRT
2013-04-30,0.8899999856948853,0.8899999856948853,0.7099999785423279,0.7599999904632568,0.7599999904632568,1572200.0,CPRX
2013-04-30,42.099998474121094,42.11000061035156,42.099998474121094,42.11000061035156,42.11000061035156,122200.0,CPS
2013-04-30,1.0,1.0,1.0,1.0,1.0,0.0,CPSH
2013-04-30,52.77000045776367,53.65999984741211,52.02000045776367,52.459999084472656,41.87057495117188,100100.0,CPSI
2013-04-30,8.760000228881836,9.220000267028807,8.600000381469728,9.220000267028807,9.220000267028807,233000.0,CPSS
2013-04-30,174.0,178.0,172.0,176.0,176.0,3600.0,CPST
2013-04-30,71.48999786376953,72.4800033569336,71.30999755859375,72.33999633789062,53.540977478027344,969600.0,CPT
2013-04-30,8.305999755859375,8.312999725341799,8.277999877929688,8.279000282287598,8.154666900634767,0.0,CPZ
2013-04-30,27.229999542236328,27.51000022888184,27.13999938964844,27.29999923706055,18.309022903442386,151700.0,CQP
2013-04-30,53.59000015258789,54.11999893188477,53.06000137329102,53.83000183105469,46.71016311645508,294100.0,CR
2013-04-30,17.829999923706055,18.450000762939453,17.809999465942386,18.440000534057614,17.416383743286133,24400.0,CRAI
2013-04-30,22.565000534057614,22.565000534057614,22.565000534057614,22.565000534057614,22.440162658691406,0.0,CRC
2013-04-30,56.27999877929688,56.72000122070313,55.52999877929688,56.56999969482422,56.56999969482422,2250700.0,CREE
2013-04-30,11.800000190734865,11.899999618530273,10.5,10.5,10.5,6300.0,CREG
2013-04-30,8.48664665222168,8.704253196716309,8.456973075866701,8.684471130371094,8.179329872131348,47400.0,CRESY
2013-04-30,42.900001525878906,43.79999923706055,42.599998474121094,43.5,43.5,400.0,CREX
2013-04-30,25.63999938964844,25.8799991607666,25.63999938964844,25.79999923706055,6.589855194091798,35000.0,CRF
2013-04-30,21.56999969482422,21.6200008392334,21.32999992370605,21.51000022888184,17.850751876831055,122700.0,CRH
2013-04-30,0.4300000071525574,0.4300000071525574,0.4300000071525574,0.4300000071525574,0.4300000071525574,200.0,CRHM
2013-04-30,64.91000366210939,65.55000305175781,64.45999908447266,65.38999938964844,59.10464096069336,1207200.0,CRI
2013-04-30,20.049999237060547,20.299999237060547,18.299999237060547,18.75,18.75,455900.0,CRIS
2013-04-30,78.94999694824219,81.75,77.80000305175781,78.30000305175781,74.04995727539062,527600.0,CRK
2013-04-30,42.63999938964844,43.61999893188477,42.63999938964844,43.4900016784668,43.4900016784668,465700.0,CRL
2013-04-30,41.04999923706055,41.2400016784668,40.709999084472656,41.11000061035156,41.11000061035156,3806600.0,CRM
2013-04-30,3.5499999523162837,3.5499999523162837,3.0,3.0,3.0,43100.0,CRMD
2013-04-30,45.90999984741211,46.43999862670898,45.56000137329102,46.27000045776367,46.27000045776367,14700.0,CRMT
2013-04-30,3.759999990463257,3.859999895095825,3.7300000190734863,3.809999942779541,3.809999942779541,34700.0,CRNT
2013-04-30,37.22999954223633,37.22999954223633,36.93999862670898,37.0,37.0,6100.0,CROC
2013-04-30,15.850000381469727,16.040000915527347,15.760000228881836,16.020000457763672,16.020000457763672,1092200.0,CROX
2013-04-30,44.02999877929688,45.06999969482422,43.7599983215332,44.959999084472656,40.08433151245117,530100.0,CRS
2013-04-30,29.0,29.03000068664551,28.76000022888184,28.88999938964844,16.112180709838867,12000.0,CRT
2013-04-30,19.049999237060547,19.459999084472656,19.049999237060547,19.309999465942386,19.309999465942386,2423800.0,CRUS
2013-04-30,23.78000068664551,24.0049991607666,23.604999542236328,23.73500061035156,23.73500061035156,36200.0,CRVL
2013-04-30,5.980000019073486,6.0900001525878915,5.800000190734862,5.949999809265138,3.8463053703308105,18200.0,CRWS
2013-04-30,5.949999809265138,6.039999961853027,5.880000114440918,6.0,5.793870449066162,81400.0,CRY
2013-04-30,27.79296875,28.134765625,27.607421875,28.10546875,21.892337799072266,2736100.0,CS
2013-04-30,6.0,6.0,6.0,6.0,6.0,0.0,CSBR
2013-04-30,20.989999771118164,21.25,20.799999237060547,20.920000076293945,16.953853607177734,37777300.0,CSCO
2013-04-30,8.170000076293945,8.350000381469728,8.140000343322754,8.319999694824219,7.762348175048827,23000.0,CSFL
2013-04-30,107.9800033569336,108.61000061035156,107.16000366210938,108.41000366210938,108.41000366210938,95300.0,CSGP
2013-04-30,21.43000030517578,21.739999771118164,20.950000762939453,21.61000061035156,18.688644409179688,251400.0,CSGS
2013-04-30,17.829999923706055,17.850000381469727,16.65999984741211,17.15999984741211,17.15999984741211,319800.0,CSII
2013-04-30,5.869999885559082,6.0900001525878915,5.3400001525878915,5.630000114440918,5.630000114440918,2194500.0,CSIQ
2013-04-30,64.37000274658203,64.88999938964844,63.81000137329102,64.87000274658203,59.33550262451172,301700.0,CSL
2013-04-30,35.29999923706055,36.77000045776367,35.130001068115234,36.27999877929688,36.27999877929688,518800.0,CSOD
2013-04-30,5.510000228881836,5.639999866485597,5.5,5.559999942779541,3.7921218872070312,6400.0,CSPI
2013-04-30,10.5600004196167,10.630000114440918,10.539999961853027,10.5600004196167,5.800270080566406,393700.0,CSQ
2013-04-30,23.95000076293945,24.209999084472656,23.29999923706055,23.459999084472656,22.054845809936523,97200.0,CSTE
2013-04-30,24.309999465942386,24.399999618530273,23.920000076293945,24.26000022888184,24.26000022888184,193800.0,CSU
2013-04-30,17.399999618530273,17.649999618530273,17.209999084472653,17.489999771118164,16.474384307861328,142900.0,CSV
2013-04-30,28.997499465942386,29.42250061035156,28.997499465942386,29.42250061035156,19.99015045166016,20400.0,CSWC
2013-04-30,24.56999969482422,24.61000061035156,24.35000038146973,24.59000015258789,21.54104423522949,5072200.0,CSX
2013-04-30,8.557999610900879,8.557999610900879,8.557999610900879,8.557999610900879,7.06773042678833,0.0,CTAA
2013-04-30,44.7599983215332,45.0099983215332,44.540000915527344,44.86999893188477,40.82038497924805,438500.0,CTAS
2013-04-30,25.149999618530273,25.149999618530273,24.559999465942386,24.88999938964844,22.53656578063965,882400.0,CTB
2013-04-30,31.12727355957031,31.53636360168457,31.12727355957031,31.47272682189941,24.96968078613281,51100.0,CTBI
2013-04-30,2.700000047683716,2.700000047683716,2.700000047683716,2.700000047683716,2.700000047683716,0.0,CTEK
2013-04-30,20.200000762939453,20.57999992370605,19.979999542236328,20.520000457763672,18.59371566772461,77300.0,CTG
2013-04-30,3.849999904632568,4.0,3.7999999523162837,3.890000104904175,3.890000104904175,23500.0,CTHR
2013-04-30,5.0,5.0900001525878915,5.0,5.0900001525878915,5.0900001525878915,1100.0,CTIB
2013-04-30,11.600000381469727,11.800000190734865,11.399999618530273,11.399999618530273,11.399999618530273,31800.0,CTIC
2013-04-30,37.27999877929688,37.61000061035156,37.18999862670898,37.56999969482422,20.959308624267575,3926600.0,CTL
2013-04-30,37.29999923706055,37.29999923706055,36.70000076293945,37.209999084472656,36.200416564941406,4100.0,CTO
2013-04-30,23.489999771118164,23.61000061035156,22.84000015258789,23.229999542236328,12.653148651123047,255600.0,CTR
2013-04-30,54.29999923706055,54.599998474121094,52.5,52.79999923706055,52.79999923706055,18700.0,CTRC
2013-04-30,11.829999923706055,11.979999542236328,11.640000343322756,11.770000457763672,10.93697452545166,94800.0,CTRN
2013-04-30,10.539999961853027,10.670000076293944,10.539999961853027,10.649999618530273,10.107097625732422,99000.0,CTS
2013-04-30,31.45000076293945,32.610000610351555,31.415000915527344,32.400001525878906,31.27425193786621,14370400.0,CTSH
2013-04-30,2.799999952316284,2.875,2.700000047683716,2.875,2.875,20000.0,CTSO
2013-04-30,17.235000610351562,17.235000610351562,17.235000610351562,17.235000610351562,12.342434883117676,0.0,CTV
2013-04-30,49.1161003112793,50.04777908325195,48.9727668762207,49.498329162597656,48.49852752685547,4284100.0,CTXS
2013-04-30,0.014999999664723871,0.014999999664723871,0.014999999664723871,0.014999999664723871,0.011412112042307855,0.0,CTZ
2013-04-30,42.290000915527344,43.060001373291016,42.290000915527344,42.97000122070313,41.4405517578125,110900.0,CUB
2013-04-30,8.800000190734863,8.930000305175781,8.760000228881836,8.880000114440918,5.391501426696777,11000.0,CUBA
2013-04-30,0.21699999272823334,0.21699999272823334,0.21699999272823334,0.21699999272823334,0.212008997797966,0.0,CUBB
2013-04-30,17.069999694824222,17.569999694824222,17.010000228881836,17.569999694824222,13.771276473999025,1445000.0,CUBE
2013-04-30,14.636363983154295,14.92727279663086,14.636363983154295,14.92727279663086,14.92727279663086,1700.0,CUBI
2013-04-30,5.670000076293945,5.9099998474121085,5.670000076293945,5.889999866485597,5.889999866485597,97900.0,CUI
2013-04-30,36.310001373291016,36.34000015258789,35.95000076293945,36.13000106811523,29.43029022216797,100700.0,CUK
2013-04-30,16.370000839233402,16.399999618530273,16.209999084472653,16.239999771118164,14.89099407196045,29300.0,CULP
2013-04-30,16.5,16.5,16.5,16.5,16.5,0.0,CUO
2013-04-30,10.93000030517578,11.15999984741211,10.859999656677246,11.109999656677246,11.109999656677246,77100.0,CUTR
2013-04-30,30.79745864868164,31.13620376586914,30.68454551696777,30.825687408447266,28.152915954589844,849500.0,CUZ
2013-04-30,19.850000381469727,20.15999984741211,19.799999237060547,20.0,13.348590850830078,2765800.0,CVA
2013-04-30,10.850000381469727,10.899999618530273,10.760000228881836,10.869999885559082,8.973226547241211,214200.0,CVBF
2013-04-30,45.5099983215332,45.97000122070313,44.63000106811523,45.61999893188477,45.61999893188477,11900.0,CVCO
2013-04-30,8.050000190734862,8.25,8.0,8.050000190734862,7.126359462738037,51900.0,CVCY
2013-04-30,29.76000022888184,30.01000022888184,29.309999465942386,29.940000534057614,24.04953956604004,1167800.0,CVE
2013-04-30,7.289999961853027,7.289999961853027,6.989999771118164,7.010000228881836,7.010000228881836,137900.0,CVGI
2013-04-30,28.56999969482422,28.61000061035156,28.209999084472656,28.36000061035156,25.525814056396484,40200.0,CVGW
2013-04-30,51.209999084472656,51.2599983215332,48.959999084472656,49.27000045776367,24.5440673828125,574200.0,CVI
2013-04-30,73.58000183105469,73.8499984741211,72.48999786376953,73.54000091552734,73.54000091552734,461600.0,CVLT
2013-04-30,13.41005039215088,13.821401596069336,13.41005039215088,13.426504135131836,11.281198501586914,3400.0,CVLY
2013-04-30,70.0,72.5,67.5,67.5,67.5,3200.0,CVM
2013-04-30,23.729999542236328,24.20000076293945,23.649999618530273,23.88999938964844,19.949308395385746,2900.0,CVR
2013-04-30,57.54999923706055,58.27000045776367,57.45000076293945,58.18000030517578,49.98403930664063,6759800.0,CVS
2013-04-30,5.599999904632568,5.599999904632568,5.400000095367432,5.440000057220459,5.440000057220459,9500.0,CVTI
2013-04-30,8.930000305175781,9.210000038146973,8.899999618530273,9.210000038146973,9.210000038146973,20200.0,CVU
2013-04-30,10.109999656677246,10.40999984741211,10.109999656677246,10.390000343322754,10.390000343322754,15400.0,CVV
2013-04-30,121.0500030517578,122.01000213623048,120.12000274658205,122.01000213623048,92.59783935546876,6907400.0,CVX
2013-04-30,32.5,32.919998168945305,32.36999893188477,32.84000015258789,31.368900299072266,128600.0,CW
2013-04-30,4.789999961853027,4.789999961853027,4.789999961853027,4.789999961853027,4.324447154998778,2100.0,CWBC
2013-04-30,10.0,10.029999732971193,9.949999809265137,9.970000267028807,8.325231552124022,54000.0,CWCO
2013-04-30,4.25,4.369999885559082,4.190000057220459,4.360000133514403,4.360000133514403,127600.0,CWST
2013-04-30,20.040000915527344,20.1200008392334,19.81999969482422,20.049999237060547,17.073431015014652,295600.0,CWT
2013-04-30,9.616547584533693,9.710576057434082,9.556711196899414,9.616547584533693,9.374484062194824,24815700.0,CX
2013-04-30,4.0399999618530265,4.059999942779541,3.9600000381469727,3.990000009536743,3.990000009536743,17000.0,CXDC
2013-04-30,5.739999771118164,5.760000228881836,5.71999979019165,5.739999771118164,3.799973249435425,47600.0,CXE
2013-04-30,10.210000038146973,10.210000038146973,10.06999969482422,10.100000381469727,7.076393127441406,23500.0,CXH
2013-04-30,86.48999786376953,87.05000305175781,85.0999984741211,86.12999725341797,85.3783187866211,725400.0,CXO
2013-04-30,36.099998474121094,36.29999923706055,35.93000030517578,36.20000076293945,20.60053062438965,1171900.0,CXW
2013-04-30,10.050000190734863,10.100000381469727,9.920000076293944,10.09000015258789,7.877940654754639,1893800.0,CY
2013-04-30,4.309999942779541,4.380000114440918,4.309999942779541,4.380000114440918,4.380000114440918,1600.0,CYAN
2013-04-30,5.489999771118164,5.809999942779541,5.289999961853027,5.599999904632568,5.599999904632568,86800.0,CYBE
2013-04-30,57.0,58.79999923706055,55.08000183105469,55.31999969482422,55.31999969482422,12100.0,CYCC
2013-04-30,8.100000381469728,8.100000381469728,7.820000171661378,7.820000171661378,3.984319448471069,1300.0,CYCCP
2013-04-30,14.140000343322756,14.300000190734865,14.109999656677244,14.279999732971193,9.077394485473633,24600.0,CYD
2013-04-30,37.53718948364258,37.95867919921875,36.6363639831543,37.6611557006836,37.6611557006836,2834900.0,CYH
2013-04-30,28.85000038146973,29.21999931335449,28.75,29.0,9.64289379119873,126600.0,CYOU
2013-04-30,3.0,3.0299999713897705,2.880000114440918,2.990000009536743,2.990000009536743,24900.0,CYRN
2013-04-30,5.400000095367432,5.760000228881836,5.400000095367432,5.760000228881836,5.760000228881836,200.0,CYRX
2013-04-30,7.5,7.920000076293945,7.440000057220459,7.679999828338622,7.679999828338622,313300.0,CYTK
2013-04-30,19.13999938964844,19.3799991607666,19.06999969482422,19.36000061035156,14.049642562866213,23500.0,CZNC
2013-04-30,15.43000030517578,15.949999809265135,15.25,15.90999984741211,15.90999984741211,1425400.0,CZR
2013-04-30,7.139999866485597,7.139999866485597,7.130000114440918,7.130000114440918,6.523820877075195,200.0,CZWI
2013-04-30,20.36000061035156,20.959999084472656,20.239999771118164,20.75,18.72922706604004,1398200.0,CZZ
2013-04-30,61.099998474121094,61.72000122070313,61.0,61.68000030517578,46.58454513549805,2092200.0,D
2013-04-30,57.540000915527344,58.79999923706055,56.84000015258789,58.79999923706055,58.79999923706055,1600.0,DAC
2013-04-30,1.6499999761581419,1.7100000381469729,1.6499999761581419,1.6699999570846558,1.6699999570846558,49300.0,DAIO
2013-04-30,9.789999961853027,9.989999771118164,9.739999771118164,9.989999771118164,7.813502311706543,104200.0,DAKT
2013-04-30,16.930000305175778,17.329999923706055,16.75,17.139999389648438,15.225625991821287,12023700.0,DAL
2013-04-30,16.930000305175778,17.280000686645508,16.799999237060547,17.25,15.489522933959961,1676300.0,DAN
2013-04-30,19.270000457763672,19.270000457763672,19.270000457763672,19.270000457763672,19.270000457763672,0.0,DAO
2013-04-30,18.239999771118164,18.59000015258789,18.06999969482422,18.51000022888184,18.51000022888184,587400.0,DAR
2013-04-30,44.10305404663086,44.34160232543945,43.49236679077149,43.94083786010742,39.34012222290039,6779400.0,DB
2013-04-30,29.57999992370605,29.59000015258789,28.26000022888184,29.290000915527344,24.803451538085934,1939700.0,DBD
2013-04-30,32.49499893188477,33.46500015258789,32.39500045776367,33.060001373291016,25.740665435791016,1031200.0,DBI
2013-04-30,26.790000915527344,26.989999771118164,26.770000457763672,26.940000534057614,14.789409637451172,58600.0,DBL
2013-04-30,1182.719970703125,1293.5999755859375,1182.719970703125,1293.5999755859375,1293.5999755859375,0.0,DCAR
2013-04-30,21.5,21.5,21.5,21.5,18.19482421875,204.0,DCF
2013-04-30,35.849998474121094,36.38000106811523,35.540000915527344,36.38000106811523,32.35992813110352,610800.0,DCI
2013-04-30,23.420000076293945,24.489999771118164,23.29999923706055,24.489999771118164,24.489999771118164,177500.0,DCO
2013-04-30,14.109999656677244,14.279999732971193,14.050000190734865,14.270000457763672,11.410658836364744,107300.0,DCOM
2013-04-30,47.95000076293945,49.31000137329102,47.91999816894531,49.11999893188477,25.722576141357425,251800.0,DCP
2013-04-30,48.23461151123047,48.32000732421875,47.73646926879883,48.26307678222656,41.51794815063477,7350400.0,DD
2013-04-30,35.86000061035156,38.97000122070313,34.34999847412109,38.2400016784668,38.2400016784668,9101500.0,DDD
2013-04-30,9.140000343322754,9.149999618530273,9.09000015258789,9.130000114440918,5.445348262786865,16600.0,DDF
2013-04-30,82.61000061035156,82.91999816894531,82.30000305175781,82.41000366210938,79.65048217773438,232300.0,DDS
2013-04-30,25.54999923706055,25.88999938964844,25.54999923706055,25.76000022888184,15.840620040893555,22800.0,DDT
2013-04-30,89.26000213623047,90.0,88.87000274658203,89.30000305175781,75.87654113769531,3646300.0,DE
2013-04-30,53.38000106811523,55.290000915527344,52.70000076293945,55.11999893188477,55.11999893188477,1218600.0,DECK
2013-04-30,26.01000022888184,26.190000534057614,25.920000076293945,26.170000076293945,21.529386520385746,1248900.0,DEI
2013-04-30,5.71999979019165,5.71999979019165,5.599999904632568,5.670000076293945,5.670000076293945,400500.0,DENN
2013-04-30,121.69000244140624,122.27999877929688,121.0999984741211,122.1999969482422,99.8687515258789,643800.0,DEO
2013-04-30,12.619999885559082,12.619999885559082,12.5600004196167,12.579999923706055,6.930379390716553,42000.0,DEX
2013-04-30,2100.0,2100.0,2100.0,2100.0,2100.0,0.0,DFFN
2013-04-30,43.93999862670898,44.150001525878906,43.709999084472656,43.7400016784668,38.0073471069336,4837300.0,DFS
2013-04-30,59.68000030517578,59.68000030517578,59.68000030517578,59.68000030517578,59.68000030517578,0.0,DFVL
2013-04-30,36.38999938964844,36.38999938964844,36.38999938964844,36.38999938964844,36.38999938964844,0.0,DFVS
2013-04-30,52.2400016784668,52.31000137329102,51.70000076293945,52.09000015258789,49.14274597167969,1553400.0,DG
2013-04-30,859.0,893.0,851.0,882.0,882.0,11400.0,DGAZ
2013-04-30,14.789999961853027,14.84000015258789,14.56999969482422,14.640000343322756,11.40839958190918,17500.0,DGICA
2013-04-30,25.09000015258789,25.09000015258789,25.059999465942386,25.059999465942386,20.443187713623047,500.0,DGICB
2013-04-30,9.270000457763672,9.270000457763672,9.079999923706056,9.119999885559082,9.119999885559082,66700.0,DGII
2013-04-30,55.6500015258789,56.459999084472656,54.9900016784668,55.04999923706055,55.04999923706055,206300.0,DGLD
2013-04-30,4.690000057220459,6.0,4.690000057220459,6.0,6.0,17000.0,DGLY
2013-04-30,39.47000122070313,39.790000915527344,39.02999877929688,39.72999954223633,39.72999954223633,185400.0,DGP
2013-04-30,56.04999923706055,56.43999862670898,55.77999877929688,56.33000183105469,48.740211486816406,858200.0,DGX
2013-04-30,13.329999923706055,13.390000343322756,13.279999732971193,13.279999732971193,13.279999732971193,185500.0,DGZ
2013-04-30,28.20000076293945,28.45000076293945,28.04999923706055,28.43000030517578,27.89874649047852,1524200.0,DHC
2013-04-30,25.40999984741211,25.63999938964844,25.40999984741211,25.5,17.836807250976562,42300.0,DHCNI
2013-04-30,4.489999771118164,4.510000228881836,4.489999771118164,4.5,2.3452017307281494,238500.0,DHF
2013-04-30,26.21999931335449,26.489999771118164,25.520000457763672,26.07999992370605,24.10047721862793,8695200.0,DHI
2013-04-30,75.5,75.98999786376953,74.19999694824219,75.48999786376953,58.85825729370117,10700.0,DHIL
2013-04-30,45.70886993408203,46.64897537231445,45.549659729003906,46.20166778564453,30.12008857727051,6733400.0,DHR
2013-04-30,4.230000019073486,4.46999979019165,4.230000019073486,4.300000190734863,2.9137058258056636,290900.0,DHT
2013-04-30,8.5,8.550000190734862,8.420000076293945,8.439999580383299,8.439999580383299,375800.0,DHX
2013-04-30,3.3399999141693115,3.369999885559082,3.3399999141693115,3.3499999046325684,1.6764243841171265,380300.0,DHY
2013-04-30,70.69999694824219,71.3499984741211,70.45999908447266,71.23999786376953,50.52602767944336,91300.0,DIN
2013-04-30,19.530000686645508,20.270000457763672,19.530000686645508,20.26000022888184,20.26000022888184,174700.0,DIOD
2013-04-30,62.93000030517578,63.08000183105469,62.43999862670898,62.84000015258789,57.12739944458008,8528800.0,DIS
2013-04-30,40.439449310302734,40.76136779785156,40.229942321777344,40.27593231201172,40.27593231201172,3536200.0,DISCA
2013-04-30,40.374359130859375,40.374359130859375,40.374359130859375,40.374359130859375,40.374359130859375,0.0,DISCB
2013-04-30,35.48500061035156,35.845001220703125,35.404998779296875,35.44499969482422,35.44499969482422,1531800.0,DISCK
2013-04-30,40.56999969482422,40.61999893188477,39.02999877929688,39.18999862670898,39.18999862670898,3383600.0,DISH
2013-04-30,71.1500015258789,71.30000305175781,69.93000030517578,69.93000030517578,64.85117340087889,700.0,DIT
2013-04-30,24.959999084472656,25.0,24.93000030517578,24.93000030517578,24.93000030517578,13800.0,DJCI
2013-04-30,104.76000213623048,105.54000091552734,104.76000213623048,105.54000091552734,105.54000091552734,1300.0,DJCO
2013-04-30,39.61999893188477,39.61999893188477,39.400001525878906,39.47000122070313,39.47000122070313,761100.0,DJP
2013-04-30,37.22999954223633,37.40999984741211,35.709999084472656,36.09000015258789,29.195274353027344,638100.0,DK
2013-04-30,30.5,30.84000015258789,30.149999618530273,30.20000076293945,17.324260711669922,93900.0,DKL
2013-04-30,47.81000137329102,48.36999893188477,47.63000106811523,48.099998474121094,41.82172393798828,1299000.0,DKS
2013-04-30,5.119999885559082,5.119999885559082,5.059999942779541,5.099999904632568,3.68821382522583,3700.0,DL
2013-04-30,13.4399995803833,13.4399995803833,13.300000190734865,13.380000114440918,13.380000114440918,11600.0,DLA
2013-04-30,32.59999847412109,32.889999389648445,32.459999084472656,32.84999847412109,30.88020133972168,759100.0,DLB
2013-04-30,0.9300000071525574,0.9300000071525574,0.7799999713897705,0.8100000023841858,0.8100000023841858,6300.0,DLHC
2013-04-30,45.47000122070313,46.209999084472656,45.15999984741211,46.209999084472656,42.20676803588867,2285000.0,DLPH
2013-04-30,2.0,2.400000095367432,1.6000000238418581,1.6000000238418581,1.6000000238418581,700.0,DLPN
2013-04-30,70.01000213623047,70.5199966430664,69.56999969482422,70.5199966430664,51.55682754516602,1322400.0,DLR
2013-04-30,47.6500015258789,47.72999954223633,46.88000106811523,47.56000137329102,47.56000137329102,2334700.0,DLTR
2013-04-30,37.90999984741211,38.459999084472656,37.81999969482422,38.13999938964844,32.896881103515625,707600.0,DLX
2013-04-30,17.541999816894528,17.541999816894528,17.541999816894528,17.541999816894528,17.541999816894528,0.0,DMAC
2013-04-30,15.0,15.0,14.93000030517578,15.0,10.28775119781494,206700.0,DMB
2013-04-30,10.699999809265137,10.800000190734863,10.6899995803833,10.800000190734863,7.2035460472106925,41700.0,DMF
2013-04-30,23.59000015258789,23.59000015258789,23.35000038146973,23.51000022888184,13.687965393066404,112700.0,DMLP
2013-04-30,25.959999084472656,26.07999992370605,25.739999771118164,26.020000457763672,10.68622589111328,24900.0,DMO
2013-04-30,20.5,20.5,19.200000762939453,20.5,20.5,1600.0,DMPI
2013-04-30,21.84000015258789,21.989999771118164,21.75,21.940000534057614,21.470966339111328,8500.0,DMRC
2013-04-30,15.649999618530273,15.859999656677244,15.649999618530273,15.84000015258789,8.798574447631836,23700.0,DNI
2013-04-30,38.36999893188477,38.81999969482422,38.11000061035156,38.810001373291016,33.20660400390625,648100.0,DNKN
2013-04-30,1.2200000286102295,1.2400000095367432,1.2100000381469729,1.2400000095367432,1.2400000095367432,207600.0,DNN
2013-04-30,10.510000228881836,10.510000228881836,10.449999809265137,10.489999771118164,6.3131537437438965,324800.0,DNP
2013-04-30,17.6299991607666,17.90999984741211,17.520000457763672,17.889999389648438,16.86392593383789,4632200.0,DNR
2013-04-30,69.11000061035156,69.48000335693361,68.48999786376953,69.09999847412111,60.38058090209961,1112900.0,DO
2013-04-30,1.7999999523162842,1.7999999523162842,1.7999999523162842,1.7999999523162842,1.7999999523162842,0.0,DOMO
2013-04-30,46.5,46.5,46.5,46.5,46.5,10000.0,DOOR
2013-04-30,36.43999862670898,37.81999969482422,36.43999862670898,37.7400016784668,37.7400016784668,561100.0,DORM
2013-04-30,46.72239303588867,46.735801696777344,46.05876159667969,46.23975372314453,38.71258544921875,2450900.0,DOV
2013-04-30,35.0,35.720001220703125,34.919998168945305,35.70000076293945,32.19704055786133,810000.0,DOX
2013-04-30,19.88999938964844,20.0,19.82999992370605,20.0,10.922845840454102,198700.0,DPG
2013-04-30,400.0,488.0,400.0,488.0,488.0,0.0,DPW
2013-04-30,54.97999954223633,56.45000076293945,54.1500015258789,55.20000076293945,51.22746276855469,1259400.0,DPZ
2013-04-30,5.460000038146973,5.929999828338622,5.28000020980835,5.400000095367432,5.400000095367432,50400.0,DQ
2013-04-30,26.0,26.0,25.399999618530273,25.60000038146973,18.978687286376953,4300.0,DRAD
2013-04-30,6.5999999046325675,6.809999942779541,6.389999866485597,6.809999942779541,5.313195705413818,98000.0,DRD
2013-04-30,17.239999771118164,17.639999389648438,17.200000762939453,17.639999389648438,13.538494110107422,4136900.0,DRE
2013-04-30,9.859999656677246,10.0,9.779999732971193,9.979999542236328,7.4593753814697275,1748400.0,DRH
2013-04-30,45.85707092285156,46.15205764770508,45.59783935546875,46.15205764770508,36.03357696533203,2127600.0,DRI
2013-04-30,243.0,243.0,236.6999969482422,236.6999969482422,236.6999969482422,612.0,DRIO
2013-04-30,82.11000061035156,83.70999908447266,81.79000091552734,83.70999908447266,83.70999908447266,472200.0,DRQ
2013-04-30,43.27999877929688,43.27999877929688,42.849998474121094,43.060001373291016,43.060001373291016,10200.0,DRR
2013-04-30,1.2599999904632568,1.8500000238418581,1.2599999904632568,1.5700000524520874,1.5700000524520874,3609000.0,DRRX
2013-04-30,4.846350193023682,4.850590229034424,4.744589328765869,4.80394983291626,3.209792375564575,9497000.0,DS
2013-04-30,9.8100004196167,9.949999809265137,9.739999771118164,9.949999809265137,9.949999809265137,34900.0,DSGX
2013-04-30,25.149999618530273,25.18000030517578,24.95000076293945,25.01000022888184,13.304484367370605,955000.0,DSL
2013-04-30,43.84000015258789,45.40999984741211,43.84000015258789,44.11999893188477,44.11999893188477,144500.0,DSLV
2013-04-30,9.350000381469727,9.420000076293944,9.3100004196167,9.359999656677246,6.135344505310059,70100.0,DSM
2013-04-30,7.989999771118164,8.090000152587889,7.860000133514403,8.069999694824219,8.069999694824219,54600.0,DSPG
2013-04-30,11.479999542236328,12.640000343322756,11.079999923706056,12.199999809265135,12.199999809265135,141500.0,DSS
2013-04-30,13.829999923706055,13.859999656677244,13.710000038146973,13.859999656677244,8.226200103759767,100400.0,DSU
2013-04-30,2.700000047683716,2.700000047683716,2.619999885559082,2.650000095367432,1.6665847301483154,13500.0,DSWL
2013-04-30,9.5,9.65999984741211,9.43000030517578,9.489999771118164,9.489999771118164,948100.0,DSX
2013-04-30,72.2699966430664,73.06999969482422,72.06999969482422,72.87999725341797,56.369346618652344,1529900.0,DTE
2013-04-30,16.760000228881836,16.770000457763672,16.709999084472653,16.75,11.800114631652832,14700.0,DTF
2013-04-30,42.349998474121094,43.5,42.31999969482422,43.400001525878906,43.400001525878906,213300.0,DTO
2013-04-30,0.3330000042915344,0.3330000042915344,0.3330000042915344,0.3330000042915344,0.3279313445091248,0.0,DTP
2013-04-30,25.76000022888184,25.81999969482422,25.75,25.81999969482422,22.74198341369629,21100.0,DTQ
2013-04-30,57.5099983215332,57.5099983215332,57.5099983215332,57.5099983215332,57.5099983215332,0.0,DTUL
2013-04-30,39.56999969482422,39.599998474121094,39.56999969482422,39.599998474121094,39.599998474121094,900.0,DTUS
2013-04-30,73.88999938964844,73.9000015258789,73.88999938964844,73.9000015258789,73.9000015258789,1100.0,DTYL
2013-04-30,12.460000038146973,12.470000267028807,12.380000114440918,12.43000030517578,8.046603202819824,49200.0,DUC
2013-04-30,75.02999877929688,75.27999877929688,74.58000183105469,75.19999694824219,54.98868942260742,2240700.0,DUK
2013-04-30,25.45000076293945,25.540000915527344,25.45000076293945,25.51000022888184,20.64900016784668,71000.0,DUKH
2013-04-30,0.8899999856948853,0.9700000286102296,0.8600000143051147,0.9700000286102296,0.9700000286102296,821416.0,DUO
2013-04-30,882.0,980.0,588.0,588.0,588.0,3.0,DUOT
2013-04-30,59.41999816894531,59.45000076293945,58.82500076293945,59.32500076293945,59.32500076293945,2008200.0,DVA
2013-04-30,24.20000076293945,24.20000076293945,23.399999618530273,23.5,23.5,97000.0,DVAX
2013-04-30,2.0799999237060547,2.0999999046325684,2.0799999237060547,2.0899999141693115,1.678873062133789,56900.0,DVD
2013-04-30,54.75,55.1500015258789,54.459999084472656,55.06000137329102,49.66489028930664,3234900.0,DVN
2013-04-30,24.91428565979004,25.74285697937012,24.02857208251953,25.342857360839844,24.68398666381836,40600.0,DWSN
2013-04-30,32.220001220703125,32.279998779296875,31.95000076293945,32.25,22.264156341552734,114400.0,DX
2013-04-30,27.059999465942386,27.3700008392334,27.04999923706055,27.239999771118164,17.344310760498047,44700.0,DXB
2013-04-30,22.9726619720459,23.33036804199219,22.873300552368164,23.275718688964844,14.664963722229006,2277400.0,DXC
2013-04-30,15.81999969482422,16.510000228881836,15.779999732971193,16.40999984741211,16.40999984741211,726300.0,DXCM
2013-04-30,14.15999984741211,14.15999984741211,13.800000190734865,13.800000190734865,13.800000190734865,1243.0,DXF
2013-04-30,5.0,5.039999961853027,4.920000076293945,4.980000019073486,4.980000019073486,117000.0,DXLG
2013-04-30,66.40000152587889,67.09999847412111,66.0,66.87999725341797,66.87999725341797,84800.0,DXPE
2013-04-30,7.670000076293945,7.670000076293945,7.639999866485597,7.639999866485597,7.386307716369629,300.0,DXR
2013-04-30,5.96999979019165,6.050000190734862,5.829999923706055,6.010000228881836,6.010000228881836,6600.0,DXYN
2013-04-30,19.25,19.43000030517578,19.07999992370605,19.31999969482422,19.31999969482422,104800.0,DY
2013-04-30,1.8999999761581419,1.8999999761581419,1.8500000238418581,1.8500000238418581,1.8500000238418581,16900.0,DYAI
2013-04-30,2.6700000762939453,2.7100000381469727,2.6600000858306885,2.6700000762939453,2.6700000762939453,3000.0,DYNT
2013-04-30,4.75,5.050000190734863,4.550000190734863,5.0,5.0,16300.0,DZSI
2013-04-30,5.670000076293945,5.710000038146973,5.630000114440918,5.639999866485597,5.639999866485597,778700.0,DZZ
2013-04-30,47.72000122070313,48.040000915527344,47.58000183105469,47.81000137329102,31.07536125183105,355800.0,E
2013-04-30,17.770000457763672,17.790000915527344,17.360000610351562,17.610000610351562,17.610000610351562,2409300.0,EA
2013-04-30,25.479999542236328,25.57999992370605,25.45000076293945,25.559999465942386,17.91383171081543,20100.0,EAB
2013-04-30,10.199999809265137,10.279999732971193,10.18000030517578,10.229999542236328,5.453203201293945,197700.0,EAD
2013-04-30,63.099998474121094,63.099998474121094,63.099998474121094,63.099998474121094,63.099998474121094,0.0,EAI
2013-04-30,38.4900016784668,39.2599983215332,38.43000030517578,38.900001525878906,31.62039375305176,1407300.0,EAT
2013-04-30,22.16750907897949,22.36532020568848,21.940235137939453,22.04966354370117,21.622398376464844,21519100.0,EBAY
2013-04-30,15.010000228881836,15.449999809265135,14.84000015258789,15.369999885559082,11.454660415649414,52200.0,EBF
2013-04-30,18.57999992370605,18.700000762939453,18.3799991607666,18.61000061035156,17.624616622924805,199500.0,EBIX
2013-04-30,10.760000228881836,10.989999771118164,10.710000038146973,10.789999961853027,9.192045211791992,500.0,EBMT
2013-04-30,2.609999895095825,2.690000057220459,2.5999999046325684,2.690000057220459,2.3004939556121826,1695300.0,EBR
2013-04-30,15.460000038146973,15.460000038146973,15.140000343322756,15.34000015258789,15.34000015258789,150200.0,EBS
2013-04-30,7.357026100158691,7.475490093231201,7.357026100158691,7.471405029296875,7.063368797302246,20000.0,EBSB
2013-04-30,16.0,16.309999465942386,16.0,16.120000839233402,13.907870292663574,21500.0,EBTC
2013-04-30,47.43000030517578,47.9000015258789,47.25,47.56999969482422,38.00276565551758,922200.0,EC
2013-04-30,7.699999809265138,7.769999980926514,7.690000057220459,7.75,5.056549072265625,5500.0,ECF
2013-04-30,17.59000015258789,17.700000762939453,17.030000686645508,17.350000381469727,17.350000381469727,276800.0,ECHO
2013-04-30,83.05000305175781,84.69999694824219,82.88999938964844,84.62000274658203,78.04593658447266,1893900.0,ECL
2013-04-30,26.75,27.239999771118164,26.459999084472656,27.20000076293945,24.41047668457031,117500.0,ECOL
2013-04-30,28.149999618530273,28.559999465942386,28.0,28.489999771118164,28.489999771118164,159300.0,ECPG
2013-04-30,13.649999618530273,13.670000076293945,13.3100004196167,13.31999969482422,4.930461406707764,76700.0,ECT
2013-04-30,63.5,63.6500015258789,63.31999969482422,63.6500015258789,48.76375961303711,1174700.0,ED
2013-04-30,3.650000095367432,3.9500000476837163,3.5499999523162837,3.7999999523162837,3.7999999523162837,201500.0,EDAP
2013-04-30,17.25,17.319999694824222,17.229999542236328,17.309999465942386,8.861212730407715,309900.0,EDD
2013-04-30,24.270000457763672,24.29999923706055,24.03000068664551,24.149999618530273,8.990187644958496,112600.0,EDF
2013-04-30,24.53000068664551,24.559999465942386,24.440000534057614,24.540000915527344,10.254131317138672,27100.0,EDI
2013-04-30,1.9800000190734863,2.0899999141693115,1.9800000190734863,2.0899999141693115,2.0899999141693115,1600.0,EDN
2013-04-30,264.60000610351557,264.60000610351557,260.39999389648443,260.39999389648443,260.39999389648443,0.0,EDSA
2013-04-30,19.209999084472656,19.350000381469727,18.93000030517578,19.1299991607666,18.337627410888672,1288700.0,EDU
2013-04-30,1.8350000381469729,1.8400000333786009,1.7250000238418581,1.75,1.021660089492798,13800.0,EDUC
2013-04-30,37.18000030517578,37.72000122070313,37.11000061035156,37.459999084472656,30.889408111572266,221300.0,EE
2013-04-30,7.360000133514403,7.369999885559082,7.360000133514403,7.369999885559082,6.644087314605713,2000.0,EEA
2013-04-30,30.170000076293945,30.95000076293945,30.059999465942386,30.53000068664551,30.53000068664551,285900.0,EEFT
2013-04-30,11.329999923706055,11.329999923706055,11.329999923706055,11.329999923706055,11.329999923706055,0.0,EEH
2013-04-30,25.93000030517578,26.01000022888184,25.85000038146973,25.8799991607666,11.037310600280762,86700.0,EFC
2013-04-30,2.299999952316284,2.5,2.200000047683716,2.299999952316284,2.299999952316284,8000.0,EFOI
2013-04-30,17.579999923706055,17.579999923706055,17.290000915527347,17.370000839233402,10.85495376586914,177400.0,EFR
2013-04-30,14.010000228881836,14.390000343322756,14.010000228881836,14.380000114440918,13.19381046295166,31400.0,EFSC
2013-04-30,17.34000015258789,17.389999389648438,17.219999313354492,17.239999771118164,11.048081398010254,126400.0,EFT
2013-04-30,60.93999862670898,61.34000015258789,60.7599983215332,61.20000076293945,56.1152229309082,1273800.0,EFX
2013-04-30,7.880000114440918,8.149999618530272,7.880000114440918,8.010000228881836,8.010000228881836,21200.0,EGAN
2013-04-30,21.045454025268555,21.154544830322266,20.872726440429688,21.027273178100586,20.73865509033203,74200.0,EGBN
2013-04-30,15.199999809265135,15.279999732971193,15.170000076293945,15.25,11.419849395751953,47700.0,EGF
2013-04-30,7.320000171661378,7.3400001525878915,7.210000038146973,7.230000019073486,7.230000019073486,408600.0,EGHT
2013-04-30,1270.1925048828125,1401.2152099609375,1262.9134521484375,1281.111083984375,1281.111083984375,1400.0,EGLE
2013-04-30,37.099998474121094,39.650001525878906,36.349998474121094,39.599998474121094,38.937835693359375,1287200.0,EGO
2013-04-30,16.520000457763672,16.930000305175778,15.850000381469727,16.84000015258789,14.333855628967285,1375000.0,EGOV
2013-04-30,62.599998474121094,63.09000015258789,62.52000045776367,63.06999969482422,49.4361343383789,169400.0,EGP
2013-04-30,6.71999979019165,6.769999980926514,6.5999999046325675,6.71999979019165,6.71999979019165,220300.0,EGY
2013-04-30,26.920000076293945,27.5,26.76000022888184,27.5,23.82299613952637,593900.0,EHC
2013-04-30,14.010000228881836,14.06999969482422,13.970000267028807,14.039999961853027,7.271461486816406,69100.0,EHI
2013-04-30,21.06999969482422,21.209999084472656,20.780000686645508,20.940000534057614,20.940000534057614,184200.0,EHTH
2013-04-30,79.98139953613281,78.404296875,78.404296875,78.404296875,78.404296875,133.0,EIC
2013-04-30,22.43000030517578,22.70000076293945,22.36000061035156,22.649999618530273,20.49242210388184,89200.0,EIG
2013-04-30,14.0,14.0,13.93000030517578,13.989999771118164,9.576067924499512,117900.0,EIM
2013-04-30,54.02000045776367,54.18999862670898,53.77999877929688,53.79999923706055,42.9013786315918,2114300.0,EIX
2013-04-30,69.05000305175781,70.0,68.98999786376953,69.34999847412111,63.80643844604492,2088400.0,EL
2013-04-30,27.03000068664551,27.059999465942386,26.85000038146973,27.0,22.00658416748047,24300.0,ELA
2013-04-30,22105.80078125,22105.80078125,22105.80078125,22105.80078125,22105.80078125,0.0,ELC
2013-04-30,146.6999969482422,150.1999969482422,144.6999969482422,150.1999969482422,150.1999969482422,34600.0,ELGX
2013-04-30,7.25,7.380000114440918,7.25,7.3499999046325675,7.152419567108153,10000.0,ELLO
2013-04-30,1.350000023841858,1.350000023841858,1.350000023841858,1.350000023841858,1.350000023841858,0.0,ELMD
2013-04-30,120.0,120.0,80.0,100.0,100.0,400.0,ELOX
2013-04-30,17.479999542236328,17.920000076293945,17.350000381469727,17.84000015258789,12.93554401397705,346300.0,ELP
2013-04-30,20.11000061035156,20.3125,20.05500030517578,20.3125,14.483293533325195,1220800.0,ELS
2013-04-30,4.4099998474121085,4.4099998474121085,4.4099998474121085,4.4099998474121085,4.369725704193115,700.0,ELSE
2013-04-30,5.949999809265138,6.1500000953674325,5.599999904632568,6.1500000953674325,6.1500000953674325,4900.0,ELTK
2013-04-30,6.6599998474121085,6.699999809265138,6.619999885559082,6.699999809265138,6.5300960540771475,277700.0,ELY
2013-04-30,3.690000057220459,3.690000057220459,3.4600000381469727,3.5699999332427983,3.5699999332427983,26400.0,EMAN
2013-04-30,23.10000038146973,23.10000038146973,23.10000038146973,23.10000038146973,17.825847625732422,0.0,EMCF
2013-04-30,21.65999984741211,21.729999542236328,21.549999237060547,21.65999984741211,12.22617244720459,82200.0,EMD
2013-04-30,37.810001373291016,37.959999084472656,37.2400016784668,37.400001525878906,36.00785827636719,367400.0,EME
2013-04-30,20.399999618530273,20.489999771118164,20.280000686645508,20.43000030517578,12.817928314208984,30800.0,EMF
2013-04-30,4.329999923706056,4.420000076293945,4.25,4.369999885559082,3.3584258556365967,300700.0,EMKR
2013-04-30,16.420000076293945,16.729999542236328,16.379999160766598,16.729999542236328,14.398015975952148,7100.0,EML
2013-04-30,5.751879692077638,5.789473533630371,5.67669153213501,5.751879692077638,5.751879692077638,86900.0,EMMS
2013-04-30,68.11000061035156,68.26000213623047,66.62999725341797,66.65000152587889,55.77737808227539,2372600.0,EMN
2013-04-30,24.11000061035156,24.149999618530273,23.940000534057614,24.07999992370605,12.54830551147461,92700.0,EMO
2013-04-30,18.0,19.100000381469727,17.899999618530273,19.100000381469727,19.100000381469727,744300.0,EMP
2013-04-30,55.22999954223633,55.88000106811523,54.959999084472656,55.5099983215332,44.29483413696289,4280000.0,EMR
2013-04-30,1.5199999809265137,1.5199999809265137,1.3899999856948853,1.4299999475479126,1.4299999475479126,131000.0,EMX
2013-04-30,46.599998474121094,47.599998474121094,46.27000045776367,47.599998474121094,31.916933059692386,1444800.0,ENB
2013-04-30,36.310001373291016,36.81999969482422,36.209999084472656,36.63999938964844,36.63999938964844,2863000.0,ENDP
2013-04-30,0.4000000059604645,0.4399999976158142,0.3899999856948853,0.3899999856948853,0.3899999856948853,34700.0,ENG
2013-04-30,10.048543930053713,10.188780784606934,9.97842502593994,10.18338680267334,7.448080539703369,1712700.0,ENIA
2013-04-30,25.45000076293945,25.68000030517578,25.45000076293945,25.68000030517578,17.914134979248047,3800.0,ENJ
2013-04-30,18.479999542236328,18.61000061035156,18.31999969482422,18.40999984741211,12.150704383850098,189500.0,ENLC
2013-04-30,7.190000057220459,7.210000038146973,6.559999942779541,7.039999961853027,7.039999961853027,346000.0,ENPH
2013-04-30,95.79000091552734,96.81999969482422,95.13999938964844,96.58999633789062,82.82801818847656,753600.0,ENR
2013-04-30,45.5099983215332,46.11000061035156,45.34000015258789,45.84000015258789,42.69458770751953,190600.0,ENS
2013-04-30,8.854403495788574,8.959023475646973,8.795714378356934,8.897782325744629,8.497636795043945,149200.0,ENSG
2013-04-30,1.2400000095367432,1.2799999713897705,1.2000000476837158,1.25,1.25,57100.0,ENSV
2013-04-30,9.75,9.829999923706056,9.600000381469727,9.619999885559082,9.619999885559082,18200.0,ENT
2013-04-30,20.5,20.5,19.700000762939453,19.959999084472656,19.959999084472656,53900.0,ENTA
2013-04-30,9.520000457763672,9.5600004196167,9.43000030517578,9.479999542236328,9.293017387390137,611500.0,ENTG
2013-04-30,18.25,18.25,18.09000015258789,18.21999931335449,18.21999931335449,105200.0,ENV
2013-04-30,13.869999885559082,13.90999984741211,13.789999961853027,13.90999984741211,9.73015022277832,19300.0,ENX
2013-04-30,2.25,2.3499999046325684,2.2300000190734863,2.240000009536743,2.240000009536743,143900.0,ENZ
2013-04-30,7.78000020980835,7.880000114440918,7.78000020980835,7.869999885559082,3.8963353633880615,220000.0,EOD
2013-04-30,60.9000015258789,61.36999893188477,60.29499816894531,60.58000183105469,57.2927131652832,3567800.0,EOG
2013-04-30,11.779999732971193,11.84000015258789,11.720000267028807,11.829999923706055,6.967086315155028,221300.0,EOI
2013-04-30,11.390000343322756,11.43000030517578,11.329999923706055,11.43000030517578,6.794276237487793,298600.0,EOS
2013-04-30,22.13999938964844,22.13999938964844,21.93000030517578,22.0,15.383854866027832,56500.0,EOT
2013-04-30,21.36000061035156,21.56999969482422,21.15999984741211,21.5,21.5,98400.0,EPAM
2013-04-30,26.020000457763672,26.28000068664551,25.770000457763672,26.20000076293945,26.20000076293945,90200.0,EPAY
2013-04-30,71.0081558227539,71.77168273925781,70.52631378173828,71.60118865966797,68.70399475097656,1016600.0,EPC
2013-04-30,30.53000068664551,30.59499931335449,30.03000068664551,30.32500076293945,19.792428970336914,2004800.0,EPD
2013-04-30,9.850000381469727,9.9399995803833,9.710000038146973,9.9399995803833,7.32091760635376,26100.0,EPM
2013-04-30,56.52000045776367,56.84000015258789,56.06000137329102,56.540000915527344,36.585784912109375,334600.0,EPR
2013-04-30,4.190000057220459,4.190000057220459,4.1599998474121085,4.1599998474121085,4.1599998474121085,400.0,EPSN
2013-04-30,0.6399999856948853,0.6800000071525574,0.6399999856948853,0.6800000071525574,0.6800000071525574,1588.0,EQ
2013-04-30,22.350000381469727,22.440000534057614,22.049999237060547,22.32999992370605,17.918371200561523,1003600.0,EQC
2013-04-30,211.8800048828125,214.4199981689453,210.91000366210938,214.1000061035156,177.1239776611328,1002900.0,EQIX
2013-04-30,44.22999954223633,47.22000122070313,44.22999954223633,46.29999923706055,30.38581848144531,242000.0,EQM
2013-04-30,24.040000915527344,24.5,24.040000915527344,24.5,16.94627571105957,1926900.0,EQNR
2013-04-30,57.16999816894531,58.06000137329102,56.9900016784668,58.06000137329102,41.52283477783203,2161900.0,EQR
2013-04-30,2.0299999713897705,2.1300001144409184,2.009999990463257,2.1300001144409184,2.1300001144409184,15600.0,EQS
2013-04-30,41.20304870605469,41.29014587402344,40.63690948486328,40.89276123046875,39.46477890014648,3016500.0,EQT
2013-04-30,22.8799991607666,22.940000534057614,22.76000022888184,22.85000038146973,22.85000038146973,79000.0,ERA
2013-04-30,16.770000457763672,16.850000381469727,16.690000534057614,16.790000915527347,8.89661693572998,73600.0,ERC
2013-04-30,13.720000267028807,14.140000343322756,13.710000038146973,14.100000381469727,10.50982666015625,1228200.0,ERF
2013-04-30,12.1899995803833,12.260000228881836,12.149999618530273,12.239999771118164,7.488533020019531,31200.0,ERH
2013-04-30,0.020999999716877937,0.020999999716877937,0.020999999716877937,0.020999999716877937,0.020999999716877937,0.0,ERI
2013-04-30,12.3100004196167,12.40999984741211,12.270000457763672,12.3100004196167,9.64419937133789,2950000.0,ERIC
2013-04-30,79.1500015258789,79.98999786376953,78.5,79.56999969482422,65.66284942626953,21200.0,ERIE
2013-04-30,3.660000085830689,3.75,3.5499999523162837,3.660000085830689,3.660000085830689,113800.0,ERII
2013-04-30,33.860000610351555,34.959999084472656,33.72999954223633,34.93000030517578,32.67449188232422,1866500.0,ERJ
2013-04-30,44.95000076293945,45.34000015258789,44.84000015258789,45.33000183105469,36.18562316894531,1235300.0,ES
2013-04-30,21.163637161254886,21.772727966308594,21.154544830322266,21.772727966308594,15.696978569030762,2400.0,ESBK
2013-04-30,5.739999771118164,5.78000020980835,5.6599998474121085,5.739999771118164,4.424663543701172,16400.0,ESCA
2013-04-30,35.61000061035156,36.16999816894531,35.029998779296875,35.970001220703125,34.29625701904297,98400.0,ESE
2013-04-30,88.0,92.0,86.4000015258789,91.1999969482422,88.88795471191406,700.0,ESEA
2013-04-30,126.75,127.33999633789062,126.75,127.08999633789062,127.08999633789062,16000.0,ESGR
2013-04-30,41.790000915527344,41.790000915527344,41.29999923706055,41.59000015258789,36.21300888061523,5000.0,ESLT
2013-04-30,25.43000030517578,25.43000030517578,25.1299991607666,25.40999984741211,19.254270553588867,500.0,ESP
2013-04-30,154.8000030517578,157.25999450683594,154.11000061035156,157.0500030517578,127.67486572265624,399100.0,ESS
2013-04-30,10.739999771118164,10.770000457763672,10.6899995803833,10.770000457763672,9.047700881958008,4500.0,ESSA
2013-04-30,14.020000457763672,14.020000457763672,13.920000076293945,13.9399995803833,13.9399995803833,1700.0,ESTE
2013-04-30,3.3499999046325684,3.3499999046325684,3.2699999809265137,3.309999942779541,3.241222858428955,3000.0,ESXB
2013-04-30,14.792499542236328,14.84000015258789,14.647500038146973,14.670000076293945,8.192316055297853,1167200.0,ET
2013-04-30,15.25,15.25,14.979999542236328,15.09000015258789,8.510051727294924,109400.0,ETB
2013-04-30,10.329999923706056,10.359999656677246,10.18000030517578,10.289999961853027,10.105327606201172,2889200.0,ETFC
2013-04-30,15.880000114440918,15.989999771118164,15.859999656677244,15.890000343322756,9.295230865478516,181700.0,ETG
2013-04-30,29.790000915527344,30.0,29.1299991607666,29.28000068664551,24.540008544921875,278300.0,ETH
2013-04-30,11.220000267028807,11.300000190734865,11.149999618530273,11.25,5.486119270324707,532100.0,ETJ
2013-04-30,8.020000457763674,8.079999923706055,7.769999980926514,7.9099998474121085,6.878191947937013,27100.0,ETM
2013-04-30,60.40999984741211,61.72000122070313,59.88999938964844,61.40999984741211,29.39444351196289,4319900.0,ETN
2013-04-30,23.28000068664551,23.56999969482422,23.239999771118164,23.56999969482422,11.977871894836426,54500.0,ETO
2013-04-30,4.2100000381469735,4.2100000381469735,4.2100000381469735,4.2100000381469735,4.2100000381469735,0.0,ETON
2013-04-30,70.72000122070312,71.80999755859375,70.54000091552734,71.2300033569336,52.29430770874024,1335800.0,ETR
2013-04-30,13.1899995803833,13.210000038146973,13.119999885559082,13.18000030517578,7.050488471984862,266600.0,ETV
2013-04-30,11.34000015258789,11.479999542236328,11.289999961853027,11.449999809265135,5.813990116119385,638400.0,ETW
2013-04-30,19.799999237060547,20.040000915527344,19.799999237060547,20.020000457763672,14.579214096069336,3000.0,ETX
2013-04-30,10.31999969482422,10.40999984741211,10.270000457763672,10.399999618530273,5.5690765380859375,1041300.0,ETY
2013-04-30,37.59000015258789,37.59000015258789,37.58000183105469,37.59000015258789,37.59000015258789,400.0,EUFX
2013-04-30,39.16999816894531,39.97999954223633,39.09000015258789,39.88000106811523,33.210792541503906,1367300.0,EV
2013-04-30,17.770000457763672,17.829999923706055,17.770000457763672,17.770000457763672,14.696389198303224,1500.0,EVBN
2013-04-30,3.619999885559082,3.890000104904175,3.619999885559082,3.859999895095825,3.0783932209014893,1477800.0,EVC
2013-04-30,7.619999885559082,7.630000114440918,7.570000171661378,7.570000171661378,4.8937716484069815,121700.0,EVF
2013-04-30,17.430000305175778,17.430000305175778,17.25,17.389999389648438,10.627516746520996,72300.0,EVG
2013-04-30,5.050000190734863,5.050000190734863,5.050000190734863,5.050000190734863,5.050000190734863,0.0,EVGN
2013-04-30,1.350000023841858,1.3899999856948853,1.3200000524520874,1.3300000429153442,1.0313175916671753,5200.0,EVI
2013-04-30,2.25,2.400000095367432,2.2300000190734863,2.2799999713897705,2.2799999713897705,8300.0,EVK
2013-04-30,12.25,12.25,12.15999984741211,12.170000076293945,8.417012214660645,33200.0,EVM
2013-04-30,13.859999656677244,13.859999656677244,13.770000457763672,13.850000381469727,9.199244499206543,30400.0,EVN
2013-04-30,5.980000019073486,5.989999771118164,5.71999979019165,5.739999771118164,4.780035495758057,25400.0,EVOL
2013-04-30,38.040000915527344,38.11999893188477,37.68000030517578,37.75,32.03030776977539,529700.0,EVR
2013-04-30,34.689998626708984,34.959999084472656,34.450000762939446,34.959999084472656,27.52467155456543,497100.0,EVRG
2013-04-30,7.010000228881836,7.130000114440918,6.949999809265138,7.130000114440918,7.130000114440918,490500.0,EVRI
2013-04-30,10.5,10.699999809265137,8.5,9.0,9.0,3600.0,EVSI
2013-04-30,19.11000061035156,19.18000030517578,19.06999969482422,19.18000030517578,11.270785331726074,228100.0,EVT
2013-04-30,19.940000534057614,20.049999237060547,19.76000022888184,20.049999237060547,18.0503044128418,429500.0,EVTC
2013-04-30,17.510000228881836,17.549999237060547,17.450000762939453,17.489999771118164,10.142992973327637,318600.0,EVV
2013-04-30,15.40999984741211,15.600000381469727,15.279999732971193,15.529999732971193,10.85056209564209,22400.0,EVY
2013-04-30,32.209999084472656,32.325000762939446,31.4950008392334,31.895000457763672,31.895000457763672,3805000.0,EW
2013-04-30,24.10000038146973,24.32999992370605,23.95000076293945,24.32999992370605,21.41792106628418,1180300.0,EWBC
2013-04-30,9.239999771118164,9.350000381469727,9.039999961853027,9.34000015258789,9.34000015258789,1316500.0,EXAS
2013-04-30,37.63999938964844,37.79999923706055,37.209999084472656,37.5099983215332,28.86000061035156,9138000.0,EXC
2013-04-30,17.75,17.790000915527344,17.649999618530273,17.790000915527344,9.13891887664795,40800.0,EXD
2013-04-30,5.210000038146973,5.300000190734863,5.150000095367432,5.190000057220459,5.190000057220459,2268400.0,EXEL
2013-04-30,4.579999923706055,4.730000019073486,4.579999923706055,4.599999904632568,4.599999904632568,9600.0,EXFO
2013-04-30,9.510000228881836,9.630000114440918,9.5,9.600000381469727,4.75206470489502,1517700.0,EXG
2013-04-30,5.0900001525878915,5.230000019073486,4.960000038146973,5.210000038146973,5.063801288604736,1118800.0,EXK
2013-04-30,32.110000610351555,32.72999954223633,32.110000610351555,32.61999893188477,32.61999893188477,48600.0,EXLS
2013-04-30,67.23999786376953,68.11000061035156,66.77999877929689,67.75,65.58292388916016,6959300.0,EXP
2013-04-30,35.560001373291016,35.939998626708984,35.439998626708984,35.93000030517578,32.52082061767578,1663600.0,EXPD
2013-04-30,55.77000045776367,57.15999984741211,55.56999969482422,55.84000015258789,52.224998474121094,4115000.0,EXPE
2013-04-30,13.272500038146973,13.27750015258789,13.140000343322756,13.175000190734865,12.11116886138916,348800.0,EXPO
2013-04-30,17.979999542236328,18.38999938964844,17.790000915527344,18.209999084472656,18.209999084472656,808200.0,EXPR
2013-04-30,42.849998474121094,43.58000183105469,42.849998474121094,43.58000183105469,33.973243713378906,1735000.0,EXR
2013-04-30,3.2799999713897705,3.3499999046325684,3.240000009536743,3.3299999237060547,3.3299999237060547,463800.0,EXTR
2013-04-30,2.2699999809265137,2.299999952316284,2.2300000190734863,2.2699999809265137,2.2699999809265137,21700.0,EYPT
2013-04-30,16.75,17.069999694824222,16.729999542236328,16.899999618530273,16.899999618530273,586700.0,EZPW
2013-04-30,13.65999984741211,13.739999771118164,13.520000457763672,13.710000038146973,9.888960838317873,24858800.0,F
2013-04-30,26.729999542236328,26.85000038146973,26.34000015258789,26.770000457763672,21.87942695617676,781000.0,FAF
2013-04-30,17.84000015258789,17.920000076293945,17.809999465942386,17.860000610351562,9.512043952941896,59600.0,FAM
2013-04-30,26.459999084472656,26.739999771118164,26.1299991607666,26.26000022888184,25.82929611206055,171600.0,FANG
2013-04-30,6.3400001525878915,6.369999885559082,6.25,6.320000171661378,5.571342468261719,29500.0,FANH
2013-04-30,15.109999656677244,15.18000030517578,14.739999771118164,15.149999618530273,15.149999618530273,14200.0,FARM
2013-04-30,37.47000122070313,38.84000015258789,36.70000076293945,38.790000915527344,38.790000915527344,126400.0,FARO
2013-04-30,24.809999465942386,25.0,24.209999084472656,24.524999618530273,20.39006233215332,4631000.0,FAST
2013-04-30,7.630000114440918,7.679999828338622,7.619999885559082,7.619999885559082,4.297955989837647,684900.0,FAX
2013-04-30,27.1299991607666,27.85000038146973,27.01000022888184,27.770000457763672,27.770000457763672,36245700.0,FB
2013-04-30,12.649999618530273,12.65999984741211,12.329999923706055,12.40999984741211,12.333526611328125,420200.0,FBC
2013-04-30,36.459999084472656,36.900001525878906,36.06999969482422,36.38999938964844,33.136871337890625,2237200.0,FBHS
2013-04-30,11.699999809265135,11.8100004196167,11.199999809265137,11.25,11.25,346800.0,FBIO
2013-04-30,13.875,13.904999732971193,13.864999771118164,13.864999771118164,11.898839950561525,1200.0,FBIZ
2013-04-30,12.979999542236328,13.0,11.800000190734865,11.880000114440918,11.190584182739258,2100.0,FBMS
2013-04-30,12.600000381469727,13.140000343322756,12.550000190734865,13.010000228881836,11.635139465332033,25500.0,FBNC
2013-04-30,5.989999771118164,5.989999771118164,5.880000114440918,5.9099998474121085,5.775307655334473,111800.0,FBP
2013-04-30,12.199999809265135,12.199999809265135,12.199999809265135,12.199999809265135,9.98643970489502,0.0,FBSS
2013-04-30,13.260000228881836,14.140000343322756,13.100000381469727,14.079999923706055,14.079999923706055,120900.0,FC
2013-04-30,19.600000381469727,19.600000381469727,19.600000381469727,19.600000381469727,16.050973892211914,300.0,FCAP
2013-04-30,4.177631378173828,4.177631378173828,4.177631378173828,4.177631378173828,3.638182640075684,0.0,FCAU
2013-04-30,15.609999656677244,15.710000038146973,15.34000015258789,15.510000228881836,12.462254524230955,37800.0,FCBC
2013-04-30,8.859999656677246,9.100000381469727,8.859999656677246,8.90999984741211,7.727469444274902,700.0,FCCO
2013-04-30,8.095237731933594,8.257143020629883,8.095237731933594,8.257143020629883,7.865927696228027,1700.0,FCCY
2013-04-30,155.52000427246094,155.52000427246094,146.8800048828125,151.1999969482422,151.1999969482422,11700.0,FCEL
2013-04-30,7.050000190734862,7.170000076293945,7.050000190734862,7.1500000953674325,5.848020553588867,356500.0,FCF
2013-04-30,50.90999984741211,51.47000122070313,50.90999984741211,51.47000122070313,48.84296417236328,146800.0,FCFS
2013-04-30,32.639999389648445,33.15999984741211,32.639999389648445,33.11999893188477,33.11999893188477,217500.0,FCN
2013-04-30,182.94000244140625,186.4600067138672,182.94000244140625,186.4199981689453,180.8975067138672,9600.0,FCNCA
2013-04-30,13.670000076293945,13.739999771118164,13.649999618530273,13.6899995803833,7.002309799194336,19400.0,FCO
2013-04-30,16.209999084472653,16.290000915527347,16.100000381469727,16.209999084472653,10.316078186035156,69100.0,FCT
2013-04-30,29.76000022888184,30.459999084472656,29.229999542236328,30.43000030517578,26.03317642211914,12610400.0,FCX
2013-04-30,15.4399995803833,15.4399995803833,15.4399995803833,15.4399995803833,11.704120635986328,400.0,FDBC
2013-04-30,11.470000267028807,11.550000190734865,11.18000030517578,11.31999969482422,9.59831714630127,99000.0,FDEF
2013-04-30,26.0,26.899999618530273,25.09000015258789,25.40999984741211,23.15740776062012,542200.0,FDP
2013-04-30,92.45999908447266,94.66999816894531,92.16000366210938,94.06999969482422,86.33484649658203,520200.0,FDS
2013-04-30,19.040000915527344,19.15999984741211,18.6200008392334,18.799999237060547,9.082438468933104,88400.0,FDUS
2013-04-30,93.83999633789062,94.43000030517578,93.08999633789062,94.01000213623048,88.20934295654297,1981000.0,FDX
2013-04-30,46.290000915527344,46.77000045776367,46.22000122070313,46.599998474121094,34.46783828735352,2094100.0,FE
2013-04-30,21.6299991607666,21.799999237060547,21.15999984741211,21.280000686645508,11.322392463684082,253000.0,FEI
2013-04-30,9.899999618530273,10.09000015258789,9.8100004196167,10.020000457763672,10.020000457763672,110500.0,FEIM
2013-04-30,31.90999984741211,32.380001068115234,31.670000076293945,32.36999893188477,30.05927848815918,111100.0,FELE
2013-04-30,34.0,34.049999237060554,33.720001220703125,34.0,18.9271240234375,1653900.0,FEN
2013-04-30,3.670000076293945,3.7000000476837163,3.609999895095825,3.650000095367432,1.2324732542037964,98700.0,FENG
2013-04-30,22.920000076293945,22.920000076293945,22.690000534057614,22.75,11.8373441696167,28600.0,FEO
2013-04-30,27.399999618530273,28.0,26.989999771118164,27.809999465942386,27.809999465942386,393500.0,FET
2013-04-30,12.4399995803833,12.539999961853027,12.149999618530273,12.25,8.892755508422852,90200.0,FF
2013-04-30,12.90999984741211,13.09000015258789,12.90999984741211,13.050000190734865,7.8947386741638175,39100.0,FFA
2013-04-30,15.390000343322756,15.479999542236328,15.329999923706055,15.369999885559082,11.937968254089355,160500.0,FFBC
2013-04-30,21.6200008392334,21.6200008392334,21.350000381469727,21.450000762939453,12.525300979614258,132100.0,FFC
2013-04-30,38.86000061035156,39.47000122070313,38.86000061035156,39.310001373291016,29.13838768005371,17800.0,FFG
2013-04-30,4.559999942779541,4.639999866485597,4.559999942779541,4.599999904632568,4.599999904632568,700.0,FFHL
2013-04-30,15.149999618530273,15.289999961853027,15.100000381469727,15.18000030517578,12.132036209106445,120400.0,FFIC
2013-04-30,12.260000228881836,12.364999771118164,12.24250030517578,12.352499961853027,10.825846672058104,237200.0,FFIN
2013-04-30,75.30999755859375,77.25,74.27999877929688,76.43000030517578,76.43000030517578,1676000.0,FFIV
2013-04-30,8.039999961853027,8.140000343322754,7.989999771118164,8.100000381469728,7.095089435577393,170000.0,FFNW
2013-04-30,8.569999694824219,8.84000015258789,8.569999694824219,8.649999618530272,4.295741081237793,45100.0,FGB
2013-04-30,12.39669418334961,12.39669418334961,12.39669418334961,12.39669418334961,9.415457725524902,0.0,FGBI
2013-04-30,352.0,360.0,352.0,355.0,314.9350280761719,9315.0,FHB
2013-04-30,10.529999732971193,10.600000381469727,10.359999656677246,10.399999618530273,8.833518028259277,3581900.0,FHN
2013-04-30,19.530000686645508,20.36000061035156,19.479999542236328,20.31999969482422,16.462892532348633,160100.0,FIBK
2013-04-30,45.11999893188477,46.75,45.040000915527344,46.58000183105469,46.38191223144531,330900.0,FICO
2013-04-30,25.15999984741211,25.15999984741211,24.8799991607666,24.95000076293945,12.707650184631348,86600.0,FIF
2013-04-30,0.7799999713897705,0.7799999713897705,0.7799999713897705,0.7799999713897705,0.7405378222465515,195000.0,FINS
2013-04-30,42.0,42.29999923706055,40.560001373291016,42.04999923706055,38.014122009277344,3956500.0,FIS
2013-04-30,19.479999542236328,19.63999938964844,18.68000030517578,19.1299991607666,15.247102737426758,25900.0,FISI
2013-04-30,22.69499969482422,22.790000915527344,22.60000038146973,22.77750015258789,22.77750015258789,3325600.0,FISV
2013-04-30,16.84000015258789,17.040000915527347,16.680000305175778,17.030000686645508,14.004756927490234,9295500.0,FITB
2013-04-30,145.42999267578125,147.82000732421875,146.5,147.74000549316406,141.54295349121094,1487.0,FITBP
2013-04-30,107.0,107.0,107.0,107.0,91.75794219970705,0.0,FIV
2013-04-30,35.599998474121094,36.86999893188477,35.11999893188477,35.9900016784668,35.9900016784668,1681300.0,FIVE
2013-04-30,12.670000076293945,12.899999618530273,12.460000038146973,12.829999923706055,11.969141960144045,146100.0,FIX
2013-04-30,14.59000015258789,14.729999542236328,14.56999969482422,14.729999542236328,13.643993377685547,25700.0,FIZZ
2013-04-30,34.06999969482422,34.86999893188477,33.970001220703125,34.86999893188477,29.87815093994141,2682500.0,FL
2013-04-30,64.41999816894531,64.41999816894531,64.41999816894531,64.41999816894531,64.41999816894531,0.0,FLAT
2013-04-30,22.13999938964844,22.239999771118164,21.959999084472656,22.200000762939453,12.938340187072756,34700.0,FLC
2013-04-30,17.229999542236328,17.329999923706055,16.75,16.84000015258789,16.84000015258789,246700.0,FLDM
2013-04-30,6.949999809265138,7.1500000953674325,6.949999809265138,7.1500000953674325,7.1500000953674325,6112000.0,FLEX
2013-04-30,13.226666450500488,13.479999542236328,13.226666450500488,13.426666259765625,11.077632904052734,21100.0,FLIC
2013-04-30,24.10000038146973,24.3700008392334,23.959999084472656,24.309999465942386,22.069894790649414,1666400.0,FLIR
2013-04-30,2.759999990463257,2.799999952316284,2.759999990463257,2.759999990463257,2.759999990463257,120000.0,FLL
2013-04-30,5.25,5.800000190734862,5.150000095367432,5.800000190734862,5.800000190734862,500.0,FLNT
2013-04-30,21.793333053588867,22.0,21.71999931335449,21.959999084472656,17.672203063964844,782700.0,FLO
2013-04-30,3.690000057220459,3.7300000190734863,3.640000104904175,3.660000085830689,3.660000085830689,85622.0,FLOW
2013-04-30,56.36999893188477,57.0,55.72000122070313,56.97999954223633,50.183082580566406,2148900.0,FLR
2013-04-30,52.36000061035156,52.71666717529297,51.70000076293945,52.7066650390625,47.38694381713867,2532000.0,FLS
2013-04-30,75.08000183105469,77.13999938964844,75.01000213623047,76.9000015258789,76.9000015258789,1187000.0,FLT
2013-04-30,6.010000228881836,6.050000190734862,5.5,5.929999828338622,5.929999828338622,674600.0,FLWS
2013-04-30,20.5,20.68000030517578,20.459999084472656,20.59000015258789,17.093143463134766,9300.0,FLXS
2013-04-30,15.0,15.229999542236328,14.899999618530273,15.199999809265135,12.790934562683105,241000.0,FLY
2013-04-30,10.875,10.875,10.875,10.875,8.82579517364502,0.0,FMAO
2013-04-30,22.11000061035156,22.11000061035156,22.11000061035156,22.11000061035156,18.893369674682614,0.0,FMBH
2013-04-30,12.630000114440918,12.670000076293945,12.470000267028807,12.550000190734865,10.92385196685791,272700.0,FMBI
2013-04-30,52.41977310180664,52.91413879394531,52.11621856689453,52.64527130126953,47.68779754638672,1434500.0,FMC
2013-04-30,15.550000190734865,15.640000343322756,15.479999542236328,15.600000381469727,10.64723014831543,28800.0,FMN
2013-04-30,6.5999999046325675,6.639999866485597,6.579999923706055,6.5999999046325675,5.788747787475586,33100.0,FMNB
2013-04-30,26.38999938964844,26.38999938964844,26.01000022888184,26.170000076293945,11.731420516967773,47400.0,FMO
2013-04-30,33.81999969482422,34.580001831054695,33.779998779296875,34.259998321533196,31.29769897460937,178600.0,FMS
2013-04-30,113.1500015258789,113.69000244140624,112.08999633789062,113.38999938964844,101.77234649658205,1072200.0,FMX
2013-04-30,17.0,17.0,16.870000839233402,16.930000305175778,11.125679969787598,20200.0,FMY
2013-04-30,13.75,13.75,12.640000343322756,13.729999542236328,13.729999542236328,453000.0,FN
2013-04-30,11.40999984741211,11.4399995803833,11.270000457763672,11.390000343322756,8.742673873901367,496900.0,FNB
2013-04-30,3.75,3.75,3.75,3.75,3.438206195831299,0.0,FNCB
2013-04-30,15.871413230895994,15.942666053771973,15.758597373962402,15.942666053771973,12.46993350982666,5508200.0,FNF
2013-04-30,7.130000114440918,7.199999809265138,7.130000114440918,7.1500000953674325,6.4778032302856445,600.0,FNHC
2013-04-30,17.329999923706055,17.579999923706055,16.989999771118164,17.09000015258789,12.670303344726562,59400.0,FNLC
2013-04-30,42.33000183105469,43.63999938964844,41.65999984741211,43.63000106811523,39.22720336914063,450900.0,FNV
2013-04-30,6.960000038146973,7.1500000953674325,6.960000038146973,7.039999961853027,7.039999961853027,547600.0,FOE
2013-04-30,13.529999732971193,13.5600004196167,13.4399995803833,13.520000457763672,7.517794609069824,63500.0,FOF
2013-04-30,3.2000000476837163,3.2799999713897705,3.1800000667572017,3.25,3.25,117100.0,FOLD
2013-04-30,7.139999866485597,7.1500000953674325,6.960000038146973,7.050000190734862,7.050000190734862,69100.0,FONR
2013-04-30,21.540000915527344,21.690000534057614,21.18000030517578,21.540000915527344,21.540000915527344,128300.0,FOR
2013-04-30,1.870000004768372,2.1400001049041752,1.870000004768372,2.009999990463257,2.009999990463257,50800.0,FORD
2013-04-30,4.869999885559082,5.0,4.849999904632568,4.949999809265137,4.949999809265137,115800.0,FORM
2013-04-30,35.93000030517578,35.95000076293945,35.7599983215332,35.849998474121094,32.26257705688477,80000.0,FORR
2013-04-30,20.31999969482422,20.93000030517578,20.31999969482422,20.82999992370605,16.993721008300778,1100.0,FORTY
2013-04-30,95.93000030517578,98.18000030517578,95.83000183105469,98.12000274658205,98.12000274658205,1325900.0,FOSL
2013-04-30,2.799999952316284,2.799999952316284,2.799999952316284,2.799999952316284,2.799999952316284,0.0,FPAY
2013-04-30,17.68000030517578,17.940000534057614,17.639999389648438,17.940000534057614,14.961390495300293,650700.0,FR
2013-04-30,15.970000267028807,16.010000228881836,15.8100004196167,15.90999984741211,10.500360488891602,163900.0,FRA
2013-04-30,16.0,16.0,16.0,16.0,12.701444625854492,0.0,FRAF
2013-04-30,340.32000732421875,348.1199951171875,339.0,342.7200012207031,342.7200012207031,696200.0,FRAN
2013-04-30,5.25,5.25,5.25,5.25,5.0996670722961435,0.0,FRBA
2013-04-30,2.7300000190734863,2.789999961853028,2.700000047683716,2.7100000381469727,2.7100000381469727,9800.0,FRBK
2013-04-30,37.45000076293945,37.9900016784668,37.36999893188477,37.97999954223633,30.03615951538086,845300.0,FRC
2013-04-30,9.550000190734863,9.600000381469727,9.4399995803833,9.520000457763672,8.718568801879883,19300.0,FRD
2013-04-30,17.020000457763672,17.25,17.059999465942386,17.25,14.579140663146973,5952.0,FRG
2013-04-30,26.25,27.29999923706055,26.03000068664551,27.26000022888184,27.26000022888184,244100.0,FRGI
2013-04-30,1318.6800537109375,1318.6800537109375,1318.6800537109375,1318.6800537109375,1318.6800537109375,0.0,FRHC
2013-04-30,16.170000076293945,16.399999618530273,16.170000076293945,16.229999542236328,14.27076244354248,81500.0,FRME
2013-04-30,9.350000381469727,9.399999618530273,9.100000381469727,9.100000381469727,7.057452201843263,66700.0,FRO
2013-04-30,28.690000534057614,29.040000915527344,27.32999992370605,28.95000076293945,24.15165901184082,7700.0,FRPH
2013-04-30,115.25,117.18000030517578,114.7699966430664,117.01000213623048,93.7431869506836,460300.0,FRT
2013-04-30,7.350238800048827,7.350238800048827,7.350238800048827,7.350238800048827,7.350238800048827,0.0,FSBC
2013-04-30,16.329999923706055,16.469999313354492,16.329999923706055,16.459999084472653,15.093347549438475,2900.0,FSBW
2013-04-30,19.049999237060547,19.239999771118164,19.049999237060547,19.1299991607666,10.80355739593506,98300.0,FSD
2013-04-30,21.700000762939453,21.700000762939453,21.700000762939453,21.700000762939453,19.71479797363281,300.0,FSFG
2013-04-30,0.7300000190734863,0.8399999737739563,0.7300000190734863,0.8000000119209291,0.7297665476799011,12900.0,FSI
2013-04-30,45.72999954223633,47.459999084472656,45.6500015258789,46.56000137329102,46.56000137329102,6769400.0,FSLR
2013-04-30,3.140000104904175,3.1700000762939453,3.0299999713897705,3.1600000858306885,3.1600000858306885,225800.0,FSM
2013-04-30,14.470000267028807,15.270000457763672,14.470000267028807,15.270000457763672,10.26513385772705,415700.0,FSP
2013-04-30,7.6599998474121085,7.769999980926514,7.550000190734862,7.760000228881836,7.07127857208252,166900.0,FSS
2013-04-30,41.5099983215332,44.88999938964844,41.5099983215332,44.150001525878906,43.21114730834961,40200.0,FSTR
2013-04-30,7.690000057220459,7.75,7.690000057220459,7.71999979019165,5.010502815246582,37800.0,FT
2013-04-30,707.4000244140625,710.2999877929688,706.0,707.5999755859375,448.63330078125,1206374500.0,FTAI
2013-04-30,3.9800000190734863,4.019999980926514,3.9700000286102295,4.0,4.0,30500.0,FTEK
2013-04-30,14.380000114440918,14.420000076293945,14.279999732971193,14.40999984741211,7.879436492919923,77500.0,FTF
2013-04-30,17.200000762939453,17.520000457763672,16.879999160766598,17.520000457763672,17.520000457763672,5500.0,FTFT
2013-04-30,53.06000137329102,54.31000137329102,52.88000106811523,54.29999923706055,42.17319107055664,2268700.0,FTI
2013-04-30,15.979999542236328,16.239999771118164,15.84000015258789,16.040000915527347,16.040000915527347,486400.0,FTK
2013-04-30,17.690000534057614,18.1200008392334,17.389999389648438,17.959999084472656,17.959999084472656,4158500.0,FTNT
2013-04-30,61.6500015258789,62.4000015258789,61.20000076293945,62.4000015258789,38.509368896484375,331200.0,FTR
2013-04-30,34.200000762939446,34.31999969482422,34.200000762939446,34.31999969482422,24.392860412597656,46400.0,FTS
2013-04-30,26.29999923706055,26.38999938964844,26.29999923706055,26.34000015258789,26.34000015258789,10900.0,FUD
2013-04-30,10.5,10.5,10.5,10.5,10.5,0.0,FUE
2013-04-30,38.11000061035156,38.11000061035156,37.47000122070313,37.900001525878906,34.97662734985352,309400.0,FUL
2013-04-30,11.050000190734863,11.109999656677246,10.960000038146973,11.0600004196167,8.930024147033691,1281400.0,FULT
2013-04-30,42.0,42.13999938964844,41.86000061035156,42.0,27.745080947875977,123400.0,FUN
2013-04-30,8.420000076293945,8.470000267028809,8.399999618530272,8.449999809265138,8.119349479675293,1000.0,FUNC
2013-04-30,6.71999979019165,6.789999961853027,6.71999979019165,6.789999961853027,4.2184367179870605,40400.0,FUND
2013-04-30,7.4000000953674325,7.8499999046325675,7.4000000953674325,7.75,7.3840413093566895,3800.0,FUSB
2013-04-30,48.20000076293945,49.70000076293945,44.400001525878906,47.29999923706055,47.29999923706055,300100.0,FVE
2013-04-30,20.49610137939453,21.427574157714844,20.46270179748535,21.316242218017575,21.316242218017575,3335200.0,FWONA
2013-04-30,36.5,36.900001525878906,36.099998474121094,36.88999938964844,34.193538665771484,54300.0,FWRD
2013-04-30,6.0,6.0,6.0,6.0,5.567981719970703,0.0,FXNC
2013-04-30,18.559999465942386,18.68000030517578,18.479999542236328,18.600000381469727,18.047443389892575,558600.0,G
2013-04-30,6.274341106414795,6.303433895111084,6.26464319229126,6.293735980987549,3.129566431045532,554400.0,GAB
2013-04-30,14.18000030517578,14.24666690826416,14.146666526794435,14.213333129882812,12.218706130981445,12300.0,GABC
2013-04-30,4.260000228881837,4.429999828338623,4.239999771118163,4.389999866485597,4.389999866485597,12800.0,GAIA
2013-04-30,7.440000057220459,7.510000228881836,7.369999885559082,7.440000057220459,3.9043900966644287,117300.0,GAIN
2013-04-30,5.0,5.0,4.510000228881836,4.679999828338623,4.679999828338623,229400.0,GALT
2013-04-30,31.51000022888184,31.70000076293945,31.5,31.70000076293945,20.66963768005371,4700.0,GAM
2013-04-30,15.079999923706055,15.199999809265135,15.039999961853027,15.1899995803833,6.476048469543457,35400.0,GARS
2013-04-30,10.18000030517578,10.640000343322754,10.130000114440918,10.34000015258789,10.34000015258789,457700.0,GASS
2013-04-30,50.4900016784668,50.959999084472656,50.1500015258789,50.95000076293945,42.30281066894531,198900.0,GATX
2013-04-30,3.1600000858306885,3.1600000858306885,3.119999885559082,3.140000104904175,3.140000104904175,44200.0,GAZ
2013-04-30,23.34000015258789,23.34000015258789,23.209999084472656,23.28000068664551,14.169919967651367,66700.0,GBAB
2013-04-30,18.309999465942386,18.450000762939453,18.229999542236328,18.450000762939453,14.620397567749025,185600.0,GBCI
2013-04-30,17.5,17.709999084472656,17.260000228881836,17.6299991607666,10.182638168334961,482600.0,GBDC
2013-04-30,27.399030685424805,28.27140617370605,27.399030685424805,28.27140617370605,27.343107223510746,10000.0,GBL
2013-04-30,22.1200008392334,22.350000381469727,21.920000076293945,22.290000915527344,20.743083953857425,19300.0,GBLI
2013-04-30,1.0800000429153442,1.100000023841858,1.0399999618530271,1.0399999618530271,1.0399999618530271,11400.0,GBR
2013-04-30,1.684999942779541,1.684999942779541,1.684999942779541,1.684999942779541,1.684999942779541,0.0,GBT
2013-04-30,22.190000534057614,23.20000076293945,22.09000015258789,22.559999465942386,19.730880737304688,445100.0,GBX
2013-04-30,5.0,5.0,4.880000114440918,4.929999828338623,3.9139521121978764,57900.0,GCAP
2013-04-30,10.114999771118164,10.114999771118164,10.114999771118164,10.114999771118164,8.646507263183594,200.0,GCBC
2013-04-30,18.1299991607666,18.1299991607666,17.950000762939453,17.950000762939453,10.477583885192873,400.0,GCE
2013-04-30,20.020000457763672,20.3700008392334,20.0,20.15999984741211,9.307671546936037,2687900.0,GCI
2013-04-30,59.88999938964844,61.959999084472656,59.79999923706055,61.54999923706055,61.54999923706055,118200.0,GCO
2013-04-30,6.03000020980835,6.0900001525878915,6.03000020980835,6.070000171661378,3.3056347370147705,15000.0,GCV
2013-04-30,73.30000305175781,74.08999633789062,72.68000030517578,73.95999908447266,63.633544921875,2080300.0,GD
2013-04-30,6.5,6.579999923706055,6.039999961853027,6.320000171661378,5.506205081939697,26000.0,GDEN
2013-04-30,11.699999809265135,11.75,11.630000114440918,11.6899995803833,7.515712261199951,45300.0,GDL
2013-04-30,19.90999984741211,20.09000015258789,19.899999618530273,19.959999084472656,11.71505069732666,42500.0,GDO
2013-04-30,15.920000076293945,16.139999389648438,15.479999542236328,15.710000038146973,15.710000038146973,736300.0,GDOT
2013-04-30,18.206830978393555,18.35863304138184,18.149904251098636,18.35863304138184,12.038010597229006,150000.0,GDV
2013-04-30,21.43269157409668,21.519229888916016,21.355770111083984,21.43269157409668,17.33172607421875,35416900.0,GE
2013-04-30,24.0,24.479999542236328,23.520000457763672,23.76000022888184,23.76000022888184,12800.0,GEC
2013-04-30,47.58000183105469,48.20000076293945,47.290000915527344,48.16999816894531,36.62655258178711,126400.0,GEF
2013-04-30,46.9900016784668,48.09000015258789,46.63999938964844,48.06999969482422,28.87121391296387,191400.0,GEL
2013-04-30,6.679999828338622,7.3400001525878915,6.579999923706055,7.039999961853027,7.039999961853027,382100.0,GEN
2013-04-30,4.726666450500488,4.733333110809326,4.666666507720947,4.666666507720947,4.666666507720947,3400.0,GENC
2013-04-30,47.0,48.4000015258789,47.0,47.20000076293945,47.20000076293945,800.0,GENE
2013-04-30,24.733333587646484,25.13999938964844,24.733333587646484,24.96666717529297,12.575247764587402,809200.0,GEO
2013-04-30,84.37999725341797,85.08999633789062,83.55000305175781,84.37000274658203,84.37000274658203,85800.0,GEOS
2013-04-30,1.0869565010070799,1.1058601140975952,1.0775047540664673,1.1058601140975952,1.1058601140975952,943400.0,GERN
2013-04-30,27.170000076293945,27.739999771118164,27.10000038146973,27.68000030517578,20.522930145263672,518000.0,GES
2013-04-30,11280.0,11520.0,10080.0,11100.0,11100.0,200.0,GEVO
2013-04-30,17.40999984741211,17.40999984741211,17.350000381469727,17.399999618530273,8.983253479003906,25600.0,GF
2013-04-30,9.949999809265137,10.100000381469727,9.949999809265137,10.09000015258789,9.028079986572266,1300.0,GFED
2013-04-30,10.270000457763672,10.359999656677246,10.210000038146973,10.300000190734863,8.945489883422852,112800.0,GFF
2013-04-30,7.260000228881836,7.460000038146973,7.070000171661378,7.460000038146973,6.86651086807251,4471900.0,GFI
2013-04-30,4.480000019073486,4.5,4.4099998474121085,4.489999771118164,4.489999771118164,5600.0,GFN
2013-04-30,18.489999771118164,18.790000915527344,18.440000534057614,18.790000915527344,12.78411865234375,10800.0,GFY
2013-04-30,5.6500000953674325,5.820000171661378,5.460000038146973,5.630000114440918,5.448797225952148,59200.0,GGAL
2013-04-30,7.639999866485597,7.9000000953674325,7.610000133514403,7.8499999046325675,6.9806556701660165,5058600.0,GGB
2013-04-30,19.856666564941406,20.176666259765625,19.65333366394043,20.176666259765625,15.303130149841307,1019100.0,GGG
2013-04-30,11.510000228881836,11.529999732971193,11.359999656677244,11.479999542236328,4.698173522949219,578900.0,GGN
2013-04-30,2.200000047683716,2.200000047683716,2.200000047683716,2.200000047683716,1.9341634511947632,0.0,GGO
2013-04-30,8.614051818847656,8.662175178527832,8.575552940368652,8.662175178527832,4.156383514404297,34200.0,GGT
2013-04-30,267.07553100585943,267.879150390625,265.25680541992193,267.879150390625,247.03746032714844,27600.0,GHC
2013-04-30,0.029999999329447743,0.029999999329447743,0.029999999329447743,0.029999999329447743,0.028606045991182324,0.0,GHG
2013-04-30,45.61999893188477,46.47000122070313,45.5,46.18999862670898,34.563331604003906,615500.0,GHL
2013-04-30,23.85000038146973,24.29999923706055,23.68000030517578,24.29999923706055,21.908571243286133,45000.0,GHM
2013-04-30,18.920000076293945,19.07999992370605,18.81999969482422,18.899999618530273,10.381845474243164,116900.0,GHY
2013-04-30,28.63999938964844,31.96999931335449,28.309999465942386,31.65999984741211,31.65999984741211,1136000.0,GIB
2013-04-30,20.25,20.6200008392334,19.920000076293945,20.559999465942386,19.108428955078125,58400.0,GIFI
2013-04-30,1.0099999904632568,1.0199999809265137,1.0099999904632568,1.0099999904632568,1.0099999904632568,18600.0,GIGM
2013-04-30,20.375,20.489999771118164,20.2450008392334,20.32999992370605,20.32999992370605,99400.0,GIII
2013-04-30,20.15999984741211,20.190000534057614,19.979999542236328,20.114999771118164,18.127742767333984,1741800.0,GIL
2013-04-30,50.75,50.88999938964844,49.43000030517578,50.63999938964844,43.95018768310547,13550600.0,GILD
2013-04-30,5.570000171661377,5.6599998474121085,5.53000020980835,5.550000190734863,5.2715721130371085,34400.0,GILT
2013-04-30,9.5,9.550000190734863,9.449999809265137,9.5,6.215628623962402,243200.0,GIM
2013-04-30,50.099998474121094,50.41999816894531,49.88000106811523,50.41999816894531,39.65414047241211,2827100.0,GIS
2013-04-30,0.3609800040721893,0.3609800040721893,0.3609800040721893,0.3609800040721893,0.3609800040721893,0.0,GIX
2013-04-30,10.369999885559082,10.369999885559082,10.369999885559082,10.369999885559082,6.5779967308044425,0.0,GJH
2013-04-30,19.809999465942386,19.809999465942386,19.809999465942386,19.809999465942386,16.95243263244629,200.0,GJO
2013-04-30,23.940000534057614,23.940000534057614,23.940000534057614,23.940000534057614,18.875991821289066,100.0,GJP
2013-04-30,19.75,19.75,19.51000022888184,19.51000022888184,17.357641220092773,1700.0,GJR
2013-04-30,16.09000015258789,16.09000015258789,16.09000015258789,16.09000015258789,13.849827766418455,0.0,GJS
2013-04-30,17.440000534057614,17.440000534057614,17.440000534057614,17.440000534057614,14.651564598083494,0.0,GJT
2013-04-30,41.1533317565918,41.52000045776367,41.02000045776367,41.38000106811523,38.71011734008789,944500.0,GL
2013-04-30,9.4399995803833,9.4399995803833,9.25,9.270000457763672,4.771656036376953,90600.0,GLAD
2013-04-30,88.80000305175781,92.4000015258789,83.5999984741211,92.4000015258789,92.4000015258789,600.0,GLBS
2013-04-30,12.40999984741211,12.449999809265135,11.479999542236328,11.640000343322756,9.086607933044434,10300.0,GLBZ
2013-04-30,6.739999771118164,6.949999809265138,6.610000133514403,6.920000076293945,6.920000076293945,753500.0,GLDD
2013-04-30,17.6299991607666,17.69099998474121,17.59000015258789,17.690000534057614,9.480243682861328,8400.0,GLDI
2013-04-30,1.399999976158142,1.399999976158142,1.399999976158142,1.399999976158142,1.399999976158142,0.0,GLG
2013-04-30,18.125307083129886,18.545454025268555,17.980344772338867,18.051597595214844,17.856979370117188,1610900.0,GLIBA
2013-04-30,18.41859245300293,18.41859245300293,18.41859245300293,18.41859245300293,16.00855827331543,1200.0,GLIBP
2013-04-30,33.380001068115234,33.560001373291016,33.0,33.419998168945305,27.70716094970703,397600.0,GLNG
2013-04-30,12.890000343322756,12.989999771118164,12.81999969482422,12.890000343322756,6.162124633789063,190200.0,GLO
2013-04-30,12.59000015258789,12.829999923706055,12.56999969482422,12.800000190734865,9.2723970413208,70500.0,GLOG
2013-04-30,35.63999938964844,35.779998779296875,35.09999847412109,35.70000076293945,18.682659149169922,44700.0,GLP
2013-04-30,26.03000068664551,26.1200008392334,26.03000068664551,26.1200008392334,26.1200008392334,600.0,GLPG
2013-04-30,14.470000267028807,14.529999732971193,14.399999618530273,14.460000038146973,7.121382236480713,48600.0,GLQ
2013-04-30,24.61000061035156,24.709999084472656,24.43000030517578,24.61000061035156,24.61000061035156,121400.0,GLRE
2013-04-30,23.770000457763672,24.6299991607666,23.63999938964844,24.0,19.99579620361328,373200.0,GLT
2013-04-30,23.96999931335449,24.040000915527344,23.60000038146973,23.899999618530273,15.287514686584473,25500.0,GLU
2013-04-30,3.0699999332427983,3.140000104904175,3.0299999713897705,3.0799999237060547,3.0799999237060547,1672500.0,GLUU
2013-04-30,15.0600004196167,15.0600004196167,14.960000038146973,15.029999732971193,7.354341983795166,27700.0,GLV
2013-04-30,14.390000343322756,14.5,14.239999771118164,14.5,12.238706588745115,11656800.0,GLW
2013-04-30,30.770000457763672,30.96999931335449,30.56999969482422,30.84000015258789,23.59275054931641,8117200.0,GM
2013-04-30,2.601999998092652,2.601999998092652,2.601999998092652,2.601999998092652,2.601999998092652,0.0,GMAB
2013-04-30,34.59999847412109,35.41999816894531,34.450000762939446,34.900001525878906,24.656524658203125,3191400.0,GME
2013-04-30,14.789999961853027,15.220000267028807,14.760000228881836,15.220000267028807,15.220000267028807,274600.0,GMED
2013-04-30,32.279998779296875,33.439998626708984,31.96999931335449,32.669998168945305,14.657282829284668,470300.0,GMLP
2013-04-30,1.9099999666213991,1.9299999475479128,1.8200000524520876,1.8600000143051147,1.8600000143051147,317100.0,GMO
2013-04-30,45.52000045776367,45.61000061035156,45.0,45.33000183105469,41.797401428222656,1724100.0,GNC
2013-04-30,10.75,11.390000343322756,10.729999542236328,10.779999732971193,8.761293411254883,216500.0,GNE
2013-04-30,0.03099999949336052,0.03099999949336052,0.03099999949336052,0.03099999949336052,0.0215683002024889,0.0,GNL
2013-04-30,15.06999969482422,15.5600004196167,14.960000038146973,15.550000190734865,15.550000190734865,94000.0,GNMK
2013-04-30,35.790000915527344,35.959999084472656,35.400001525878906,35.93000030517578,31.54080009460449,226200.0,GNRC
2013-04-30,12.6899995803833,12.970000267028807,12.59000015258789,12.859999656677244,6.073518753051758,53500.0,GNT
2013-04-30,11.119999885559082,11.255000114440918,11.020000457763672,11.25,9.82750129699707,2337800.0,GNTX
2013-04-30,17.399999618530273,17.399999618530273,17.399999618530273,17.399999618530273,17.399999618530273,0.0,GNUS
2013-04-30,9.84000015258789,10.029999732971193,9.8100004196167,10.029999732971193,10.029999732971193,13110900.0,GNW
2013-04-30,23.0,23.149999618530273,22.989999771118164,23.0,10.873234748840332,60400.0,GOF
2013-04-30,34.799999237060554,35.650001525878906,34.0,34.25,26.16045379638672,34800.0,GOGL
2013-04-30,12.84000015258789,12.859999656677244,12.300000190734865,12.359999656677244,12.357823371887207,1987500.0,GOL
2013-04-30,19.36000061035156,19.709999084472656,18.90999984741211,19.709999084472656,9.7727689743042,18086900.0,GOLD
2013-04-30,19.18000030517578,19.239999771118164,19.059999465942386,19.13999938964844,10.855875968933104,111500.0,GOOD
2013-04-30,407.9708251953125,412.2746887207031,407.31329345703125,410.74542236328125,410.74542236328125,4630600.0,GOOG
2013-04-30,409.909912109375,414.2342224121094,409.2492370605469,412.69769287109375,412.69769287109375,4608700.0,GOOGL
2013-04-30,10.0,10.239999771118164,9.529999732971193,10.239999771118164,8.967818260192871,377800.0,GORO
2013-04-30,75.18000030517578,76.3499984741211,74.41999816894531,76.33000183105469,62.51714324951172,1389800.0,GPC
2013-04-30,60.40999984741211,60.68000030517578,60.02000045776367,60.47999954223633,55.37575912475586,169500.0,GPI
2013-04-30,7.5,7.559999942779541,7.460000038146973,7.519999980926514,6.710322856903076,1157900.0,GPK
2013-04-30,1.0299999713897705,1.0499999523162842,1.0099999904632568,1.0499999523162842,1.0499999523162842,490200.0,GPL
2013-04-30,8.960000038146973,8.960000038146973,8.890000343322754,8.9399995803833,3.969024181365967,66800.0,GPM
2013-04-30,22.63500022888184,23.48500061035156,22.63500022888184,23.20000076293945,22.96780204772949,1877800.0,GPN
2013-04-30,51.90999984741211,52.7400016784668,51.43999862670898,52.18999862670898,52.18999862670898,880200.0,GPOR
2013-04-30,12.43000030517578,12.729999542236328,12.279999732971193,12.510000228881836,10.805506706237793,335400.0,GPRE
2013-04-30,10.18000030517578,10.18000030517578,10.18000030517578,10.18000030517578,10.089144706726074,0.0,GPRK
2013-04-30,37.5099983215332,38.0099983215332,37.09000015258789,37.9900016784668,30.117509841918945,5045600.0,GPS
2013-04-30,22.040000915527344,22.290000915527344,21.940000534057614,22.049999237060547,22.049999237060547,19500.0,GPX
2013-04-30,76.72000122070312,77.58999633789062,76.02999877929688,77.11000061035156,73.1292953491211,440000.0,GRA
2013-04-30,1.0299999713897705,1.0299999713897705,1.0299999713897705,1.0299999713897705,1.0299999713897705,0.0,GRAF
2013-04-30,2.806788444519043,2.9699738025665283,2.689295053482056,2.819843292236328,2.819843292236328,48100.0,GRBK
2013-04-30,22.6879997253418,22.72800064086914,22.336000442504886,22.60000038146973,20.30901336669922,22200.0,GRC
2013-04-30,7.480000019073486,7.739999771118164,7.480000019073486,7.739999771118164,5.204400539398193,1400.0,GRF
2013-04-30,15.40999984741211,15.670000076293945,15.274999618530273,15.614999771118164,13.733369827270508,542800.0,GRFS
2013-04-30,29.28000068664551,29.979999542236328,29.28000068664551,29.85000038146973,27.81661605834961,5100.0,GRIF
2013-04-30,34.540000915527344,35.110000610351555,34.459999084472656,35.080001831054695,25.835433959960934,1489700.0,GRMN
2013-04-30,4.130000114440918,4.179999828338623,3.900000095367432,3.900000095367432,3.900000095367432,6000.0,GRN
2013-04-30,2.9500000476837163,2.9500000476837163,2.7300000190734863,2.7300000190734863,2.3480117321014404,72900.0,GROW
2013-04-30,6.260000228881836,6.289999961853027,6.059999942779541,6.0999999046325675,6.0999999046325675,13389300.0,GRPN
2013-04-30,6.800000190734862,6.9099998474121085,6.800000190734862,6.860000133514403,6.860000133514403,16800.0,GRU
2013-04-30,5.079999923706055,5.1599998474121085,5.079999923706055,5.119999885559082,5.119999885559082,2000.0,GRVY
2013-04-30,9.465608596801758,9.484296798706056,9.409543991088867,9.484296798706056,6.308958053588867,29100.0,GRX
2013-04-30,145.19000244140625,146.5399932861328,144.55999755859375,146.07000732421875,131.64266967773438,2586300.0,GS
2013-04-30,0.3400000035762787,0.3499999940395355,0.33000001311302185,0.33000001311302185,0.33000001311302185,411900.0,GSAT
2013-04-30,1.5299999713897705,1.6699999570846558,1.5299999713897705,1.6100000143051147,0.9817010164260864,26100.0,GSB
2013-04-30,26.01000022888184,26.5,26.01000022888184,26.3700008392334,21.81911849975586,22300.0,GSBC
2013-04-30,45.63999938964844,45.7400016784668,45.45000076293945,45.45000076293945,45.45000076293945,2300.0,GSC
2013-04-30,25.10000038146973,25.10000038146973,24.809999465942386,24.989999771118164,20.615036010742188,26100.0,GSH
2013-04-30,6.239999771118164,6.28000020980835,6.230000019073486,6.239999771118164,6.239999771118164,16200.0,GSIT
2013-04-30,51.4900016784668,51.77000045776367,51.29999923706055,51.63999938964844,36.048622131347656,3987300.0,GSK
2013-04-30,35.84000015258789,36.79999923706055,35.599998474121094,35.68000030517578,32.54142379760742,5400.0,GSL
2013-04-30,12.859999656677244,13.0600004196167,12.68000030517578,13.0600004196167,11.680045127868652,323800.0,GSM
2013-04-30,31.85000038146973,31.920000076293945,31.56999969482422,31.60000038146973,31.60000038146973,197300.0,GSP
2013-04-30,5.25,5.400000095367432,5.150000095367432,5.400000095367432,5.400000095367432,357500.0,GSS
2013-04-30,0.6100000143051147,0.6100000143051147,0.5600000023841858,0.5899999737739563,0.5899999737739563,139600.0,GSV
2013-04-30,0.02500000037252903,0.02500000037252903,0.02500000037252903,0.02500000037252903,0.02500000037252903,0.0,GSX
2013-04-30,12.4399995803833,12.579999923706055,12.350000381469727,12.5,11.108840942382812,3294800.0,GT
2013-04-30,5.539999961853027,5.550000190734863,5.489999771118164,5.53000020980835,5.53000020980835,508700.0,GTE
2013-04-30,3.2999999523162837,3.4300000667572017,3.1600000858306885,3.1600000858306885,3.1600000858306885,5400.0,GTIM
2013-04-30,80.25,85.30000305175781,79.8499984741211,84.80999755859375,84.80999755859375,1725100.0,GTLS
2013-04-30,6.300000190734862,6.4099998474121085,5.760000228881836,6.3499999046325675,6.3499999046325675,953300.0,GTN
2013-04-30,18.13999938964844,18.21999931335449,17.850000381469727,18.030000686645508,18.030000686645508,53000.0,GTS
2013-04-30,3.0199999809265137,3.0199999809265137,2.299999952316284,3.0,3.0,2700.0,GTT
2013-04-30,21.459999084472656,21.540000915527344,21.290000915527344,21.40999984741211,15.220141410827635,51200.0,GTY
2013-04-30,5.25,5.400000095367432,5.099999904632568,5.099999904632568,5.099999904632568,3600.0,GURE
2013-04-30,7.079999923706055,7.110000133514403,7.03000020980835,7.0900001525878915,3.8060605525970463,56000.0,GUT
2013-04-30,3.3399999141693115,3.3499999046325684,3.0799999237060547,3.0999999046325684,3.0999999046325684,547200.0,GV
2013-04-30,28.239999771118164,28.25,27.53000068664551,27.670000076293945,25.09719276428223,391300.0,GVA
2013-04-30,1.8999999761581419,1.8999999761581419,1.870000004768372,1.8799999952316284,1.8799999952316284,7900.0,GVP
2013-04-30,22.54999923706055,22.54999923706055,22.54999923706055,22.54999923706055,19.860036849975586,0.0,GWB
2013-04-30,40.84000015258789,40.900001525878906,40.040000915527344,40.08000183105469,40.08000183105469,227100.0,GWRE
2013-04-30,241.88999938964844,246.4900054931641,241.88999938964844,246.47000122070312,214.65196228027344,349400.0,GWW
2013-04-30,23.59000015258789,23.59000015258789,23.540000915527344,23.54999923706055,18.1553955078125,1400.0,GYC
2013-04-30,814.4444580078125,820.111083984375,811.2222290039062,820.111083984375,127.67208099365234,100.0,GYRO
2013-04-30,41.40999984741211,42.70000076293945,41.40999984741211,42.68000030517578,41.825096130371094,321400.0,H
2013-04-30,5.380000114440918,5.539999961853027,5.329999923706055,5.489999771118164,5.289675712585449,1228100.0,HA
2013-04-30,39.18000030517578,39.27999877929688,38.2599983215332,38.5,38.5,678800.0,HAE
2013-04-30,15.600000381469727,15.619999885559082,15.350000381469727,15.43000030517578,12.736888885498047,381900.0,HAFC
2013-04-30,32.314998626708984,32.80500030517578,32.255001068115234,32.625,32.625,770600.0,HAIN
2013-04-30,41.599998474121094,42.81999969482422,41.560001373291016,42.77000045776367,37.27376556396485,21264500.0,HAL
2013-04-30,9.050000190734863,9.079999923706056,9.0,9.050000190734863,9.050000190734863,28400.0,HALL
2013-04-30,6.320000171661378,6.320000171661378,6.010000228881836,6.039999961853027,6.039999961853027,701800.0,HALO
2013-04-30,47.70000076293945,47.72999954223633,47.209999084472656,47.36999893188477,39.5457878112793,1156900.0,HAS
2013-04-30,11.300000190734865,11.380000114440918,11.260000228881836,11.380000114440918,7.478655815124513,169500.0,HASI
2013-04-30,49.38999938964844,49.38999938964844,48.16999816894531,48.61000061035156,41.35754776000977,77500.0,HAYN
2013-04-30,7.139999866485597,7.179999828338622,7.0999999046325675,7.170000076293945,5.779953002929688,7918100.0,HBAN
2013-04-30,18.549999237060547,18.549999237060547,17.190000534057614,18.100000381469727,16.534051895141598,15000.0,HBCP
2013-04-30,12.364999771118164,12.539999961853027,12.300000190734865,12.539999961853027,9.818163871765137,3991600.0,HBI
2013-04-30,3.6391205787658687,3.919636011123657,3.6391205787658687,3.881728649139404,3.881728649139404,395300.0,HBIO
2013-04-30,7.820000171661378,8.029999732971191,7.75,7.960000038146973,7.74812126159668,22100.0,HBM
2013-04-30,7.199999809265138,7.199999809265138,7.199999809265138,7.199999809265138,7.199999809265138,0.0,HBMD
2013-04-30,8.528888702392576,8.577777862548826,8.488888740539549,8.577777862548826,7.315795421600343,21100.0,HBNC
2013-04-30,2.299999952316284,2.3499999046325684,2.25,2.3499999046325684,2.3499999046325684,7200.0,HBP
2013-04-30,40.2599983215332,40.849998474121094,39.560001373291016,39.88999938964844,38.80424880981445,4421100.0,HCA
2013-04-30,15.420000076293945,15.710000038146973,15.420000076293945,15.550000190734865,15.550000190734865,26400.0,HCCI
2013-04-30,15.09000015258789,15.140000343322756,15.079999923706055,15.100000381469727,4.995643615722656,75300.0,HCFT
2013-04-30,12.3100004196167,12.600000381469727,12.3100004196167,12.56999969482422,3.946513175964356,58300.0,HCHC
2013-04-30,26.21999931335449,26.540000915527344,26.06999969482422,26.540000915527344,21.145288467407227,115400.0,HCI
2013-04-30,4.8400001525878915,4.949999809265137,4.809999942779541,4.880000114440918,4.28635835647583,41900.0,HCKT
2013-04-30,18.71999931335449,19.09000015258789,18.530000686645508,18.57999992370605,14.024517059326172,193700.0,HCR
2013-04-30,22.84000015258789,22.84000015258789,22.21999931335449,22.290000915527344,19.0079345703125,556100.0,HCSG
2013-04-30,73.5,74.01000213623047,73.22000122070312,73.3499984741211,62.748008728027344,6601900.0,HD
2013-04-30,21.0,21.309999465942386,20.96500015258789,21.21999931335449,19.22734832763672,2829000.0,HDB
2013-04-30,3.990000009536743,4.050000190734863,3.9700000286102295,4.0399999618530265,4.0399999618530265,189400.0,HDSN
2013-04-30,28.06999969482422,28.29999923706055,27.90999984741211,28.29999923706055,21.5080623626709,361300.0,HE
2013-04-30,72.0,74.23999786376953,71.63999938964844,71.95999908447266,71.95999908447266,21800.0,HEAR
2013-04-30,20.0,20.46999931335449,19.670000076293945,20.36000061035156,15.595370292663574,255600.0,HEES
2013-04-30,17.797119140625,18.09203147888184,17.772544860839844,18.02649688720703,17.568347930908207,253300.0,HEI
2013-04-30,34.02000045776367,34.880001068115234,33.34999847412109,34.880001068115234,34.880001068115234,498500.0,HELE
2013-04-30,39.38999938964844,39.88999938964844,39.25,39.29999923706055,23.220876693725586,89100.0,HEP
2013-04-30,16.670000076293945,16.780000686645508,16.629999160766598,16.760000228881836,8.601740837097168,51900.0,HEQ
2013-04-30,72.08000183105469,72.18000030517578,70.79000091552734,72.18000030517578,64.02186584472656,3309600.0,HES
2013-04-30,18.1200008392334,18.1299991607666,17.700000762939453,17.700000762939453,15.806391716003418,2400.0,HFBL
2013-04-30,50.41999816894531,50.849998474121094,48.70000076293945,49.45000076293945,36.78616714477539,4017700.0,HFC
2013-04-30,13.880000114440918,14.0,13.869999885559082,13.949999809265135,11.388772964477539,7900.0,HFWA
2013-04-30,30.85000038146973,30.989999771118164,30.729999542236328,30.96999931335449,22.10254669189453,25200.0,HGH
2013-04-30,9.0,11.229999542236328,8.270000457763674,10.899999618530273,10.899999618530273,230000.0,HGSH
2013-04-30,93.12000274658205,94.5999984741211,93.0999984741211,94.37999725341795,94.37999725341795,62100.0,HHC
2013-04-30,78.30000305175781,79.4000015258789,77.5,79.30000305175781,66.76762390136719,14200.0,HHS
2013-04-30,3.359999895095825,3.5999999046325684,3.359999895095825,3.5999999046325684,3.5999999046325684,900.0,HHT
2013-04-30,24.79999923706055,25.1299991607666,24.71999931335449,25.1299991607666,21.07733917236328,234800.0,HI
2013-04-30,54.15999984741211,54.97000122070313,54.11000061035156,54.849998474121094,54.849998474121094,107900.0,HIBB
2013-04-30,68.87999725341797,68.87999725341797,67.65000152587889,68.01000213623047,63.57146072387695,3500.0,HIFS
2013-04-30,27.149999618530273,28.38999938964844,26.989999771118164,28.09000015258789,24.521392822265625,12137700.0,HIG
2013-04-30,1.7300000190734863,1.7300000190734863,1.7300000190734863,1.7300000190734863,1.0596754550933838,0.0,HIHO
2013-04-30,52.90999984741211,53.11000061035156,52.63999938964844,52.9000015258789,48.43518447875977,195700.0,HII
2013-04-30,2.900000095367432,2.900000095367432,2.740000009536743,2.75,2.75,28100.0,HIL
2013-04-30,5.639999866485597,5.78000020980835,5.420000076293945,5.5,4.599022388458252,3272800.0,HIMX
2013-04-30,6.610000133514403,6.639999866485597,6.579999923706055,6.5999999046325675,3.875180959701538,190400.0,HIO
2013-04-30,40.72000122070313,41.11999893188477,40.68999862670898,41.02999877929688,29.98323631286621,594900.0,HIW
2013-04-30,10.18000030517578,10.210000038146973,10.170000076293944,10.199999809265137,5.25614070892334,199000.0,HIX
2013-04-30,18.75,19.56999969482422,18.600000381469727,19.350000381469727,10.827415466308594,26500.0,HJV
2013-04-30,3.2699999809265137,3.400000095367432,3.2000000476837163,3.400000095367432,3.319185495376587,4810800.0,HL
2013-04-30,19.6200008392334,20.290000915527344,19.375,19.854999542236328,19.45077896118164,9832400.0,HLF
2013-04-30,32.490001678466804,32.759998321533196,32.09999847412109,32.75,29.7587947845459,41300.0,HLIO
2013-04-30,5.679999828338622,5.739999771118164,5.6500000953674325,5.679999828338622,5.679999828338622,809100.0,HLIT
2013-04-30,22.739999771118164,23.040000915527344,22.5,23.040000915527344,23.040000915527344,767500.0,HLX
2013-04-30,39.83000183105469,39.9900016784668,39.66999816894531,39.97999954223633,32.23860549926758,1300800.0,HMC
2013-04-30,18.25,18.25,18.25,18.25,10.60887050628662,0.0,HMG
2013-04-30,180.0,180.0,180.0,180.0,180.0,0.0,HMI
2013-04-30,22.3799991607666,22.57999992370605,22.270000457763672,22.54999923706055,18.44883918762207,75800.0,HMN
2013-04-30,7.5,7.5,7.300000190734862,7.420000076293945,7.420000076293945,2300.0,HMNF
2013-04-30,21.75,21.82999992370605,21.299999237060547,21.5,21.03826141357422,405000.0,HMST
2013-04-30,25.0,25.46999931335449,24.81999969482422,25.209999084472656,25.209999084472656,858500.0,HMSY
2013-04-30,13.68000030517578,13.68000030517578,13.0,13.5,13.5,31700.0,HMTV
2013-04-30,4.9099998474121085,5.130000114440918,4.789999961853027,5.130000114440918,4.918822288513184,2509900.0,HMY
2013-04-30,30.75,31.03000068664551,30.209999084472656,30.38999938964844,30.38999938964844,124400.0,HNGR
2013-04-30,33.47999954223633,34.450000762939446,33.31999969482422,34.43000030517578,28.41374015808105,203800.0,HNI
2013-04-30,4.5333333015441895,4.5333333015441895,4.5333333015441895,4.5333333015441895,3.890422344207764,0.0,HNNA
2013-04-30,46.0099983215332,46.4000015258789,45.9900016784668,46.4000015258789,32.571895599365234,74400.0,HNP
2013-04-30,7.199999809265138,7.264999866485597,7.139999866485597,7.1599998474121085,5.988403797149657,20300.0,HNRG
2013-04-30,22.239999771118164,22.239999771118164,21.81999969482422,21.81999969482422,11.60132884979248,28400.0,HNW
2013-04-30,17.100000381469727,17.360000610351562,17.100000381469727,17.290000915527347,14.905892372131348,45600.0,HOFT
2013-04-30,54.61999893188477,54.7599983215332,54.11000061035156,54.6500015258789,44.881683349609375,1665300.0,HOG
2013-04-30,12.210000038146973,12.4399995803833,11.899999618530273,12.039999961853027,11.351515769958494,77500.0,HOLI
2013-04-30,20.3799991607666,20.43000030517578,20.1200008392334,20.3700008392334,20.3700008392334,4058600.0,HOLX
2013-04-30,9.850000381469727,9.949999809265137,9.845000267028807,9.93000030517578,8.784646987915039,335200.0,HOMB
2013-04-30,70.52074432373047,70.53028106689453,69.59597778320311,70.11079406738281,60.40390014648438,3060700.0,HON
2013-04-30,12.739999771118164,12.920000076293945,12.670000076293945,12.880000114440918,10.509567260742188,349200.0,HOPE
2013-04-30,139.0,142.0,134.5,136.25,136.25,200800.0,HOV
2013-04-30,15.760000228881836,15.81999969482422,15.470000267028807,15.710000038146973,15.710000038146973,6900.0,HOVNP
2013-04-30,58.22000122070313,58.66999816894531,57.47999954223633,58.61999893188477,42.55974960327149,1046200.0,HP
2013-04-30,23.46999931335449,23.59000015258789,23.3700008392334,23.53000068664551,13.521133422851562,38800.0,HPF
2013-04-30,23.82999992370605,23.93000030517578,23.809999465942386,23.88999938964844,13.797670364379885,40200.0,HPI
2013-04-30,22.40999984741211,22.809999465942386,22.40999984741211,22.809999465942386,18.936426162719727,311000.0,HPP
2013-04-30,9.332425117492676,9.400545120239258,9.191643714904783,9.355132102966307,7.156660079956055,33164700.0,HPQ
2013-04-30,20.1200008392334,20.299999237060547,19.71999931335449,19.86000061035156,19.86000061035156,1071000.0,HPR
2013-04-30,20.01000022888184,20.149999618530273,20.01000022888184,20.049999237060547,11.500185012817385,88100.0,HPS
2013-04-30,22.01000022888184,22.030000686645508,21.86000061035156,21.959999084472656,11.998465538024902,81400.0,HQH
2013-04-30,2.759999990463257,2.880000114440918,2.759999990463257,2.880000114440918,2.880000114440918,2700.0,HQI
2013-04-30,17.959999084472656,18.1299991607666,17.940000534057614,17.969999313354492,9.585601806640623,41700.0,HQL
2013-04-30,29.56999969482422,30.020000457763672,29.520000457763672,30.020000457763672,22.30478858947754,643300.0,HR
2013-04-30,27.86000061035156,28.209999084472656,27.709999084472656,27.739999771118164,21.89044570922852,2044300.0,HRB
2013-04-30,33.700000762939446,34.290000915527344,33.509998321533196,34.06999969482422,31.4538631439209,705300.0,HRC
2013-04-30,73.08000183105469,74.37000274658203,70.6500015258789,72.23999786376953,72.23999786376953,2768400.0,HRI
2013-04-30,20.584999084472656,20.645000457763672,20.440000534057614,20.63500022888184,17.190116882324222,2103800.0,HRL
2013-04-30,9.350000381469727,9.4399995803833,9.079999923706056,9.130000114440918,9.130000114440918,3800.0,HROW
2013-04-30,7.5999999046325675,7.5999999046325675,7.199999809265138,7.199999809265138,7.199999809265138,10800.0,HRTX
2013-04-30,14.399999618530273,14.739999771118164,14.350000381469727,14.6899995803833,6.671385765075684,103300.0,HRZN
2013-04-30,54.93000030517578,55.11000061035156,54.56999969482422,54.86000061035156,36.33556747436523,1119900.0,HSBC
2013-04-30,21.6299991607666,21.82999992370605,21.21999931335449,21.82999992370605,19.258586883544922,556500.0,HSC
2013-04-30,35.20000076293945,35.474510192871094,35.058822631835945,35.45098114013672,35.45098114013672,1675000.0,HSIC
2013-04-30,13.119999885559082,13.300000190734865,12.949999809265135,13.220000267028807,11.204318046569824,64000.0,HSII
2013-04-30,8.310000419616701,8.430000305175781,8.300000190734862,8.340000152587889,8.340000152587889,8800.0,HSKA
2013-04-30,32.5,33.400001525878906,32.09999847412109,33.0,31.67204284667969,10300.0,HSON
2013-04-30,17.8799991607666,18.270000457763672,17.8700008392334,18.270000457763672,13.703158378601074,7617300.0,HST
2013-04-30,23.45000076293945,23.71999931335449,22.75,22.940000534057614,22.00405502319336,52800.0,HSTM
2013-04-30,88.12999725341797,89.16999816894531,87.93000030517578,89.16000366210938,75.78093719482422,1375800.0,HSY
2013-04-30,23.559999465942386,23.959999084472656,23.31999969482422,23.920000076293945,16.018035888671875,365900.0,HT
2013-04-30,25.020000457763672,25.07999992370605,24.76000022888184,24.959999084472656,18.55628967285156,289000.0,HTA
2013-04-30,15.829999923706055,15.960000038146973,15.75,15.949999809265135,15.721502304077148,34100.0,HTBI
2013-04-30,6.550000190734862,6.579999923706055,6.5,6.570000171661378,5.354538917541504,16100.0,HTBK
2013-04-30,20.84000015258789,20.84000015258789,20.690000534057614,20.790000915527344,12.42460823059082,104100.0,HTD
2013-04-30,13.289999961853027,13.300000190734865,13.15999984741211,13.300000190734865,7.5967535972595215,582000.0,HTGC
2013-04-30,13.270000457763672,13.390000343322756,13.18000030517578,13.390000343322756,12.817046165466307,158300.0,HTH
2013-04-30,3.8949999809265137,3.8949999809265137,3.7725000381469727,3.809999942779541,3.635099649429321,436400.0,HTHT
2013-04-30,13.460000038146973,13.600000381469727,13.449999809265135,13.56999969482422,13.190394401550293,385400.0,HTLD
2013-04-30,24.399999618530273,25.440000534057614,24.399999618530273,25.40999984741211,23.130022048950195,82300.0,HTLF
2013-04-30,12.630000114440918,12.8100004196167,12.56999969482422,12.800000190734865,6.1993560791015625,15900.0,HTY
2013-04-30,24.36000061035156,24.790000915527344,23.54999923706055,24.07999992370605,24.07999992370605,8305200.0,HTZ
2013-04-30,94.79000091552734,96.0,94.1500015258789,95.95999908447266,81.54209899902344,393500.0,HUBB
2013-04-30,36.599998474121094,36.66999816894531,36.2599983215332,36.650001525878906,36.650001525878906,164500.0,HUBG
2013-04-30,73.1500015258789,74.1500015258789,72.12999725341797,74.11000061035156,70.25100708007811,2046800.0,HUM
2013-04-30,18.51000022888184,19.25,18.26000022888184,18.86000061035156,15.675716400146484,6426600.0,HUN
2013-04-30,26.36000061035156,26.82999992370605,26.36000061035156,26.82999992370605,24.837913513183594,5200.0,HURC
2013-04-30,41.0,41.93999862670898,40.77999877929688,41.77999877929688,41.77999877929688,194000.0,HURN
2013-04-30,0.1899999976158142,0.20000000298023224,0.1899999976158142,0.1899999976158142,0.1899999976158142,102000.0,HUSA
2013-04-30,23.729999542236328,23.899999618530273,23.1200008392334,23.78000068664551,20.131643295288086,95100.0,HVT
2013-04-30,10.490157127380373,10.490157127380373,10.490157127380373,10.490157127380373,9.40103530883789,0.0,HWBK
2013-04-30,26.88999938964844,27.31999969482422,26.75,27.270000457763672,22.32154083251953,770000.0,HWC
2013-04-30,13.710000038146973,13.779999732971193,13.4399995803833,13.619999885559082,11.77856159210205,54300.0,HWCC
2013-04-30,36.65999984741211,37.290000915527344,36.040000915527344,37.18999862670898,32.191429138183594,14100.0,HWKN
2013-04-30,30.5,30.709999084472656,30.36000061035156,30.5,29.05546760559082,491900.0,HXL
2013-04-30,53.20000076293945,53.5,52.06999969482422,52.18999862670898,46.04694747924805,26900.0,HY
2013-04-30,10.489999771118164,10.550000190734863,10.4399995803833,10.510000228881836,5.847506523132324,72200.0,HYB
2013-04-30,19.5,19.530000686645508,19.3700008392334,19.530000686645508,11.153080940246582,95000.0,HYI
2013-04-30,13.050000190734865,13.0600004196167,12.989999771118164,13.029999732971193,7.1937828063964835,98000.0,HYT
2013-04-30,2.390000104904175,2.4300000667572017,2.359999895095825,2.400000095367432,2.400000095367432,289900.0,HZNP
2013-04-30,11.8100004196167,11.81999969482422,11.300000190734865,11.59000015258789,11.59000015258789,217200.0,HZO
2013-04-30,20.01000022888184,20.25,20.0,20.149999618530273,20.149999618530273,103100.0,I
2013-04-30,0.5,0.5,0.5,0.5,0.5,0.0,IAA
2013-04-30,45.83000183105469,47.1500015258789,45.5099983215332,47.06999969482422,44.69690704345703,1545200.0,IAC
2013-04-30,15.199999809265135,15.270000457763672,15.119999885559082,15.270000457763672,7.63514518737793,32500.0,IAE
2013-04-30,10.720000267028807,10.800000190734863,10.699999809265137,10.800000190734863,4.913926124572754,39300.0,IAF
2013-04-30,5.210000038146973,5.369999885559082,5.010000228881836,5.369999885559082,5.214976787567139,5590000.0,IAG
2013-04-30,17.170000076293945,17.575000762939453,17.139999389648438,17.514999389648438,17.514999389648438,1027000.0,IART
2013-04-30,33.990001678466804,34.130001068115234,33.900001525878906,34.029998779296875,30.0318660736084,10200.0,IBA
2013-04-30,7.6599998474121085,7.739999771118164,7.050000190734862,7.070000171661378,6.132580280303955,122200.0,IBCP
2013-04-30,4.300000190734863,4.5,4.199999809265137,4.300000190734863,4.300000190734863,49500.0,IBIO
2013-04-30,46.18000030517578,46.31000137329102,45.54999923706055,45.61999893188477,38.96265411376953,467500.0,IBKC
2013-04-30,14.970000267028807,15.0600004196167,14.859999656677244,15.0600004196167,13.928592681884766,366200.0,IBKR
2013-04-30,199.1300048828125,202.58999633789062,197.3500061035156,202.5399932861328,155.34451293945312,7539900.0,IBM
2013-04-30,8.345454216003418,8.521818161010742,8.332727432250978,8.512727737426758,6.650737285614014,6566400.0,IBN
2013-04-30,19.239999771118164,19.489999771118164,19.07999992370605,19.399999618530273,16.515090942382812,200700.0,IBOC
2013-04-30,28.3799991607666,28.63999938964844,28.040000915527344,28.540000915527344,26.76976585388184,7900.0,IBTX
2013-04-30,4.989999771118164,5.050000190734863,4.849999904632568,4.96999979019165,4.96999979019165,82900.0,ICAD
2013-04-30,3.7799999713897705,3.7799999713897705,3.559999942779541,3.759999990463257,3.759999990463257,400.0,ICCC
2013-04-30,32.2239990234375,32.70399856567383,32.198001861572266,32.58599853515625,25.53232192993164,9566000.0,ICE
2013-04-30,26.51000022888184,27.190000534057614,26.489999771118164,27.11000061035156,26.64350891113281,37100.0,ICFI
2013-04-30,11.84000015258789,11.989999771118164,11.84000015258789,11.989999771118164,6.29526424407959,3900.0,ICL
2013-04-30,31.70000076293945,32.490001678466804,31.149999618530273,32.11999893188477,32.11999893188477,1489700.0,ICLR
2013-04-30,283.79998779296875,286.5,279.39999389648443,286.5,286.5,170200.0,ICON
2013-04-30,34.509998321533196,34.509998321533196,33.610000610351555,34.049999237060554,34.049999237060554,4900.0,ICPT
2013-04-30,59.91999816894531,60.63000106811523,59.459999084472656,60.25,60.25,55800.0,ICUI
2013-04-30,48.290000915527344,49.209999084472656,48.290000915527344,49.209999084472656,40.43014907836914,262200.0,IDA
2013-04-30,43.52999877929688,44.599998474121094,43.5099983215332,44.40999984741211,39.48833465576172,518200.0,IDCC
2013-04-30,16.709999084472653,16.889999389648438,16.700000762939453,16.879999160766598,8.24998664855957,52300.0,IDE
2013-04-30,1.5499999523162842,1.6399999856948853,1.5499999523162842,1.6299999952316284,1.6299999952316284,30300.0,IDEX
2013-04-30,4.0,4.320000171661377,4.0,4.079999923706056,4.079999923706056,1900.0,IDN
2013-04-30,6.079999923706055,6.320000171661378,5.920000076293945,6.320000171661378,6.320000171661378,10300.0,IDRA
2013-04-30,12.459847450256348,12.62890911102295,12.290785789489744,12.502113342285154,9.220369338989258,127200.0,IDT
2013-04-30,472.0,472.0,443.0,457.0,457.0,200.0,IDXG
2013-04-30,44.290000915527344,44.474998474121094,43.74499893188477,43.97999954223633,43.97999954223633,1522600.0,IDXX
2013-04-30,5.212009906768799,5.212009906768799,5.212009906768799,5.212009906768799,5.212009906768799,0.0,IEA
2013-04-30,5.760000228881836,5.820000171661378,5.710000038146973,5.760000228881836,5.760000228881836,5500.0,IEC
2013-04-30,72.8499984741211,74.7300033569336,72.56999969482422,74.5199966430664,39.30908966064453,109300.0,IEP
2013-04-30,5.880000114440918,5.880000114440918,5.760000228881836,5.829999923706055,5.829999923706055,1600.0,IESC
2013-04-30,51.56999969482422,52.040000915527344,51.1500015258789,52.02999877929688,47.25503158569336,298200.0,IEX
2013-04-30,76.44999694824219,77.2699966430664,75.94000244140625,77.19000244140625,67.17121124267578,428500.0,IFF
2013-04-30,21.31999969482422,21.61000061035156,21.31999969482422,21.61000061035156,10.231454849243164,228600.0,IFN
2013-04-30,4.0399999618530265,4.0399999618530265,4.0399999618530265,4.0399999618530265,4.0399999618530265,0.0,IFS
2013-04-30,13.289999961853027,13.43000030517578,13.220000267028807,13.40999984741211,7.052647590637207,75000.0,IGA
2013-04-30,2.25,2.25,2.0199999809265137,2.0199999809265137,2.0199999809265137,14600.0,IGC
2013-04-30,9.43000030517578,9.479999542236328,9.420000076293944,9.479999542236328,4.494680404663086,588100.0,IGD
2013-04-30,23.29999923706055,23.35000038146973,23.0,23.059999465942386,15.60264778137207,24000.0,IGI
2013-04-30,9.760000228881836,9.90999984741211,9.760000228881836,9.890000343322754,5.889689922332764,393200.0,IGR
2013-04-30,17.040000915527347,17.069999694824222,16.879999160766598,16.950000762939453,11.524434089660645,3181300.0,IGT
2013-04-30,10.520000457763672,10.520000457763672,10.390000343322754,10.5,10.015338897705078,3900.0,IHC
2013-04-30,14.520000457763672,14.670000076293945,14.479999542236328,14.59000015258789,7.1763267517089835,50300.0,IHD
2013-04-30,42.046630859375,42.31872940063477,41.77452850341797,42.31872940063477,29.893962860107425,99300.0,IHG
2013-04-30,1.8500000238418581,1.8500000238418581,1.8500000238418581,1.8500000238418581,1.7371569871902466,0.0,IHT
2013-04-30,10.06999969482422,10.119999885559082,10.029999732971193,10.09000015258789,5.0538249015808105,37100.0,IID
2013-04-30,17.829999923706055,18.030000686645508,17.81999969482422,18.020000457763672,11.388593673706055,32800.0,IIF
2013-04-30,1.9600000381469729,1.9900000095367432,1.940000057220459,1.9800000190734863,1.6481260061264038,94600.0,III
2013-04-30,16.620000839233402,16.620000839233402,16.139999389648438,16.579999923706055,14.293679237365724,69700.0,IIIN
2013-04-30,16.280000686645508,16.329999923706055,16.219999313354492,16.270000457763672,11.278894424438475,94800.0,IIM
2013-04-30,4.010000228881837,4.0399999618530265,3.849999904632568,4.0,4.0,11200.0,IIN
2013-04-30,15.460000038146973,15.5600004196167,15.31999969482422,15.470000267028807,15.470000267028807,498600.0,IIVI
2013-04-30,14.0,14.520000457763672,14.0,14.520000457763672,14.520000457763672,3200.0,IKNX
2013-04-30,64.05999755859375,65.0,63.2599983215332,64.69000244140625,64.69000244140625,1352700.0,ILMN
2013-04-30,25.489999771118164,25.76000022888184,25.0,25.53000068664551,25.53000068664551,1108500.0,IMAX
2013-04-30,41.5,43.0,41.20000076293945,43.0,43.0,37000.0,IMBI
2013-04-30,16.069999694824222,16.309999465942386,15.6899995803833,16.020000457763672,16.020000457763672,727800.0,IMGN
2013-04-30,10.1899995803833,10.479999542236328,10.109999656677246,10.380000114440918,10.380000114440918,17400.0,IMH
2013-04-30,21.280000686645508,21.479999542236328,21.100000381469727,21.31999969482422,18.649784088134766,27300.0,IMKTA
2013-04-30,28.56999969482422,28.56999969482422,28.40999984741211,28.479999542236328,18.29857444763184,5500.0,IMLP
2013-04-30,9.333333015441896,9.333333015441896,9.133333206176758,9.133333206176758,9.133333206176758,100.0,IMMP
2013-04-30,11.18000030517578,11.300000190734865,10.510000228881836,10.59000015258789,10.59000015258789,287000.0,IMMR
2013-04-30,2.5,2.559999942779541,2.490000009536743,2.559999942779541,2.559999942779541,307000.0,IMMU
2013-04-30,39.52999877929688,39.900001525878906,38.79999923706055,39.86999893188477,34.72019577026367,521300.0,IMO
2013-04-30,13.751850128173828,13.864109992980955,13.564749717712402,13.779914855957033,8.585298538208008,167300.0,IMOS
2013-04-30,0.8653846383094788,0.8653846383094788,0.8653846383094788,0.8653846383094788,0.8653846383094788,0.0,IMV
2013-04-30,15.106666564941404,15.5,15.106666564941404,15.466666221618652,14.360479354858398,1300.0,INBK
2013-04-30,22.020000457763672,22.34000015258789,21.700000762939453,22.149999618530273,22.149999618530273,706000.0,INCY
2013-04-30,30.61000061035156,31.07999992370605,30.59000015258789,31.040000915527344,26.421131134033203,38700.0,INDB
2013-04-30,43.40999984741211,43.959999084472656,42.18000030517578,43.08000183105469,43.08000183105469,399900.0,INFI
2013-04-30,8.289999961853027,8.430000305175781,8.199999809265138,8.420000076293945,8.420000076293945,1346700.0,INFN
2013-04-30,1.4500000476837158,1.4500000476837158,1.4299999475479126,1.4299999475479126,1.4299999475479126,22100.0,INFU
2013-04-30,5.150000095367432,5.235000133514403,5.139999866485597,5.21750020980835,2.647609233856201,13922400.0,INFY
2013-04-30,8.25,8.289999961853027,8.149999618530272,8.210000038146973,6.481880187988281,1361800.0,ING
2013-04-30,71.62000274658203,72.06999969482422,71.58999633789062,72.01000213623047,61.71862411499024,694300.0,INGR
2013-04-30,9.899999618530273,10.0,9.850000381469727,9.989999771118164,7.1372246742248535,264700.0,INN
2013-04-30,2.559999942779541,2.5999999046325684,2.359999895095825,2.440000057220459,2.440000057220459,666300.0,INO
2013-04-30,3.2999999523162837,3.359999895095825,3.220000028610229,3.2799999713897705,3.2799999713897705,57700.0,INOD
2013-04-30,810000.0,810000.0,810000.0,810000.0,810000.0,0.0,INPX
2013-04-30,1.399999976158142,1.399999976158142,1.399999976158142,1.399999976158142,1.2575581073760986,0.0,INS
2013-04-30,2.650000095367432,2.75,2.619999885559082,2.619999885559082,2.619999885559082,547300.0,INSG
2013-04-30,20.270000457763672,20.32999992370605,20.149999618530273,20.15999984741211,14.134902000427244,19600.0,INSI
2013-04-30,9.5,9.800000190734863,9.050000190734863,9.15999984741211,9.15999984741211,179700.0,INSM
2013-04-30,39.86999893188477,40.68000030517578,39.650001525878906,40.54999923706055,38.64525985717773,439500.0,INT
2013-04-30,23.71999931335449,24.0,23.63999938964844,23.95000076293945,19.529033660888672,41468900.0,INTC
2013-04-30,22.60000038146973,22.60000038146973,22.5,22.5,22.5,1700.0,INTG
2013-04-30,16.75,17.25,16.670000076293945,17.120000839233402,17.120000839233402,52200.0,INTL
2013-04-30,2.9100000858306885,2.940000057220459,2.900000095367432,2.900000095367432,2.900000095367432,15500.0,INTT
2013-04-30,60.81999969482422,60.81999969482422,59.11000061035156,59.63999938964844,55.68613815307617,5255700.0,INTU
2013-04-30,0.7799999713897705,0.8100000023841858,0.75,0.7799999713897705,0.7799999713897705,32000.0,INUV
2013-04-30,27.477840423583984,27.70346450805664,26.81708335876465,27.195810317993164,25.32048034667969,2645900.0,INVA
2013-04-30,9.699999809265137,10.0,9.5,9.5,9.5,8000.0,INVE
2013-04-30,0.2199999988079071,0.2199999988079071,0.2199999988079071,0.2199999988079071,0.20831629633903506,0.0,INVH
2013-04-30,10.420000076293944,10.529999732971193,9.350000381469727,10.06999969482422,10.06999969482422,2170100.0,INWK
2013-04-30,93.4499969482422,94.5,92.8499984741211,93.5999984741211,93.5999984741211,125000.0,IO
2013-04-30,22.54999923706055,22.70000076293945,22.1200008392334,22.38999938964844,22.38999938964844,2299200.0,IONS
2013-04-30,3.400000095367432,3.5,3.400000095367432,3.5,3.5,6900.0,IOR
2013-04-30,43.79999923706055,44.13000106811523,43.61000061035156,44.0099983215332,40.47304153442383,77100.0,IOSP
2013-04-30,2.0,2.0,2.0,2.0,2.0,0.0,IOVA
2013-04-30,46.60749435424805,46.64694213867188,46.10453796386719,46.33135986328125,35.806678771972656,3303700.0,IP
2013-04-30,29.28000068664551,29.28000068664551,28.899999618530273,28.96999931335449,25.261505126953125,122000.0,IPAR
2013-04-30,37.20000076293945,38.400001525878906,35.91999816894531,36.0,36.0,2800.0,IPDN
2013-04-30,13.75,13.84000015258789,13.600000381469727,13.84000015258789,11.251628875732422,3780000.0,IPG
2013-04-30,62.25,63.68000030517578,60.72999954223633,63.56999969482422,63.56999969482422,868600.0,IPGP
2013-04-30,9.15999984741211,9.5,9.149999618530273,9.40999984741211,9.40999984741211,205300.0,IPHI
2013-04-30,18.38999938964844,18.459999084472656,18.25,18.40999984741211,18.40999984741211,707200.0,IPI
2013-04-30,25.60000038146973,25.60000038146973,25.5,25.53000068664551,17.86637306213379,33300.0,IPLDP
2013-04-30,13.510000228881836,13.510000228881836,13.4399995803833,13.449999809265135,8.965375900268555,104500.0,IQI
2013-04-30,43.24281311035156,43.30670928955078,42.45207595825195,42.97124481201172,36.41187286376953,2241300.0,IR
2013-04-30,28.440000534057614,29.10000038146973,28.18000030517578,29.09000015258789,29.09000015258789,450500.0,IRBT
2013-04-30,14.470000267028807,14.510000228881836,14.350000381469727,14.399999618530273,10.359780311584473,2500.0,IRCP
2013-04-30,6.6500000953674325,6.8499999046325675,6.639999866485597,6.710000038146973,6.710000038146973,718600.0,IRDM
2013-04-30,97.5999984741211,98.0,96.9000015258789,97.3000030517578,87.78343963623047,103500.0,IRET
2013-04-30,5.21999979019165,5.300000190734863,5.070000171661377,5.099999904632568,5.099999904632568,22400.0,IRIX
2013-04-30,10.25,10.369999885559082,10.25,10.270000457763672,6.313397407531737,5300.0,IRL
2013-04-30,34.28835678100586,35.0,34.10351181030273,34.99075698852539,22.019201278686523,1097700.0,IRM
2013-04-30,15.34000015258789,15.350000381469727,15.279999732971193,15.279999732971193,14.319411277770994,43000.0,IROQ
2013-04-30,10.539999961853027,10.609999656677246,10.529999732971193,10.550000190734863,4.807065963745117,64300.0,IRR
2013-04-30,8.569999694824219,8.670000076293945,8.569999694824219,8.619999885559082,7.673779010772705,19400.0,IRS
2013-04-30,12.84757137298584,12.88107204437256,12.646566390991213,12.738693237304688,12.738693237304688,901400.0,IRWD
2013-04-30,7.610827922821045,7.80698299407959,7.524519443511963,7.767752170562744,6.633160591125487,514300.0,ISBC
2013-04-30,19.96999931335449,20.049999237060547,19.84000015258789,20.0,11.143884658813477,91800.0,ISD
2013-04-30,4.400000095367432,5.099999904632568,4.400000095367432,5.099999904632568,4.796557426452637,1500.0,ISDR
2013-04-30,2.0,2.009999990463257,1.950000047683716,2.009999990463257,1.4472000598907468,1200.0,ISIG
2013-04-30,5.03000020980835,5.190000057220459,5.010000228881836,5.019999980926514,5.019999980926514,1200.0,ISNS
2013-04-30,0.5099999904632568,0.5299999713897705,0.5,0.5099999904632568,0.5099999904632568,106400.0,ISR
2013-04-30,162.7933349609375,164.48666381835938,162.53334045410156,164.09666442871094,164.09666442871094,632700.0,ISRG
2013-04-30,9.0,9.149999618530273,8.789999961853027,8.789999961853027,8.789999961853027,154200.0,ISSC
2013-04-30,56.86000061035156,58.599998474121094,56.86000061035156,57.849998474121094,57.849998474121094,1283100.0,IT
2013-04-30,20.270000457763672,20.71999931335449,20.270000457763672,20.479999542236328,13.89441204071045,28200.0,ITCB
2013-04-30,27.6200008392334,27.940000534057614,27.43000030517578,27.940000534057614,27.940000534057614,139900.0,ITGR
2013-04-30,1.6100000143051147,1.6299999952316284,1.5499999523162842,1.559999942779541,1.559999942779541,48800.0,ITI
2013-04-30,69.59999847412111,69.59999847412111,69.31999969482422,69.34999847412111,58.67107391357422,3100.0,ITIC
2013-04-30,1.75,1.7999999523162842,1.75,1.7999999523162842,1.7966417074203491,24600.0,ITP
2013-04-30,39.02999877929688,39.75,38.72999954223633,39.650001525878906,39.650001525878906,541600.0,ITRI
2013-04-30,15.979999542236328,16.010000228881836,15.920000076293945,16.0,-0.8991165161132812,22000.0,ITRN
2013-04-30,27.190000534057614,27.690000534057614,27.09000015258789,27.60000038146973,25.419857025146484,641500.0,ITT
2013-04-30,8.159278869628906,8.439769744873049,8.04908561706543,8.429752349853517,6.278061866760254,28145400.0,ITUB
2013-04-30,64.63999938964844,64.88999938964844,63.93999862670898,64.55999755859375,54.99028778076172,1856200.0,ITW
2013-04-30,4.5,4.599999904632568,4.389999866485597,4.53000020980835,4.53000020980835,47000.0,IVAC
2013-04-30,12.65999984741211,13.539999961853027,12.65999984741211,13.449999809265135,13.052438735961914,842200.0,IVC
2013-04-30,21.299999237060547,21.399999618530273,21.21999931335449,21.399999618530273,8.395322799682617,860800.0,IVR
2013-04-30,31.3799991607666,31.96999931335449,30.540000915527344,31.739999771118164,23.312685012817386,11839000.0,IVZ
2013-04-30,76.69000244140625,77.0999984741211,76.51000213623047,76.86000061035156,65.11280059814453,9500.0,IX
2013-04-30,5.199999809265137,5.260000228881836,4.800000190734863,5.0,5.0,2000.0,IZEA
2013-04-30,50.81000137329102,51.63000106811523,49.5099983215332,50.47999954223633,48.96732711791992,2216600.0,J
2013-04-30,35.560001373291016,36.04999923706055,35.41999816894531,35.849998474121094,32.51829147338867,266000.0,JACK
2013-04-30,10.710000038146973,10.949999809265137,10.59000015258789,10.90999984741211,10.834758758544922,248500.0,JAKK
2013-04-30,7.3499999046325675,7.4000000953674325,7.3499999046325675,7.4000000953674325,7.4000000953674325,0.0,JAN
2013-04-30,58.0,58.4000015258789,57.459999084472656,58.349998474121094,58.349998474121094,334200.0,JAZZ
2013-04-30,71.68000030517578,72.22000122070312,70.69999694824219,71.06999969482422,66.39454650878906,1048600.0,JBHT
2013-04-30,24.75,24.75,24.75,24.75,16.338851928710938,100.0,JBK
2013-04-30,17.59000015258789,17.829999923706055,17.5,17.799999237060547,16.12837028503418,1516300.0,JBL
2013-04-30,6.800000190734862,6.96999979019165,6.710000038146973,6.889999866485597,6.889999866485597,4204900.0,JBLU
2013-04-30,18.420000076293945,18.559999465942386,18.100000381469727,18.520000457763672,7.593564033508301,18200.0,JBN
2013-04-30,18.700000762939453,18.799999237060547,18.350000381469727,18.799999237060547,9.613044738769533,3100.0,JBR
2013-04-30,20.90999984741211,21.09000015258789,20.75,20.979999542236328,14.803256034851074,26800.0,JBSS
2013-04-30,20.540000915527344,20.76000022888184,20.350000381469727,20.739999771118164,19.671201705932614,58500.0,JBT
2013-04-30,15.15999984741211,15.289999961853027,15.0600004196167,15.1899995803833,6.697940349578857,47900.0,JCE
2013-04-30,33.74869155883789,34.0,33.50785446166992,33.633506774902344,23.55903434753418,4839800.0,JCI
2013-04-30,40.52000045776367,41.18999862670898,40.22999954223633,40.70000076293945,35.8958854675293,1484800.0,JCOM
2013-04-30,17.149999618530273,17.430000305175778,16.360000610351562,16.420000076293945,16.420000076293945,16821700.0,JCP
2013-04-30,9.84000015258789,9.880000114440918,9.75,9.81999969482422,7.061420917510986,2800.0,JCS
2013-04-30,4.5,4.5,4.497499942779541,4.497499942779541,4.497499942779541,2000.0,JCTCF
2013-04-30,13.699999809265135,13.789999961853027,13.65999984741211,13.710000038146973,7.183718681335449,44300.0,JDD
2013-04-30,6.639999866485597,6.739999771118164,6.559999942779541,6.71999979019165,3.8529338836669917,489200.0,JE
2013-04-30,28.56741523742676,28.92322158813477,28.183521270751953,28.92322158813477,25.8043270111084,2130800.0,JEF
2013-04-30,6.630000114440918,6.710000038146973,6.579999923706055,6.6599998474121085,4.962882995605469,34100.0,JEQ
2013-04-30,13.199999809265135,13.220000267028807,13.050000190734865,13.0600004196167,8.068804740905763,317400.0,JFR
2013-04-30,0.479999989271164,0.479999989271164,0.479999989271164,0.479999989271164,0.479999989271164,0.0,JG
2013-04-30,22.440000534057614,22.63999938964844,22.34000015258789,22.450000762939453,12.787019729614258,15100.0,JHI
2013-04-30,16.829999923706055,16.950000762939453,16.780000686645508,16.930000305175778,11.2532377243042,23800.0,JHS
2013-04-30,10.508000373840332,10.64799976348877,10.416000366210938,10.489999771118164,5.336434841156006,36000.0,JHX
2013-04-30,52.97000122070313,53.20000076293945,52.95000076293945,53.099998474121094,53.099998474121094,7400.0,JJA
2013-04-30,39.52000045776367,39.54999923706055,39.27999877929688,39.43000030517578,39.43000030517578,43400.0,JJC
2013-04-30,18.1299991607666,18.1299991607666,18.0,18.010000228881836,18.010000228881836,6900.0,JJE
2013-04-30,51.18000030517578,51.20000076293945,50.599998474121094,50.93999862670898,50.93999862670898,24300.0,JJG
2013-04-30,30.1299991607666,30.1299991607666,30.01000022888184,30.020000457763672,30.020000457763672,2600.0,JJM
2013-04-30,21.07999992370605,21.07999992370605,21.07999992370605,21.07999992370605,21.07999992370605,200.0,JJN
2013-04-30,75.4000015258789,75.5999984741211,75.13999938964844,75.38999938964844,75.38999938964844,2900.0,JJP
2013-04-30,49.83000183105469,50.38000106811523,49.83000183105469,50.38000106811523,50.38000106811523,600.0,JJS
2013-04-30,74.2300033569336,75.43000030517578,74.06999969482422,75.0199966430664,68.56707763671875,37600.0,JJSF
2013-04-30,46.06000137329102,46.36999893188477,45.6500015258789,45.93999862670898,45.93999862670898,5300.0,JJT
2013-04-30,22.149999618530273,22.149999618530273,20.96999931335449,21.5,21.5,3700.0,JJU
2013-04-30,45.0099983215332,46.41999816894531,44.900001525878906,46.4000015258789,42.33504104614258,562100.0,JKHY
2013-04-30,7.449999809265138,7.699999809265138,6.8499999046325675,7.050000190734862,7.050000190734862,636900.0,JKS
2013-04-30,97.48999786376952,99.0199966430664,97.0999984741211,99.0199966430664,95.24012756347656,325900.0,JLL
2013-04-30,28.85000038146973,29.170000076293945,28.79999923706055,29.07999992370605,16.130592346191403,36000.0,JLS
2013-04-30,20.65999984741211,20.75,20.5,20.729999542236328,10.925562858581543,146400.0,JMF
2013-04-30,8.659999847412111,8.689999580383299,8.649999618530272,8.649999618530272,5.758177280426025,5900.0,JMM
2013-04-30,6.4099998474121085,6.559999942779541,6.320000171661378,6.460000038146973,4.495934963226318,20800.0,JMP
2013-04-30,85.38999938964844,85.69999694824219,84.88999938964844,85.2300033569336,70.27437591552734,12099600.0,JNJ
2013-04-30,16.059999465942386,16.850000381469727,16.010000228881836,16.549999237060547,14.6815185546875,11548400.0,JNPR
2013-04-30,28.71999931335449,29.1299991607666,28.71999931335449,29.07999992370605,29.07999992370605,36400.0,JO
2013-04-30,3.0,3.0,3.0,3.0,3.0,100.0,JOB
2013-04-30,28.70000076293945,29.059999465942386,28.625,28.79999923706055,28.79999923706055,76200.0,JOBS
2013-04-30,19.459999084472656,19.65999984741211,19.270000457763672,19.56999969482422,19.56999969482422,164200.0,JOE
2013-04-30,9.010000228881836,9.050000190734863,9.0,9.029999732971193,4.838538646697998,157800.0,JOF
2013-04-30,23.04999923706055,23.459999084472656,22.88999938964844,23.459999084472656,21.984527587890625,9400.0,JOUT
2013-04-30,10.470000267028807,10.510000228881836,10.449999809265137,10.510000228881836,6.051430702209473,239600.0,JPC
2013-04-30,25.690000534057614,25.79999923706055,25.65999984741211,25.729999542236328,14.573091506958008,43700.0,JPI
2013-04-30,48.959999084472656,49.25,48.72000122070313,49.0099983215332,40.73281478881836,13802600.0,JPM
2013-04-30,9.640000343322754,9.699999809265137,9.630000114440918,9.699999809265137,5.71458625793457,173000.0,JPS
2013-04-30,10.600000381469727,10.630000114440918,10.56999969482422,10.619999885559082,5.876444339752197,364300.0,JQC
2013-04-30,20.450000762939453,20.459999084472656,20.18000030517578,20.459999084472656,9.944173812866213,50100.0,JRI
2013-04-30,13.399999618530273,14.5,13.399999618530273,13.600000381469727,13.600000381469727,4500.0,JRJC
2013-04-30,13.3100004196167,13.3100004196167,13.25,13.3100004196167,8.110258102416992,154600.0,JRO
2013-04-30,12.739999771118164,13.0,12.68000030517578,12.989999771118164,7.151359558105469,64800.0,JRS
2013-04-30,20.81999969482422,21.1200008392334,20.780000686645508,20.96999931335449,12.252541542053224,43600.0,JSD
2013-04-30,24.88999938964844,24.95000076293945,24.65999984741211,24.709999084472656,15.13043212890625,40300.0,JSM
2013-04-30,12.039999961853027,12.220000267028807,12.039999961853027,12.18000030517578,6.848736763000487,37300.0,JTA
2013-04-30,15.289999961853027,15.380000114440918,15.260000228881836,15.31999969482422,8.729942321777344,58900.0,JTD
2013-04-30,6.760000228881836,6.8499999046325675,6.730000019073486,6.78000020980835,6.78000020980835,52400.0,JVA
2013-04-30,56.45000076293945,56.63000106811523,56.02999877929688,56.59000015258789,43.1326904296875,1021500.0,JWN
2013-04-30,65.45999908447266,65.47000122070311,64.86000061035156,65.04000091552734,52.211219787597656,2425200.0,K
2013-04-30,27.40999984741211,27.920000076293945,26.81999969482422,27.670000076293945,25.36845779418945,65000.0,KAI
2013-04-30,63.0,63.25,61.88000106811523,63.0,54.12771606445313,125400.0,KALU
2013-04-30,34.549999237060554,34.549999237060554,32.880001068115234,33.790000915527344,30.29081916809082,151000.0,KAMN
2013-04-30,8.349735260009767,8.470855712890625,8.300529479980469,8.467070579528809,5.073158264160156,1218400.0,KAR
2013-04-30,32.09999847412109,32.84999847412109,32.09999847412109,32.799999237060554,28.71080780029297,156500.0,KB
2013-04-30,7.3848557472229,7.431694030761719,7.150663375854492,7.1740827560424805,6.290709972381593,177400.0,KBAL
2013-04-30,22.75,23.1299991607666,22.25,22.540000915527344,21.595294952392575,3460800.0,KBH
2013-04-30,30.06999969482422,30.270000457763672,29.76000022888184,30.07999992370605,26.71294403076172,2019400.0,KBR
2013-04-30,146.6999969482422,146.6999969482422,146.6999969482422,146.6999969482422,146.6999969482422,0.0,KBSF
2013-04-30,48.0099983215332,48.86000061035156,47.79999923706055,48.83000183105469,6.601763725280763,1726400.0,KDP
2013-04-30,17.040000915527347,17.079999923706055,16.870000839233402,17.020000457763672,15.607048988342285,190300.0,KELYA
2013-04-30,21.190000534057614,21.190000534057614,21.190000534057614,21.190000534057614,19.42021369934082,0.0,KELYB
2013-04-30,5.949999809265138,6.420000076293945,5.940000057220459,6.230000019073486,6.163874626159668,331700.0,KEM
2013-04-30,14.31999969482422,14.329999923706055,14.220000267028807,14.31999969482422,12.364080429077148,647600.0,KEP
2013-04-30,13.149999618530273,13.149999618530273,13.050000190734865,13.050000190734865,10.8744535446167,1600.0,KEQU
2013-04-30,75.33000183105469,75.33000183105469,73.52999877929688,74.88999938964844,74.88999938964844,387500.0,KEX
2013-04-30,9.84000015258789,10.0,9.789999961853027,9.970000267028807,8.23595142364502,13377400.0,KEY
2013-04-30,38.310001373291016,38.47000122070313,38.11000061035156,38.459999084472656,25.49374771118164,35800.0,KF
2013-04-30,7.949999809265138,7.949999809265138,7.949999809265138,7.949999809265138,5.7749061584472665,300.0,KFFB
2013-04-30,14.949999809265135,15.40999984741211,14.779999732971193,15.119999885559082,13.217761993408205,254300.0,KFRC
2013-04-30,3.740000009536743,3.740000009536743,3.7000000476837163,3.7000000476837163,3.7000000476837163,1900.0,KFS
2013-04-30,16.489999771118164,16.680000305175778,16.389999389648438,16.549999237060547,15.574850082397461,137400.0,KFY
2013-04-30,5.360000133514403,5.440000057220459,5.239999771118164,5.440000057220459,5.440000057220459,21994600.0,KGC
2013-04-30,1.2200000286102295,1.2599999904632568,1.2200000286102295,1.2599999904632568,1.1818604469299316,38200.0,KGJI
2013-04-30,23.459999084472656,23.78000068664551,23.35000038146973,23.78000068664551,15.844465255737305,2686700.0,KIM
2013-04-30,5.150000095367432,5.199999809265137,5.150000095367432,5.199999809265137,4.331340789794922,800.0,KINS
2013-04-30,1.0,1.0,1.0,1.0,0.9902980923652648,1000.0,KIQ
2013-04-30,11.920000076293945,12.0600004196167,11.800000190734865,12.0600004196167,11.383233070373535,37900.0,KIRK
2013-04-30,21.09000015258789,21.290000915527344,20.979999542236328,21.0,15.028706550598145,3046800.0,KKR
2013-04-30,3.359999895095825,3.4100000858306885,3.0999999046325684,3.380000114440918,3.321693658828736,352756.0,KL
2013-04-30,53.1500015258789,54.5,53.02000045776367,54.25,35.91850662231445,4325000.0,KLAC
2013-04-30,11.100000381469727,11.970000267028807,11.020000457763672,11.5600004196167,11.07827854156494,1891000.0,KLIC
2013-04-30,0.004999999888241291,0.004999999888241291,0.004999999888241291,0.004999999888241291,0.004999999888241291,0.0,KLR
2013-04-30,98.74401092529295,99.0604019165039,98.31256103515624,98.93576049804688,79.05634307861328,1825400.0,KMB
2013-04-30,34.77000045776367,35.20000076293945,34.75,35.18000030517578,19.012771606445312,44200.0,KMF
2013-04-30,39.0,39.11000061035156,38.58000183105469,39.099998474121094,29.60642242431641,3119900.0,KMI
2013-04-30,31.440000534057614,31.93000030517578,31.32999992370605,31.86000061035156,27.03550720214844,131300.0,KMPR
2013-04-30,39.56999969482422,40.02000045776367,38.86999893188477,39.9900016784668,34.16259765625,786700.0,KMT
2013-04-30,45.959999084472656,46.84000015258789,45.75,46.040000915527344,46.040000915527344,3731700.0,KMX
2013-04-30,4.25,4.309999942779541,4.150000095367432,4.230000019073486,4.230000019073486,165300.0,KNDI
2013-04-30,15.539999961853027,15.600000381469727,15.359999656677244,15.5600004196167,12.73156452178955,159000.0,KNL
2013-04-30,22.32999992370605,22.54999923706055,22.299999237060547,22.399999618530273,11.780935287475586,177700.0,KNOP
2013-04-30,15.640000343322756,15.699999809265135,15.529999732971193,15.619999885559082,14.713966369628904,460000.0,KNX
2013-04-30,42.150001525878906,42.38999938964844,41.88000106811523,42.33000183105469,33.89060592651367,13432200.0,KO
2013-04-30,161.58999633789062,161.97999572753906,158.7100067138672,161.3699951171875,135.50831604003906,107900.0,KOF
2013-04-30,43.58000183105469,44.02999877929688,43.16999816894531,43.90999984741211,41.93329620361328,111900.0,KOP
2013-04-30,3.25,3.3399999141693115,3.240000009536743,3.309999942779541,3.309999942779541,151600.0,KOPN
2013-04-30,11.0,11.0,10.880000114440918,10.989999771118164,10.491255760192873,388800.0,KOS
2013-04-30,4.889999866485597,4.889999866485597,4.800000190734863,4.8400001525878915,4.553720474243164,1300.0,KOSS
2013-04-30,17.209999084472653,17.235000610351562,17.049999237060547,17.190000534057614,14.813064575195312,5286800.0,KR
2013-04-30,22.979999542236328,23.18000030517578,22.53000068664551,22.709999084472656,22.709999084472656,210900.0,KRA
2013-04-30,55.54999923706055,56.59000015258789,55.38999938964844,56.59000015258789,47.85606002807617,640600.0,KRC
2013-04-30,26.28000068664551,26.559999465942386,26.239999771118164,26.399999618530273,17.838342666625977,543300.0,KRG
2013-04-30,7.1935672760009775,7.222544193267822,7.077658653259277,7.135612964630128,6.623217582702638,28400.0,KRNY
2013-04-30,16.690000534057614,17.729999542236328,16.680000305175778,17.68000030517578,12.329376220703125,389800.0,KRO
2013-04-30,15.59000015258789,15.609999656677244,15.550000190734865,15.609999656677244,10.313349723815918,24500.0,KSM
2013-04-30,47.36999893188477,47.41999816894531,46.81000137329102,47.06000137329102,34.472583770751946,2220700.0,KSS
2013-04-30,107.73999786376952,109.06999969482422,106.62000274658205,109.06999969482422,99.98626708984376,1003700.0,KSU
2013-04-30,16.309999465942386,16.350000381469727,16.190000534057614,16.260000228881836,14.735922813415527,425300.0,KT
2013-04-30,6000.0,6000.0,6000.0,6000.0,5723.05322265625,0.0,KTB
2013-04-30,11.350000381469727,11.350000381469727,11.15999984741211,11.300000190734865,11.300000190734865,48200.0,KTCC
2013-04-30,14.869999885559082,14.920000076293945,14.81999969482422,14.899999618530273,9.912070274353027,41800.0,KTF
2013-04-30,31.290000915527344,31.290000915527344,31.290000915527344,31.290000915527344,20.845401763916016,100.0,KTH
2013-04-30,30.520000457763672,30.809999465942386,30.520000457763672,30.809999465942386,19.498119354248047,900.0,KTN
2013-04-30,5.21999979019165,5.21999979019165,5.079999923706055,5.0900001525878915,5.0900001525878915,238900.0,KTOS
2013-04-30,20.1200008392334,20.700000762939453,19.81999969482422,20.31999969482422,8.802779197692871,37200.0,KTP
2013-04-30,13.18000030517578,13.359999656677244,13.140000343322756,13.210000038146973,13.210000038146973,13600.0,KVHI
2013-04-30,16.430000305175778,16.629999160766598,16.389999389648438,16.629999160766598,13.474976539611815,130100.0,KW
2013-04-30,60.34000015258789,62.86000061035156,59.68999862670898,61.72000122070313,56.75369262695313,86200.0,KWR
2013-04-30,35.310001373291016,35.38999938964844,35.110000610351555,35.36999893188477,18.70653533935547,221700.0,KYN
2013-04-30,19.479999542236328,19.479999542236328,19.0,19.1200008392334,19.1200008392334,11800.0,KZIA
2013-04-30,44.52000045776367,44.70000076293945,44.38999938964844,44.66999816894531,42.96353149414063,1049600.0,L
2013-04-30,0.75,0.75,0.699999988079071,0.75,0.75,10900.0,LAC
2013-04-30,49.38000106811523,49.9900016784668,48.84000015258789,49.52000045776367,46.06022644042969,197700.0,LAD
2013-04-30,3.9700000286102295,3.9700000286102295,3.9700000286102295,3.9700000286102295,3.9700000286102295,200.0,LAKE
2013-04-30,46.79999923706055,47.02999877929688,46.38999938964844,46.81999969482422,34.40645217895508,662000.0,LAMR
2013-04-30,78.43000030517578,78.93000030517578,77.69999694824219,78.93000030517578,66.16551208496094,65800.0,LANC
2013-04-30,16.110000610351562,16.600000381469727,15.859999656677244,16.5,11.934292793273926,24500.0,LAND
2013-04-30,17.268524169921875,17.268524169921875,17.112211227416992,17.120437622070312,13.34772777557373,1700.0,LARK
2013-04-30,14.789999961853027,14.789999961853027,13.899999618530273,14.149999618530273,14.149999618530273,17200.0,LAWS
2013-04-30,33.0,33.90999984741211,32.86999893188477,33.900001525878906,26.377948760986328,628500.0,LAZ
2013-04-30,50.099998474121094,50.40999984741211,49.59000015258789,50.40999984741211,38.005714416503906,2157400.0,LB
2013-04-30,9.104762077331543,9.15238094329834,9.057143211364746,9.104762077331543,7.5418829917907715,210800.0,LBAI
2013-04-30,0.1599999964237213,0.1599999964237213,0.1599999964237213,0.1599999964237213,0.1530388742685318,0.0,LBC
2013-04-30,37.4093017578125,37.56259536743164,36.867652893066406,36.980072021484375,36.980072021484375,6890900.0,LBTYA
2013-04-30,37.66427230834961,37.66427230834961,37.66427230834961,37.66427230834961,37.66427230834961,0.0,LBTYB
2013-04-30,34.200000762939446,34.200000762939446,33.55500030517578,33.825000762939446,33.825000762939446,2372400.0,LBTYK
2013-04-30,19.32999992370605,19.420000076293945,19.030000686645508,19.3700008392334,17.323423385620114,102700.0,LBY
2013-04-30,11.390000343322756,11.75,11.190999984741213,11.609999656677244,11.609999656677244,171000.0,LCI
2013-04-30,35.77000045776367,36.29999923706055,35.630001068115234,36.099998474121094,30.49671936035156,87600.0,LCII
2013-04-30,17.889999389648438,17.969999313354492,17.760000228881836,17.969999313354492,13.713740348815918,5000.0,LCNB
2013-04-30,3.7799999713897705,3.7799999713897705,3.559999942779541,3.619999885559082,3.619999885559082,125800.0,LCTX
2013-04-30,13.550000190734865,13.550000190734865,13.300000190734865,13.5,12.353568077087402,43900.0,LCUT
2013-04-30,47.38999938964844,47.43000030517578,47.209999084472656,47.43000030517578,47.43000030517578,1100.0,LD
2013-04-30,14.529999732971193,14.65999984741211,14.210000038146973,14.34000015258789,14.34000015258789,67000.0,LDL
2013-04-30,36.69135665893555,36.91358184814453,36.44444274902344,36.88888931274414,21.36222076416016,1449900.0,LDOS
2013-04-30,26.690000534057614,26.78000068664551,26.489999771118164,26.56999969482422,15.304527282714846,77000.0,LDP
2013-04-30,57.45000076293945,57.91999816894531,57.0,57.77999877929688,52.48707962036133,1489600.0,LEA
2013-04-30,17.30158805847168,17.321428298950195,17.103174209594727,17.182538986206055,17.182538986206055,81300.0,LEAF
2013-04-30,52.7400016784668,52.81999969482422,52.0099983215332,52.7599983215332,46.13093566894531,483400.0,LECO
2013-04-30,22.5,24.399999618530273,20.0,20.200000762939453,20.200000762939453,320500.0,LEDS
2013-04-30,1.3799999952316284,1.4600000381469729,1.3799999952316284,1.440000057220459,1.440000057220459,560000.0,LEE
2013-04-30,32.290000915527344,32.389999389648445,32.02000045776367,32.240001678466804,25.565710067749023,1372300.0,LEG
2013-04-30,40.59980392456055,40.94395446777344,39.79351043701172,40.53097534179688,39.53484344482422,5029300.0,LEN
2013-04-30,9.520000457763672,9.520000457763672,9.4399995803833,9.479999542236328,6.204690456390381,101600.0,LEO
2013-04-30,90.65933990478516,90.65933990478516,85.16483306884766,87.9120864868164,87.9120864868164,1700.0,LEU
2013-04-30,13.673333168029785,13.896666526794435,13.66333293914795,13.893333435058596,12.272809028625488,552600.0,LFC
2013-04-30,68.87999725341797,70.26000213623047,68.44000244140625,69.81999969482422,65.20529174804689,105800.0,LFUS
2013-04-30,16.030000686645508,16.100000381469727,15.75,15.960000038146973,15.960000038146973,35500.0,LFVN
2013-04-30,17.139999389648438,17.139999389648438,17.049999237060547,17.120000839233402,9.54633617401123,37600.0,LGI
2013-04-30,3.0530164241790767,3.1870810985565186,3.0530164241790767,3.16879940032959,3.16879940032959,4900.0,LGL
2013-04-30,27.65999984741211,28.489999771118164,27.059999465942386,27.31999969482422,27.31999969482422,71800.0,LGND
2013-04-30,93.58000183105469,93.6500015258789,92.5199966430664,93.36000061035156,93.36000061035156,669700.0,LH
2013-04-30,21.75,22.0,21.690000534057614,21.71999931335449,21.71999931335449,33600.0,LHCG
2013-04-30,44.9900016784668,46.5099983215332,43.95000076293945,46.20000076293945,39.83645629882813,1602600.0,LHX
2013-04-30,62.38000106811523,62.68999862670898,61.43999862670898,62.0,56.97862243652344,698700.0,LII
2013-04-30,114.08000183105469,114.66999816894531,113.68000030517578,114.3000030517578,97.9509506225586,1842000.0,LIN
2013-04-30,5.639999866485597,5.760000228881836,5.53000020980835,5.570000171661377,5.107095718383789,58900.0,LINC
2013-04-30,12.600000381469727,12.600000381469727,12.039999961853027,12.520000457763672,12.520000457763672,6700.0,LIQT
2013-04-30,5.980000019073486,6.260000228881836,5.980000019073486,6.0,6.0,13300.0,LIVE
2013-04-30,3.5,4.5,3.5,3.5,3.5,1400.0,LJPC
2013-04-30,17.84666633605957,17.873332977294922,17.706666946411133,17.866666793823242,15.374662399291992,49600.0,LKFN
2013-04-30,23.520000457763672,24.10000038146973,23.28000068664551,24.07999992370605,24.07999992370605,2485700.0,LKQ
2013-04-30,81.91000366210938,82.75,81.69999694824219,81.95999908447266,81.95999908447266,647900.0,LL
2013-04-30,15.600000381469727,16.799999237060547,15.199999809265135,15.399999618530273,15.399999618530273,0.0,LLEX
2013-04-30,1.950000047683716,1.950000047683716,1.8999999761581419,1.8999999761581419,1.8999999761581419,5500.0,LLIT
2013-04-30,1.9099999666213991,1.940000057220459,1.8999999761581419,1.9299999475479128,1.9299999475479128,129900.0,LLNW
2013-04-30,55.9000015258789,55.9000015258789,55.15999984741211,55.38000106811523,45.44613647460938,4679000.0,LLY
2013-04-30,31.20000076293945,31.920000076293945,30.920000076293945,31.86000061035156,26.255962371826172,2074500.0,LM
2013-04-30,6.179999828338622,6.260000228881836,6.059999942779541,6.059999942779541,5.559401035308838,1700.0,LMAT
2013-04-30,0.15299999713897705,0.15299999713897705,0.15299999713897705,0.15299999713897705,0.15299999713897705,0.0,LMNL
2013-04-30,19.020000457763672,19.020000457763672,18.3700008392334,18.6299991607666,17.36317253112793,36300.0,LMNR
2013-04-30,18.059999465942386,18.059999465942386,16.600000381469727,16.629999160766598,16.008203506469727,199100.0,LMNX
2013-04-30,4.5,4.5,4.400000095367432,4.449999809265137,4.449999809265137,700.0,LMST
2013-04-30,98.5999984741211,99.1999969482422,98.33999633789062,99.08999633789062,80.34071350097656,1813500.0,LMT
2013-04-30,33.61999893188477,34.009998321533196,33.439998626708984,34.009998321533196,29.62677383422852,3137800.0,LNC
2013-04-30,5.179999828338623,5.179999828338623,5.179999828338623,5.179999828338623,3.790343761444092,100.0,LND
2013-04-30,13.779999732971193,13.84000015258789,13.270000457763672,13.40999984741211,13.40999984741211,102200.0,LNDC
2013-04-30,28.29999923706055,28.61000061035156,27.85000038146973,28.479999542236328,28.479999542236328,3652200.0,LNG
2013-04-30,77.23999786376953,77.47000122070312,76.69999694824219,76.81999969482422,70.08058929443361,219400.0,LNN
2013-04-30,26.38999938964844,26.76000022888184,26.29999923706055,26.7549991607666,21.445632934570312,1696600.0,LNT
2013-04-30,1.2699999809265137,1.2799999713897705,1.2100000381469729,1.2699999809265137,0.8089061975479126,7000.0,LOAN
2013-04-30,48.5,48.75,48.25,48.75,48.75,4600.0,LODE
2013-04-30,6.369999885559082,6.380000114440918,6.300000190734862,6.3499999046325675,5.22276782989502,369800.0,LOGI
2013-04-30,23.09000015258789,23.1200008392334,22.290000915527344,22.57999992370605,21.435043334960934,434200.0,LOGM
2013-04-30,7.5,7.5,7.5,7.5,7.5,0.0,LONE
2013-04-30,25.649999618530273,25.90999984741211,25.540000915527344,25.56999969482422,25.56999969482422,211600.0,LOPE
2013-04-30,61.54999923706055,62.2400016784668,61.13999938964844,61.52000045776367,61.52000045776367,47100.0,LORL
2013-04-30,6.820000171661378,6.989999771118164,6.739999771118164,6.820000171661378,6.820000171661378,137300.0,LOV
2013-04-30,38.18999862670898,38.58000183105469,38.060001373291016,38.41999816894531,34.129425048828125,5850700.0,LOW
2013-04-30,17.110000610351562,17.6299991607666,17.100000381469727,17.200000762939453,17.200000762939453,409600.0,LPI
2013-04-30,13.600000381469727,13.770000457763672,13.539999961853027,13.720000267028807,12.80466079711914,594300.0,LPL
2013-04-30,34.11999893188477,34.68000030517578,34.02000045776367,34.560001373291016,29.70916175842285,510500.0,LPLA
2013-04-30,12.760000228881836,12.869999885559082,12.670000076293945,12.81999969482422,12.81999969482422,194500.0,LPSN
2013-04-30,0.7300000190734863,0.75,0.7200000286102295,0.7200000286102295,0.7200000286102295,10300.0,LPTH
2013-04-30,18.21999931335449,18.280000686645508,17.829999923706055,18.1200008392334,17.326726913452152,1668800.0,LPX
2013-04-30,32.86999893188477,33.150001525878906,32.34999847412109,32.900001525878906,32.900001525878906,416900.0,LQDT
2013-04-30,45.56999969482422,46.38999938964844,45.40999984741211,46.22000122070313,41.92429733276367,3481100.0,LRCX
2013-04-30,25.26000022888184,25.540000915527344,24.920000076293945,25.46999931335449,25.46999931335449,256900.0,LRN
2013-04-30,11.5,11.5,11.5,11.5,9.737977981567383,0.0,LSBK
2013-04-30,4.699999809265137,4.769999980926514,4.519999980926514,4.650000095367432,4.650000095367432,1747200.0,LSCC
2013-04-30,66.98000335693361,68.61000061035156,66.84999847412111,68.59999847412111,52.47804260253906,233800.0,LSI
2013-04-30,54.08000183105469,54.65999984741211,53.540000915527344,54.63000106811523,50.2112922668457,455000.0,LSTR
2013-04-30,87.5999984741211,94.8000030517578,87.0,87.5999984741211,87.5999984741211,200.0,LTBR
2013-04-30,46.41999816894531,46.7599983215332,45.88000106811523,46.5,32.90578079223633,165600.0,LTC
2013-04-30,20.739999771118164,20.799999237060547,20.5,20.700000762939453,20.32980728149414,547900.0,LTM
2013-04-30,2.049999952316284,2.150000095367432,2.0199999809265137,2.0799999237060547,2.0799999237060547,11500.0,LTRX
2013-04-30,6.940000057220459,6.989999771118164,6.800000190734862,6.809999942779541,6.809999942779541,54500.0,LUB
2013-04-30,74.7300033569336,76.19999694824219,74.5,76.12999725341797,76.12999725341797,1539100.0,LULU
2013-04-30,1.1799999475479126,1.2899999618530271,1.1799999475479126,1.190000057220459,1.190000057220459,7900.0,LUNA
2013-04-30,13.550000190734865,13.770000457763672,13.479999542236328,13.699999809265135,12.811939239501953,6785000.0,LUV
2013-04-30,55.63000106811523,56.54999923706055,55.61999893188477,56.25,41.04090118408203,5054800.0,LVS
2013-04-30,12.050000190734865,12.68000030517578,12.050000190734865,12.68000030517578,12.620988845825195,19500.0,LWAY
2013-04-30,18.010000228881836,18.170000076293945,17.0,17.690000534057614,14.072399139404295,56600.0,LXFR
2013-04-30,12.630000114440918,12.8100004196167,12.56999969482422,12.8100004196167,8.045158386230469,1775800.0,LXP
2013-04-30,14.0,14.279999732971193,13.720000267028807,13.859999656677244,13.859999656677244,196400.0,LXRX
2013-04-30,32.5,32.790000915527344,32.330001831054695,32.65999984741211,32.65999984741211,136400.0,LXU
2013-04-30,61.43999862670898,61.4900016784668,60.47999954223633,60.70000076293945,46.4627571105957,3456000.0,LYB
2013-04-30,3.4100000858306885,3.4300000667572017,3.359999895095825,3.4300000667572017,2.7871618270874023,9104700.0,LYG
2013-04-30,7.0900001525878915,7.1500000953674325,7.010000228881836,7.039999961853027,5.7487144470214835,33400.0,LYTS
2013-04-30,12.729999542236328,12.829999923706055,12.609999656677244,12.630000114440918,12.630000114440918,871000.0,LYV
2013-04-30,17.799999237060547,18.11000061035156,17.610000610351562,18.059999465942386,16.36342430114746,349900.0,LZB
2013-04-30,44.91999816894531,45.09000015258789,44.27000045776367,44.599998474121094,32.18488311767578,3649300.0,M
2013-04-30,53.97900009155274,55.29299926757813,53.95700073242188,55.29299926757813,51.45256805419922,7987000.0,MA
2013-04-30,68.69999694824219,69.08000183105469,68.43000030517578,68.73000335693361,52.77728652954102,478600.0,MAA
2013-04-30,69.66000366210939,70.05000305175781,69.25,70.05000305175781,48.20263671875,1172900.0,MAC
2013-04-30,39.968528747558594,40.5192756652832,38.55232238769531,38.70967864990234,17.056404113769528,45500.0,MACK
2013-04-30,7.9099998474121085,7.96999979019165,7.480000019073486,7.559999942779541,7.559999942779541,77000.0,MAG
2013-04-30,4.0,4.1599998474121085,3.9800000190734863,3.9800000190734863,3.9800000190734863,26100.0,MAGS
2013-04-30,29.76000022888184,30.07999992370605,29.75,30.059999465942386,17.497194290161133,213600.0,MAIN
2013-04-30,52.709999084472656,53.15999984741211,52.47999954223633,53.15999984741211,46.67339324951172,642900.0,MAN
2013-04-30,17.40999984741211,17.645000457763672,17.344999313354492,17.552499771118164,17.552499771118164,376400.0,MANH
2013-04-30,26.10000038146973,26.70000076293945,26.059999465942386,26.690000534057614,22.72924613952637,125800.0,MANT
2013-04-30,17.670000076293945,18.09000015258789,17.670000076293945,17.979999542236328,17.131052017211914,22300.0,MANU
2013-04-30,41.79999923706055,43.13000106811523,41.79999923706055,43.060001373291016,39.13757705688477,3683900.0,MAR
2013-04-30,42.63999938964844,44.72000122070313,37.43999862670898,41.599998474121094,41.599998474121094,4600.0,MARA
2013-04-30,3.5999999046325684,3.740000009536743,3.25,3.490000009536743,3.490000009536743,32100.0,MARK
2013-04-30,14.520000457763672,14.520000457763672,14.449999809265135,14.449999809265135,7.749012470245361,1700.0,MARPS
2013-04-30,17.70650291442871,17.961336135864258,16.8717041015625,17.08260154724121,15.580918312072756,14354500.0,MAS
2013-04-30,19.739999771118164,20.06999969482422,19.56999969482422,20.059999465942386,20.059999465942386,292500.0,MASI
2013-04-30,44.7400016784668,45.72000122070313,44.54999923706055,45.65999984741211,36.70901107788086,3189900.0,MAT
2013-04-30,36.0,36.90999984741211,35.959999084472656,36.810001373291016,33.607620239257805,98400.0,MATW
2013-04-30,23.25,23.54999923706055,23.209999084472656,23.540000915527344,20.124866485595703,211800.0,MATX
2013-04-30,15.729999542236328,15.800000190734865,15.729999542236328,15.800000190734865,10.242366790771484,89800.0,MAV
2013-04-30,70.93000030517578,70.93000030517578,70.93000030517578,70.93000030517578,60.97991180419922,1400.0,MAXR
2013-04-30,22.200000762939453,22.200000762939453,22.200000762939453,22.200000762939453,22.200000762939453,0.0,MAYS
2013-04-30,14.0,14.0,14.0,14.0,11.209188461303713,0.0,MBCN
2013-04-30,9.369999885559082,9.710000038146973,8.970000267028809,9.460000038146973,9.460000038146973,9586000.0,MBI
2013-04-30,2867.39990234375,2867.39990234375,2737.800048828125,2737.800048828125,2737.800048828125,100.0,MBOT
2013-04-30,20.149999618530273,20.700000762939453,20.030000686645508,20.700000762939453,10.721593856811523,2386800.0,MBT
2013-04-30,16.709999084472653,16.780000686645508,16.510000228881836,16.709999084472653,12.187195777893065,7700.0,MBWM
2013-04-30,16.209999084472653,16.209999084472653,16.069999694824222,16.15999984741211,11.180502891540527,54000.0,MCA
2013-04-30,5.980000019073486,6.0,5.559999942779541,5.599999904632568,4.921518325805664,107800.0,MCBC
2013-04-30,15.5,15.699999809265135,15.390000343322756,15.579999923706055,6.294304370880128,757700.0,MCC
2013-04-30,102.2699966430664,102.36000061035156,101.55999755859376,102.13999938964844,82.67184448242188,4205200.0,MCD
2013-04-30,24.440000534057614,24.979999542236328,24.06999969482422,24.979999542236328,19.668508529663086,76500.0,MCEP
2013-04-30,37.77999877929688,38.18999862670898,37.2599983215332,37.61999893188477,37.61999893188477,91800.0,MCF
2013-04-30,35.91999816894531,36.41999816894531,35.75,36.41999816894531,30.699987411499023,1385300.0,MCHP
2013-04-30,4.079999923706056,4.190000057220459,4.0,4.130000114440918,3.449063777923584,94300.0,MCHX
2013-04-30,16.370000839233402,16.520000457763672,16.319999694824222,16.40999984741211,9.830435752868652,5000.0,MCI
2013-04-30,104.4499969482422,105.83000183105469,103.52999877929688,105.81999969482422,100.09356689453124,1486500.0,MCK
2013-04-30,8.039999961853027,8.060000419616701,8.020000457763674,8.050000190734862,4.107848644256592,44800.0,MCN
2013-04-30,59.83000183105469,61.5,59.5,60.849998474121094,55.58274459838867,3603000.0,MCO
2013-04-30,10.350000381469727,10.359999656677246,10.270000457763672,10.3100004196167,5.492325305938722,142300.0,MCR
2013-04-30,12.260000228881836,12.989999771118164,12.260000228881836,12.869999885559082,12.869999885559082,135700.0,MCRI
2013-04-30,12.65999984741211,12.84000015258789,12.65999984741211,12.84000015258789,11.20821762084961,66100.0,MCS
2013-04-30,25.20000076293945,25.29999923706055,25.10000038146973,25.239999771118164,17.549272537231445,6000.0,MCV
2013-04-30,44.43999862670898,45.709999084472656,44.41999816894531,45.709999084472656,32.598281860351555,548100.0,MCY
2013-04-30,44.07500076293945,44.55500030517578,43.9900016784668,44.3650016784668,44.3650016784668,704000.0,MD
2013-04-30,34.84259414672852,35.25925827026367,34.33333206176758,34.814815521240234,27.28255653381348,687000.0,MDC
2013-04-30,11.333333015441895,11.526666641235352,11.273333549499512,11.393333435058596,9.695638656616213,615000.0,MDCA
2013-04-30,350.0,360.1499938964844,338.79998779296875,358.75,358.75,16500.0,MDGL
2013-04-30,31.51000022888184,31.690000534057614,31.29999923706055,31.45000076293945,27.59687423706055,10107900.0,MDLZ
2013-04-30,39.08000183105469,39.13000106811523,38.22999954223633,38.81999969482422,28.81203842163086,308400.0,MDP
2013-04-30,13.65999984741211,13.84000015258789,13.529999732971193,13.84000015258789,13.84000015258789,1486000.0,MDRX
2013-04-30,46.65999984741211,46.77999877929688,46.16999816894531,46.68000030517578,40.35208511352539,4751000.0,MDT
2013-04-30,24.479999542236328,24.95000076293945,24.28000068664551,24.95000076293945,20.191394805908203,956700.0,MDU
2013-04-30,0.20000000298023224,0.20000000298023224,0.20000000298023224,0.20000000298023224,0.20000000298023224,0.0,MEC
2013-04-30,25.739999771118164,26.309999465942386,25.70000076293945,26.20000076293945,23.00979423522949,166600.0,MED
2013-04-30,2.0,2.0299999713897705,1.8999999761581419,1.9299999475479128,1.9299999475479128,60600.0,MEET
2013-04-30,14.359999656677244,14.539999961853027,14.170000076293945,14.380000114440918,13.299758911132812,249000.0,MEI
2013-04-30,8.920000076293945,8.960000038146973,8.699999809265138,8.920000076293945,8.920000076293945,11800.0,MEIP
2013-04-30,99.0500030517578,100.58999633789062,98.95999908447266,100.58999633789062,98.57180786132812,615300.0,MELI
2013-04-30,12.670000076293945,12.670000076293945,12.649999618530273,12.649999618530273,8.471615791320799,40300.0,MEN
2013-04-30,43.0099983215332,43.0099983215332,42.18000030517578,42.38000106811523,34.90009307861328,478300.0,MEOH
2013-04-30,6.289999961853027,6.369999885559082,6.110000133514403,6.289999961853027,5.037432670593262,127300.0,MERC
2013-04-30,30.270000457763672,30.479999542236328,30.270000457763672,30.479999542236328,30.479999542236328,1500.0,MESO
2013-04-30,34.821746826171875,34.9910888671875,34.509803771972656,34.75044631958008,27.42510032653809,6087500.0,MET
2013-04-30,9.329999923706056,9.350000381469727,9.15999984741211,9.270000457763672,3.9008083343505864,3511500.0,MFA
2013-04-30,14.579999923706055,14.81999969482422,14.350000381469727,14.779999732971193,10.812933921813963,2173800.0,MFC
2013-04-30,16.639999389648438,16.879999160766598,16.629999160766598,16.829999923706055,8.684581756591799,25800.0,MFD
2013-04-30,4.429999828338623,4.429999828338623,4.380000114440918,4.400000095367432,3.4593753814697266,7711900.0,MFG
2013-04-30,15.010000228881836,15.130000114440918,14.770000457763672,14.9399995803833,11.000568389892578,90400.0,MFIN
2013-04-30,15.619999885559082,15.68000030517578,15.600000381469727,15.609999656677244,10.531253814697266,95700.0,MFL
2013-04-30,7.679999828338622,7.78000020980835,7.6599998474121085,7.699999809265138,5.201254844665527,72500.0,MFM
2013-04-30,8.699999809265138,9.0,8.699999809265138,8.75,7.193084716796875,2200.0,MFNC
2013-04-30,26.53000068664551,26.6299991607666,26.489999771118164,26.489999771118164,16.944982528686527,2900.0,MFO
2013-04-30,16.079999923706055,16.200000762939453,16.0,16.069999694824222,13.940624237060547,9300.0,MFSF
2013-04-30,15.079999923706055,15.149999618530273,15.050000190734865,15.140000343322756,10.111288070678713,12000.0,MFT
2013-04-30,7.46999979019165,7.480000019073486,7.429999828338622,7.440000057220459,3.749123096466065,7900.0,MFV
2013-04-30,18.899999618530273,19.030000686645508,18.770000457763672,18.950000762939453,18.950000762939453,65000.0,MG
2013-04-30,30.03499984741211,30.270000457763672,29.920000076293945,30.084999084472656,24.53155899047852,1258400.0,MGA
2013-04-30,37.0,37.23333358764648,36.76666641235352,37.23333358764648,31.56529235839844,64200.0,MGEE
2013-04-30,6.639999866485597,6.6500000953674325,6.610000133514403,6.619999885559082,3.874964952468872,82000.0,MGF
2013-04-30,16.40999984741211,16.799999237060547,16.290000915527347,16.510000228881836,16.510000228881836,52300.0,MGI
2013-04-30,5.4099998474121085,5.449999809265137,5.28000020980835,5.4099998474121085,4.471808433532715,51700.0,MGIC
2013-04-30,51.04999923706055,51.45000076293945,50.0099983215332,51.15999984741211,51.15999984741211,224600.0,MGLN
2013-04-30,13.75,14.149999618530273,13.649999618530273,14.119999885559082,13.349567413330078,15314700.0,MGM
2013-04-30,4.849999904632568,4.920000076293945,4.710000038146973,4.900000095367432,4.621222972869873,11000.0,MGPI
2013-04-30,30.90999984741211,31.1299991607666,30.770000457763672,31.059999465942386,25.622224807739254,27300.0,MGRC
2013-04-30,21.8799991607666,22.18000030517578,21.8799991607666,22.18000030517578,13.66081714630127,51900.0,MGU
2013-04-30,5.059999942779541,5.059999942779541,5.050000190734863,5.050000190734863,5.050000190734863,500.0,MGYR
2013-04-30,18.18000030517578,18.21999931335449,18.149999618530273,18.200000762939453,12.083086013793945,26700.0,MHD
2013-04-30,14.979999542236328,14.989999771118164,14.770000457763672,14.989999771118164,10.777361869812012,2100.0,MHE
2013-04-30,7.869999885559082,7.889999866485597,7.829999923706055,7.829999923706055,5.736370086669923,24700.0,MHF
2013-04-30,2.9200000762939453,2.924000024795532,2.8959999084472656,2.9200000762939453,2.827653408050537,10400.0,MHH
2013-04-30,16.010000228881836,16.040000915527347,15.949999809265135,16.020000457763672,10.50492000579834,40300.0,MHI
2013-04-30,112.01000213623048,113.04000091552734,110.01000213623048,110.87999725341795,110.87999725341795,766400.0,MHK
2013-04-30,26.920000076293945,27.040000915527344,26.920000076293945,27.040000915527344,16.597463607788086,3800.0,MHLA
2013-04-30,10.270000457763672,10.359999656677246,10.130000114440918,10.329999923706056,7.922039031982423,272800.0,MHLD
2013-04-30,15.289999961853027,15.329999923706055,15.229999542236328,15.3100004196167,10.634170532226562,41700.0,MHN
2013-04-30,24.739999771118164,25.13999938964844,24.20000076293945,24.60000038146973,24.60000038146973,301000.0,MHO
2013-04-30,53.45000076293945,58.59000015258789,53.040000915527344,58.27999877929688,33.774253845214844,953800.0,MIC
2013-04-30,2.369999885559082,2.5999999046325684,2.3499999046325684,2.5299999713897705,2.5299999713897705,4400.0,MICR
2013-04-30,4.550000190734863,4.550000190734863,4.130000114440918,4.349999904632568,4.349999904632568,17600.0,MICT
2013-04-30,49.82666778564453,49.91333389282226,49.02666854858398,49.86000061035156,49.86000061035156,189900.0,MIDD
2013-04-30,20.0,20.059999465942386,20.0,20.01000022888184,10.60141372680664,60000.0,MIE
2013-04-30,6.5,6.510000228881836,6.460000038146973,6.46999979019165,3.419205665588379,244600.0,MIN
2013-04-30,14.850000381469727,14.960000038146973,14.729999542236328,14.850000381469727,14.850000381469727,41900.0,MIND
2013-04-30,28.459999084472656,28.459999084472656,27.84000015258789,28.1299991607666,23.82385444641113,252900.0,MINI
2013-04-30,5.300000190734863,5.599999904632568,5.21999979019165,5.320000171661377,5.320000171661377,1037500.0,MITK
2013-04-30,25.78000068664551,25.8700008392334,25.65999984741211,25.8700008392334,11.20811939239502,259400.0,MITT
2013-04-30,15.609999656677244,15.65999984741211,15.59000015258789,15.649999618530273,10.604928970336914,26900.0,MIY
2013-04-30,71.5,72.08000183105469,71.26000213623047,71.94000244140625,63.13787841796875,456400.0,MKC
2013-04-30,515.5,536.25,515.0,536.25,536.25,87900.0,MKL
2013-04-30,26.81999969482422,26.95000076293945,26.51000022888184,26.8700008392334,24.238811492919922,320900.0,MKSI
2013-04-30,41.97999954223633,42.47999954223633,41.290000915527344,42.31999969482422,39.88312911987305,391900.0,MKTX
2013-04-30,49.13000106811523,49.4000015258789,48.9000015258789,49.36000061035156,47.45856475830078,2200.0,MLAB
2013-04-30,24.399999618530273,24.93000030517578,24.020000457763672,24.61000061035156,19.61793327331543,3958200.0,MLCO
2013-04-30,24.989999771118164,25.28000068664551,24.70000076293945,25.09000015258789,21.796857833862305,454400.0,MLHR
2013-04-30,25.53499984741211,25.899999618530273,25.459999084472656,25.88999938964844,21.790584564208984,213800.0,MLI
2013-04-30,98.0,102.72000122070312,97.0,100.98999786376952,93.93518829345705,719600.0,MLM
2013-04-30,173.25,177.75,172.5,175.5,175.5,200.0,MLND
2013-04-30,51.2400016784668,51.88999938964844,50.5,50.97999954223633,50.97999954223633,784600.0,MLNX
2013-04-30,4.230000019073486,4.320000171661377,4.1599998474121085,4.320000171661377,4.320000171661377,7000.0,MLP
2013-04-30,33.72999954223633,33.830001831054695,33.720001220703125,33.830001831054695,22.01523208618164,2100.0,MLPG
2013-04-30,38.09000015258789,38.13999938964844,37.91999816894531,38.08000183105469,25.05061149597168,279600.0,MLPI
2013-04-30,18.1299991607666,18.170000076293945,18.07999992370605,18.170000076293945,9.94576930999756,11000.0,MLPY
2013-04-30,15.260000228881836,15.479999542236328,15.109999656677244,15.109999656677244,12.351418495178224,39400.0,MLR
2013-04-30,1.0499999523162842,1.0499999523162842,1.0499999523162842,1.0499999523162842,1.0499999523162842,8000.0,MLSS
2013-04-30,11.699999809265135,11.699999809265135,11.699999809265135,11.699999809265135,11.699999809265135,20400.0,MLVF
2013-04-30,5.9000000953674325,5.949999809265138,5.800000190734862,5.800000190734862,5.800000190734862,3100.0,MMAC
2013-04-30,37.54999923706055,38.02999877929688,37.45000076293945,38.0099983215332,32.834095001220696,2492000.0,MMC
2013-04-30,19.989999771118164,20.0,19.8799991607666,20.0,13.021584510803224,41400.0,MMD
2013-04-30,41.20000076293945,41.88999938964844,41.13999938964844,41.52000045776367,18.21596336364746,78700.0,MMLP
2013-04-30,103.9800033569336,104.73999786376952,102.97000122070312,104.70999908447266,87.10896301269531,3768800.0,MMM
2013-04-30,53.0,53.47000122070313,52.63999938964844,53.02999877929688,37.90043258666992,560800.0,MMP
2013-04-30,39.5,39.9900016784668,39.415000915527344,39.84500122070313,38.12716674804688,186200.0,MMS
2013-04-30,9.6899995803833,9.770000457763672,9.529999732971193,9.670000076293944,9.670000076293944,474300.0,MMSI
2013-04-30,7.5900001525878915,7.639999866485597,7.579999923706055,7.639999866485597,4.173790454864502,406700.0,MMT
2013-04-30,14.699999809265135,14.770000457763672,14.65999984741211,14.770000457763672,10.101436614990234,55100.0,MMU
2013-04-30,12.850000381469727,12.850000381469727,12.75,12.84000015258789,12.84000015258789,3000.0,MMYT
2013-04-30,17.370000839233402,17.700000762939453,17.229999542236328,17.510000228881836,10.804850578308104,138400.0,MN
2013-04-30,1.9099999666213991,1.9600000381469729,1.8999999761581419,1.9600000381469729,0.8959522843360901,47700.0,MNDO
2013-04-30,15.649999618530273,15.649999618530273,15.630000114440918,15.649999618530273,11.481569290161133,5500.0,MNE
2013-04-30,19.600000381469727,19.850000381469727,19.100000381469727,19.75,19.75,479000.0,MNKD
2013-04-30,2.809999942779541,3.150000095367432,2.809999942779541,3.150000095367432,3.150000095367432,164100.0,MNOV
2013-04-30,16.670000076293945,16.670000076293945,16.579999923706055,16.620000839233402,11.516286849975586,9000.0,MNP
2013-04-30,10.600000381469727,10.649999618530273,10.5600004196167,10.640000343322754,7.199403285980225,78000.0,MNR
2013-04-30,41.099998474121094,41.459999084472656,40.900001525878906,41.36000061035156,38.27718734741211,324500.0,MNRO
2013-04-30,6.809523582458496,6.809523582458496,6.809523582458496,6.809523582458496,6.809523582458496,0.0,MNSB
2013-04-30,18.793333053588867,18.946666717529297,18.483333587646484,18.799999237060547,18.799999237060547,3831600.0,MNST
2013-04-30,12.770000457763672,12.869999885559082,12.239999771118164,12.31999969482422,12.31999969482422,347100.0,MNTA
2013-04-30,10.15999984741211,10.229999542236328,10.039999961853027,10.130000114440918,10.130000114440918,87500.0,MNTX
2013-04-30,36.560001373291016,36.59000015258789,36.27999877929688,36.5099983215332,25.919034957885746,12343500.0,MO
2013-04-30,9.140000343322754,9.1899995803833,9.079999923706056,9.140000343322754,9.140000343322754,97800.0,MOD
2013-04-30,19.88999938964844,20.149999618530273,19.440000534057614,19.780000686645508,19.780000686645508,106400.0,MODN
2013-04-30,23.88999938964844,24.0,23.70000076293945,23.899999618530273,20.190034866333008,45600.0,MOFG
2013-04-30,33.139999389648445,33.40999984741211,32.810001373291016,33.200000762939446,33.200000762939446,344700.0,MOH
2013-04-30,0.30000001192092896,0.30000001192092896,0.30000001192092896,0.30000001192092896,0.295426607131958,0.0,MOMO
2013-04-30,65.62999725341797,66.22000122070311,65.05000305175781,66.01000213623047,61.48095703125,41500.0,MORN
2013-04-30,61.61999893188477,61.93999862670898,61.06000137329102,61.59000015258789,53.680747985839844,2131300.0,MOS
2013-04-30,886.0,920.0,880.0,904.0,904.0,400.0,MOSY
2013-04-30,30.20000076293945,30.729999542236328,30.020000457763672,30.239999771118164,26.66659545898437,145900.0,MOV
2013-04-30,15.75,15.81999969482422,15.739999771118164,15.789999961853027,10.84228801727295,8100.0,MPA
2013-04-30,6.119999885559082,6.429999828338622,5.96999979019165,5.980000019073486,5.980000019073486,34800.0,MPAA
2013-04-30,10.739999771118164,11.0600004196167,10.59000015258789,10.649999618530273,8.908199310302734,4600.0,MPB
2013-04-30,39.96500015258789,40.81499862670898,38.42499923706055,39.18000030517578,30.726659774780273,13876000.0,MPC
2013-04-30,39.0,39.2400016784668,37.650001525878906,38.27000045776367,25.927865982055664,166100.0,MPLX
2013-04-30,14.329999923706055,14.43000030517578,14.300000190734865,14.420000076293945,8.634522438049316,8100.0,MPV
2013-04-30,15.920000076293945,16.100000381469727,15.8100004196167,16.09000015258789,10.19668960571289,1165400.0,MPW
2013-04-30,24.20000076293945,24.5,23.86000061035156,24.1200008392334,22.541763305664066,592600.0,MPWR
2013-04-30,7.139999866485597,7.25,7.139999866485597,7.230000019073486,6.100856304168701,8200.0,MPX
2013-04-30,14.40999984741211,14.43000030517578,14.3100004196167,14.40999984741211,9.720890045166016,36300.0,MQT
2013-04-30,16.860000610351562,16.940000534057614,16.819999694824222,16.940000534057614,11.45655345916748,64400.0,MQY
2013-04-30,29.95000076293945,30.149999618530273,29.709999084472656,29.95000076293945,29.95000076293945,509200.0,MRC
2013-04-30,15.100000381469727,15.270000457763672,15.100000381469727,15.24899959564209,7.299029350280763,5100.0,MRCC
2013-04-30,7.710000038146973,7.8499999046325675,7.679999828338622,7.730000019073486,7.437160968780518,162200.0,MRCY
2013-04-30,100.66000366210938,103.25,98.7699966430664,102.9000015258789,102.9000015258789,12400.0,MRIN
2013-04-30,47.75,47.84000015258789,47.0,47.0,37.81955337524414,19744700.0,MRK
2013-04-30,36.0,48.0,36.0,48.0,48.0,1600.0,MRKR
2013-04-30,23.690000534057614,24.459999084472656,23.690000534057614,24.229999542236328,16.610197067260742,31700.0,MRLN
2013-04-30,42.29249954223633,43.61479949951172,40.60369873046875,43.11180114746094,43.11180114746094,4174.0,MRNS
2013-04-30,32.560001373291016,32.779998779296875,32.290000915527344,32.669998168945305,28.66999244689941,4788400.0,MRO
2013-04-30,8.184000015258789,8.227999687194824,8.092000007629395,8.14799976348877,7.6009273529052725,288000.0,MRTN
2013-04-30,10.630000114440918,10.789999961853027,10.5600004196167,10.760000228881836,9.60961627960205,6631800.0,MRVL
2013-04-30,22.21999931335449,22.43000030517578,22.059999465942386,22.149999618530273,19.441669464111328,14015800.0,MS
2013-04-30,47.47999954223633,48.0,47.38999938964844,48.0,41.13201141357422,160400.0,MSA
2013-04-30,21.030000686645508,21.5,20.81999969482422,21.399999618530273,11.846928596496582,44400.0,MSB
2013-04-30,7.010000228881836,7.010000228881836,7.010000228881836,7.010000228881836,6.325011730194093,0.0,MSBF
2013-04-30,33.389999389648445,34.09999847412109,33.389999389648445,34.09999847412109,31.8532657623291,631200.0,MSCI
2013-04-30,12.050000190734865,12.09000015258789,11.970000267028807,12.029999732971193,7.491073131561278,30700.0,MSD
2013-04-30,19.26000022888184,19.6200008392334,19.190000534057614,19.61000061035156,16.166450500488278,74100.0,MSEX
2013-04-30,32.560001373291016,33.110000610351555,32.279998779296875,33.09999847412109,28.22962951660156,75165200.0,MSFT
2013-04-30,17.548368453979492,18.295042037963867,17.52418327331543,18.219467163085934,18.219467163085934,2902400.0,MSGN
2013-04-30,57.4000015258789,57.40999984741211,56.54999923706055,57.20000076293945,49.77991104125977,2716800.0,MSI
2013-04-30,78.58999633789062,79.13999938964844,77.83999633789062,78.80000305175781,62.11798858642578,467900.0,MSM
2013-04-30,1.6299999952316284,1.6599999666213991,1.5800000429153442,1.6299999952316284,0.7385937571525574,135500.0,MSN
2013-04-30,5.8499999046325675,6.050000190734862,5.639999866485597,5.71999979019165,5.71999979019165,25800.0,MSON
2013-04-30,91.9499969482422,92.08999633789062,86.3499984741211,90.19000244140624,90.19000244140624,457400.0,MSTR
2013-04-30,6.6069908142089835,6.6069908142089835,6.6069908142089835,6.6069908142089835,6.371634483337402,0.0,MSVB
2013-04-30,36.65999984741211,37.59000015258789,36.2400016784668,37.47000122070313,35.2256965637207,1785600.0,MT
2013-04-30,0.5699999928474426,0.5699999928474426,0.5699999928474426,0.5699999928474426,0.5644941926002502,3333.0,MTA
2013-04-30,99.75,100.37999725341795,99.04000091552734,100.1999969482422,85.36970520019531,657400.0,MTB
2013-04-30,0.059999998658895486,0.059999998658895486,0.059999998658895486,0.059999998658895486,0.059999998658895486,0.0,MTC
2013-04-30,206.0500030517578,209.0399932861328,203.91000366210938,208.9600067138672,208.9600067138672,228400.0,MTD
2013-04-30,9.920000076293944,10.0600004196167,9.829999923706056,9.869999885559082,9.869999885559082,266100.0,MTDR
2013-04-30,53.13000106811523,53.13000106811523,51.70000076293945,53.02000045776367,53.02000045776367,25100.0,MTEM
2013-04-30,7.420000076293945,7.9099998474121085,7.420000076293945,7.449999809265138,6.259817600250244,1200.0,MTEX
2013-04-30,4.989999771118164,5.570000171661377,4.920000076293945,5.400000095367432,5.328335762023926,24647600.0,MTG
2013-04-30,49.11999893188477,49.40999984741211,48.11999893188477,48.790000915527344,48.790000915527344,647800.0,MTH
2013-04-30,8.119999885559082,8.199999809265138,7.940000057220459,8.159999847412111,8.159999847412111,1137000.0,MTL
2013-04-30,60.13000106811523,61.02000045776367,60.06999969482422,60.29999923706055,51.02484512329102,197400.0,MTN
2013-04-30,5.099999904632568,6.190000057220459,5.010000228881836,5.800000190734862,5.800000190734862,9673900.0,MTOR
2013-04-30,25.25,25.5,25.0,25.239999771118164,13.540677070617676,5200.0,MTR
2013-04-30,25.739999771118164,26.59000015258789,25.5,26.489999771118164,24.71253967285156,87600.0,MTRN
2013-04-30,14.960000038146973,15.100000381469727,14.90999984741211,15.029999732971193,15.029999732971193,127200.0,MTRX
2013-04-30,59.95000076293945,61.11000061035156,59.47999954223633,60.95000076293945,52.12873077392578,97100.0,MTSC
2013-04-30,13.6899995803833,14.029999732971193,13.539999961853027,14.029999732971193,14.029999732971193,10000.0,MTSI
2013-04-30,2.25,2.3399999141693115,2.039999961853028,2.049999952316284,2.049999952316284,84100.0,MTSL
2013-04-30,24.35000038146973,24.35000038146973,23.75,23.770000457763672,17.437128067016598,16100.0,MTT
2013-04-30,16.658212661743164,17.111127853393555,16.223413467407227,16.993370056152347,16.778142929077152,3616300.0,MTW
2013-04-30,39.95000076293945,40.63000106811523,39.61999893188477,40.63000106811523,39.687660217285156,211200.0,MTX
2013-04-30,27.989999771118164,28.1299991607666,27.5,27.79999923706055,27.79999923706055,402300.0,MTZ
2013-04-30,9.40999984741211,9.460000038146973,9.1899995803833,9.420000076293944,9.420000076293944,27791600.0,MU
2013-04-30,13.949999809265135,13.960000038146973,13.880000114440918,13.960000038146973,9.806790351867676,43500.0,MUA
2013-04-30,16.129999160766598,16.139999389648438,15.960000038146973,16.059999465942386,11.239757537841797,53200.0,MUC
2013-04-30,15.460000038146973,15.529999732971193,15.390000343322756,15.390000343322756,10.397308349609377,70300.0,MUE
2013-04-30,6.809999942779541,6.820000171661378,6.75,6.78000020980835,5.585623264312744,7293800.0,MUFG
2013-04-30,16.75,16.760000228881836,16.65999984741211,16.75,11.055251121520996,27000.0,MUH
2013-04-30,16.100000381469727,16.190000534057614,16.100000381469727,16.120000839233402,11.260019302368164,80800.0,MUI
2013-04-30,15.890000343322756,15.949999809265135,15.84000015258789,15.920000076293945,10.816972732543944,25200.0,MUJ
2013-04-30,53.86010360717773,54.09326553344727,53.34196853637695,53.6183090209961,41.75323867797852,1878500.0,MUR
2013-04-30,14.859999656677244,14.9399995803833,14.859999656677244,14.920000076293945,10.040733337402344,14300.0,MUS
2013-04-30,2.1300001144409184,2.3399999141693115,2.0999999046325684,2.3299999237060547,2.276518583297729,4617300.0,MUX
2013-04-30,12.5,12.5,12.5,12.5,11.884035110473633,1000.0,MVBF
2013-04-30,12.899999618530273,13.010000228881836,12.899999618530273,12.989999771118164,8.743307113647461,97600.0,MVC
2013-04-30,10.960000038146973,11.0,10.90999984741211,10.970000267028807,7.2531490325927725,114700.0,MVF
2013-04-30,2.049999952316284,2.0999999046325684,1.940000057220459,2.049999952316284,2.049999952316284,230500.0,MVIS
2013-04-30,27.29999923706055,27.31999969482422,26.940000534057614,27.209999084472656,12.107709884643555,66800.0,MVO
2013-04-30,17.239999771118164,17.329999923706055,17.200000762939453,17.309999465942386,11.457696914672852,41400.0,MVT
2013-04-30,5.9099998474121085,5.949999809265138,5.829999923706055,5.920000076293945,5.415770530700684,864900.0,MWA
2013-04-30,50.38999938964844,50.38999938964844,50.38999938964844,50.38999938964844,50.38999938964844,0.0,MWK
2013-04-30,15.90999984741211,16.209999084472653,15.789999961853027,16.040000915527347,16.040000915527347,382700.0,MX
2013-04-30,6.050000190734862,6.114999771118164,6.000999927520753,6.114999771118164,6.114999771118164,2000.0,MXC
2013-04-30,17.129999160766598,17.25,17.100000381469727,17.25,14.155374526977539,27500.0,MXE
2013-04-30,35.41999816894531,35.81999969482422,35.33000183105469,35.77000045776367,21.9489803314209,39700.0,MXF
2013-04-30,30.809999465942386,30.989999771118164,30.520000457763672,30.93000030517578,24.588054656982425,2699800.0,MXIM
2013-04-30,6.1599998474121085,6.260000228881836,6.0900001525878915,6.230000019073486,6.230000019073486,68900.0,MXL
2013-04-30,17.0,17.0,16.819999694824222,16.899999618530273,11.248069763183594,32600.0,MYC
2013-04-30,16.149999618530273,16.239999771118164,16.149999618530273,16.239999771118164,10.794076919555664,37000.0,MYD
2013-04-30,14.710000038146973,14.81999969482422,14.609999656677244,14.81999969482422,11.948307037353516,100600.0,MYE
2013-04-30,16.760000228881836,16.829999923706055,16.670000076293945,16.75,11.094557762145996,15800.0,MYF
2013-04-30,27.70000076293945,27.979999542236328,27.229999542236328,27.85000038146973,27.85000038146973,849400.0,MYGN
2013-04-30,15.380000114440918,15.470000267028807,15.289999961853027,15.300000190734865,10.374151229858398,116500.0,MYI
2013-04-30,16.959999084472653,17.020000457763672,16.879999160766598,16.969999313354492,11.39777946472168,21200.0,MYJ
2013-04-30,28.88999938964844,29.1299991607666,28.729999542236328,29.11000061035156,29.11000061035156,6278400.0,MYL
2013-04-30,14.720000267028807,14.81999969482422,14.699999809265135,14.81999969482422,10.34324836730957,68000.0,MYN
2013-04-30,7.0,7.5,6.5,6.5,6.5,2900.0,MYOS
2013-04-30,22.670000076293945,23.03000068664551,22.440000534057614,22.79999923706055,22.79999923706055,70600.0,MYRG
2013-04-30,15.65999984741211,15.6899995803833,15.5,15.600000381469727,11.125447273254396,2100.0,MZA
2013-04-30,15.3100004196167,15.3100004196167,15.220000267028807,15.25,10.31711483001709,23500.0,NAC
2013-04-30,15.15999984741211,15.1899995803833,15.119999885559082,15.140000343322756,10.200727462768556,75000.0,NAD
2013-04-30,4.5900001525878915,4.599999904632568,4.440000057220459,4.489999771118164,4.489999771118164,10700.0,NAII
2013-04-30,2.5999999046325684,2.640000104904175,2.450000047683716,2.619999885559082,2.619999885559082,472700.0,NAK
2013-04-30,4720.0,4800.0,4600.0,4600.0,4600.0,0.0,NAKD
2013-04-30,15.31999969482422,15.31999969482422,15.239999771118164,15.289999961853027,10.71493148803711,8500.0,NAN
2013-04-30,8.815080642700195,8.873783111572266,8.658542633056639,8.717244148254395,5.1803059577941895,1761800.0,NAT
2013-04-30,44.0,44.650001525878906,43.90999984741211,44.650001525878906,26.80602264404297,2900.0,NATH
2013-04-30,27.03000068664551,27.34000015258789,26.76000022888184,27.32999992370605,23.16667938232422,728100.0,NATI
2013-04-30,14.59000015258789,14.739999771118164,14.449999809265135,14.630000114440918,10.742399215698242,12000.0,NATR
2013-04-30,33.740001678466804,34.080001831054695,32.22999954223633,33.11999893188477,33.11999893188477,1672300.0,NAV
2013-04-30,47.0,49.79999923706055,46.79999923706055,49.0,49.0,37000.0,NAVB
2013-04-30,14.760000228881836,14.789999961853027,14.720000267028807,14.720000267028807,10.465271949768066,20600.0,NAZ
2013-04-30,21.76000022888184,21.76000022888184,21.600000381469727,21.75,14.035629272460938,142500.0,NBB
2013-04-30,16.299999237060547,16.430000305175778,16.299999237060547,16.350000381469727,11.144160270690918,18800.0,NBH
2013-04-30,17.950000762939453,18.21999931335449,17.920000076293945,18.059999465942386,16.381498336791992,200400.0,NBHC
2013-04-30,11.979999542236328,12.0,11.520000457763672,11.539999961853027,11.539999961853027,518600.0,NBIX
2013-04-30,56.40499877929688,56.9000015258789,56.00500106811523,56.64500045776367,51.15472793579102,1891200.0,NBL
2013-04-30,9.920000076293944,9.920000076293944,9.369999885559082,9.729999542236328,9.12824821472168,16500.0,NBN
2013-04-30,15.260000228881836,15.369999885559082,15.260000228881836,15.369999885559082,11.14670181274414,4800.0,NBO
2013-04-30,14.720000267028807,14.850000381469727,14.470000267028807,14.789999961853027,12.369617462158205,3008400.0,NBR
2013-04-30,96.0000991821289,97.20010375976562,89.94010162353516,94.80010223388672,94.80010223388672,1023.0,NBSE
2013-04-30,20.040000915527344,20.25,19.940000534057614,20.25,16.124753952026367,136800.0,NBTB
2013-04-30,16.030000686645508,16.139999389648438,15.800000190734865,15.899999618530273,11.430052757263185,9900.0,NBW
2013-04-30,35.75,37.25,35.25,35.5,35.5,3000.0,NBY
2013-04-30,13.079734802246096,13.255654335021973,13.03404140472412,13.255654335021973,8.922544479370117,81800.0,NC
2013-04-30,10.1899995803833,10.1899995803833,10.119999885559082,10.170000076293944,7.547412872314452,81400.0,NCA
2013-04-30,17.25,17.25,17.09000015258789,17.09000015258789,11.948025703430176,7500.0,NCB
2013-04-30,30.32999992370605,31.06999969482422,29.51000022888184,31.01000022888184,31.01000022888184,429700.0,NCLH
2013-04-30,16.600000381469727,16.620000839233402,16.190000534057614,16.239999771118164,9.098993301391602,228700.0,NCMI
2013-04-30,26.770000457763672,27.32999992370605,26.420000076293945,27.270000457763672,27.270000457763672,1980600.0,NCR
2013-04-30,8.489999771118164,8.520000457763674,8.25,8.340000152587889,8.340000152587889,23200.0,NCTY
2013-04-30,9.489999771118164,9.510000228881836,9.449999809265137,9.479999542236328,4.224608421325684,162500.0,NCV
2013-04-30,8.760000228881836,8.770000457763674,8.720000267028809,8.770000457763674,3.781964540481568,202100.0,NCZ
2013-04-30,29.01000022888184,29.479999542236328,29.01000022888184,29.479999542236328,26.04058265686035,1748200.0,NDAQ
2013-04-30,24.35000038146973,24.3799991607666,23.90999984741211,24.18000030517578,10.848934173583984,62500.0,NDP
2013-04-30,68.66999816894531,69.48999786376953,67.91000366210939,69.48999786376953,64.21248626708984,299200.0,NDSN
2013-04-30,32.569931030273445,32.797203063964844,31.96678352355957,32.779720306396484,27.2806396484375,2658400.0,NE
2013-04-30,14.5600004196167,14.65999984741211,14.5,14.630000114440918,9.973816871643066,60100.0,NEA
2013-04-30,82.02999877929688,82.6500015258789,81.58000183105469,82.02999877929688,66.27701568603516,2122800.0,NEE
2013-04-30,33.139999389648445,33.31999969482422,31.32999992370605,32.400001525878906,28.876495361328125,17564300.0,NEM
2013-04-30,39.900001525878906,39.900001525878906,39.75,39.900001525878906,34.76531982421875,800.0,NEN
2013-04-30,3.849999904632568,3.849999904632568,3.650000095367432,3.740000009536743,3.740000009536743,185600.0,NEO
2013-04-30,25.056264877319336,25.501375198364254,25.021255493164066,25.421356201171875,25.421356201171875,101700.0,NEOG
2013-04-30,57.9000015258789,58.4000015258789,55.4000015258789,57.099998474121094,57.099998474121094,77700.0,NEON
2013-04-30,6.480000019073486,6.480000019073486,6.300000190734862,6.300000190734862,6.300000190734862,222.0,NEPH
2013-04-30,2.650000095367432,2.690000057220459,2.640000104904175,2.650000095367432,2.650000095367432,96600.0,NEPT
2013-04-30,4.199999809265137,4.230000019073486,4.179999828338623,4.199999809265137,4.199999809265137,44092.0,NET
2013-04-30,358.0,374.0,358.0,374.0,374.0,0.0,NETE
2013-04-30,265.17999267578125,270.0599975585937,263.57998657226557,268.70001220703125,241.4155120849609,64300.0,NEU
2013-04-30,16.270000457763672,16.319999694824222,16.170000076293945,16.239999771118164,10.814247131347656,44000.0,NEV
2013-04-30,54.0,54.25,54.0,54.25,54.25,1500.0,NEW
2013-04-30,10.0,10.5,10.0,10.199999809265137,5.072575569152832,3300.0,NEWT
2013-04-30,3.1719698905944824,3.191999912261963,3.0050199031829834,3.08516001701355,3.08516001701355,32945.0,NEXT
2013-04-30,11.789999961853027,11.789999961853027,11.710000038146973,11.760000228881836,9.82211208343506,83700.0,NFBK
2013-04-30,315.0,315.0,315.0,315.0,315.0,10.0,NFE
2013-04-30,62.43999862670898,62.72999954223633,62.02999877929688,62.72000122070313,51.06598663330078,378200.0,NFG
2013-04-30,16.84000015258789,16.969999313354492,16.84000015258789,16.950000762939453,8.896414756774902,281600.0,NFJ
2013-04-30,30.65714263916016,31.39285659790039,30.605714797973636,30.867143630981445,30.867143630981445,25071200.0,NFLX
2013-04-30,2.4100000858306885,2.470000028610229,2.3499999046325684,2.470000028610229,2.470000028610229,2030500.0,NG
2013-04-30,7.789999961853027,8.020000457763674,7.489999771118164,7.980000019073486,7.980000019073486,4172200.0,NGD
2013-04-30,68.83187866210939,69.62882232666016,68.83187866210939,69.62882232666016,48.50033950805664,367600.0,NGG
2013-04-30,29.0,29.399999618530273,28.78000068664551,29.399999618530273,14.083529472351074,51200.0,NGL
2013-04-30,19.68000030517578,20.190000534057614,19.59000015258789,20.190000534057614,20.190000534057614,24500.0,NGS
2013-04-30,25.25,25.420000076293945,24.79999923706055,25.07999992370605,24.6491813659668,111100.0,NGVC
2013-04-30,45.70000076293945,46.45000076293945,45.61999893188477,46.43000030517578,38.42975616455078,23900.0,NHC
2013-04-30,30.8799991607666,31.20000076293945,30.71999931335449,31.20000076293945,9.317455291748047,82100.0,NHF
2013-04-30,65.81999969482422,66.26000213623047,65.52999877929689,66.23999786376953,45.75577926635742,48200.0,NHI
2013-04-30,2.299999952316284,2.299999952316284,2.200000047683716,2.200000047683716,2.200000047683716,400.0,NHLD
2013-04-30,14.229999542236328,14.239999771118164,14.130000114440918,14.149999618530273,8.005439758300781,43300.0,NHS
2013-04-30,1.1100000143051147,1.1100000143051147,1.0399999618530271,1.0399999618530271,0.7375936508178711,8200.0,NHTC
2013-04-30,12.121807098388672,12.16895866394043,11.97642421722412,12.07465648651123,9.11612606048584,7684600.0,NI
2013-04-30,31.520000457763672,31.84000015258789,31.520000457763672,31.84000015258789,31.84000015258789,5100.0,NIB
2013-04-30,34.830001831054695,35.540000915527344,34.799999237060554,35.470001220703125,33.616989135742195,130600.0,NICE
2013-04-30,14.729999542236328,14.770000457763672,14.600000381469727,14.619999885559082,14.395543098449707,18600.0,NICK
2013-04-30,13.800000190734865,13.869999885559082,13.649999618530273,13.649999618530273,9.73718547821045,179600.0,NID
2013-04-30,18.350000381469727,18.3700008392334,18.25,18.299999237060547,10.631832122802734,59600.0,NIE
2013-04-30,10.539999961853027,10.640000343322754,10.520000457763672,10.5600004196167,8.445213317871094,25800.0,NIM
2013-04-30,14.460000038146973,14.720000267028807,14.40999984741211,14.649999618530273,11.149998664855957,11000.0,NIQ
2013-04-30,23.28000068664551,23.6200008392334,23.084999084472656,23.60000038146973,17.697511672973633,220200.0,NJR
2013-04-30,16.030000686645508,16.030000686645508,15.979999542236328,16.020000457763672,10.87513256072998,5900.0,NJV
2013-04-30,31.364999771118164,31.88500022888184,31.32999992370605,31.79999923706055,28.10402488708496,10094800.0,NKE
2013-04-30,14.199999809265135,14.25,14.15999984741211,14.25,10.45375156402588,12400.0,NKG
2013-04-30,33.200000762939446,33.200000762939446,32.59999847412109,32.75,26.21549987792969,6200.0,NKSH
2013-04-30,11.100000381469727,11.149999618530273,10.8100004196167,10.84000015258789,10.84000015258789,646200.0,NKTR
2013-04-30,14.630000114440918,14.65999984741211,14.489999771118164,14.5,9.954205513000488,77100.0,NKX
2013-04-30,11.199999809265137,11.34000015258789,11.050000190734863,11.270000457763672,10.773181915283203,12900.0,NL
2013-04-30,6.889999866485597,7.019999980926514,6.800000190734862,6.880000114440918,6.880000114440918,360100.0,NLS
2013-04-30,34.200000762939446,34.709999084472656,34.029998779296875,34.61999893188477,27.49105453491211,2494600.0,NLSN
2013-04-30,15.81999969482422,15.9399995803833,15.6899995803833,15.9399995803833,7.1484198570251465,8212300.0,NLY
2013-04-30,44.900001525878906,45.4000015258789,44.599998474121094,45.29999923706055,40.40894317626953,25100.0,NM
2013-04-30,15.34000015258789,15.350000381469727,15.010000228881836,15.239999771118164,7.536131381988525,717100.0,NMFC
2013-04-30,12.31999969482422,12.449999809265135,12.31999969482422,12.40999984741211,9.098998069763184,9200.0,NMI
2013-04-30,20.700000762939453,20.700000762939453,20.1200008392334,20.440000534057614,11.43578815460205,257700.0,NML
2013-04-30,227.6999969482422,228.75,226.0500030517578,227.3999938964844,204.7200164794922,25200.0,NMM
2013-04-30,8.170000076293945,8.199999809265138,8.109999656677246,8.189999580383299,6.75132417678833,808100.0,NMR
2013-04-30,15.140000343322756,15.1899995803833,15.029999732971193,15.140000343322756,10.957481384277344,8500.0,NMT
2013-04-30,14.550000190734865,14.579999923706055,14.5,14.56999969482422,10.371698379516602,21300.0,NMY
2013-04-30,13.800000190734865,13.93000030517578,13.760000228881836,13.850000381469727,8.980326652526855,73600.0,NMZ
2013-04-30,50.849998474121094,50.849998474121094,48.29999923706055,50.4000015258789,39.08589553833008,1400.0,NNA
2013-04-30,8.899999618530273,9.0600004196167,8.789999961853027,9.010000228881836,8.028700828552246,86400.0,NNBR
2013-04-30,34.11999893188477,34.11999893188477,33.790000915527344,34.0,31.36472511291504,42200.0,NNI
2013-04-30,39.400001525878906,39.68000030517578,39.27000045776367,39.68000030517578,29.72066307067871,1696800.0,NNN
2013-04-30,44.099998474121094,44.099998474121094,40.599998474121094,40.599998474121094,40.599998474121094,1200.0,NNVC
2013-04-30,10.229999542236328,10.270000457763672,10.140000343322754,10.260000228881836,7.833139896392822,30500.0,NNY
2013-04-30,4.059999942779541,4.119999885559082,4.0,4.050000190734863,3.505434513092041,33200.0,NOA
2013-04-30,7.480000019073486,7.75,7.329999923706055,7.630000114440918,7.630000114440918,30800.0,NOAH
2013-04-30,74.8499984741211,75.77999877929688,74.8499984741211,75.73999786376953,66.83040618896484,1759700.0,NOC
2013-04-30,13.0,13.050000190734865,12.779999732971193,12.890000343322756,12.890000343322756,655500.0,NOG
2013-04-30,3.3399999141693115,3.400000095367432,3.3199999332427983,3.380000114440918,2.8062782287597656,22174600.0,NOK
2013-04-30,16.270000457763672,16.489999771118164,16.25,16.260000228881836,11.937178611755373,5500.0,NOM
2013-04-30,59.5130729675293,59.738502502441406,58.5752944946289,58.80973815917969,52.19466400146485,7052200.0,NOV
2013-04-30,8.5,8.590000152587889,8.350000381469728,8.539999961853027,8.539999961853027,127300.0,NOVT
2013-04-30,41.959999084472656,41.97000122070313,40.27000045776367,40.959999084472656,40.959999084472656,1779900.0,NOW
2013-04-30,28.51000022888184,29.09000015258789,28.46999931335449,28.76000022888184,24.84651756286621,71900.0,NP
2013-04-30,0.05000000074505806,0.05000000074505806,0.05000000074505806,0.05000000074505806,0.05000000074505806,0.0,NPA
2013-04-30,74.88999938964844,75.2699966430664,74.69999694824219,75.0,49.81800842285156,26100.0,NPK
2013-04-30,15.93000030517578,16.040000915527347,15.859999656677244,15.859999656677244,11.385580062866213,5600.0,NPN
2013-04-30,49.27000045776367,49.349998474121094,48.7599983215332,49.27999877929688,45.68090057373047,113100.0,NPO
2013-04-30,5.380000114440918,5.550000190734863,5.360000133514403,5.510000228881836,5.510000228881836,117900.0,NPTN
2013-04-30,15.15999984741211,15.1899995803833,15.039999961853027,15.15999984741211,10.894954681396484,37200.0,NPV
2013-04-30,15.199999809265135,15.25,15.199999809265135,15.239999771118164,10.377256393432617,15000.0,NQP
2013-04-30,10.100000381469727,10.520000457763672,10.09000015258789,10.5,10.5,1299500.0,NR
2013-04-30,28.0,28.10000038146973,27.690000534057614,27.8700008392334,25.248504638671875,2958800.0,NRG
2013-04-30,21.84000015258789,21.84000015258789,21.61000061035156,21.780000686645508,17.719100952148438,3800.0,NRIM
2013-04-30,14.630000114440918,14.6899995803833,14.550000190734865,14.6899995803833,10.25795841217041,188100.0,NRK
2013-04-30,5.3400001525878915,5.400000095367432,5.329999923706055,5.400000095367432,3.06905198097229,191200.0,NRO
2013-04-30,239.5,240.5,236.3999938964844,238.8000030517578,176.20880126953125,27400.0,NRP
2013-04-30,23.959999084472656,24.71999931335449,23.85000038146973,24.71999931335449,12.599678993225098,16300.0,NRT
2013-04-30,50.0,50.58000183105469,49.9000015258789,50.08000183105469,26.160186767578125,398800.0,NS
2013-04-30,76.41999816894531,77.5999984741211,76.0199966430664,77.41999816894531,65.58094787597656,2709800.0,NSC
2013-04-30,8.180000305175781,8.180000305175781,8.180000305175781,8.180000305175781,7.4649391174316415,0.0,NSEC
2013-04-30,17.780000686645508,18.1200008392334,17.68000030517578,18.1200008392334,18.1200008392334,243200.0,NSIT
2013-04-30,8.090000152587889,8.109999656677246,8.060000419616701,8.109999656677246,5.0136990547180185,154900.0,NSL
2013-04-30,13.8100004196167,13.845000267028807,13.720000267028807,13.8149995803833,10.65868854522705,244200.0,NSP
2013-04-30,31875.0,33125.0,30125.0,32750.0,32750.0,0.0,NSPR
2013-04-30,27.35000038146973,27.6200008392334,27.35000038146973,27.5,16.941015243530273,69700.0,NSS
2013-04-30,4.199999809265137,4.239999771118163,4.150000095367432,4.239999771118163,4.239999771118163,15300.0,NSSC
2013-04-30,3.5699999332427983,3.849999904632568,3.5699999332427983,3.5999999046325684,3.5999999046325684,10100.0,NSYS
2013-04-30,34.25,34.90999984741211,34.09000015258789,34.889999389648445,30.197511672973636,7600600.0,NTAP
2013-04-30,2400.0,2400.0,2400.0,2400.0,2083.18505859375,0.0,NTB
2013-04-30,22.6299991607666,22.88999938964844,22.53000068664551,22.809999465942386,22.809999465942386,203900.0,NTCT
2013-04-30,55.91999816894531,56.38999938964844,55.06000137329102,56.38999938964844,49.78886032104492,236800.0,NTES
2013-04-30,28.54999923706055,28.6200008392334,28.26000022888184,28.60000038146973,15.243115425109865,110200.0,NTG
2013-04-30,18.225807189941406,18.66004943847656,18.12655067443848,18.480148315429688,18.480148315429688,809700.0,NTGR
2013-04-30,5.400000095367432,5.744999885559082,5.3400001525878915,5.4099998474121085,5.060926914215088,6600.0,NTIC
2013-04-30,1.3799999952316284,1.399999976158142,1.3700000047683716,1.3899999856948853,1.2237811088562012,20000.0,NTIP
2013-04-30,20.0,20.0,17.5,18.0,18.0,4700.0,NTN
2013-04-30,7.809999942779541,7.880000114440918,7.3499999046325675,7.559999942779541,6.484675407409668,1838300.0,NTP
2013-04-30,53.34000015258789,53.9900016784668,53.2400016784668,53.91999816894531,46.14260482788086,1220400.0,NTRS
2013-04-30,12.8100004196167,12.850000381469727,12.489999771118164,12.510000228881836,12.510000228881836,117600.0,NTUS
2013-04-30,12.550000190734865,12.869999885559082,12.350000381469727,12.619999885559082,12.619999885559082,241300.0,NTWK
2013-04-30,10.199999809265137,10.75,10.199999809265137,10.399999618530273,10.399999618530273,5400.0,NTZ
2013-04-30,17.021644592285153,17.099567413330078,16.233766555786133,16.484848022460938,16.484848022460938,41595200.0,NUAN
2013-04-30,42.88000106811523,43.63999938964844,42.43000030517578,43.61999893188477,35.37333679199219,2057100.0,NUE
2013-04-30,15.470000267028807,15.479999542236328,15.43000030517578,15.479999542236328,10.773053169250488,15400.0,NUM
2013-04-30,16.799999237060547,17.059999465942386,16.799999237060547,16.930000305175778,11.94211483001709,47300.0,NUO
2013-04-30,636.7999877929688,649.5999755859375,627.2000122070312,627.2000122070312,627.2000122070312,0.0,NURO
2013-04-30,51.0,51.18000030517578,50.4000015258789,50.72999954223633,41.66342544555664,632100.0,NUS
2013-04-30,10.420000076293944,10.420000076293944,10.359999656677246,10.390000343322754,7.823160171508789,250600.0,NUV
2013-04-30,20.88999938964844,21.030000686645508,20.649999618530273,20.940000534057614,20.940000534057614,427100.0,NUVA
2013-04-30,17.59000015258789,17.639999389648438,17.459999084472653,17.569999694824222,12.644634246826172,32400.0,NUW
2013-04-30,47.599998474121094,48.4000015258789,46.599998474121094,47.0,47.0,79000.0,NVAX
2013-04-30,2300.0,2300.0,2300.0,2300.0,2300.0,0.0,NVCN
2013-04-30,13.600000381469727,13.770000457763672,13.510000228881836,13.770000457763672,12.833642959594727,6917800.0,NVDA
2013-04-30,52.86999893188477,53.540000915527344,52.38999938964844,53.06999969482422,38.886207580566406,9800.0,NVEC
2013-04-30,19.299999237060547,19.450000762939453,19.25,19.399999618530273,19.399999618530273,3000.0,NVFY
2013-04-30,14.890000343322756,14.90999984741211,14.81999969482422,14.880000114440918,10.059709548950195,70900.0,NVG
2013-04-30,43.0,43.0,43.0,43.0,43.0,0.0,NVGS
2013-04-30,9510.0,10290.0,9180.0,9300.0,9300.0,200.0,NVIV
2013-04-30,8.710000038146973,9.170000076293944,8.710000038146973,9.170000076293944,9.170000076293944,49300.0,NVMI
2013-04-30,35.00400161743164,35.35599899291992,34.944000244140625,35.32600021362305,30.25917816162109,1738500.0,NVO
2013-04-30,1024.25,1032.8299560546877,1013.02001953125,1030.0,1030.0,28100.0,NVR
2013-04-30,66.01254272460939,66.55017852783203,65.90502166748047,66.09319305419922,51.02832794189453,1745600.0,NVS
2013-04-30,12.34000015258789,12.350000381469727,12.229999542236328,12.25,8.566438674926758,676800.0,NWBI
2013-04-30,42.79999923706055,43.13999938964844,42.599998474121094,43.02000045776367,33.617401123046875,125600.0,NWE
2013-04-30,18.7757568359375,18.787878036499023,18.76969718933105,18.787878036499023,13.504220962524414,4000.0,NWFL
2013-04-30,0.03999999910593033,0.03999999910593033,0.03999999910593033,0.03999999910593033,0.03999999910593033,0.0,NWGI
2013-04-30,26.31999969482422,26.46999931335449,26.270000457763672,26.34000015258789,21.54689216613769,1813500.0,NWL
2013-04-30,181.0,184.2100067138672,180.5500030517578,182.6199951171875,180.5299530029297,3000.0,NWLI
2013-04-30,44.43999862670898,44.56999969482422,44.20000076293945,44.47000122070313,35.30491638183594,172300.0,NWN
2013-04-30,27.18000030517578,27.36000061035156,26.78000068664551,27.290000915527344,27.290000915527344,9500.0,NWPX
2013-04-30,16.270000457763672,16.639999389648438,16.170000076293945,16.270000457763672,15.039387702941895,109800.0,NX
2013-04-30,15.460000038146973,15.770000457763672,15.34000015258789,15.760000228881836,11.46295166015625,18700.0,NXC
2013-04-30,17.889999389648438,18.020000457763672,17.68000030517578,17.8700008392334,15.899157524108887,264300.0,NXGN
2013-04-30,14.970000267028807,15.0600004196167,14.8100004196167,14.9399995803833,10.30704402923584,9700.0,NXJ
2013-04-30,14.68000030517578,14.75,14.670000076293945,14.670000076293945,11.105356216430664,8400.0,NXN
2013-04-30,14.729999542236328,14.779999732971193,14.630000114440918,14.699999809265135,11.114991188049316,23100.0,NXP
2013-04-30,27.51000022888184,27.76000022888184,27.43000030517578,27.54999923706055,26.95844268798828,2130600.0,NXPI
2013-04-30,14.18000030517578,14.350000381469727,14.18000030517578,14.300000190734865,10.845956802368164,38000.0,NXQ
2013-04-30,14.789999961853027,14.869999885559082,14.789999961853027,14.850000381469727,11.329019546508787,12200.0,NXR
2013-04-30,24.020000457763672,24.739999771118164,23.989999771118164,24.35000038146973,21.55916786193848,682600.0,NXST
2013-04-30,13.460000038146973,13.550000190734865,13.420000076293945,13.550000190734865,9.038278579711914,3457300.0,NYCB
2013-04-30,7.119999885559082,7.1500000953674325,7.050000190734862,7.119999885559082,2.646864414215088,17328800.0,NYMT
2013-04-30,5.349999904632568,5.510000228881836,5.139999866485597,5.150000095367432,5.150000095367432,59500.0,NYMX
2013-04-30,8.869999885559082,9.039999961853027,8.84000015258789,8.859999656677246,8.304462432861326,1299000.0,NYT
2013-04-30,15.609999656677244,15.649999618530273,15.489999771118164,15.5,11.43232536315918,3800.0,NYV
2013-04-30,14.699999809265135,14.729999542236328,14.640000343322756,14.729999542236328,9.99459457397461,88400.0,NZF
2013-04-30,50.2400016784668,50.97000122070313,50.13999938964844,50.97000122070313,37.1796760559082,1512400.0,O
2013-04-30,34.68000030517578,34.810001373291016,33.990001678466804,34.22999954223633,34.22999954223633,843600.0,OAS
2013-04-30,4.900000095367432,4.900000095367432,4.900000095367432,4.900000095367432,4.900000095367432,0.0,OBAS
2013-04-30,2.6800000667572017,2.789999961853028,2.630000114440918,2.640000104904175,2.425431251525879,6000.0,OBCI
2013-04-30,42.38000106811523,42.72999954223633,41.81999969482422,42.060001373291016,38.26849365234375,1623500.0,OC
2013-04-30,4.2100000381469735,4.2100000381469735,4.110000133514403,4.179999828338623,3.975995302200317,1800.0,OCC
2013-04-30,3.5989999771118164,3.5989999771118164,3.5989999771118164,3.8989999294281006,3.2364985942840576,250.0,OCCI
2013-04-30,14.109999656677244,14.270000457763672,14.109999656677244,14.210000038146973,11.846712112426758,15700.0,OCFC
2013-04-30,36.77999877929688,37.02000045776367,36.27999877929688,36.58000183105469,36.58000183105469,891800.0,OCN
2013-04-30,11.050000190734863,11.06999969482422,10.949999809265137,11.039999961853027,5.3943214416503915,4229200.0,OCSL
2013-04-30,27.10000038146973,27.71999931335449,27.10000038146973,27.51000022888184,23.10009384155273,6600.0,ODC
2013-04-30,25.65333366394043,25.81333351135254,25.426666259765625,25.66666603088379,25.294048309326172,1227500.0,ODFL
2013-04-30,3.6800000667572017,3.920000076293945,3.630000114440918,3.859999895095825,3.3658976554870605,17159100.0,ODP
2013-04-30,2.359999895095825,2.4200000762939453,2.359999895095825,2.4100000858306885,2.4100000858306885,29000.0,OESX
2013-04-30,28.96999931335449,29.170000076293945,28.85000038146973,28.989999771118164,21.715579986572266,600400.0,OFC
2013-04-30,15.520000457763672,15.520000457763672,15.520000457763672,15.520000457763672,13.602709770202635,200.0,OFED
2013-04-30,15.93000030517578,16.229999542236328,15.770000457763672,16.069999694824222,13.675670623779295,553300.0,OFG
2013-04-30,32.459999084472656,32.459999084472656,32.220001220703125,32.400001525878906,32.400001525878906,98700.0,OFIX
2013-04-30,13.460000038146973,13.520000457763672,13.460000038146973,13.470000267028807,11.704700469970705,800.0,OFLX
2013-04-30,13.880000114440918,14.18000030517578,13.880000114440918,13.949999809265135,6.4697771072387695,19600.0,OFS
2013-04-30,36.0,36.22000122070313,35.70500183105469,36.21500015258789,28.26211357116699,1157600.0,OGE
2013-04-30,31.0,35.0,31.0,34.0,34.0,700.0,OGEN
2013-04-30,6.699999809265138,6.699999809265138,5.025000095367432,6.699999809265138,6.699999809265138,66.0,OGI
2013-04-30,32.630001068115234,32.86999893188477,32.549999237060554,32.86999893188477,20.56772804260254,870000.0,OHI
2013-04-30,25.8799991607666,26.309999465942386,25.520000457763672,26.28000068664551,25.756671905517575,1183900.0,OI
2013-04-30,7.21999979019165,7.230000019073486,7.179999828338622,7.21999979019165,4.926505565643311,140500.0,OIA
2013-04-30,68.73000335693361,70.5,68.04000091552734,70.16999816894531,63.60563278198242,1911800.0,OII
2013-04-30,3.289999961853028,3.4300000667572017,3.289999961853028,3.4200000762939453,3.4200000762939453,36800.0,OIIM
2013-04-30,47.86857223510742,51.645713806152344,47.76571273803711,51.06285858154297,51.06285858154297,12646700.0,OIS
2013-04-30,44.81702041625977,44.96585464477539,44.39677810668945,44.96585464477539,31.8140811920166,1339300.0,OKE
2013-04-30,31.84000015258789,32.18000030517578,31.170000076293945,31.440000534057614,31.235483169555664,509300.0,OLED
2013-04-30,38.43999862670898,38.43999862670898,38.20000076293945,38.20000076293945,38.20000076293945,1100.0,OLEM
2013-04-30,24.57999992370605,24.690000534057614,24.11000061035156,24.170000076293945,19.05755615234375,1117200.0,OLN
2013-04-30,22.78000068664551,22.979999542236328,22.75,22.940000534057614,13.839272499084473,35000.0,OLP
2013-04-30,30.45000076293945,30.8799991607666,30.040000915527344,30.59000015258789,22.401275634765625,43700.0,OMAB
2013-04-30,59.75,59.77000045776367,59.02999877929688,59.77000045776367,48.5610237121582,2502200.0,OMC
2013-04-30,17.360000610351562,18.040000915527344,17.350000381469727,18.020000457763672,18.020000457763672,245100.0,OMCL
2013-04-30,4.199999809265137,4.300000190734863,3.9800000190734863,4.0300002098083505,4.0300002098083505,365800.0,OMER
2013-04-30,34.68000030517578,35.400001525878906,34.439998626708984,35.400001525878906,35.400001525878906,28300.0,OMEX
2013-04-30,32.330001831054695,32.709999084472656,32.09999847412109,32.56999969482422,26.54113578796387,404000.0,OMI
2013-04-30,7.730000019073486,7.860000133514403,7.510000228881836,7.860000133514403,7.860000133514403,6511400.0,ON
2013-04-30,12.229999542236328,12.229999542236328,11.899999618530273,12.18000030517578,9.746875762939453,562900.0,ONB
2013-04-30,52.0,58.0,52.0,56.0,56.0,18800.0,ONCS
2013-04-30,330.3999938964844,331.79998779296875,312.8999938964844,323.3999938964844,323.3999938964844,3800.0,ONCT
2013-04-30,29.06999969482422,29.354999542236328,28.5,28.97500038146973,28.97500038146973,20500.0,ONCY
2013-04-30,4.099999904632568,4.53000020980835,4.0300002098083505,4.400000095367432,4.400000095367432,1337900.0,ONVO
2013-04-30,3.0999999046325684,3.5,3.0999999046325684,3.3499999046325684,3.2576520442962646,147300.0,OPBK
2013-04-30,55.11999893188477,55.68000030517578,54.959999084472656,55.43999862670898,55.43999862670898,276100.0,OPCH
2013-04-30,16.0,16.799999237060547,14.800000190734865,16.399999618530273,16.399999618530273,300.0,OPHC
2013-04-30,103.12000274658205,104.5199966430664,103.08000183105469,104.1999969482422,57.6925277709961,121300.0,OPI
2013-04-30,6.880000114440918,6.9000000953674325,6.550000190734862,6.6599998474121085,6.6599998474121085,2497400.0,OPK
2013-04-30,0.03999999910593033,0.03999999910593033,0.03999999910593033,0.03999999910593033,0.03999999910593033,235000.0,OPNT
2013-04-30,12.239999771118164,12.239999771118164,12.239999771118164,12.239999771118164,10.766101837158203,100.0,OPOF
2013-04-30,3.690000057220459,3.690000057220459,3.690000057220459,3.690000057220459,3.690000057220459,0.0,OPRX
2013-04-30,306.0,318.0,302.0,308.0,308.0,0.0,OPTT
2013-04-30,18.3799991607666,18.8799991607666,18.3700008392334,18.5,15.951842308044435,11400.0,OPY
2013-04-30,21.88999938964844,21.920000076293945,21.6299991607666,21.739999771118164,20.564451217651367,54500.0,ORA
2013-04-30,10.68000030517578,10.739999771118164,10.600000381469727,10.670000076293944,7.5679969787597665,682200.0,ORAN
2013-04-30,4.639999866485597,4.730000019073486,4.639999866485597,4.730000019073486,4.730000019073486,29600.0,ORBC
2013-04-30,13.399999618530273,13.550000190734865,13.399999618530273,13.399999618530273,4.462084293365479,9000.0,ORC
2013-04-30,32.220001220703125,32.86999893188477,32.220001220703125,32.779998779296875,29.599327087402344,50028100.0,ORCL
2013-04-30,10.800000190734863,10.800000190734863,10.800000190734863,10.800000190734863,10.800000190734863,200.0,ORGS
2013-04-30,13.220000267028807,13.5,13.220000267028807,13.5,9.279862403869627,1550000.0,ORI
2013-04-30,107.1999969482422,107.5999984741211,105.80999755859376,107.31999969482422,107.31999969482422,664500.0,ORLY
2013-04-30,8.989999771118164,9.479999542236328,8.550000190734862,9.350000381469727,9.350000381469727,27700.0,ORMP
2013-04-30,8.869999885559082,9.18000030517578,8.789999961853027,9.15999984741211,9.15999984741211,317500.0,ORN
2013-04-30,13.880000114440918,14.989999771118164,13.880000114440918,14.84000015258789,13.271852493286133,9200.0,ORRF
2013-04-30,4.559999942779541,4.690000057220459,4.519999980926514,4.599999904632568,4.536149024963379,89100.0,OSBC
2013-04-30,56.79999923706055,57.75,56.1500015258789,57.29999923706055,57.29999923706055,219600.0,OSIS
2013-04-30,40.52999877929688,40.810001373291016,37.91999816894531,39.2599983215332,35.833126068115234,1272500.0,OSK
2013-04-30,2.2799999713897705,2.5199999809265137,2.1300001144409184,2.25,2.25,16300.0,OSN
2013-04-30,8.689999580383299,8.689999580383299,8.460000038146973,8.510000228881836,8.510000228881836,144500.0,OSPN
2013-04-30,20.799999237060547,20.86000061035156,20.38999938964844,20.799999237060547,20.799999237060547,271800.0,OSTK
2013-04-30,4.380000114440918,4.46999979019165,4.360000133514403,4.460000038146973,4.460000038146973,501000.0,OSUR
2013-04-30,0.008000000379979609,0.008000000379979609,0.008000000379979609,0.008000000379979609,0.007980997674167156,0.0,OSW
2013-04-30,1.7100000381469729,1.7200000286102295,1.7000000476837158,1.7000000476837158,1.7000000476837158,17500.0,OTEL
2013-04-30,16.024999618530273,16.649999618530273,16.024999618530273,16.34749984741211,14.524873733520508,1346000.0,OTEX
2013-04-30,31.01000022888184,31.20000076293945,30.85000038146973,31.20000076293945,24.28304100036621,113300.0,OTTR
2013-04-30,5.453020095825195,5.453020095825195,5.453020095825195,5.453020095825195,4.906083583831787,0.0,OTTW
2013-04-30,19.06999969482422,19.549999237060547,19.06999969482422,19.399999618530273,15.774588584899902,2600.0,OVBC
2013-04-30,7.800000190734862,7.800000190734862,7.800000190734862,7.800000190734862,6.903960704803468,0.0,OVLY
2013-04-30,94.0,94.1999969482422,91.9000015258789,92.25,86.30122375488281,1305900.0,OVV
2013-04-30,16.649999618530273,16.729999542236328,16.610000610351562,16.65999984741211,4.885132789611816,16000.0,OXLC
2013-04-30,59.59000015258789,59.59000015258789,58.61000061035156,59.13000106811523,53.13579559326172,102000.0,OXM
2013-04-30,10.109999656677246,10.170000076293944,10.020000457763672,10.170000076293944,3.670310735702514,622800.0,OXSQ
2013-04-30,84.692626953125,86.1201400756836,84.48185729980469,85.51656341552734,62.00480651855469,8174500.0,OXY
2013-04-30,20.44499969482422,20.5049991607666,20.315000534057614,20.46500015258789,18.019207000732425,186600.0,OZK
2013-04-30,57.25,57.7599983215332,57.08000183105469,57.41999816894531,35.7846794128418,949500.0,PAA
2013-04-30,12.68000030517578,13.199999809265135,12.5,13.199999809265135,11.40868091583252,2365200.0,PAAS
2013-04-30,56.349998474121094,58.08000183105469,56.22999954223633,57.88000106811523,41.39140701293945,109400.0,PAC
2013-04-30,2.5699999332427983,2.619999885559082,2.549999952316284,2.559999942779541,2.559999942779541,563800.0,PACB
2013-04-30,1004000.0,1004000.0,990000.0,998000.0,998000.0,0.0,PACD
2013-04-30,27.51000022888184,27.739999771118164,27.40999984741211,27.729999542236328,19.981538772583008,100200.0,PACW
2013-04-30,2.5199999809265137,2.5799999237060547,2.5199999809265137,2.5199999809265137,2.5199999809265137,14649200.0,PAE
2013-04-30,31.6299991607666,31.6299991607666,30.76000022888184,30.920000076293945,25.73412132263184,298400.0,PAG
2013-04-30,14.420000076293945,14.5,14.420000076293945,14.460000038146973,10.250702857971193,14000.0,PAI
2013-04-30,3.4500000476837163,3.630000114440918,3.3199999332427983,3.5799999237060547,3.5799999237060547,22900.0,PAM
2013-04-30,54.0,54.45000076293945,53.790000915527344,54.099998474121094,54.099998474121094,505800.0,PANW
2013-04-30,4.2800002098083505,4.2800002098083505,4.179999828338623,4.190000057220459,4.190000057220459,4300.0,PAR
2013-04-30,16.200000762939453,16.299999237060547,16.0,16.299999237060547,16.299999237060547,11300.0,PARR
2013-04-30,8.88888931274414,9.124444007873537,8.791110992431639,9.004444122314453,8.917062759399414,265500.0,PATK
2013-04-30,0.25999999046325684,0.25999999046325684,0.25999999046325684,0.25999999046325684,0.25999999046325684,1000.0,PAYS
2013-04-30,36.04999923706055,36.41999816894531,36.02000045776367,36.40999984741211,29.24011993408203,2111400.0,PAYX
2013-04-30,45.88000106811523,46.16999816894531,45.599998474121094,45.93999862670898,39.6328010559082,195400.0,PB
2013-04-30,32.06999969482422,32.900001525878906,31.979999542236328,32.799999237060554,21.086828231811523,330300.0,PBA
2013-04-30,4.89915943145752,4.89915943145752,4.747899055480957,4.747899055480957,4.288243293762207,1600.0,PBBI
2013-04-30,70.0,70.0,70.0,70.0,65.29307556152344,180.0,PBC
2013-04-30,13.109999656677244,13.15999984741211,13.050000190734865,13.15999984741211,9.899299621582033,2863700.0,PBCT
2013-04-30,32.11999893188477,32.400001525878906,29.88999938964844,30.45000076293945,22.57975006103516,993100.0,PBF
2013-04-30,26.90999984741211,27.11000061035156,26.31999969482422,26.95000076293945,26.95000076293945,202400.0,PBH
2013-04-30,8.536733627319336,8.536733627319336,8.360655784606934,8.360655784606934,7.585193634033202,400.0,PBHC
2013-04-30,14.460000038146973,14.5600004196167,13.119999885559082,13.670000076293945,9.764443397521973,28312200.0,PBI
2013-04-30,8.961864471435547,8.961864471435547,8.961864471435547,8.961864471435547,8.03951358795166,0.0,PBIP
2013-04-30,18.780000686645508,19.21999931335449,18.76000022888184,19.149999618530273,18.043739318847656,18398700.0,PBR
2013-04-30,12.670000076293945,12.850000381469727,12.579999923706055,12.699999809265135,7.7348480224609375,87900.0,PBT
2013-04-30,32.439998626708984,32.439998626708984,30.71999931335449,32.18000030517578,32.18000030517578,242800.0,PBYI
2013-04-30,49.27999877929688,49.77999877929688,48.97000122070313,49.77999877929688,38.34675979614258,1957600.0,PCAR
2013-04-30,0.7900000214576721,0.7900000214576721,0.7900000214576721,0.7900000214576721,0.6346846222877502,0.0,PCB
2013-04-30,8.199999809265138,8.199999809265138,8.149999618530272,8.180000305175781,5.784801483154298,78800.0,PCF
2013-04-30,48.34000015258789,48.5,48.209999084472656,48.43999862670898,41.26195907592773,2034200.0,PCG
2013-04-30,47.59000015258789,47.63000106811523,47.11000061035156,47.349998474121094,33.441463470458984,310700.0,PCH
2013-04-30,24.770000457763672,24.920000076293945,24.690000534057614,24.8700008392334,11.992816925048828,630100.0,PCI
2013-04-30,10.93000030517578,10.989999771118164,10.93000030517578,10.960000038146973,7.161929607391357,24300.0,PCK
2013-04-30,13.279999732971193,13.359999656677244,13.229999542236328,13.359999656677244,6.761986255645753,14700.0,PCM
2013-04-30,18.40999984741211,18.46999931335449,18.350000381469727,18.46999931335449,9.206990242004396,59600.0,PCN
2013-04-30,17.040000915527347,17.459999084472653,17.040000915527347,17.459999084472653,17.459999084472653,79200.0,PCOM
2013-04-30,15.470000267028807,15.470000267028807,15.31999969482422,15.329999923706055,10.287643432617188,45100.0,PCQ
2013-04-30,29.29999923706055,29.54999923706055,28.5,28.8700008392334,28.8700008392334,199300.0,PCRX
2013-04-30,6.769999980926514,6.8400001525878915,6.5,6.670000076293945,5.353222846984863,70500.0,PCTI
2013-04-30,5.010000228881836,5.050000190734863,4.940000057220459,5.0,5.0,73100.0,PCYG
2013-04-30,5.960000038146973,5.960000038146973,5.869999885559082,5.880000114440918,5.880000114440918,21000.0,PCYO
2013-04-30,43.47000122070313,44.18000030517578,42.7599983215332,43.29999923706055,43.29999923706055,462300.0,PDCE
2013-04-30,37.61000061035156,37.959999084472656,37.43999862670898,37.95000076293945,31.05385589599609,497600.0,PDCO
2013-04-30,2.039999961853028,2.039999961853028,2.0,2.0,2.0,16900.0,PDEX
2013-04-30,16.920000076293945,17.110000610351562,16.790000915527347,17.110000610351562,17.110000610351562,72800.0,PDFS
2013-04-30,30.899999618530273,31.13999938964844,30.899999618530273,31.13999938964844,13.234563827514648,127000.0,PDI
2013-04-30,7.789999961853027,7.800000190734862,7.670000076293945,7.739999771118164,5.95072603225708,1352000.0,PDLI
2013-04-30,20.25,20.540000915527344,20.25,20.520000457763672,14.781450271606445,1071900.0,PDM
2013-04-30,8.090000152587889,8.149999618530272,8.020000457763674,8.100000381469728,7.485492706298827,525400.0,PDS
2013-04-30,14.640000343322756,14.739999771118164,14.640000343322756,14.729999542236328,8.158899307250978,106000.0,PDT
2013-04-30,48.28779602050781,49.143898010253906,48.178504943847656,48.54280471801758,32.90504837036133,2183800.0,PEAK
2013-04-30,26.940000534057614,27.15999984741211,26.75,27.15999984741211,20.614206314086914,589200.0,PEB
2013-04-30,10.663636207580566,10.663636207580566,10.663636207580566,10.663636207580566,9.373771667480467,100.0,PEBK
2013-04-30,18.372726440429688,18.60909080505371,18.236364364624023,18.527273178100586,15.008734703063965,8000.0,PEBO
2013-04-30,44.70000076293945,44.70000076293945,44.400001525878906,44.400001525878906,44.400001525878906,0.0,PED
2013-04-30,36.459999084472656,36.88999938964844,36.040000915527344,36.61000061035156,28.17768669128418,3151100.0,PEG
2013-04-30,12.699999809265135,12.789999961853027,12.609999656677244,12.654999732971193,12.349742889404295,106200.0,PEGA
2013-04-30,20.280000686645508,20.790000915527344,20.280000686645508,20.729999542236328,12.193461418151855,748900.0,PEI
2013-04-30,4.349999904632568,4.349999904632568,4.050000190734863,4.050000190734863,4.050000190734863,105400.0,PEIX
2013-04-30,13.228577613830565,13.296404838562012,13.158490180969238,13.237621307373047,12.313617706298828,2146400.0,PENN
2013-04-30,25.53000068664551,25.709999084472656,25.46999931335449,25.70000076293945,17.54493522644043,42100.0,PEO
2013-04-30,82.41000366210938,82.63999938964844,82.0199966430664,82.47000122070312,67.31855010986328,4116100.0,PEP
2013-04-30,14.06999969482422,14.3100004196167,14.020000457763672,14.039999961853027,3.4418904781341557,339300.0,PER
2013-04-30,35.790000915527344,36.060001373291016,35.279998779296875,35.849998474121094,35.849998474121094,44000.0,PERI
2013-04-30,3.849999904632568,4.0,3.75,3.75,3.75,4500.0,PESI
2013-04-30,12.68000030517578,12.81999969482422,12.470000267028807,12.5,9.411661148071287,196800.0,PETS
2013-04-30,16.229999542236328,16.5,16.129999160766598,16.5,14.955984115600586,9300.0,PFBC
2013-04-30,9.686383247375488,9.765780448913574,9.638745307922363,9.686383247375488,7.205940723419189,6500.0,PFBI
2013-04-30,15.470000267028807,15.539999961853027,15.350000381469727,15.380000114440918,9.28229522705078,22800.0,PFD
2013-04-30,29.420000076293945,29.88999938964844,29.03000068664551,29.06999969482422,22.66249847412109,69991900.0,PFE
2013-04-30,35.849998474121094,36.15999984741211,35.52000045776367,36.099998474121094,28.767364501953125,1271300.0,PFG
2013-04-30,19.940000534057614,20.43000030517578,19.8799991607666,20.399999618530273,8.362398147583008,46000.0,PFH
2013-04-30,1.2699999809265137,1.309999942779541,1.2699999809265137,1.309999942779541,1.309999942779541,16300.0,PFIE
2013-04-30,8.0,8.180000305175781,7.369999885559082,7.829999923706055,6.74953031539917,61400.0,PFIN
2013-04-30,35.25,35.25,35.25,35.25,28.83347129821777,0.0,PFIS
2013-04-30,13.510000228881836,13.619999885559082,13.510000228881836,13.600000381469727,6.94343900680542,50900.0,PFL
2013-04-30,14.079999923706055,14.220000267028807,14.079999923706055,14.15999984741211,7.765318393707275,46900.0,PFLT
2013-04-30,10.470000267028807,10.470000267028807,9.699999809265137,9.729999542236328,9.729999542236328,1223600.0,PFMT
2013-04-30,11.640000343322756,11.68000030517578,11.59000015258789,11.609999656677244,5.828460216522218,211300.0,PFN
2013-04-30,12.640000343322756,12.760000228881836,12.5600004196167,12.609999656677244,7.530379772186278,37200.0,PFO
2013-04-30,18.43000030517578,18.5,17.950000762939453,18.31999969482422,18.31999969482422,206100.0,PFPT
2013-04-30,15.210000038146973,15.420000076293945,15.15999984741211,15.329999923706055,12.023820877075195,124600.0,PFS
2013-04-30,4.329999923706056,4.400000095367432,4.2199997901916495,4.260000228881837,4.260000228881837,134900.0,PFSW
2013-04-30,77.86000061035156,77.88999938964844,76.5999984741211,76.7699966430664,62.23493194580078,9653800.0,PG
2013-04-30,14.34000015258789,14.600000381469727,14.34000015258789,14.579999923706055,13.776514053344727,6000.0,PGC
2013-04-30,33.72999954223633,33.90999984741211,33.720001220703125,33.90999984741211,33.90999984741211,4700.0,PGM
2013-04-30,4.550000190734863,4.630000114440918,4.53000020980835,4.599999904632568,4.599999904632568,207400.0,PGNX
2013-04-30,22.56999969482422,22.57999992370605,22.450000762939453,22.520000457763672,11.102335929870604,31500.0,PGP
2013-04-30,25.190000534057614,25.309999465942386,25.1200008392334,25.290000915527344,21.5858154296875,2911700.0,PGR
2013-04-30,7.789999961853027,7.8499999046325675,7.5999999046325675,7.699999809265138,7.699999809265138,373600.0,PGTI
2013-04-30,88.68000030517578,88.7300033569336,87.30999755859375,88.56999969482422,77.59919738769531,1540100.0,PH
2013-04-30,13.890000343322756,13.960000038146973,13.670000076293945,13.850000381469727,8.812371253967285,94800.0,PHD
2013-04-30,27.420000076293945,27.649999618530273,27.3700008392334,27.60000038146973,22.41509246826172,416300.0,PHG
2013-04-30,73.33999633789062,73.66999816894531,73.27999877929688,73.47000122070312,50.959388732910156,151100.0,PHI
2013-04-30,36300.0,37950.0,34650.0,34650.0,34650.0,0.0,PHIO
2013-04-30,12.5600004196167,12.649999618530273,12.550000190734865,12.649999618530273,5.5312843322753915,427400.0,PHK
2013-04-30,20.989999771118164,21.229999542236328,20.600000381469727,20.989999771118164,18.98221015930176,9012500.0,PHM
2013-04-30,17.920000076293945,17.979999542236328,17.860000610351562,17.969999313354492,9.280673027038574,59700.0,PHT
2013-04-30,14.09000015258789,14.239999771118164,14.09000015258789,14.239999771118164,13.16478443145752,7400.0,PHX
2013-04-30,98.93209838867188,98.93209838867188,98.93209838867188,98.93209838867188,98.93209838867188,112.0,PIC
2013-04-30,21.649999618530273,21.90999984741211,21.440000534057614,21.700000762939453,15.65543270111084,145600.0,PICO
2013-04-30,86.2300033569336,86.80000305175781,85.7300033569336,86.19000244140625,74.08232116699219,739400.0,PII
2013-04-30,5.230000019073486,5.230000019073486,5.190000057220459,5.199999809265137,3.23459792137146,295100.0,PIM
2013-04-30,25.60000038146973,25.68000030517578,25.60000038146973,25.68000030517578,11.624253273010256,400.0,PIY
2013-04-30,25.790000915527344,25.8700008392334,25.76000022888184,25.790000915527344,18.039043426513672,78800.0,PJH
2013-04-30,0.05000000074505806,0.05000000074505806,0.05000000074505806,0.05000000074505806,0.04883114993572235,15000.0,PJT
2013-04-30,5.747558116912843,6.010518550872803,5.6949663162231445,6.010518550872803,5.27931547164917,5100.0,PKBK
2013-04-30,23.29999923706055,23.93000030517578,23.1299991607666,23.8700008392334,11.760841369628904,35900.0,PKE
2013-04-30,47.20000076293945,47.56999969482422,46.52000045776367,47.56000137329102,38.9155158996582,1263000.0,PKG
2013-04-30,30.309999465942386,30.709999084472656,30.309999465942386,30.649999618530273,29.601152420043945,1926900.0,PKI
2013-04-30,32.259998321533196,32.61999893188477,32.049999237060554,32.47999954223633,15.30372428894043,97000.0,PKO
2013-04-30,36.88999938964844,36.88999938964844,36.18999862670898,36.77999877929688,33.94916534423828,44900.0,PKOH
2013-04-30,71.18000030517578,72.04000091552734,70.5999984741211,71.98999786376953,57.91831588745117,186600.0,PKX
2013-04-30,7.889999866485597,7.9099998474121085,7.78000020980835,7.889999866485597,7.889999866485597,420100.0,PLAB
2013-04-30,28.0,28.75,27.75,28.5,28.5,700.0,PLAG
2013-04-30,4.710000038146973,5.0,4.699999809265137,4.949999809265137,4.685068130493164,7900.0,PLBC
2013-04-30,48.099998474121094,49.25,48.02000045776367,48.91999816894531,44.61975860595703,355600.0,PLCE
2013-04-30,41.650001525878906,41.97000122070313,41.5099983215332,41.95000076293945,33.60696029663086,3493100.0,PLD
2013-04-30,122.0,127.0,122.0,126.0,126.0,2300.0,PLG
2013-04-30,0.9790209531784058,0.9965034723281859,0.9615384340286256,0.987762212753296,0.987762212753296,99500.0,PLM
2013-04-30,13.84000015258789,14.0,13.829999923706055,13.989999771118164,10.843810081481934,45200.0,PLOW
2013-04-30,79.3499984741211,80.69999694824219,78.69999694824219,80.5,72.27130889892578,6400.0,PLPC
2013-04-30,43.75,43.95000076293945,43.47000122070313,43.81999969482422,39.90805435180664,255400.0,PLT
2013-04-30,0.17000000178813934,0.17000000178813934,0.1599999964237213,0.1599999964237213,0.1599999964237213,316500.0,PLUG
2013-04-30,22.63500022888184,22.795000076293945,22.53000068664551,22.739999771118164,22.739999771118164,9600.0,PLUS
2013-04-30,56.70000076293945,57.099998474121094,56.29999923706055,56.70000076293945,56.70000076293945,13600.0,PLX
2013-04-30,26.76000022888184,27.10000038146973,26.540000915527344,26.96999931335449,26.96999931335449,136900.0,PLXS
2013-04-30,95.83000183105469,95.9000015258789,95.05999755859376,95.58999633789062,67.61759185791016,3716400.0,PM
2013-04-30,5.940000057220459,6.019999980926514,5.8499999046325675,6.0,6.0,40900.0,PMBC
2013-04-30,11.109999656677246,11.199999809265137,11.029999732971193,11.15999984741211,8.178171157836914,16500.0,PMD
2013-04-30,10.100000381469727,10.100000381469727,10.100000381469727,10.100000381469727,9.314338684082033,0.0,PME
2013-04-30,16.059999465942386,16.129999160766598,16.020000457763672,16.049999237060547,10.575111389160156,17400.0,PMF
2013-04-30,13.149999618530273,13.149999618530273,13.100000381469727,13.109999656677244,8.619553565979004,80700.0,PML
2013-04-30,7.960000038146973,8.0,7.940000057220459,7.949999809265138,5.342167854309082,96400.0,PMM
2013-04-30,12.640000343322756,12.68000030517578,12.600000381469727,12.65999984741211,8.564640045166017,80600.0,PMO
2013-04-30,25.25,25.29999923706055,25.04999923706055,25.25,11.942116737365724,857400.0,PMT
2013-04-30,12.600000381469727,12.649999618530273,12.529999732971193,12.630000114440918,8.144455909729004,64800.0,PMX
2013-04-30,14.800000190734865,14.800000190734865,14.800000190734865,14.800000190734865,14.701045989990234,0.0,PNBK
2013-04-30,68.22000122070311,68.33999633789061,67.54000091552734,67.87999725341797,57.49949264526367,4437400.0,PNC
2013-04-30,12.539999961853027,12.59000015258789,12.470000267028807,12.520000457763672,8.528300285339355,7300.0,PNF
2013-04-30,24.11000061035156,24.3799991607666,23.96999931335449,24.270000457763672,22.74039649963379,91400.0,PNFP
2013-04-30,13.18000030517578,13.239999771118164,13.170000076293945,13.239999771118164,8.852998733520508,5500.0,PNI
2013-04-30,23.790000915527344,24.01000022888184,23.61000061035156,24.01000022888184,20.03866577148437,465600.0,PNM
2013-04-30,11.640000343322756,11.710000038146973,11.479999542236328,11.699999809265135,5.019350528717041,440900.0,PNNT
2013-04-30,36.521156311035156,36.83008575439453,36.17192840576172,36.50100708007813,30.46542358398437,2070100.0,PNR
2013-04-30,30.75,30.75,30.03000068664551,30.03000068664551,30.03000068664551,700.0,PNRG
2013-04-30,60.68000030517578,61.0,60.5,60.9000015258789,47.89288711547852,659000.0,PNW
2013-04-30,3375.0,3468.75,3093.75,3375.0,3375.0,0.0,POAI
2013-04-30,25.5,25.57999992370605,25.11000061035156,25.239999771118164,25.239999771118164,340900.0,PODD
2013-04-30,22.440000534057614,22.739999771118164,22.299999237060547,22.53000068664551,20.126853942871094,549900.0,POL
2013-04-30,48.97000122070313,49.099998474121094,48.79999923706055,49.02000045776367,44.809959411621094,119700.0,POOL
2013-04-30,61.27999877929688,61.599998474121094,61.25,61.599998474121094,45.85324478149414,2200.0,POPE
2013-04-30,31.95000076293945,32.259998321533196,31.86000061035156,32.25,25.791828155517575,409600.0,POR
2013-04-30,43.599998474121094,43.79999923706055,43.52999877929688,43.790000915527344,43.790000915527344,104400.0,POST
2013-04-30,40.97999954223633,41.43999862670898,40.47999954223633,41.40999984741211,38.96575164794922,205100.0,POWI
2013-04-30,49.5099983215332,49.5099983215332,48.08000183105469,49.2400016784668,40.847564697265625,44800.0,POWL
2013-04-30,12.119999885559082,12.25,12.010000228881836,12.149999618530273,11.717107772827148,40100.0,PPBI
2013-04-30,9.890000343322754,9.970000267028807,9.720000267028807,9.789999961853027,7.399995803833008,871500.0,PPC
2013-04-30,73.55000305175781,73.68000030517578,72.81500244140625,73.56999969482422,64.12152099609375,1635800.0,PPG
2013-04-30,7.260000228881836,7.420000076293945,7.199999809265138,7.289999961853027,7.289999961853027,6300.0,PPIH
2013-04-30,31.0156192779541,31.090131759643555,30.9224796295166,31.090131759643555,22.06273460388184,3681100.0,PPL
2013-04-30,6.78000020980835,6.78000020980835,6.5999999046325675,6.679999828338622,4.330935001373291,527000.0,PPR
2013-04-30,5.510000228881836,5.53000020980835,5.510000228881836,5.53000020980835,3.520775556564331,289100.0,PPT
2013-04-30,25.93000030517578,26.239999771118164,25.809999465942386,26.239999771118164,19.36959457397461,107500.0,PPX
2013-04-30,48.709999084472656,48.9900016784668,48.540000915527344,48.9900016784668,40.55664825439453,199300.0,PRA
2013-04-30,40.58000183105469,41.10333251953125,40.33333206176758,40.91666793823242,40.91666793823242,156600.0,PRAA
2013-04-30,6.880000114440918,7.0,6.880000114440918,6.989999771118164,6.758415699005128,26000.0,PRCP
2013-04-30,10.25,10.59000015258789,10.25,10.479999542236328,10.479999542236328,122400.0,PRFT
2013-04-30,119.5500030517578,119.66999816894531,118.2699966430664,119.41000366210938,112.8497543334961,369100.0,PRGO
2013-04-30,22.06999969482422,22.56999969482422,22.030000686645508,22.56999969482422,21.365123748779297,354400.0,PRGS
2013-04-30,5.550000190734863,5.630000114440918,5.1599998474121085,5.5900001525878915,5.5900001525878915,400100.0,PRGX
2013-04-30,25.5,25.54999923706055,25.45000076293945,25.459999084472656,19.634973526000977,188400.0,PRH
2013-04-30,33.900001525878906,34.06999969482422,33.740001678466804,33.959999084472656,31.40774345397949,223600.0,PRI
2013-04-30,22.020000457763672,22.07999992370605,21.690000534057614,22.040000915527344,20.595359802246094,119000.0,PRIM
2013-04-30,68.31999969482422,68.37999725341797,67.73000335693361,68.37999725341797,50.81619262695313,24400.0,PRK
2013-04-30,50.65999984741211,51.18999862670898,49.52999877929688,51.08000183105469,51.08000183105469,434300.0,PRLB
2013-04-30,1.2699999809265137,1.2799999713897705,1.190000057220459,1.2400000095367432,1.2350695133209229,46700.0,PRMW
2013-04-30,25.75,25.959999084472656,25.20000076293945,25.920000076293945,25.920000076293945,66200.0,PRO
2013-04-30,16.069999694824222,16.200000762939453,16.0,16.200000762939453,13.340561866760256,89300.0,PROV
2013-04-30,1.4299999475479126,1.4600000381469729,1.4199999570846558,1.4600000381469729,0.8840485215187073,11400.0,PRPH
2013-04-30,17.34000015258789,17.559999465942386,17.34000015258789,17.510000228881836,17.510000228881836,43900.0,PRSC
2013-04-30,3.5,3.5,3.259999990463257,3.5,2.82424545288086,694.0,PRT
2013-04-30,8.289999961853027,8.399999618530272,8.260000228881836,8.260000228881836,8.260000228881836,34600.0,PRTA
2013-04-30,47.52000045776367,47.88000106811523,46.79999923706055,47.52000045776367,11.560430526733398,3700.0,PRTK
2013-04-30,1.2899999618530271,1.3400000333786009,1.2400000095367432,1.25,1.25,127800.0,PRTS
2013-04-30,60.16999816894531,60.5099983215332,59.68000030517578,60.41999816894531,48.13529968261719,2192600.0,PRU
2013-04-30,29.75,30.25,29.0,29.25,29.25,3986000.0,PS
2013-04-30,161.66000366210938,165.3300018310547,161.60000610351562,165.0,129.49662780761722,872700.0,PSA
2013-04-30,78.41999816894531,80.0,78.33000183105469,79.80000305175781,66.02983093261719,83400.0,PSB
2013-04-30,10.93000030517578,11.029999732971193,10.90999984741211,11.029999732971193,4.748934745788574,2947000.0,PSEC
2013-04-30,27.79999923706055,27.95000076293945,27.790000915527344,27.8700008392334,15.38378620147705,47500.0,PSF
2013-04-30,278076.96875,281040.46875,274619.53125,281040.46875,269081.4375,0.0,PSHG
2013-04-30,88.79000091552734,89.2699966430664,88.11000061035156,89.2300033569336,83.85179901123047,95400.0,PSMT
2013-04-30,0.12200000137090684,0.12200000137090684,0.12200000137090684,0.12200000137090684,0.12200000137090684,0.0,PSN
2013-04-30,18.15999984741211,18.270000457763672,18.09000015258789,18.270000457763672,13.62116527557373,541000.0,PSO
2013-04-30,30.79999923706055,31.899999618530273,30.79999923706055,31.79999923706055,31.79999923706055,7300.0,PSTI
2013-04-30,20400.0,21675.0,20400.0,21075.0,21075.0,0.0,PSTV
2013-04-30,61.93000030517578,62.20000076293945,60.02000045776367,60.95000076293945,49.63012313842773,5457000.0,PSX
2013-04-30,23.70000076293945,24.15999984741211,23.70000076293945,24.01000022888184,24.01000022888184,1421700.0,PTC
2013-04-30,25.20000076293945,25.20000076293945,24.36000061035156,24.78000068664551,17.476421356201172,7700.0,PTE
2013-04-30,21.049999237060547,21.32999992370605,20.88999938964844,21.09000015258789,19.21219253540039,2992000.0,PTEN
2013-04-30,16.100000381469727,16.219999313354492,16.100000381469727,16.219999313354492,16.219999313354492,1095.0,PTI
2013-04-30,10.989999771118164,10.989999771118164,10.619999885559082,10.81999969482422,3.8006398677825928,280300.0,PTMN
2013-04-30,0.6399999856948853,0.6499999761581421,0.5899999737739563,0.6000000238418579,0.6000000238418579,141900.0,PTN
2013-04-30,6.9099998474121085,7.0,6.9000000953674325,6.929999828338622,6.929999828338622,38500.0,PTNR
2013-04-30,126.98999786376952,127.97000122070312,126.16000366210938,127.86000061035156,104.0074234008789,85200.0,PTR
2013-04-30,10.449999809265137,10.449999809265137,10.079999923706056,10.4399995803833,10.4399995803833,13800.0,PTSI
2013-04-30,23.21999931335449,23.85000038146973,23.21999931335449,23.5,17.66002082824707,2700.0,PTVCA
2013-04-30,24.36000061035156,24.36000061035156,24.21999931335449,24.29999923706055,18.3565731048584,5300.0,PTVCB
2013-04-30,21.940000534057614,21.940000534057614,21.76000022888184,21.81999969482422,9.709230422973633,192700.0,PTY
2013-04-30,34.59000015258789,34.650001525878906,34.380001068115234,34.540000915527344,24.53050804138184,303800.0,PUK
2013-04-30,7.1599998474121085,7.369999885559082,6.75,7.329999923706055,7.329999923706055,327400.0,PVG
2013-04-30,115.5,116.5,113.61000061035156,115.41000366210938,114.21527862548828,1411700.0,PVH
2013-04-30,16.100000381469727,16.430000305175778,16.059999465942386,16.309999465942386,5.744715213775635,43400.0,PVL
2013-04-30,10.289999961853027,10.289999961853027,10.100000381469727,10.220000267028807,10.220000267028807,6000.0,PW
2013-04-30,39.810001373291016,40.91999816894531,39.68000030517578,40.91999816894531,32.56090545654297,6000.0,PWOD
2013-04-30,27.5,27.59000015258789,27.06999969482422,27.479999542236328,27.3237247467041,1431800.0,PWR
2013-04-30,120.70999908447266,122.8499984741211,120.16000366210938,122.2300033569336,119.73368072509766,1331400.0,PXD
2013-04-30,2.299999952316284,2.309999942779541,2.2799999713897705,2.299999952316284,2.299999952316284,4700.0,PXLW
2013-04-30,10.239999771118164,10.279999732971193,10.199999809265137,10.279999732971193,6.898011684417725,12100.0,PYN
2013-04-30,24.790000915527344,24.790000915527344,24.70000076293945,24.70000076293945,15.344029426574707,1400.0,PYS
2013-04-30,21.450000762939453,21.649999618530273,20.809999465942386,20.950000762939453,16.425039291381836,2800.0,PYT
2013-04-30,37.79999923706055,37.900001525878906,37.099998474121094,37.5,37.5,13600.0,PYX
2013-04-30,11.170000076293944,11.170000076293944,11.039999961853027,11.050000190734863,7.3381919860839835,92700.0,PZC
2013-04-30,1.6100000143051147,1.6100000143051147,1.5499999523162842,1.5800000429153442,1.5800000429153442,645600.0,PZG
2013-04-30,6.769999980926514,6.78000020980835,6.139999866485597,6.3400001525878915,4.3883419036865225,68600.0,PZN
2013-04-30,31.434999465942386,31.73500061035156,31.434999465942386,31.5,28.770263671875,546000.0,PZZA
2013-04-30,12.06999969482422,12.119999885559082,11.800000190734865,12.079999923706055,11.13526439666748,38600.0,QADA
2013-04-30,10.40999984741211,10.520000457763672,10.300000190734863,10.520000457763672,9.6986665725708,800.0,QADB
2013-04-30,10.68000030517578,11.279999732971193,10.619999885559082,11.279999732971193,11.279999732971193,500.0,QBAK
2013-04-30,61.599998474121094,62.11999893188477,61.25,61.599998474121094,49.2177734375,21041900.0,QCOM
2013-04-30,15.989999771118164,16.020000457763672,15.960000038146973,15.970000267028807,15.381114959716795,2200.0,QCRH
2013-04-30,22.100000381469727,22.78000068664551,22.100000381469727,22.31999969482422,22.31999969482422,267600.0,QDEL
2013-04-30,28.68000030517578,29.040000915527344,28.3799991607666,28.709999084472656,27.87155723571777,2786200.0,QEP
2013-04-30,20.467775344848636,20.738046646118164,20.093555450439453,20.665281295776367,19.87747383117676,2230500.0,QGEN
2013-04-30,10.829999923706056,11.0,10.829999923706056,11.0,11.0,51700.0,QLYS
2013-04-30,11.279999732971193,11.4399995803833,11.119999885559082,11.4399995803833,11.4399995803833,83700.0,QMCO
2013-04-30,6.53000020980835,6.670000076293945,6.329999923706055,6.539999961853027,6.539999961853027,62700.0,QNST
2013-04-30,15.609999656677244,15.859999656677244,15.609999656677244,15.859999656677244,9.656031608581543,56100.0,QQQX
2013-04-30,22.31999969482422,22.31999969482422,22.31999969482422,22.31999969482422,22.31999969482422,0.0,QRHC
2013-04-30,17.681894302368164,18.028764724731445,17.614213943481445,18.011844635009766,18.011844635009766,3613200.0,QRTEA
2013-04-30,17.78154182434082,17.993227005004886,17.78154182434082,17.993227005004886,17.993227005004886,400.0,QRTEB
2013-04-30,21.040000915527344,21.21999931335449,20.709999084472656,20.899999618530273,12.789876937866213,330800.0,QUAD
2013-04-30,34.02000045776367,35.97999954223633,33.880001068115234,35.84000015258789,35.84000015258789,15400.0,QUIK
2013-04-30,8.800000190734863,9.050000190734863,8.800000190734863,9.010000228881836,9.010000228881836,63600.0,QUMU
2013-04-30,57.4900016784668,58.06999969482422,56.86000061035156,58.06999969482422,48.25078964233398,648600.0,R
2013-04-30,52.599998474121094,53.599998474121094,52.20000076293945,53.0,53.0,1108900.0,RAD
2013-04-30,2.240000009536743,2.240000009536743,2.240000009536743,2.240000009536743,2.240000009536743,3000.0,RADA
2013-04-30,20.950000762939453,21.07999992370605,20.549999237060547,20.8799991607666,19.40985107421875,32700.0,RAIL
2013-04-30,2.8399999141693115,2.9800000190734863,2.8399999141693115,2.970000028610229,2.970000028610229,1200.0,RAND
2013-04-30,7.75,8.149999618530272,7.639999866485597,7.940000057220459,7.940000057220459,228800.0,RAVE
2013-04-30,32.84000015258789,33.59000015258789,32.81999969482422,33.549999237060554,29.496789932250977,59800.0,RAVN
2013-04-30,19.670000076293945,20.5,19.399999618530273,20.170000076293945,16.92950439453125,1031300.0,RBA
2013-04-30,10.149999618530273,10.5,10.050000190734863,10.5,10.5,285500.0,RBBN
2013-04-30,77.79000091552734,78.70999908447266,77.36000061035156,78.62000274658203,71.28630065917969,285300.0,RBC
2013-04-30,21.479999542236328,22.31999969482422,21.420000076293945,22.200000762939453,18.33351325988769,25500.0,RBCAA
2013-04-30,75.30000305175781,76.0,73.30000305175781,74.0999984741211,74.0999984741211,29000.0,RBCN
2013-04-30,9.289999961853027,9.289999961853027,9.289999961853027,9.289999961853027,8.40794563293457,0.0,RBNC
2013-04-30,9.59000015258789,9.630000114440918,9.4399995803833,9.5600004196167,7.993159770965576,1000600.0,RBS
2013-04-30,20.51000022888184,20.71999931335449,20.31999969482422,20.65999984741211,9.548378944396973,24100.0,RC
2013-04-30,0.8000000119209291,0.8000000119209291,0.8000000119209291,0.8000000119209291,0.8000000119209291,0.0,RCA
2013-04-30,68.0238037109375,68.48979949951172,68.0238037109375,68.16359710693361,66.13372802734375,127845.0,RCB
2013-04-30,2.0,2.0,2.0,2.0,2.0,400.0,RCEL
2013-04-30,1.4199999570846558,1.5399999618530271,1.4199999570846558,1.5399999618530271,1.5399999618530271,10000.0,RCG
2013-04-30,49.40999984741211,49.47000122070313,48.88000106811523,49.33000183105469,36.991111755371094,494000.0,RCI
2013-04-30,34.389999389648445,35.009998321533196,34.200000762939446,34.93000030517578,29.98936653137207,1040800.0,RCII
2013-04-30,14.880000114440918,14.90999984741211,14.399999618530273,14.800000190734865,12.146471977233887,17400.0,RCKY
2013-04-30,36.54999923706055,36.77999877929688,36.18999862670898,36.52999877929688,31.14322662353516,2115900.0,RCL
2013-04-30,5.699999809265138,5.739999771118164,5.630000114440918,5.6500000953674325,2.3400466442108154,12100.0,RCMT
2013-04-30,10.300000190734863,10.899999618530273,10.050000190734863,10.399999618530273,10.399999618530273,6800.0,RCON
2013-04-30,0.003000000026077032,0.003000000026077032,0.003000000026077032,0.003000000026077032,0.002683303551748395,0.0,RCP
2013-04-30,11.5600004196167,11.649999618530273,11.520000457763672,11.640000343322756,5.954498767852782,84900.0,RCS
2013-04-30,3.0499999523162837,3.059999942779541,3.0499999523162837,3.059999942779541,3.059999942779541,400.0,RDCM
2013-04-30,10.050000190734863,10.050000190734863,10.050000190734863,10.050000190734863,10.050000190734863,100.0,RDHL
2013-04-30,5.679999828338622,5.829999923706055,5.670000076293945,5.820000171661378,5.820000171661378,56900.0,RDI
2013-04-30,6.690000057220459,6.690000057220459,6.690000057220459,6.690000057220459,6.690000057220459,0.0,RDIB
2013-04-30,11.729999542236328,12.149999618530273,11.729999542236328,11.949999809265135,11.838750839233398,10184400.0,RDN
2013-04-30,2.799999952316284,2.799999952316284,2.720000028610229,2.740000009536743,2.740000009536743,22200.0,RDNT
2013-04-30,14.729999542236328,14.989999771118164,14.579999923706055,14.989999771118164,14.989999771118164,361000.0,RDWR
2013-04-30,37.45000076293945,37.97000122070313,37.31999969482422,37.88000106811523,36.090003967285156,251200.0,RDY
2013-04-30,133.82000732421878,135.00999450683594,133.16000366210938,134.99000549316406,115.86132049560548,587000.0,RE
2013-04-30,4.130000114440918,4.150000095367432,4.070000171661377,4.0900001525878915,4.0900001525878915,28900.0,REED
2013-04-30,4.199999809265137,4.199999809265137,4.099999904632568,4.150000095367432,4.150000095367432,39400.0,REFR
2013-04-30,55.18999862670898,56.2599983215332,54.97000122070313,56.2599983215332,44.64405822753906,677700.0,REG
2013-04-30,9.56999969482422,9.829999923706056,9.229999542236328,9.829999923706056,9.829999923706056,346000.0,REGI
2013-04-30,217.5800018310547,217.88999938964844,212.5,215.13999938964844,215.13999938964844,15385400.0,REGN
2013-04-30,7.5,7.949999809265138,7.5,7.949999809265138,7.949999809265138,3900.0,REI
2013-04-30,11.630000114440918,11.779999732971193,11.630000114440918,11.729999542236328,9.274643898010254,48500.0,RELL
2013-04-30,9.100000381469727,9.380000114440918,8.819999694824219,8.890000343322754,8.86542797088623,900.0,RELV
2013-04-30,11.662500381469727,11.692500114440918,11.600000381469727,11.654999732971193,7.712020874023437,253200.0,RELX
2013-04-30,41.400001525878906,43.04999923706055,41.25,42.0,3.830266952514648,48900.0,RENN
2013-04-30,13.149999618530273,13.359999656677244,13.050000190734865,13.239999771118164,11.877459526062012,886000.0,RES
2013-04-30,18.81999969482422,19.149999618530273,18.81999969482422,19.0,12.326987266540527,520100.0,RESI
2013-04-30,18.770000457763672,19.90999984741211,18.700000762939453,19.350000381469727,19.350000381469727,182600.0,REV
2013-04-30,18.63999938964844,18.790000915527344,18.479999542236328,18.690000534057614,18.690000534057614,27300.0,REX
2013-04-30,40.79999923706055,40.79999923706055,38.400001525878906,38.400001525878906,38.400001525878906,2000.0,REXN
2013-04-30,8.380000114440918,8.489999771118164,8.359999656677246,8.489999771118164,7.148549556732178,19998800.0,RF
2013-04-30,15.039999961853027,15.039999961853027,14.949999809265135,14.949999809265135,8.226544380187987,45800.0,RFI
2013-04-30,6.079999923706055,6.0999999046325675,5.949999809265138,6.0,4.697531700134277,52000.0,RFIL
2013-04-30,5.829999923706055,6.0,5.690000057220459,5.690000057220459,5.690000057220459,2833100.0,RFM
2013-04-30,14.359999656677244,14.65999984741211,13.979999542236328,14.630000114440918,12.636812210083008,716200.0,RFP
2013-04-30,61.52000045776367,62.54999923706055,61.43999862670898,62.54999923706055,56.06166076660156,882800.0,RGA
2013-04-30,13.326666831970215,13.326666831970215,13.326666831970215,13.326666831970215,10.110270500183104,300.0,RGCO
2013-04-30,8.949999809265137,9.010000228881836,8.880000114440918,8.960000038146973,8.960000038146973,180900.0,RGEN
2013-04-30,53.75,55.61999893188477,53.16999816894531,55.58000183105469,50.65674209594727,1048800.0,RGLD
2013-04-30,83.16000366210938,85.44000244140625,82.80000305175781,84.23999786376953,84.23999786376953,4400.0,RGLS
2013-04-30,52.06999969482422,52.72999954223633,48.43000030517578,51.27000045776367,43.25090026855469,1196200.0,RGR
2013-04-30,18.299999237060547,18.75,18.270000457763672,18.75,18.18409919738769,404900.0,RGS
2013-04-30,38.11999893188477,39.08000183105469,38.11999893188477,38.95000076293945,38.95000076293945,133900.0,RH
2013-04-30,32.799999237060554,33.049999237060554,32.59999847412109,32.81999969482422,29.33596229553223,1405100.0,RHI
2013-04-30,44.0,44.90999984741211,43.959999084472656,44.459999084472656,31.02131271362305,562500.0,RHP
2013-04-30,14.0,16.0,14.0,14.0,14.0,100.0,RIBT
2013-04-30,8.420000076293945,8.489999771118164,8.210000038146973,8.409999847412111,8.153203010559082,47700.0,RICK
2013-04-30,20.760347366333008,20.837343215942386,20.654476165771484,20.789220809936523,12.444270133972168,14700.0,RIF
2013-04-30,51.2599983215332,51.4900016784668,50.15999984741211,51.47000122070313,43.48653793334961,1818900.0,RIG
2013-04-30,4.820000171661377,4.820000171661377,4.6599998474121085,4.789999961853027,4.789999961853027,620600.0,RIGL
2013-04-30,8.712871551513674,8.712871551513674,8.712871551513674,8.712871551513674,7.58802604675293,100.0,RILY
2013-04-30,45.58000183105469,46.06000137329102,44.97999954223633,46.06000137329102,31.899394989013672,3999700.0,RIO
2013-04-30,10.949999809265137,10.949999809265137,10.949999809265137,10.949999809265137,8.323216438293457,0.0,RIVE
2013-04-30,8.850000381469727,8.899999618530273,8.819999694824219,8.880000114440918,8.880000114440918,218100.0,RJA
2013-04-30,40.290000915527344,41.47999954223633,40.27000045776367,41.41999816894531,37.56861114501953,2248900.0,RJF
2013-04-30,8.319999694824219,8.329999923706055,8.270000457763674,8.270000457763674,8.270000457763674,2422000.0,RJI
2013-04-30,6.559999942779541,6.559999942779541,6.380000114440918,6.449999809265138,6.449999809265138,138300.0,RJN
2013-04-30,9.380000114440918,9.43000030517578,9.220000267028807,9.369999885559082,9.369999885559082,46200.0,RJZ
2013-04-30,176.9199981689453,181.8300018310547,176.5,181.5800018310547,158.45130920410156,1117800.0,RL
2013-04-30,1.9800000190734863,2.0199999809265137,1.9800000190734863,2.0199999809265137,2.0199999809265137,9200.0,RLGT
2013-04-30,47.97000122070313,48.56000137329102,47.63000106811523,48.0,44.802730560302734,1982900.0,RLGY
2013-04-30,6.639999866485597,6.6500000953674325,6.510000228881836,6.53000020980835,6.53000020980835,23500.0,RLH
2013-04-30,35.595001220703125,35.92499923706055,35.595001220703125,35.92499923706055,32.05240249633789,84200.0,RLI
2013-04-30,22.57999992370605,23.040000915527344,22.489999771118164,23.040000915527344,15.7926025390625,576000.0,RLJ
2013-04-30,21.940000534057614,21.940000534057614,21.190000534057614,21.68000030517578,21.68000030517578,15700.0,RM
2013-04-30,6.8499999046325675,7.0,6.78000020980835,6.960000038146973,6.960000038146973,1067100.0,RMBS
2013-04-30,12.15999984741211,12.270000457763672,12.15999984741211,12.220000267028807,8.94743824005127,7000.0,RMCF
2013-04-30,47.38000106811523,48.02999877929688,47.290000915527344,48.02000045776367,42.77459335327149,1599600.0,RMD
2013-04-30,0.20499999821186066,0.20499999821186066,0.20499999821186066,0.20499999821186066,0.20499999821186066,10000.0,RMG
2013-04-30,10.300000190734863,10.43000030517578,10.300000190734863,10.420000076293944,4.424225807189941,58100.0,RMT
2013-04-30,4.099999904632568,4.269999980926514,4.070000171661377,4.239999771118163,4.239999771118163,175000.0,RMTI
2013-04-30,23.899999618530273,24.309999465942386,23.899999618530273,24.20000076293945,24.20000076293945,17300.0,RNET
2013-04-30,19.149999618530273,19.25,19.06999969482422,19.149999618530273,11.34400463104248,114500.0,RNP
2013-04-30,93.86000061035156,94.0999984741211,93.2699966430664,93.88999938964844,87.3335952758789,409100.0,RNR
2013-04-30,22.6299991607666,22.95000076293945,22.440000534057614,22.81999969482422,19.540430068969727,26400.0,RNST
2013-04-30,7.5999999046325675,7.760000228881836,7.460000038146973,7.699999809265138,7.699999809265138,35600.0,RNWK
2013-04-30,8.055999755859375,8.055999755859375,8.055999755859375,8.055999755859375,8.055999755859375,0.0,ROAD
2013-04-30,42.43000030517578,43.0,42.11999893188477,42.63999938964844,42.63999938964844,78100.0,ROG
2013-04-30,14.859999656677244,14.859999656677244,14.65999984741211,14.8100004196167,11.067112922668457,1622300.0,ROIC
2013-04-30,84.88999938964844,85.3499984741211,83.81999969482422,84.77999877929688,72.66171264648438,1003800.0,ROK
2013-04-30,10.702221870422363,10.80888843536377,10.613333702087402,10.80888843536377,9.349320411682127,396000.0,ROL
2013-04-30,48.41999816894531,48.41999816894531,47.88999938964844,48.099998474121094,46.56079864501953,136400.0,ROLL
2013-04-30,118.87000274658205,120.01000213623048,118.38999938964844,119.6500015258789,114.88963317871094,1127800.0,ROP
2013-04-30,42.97999954223633,43.08000183105469,42.34000015258789,42.90999984741211,42.90999984741211,1962239.0,ROSE
2013-04-30,32.955001831054695,33.060001373291016,32.69499969482422,33.03499984741211,30.80406951904297,4234800.0,ROST
2013-04-30,18.1299991607666,18.290000915527344,17.969999313354492,17.969999313354492,10.20216464996338,21000.0,ROYT
2013-04-30,20.290000915527344,21.649999618530273,20.100000381469727,20.399999618530273,20.399999618530273,129500.0,RP
2013-04-30,15.109999656677244,15.31999969482422,15.010000228881836,15.3100004196167,10.392497062683104,500700.0,RPAI
2013-04-30,31.8799991607666,32.400001525878906,31.739999771118164,32.400001525878906,27.66373443603516,648500.0,RPM
2013-04-30,17.290000915527347,17.510000228881836,17.239999771118164,17.469999313354492,12.331298828125,469200.0,RPT
2013-04-30,12.170000076293945,12.1899995803833,12.079999923706055,12.18000030517578,7.133449077606201,204500.0,RQI
2013-04-30,74.12999725341797,74.12999725341797,72.66999816894531,73.5199966430664,71.09471130371094,1261900.0,RRC
2013-04-30,12.229999542236328,12.350000381469727,12.170000076293945,12.3100004196167,8.56059455871582,3212900.0,RRD
2013-04-30,46.47999954223633,48.56000137329102,46.29999923706055,48.36999893188477,48.36999893188477,286600.0,RRGB
2013-04-30,567.5,570.0,557.25,562.75,562.75,4300.0,RRTS
2013-04-30,63.5,65.08999633789061,63.06000137329102,65.06999969482422,55.43671798706055,675200.0,RS
2013-04-30,33.68000030517578,34.290000915527344,33.59000015258789,34.080001831054695,28.61831474304199,2550400.0,RSG
2013-04-30,1.5,1.6499999761581419,1.5,1.6499999761581419,1.6499999761581419,6000.0,RSSS
2013-04-30,17.020000457763672,17.190000534057614,16.879999160766598,16.930000305175778,16.930000305175778,157200.0,RST
2013-04-30,3.880000114440918,4.019999980926514,3.859999895095825,3.9800000190734863,3.9800000190734863,376300.0,RTIX
2013-04-30,60.7400016784668,61.68000030517578,60.72000122070313,61.38000106811523,52.89547348022461,2196300.0,RTN
2013-04-30,7.4000000953674325,7.4000000953674325,7.4000000953674325,7.4000000953674325,7.4000000953674325,700.0,RTRX
2013-04-30,4.429999828338623,4.429999828338623,4.429999828338623,4.429999828338623,4.429999828338623,0.0,RUBY
2013-04-30,22.809999465942386,22.90999984741211,22.690000534057614,22.88999938964844,22.418161392211914,52100.0,RUSHA
2013-04-30,19.530000686645508,19.809999465942386,19.530000686645508,19.799999237060547,19.39219856262207,16200.0,RUSHB
2013-04-30,9.760000228881836,10.0,9.760000228881836,9.90999984741211,8.758203506469728,271200.0,RUTH
2013-04-30,1.2200000286102295,1.2200000286102295,1.2200000286102295,1.2200000286102295,1.2200000286102295,6900.0,RVP
2013-04-30,2.549999952316284,2.5799999237060547,2.4200000762939453,2.450000047683716,2.2450942993164062,22200.0,RVSB
2013-04-30,13.487085342407227,13.671586990356445,13.45018482208252,13.671586990356445,7.506770133972168,215300.0,RVT
2013-04-30,22.79999923706055,22.84000015258789,22.59000015258789,22.81999969482422,13.856576919555664,613000.0,RWT
2013-04-30,18.149999618530273,18.420000076293945,18.0,18.21999931335449,9.340583801269533,305000.0,RXN
2013-04-30,59.88999938964844,60.54999923706055,59.4000015258789,60.4000015258789,43.11512756347656,1420900.0,RY
2013-04-30,43.88718032836914,44.4923095703125,43.53845977783203,44.4512825012207,41.242584228515625,288800.0,RYAAY
2013-04-30,154.0,155.8000030517578,150.0,153.1999969482422,153.1999969482422,3900.0,RYCE
2013-04-30,43.70425796508789,44.37639999389648,43.51755142211914,44.37639999389648,33.097030639648445,999500.0,RYN
2013-04-30,27.729999542236328,27.75,27.649999618530273,27.649999618530273,21.07262420654297,10100.0,RZA
2013-04-30,10.899999618530273,11.520000457763672,10.5,11.470000267028807,11.470000267028807,449200.0,SA
2013-04-30,27081.0,27081.0,27081.0,27081.0,27081.0,0.0,SAEX
2013-04-30,6.8499999046325675,6.949999809265138,6.699999809265138,6.8499999046325675,6.248480796813965,11280000.0,SAF
2013-04-30,61.0,61.349998474121094,60.4900016784668,61.2599983215332,55.36497497558594,141900.0,SAFM
2013-04-30,48.88000106811523,49.72999954223633,48.88000106811523,49.66999816894531,36.78902816772461,26200.0,SAFT
2013-04-30,21.76000022888184,22.040000915527344,21.65999984741211,21.989999771118164,20.55307960510254,517200.0,SAH
2013-04-30,27.273332595825195,27.47333335876465,27.02666664123535,27.28000068664551,27.28000068664551,420900.0,SAIA
2013-04-30,26.739999771118164,26.76000022888184,26.739999771118164,26.739999771118164,21.173221588134766,500.0,SAL
2013-04-30,9.109999656677246,9.270000457763672,9.020000457763672,9.18000030517578,6.2425384521484375,53900.0,SALM
2013-04-30,170.6999969482422,170.6999969482422,167.72000122070312,169.32000732421875,169.32000732421875,59800.0,SAM
2013-04-30,7.320000171661378,7.3400001525878915,7.190000057220459,7.25,5.077787399291992,3792100.0,SAN
2013-04-30,7.880000114440918,8.180000305175781,7.610000133514403,8.069999694824219,8.069999694824219,680900.0,SAND
2013-04-30,12.600000381469727,12.789999961853027,12.43000030517578,12.619999885559082,12.619999885559082,738400.0,SANM
2013-04-30,8.659999847412111,9.25,8.659999847412111,9.220000267028807,9.220000267028807,166600.0,SANW
2013-04-30,78.9000015258789,79.8499984741211,78.76000213623047,79.8499984741211,70.79998016357422,889500.0,SAP
2013-04-30,16.899999618530273,17.010000228881836,16.889999389648438,17.0,8.567691802978517,4900.0,SAR
2013-04-30,20.3700008392334,20.549999237060547,20.13999938964844,20.479999542236328,16.462770462036133,24900.0,SASR
2013-04-30,31.49918937683105,32.02593231201172,31.48298263549805,31.823339462280273,31.823339462280273,158900.0,SATS
2013-04-30,22.190000534057614,32.200000762939446,21.420000076293945,28.84000015258789,28.84000015258789,352200.0,SAVA
2013-04-30,25.520000457763672,27.07999992370605,25.520000457763672,26.70000076293945,26.70000076293945,853300.0,SAVE
2013-04-30,4.900000095367432,5.050000190734863,4.900000095367432,5.019999980926514,4.709887027740479,167700.0,SB
2013-04-30,79.0999984741211,79.98999786376953,77.83000183105469,78.98999786376953,78.98999786376953,1961800.0,SBAC
2013-04-30,6.460000038146973,6.460000038146973,6.460000038146973,6.460000038146973,5.998157024383545,0.0,SBBX
2013-04-30,10.449999809265137,10.699999809265137,10.050000190734863,10.699999809265137,10.699999809265137,57800.0,SBCF
2013-04-30,6.0,6.0,6.0,6.0,6.0,0.0,SBE
2013-04-30,8.699999809265138,8.699999809265138,8.520000457763674,8.689999580383299,7.630921363830566,4500.0,SBFG
2013-04-30,26.71999931335449,27.34000015258789,26.229999542236328,26.79999923706055,22.916034698486328,1145400.0,SBGI
2013-04-30,29.8799991607666,30.07999992370605,29.57999992370605,30.059999465942386,30.059999465942386,2352100.0,SBH
2013-04-30,10.140000343322754,10.18000030517578,10.140000343322754,10.149999618530273,7.441985130310059,8100.0,SBI
2013-04-30,31.29999923706055,31.85000038146973,30.75,31.85000038146973,31.50658226013184,200.0,SBLK
2013-04-30,71.25,71.61000061035156,70.58000183105469,71.61000061035156,69.37813568115234,846800.0,SBNY
2013-04-30,50.72000122070313,51.0,50.2599983215332,50.849998474121094,32.20807266235352,11900.0,SBR
2013-04-30,29.06999969482422,30.059999465942386,29.06999969482422,29.81999969482422,17.47182273864746,345200.0,SBRA
2013-04-30,14.029999732971193,14.300000190734865,13.829999923706055,14.300000190734865,12.25450038909912,1632400.0,SBS
2013-04-30,18.72519874572754,18.95549964904785,18.59233283996582,18.93778419494629,14.869745254516602,140800.0,SBSI
2013-04-30,1520.0,1520.0,1520.0,1520.0,1506.5306396484375,25.0,SBT
2013-04-30,30.315000534057614,30.45499992370605,30.15500068664551,30.420000076293945,27.07253837585449,8041200.0,SBUX
2013-04-30,32.81999969482422,33.330001831054695,32.279998779296875,33.330001831054695,28.258729934692386,1886700.0,SCCO
2013-04-30,16.450000762939453,16.479999542236328,16.299999237060547,16.319999694824222,8.744866371154785,40200.0,SCD
2013-04-30,27.28000068664551,27.45000076293945,27.07999992370605,27.45000076293945,24.53503227233887,141300.0,SCHL
2013-04-30,23.770000457763672,24.63999938964844,23.57999992370605,24.53000068664551,19.89051055908203,386200.0,SCHN
2013-04-30,16.969999313354492,17.030000686645508,16.819999694824222,16.959999084472653,15.682519912719727,6004700.0,SCHW
2013-04-30,16.709999084472653,16.879999160766598,16.620000839233402,16.879999160766598,15.006046295166016,1063600.0,SCI
2013-04-30,1.7999999523162842,1.8400000333786009,1.75,1.8400000333786009,1.8400000333786009,38600.0,SCKT
2013-04-30,59.6500015258789,59.6500015258789,54.88999938964844,56.93999862670898,51.88569259643555,307200.0,SCL
2013-04-30,14.925819396972654,15.234491348266602,14.836204528808596,15.234491348266602,7.64821195602417,53200.0,SCM
2013-04-30,628.5,660.0,606.0,651.0,651.0,1100.0,SCON
2013-04-30,16.190000534057614,16.219999313354492,16.079999923706055,16.170000076293945,16.170000076293945,51500.0,SCOR
2013-04-30,12.56999969482422,12.75,12.5,12.699999809265135,10.113582611083984,485600.0,SCS
2013-04-30,28.70000076293945,28.979999542236328,28.440000534057614,28.96999931335449,28.96999931335449,129600.0,SCSC
2013-04-30,99.5,103.4000015258789,99.0999984741211,102.5999984741211,90.41787719726562,91300.0,SCU
2013-04-30,20.65999984741211,20.899999618530273,20.57999992370605,20.82999992370605,19.352882385253906,33500.0,SCVL
2013-04-30,10.329999923706056,10.699999809265137,10.329999923706056,10.699999809265137,9.065248489379883,2900.0,SCX
2013-04-30,10164.548828125,10311.822265625,10151.1611328125,10306.4677734375,8930.8623046875,6100.0,SDRL
2013-04-30,37.810001373291016,38.16999816894531,37.22000122070313,38.15999984741211,25.943456649780273,32600.0,SDYL
2013-04-30,10.779999732971193,10.90999984741211,10.710000038146973,10.859999656677246,10.859999656677246,171900.0,SEAC
2013-04-30,32.950000762939446,33.84999847412109,32.939998626708984,33.59999847412109,29.43630409240723,345300.0,SEAS
2013-04-30,2720.0,2746.97998046875,2652.550048828125,2745.97998046875,2729.7890625,500.0,SEB
2013-04-30,22.1299991607666,22.31999969482422,21.8700008392334,22.1200008392334,19.95236015319824,1982800.0,SEE
2013-04-30,17.399999618530273,17.600000381469727,17.399999618530273,17.600000381469727,17.600000381469727,6000.0,SEED
2013-04-30,810.0,837.0,774.0,807.0,807.0,400.0,SEEL
2013-04-30,28.1200008392334,28.670000076293945,28.04999923706055,28.65999984741211,26.444305419921875,792400.0,SEIC
2013-04-30,4.170000076293944,4.199999809265137,4.170000076293944,4.170000076293944,2.5580458641052246,24100.0,SELF
2013-04-30,8.199999809265138,8.289999961853027,8.119999885559082,8.25,7.658295154571532,295900.0,SEM
2013-04-30,32.959999084472656,32.959999084472656,32.130001068115234,32.59000015258789,32.59000015258789,11800.0,SENEA
2013-04-30,33.65999984741211,33.65999984741211,33.65999984741211,33.65999984741211,33.65999984741211,0.0,SENEB
2013-04-30,67.19999694824219,70.4000015258789,66.55999755859375,69.12000274658203,69.12000274658203,1000.0,SES
2013-04-30,31.940000534057614,32.220001220703125,31.78000068664551,32.220001220703125,31.39048767089844,512600.0,SF
2013-04-30,12.5,12.5,12.479999542236328,12.479999542236328,11.19489860534668,9800.0,SFBC
2013-04-30,16.020000457763672,16.25,15.979999542236328,16.139999389648438,14.813787460327148,147500.0,SFE
2013-04-30,16.290000915527347,16.530000686645508,16.290000915527347,16.479999542236328,7.411648273468018,360200.0,SFL
2013-04-30,12.295000076293945,12.31999969482422,12.149999618530273,12.260000228881836,10.469953536987305,52000.0,SFNC
2013-04-30,10.90999984741211,10.90999984741211,10.850000381469727,10.850000381469727,10.850000381469727,400.0,SFST
2013-04-30,25.60000038146973,25.60000038146973,24.959999084472656,25.59000015258789,23.537090301513672,197100.0,SFUN
2013-04-30,0.4000000059604645,0.4000000059604645,0.4000000059604645,0.4000000059604645,0.4000000059604645,0.0,SG
2013-04-30,46.349998474121094,46.349998474121094,45.58000183105469,46.040000915527344,37.24962997436523,7400.0,SGA
2013-04-30,9.989999771118164,9.989999771118164,9.989999771118164,9.989999771118164,8.473145484924316,500.0,SGB
2013-04-30,5.889999866485597,6.0,5.875,6.0,4.974804878234863,3000.0,SGC
2013-04-30,37.63000106811523,37.84000015258789,36.65999984741211,36.95000076293945,36.95000076293945,605200.0,SGEN
2013-04-30,63.349998474121094,63.38000106811523,62.77999877929688,63.38000106811523,63.38000106811523,13300.0,SGG
2013-04-30,5.239999771118164,5.239999771118164,4.599999904632568,4.599999904632568,4.599999904632568,3400.0,SGLB
2013-04-30,4.099999904632568,4.170000076293944,4.099999904632568,4.130000114440918,4.130000114440918,5200.0,SGMA
2013-04-30,10.399999618530273,10.59000015258789,10.079999923706056,10.18000030517578,10.18000030517578,489500.0,SGMO
2013-04-30,8.890000343322754,9.0,8.779999732971191,8.880000114440918,8.880000114440918,293900.0,SGMS
2013-04-30,4.599999904632568,4.639999866485597,4.360000133514403,4.400000095367432,4.400000095367432,4600.0,SGOC
2013-04-30,1.9800000190734863,1.9900000095367432,1.9800000190734863,1.9800000190734863,1.9800000190734863,900.0,SGRP
2013-04-30,4.710000038146973,4.800000190734863,4.6599998474121085,4.800000190734863,3.431717872619629,35800.0,SGU
2013-04-30,6.920000076293945,7.079999923706055,6.9000000953674325,7.0,6.4380836486816415,12700.0,SHBI
2013-04-30,8.074999809265138,8.314999580383299,8.034999847412111,8.194999694824219,7.366910934448242,134400.0,SHEN
2013-04-30,34.330001831054695,34.5,33.810001373291016,34.290000915527344,30.22799491882324,391400.0,SHG
2013-04-30,22.80666732788086,22.893333435058594,22.46666717529297,22.68000030517578,16.614429473876953,64600.0,SHI
2013-04-30,102.75,105.0,102.0,102.0,102.0,100.0,SHIP
2013-04-30,9.789999961853027,9.850000381469727,9.789999961853027,9.850000381469727,9.850000381469727,1300.0,SHLO
2013-04-30,12.210000038146973,12.420000076293945,12.18000030517578,12.40999984741211,9.254927635192873,696800.0,SHO
2013-04-30,21.275554656982425,21.706666946411133,21.18666648864746,21.613332748413086,20.80963516235352,659800.0,SHOO
2013-04-30,5.25,5.5,5.25,5.5,4.69727897644043,1800.0,SHSP
2013-04-30,182.22999572753903,183.1300048828125,180.83999633789062,183.1100006103516,170.602294921875,575500.0,SHW
2013-04-30,3.880000114440918,4.0,3.8199999332427983,4.0,2.9941899776458736,5817300.0,SID
2013-04-30,1.4099999666213991,1.4199999570846558,1.4099999666213991,1.4199999570846558,1.2254793643951416,800.0,SIEB
2013-04-30,80.0,80.0,80.0,80.0,80.0,0.0,SIEN
2013-04-30,16.829999923706055,17.399999618530273,16.829999923706055,17.079999923706055,16.829700469970707,1900.0,SIF
2013-04-30,1.8899999856948853,1.8999999761581419,1.8200000524520876,1.8400000333786009,1.7041242122650146,56100.0,SIFY
2013-04-30,67.66999816894531,68.73000335693361,67.43000030517578,68.73000335693361,58.07890319824219,619300.0,SIG
2013-04-30,3.440000057220459,3.470000028610229,3.2699999809265137,3.2999999523162837,3.2999999523162837,185000.0,SIGA
2013-04-30,23.38999938964844,23.51000022888184,23.26000022888184,23.43000030517578,20.895965576171875,103600.0,SIGI
2013-04-30,30.95000076293945,30.95000076293945,28.56999969482422,30.57999992370605,26.78868293762207,100500.0,SILC
2013-04-30,1.4765199422836304,1.4765199422836304,1.4544800519943235,1.4691799879074097,1.4691799879074097,1210202.0,SILK
2013-04-30,13.75,13.859999656677244,13.640000343322756,13.720000267028807,12.801874160766602,30300.0,SIM
2013-04-30,10.880000114440918,10.899999618530273,10.520000457763672,10.899999618530273,8.976125717163086,491500.0,SIMO
2013-04-30,55.5099983215332,57.04999923706055,55.16999816894531,56.31999969482422,56.31999969482422,5457200.0,SINA
2013-04-30,1.6200000047683716,1.6200000047683716,1.6200000047683716,1.6200000047683716,1.6200000047683716,1100.0,SINO
2013-04-30,3.119999885559082,3.25,3.119999885559082,3.25,3.1627066135406494,127843800.0,SIRI
2013-04-30,29.97920036315918,30.27639961242676,29.92970085144043,30.27639961242676,30.27639961242676,2947484.0,SITC
2013-04-30,70.62999725341797,71.12000274658203,70.30000305175781,71.11000061035156,71.11000061035156,245500.0,SIVB
2013-04-30,36.55500030517578,36.59000015258789,36.34500122070313,36.435001373291016,25.24436187744141,1286800.0,SIX
2013-04-30,30.5,30.854999542236328,30.274999618530273,30.85000038146973,22.37531089782715,242000.0,SJI
2013-04-30,102.16000366210938,103.6500015258789,101.91999816894531,103.2300033569336,86.47843170166016,519000.0,SJM
2013-04-30,22.420000076293945,22.81999969482422,22.21999931335449,22.75,15.230743408203125,453800.0,SJR
2013-04-30,15.170000076293945,15.5,14.899999618530273,15.449999809265135,9.832993507385254,183000.0,SJT
2013-04-30,25.790000915527344,26.07999992370605,25.270000457763672,25.36000061035156,21.588468551635746,149800.0,SJW
2013-04-30,19.450000762939453,19.520000457763672,19.350000381469727,19.489999771118164,15.234566688537598,907400.0,SKM
2013-04-30,36.97000122070313,37.18000030517578,36.91999816894531,37.11999893188477,26.946258544921875,1192100.0,SKT
2013-04-30,6.920000076293945,6.996666431427003,6.87333345413208,6.926666736602782,6.926666736602782,1703700.0,SKX
2013-04-30,4.630000114440918,4.630000114440918,4.53000020980835,4.53000020980835,4.346136569976807,15300.0,SKY
2013-04-30,14.0600004196167,14.34000015258789,13.949999809265135,14.3100004196167,13.340381622314453,458300.0,SKYW
2013-04-30,39.38000106811523,39.72000122070313,39.209999084472656,39.709999084472656,39.709999084472656,248700.0,SLAB
2013-04-30,74.16999816894531,74.62000274658203,73.33999633789062,74.43000030517578,59.91440963745117,7392800.0,SLB
2013-04-30,21.21999931335449,21.21999931335449,18.1200008392334,20.43000030517578,18.200586318969727,8380800.0,SLCA
2013-04-30,6.389999866485597,6.4099998474121085,6.300000190734862,6.300000190734862,6.300000190734862,4100.0,SLCT
2013-04-30,27.649999618530273,28.31999969482422,27.21999931335449,28.190000534057614,20.31740951538086,605800.0,SLF
2013-04-30,88.7699966430664,90.6999969482422,88.47000122070312,90.6999969482422,74.55176544189453,878300.0,SLG
2013-04-30,23.915000915527344,23.96500015258789,23.71999931335449,23.934999465942386,21.82403945922852,523000.0,SLGN
2013-04-30,7.330235958099365,7.383845806121826,7.212294578552246,7.380271434783935,7.091637134552003,6515400.0,SLM
2013-04-30,60.75,60.75,60.75,60.75,44.0340576171875,0.0,SLMBP
2013-04-30,3.940000057220459,4.010000228881837,3.940000057220459,4.0,3.4295461177825928,14800.0,SLP
2013-04-30,23.90999984741211,24.1299991607666,23.86000061035156,23.93000030517578,13.349594116210938,306500.0,SLRC
2013-04-30,84000.0,89100.0,82500.0,86100.0,86100.0,200.0,SLS
2013-04-30,20.6200008392334,20.6299991607666,20.57999992370605,20.6299991607666,10.078595161437988,400.0,SLVO
2013-04-30,61.06000137329102,61.31999969482422,59.58000183105469,61.0,59.45446395874024,1228200.0,SM
2013-04-30,12.380000114440918,12.380000114440918,12.380000114440918,12.380000114440918,10.651500701904297,0.0,SMBC
2013-04-30,8.880000114440918,8.880000114440918,8.880000114440918,8.880000114440918,8.840195655822754,0.0,SMBK
2013-04-30,9.630000114440918,9.75,9.5,9.619999885559082,9.619999885559082,177800.0,SMCI
2013-04-30,3.1600000858306885,3.1600000858306885,3.0499999523162837,3.0799999237060547,3.0799999237060547,44800.0,SMED
2013-04-30,9.529999732971193,9.529999732971193,9.4399995803833,9.489999771118164,7.4884586334228525,3535100.0,SMFG
2013-04-30,45.349998474121094,45.4000015258789,44.61000061035156,45.349998474121094,36.28163528442383,301800.0,SMG
2013-04-30,2.75,2.75,2.75,2.75,2.75,100.0,SMIT
2013-04-30,27.36000061035156,27.68000030517578,27.31999969482422,27.5,13.22940158843994,17000.0,SMLP
2013-04-30,24.45000076293945,24.46999931335449,24.15999984741211,24.290000915527344,13.616021156311035,44000.0,SMM
2013-04-30,8.210000038146973,8.329999923706055,8.210000038146973,8.210000038146973,7.264017581939697,1600.0,SMMF
2013-04-30,30.85000038146973,31.29999923706055,30.559999465942386,30.63999938964844,27.319711685180664,264300.0,SMP
2013-04-30,8.029999732971191,8.029999732971191,7.820000171661378,7.9099998474121085,4.815327167510986,70900.0,SMRT
2013-04-30,5.599999904632568,5.800000190734862,5.360000133514403,5.599999904632568,5.599999904632568,21700.0,SMSI
2013-04-30,31.670000076293945,32.09999847412109,31.670000076293945,32.06999969482422,32.06999969482422,515000.0,SMTC
2013-04-30,2.259999990463257,2.259999990463257,2.259999990463257,2.259999990463257,2.204650402069092,0.0,SMTS
2013-04-30,2.259999990463257,2.2699999809265137,2.240000009536743,2.240000009536743,2.240000009536743,14800.0,SMTX
2013-04-30,85.0199966430664,86.23999786376953,84.68000030517578,86.19999694824219,75.8001708984375,231900.0,SNA
2013-04-30,21.229999542236328,21.420000076293945,20.96999931335449,21.21999931335449,21.21999931335449,1104300.0,SNBR
2013-04-30,27.90999984741211,28.71999931335449,27.76000022888184,28.34000015258789,28.34000015258789,225100.0,SNCR
2013-04-30,16.489999771118164,16.530000686645508,16.329999923706055,16.430000305175778,15.779640197753904,1837900.0,SNE
2013-04-30,6.639208793640138,6.7461605072021475,6.42530632019043,6.524030685424805,6.524030685424805,154300.0,SNFCA
2013-04-30,13.5,14.0,12.600000381469727,14.0,14.0,2100.0,SNGX
2013-04-30,15.5,16.299999237060547,15.5,16.299999237060547,9.007360458374023,200.0,SNMP
2013-04-30,22.58503341674805,22.86514663696289,22.505001068115234,22.86514663696289,19.21197509765625,144400.0,SNN
2013-04-30,243.4499969482422,243.4499969482422,229.0500030517578,236.6999969482422,236.6999969482422,3100.0,SNOA
2013-04-30,83.96923065185547,85.05384826660156,83.77692413330078,85.04615020751953,54.914329528808594,74200.0,SNP
2013-04-30,35.169998168945305,35.70000076293945,34.86999893188477,35.56999969482422,35.56999969482422,1165000.0,SNPS
2013-04-30,34.200000762939446,34.259998321533196,33.360000610351555,33.779998779296875,33.779998779296875,22300.0,SNSS
2013-04-30,18.6200008392334,18.82999992370605,18.479999542236328,18.82999992370605,16.563106536865234,1701500.0,SNV
2013-04-30,33.990001678466804,34.700000762939446,33.630001068115234,34.59999847412109,32.544811248779304,148200.0,SNX
2013-04-30,54.34000015258789,54.61000061035156,53.349998474121094,53.349998474121094,40.87771987915039,2015800.0,SNY
2013-04-30,48.099998474121094,48.25,47.959999084472656,48.22999954223633,34.419456481933594,3969300.0,SO
2013-04-30,4.190000057220459,4.199999809265137,4.099999904632568,4.199999809265137,2.6682441234588623,12800.0,SOHO
2013-04-30,50.79999923706055,51.4900016784668,50.2400016784668,51.43999862670898,51.43999862670898,686800.0,SOHU
2013-04-30,8.699999809265138,9.300000190734863,8.699999809265138,8.699999809265138,8.699999809265138,261800.0,SOL
2013-04-30,34.630001068115234,35.040000915527344,34.509998321533196,35.040000915527344,27.84523963928223,436600.0,SON
2013-04-30,10.109999656677246,10.350000381469727,10.050000190734863,10.130000114440918,8.54499626159668,39500.0,SONA
2013-04-30,0.0003999999898951501,0.0003999999898951501,0.0003999999898951501,0.0003999999898951501,0.0003999999898951501,0.0,SONM
2013-04-30,59.88000106811523,60.2599983215332,59.4900016784668,60.2599983215332,20.54318618774414,13400.0,SOR
2013-04-30,2.869999885559082,2.9100000858306885,2.799999952316284,2.880000114440918,2.880000114440918,4700.0,SORL
2013-04-30,21.270000457763672,21.530000686645508,21.0,21.489999771118164,21.489999771118164,40000.0,SP
2013-04-30,5.179999828338623,5.329999923706055,5.179999828338623,5.320000171661377,4.815317630767822,115000.0,SPAR
2013-04-30,55.18518447875977,56.7283935546875,55.061729431152344,55.802467346191406,47.2833023071289,56800.0,SPB
2013-04-30,1.0199999809265137,1.3600000143051147,1.0199999809265137,1.3600000143051147,1.3600000143051147,8200.0,SPCB
2013-04-30,17.0,17.09000015258789,16.860000610351562,17.049999237060547,8.724050521850586,12200.0,SPE
2013-04-30,0.7717499732971191,0.7862200140953064,0.7717499732971191,0.7785099744796753,0.7747118473052979,451079.0,SPFI
2013-04-30,165.8513641357422,167.544677734375,165.3621826171875,167.51646423339844,127.0237274169922,1679000.0,SPG
2013-04-30,54.52999877929688,54.91999816894531,53.56000137329102,54.11000061035156,49.52040100097656,3351300.0,SPGI
2013-04-30,48.36999893188477,49.79999923706055,48.2400016784668,49.75,24.99869728088379,216000.0,SPH
2013-04-30,41.7599983215332,42.15999984741211,40.47999954223633,40.79999923706055,40.79999923706055,1481600.0,SPLK
2013-04-30,13.420000076293945,13.420000076293945,13.40999984741211,13.40999984741211,13.280726432800293,200.0,SPLP
2013-04-30,5.809999942779541,5.860000133514403,5.710000038146973,5.789999961853027,5.266092300415039,40700.0,SPNS
2013-04-30,13.279999732971193,13.579999923706055,13.140000343322756,13.56999969482422,10.546384811401367,152700.0,SPOK
2013-04-30,7.389999866485597,7.489999771118164,7.28000020980835,7.4099998474121085,7.4099998474121085,580600.0,SPPI
2013-04-30,20.270000457763672,20.280000686645508,19.959999084472656,19.989999771118164,19.606468200683594,1847400.0,SPR
2013-04-30,11.90999984741211,12.0,11.81999969482422,11.970000267028807,6.187390804290772,50600.0,SPRT
2013-04-30,23.940000534057614,24.145000457763672,23.40999984741211,23.565000534057614,23.565000534057614,177600.0,SPSC
2013-04-30,0.03500000014901161,0.059999998658895486,0.03500000014901161,0.059999998658895486,0.059999998658895486,2000.0,SPT
2013-04-30,16.84000015258789,16.84000015258789,16.5,16.780000686645508,13.659697532653807,71600.0,SPTN
2013-04-30,13.800000190734865,14.229999542236328,13.210000038146973,13.59000015258789,13.59000015258789,6606500.0,SPWR
2013-04-30,18.8038272857666,18.8038272857666,18.52933692932129,18.76353645324707,18.13983726501465,1880200.0,SPXC
2013-04-30,13.779999732971193,13.789999961853027,13.739999771118164,13.75,8.379632949829103,55800.0,SPXX
2013-04-30,6.199999809265138,6.4000000953674325,6.199999809265138,6.4000000953674325,6.4000000953674325,1200.0,SQBG
2013-04-30,47.867576599121094,48.36416625976562,47.7117805480957,48.18889999389648,36.725582122802734,566600.0,SQM
2013-04-30,6.119999885559082,6.199999809265138,6.079999923706055,6.199999809265138,6.199999809265138,5000.0,SQNS
2013-04-30,46.5099983215332,47.11000061035156,46.09000015258789,46.709999084472656,37.11827850341797,320300.0,SR
2013-04-30,5.0,5.0,5.0,5.0,5.0,0.0,SRAX
2013-04-30,50.16827774047852,50.85100173950195,50.16827774047852,50.68620681762695,42.06558227539063,313000.0,SRC
2013-04-30,23.36000061035156,23.54999923706055,23.34000015258789,23.53000068664551,20.23805046081543,14500.0,SRCE
2013-04-30,108.0,108.4000015258789,107.62999725341795,108.31999969482422,108.31999969482422,642200.0,SRCL
2013-04-30,25.770000457763672,26.70000076293945,25.6200008392334,26.45000076293945,26.45000076293945,263400.0,SRDX
2013-04-30,82.75,82.8499984741211,82.19000244140625,82.8499984741211,67.50551605224611,1058400.0,SRE
2013-04-30,6.3499999046325675,6.46999979019165,6.28000020980835,6.4000000953674325,6.4000000953674325,196400.0,SREV
2013-04-30,104.75,107.6999969482422,102.4499969482422,106.9499969482422,56.30897903442383,4300.0,SRF
2013-04-30,7.309999942779541,7.670000076293945,7.28000020980835,7.570000171661378,7.570000171661378,106200.0,SRI
2013-04-30,40.29999923706055,40.650001525878906,39.95000076293945,40.45000076293945,38.50387954711914,38500.0,SRL
2013-04-30,5.5,5.5,5.5,5.5,5.5,0.0,SRNE
2013-04-30,30.149999618530273,30.26000022888184,28.899999618530273,29.040000915527344,29.040000915527344,2088500.0,SRPT
2013-04-30,7.0900001525878915,7.139999866485597,6.9099998474121085,6.929999828338622,6.929999828338622,61600.0,SRT
2013-04-30,40.20000076293945,40.25,39.75,40.150001525878906,19.98879051208496,18000.0,SRV
2013-04-30,47.77000045776367,47.93999862670898,47.4000015258789,47.77000045776367,42.3804817199707,34700.0,SSB
2013-04-30,6.808000087738037,7.0,6.808000087738037,6.992000102996826,5.1902122497558585,7100.0,SSBI
2013-04-30,28.520000457763672,28.899999618530273,28.239999771118164,28.739999771118164,25.714569091796875,342500.0,SSD
2013-04-30,28.459999084472656,28.489999771118164,27.03000068664551,27.690000534057614,17.95888900756836,943200.0,SSI
2013-04-30,67.5,67.5,59.5,61.5,61.5,22500.0,SSKN
2013-04-30,43.16999816894531,43.45000076293945,42.75,43.41999816894531,34.404773712158196,123600.0,SSL
2013-04-30,14.84000015258789,15.359999656677244,14.829999923706055,15.345000267028807,14.728777885437012,397600.0,SSNC
2013-04-30,0.20000000298023224,0.20000000298023224,0.20000000298023224,0.20000000298023224,0.16665896773338318,0.0,SSNT
2013-04-30,12.324755668640135,12.38686752319336,12.209405899047852,12.324755668640135,11.450692176818848,277900.0,SSP
2013-04-30,7.0900001525878915,7.179999828338622,6.929999828338622,7.139999866485597,7.139999866485597,1749600.0,SSRM
2013-04-30,7.78000020980835,7.78000020980835,7.6599998474121085,7.690000057220459,5.136646270751953,100800.0,SSSS
2013-04-30,45.31999969482422,45.56000137329102,41.41999816894531,41.70000076293945,39.15224838256836,109200.0,SSTK
2013-04-30,0.8299999833106995,0.8299999833106995,0.8000000119209291,0.8000000119209291,0.8000000119209291,300.0,SSY
2013-04-30,79.47000122070312,83.4000015258789,78.31999969482422,83.05000305175781,83.05000305175781,806600.0,SSYS
2013-04-30,33.380001068115234,33.540000915527344,33.240001678466804,33.450000762939446,33.450000762939446,1896900.0,ST
2013-04-30,6.880000114440918,7.0,6.769999980926514,6.980000019073486,6.980000019073486,106800.0,STAA
2013-04-30,97.5,110.0,97.5,105.0,101.77745819091795,0.0,STAF
2013-04-30,21.979999542236328,22.1200008392334,21.86000061035156,22.040000915527344,14.715253829956055,314400.0,STAG
2013-04-30,11.619999885559082,11.850000381469727,11.380000114440918,11.68000030517578,10.986445426940918,1814500.0,STAR
2013-04-30,18.65999984741211,18.950000762939453,18.559999465942386,18.8700008392334,15.63521671295166,41500.0,STBA
2013-04-30,27.290000915527344,27.520000457763672,27.0,27.06999969482422,23.19711303710937,241200.0,STC
2013-04-30,2.799999952316284,2.880000114440918,2.799999952316284,2.799999952316284,2.799999952316284,303000.0,STCN
2013-04-30,40.88999938964844,41.59000015258789,40.66999816894531,41.59000015258789,37.651023864746094,210000.0,STE
2013-04-30,16.680000305175778,17.489999771118164,16.680000305175778,17.379999160766598,15.511899948120115,30100.0,STFC
2013-04-30,2823.800048828125,2823.800048828125,2823.800048828125,2823.800048828125,2823.800048828125,0.0,STG
2013-04-30,14.920000076293945,15.050000190734865,14.90999984741211,14.949999809265135,7.022789001464844,64900.0,STK
2013-04-30,7.300000190734862,7.4099998474121085,7.0999999046325675,7.269999980926514,7.269999980926514,110100.0,STKL
2013-04-30,8.84000015258789,9.0600004196167,8.819999694824219,9.039999961853027,8.022111892700195,212800.0,STL
2013-04-30,14.84000015258789,15.0600004196167,14.65999984741211,15.039999961853027,12.64908218383789,4134200.0,STLD
2013-04-30,8.590000152587889,8.689999580383299,8.5,8.680000305175781,6.98609733581543,2774300.0,STM
2013-04-30,14.520000457763672,15.24899959564209,14.079999923706055,14.34000015258789,14.34000015258789,112900.0,STML
2013-04-30,33.080001831054695,34.310001373291016,33.029998779296875,33.84000015258789,33.84000015258789,331700.0,STMP
2013-04-30,21.524999618530273,21.524999618530273,21.34499931335449,21.354999542236328,18.3607120513916,8400.0,STN
2013-04-30,18.75,18.989999771118164,18.75,18.989999771118164,16.524198532104492,1100.0,STND
2013-04-30,87.30000305175781,87.5999984741211,85.19999694824219,86.5,82.74679565429688,98400.0,STNG
2013-04-30,27.5,27.649999618530273,27.270000457763672,27.45000076293945,17.930599212646484,91100.0,STON
2013-04-30,33.130001068115234,33.130001068115234,33.130001068115234,33.130001068115234,33.130001068115234,500.0,STPP
2013-04-30,47.36999893188477,48.0,46.88999938964844,47.36000061035156,45.42749404907226,169700.0,STRA
2013-04-30,10.149999618530273,10.220000267028807,10.06999969482422,10.119999885559082,10.119999885559082,33300.0,STRL
2013-04-30,6.25,6.300000190734862,6.190000057220459,6.260000228881836,6.260000228881836,53300.0,STRM
2013-04-30,15.460000038146973,15.5,15.289999961853027,15.5,14.945438385009766,1500.0,STRS
2013-04-30,38.0,38.20000076293945,36.47000122070313,36.47000122070313,33.189971923828125,22500.0,STRT
2013-04-30,21.71999931335449,22.01000022888184,21.71999931335449,21.799999237060547,21.799999237060547,93671.0,STSA
2013-04-30,58.27999877929688,58.540000915527344,58.06999969482422,58.47000122070313,50.36492919921875,2018300.0,STT
2013-04-30,22.310916900634766,22.327043533325195,22.109336853027344,22.16577911376953,11.837532043457033,8348200.0,STWD
2013-04-30,36.18999862670898,36.70000076293945,35.9900016784668,36.70000076293945,25.09877777099609,5548700.0,STX
2013-04-30,1.6240875720977783,1.7153284549713137,1.6240875720977783,1.6423357725143433,1.6423357725143433,25900.0,STXS
2013-04-30,47.54999923706055,49.36000061035156,47.38999938964844,49.349998474121094,46.47297286987305,4171100.0,STZ
2013-04-30,30.399999618530273,31.20000076293945,29.95000076293945,31.149999618530273,23.27361488342285,11708000.0,SU
2013-04-30,50.0,51.1500015258789,49.790000915527344,51.1500015258789,39.530033111572266,241700.0,SUI
2013-04-30,26.54999923706055,26.54999923706055,25.649999618530273,25.649999618530273,25.649999618530273,5000.0,SUMR
2013-04-30,31.60000038146973,31.60000038146973,30.540000915527344,30.90999984741211,16.670610427856445,87800.0,SUN
2013-04-30,19.399999618530273,19.399999618530273,19.06999969482422,19.170000076293945,10.595941543579102,60900.0,SUNS
2013-04-30,2.002000093460083,2.002000093460083,2.002000093460083,2.002000093460083,2.002000093460083,800.0,SUNW
2013-04-30,18.13999938964844,18.3799991607666,18.1299991607666,18.36000061035156,14.60167407989502,67400.0,SUP
2013-04-30,5.150000095367432,5.170000076293945,5.0,5.139999866485597,5.139999866485597,333300.0,SUPN
2013-04-30,3.5366666316986084,3.573333263397217,3.503333330154419,3.573333263397217,2.7596161365509038,270600.0,SUZ
2013-04-30,3.640000104904175,3.7190001010894775,3.5499999523162837,3.559999942779541,3.559999942779541,473565.0,SVA
2013-04-30,4.25,4.300000190734863,4.230000019073486,4.230000019073486,4.0803494453430185,6200.0,SVBI
2013-04-30,28.899999618530273,29.40999984741211,28.809999465942386,29.40999984741211,17.962018966674805,1425900.0,SVC
2013-04-30,7.320000171661378,7.570000171661378,7.230000019073486,7.429999828338622,6.635817527770996,6800.0,SVT
2013-04-30,18.459999084472656,18.6200008392334,18.459999084472656,18.600000381469727,14.077088356018065,14200.0,SVVC
2013-04-30,11.140000343322754,11.140000343322754,10.949999809265137,11.100000381469727,11.100000381469727,50000.0,SWIR
2013-04-30,74.2300033569336,74.83000183105469,73.87999725341797,74.80999755859375,64.84722137451172,1334900.0,SWK
2013-04-30,8.0,8.0,7.5999999046325675,8.0,8.0,1100.0,SWKH
2013-04-30,21.920000076293945,22.1200008392334,21.690000534057614,22.06999969482422,20.28413963317871,3775700.0,SWKS
2013-04-30,39.97999954223633,40.310001373291016,39.83000183105469,40.290000915527344,29.677032470703125,138100.0,SWM
2013-04-30,36.84000015258789,37.59000015258789,36.4900016784668,37.41999816894531,37.41999816894531,5344300.0,SWN
2013-04-30,50.06000137329102,50.66999816894531,49.599998474121094,50.66999816894531,41.86943054199219,151200.0,SWX
2013-04-30,12.609999656677244,12.68000030517578,12.56999969482422,12.640000343322756,5.617470741271973,65400.0,SWZ
2013-04-30,14.9399995803833,15.130000114440918,14.729999542236328,15.130000114440918,13.90391445159912,653900.0,SXC
2013-04-30,53.5,53.5,51.59000015258789,52.9000015258789,50.11484146118164,22600.0,SXI
2013-04-30,38.810001373291016,39.36000061035156,38.540000915527344,39.349998474121094,34.507186889648445,205200.0,SXT
2013-04-30,15.06666660308838,15.31999969482422,15.046667098999025,15.306666374206545,12.610650062561035,45900.0,SYBT
2013-04-30,65.56999969482422,65.61000061035156,64.69999694824219,65.58000183105469,59.72309494018555,1284700.0,SYK
2013-04-30,14.720000267028807,15.399999618530273,14.710000038146973,15.390000343322756,15.390000343322756,108900.0,SYKE
2013-04-30,51.79999923706055,51.79999923706055,46.9000015258789,51.099998474121094,51.099998474121094,8100.0,SYN
2013-04-30,42.36000061035156,42.86999893188477,40.97000122070313,41.22999954223633,41.22999954223633,1022100.0,SYNA
2013-04-30,2.869999885559082,2.970000028610229,2.859999895095825,2.9100000858306885,2.9100000858306885,193100.0,SYNC
2013-04-30,14.0,14.0,13.949999809265135,14.0,12.690773010253904,2300.0,SYNL
2013-04-30,3.190000057220459,3.2699999809265137,3.150000095367432,3.2000000476837163,3.0658271312713623,34300.0,SYPR
2013-04-30,9.1899995803833,9.56999969482422,9.09000015258789,9.15999984741211,6.000837802886963,71100.0,SYX
2013-04-30,34.90999984741211,34.990001678466804,34.630001068115234,34.860000610351555,28.57961082458496,2716900.0,SYY
2013-04-30,24.79999923706055,24.90999984741211,24.5,24.61000061035156,12.946234703063965,35800.0,SZC
2013-04-30,37.36999893188477,37.61999893188477,37.27999877929688,37.459999084472656,26.02589988708496,24144700.0,T
2013-04-30,58.599998474121094,61.25,56.29999923706055,57.599998474121094,57.599998474121094,102300.0,TA
2013-04-30,14.140000343322756,14.720000267028807,14.109999656677244,14.710000038146973,10.141754150390623,266200.0,TAC
2013-04-30,7.53000020980835,7.53000020980835,7.5,7.510000228881836,5.848947525024414,5100.0,TACT
2013-04-30,1.0299999713897705,1.0299999713897705,1.0299999713897705,1.0299999713897705,0.7954469919204712,0.0,TAIT
2013-04-30,27.45000076293945,27.45000076293945,27.170000076293945,27.26000022888184,21.722261428833008,20200.0,TAK
2013-04-30,1.5916666984558103,1.6183333396911619,1.5816667079925537,1.6100000143051147,1.6034895181655884,1127400.0,TAL
2013-04-30,26.709999084472656,26.85000038146973,26.65999984741211,26.85000038146973,17.062164306640625,33000.0,TANNI
2013-04-30,1.3600000143051147,1.4199999570846558,1.2799999713897705,1.3300000429153442,1.3300000429153442,63900.0,TAOP
2013-04-30,51.290000915527344,51.61999893188477,50.599998474121094,51.599998474121094,43.54067993164063,1079900.0,TAP
2013-04-30,59.5,61.38999938964844,59.4900016784668,60.5,52.83502960205078,47700.0,TARO
2013-04-30,4.769999980926514,4.820000171661377,4.739999771118164,4.75,4.75,74200.0,TAST
2013-04-30,8.100000381469728,8.5,8.0,8.199999809265138,8.199999809265138,32100.0,TAT
2013-04-30,6.489999771118164,6.489999771118164,6.489999771118164,6.489999771118164,4.592606067657472,0.0,TATT
2013-04-30,8.079999923706055,8.079999923706055,7.960000038146973,7.96999979019165,7.96999979019165,800.0,TAYD
2013-04-30,12.880000114440918,13.010000228881836,12.869999885559082,13.0,13.0,89000.0,TBBK
2013-04-30,14000.0,14000.0,14000.0,14000.0,12905.1552734375,0.0,TBC
2013-04-30,20.600000381469727,20.770000457763672,20.559999465942386,20.71999931335449,20.71999931335449,394000.0,TBI
2013-04-30,23.399999618530273,23.59000015258789,23.32999992370605,23.3799991607666,18.141651153564453,13400.0,TBNK
2013-04-30,41.41999816894531,41.65999984741211,41.150001525878906,41.65999984741211,41.65999984741211,279700.0,TCBI
2013-04-30,25.440000534057614,25.5,25.420000076293945,25.479999542236328,19.29495048522949,1700.0,TCBIL
2013-04-30,25.04999923706055,25.149999618530273,25.0,25.149999618530273,15.982593536376953,118900.0,TCBIP
2013-04-30,16.75,17.6299991607666,16.75,17.469999313354492,15.197338104248047,31300.0,TCBK
2013-04-30,6.949999809265138,6.949999809265138,6.489999771118164,6.690000057220459,6.690000057220459,600.0,TCCO
2013-04-30,24.26000022888184,24.84000015258789,24.229999542236328,24.79999923706055,19.26264762878418,32200.0,TCF
2013-04-30,18.010000228881836,18.010000228881836,18.010000228881836,18.010000228881836,16.15030860900879,0.0,TCFC
2013-04-30,6.46999979019165,6.699999809265138,6.449999809265138,6.699999809265138,6.699999809265138,6200.0,TCI
2013-04-30,83.80000305175781,85.51000213623047,83.5199966430664,85.51000213623047,64.41548156738281,820100.0,TCO
2013-04-30,10.975000381469727,11.020000457763672,10.78499984741211,10.989999771118164,10.989999771118164,2855400.0,TCOM
2013-04-30,47.2400016784668,47.25,46.4000015258789,47.0,29.05453872680664,192200.0,TCP
2013-04-30,15.869999885559082,15.920000076293945,15.609999656677244,15.670000076293945,7.96502685546875,74200.0,TCPC
2013-04-30,15.31999969482422,15.5,15.25,15.380000114440918,6.340575695037843,194100.0,TCRD
2013-04-30,8.560000419616701,8.600000381469728,8.319999694824219,8.399999618530272,8.399999618530272,42500.0,TCX
2013-04-30,40.525001525878906,41.07500076293945,40.18000030517578,40.95000076293945,29.10211944580078,1669400.0,TD
2013-04-30,25.56999969482422,25.65999984741211,25.46999931335449,25.65999984741211,18.271522521972656,34300.0,TDA
2013-04-30,51.22000122070313,51.790000915527344,50.6500015258789,51.06999969482422,51.06999969482422,2613600.0,TDC
2013-04-30,26.489999771118164,26.68000030517578,26.399999618530273,26.649999618530273,16.515913009643555,15700.0,TDE
2013-04-30,27.63999938964844,27.75,27.5,27.729999542236328,12.029507637023926,42700.0,TDF
2013-04-30,144.92999267578125,147.08999633789062,144.74000549316406,146.8000030517578,83.07909393310547,446500.0,TDG
2013-04-30,25.60000038146973,25.60000038146973,25.32999992370605,25.34000015258789,16.556098937988278,8200.0,TDI
2013-04-30,26.729999542236328,26.979999542236328,26.729999542236328,26.95000076293945,16.853582382202152,12800.0,TDJ
2013-04-30,22.170000076293945,22.46999931335449,22.11000061035156,22.440000534057614,19.17494773864746,629500.0,TDS
2013-04-30,1660.6451416015625,1700.0,1655.48388671875,1691.9354248046875,1532.736572265625,17600.0,TDW
2013-04-30,75.0999984741211,75.37000274658203,74.43000030517578,75.05999755859375,75.05999755859375,84400.0,TDY
2013-04-30,45.79999923706055,46.7400016784668,45.79999923706055,46.72999954223633,46.72999954223633,230300.0,TECD
2013-04-30,64.16000366210939,64.45999908447266,62.54999923706055,64.13999938964844,59.23616409301758,172100.0,TECH
2013-04-30,25.959999084472656,26.57999992370605,25.54999923706055,26.56999969482422,22.64450263977051,2986400.0,TECK
2013-04-30,14.56999969482422,14.630000114440918,14.529999732971193,14.56999969482422,9.525975227355957,1202600.0,TEF
2013-04-30,16.569999694824222,16.649999618530273,16.459999084472653,16.620000839233402,9.347399711608887,101500.0,TEI
2013-04-30,42.83000183105469,43.61999893188477,42.4900016784668,43.54999923706055,37.65968322753906,2311400.0,TEL
2013-04-30,8.239999771118164,8.319999694824219,8.079999923706055,8.239999771118164,8.239999771118164,7700.0,TELL
2013-04-30,38.36999893188477,38.68000030517578,37.709999084472656,38.66999816894531,36.86898040771485,856200.0,TEN
2013-04-30,96.0,100.0,96.0,100.0,100.0,200.0,TENX
2013-04-30,16.520000457763672,16.680000305175778,16.239999771118164,16.489999771118164,11.309146881103516,153300.0,TEO
2013-04-30,16.360000610351562,16.559999465942386,16.200000762939453,16.440000534057614,15.49868869781494,2586500.0,TER
2013-04-30,20.06999969482422,20.440000534057614,20.06999969482422,20.440000534057614,14.946798324584961,14200.0,TESS
2013-04-30,29.25,29.5,28.0,29.0,29.0,2300.0,TEUM
2013-04-30,38.900001525878906,38.91999816894531,38.2400016784668,38.290000915527344,33.455642700195305,2907100.0,TEVA
2013-04-30,29.01000022888184,29.1200008392334,28.29999923706055,28.60000038146973,26.67667579650879,1969600.0,TEX
2013-04-30,30.78000068664551,30.85000038146973,30.61000061035156,30.770000457763672,25.066436767578125,3467800.0,TFC
2013-04-30,19.799999237060547,20.020000457763672,19.799999237060547,19.8799991607666,19.588245391845703,352692.0,TFII
2013-04-30,10.81999969482422,10.93000030517578,10.760000228881836,10.869999885559082,8.742044448852539,194000.0,TFSL
2013-04-30,82.0199966430664,82.0199966430664,77.45999908447266,78.12999725341797,73.46436309814453,1195400.0,TFX
2013-04-30,29.739999771118164,29.75,29.03000068664551,29.60000038146973,25.311697006225586,71000.0,TG
2013-04-30,8.060000419616701,8.079999923706055,7.9099998474121085,7.920000076293945,6.6688761711120605,28500.0,TGA
2013-04-30,2.2300000190734863,2.3399999141693115,2.1600000858306885,2.3399999141693115,2.3399999141693115,536000.0,TGB
2013-04-30,5.599999904632568,5.800000190734862,5.5,5.5,5.5,3600.0,TGC
2013-04-30,38.72000122070313,38.95000076293945,38.47000122070313,38.66999816894531,31.04641151428223,246500.0,TGH
2013-04-30,79.54000091552734,80.26000213623047,79.31999969482422,79.9000015258789,77.20535278320312,428900.0,TGI
2013-04-30,9.920000076293944,9.920000076293944,9.920000076293944,9.920000076293944,7.994275093078612,100.0,TGLS
2013-04-30,10.473182678222656,10.656280517578123,10.462719917297363,10.546422004699707,8.238539695739746,5137900.0,TGNA
2013-04-30,41.97999954223633,41.9900016784668,41.59000015258789,41.68999862670898,29.074499130249023,262800.0,TGP
2013-04-30,1.6799999475479126,1.75,1.6799999475479126,1.7000000476837158,1.3817698955535889,31900.0,TGS
2013-04-30,70.54000091552734,70.63999938964844,70.12999725341797,70.55999755859375,56.54133987426758,2877600.0,TGT
2013-04-30,5.559999942779541,5.699999809265138,5.309999942779541,5.400000095367432,5.400000095367432,29700.0,TGTX
2013-04-30,2.437609910964966,2.456360101699829,2.400110006332397,2.400110006332397,2.400110006332397,2640944.0,TH
2013-04-30,43.91999816894531,45.36999893188477,43.900001525878906,45.36000061035156,45.36000061035156,3114000.0,THC
2013-04-30,30.60000038146973,30.96999931335449,30.51000022888184,30.88999938964844,24.97283744812012,18300.0,THFF
2013-04-30,49.7599983215332,52.54999923706055,49.7400016784668,50.43000030517578,40.83381271362305,688100.0,THG
2013-04-30,25.26000022888184,25.399999618530273,25.26000022888184,25.35000038146973,16.967334747314453,106600.0,THGA
2013-04-30,1.0199999809265137,1.0399999618530271,0.9800000190734864,0.9900000095367432,0.9900000095367432,258500.0,THM
2013-04-30,37.849998474121094,37.93999862670898,36.86000061035156,37.09000015258789,31.909366607666016,370700.0,THO
2013-04-30,19.57999992370605,19.86000061035156,19.520000457763672,19.600000381469727,19.600000381469727,217400.0,THR
2013-04-30,15.390000343322756,15.5,15.149999618530273,15.229999542236328,15.229999542236328,176500.0,THRM
2013-04-30,63.91999816894531,64.01000213623047,63.13000106811523,63.709999084472656,63.709999084472656,201600.0,THS
2013-04-30,0.2700000107288361,0.2800000011920929,0.2700000107288361,0.2800000011920929,0.2800000011920929,2900.0,THTX
2013-04-30,72.9000015258789,74.08000183105469,72.9000015258789,73.68000030517578,64.01248168945311,883000.0,TIF
2013-04-30,17.049999237060547,17.110000610351562,16.719999313354492,16.739999771118164,15.368448257446287,319500.0,TILE
2013-04-30,6.880000114440918,6.9000000953674325,6.510000228881836,6.519999980926514,5.836495876312256,4500.0,TIPT
2013-04-30,40.0,40.0,38.58000183105469,38.7599983215332,38.7599983215332,65200.0,TISI
2013-04-30,22.63999938964844,22.8799991607666,22.350000381469727,22.559999465942386,22.559999465942386,345600.0,TITN
2013-04-30,23.01000022888184,23.399999618530273,22.90999984741211,23.38999938964844,19.98757553100586,624400.0,TIVO
2013-04-30,24.34000015258789,24.420000076293945,24.149999618530273,24.38500022888184,20.56258583068848,8068200.0,TJX
2013-04-30,35.43000030517578,36.04999923706055,35.36000061035156,35.599998474121094,29.74543190002441,356500.0,TK
2013-04-30,15.510000228881836,15.739999771118164,15.229999542236328,15.619999885559082,10.915559768676758,980100.0,TKC
2013-04-30,37.57337188720703,37.637794494628906,36.98640060424805,37.630638122558594,31.491687774658203,952700.0,TKR
2013-04-30,7.320000171661378,7.320000171661378,7.059999942779541,7.179999828338622,6.982747077941895,2600.0,TLF
2013-04-30,1.8500000238418581,1.8799999952316284,1.8500000238418581,1.870000004768372,1.870000004768372,108800.0,TLGT
2013-04-30,13.68000030517578,13.760000228881836,13.600000381469727,13.699999809265135,8.138072967529299,31600.0,TLI
2013-04-30,23.88500022888184,23.96500015258789,23.73500061035156,23.934999465942386,18.962400436401367,245200.0,TLK
2013-04-30,33.209999084472656,33.540000915527344,32.970001220703125,33.5,25.312143325805664,388900.0,TLRD
2013-04-30,14.380000114440918,14.449999809265135,14.199999809265135,14.4399995803833,10.421637535095217,19500.0,TLYS
2013-04-30,115.91000366210938,116.38999938964844,115.81999969482422,116.3000030517578,95.58705139160156,334700.0,TM
2013-04-30,17.700000762939453,18.0,17.100000381469727,17.700000762939453,17.700000762939453,1700.0,TMDI
2013-04-30,26.18000030517578,26.40999984741211,25.65999984741211,25.78000068664551,25.78000068664551,916900.0,TMHC
2013-04-30,80.51000213623047,81.0,80.20999908447266,80.68000030517578,78.4283447265625,2407300.0,TMO
2013-04-30,41.20000076293945,41.97000122070313,41.099998474121094,41.79999923706055,34.39887237548828,24900.0,TMP
2013-04-30,1.8999999761581419,1.9099999666213991,1.8200000524520876,1.8899999856948853,1.8899999856948853,164600.0,TMQ
2013-04-30,23.79999923706055,23.979999542236328,23.10000038146973,23.68000030517578,19.25514411926269,40564900.0,TMUS
2013-04-30,5.289999961853027,5.320000171661377,5.0,5.239999771118164,5.239999771118164,416000.0,TNAV
2013-04-30,47.31000137329102,47.86999893188477,46.90999984741211,47.81999969482422,43.74785232543945,43600.0,TNC
2013-04-30,20.399999618530273,20.559999465942386,20.07999992370605,20.239999771118164,15.491204261779785,42300.0,TNK
2013-04-30,3.7699999809265137,3.829999923706055,3.740000009536743,3.7799999713897705,2.9185302257537837,215700.0,TNP
2013-04-30,7200.0,7200.0,7200.0,7200.0,7200.0,0.0,TNXP
2013-04-30,34.189998626708984,34.450000762939446,33.650001525878906,34.310001373291016,33.256664276123054,2488500.0,TOL
2013-04-30,365400000.0,403200000.0,365400000.0,400680000.0,400680000.0,0.0,TOPS
2013-04-30,50.18000030517578,50.38999938964844,50.09000015258789,50.2400016784668,34.179920196533196,1529600.0,TOT
2013-04-30,14.119999885559082,14.350000381469727,14.119999885559082,14.3100004196167,12.011330604553224,25900.0,TOWN
2013-04-30,16.430000305175778,16.549999237060547,16.309999465942386,16.440000534057614,16.440000534057614,324100.0,TPC
2013-04-30,19.280000686645508,19.3799991607666,18.700000762939453,19.0,19.0,278600.0,TPH
2013-04-30,5.449999809265137,5.449999809265137,5.449999809265137,5.449999809265137,5.449999809265137,100.0,TPHS
2013-04-30,71.38999938964844,73.0999984741211,71.38999938964844,71.62999725341797,68.21437072753906,5000.0,TPL
2013-04-30,58.33000183105469,58.95000076293945,57.959999084472656,58.86000061035156,45.18091583251953,4099700.0,TPR
2013-04-30,49.13999938964844,49.83000183105469,48.29999923706055,48.5,48.5,1027400.0,TPX
2013-04-30,26.790000915527344,26.790000915527344,26.489999771118164,26.57999992370605,15.074034690856935,10500.0,TPZ
2013-04-30,26.49934196472168,26.939271926879886,26.44758605957031,26.939271926879886,24.93777847290039,109600.0,TR
2013-04-30,27.214599609375,27.54418754577637,27.026264190673828,27.478271484375,27.478271484375,41600.0,TRC
2013-04-30,2.299999952316284,2.299999952316284,2.299999952316284,2.299999952316284,2.299999952316284,0.0,TRCH
2013-04-30,7.619999885559082,7.670000076293945,7.480000019073486,7.610000133514403,7.610000133514403,145400.0,TREC
2013-04-30,20.09000015258789,20.5,19.799999237060547,20.46999931335449,20.46999931335449,72000.0,TREE
2013-04-30,12.1875,12.217499732971193,12.095000267028807,12.170000076293945,12.170000076293945,405200.0,TREX
2013-04-30,66.80000305175781,66.95999908447266,65.58000183105469,65.76000213623047,41.89826965332031,249500.0,TRGP
2013-04-30,33.18000030517578,33.75,32.689998626708984,33.490001678466804,26.81431770324707,3674200.0,TRI
2013-04-30,15.850000381469727,16.0,15.65999984741211,15.989999771118164,15.462835311889648,62700.0,TRIB
2013-04-30,5.940000057220459,5.940000057220459,5.940000057220459,5.940000057220459,5.940000057220459,0.0,TRIL
2013-04-30,53.06999969482422,53.5,52.38000106811523,52.58000183105469,46.75811004638672,1842600.0,TRIP
2013-04-30,28.290000915527344,28.809999465942386,27.93000030517578,28.739999771118164,28.739999771118164,2324000.0,TRMB
2013-04-30,24.3700008392334,24.54999923706055,24.28000068664551,24.54999923706055,19.337909698486328,263700.0,TRMK
2013-04-30,14.989200592041016,15.22318172454834,14.791216850280762,15.194384574890135,12.631750106811525,2396800.0,TRN
2013-04-30,18.790000915527344,18.959999084472656,18.71999931335449,18.81999969482422,15.468161582946776,37900.0,TRNO
2013-04-30,7.050000190734862,7.25,6.949999809265138,7.1500000953674325,7.1500000953674325,49700.0,TRNS
2013-04-30,12750.0,16500.0,12750.0,15600.0,15600.0,0.0,TRNX
2013-04-30,431.2799987792969,431.2799987792969,421.20001220703125,426.239990234375,426.239990234375,700.0,TROV
2013-04-30,71.76000213623047,72.66999816894531,71.5,72.5,58.80578231811523,1887600.0,TROW
2013-04-30,20.399999618530273,20.75,20.170000076293945,20.540000915527344,15.199023246765135,387100.0,TROX
2013-04-30,49.0099983215332,49.599998474121094,48.6500015258789,49.5099983215332,32.38842010498047,750600.0,TRP
2013-04-30,5.1886067390441895,5.427251815795898,5.103926181793213,5.411855220794678,5.411855220794678,3421500.0,TRQ
2013-04-30,24.087650299072266,24.3187255859375,23.8565731048584,24.30278968811035,24.30278968811035,207800.0,TRS
2013-04-30,5.309999942779541,5.360000133514403,5.269999980926514,5.360000133514403,4.13927698135376,280400.0,TRST
2013-04-30,2.039999961853028,2.039999961853028,2.039999961853028,2.039999961853028,2.039999961853028,0.0,TRT
2013-04-30,41.310001373291016,41.61999893188477,41.060001373291016,41.400001525878906,23.67814826965332,213200.0,TRTN
2013-04-30,85.26000213623047,85.63999938964844,85.04000091552734,85.41000366210938,72.63441467285156,1675100.0,TRV
2013-04-30,150.0,150.0,150.0,150.0,150.0,0.0,TRVI
2013-04-30,3.039999961853028,3.039999961853028,2.869999885559082,3.0299999713897705,3.0299999713897705,341900.0,TRX
2013-04-30,31.20000076293945,31.20000076293945,31.20000076293945,31.20000076293945,31.20000076293945,100.0,TRXC
2013-04-30,44.2599983215332,44.63000106811523,43.93000030517578,44.4900016784668,36.90435028076172,2525900.0,TS
2013-04-30,7.9000000953674325,8.310000419616701,7.9000000953674325,8.25,7.216682910919189,4000.0,TSBK
2013-04-30,53.834999084472656,53.96500015258789,53.04999923706055,53.584999084472656,49.20566177368164,2077800.0,TSCO
2013-04-30,6.480000019073486,6.619999885559082,6.480000019073486,6.550000190734862,6.550000190734862,22500.0,TSEM
2013-04-30,5.699999809265138,5.710000038146973,5.699999809265138,5.710000038146973,5.710000038146973,2100.0,TSG
2013-04-30,5.949999809265138,6.0,5.949999809265138,5.96999979019165,3.994594097137451,84100.0,TSI
2013-04-30,56.0,58.18000030517578,53.7599983215332,53.9900016784668,53.9900016784668,5522600.0,TSLA
2013-04-30,18.86000061035156,19.209999084472656,18.81999969482422,19.07999992370605,14.983813285827635,12088600.0,TSM
2013-04-30,24.489999771118164,24.65999984741211,24.31999969482422,24.6299991607666,22.274513244628906,2072400.0,TSN
2013-04-30,3.3299999237060547,3.4600000381469727,3.3299999237060547,3.4600000381469727,3.081857919692993,500.0,TSRI
2013-04-30,20.549999237060547,21.200000762939453,20.40999984741211,20.86000061035156,18.198938369750977,1252300.0,TSU
2013-04-30,0.1679999977350235,0.1679999977350235,0.1679999977350235,0.1679999977350235,0.16642574965953827,0.0,TT
2013-04-30,22.559999465942386,22.559999465942386,22.21500015258789,22.5049991607666,19.641698837280273,354600.0,TTC
2013-04-30,21.059999465942386,21.309999465942386,20.989999771118164,21.290000915527344,19.55971336364746,90300.0,TTEC
2013-04-30,26.1200008392334,26.36000061035156,26.0,26.290000915527344,24.83449935913086,325600.0,TTEK
2013-04-30,4.539999961853027,4.539999961853027,4.380000114440918,4.440000057220459,4.440000057220459,20700.0,TTGT
2013-04-30,9.149999618530273,9.15999984741211,8.960000038146973,9.130000114440918,8.029580116271973,635200.0,TTI
2013-04-30,27.57999992370605,27.79999923706055,27.479999542236328,27.540000915527344,27.123201370239254,1118000.0,TTM
2013-04-30,7.03000020980835,7.25,7.010000228881836,7.230000019073486,7.230000019073486,277200.0,TTMI
2013-04-30,55.027626037597656,60.66298294067383,53.37016677856445,55.027626037597656,55.027626037597656,32000.0,TTNP
2013-04-30,29.13999938964844,29.28000068664551,29.0,29.170000076293945,16.40419578552246,49900.0,TTP
2013-04-30,161.1999969482422,165.8000030517578,156.1999969482422,162.1999969482422,162.1999969482422,1400.0,TTPH
2013-04-30,15.390000343322756,15.420000076293945,15.0,15.260000228881836,15.260000228881836,1091800.0,TTWO
2013-04-30,17.80500030517578,18.030000686645508,17.665000915527344,18.030000686645508,13.132451057434082,1627400.0,TU
2013-04-30,8.170000076293945,8.170000076293945,7.949999809265138,8.109999656677246,8.109999656677246,311100.0,TUES
2013-04-30,82.12000274658203,82.12000274658203,79.70999908447266,80.30000305175781,59.12812042236328,758700.0,TUP
2013-04-30,3.2999999523162837,3.309999942779541,3.259999990463257,3.2999999523162837,3.2999999523162837,39600.0,TURN
2013-04-30,25.25,25.40999984741211,25.25,25.31999969482422,24.35494804382324,1670900.0,TV
2013-04-30,25.8799991607666,26.03000068664551,25.8799991607666,25.959999084472656,20.25575065612793,12400.0,TVC
2013-04-30,25.989999771118164,26.06999969482422,25.920000076293945,25.920000076293945,20.872295379638672,10400.0,TVE
2013-04-30,7175000.0,7325000.0,7000000.0,7000000.0,7000000.0,0.0,TVIX
2013-04-30,13.239999771118164,13.920000076293945,13.239999771118164,13.890000343322756,13.890000343322756,352000.0,TVTY
2013-04-30,21.71999931335449,22.450000762939453,21.57999992370605,22.309999465942386,21.85588836669922,708200.0,TWI
2013-04-30,21.670000076293945,21.670000076293945,21.209999084472656,21.31999969482422,20.14385414123535,26000.0,TWIN
2013-04-30,0.001000000047497451,0.001000000047497451,0.001000000047497451,0.001000000047497451,0.001000000047497451,0.0,TWLO
2013-04-30,88.19999694824219,88.19999694824219,86.0,86.0,76.44444274902344,700.0,TWMC
2013-04-30,16.84000015258789,16.979999542236328,16.84000015258789,16.950000762939453,11.7261962890625,7100.0,TWN
2013-04-30,19.574119567871094,19.688779830932614,19.49221992492676,19.623260498046875,11.06868839263916,1866500.0,TWO
2013-04-30,21.59000015258789,23.40999984741211,21.46999931335449,23.40999984741211,17.967147827148438,793800.0,TX
2013-04-30,13.5,14.0,12.699999809265135,14.0,14.0,134203.0,TXG
2013-04-30,2.5,2.5899999141693115,2.4600000381469727,2.549999952316284,2.549999952316284,314700.0,TXMD
2013-04-30,35.95000076293945,36.2400016784668,35.7599983215332,36.209999084472656,30.272594451904297,7430700.0,TXN
2013-04-30,23.149999618530273,24.38999938964844,22.6299991607666,23.5,20.469236373901367,3360500.0,TXRH
2013-04-30,25.959999084472656,26.1200008392334,25.6299991607666,25.75,25.40385437011719,2025900.0,TXT
2013-04-30,17.950000762939453,18.040000915527344,17.93000030517578,17.989999771118164,13.314945220947266,53100.0,TY
2013-04-30,44.72999954223633,44.83000183105469,44.209999084472656,44.63999938964844,25.08652114868164,115400.0,TYG
2013-04-30,63.38000106811523,63.4900016784668,62.849998474121094,63.2400016784668,63.2400016784668,168100.0,TYL
2013-04-30,25.60000038146973,26.0,25.399999618530273,25.53000068664551,25.53000068664551,65900.0,TZOO
2013-04-30,14.0,14.274999618530273,13.925000190734865,14.270000457763672,14.270000457763672,7004400.0,UAA
2013-04-30,27.45000076293945,27.649999618530273,27.43000030517578,27.479999542236328,27.479999542236328,31100.0,UAG
2013-04-30,32.169998168945305,32.689998626708984,31.670000076293945,32.299999237060554,32.299999237060554,4148300.0,UAL
2013-04-30,1.440000057220459,1.5499999523162842,1.4299999475479126,1.5199999809265137,1.5199999809265137,38500.0,UAMY
2013-04-30,26.70000076293945,26.85000038146973,26.190000534057614,26.309999465942386,16.743751525878903,196500.0,UAN
2013-04-30,210.0,217.5,210.0,217.5,217.5,0.0,UAVS
2013-04-30,22.18000030517578,22.43000030517578,22.100000381469727,22.270000457763672,15.363064765930176,93700.0,UBA
2013-04-30,7.25,7.25,7.1500000953674325,7.1500000953674325,5.253700256347656,900.0,UBCP
2013-04-30,3.767811536788941,3.795516014099121,3.758576631546021,3.786281108856201,3.40982437133789,4900.0,UBFO
2013-04-30,38.72000122070313,38.849998474121094,38.599998474121094,38.7400016784668,38.7400016784668,19500.0,UBG
2013-04-30,11.923687934875488,12.062798500061035,11.675278663635256,11.973370552062988,10.243803977966307,6600.0,UBOH
2013-04-30,19.600000381469727,19.700000762939453,18.709999084472656,19.530000686645508,13.00200080871582,5100.0,UBP
2013-04-30,17.950000762939453,18.0,17.709999084472656,17.790000915527344,13.055768966674805,6831200.0,UBS
2013-04-30,24.979999542236328,25.32999992370605,24.84000015258789,25.309999465942386,19.4459171295166,230500.0,UBSI
2013-04-30,16.0,16.0,16.0,16.0,16.0,0.0,UBX
2013-04-30,10.899999618530273,11.0,10.890000343322754,10.949999809265137,9.87845516204834,215500.0,UCBI
2013-04-30,20.86000061035156,20.90999984741211,20.709999084472656,20.709999084472656,20.709999084472656,45500.0,UCI
2013-04-30,6.179999828338622,6.289999961853027,6.130000114440918,6.260000228881836,6.260000228881836,63700.0,UCTT
2013-04-30,24.5,24.59000015258789,24.270000457763672,24.57999992370605,19.43321990966797,3464500.0,UDR
2013-04-30,1.5499999523162842,1.6000000238418581,1.5499999523162842,1.5499999523162842,1.5499999523162842,645500.0,UEC
2013-04-30,21.670000076293945,23.0,21.32999992370605,22.979999542236328,22.979999542236328,89000.0,UEIC
2013-04-30,7.489999771118164,7.53000020980835,7.289999961853027,7.510000228881836,7.510000228881836,72800.0,UEPS
2013-04-30,27.920000076293945,28.18000030517578,27.479999542236328,27.959999084472656,22.201963424682614,49400.0,UFCS
2013-04-30,19.299999237060547,19.8700008392334,19.299999237060547,19.5,19.5,128600.0,UFI
2013-04-30,12.853333473205565,13.076666831970215,12.75333309173584,12.866666793823242,11.91618824005127,117900.0,UFPI
2013-04-30,19.5,20.34000015258789,19.420000076293945,20.290000915527344,20.290000915527344,24100.0,UFPT
2013-04-30,34.86999893188477,35.29499816894531,34.60499954223633,34.755001068115234,24.368791580200195,1454000.0,UFS
2013-04-30,22.149999618530273,22.40999984741211,21.809999465942386,22.3799991607666,16.225929260253903,1600.0,UG
2013-04-30,478500.0,483750.0,459875.0,465250.0,465250.0,0.0,UGAZ
2013-04-30,27.31999969482422,27.386667251586914,27.10666656494141,27.31999969482422,22.622663497924805,1135300.0,UGI
2013-04-30,265.10000610351557,267.39999389648443,260.89999389648443,267.29998779296875,267.29998779296875,5800.0,UGLD
2013-04-30,13.295000076293945,13.380000114440918,13.295000076293945,13.335000038146973,9.62301540374756,1810000.0,UGP
2013-04-30,159.7100067138672,160.77000427246094,157.52000427246094,160.6999969482422,154.292724609375,32500.0,UHAL
2013-04-30,65.55999755859375,66.59999847412111,65.48000335693361,66.58999633789061,64.99461364746094,902200.0,UHS
2013-04-30,54.18000030517578,54.36999893188477,53.4000015258789,53.72999954223633,38.67992401123047,71000.0,UHT
2013-04-30,15.6899995803833,15.989999771118164,15.350000381469727,15.449999809265135,15.134225845336914,132300.0,UI
2013-04-30,5.739999771118164,5.800000190734862,5.71999979019165,5.789999961853027,5.24990701675415,80900.0,UIHC
2013-04-30,18.88999938964844,19.290000915527344,18.75,19.1299991607666,19.1299991607666,814900.0,UIS
2013-04-30,43.150001525878906,43.36999893188477,43.060001373291016,43.31999969482422,34.55980682373047,891900.0,UL
2013-04-30,3.940000057220459,3.940000057220459,3.940000057220459,3.940000057220459,3.940000057220459,500.0,ULBI
2013-04-30,22.25,26.670000076293945,21.84000015258789,25.239999771118164,22.393171310424805,17200.0,ULH
2013-04-30,86.9800033569336,87.87000274658203,86.47000122070312,87.6500015258789,87.6500015258789,826000.0,ULTA
2013-04-30,50.16999816894531,50.349998474121094,49.72999954223633,50.34000015258789,44.80591583251953,113500.0,UMBF
2013-04-30,1.8500000238418581,1.8899999856948853,1.8400000333786009,1.8899999856948853,1.4932585954666138,1575400.0,UMC
2013-04-30,11.0,11.09000015258789,10.93000030517578,11.050000190734863,6.8172783851623535,58100.0,UMH
2013-04-30,12.140000343322756,12.140000343322756,11.989999771118164,12.0,8.90956974029541,783800.0,UMPQ
2013-04-30,42.25,42.52000045776367,42.150001525878906,42.47999954223633,33.79209518432617,1848600.0,UN
2013-04-30,13.829999923706055,13.829999923706055,13.829999923706055,13.829999923706055,13.829999923706055,300.0,UNAM
2013-04-30,21.489999771118164,21.489999771118164,21.200000762939453,21.34000015258789,16.692096710205078,3900.0,UNB
2013-04-30,91.1500015258789,91.48999786376952,90.5,91.0500030517578,89.83999633789062,166600.0,UNF
2013-04-30,49.77000045776367,50.33000183105469,49.54999923706055,49.93999862670898,49.93999862670898,282700.0,UNFI
2013-04-30,60.13999938964844,60.38000106811523,59.209999084472656,59.93000030517578,53.38888549804688,5701800.0,UNH
2013-04-30,27.540000915527344,27.899999618530273,27.32999992370605,27.88999938964844,23.83674621582031,1568800.0,UNM
2013-04-30,73.74500274658203,74.0,73.16000366210938,73.9800033569336,62.28579711914063,3405600.0,UNP
2013-04-30,41.97999954223633,42.16999816894531,41.31999969482422,42.02999877929688,42.02999877929688,304100.0,UNT
2013-04-30,6.490909099578857,6.490909099578857,6.372727394104004,6.481818199157715,5.9124202728271475,1600.0,UNTY
2013-04-30,1.5499999523162842,1.5499999523162842,1.5499999523162842,1.5499999523162842,1.5499999523162842,200.0,UONE
2013-04-30,1.5499999523162842,1.559999942779541,1.5299999713897705,1.5299999713897705,1.5299999713897705,8000.0,UONEK
2013-04-30,86.38999938964844,86.38999938964844,85.61000061035156,85.83999633789062,69.43076324462889,4296400.0,UPS
2013-04-30,41.56999969482422,41.61999893188477,40.95000076293945,41.43999862670898,41.43999862670898,1602100.0,URBN
2013-04-30,0.7799999713897705,0.8700000047683716,0.7799999713897705,0.8199999928474426,0.8199999928474426,310000.0,URG
2013-04-30,52.09000015258789,53.099998474121094,51.40999984741211,52.61000061035156,52.61000061035156,1958400.0,URI
2013-04-30,27.35000038146973,27.35000038146973,26.440000534057614,26.440000534057614,26.440000534057614,1000.0,URR
2013-04-30,5.139999866485597,5.199999809265137,5.130000114440918,5.199999809265137,2.756903648376465,436500.0,USA
2013-04-30,21.34000015258789,21.600000381469727,21.149999618530273,21.5,9.813885688781738,130800.0,USAC
2013-04-30,4.949999809265137,5.179999828338623,4.949999809265137,5.130000114440918,5.130000114440918,12900.0,USAK
2013-04-30,34.0,35.009998321533196,33.830001831054695,34.959999084472656,34.959999084472656,42400.0,USAP
2013-04-30,5.639999866485597,5.880000114440918,5.519999980926514,5.519999980926514,5.519999980926514,35100.0,USAS
2013-04-30,25.20000076293945,26.8799991607666,25.07999992370605,25.07999992370605,25.07999992370605,100.0,USAU
2013-04-30,33.27000045776367,33.330001831054695,33.11999893188477,33.279998779296875,27.81613540649414,6018500.0,USB
2013-04-30,15.899999618530273,15.989999771118164,15.449999809265135,15.539999961853027,15.539999961853027,33200.0,USCR
2013-04-30,103.8000030517578,106.1999969482422,102.5999984741211,106.1999969482422,106.1999969482422,900.0,USEG
2013-04-30,1.7999999523162842,1.7999999523162842,1.7999999523162842,1.7999999523162842,1.7999999523162842,0.0,USIO
2013-04-30,46.52999877929688,46.54999923706055,45.4000015258789,46.18000030517578,41.66148376464844,16000.0,USLM
2013-04-30,1166.0,1171.0,1127.0,1163.0,1163.0,10500.0,USLV
2013-04-30,37.83000183105469,38.4900016784668,37.83000183105469,38.43999862670898,32.97031021118164,45600.0,USM
2013-04-30,28.5,28.524999618530273,28.09000015258789,28.209999084472656,28.209999084472656,138800.0,USNA
2013-04-30,23.71999931335449,23.989999771118164,23.65999984741211,23.86000061035156,21.949499130249023,39700.0,USPH
2013-04-30,33.639999389648445,33.650001525878906,33.400001525878906,33.639999389648445,33.639999389648445,17300.0,USV
2013-04-30,21.270000457763672,21.32999992370605,21.209999084472656,21.270000457763672,12.121052742004395,149400.0,UTF
2013-04-30,27.899999618530273,27.959999084472656,27.6200008392334,27.8700008392334,17.653366088867188,87000.0,UTG
2013-04-30,65.04000091552734,68.25,64.98000335693361,66.77999877929689,66.77999877929689,1736700.0,UTHR
2013-04-30,11.699999809265135,11.880000114440918,11.59000015258789,11.869999885559082,10.797945976257324,43500.0,UTI
2013-04-30,29.96999931335449,30.38999938964844,29.809999465942386,30.309999465942386,23.84576797485352,129600.0,UTL
2013-04-30,45.599998474121094,45.61999893188477,43.849998474121094,44.33000183105469,39.52054214477539,19200.0,UTMD
2013-04-30,2.7799999713897705,2.789999961853028,2.7699999809265137,2.7699999809265137,2.7699999809265137,66800.0,UTSI
2013-04-30,92.0999984741211,92.2300033569336,91.04000091552734,91.29000091552734,77.77713012695312,4175200.0,UTX#
2013-04-30,92.0999984741211,92.2300033569336,91.04000091552734,91.29000091552734,77.77713012695312,4175200.0,UTX
2013-04-30,4.78000020980835,4.78000020980835,4.78000020980835,4.78000020980835,4.78000020980835,0.0,UUU
2013-04-30,6.5,7.0,6.5,6.5,6.5,3700.0,UUUU
2013-04-30,5.8499999046325675,5.989999771118164,5.820000171661378,5.980000019073486,5.030921936035156,268700.0,UVE
2013-04-30,17.239999771118164,17.739999771118164,17.239999771118164,17.530000686645508,13.682978630065918,37500.0,UVSP
2013-04-30,57.849998474121094,58.11000061035156,57.13000106811523,57.54999923706055,41.52862930297852,286900.0,UVV
2013-04-30,26.559999465942386,26.690000534057614,26.489999771118164,26.6299991607666,16.696447372436527,17300.0,UZA
2013-04-30,42.147499084472656,42.474998474121094,42.0099983215332,42.1150016784668,38.236087799072266,12161600.0,V
2013-04-30,45.36999893188477,45.58000183105469,44.9900016784668,45.47999954223633,41.596473693847656,258500.0,VAC
2013-04-30,225.0,231.9199981689453,220.1199951171875,230.72000122070312,199.0513153076172,851700.0,VAL
2013-04-30,16.719999313354492,17.09000015258789,16.559999465942386,17.09000015258789,13.880692481994627,12377000.0,VALE
2013-04-30,9.130000114440918,9.399999618530273,9.130000114440918,9.359999656677246,7.096634864807129,2100.0,VALU
2013-04-30,56.875732421875,57.1388053894043,56.1829833984375,57.12126541137695,57.12126541137695,1012200.0,VAR
2013-04-30,20.059999465942386,20.059999465942386,19.979999542236328,20.01000022888184,13.528008460998535,17500.0,VBF
2013-04-30,32.47999954223633,35.84000015258789,32.47999954223633,32.799999237060554,32.799999237060554,100.0,VBFC
2013-04-30,12.764900207519533,12.764900207519533,12.084699630737305,12.084699630737305,12.084699630737305,347.0,VBIV
2013-04-30,57.09000015258789,58.88999938964844,56.93000030517578,58.790000915527344,34.05431365966797,399500.0,VC
2013-04-30,12.0,12.399999618530273,11.800000190734865,12.0,12.0,19000.0,VCEL
2013-04-30,14.869999885559082,14.899999618530273,14.789999961853027,14.850000381469727,10.6673002243042,31600.0,VCF
2013-04-30,20.270000457763672,20.309999465942386,18.8700008392334,19.799999237060547,19.799999237060547,661500.0,VCRA
2013-04-30,13.329999923706055,13.34000015258789,13.279999732971193,13.34000015258789,9.083084106445312,62000.0,VCV
2013-04-30,37.08000183105469,38.09000015258789,37.08000183105469,38.06999969482422,38.06999969482422,526700.0,VECO
2013-04-30,11.68614387512207,12.070116996765135,11.636059761047365,12.070116996765135,8.458413124084473,632300.0,VEDL
2013-04-30,0.10999999940395357,0.10999999940395357,0.10999999940395357,0.10999999940395357,0.10999999940395357,0.0,VEL
2013-04-30,11.09000015258789,11.15999984741211,10.90999984741211,10.949999809265137,7.826323509216309,2785200.0,VEON
2013-04-30,16.450000762939453,16.479999542236328,16.34000015258789,16.440000534057614,10.38982105255127,965200.0,VER
2013-04-30,7.789999961853027,7.800000190734862,7.610000133514403,7.670000076293945,7.424705028533935,133800.0,VERU
2013-04-30,50.22999954223633,51.25,49.63999938964844,51.25,28.26432037353516,18000.0,VET
2013-04-30,41.15113067626953,41.96798324584961,41.04284286499024,41.953861236572266,33.81835556030273,2785800.0,VFC
2013-04-30,14.630000114440918,14.630000114440918,14.479999542236328,14.550000190734865,10.120136260986328,11600.0,VFL
2013-04-30,3.0199999809265137,3.0699999332427983,3.009999990463257,3.0499999523162837,3.0499999523162837,1809400.0,VG
2013-04-30,19.15999984741211,19.239999771118164,19.030000686645508,19.229999542236328,8.742390632629395,34100.0,VGI
2013-04-30,14.899999618530273,14.9399995803833,14.8100004196167,14.829999923706055,9.756757736206056,166200.0,VGM
2013-04-30,11.548571586608887,11.605425834655762,11.477503776550293,11.591212272644045,5.622574806213379,507100.0,VGR
2013-04-30,1.6299999952316284,1.6799999475479126,1.5800000429153442,1.6799999475479126,1.6799999475479126,307900.0,VGZ
2013-04-30,20.21999931335449,21.0,19.6200008392334,20.420000076293945,20.420000076293945,769400.0,VHC
2013-04-30,16.170000076293945,16.440000534057614,16.170000076293945,16.34000015258789,13.62490463256836,6700.0,VHI
2013-04-30,46.27999877929688,46.56999969482422,45.27999877929688,45.77999877929688,44.9131965637207,8810900.0,VIAC
2013-04-30,7.599545001983643,7.724687099456787,7.474402904510497,7.679181098937987,7.679181098937987,7567300.0,VIAV
2013-04-30,5.4099998474121085,5.489999771118164,5.360000133514403,5.369999885559082,5.369999885559082,50900.0,VICR
2013-04-30,2585.0,2625.0,2555.0,2560.0,2560.0,2700.0,VIIX
2013-04-30,2.9809999465942383,3.0840001106262207,2.9809999465942383,3.0789999961853027,3.0789999961853027,3830000.0,VIPS
2013-04-30,2.0199999809265137,2.039999961853028,1.9600000381469729,2.0299999713897705,1.99565064907074,41800.0,VIRC
2013-04-30,113400.0,113400.0,113400.0,113400.0,113400.0,0.0,VISL
2013-04-30,26.3700008392334,26.75,26.11000061035156,26.57999992370605,17.279531478881836,1334900.0,VIV
2013-04-30,9760.0,10800.0,9760.0,10320.0,10320.0,0.0,VIVE
2013-04-30,19.93000030517578,20.32999992370605,19.93000030517578,20.290000915527344,16.163093566894528,161200.0,VIVO
2013-04-30,13.050000190734865,13.050000190734865,12.9399995803833,12.989999771118164,8.514496803283691,105200.0,VKI
2013-04-30,14.279999732971193,14.279999732971193,14.199999809265135,14.260000228881836,9.446521759033203,123600.0,VKQ
2013-04-30,34.77000045776367,35.20000076293945,34.700000762939446,35.20000076293945,26.906965255737305,9700.0,VLGEA
2013-04-30,39.14076614379883,39.25959777832031,36.52650833129883,36.85557556152344,29.25507926940918,17947100.0,VLO
2013-04-30,18.299999237060547,18.31999969482422,18.209999084472656,18.270000457763672,10.436992645263672,10400.0,VLT
2013-04-30,8.949999809265137,8.989999771118164,8.899999618530273,8.989999771118164,6.5992188453674325,1386700.0,VLY
2013-04-30,48.27999877929688,50.04999923706055,48.099998474121094,49.88000106811523,47.65629959106445,912200.0,VMC
2013-04-30,13100.0,13100.0,13100.0,13100.0,13100.0,0.0,VMD
2013-04-30,144.2100067138672,145.72999572753906,142.9499969482422,145.72999572753906,134.25355529785156,183200.0,VMI
2013-04-30,15.220000267028807,15.239999771118164,15.15999984741211,15.199999809265135,11.221760749816896,20000.0,VMM
2013-04-30,14.350000381469727,14.350000381469727,14.18000030517578,14.270000457763672,9.45653247833252,216300.0,VMO
2013-04-30,71.83999633789062,71.98999786376953,70.06999969482422,70.5,58.56601333618164,3133800.0,VMW
2013-04-30,4.800000190734863,4.920000076293945,4.800000190734863,4.860000133514403,4.860000133514403,153300.0,VNDA
2013-04-30,4183.16015625,4183.16015625,4183.16015625,4183.16015625,4183.16015625,0.0,VNE
2013-04-30,9.0,9.06999969482422,8.899999618530273,9.039999961853027,9.039999961853027,246400.0,VNET
2013-04-30,63.62800979614258,64.17671966552734,63.38658142089844,64.05966186523439,48.14616012573242,1043700.0,VNO
2013-04-30,2.25,2.650000095367432,2.25,2.650000095367432,2.650000095367432,600.0,VNRX
2013-04-30,13.520000457763672,13.550000190734865,13.25,13.31999969482422,6.2038917541503915,93200.0,VOC
2013-04-30,30.94801139831543,31.223241806030273,30.87665557861328,31.18246650695801,20.33378028869629,10061300.0,VOD
2013-04-30,8.100000381469728,8.100000381469728,8.0,8.100000381469728,8.100000381469728,54200.0,VOLT
2013-04-30,9.710000038146973,9.779999732971193,9.510000228881836,9.529999732971193,9.529999732971193,125300.0,VOXX
2013-04-30,13.960000038146973,14.449999809265135,13.739999771118164,14.329999923706055,14.329999923706055,109400.0,VPG
2013-04-30,14.970000267028807,14.970000267028807,14.84000015258789,14.90999984741211,9.975021362304688,48000.0,VPV
2013-04-30,136.55999755859378,136.8699951171875,136.35000610351562,136.8699951171875,136.8699951171875,5200.0,VQT
2013-04-30,22.46999931335449,23.0,22.36000061035156,22.81999969482422,22.81999969482422,325300.0,VRA
2013-04-30,1.2699999809265137,1.3600000143051147,1.2100000381469729,1.350000023841858,1.350000023841858,50700.0,VRML
2013-04-30,32.900001525878906,33.459999084472656,32.419998168945305,33.040000915527344,33.040000915527344,1860500.0,VRNT
2013-04-30,60.56999969482422,61.40999984741211,60.2599983215332,61.290000915527344,60.75564193725586,1019500.0,VRSK
2013-04-30,45.06999969482422,46.34000015258789,45.06999969482422,46.06999969482422,46.06999969482422,2731500.0,VRSN
2013-04-30,1.8600000143051147,1.8600000143051147,1.7799999713897705,1.8500000238418581,1.8500000238418581,264.0,VRT
2013-04-30,190.25,192.77999877929688,189.0,191.0,172.10581970214844,40000.0,VRTS
2013-04-30,22.09000015258789,22.34000015258789,22.0,22.209999084472656,22.209999084472656,113800.0,VRTU
2013-04-30,77.87999725341797,78.04000091552734,75.95999908447266,76.81999969482422,76.81999969482422,3698200.0,VRTX
2013-04-30,47.9900016784668,48.72999954223633,47.47000122070313,48.47000122070313,48.47000122070313,206600.0,VSAT
2013-04-30,15.020000457763672,15.324999809265135,15.0,15.244999885559082,14.48828411102295,57200.0,VSEC
2013-04-30,13.31999969482422,14.199999809265135,13.210000038146973,14.039999961853027,12.515538215637207,4287900.0,VSH
2013-04-30,2600.0,2600.0,2600.0,2600.0,2166.354736328125,0.0,VST
2013-04-30,9.829999923706056,10.050000190734863,9.8100004196167,9.81999969482422,9.81999969482422,12300.0,VSTM
2013-04-30,13.609999656677244,13.68000030517578,13.449999809265135,13.489999771118164,7.995148658752441,332000.0,VTA
2013-04-30,17.600000381469727,17.600000381469727,17.600000381469727,17.600000381469727,17.600000381469727,0.0,VTGN
2013-04-30,16.200000762939453,16.229999542236328,16.110000610351562,16.219999313354492,11.03187084197998,20200.0,VTN
2013-04-30,2.970000028610229,3.0,2.970000028610229,2.990000009536743,2.990000009536743,8600.0,VTNR
2013-04-30,90.2021255493164,90.94438934326172,90.04225158691406,90.93296813964844,64.44577026367189,982300.0,VTR
2013-04-30,0.9800000190734864,1.0199999809265137,0.9800000190734864,1.0199999809265137,1.0199999809265137,9900.0,VTSI
2013-04-30,2.25,2.6800000667572017,2.25,2.3299999237060547,2.3299999237060547,10300.0,VUZI
2013-04-30,22.205101013183594,22.513267517089844,21.854135513305664,22.29926300048828,17.340320587158207,116300.0,VVI
2013-04-30,5.489999771118164,5.510000228881836,5.460000038146973,5.489999771118164,3.466517925262451,569700.0,VVR
2013-04-30,132.30000305175778,133.80000305175778,128.19999694824222,132.89999389648438,132.89999389648438,191200.0,VVUS
2013-04-30,47.08000183105469,47.08000183105469,45.099998474121094,46.20000076293945,46.20000076293945,3600.0,VXRT
2013-04-30,80.83999633789062,81.23999786376953,79.87999725341797,80.08000183105469,80.08000183105469,66400.0,VXZ
2013-04-30,53.5099983215332,54.31000137329102,53.45000076293945,53.90999984741211,39.84339141845703,16111500.0,VZ
2013-04-30,52.40499877929688,52.56999969482422,51.540000915527344,52.47000122070313,50.74591064453125,499400.0,WAB
2013-04-30,42.810001373291016,43.38999938964844,42.59000015258789,43.38999938964844,35.18417739868164,131000.0,WABC
2013-04-30,16.959999084472653,17.190000534057614,16.950000762939453,17.170000076293945,14.711329460144045,1223600.0,WAFD
2013-04-30,14.609999656677244,14.880000114440918,14.5600004196167,14.710000038146973,14.489809036254885,367200.0,WAL
2013-04-30,26.60000038146973,26.809999465942386,26.35000038146973,26.75,20.995725631713867,18700.0,WASH
2013-04-30,92.1500015258789,92.7300033569336,91.23999786376952,92.4000015258789,92.4000015258789,823900.0,WAT
2013-04-30,49.31000137329102,49.540000915527344,48.959999084472656,49.5099983215332,42.19184494018555,5550100.0,WBA
2013-04-30,72.4000015258789,73.20999908447266,71.94000244140625,72.2300033569336,72.2300033569336,667100.0,WBC
2013-04-30,34.81399917602539,35.049999237060554,34.694000244140625,35.0260009765625,19.917356491088867,114000.0,WBK
2013-04-30,23.09000015258789,23.420000076293945,22.940000534057614,23.3700008392334,19.532543182373047,470300.0,WBS
2013-04-30,70.38999938964844,71.75,69.63999938964844,71.69000244140625,71.69000244140625,680900.0,WCC
2013-04-30,25.20666694641113,25.29999923706055,25.15999984741211,25.29999923706055,23.1899356842041,921400.0,WCN
2013-04-30,17.520000457763672,17.84000015258789,17.450000762939453,17.809999465942386,17.02456283569336,47700.0,WD
2013-04-30,63.209999084472656,63.34000015258789,62.06000137329102,62.6500015258789,62.6500015258789,747500.0,WDAY
2013-04-30,54.18000030517578,55.290000915527344,54.09000015258789,55.27999877929688,44.77836608886719,3617500.0,WDC
2013-04-30,54.34000015258789,54.5,53.790000915527344,53.93000030517578,48.19601821899414,43300.0,WDFC
2013-04-30,42.02000045776367,42.86999893188477,41.88999938964844,42.86999893188477,27.98823547363281,857800.0,WDR
2013-04-30,16.799999237060547,16.930000305175778,16.719999313354492,16.920000076293945,10.41198444366455,60100.0,WEA
2013-04-30,16.139999389648438,16.59000015258789,16.139999389648438,16.59000015258789,15.944646835327148,1600.0,WEBK
2013-04-30,44.63000106811523,45.0,44.36000061035156,44.93999862670898,34.85330581665039,2292700.0,WEC
2013-04-30,0.004999999888241291,0.004999999888241291,0.004999999888241291,0.004999999888241291,0.004999999888241291,0.0,WEI
2013-04-30,74.33999633789062,74.9800033569336,74.01000213623047,74.97000122070312,53.2285041809082,1752900.0,WELL
2013-04-30,5.670000076293945,5.800000190734862,5.639999866485597,5.690000057220459,4.88167667388916,4806900.0,WEN
2013-04-30,22.899999618530273,22.979999542236328,22.6200008392334,22.959999084472656,19.19313240051269,525700.0,WERN
2013-04-30,35.189998626708984,36.0,35.189998626708984,35.54999923706055,25.34284210205078,136200.0,WES
2013-04-30,11.229999542236328,11.720000267028807,11.149999618530273,11.600000381469727,10.09181022644043,1572500.0,WETF
2013-04-30,75.81999969482422,76.02999877929688,75.12999725341797,75.77999877929688,75.77999877929688,208800.0,WEX
2013-04-30,23.70000076293945,24.040000915527344,23.559999465942386,24.0,19.296937942504886,8100.0,WEYS
2013-04-30,38.68891525268555,38.76042938232422,38.37902450561523,38.67699813842773,32.7449951171875,26900.0,WF
2013-04-30,37.959999084472656,38.040000915527344,37.540000915527344,37.97999954223633,30.65603828430176,20585300.0,WFC
2013-04-30,19.030000686645508,19.049999237060547,18.100000381469727,18.31999969482422,16.818798065185547,376600.0,WGO
2013-04-30,15.65999984741211,15.850000381469727,15.5,15.850000381469727,7.099602222442628,47800.0,WHF
2013-04-30,43.45000076293945,44.13999938964844,42.84000015258789,43.70000076293945,30.98216438293457,13800.0,WHG
2013-04-30,2.799999952316284,3.0,2.799999952316284,2.799999952316284,2.799999952316284,3300.0,WHLM
2013-04-30,48.08000183105469,48.08000183105469,48.08000183105469,48.08000183105469,20.610448837280273,100.0,WHLR
2013-04-30,115.83999633789062,116.12999725341795,113.13999938964844,114.27999877929688,95.7979736328125,1121600.0,WHR
2013-04-30,13.6899995803833,13.6899995803833,13.56999969482422,13.640000343322756,10.681636810302734,81800.0,WIA
2013-04-30,6.199999809265138,6.300000190734862,6.070000171661378,6.230000019073486,6.230000019073486,67800.0,WIFI
2013-04-30,6.75,6.869999885559082,6.75,6.820000171661378,6.3966898918151855,3000.0,WILC
2013-04-30,61.38000106811523,62.0,60.61000061035156,61.86999893188477,56.82908630371094,8100.0,WINA
2013-04-30,32.669998168945305,32.880001068115234,32.43000030517578,32.75,32.333545684814446,62200.0,WIRE
2013-04-30,3.954999923706055,3.994999885559082,3.910000085830689,3.994999885559082,3.4864091873168945,1806600.0,WIT
2013-04-30,13.34000015258789,13.350000381469727,13.239999771118164,13.329999923706055,10.25648593902588,125400.0,WIW
2013-04-30,3.900000095367432,3.9500000476837163,3.5999999046325684,3.9500000476837163,3.9500000476837163,11000.0,WKHS
2013-04-30,2.25,2.25,2.25,2.25,2.25,0.0,WLDN
2013-04-30,14.170000076293945,14.239999771118164,14.010000228881836,14.1899995803833,14.1899995803833,14500.0,WLFC
2013-04-30,41.849998474121094,41.97999954223633,41.27000045776367,41.56999969482422,37.981048583984375,1022200.0,WLK
2013-04-30,181.0800018310547,181.47999572753903,175.8000030517578,178.0,178.0,465900.0,WLL
2013-04-30,102.94039916992188,105.74834442138672,102.91390991210938,105.11257934570312,91.4097137451172,431500.0,WLTW
2013-04-30,40.38000106811523,41.0,40.099998474121094,40.97999954223633,34.17439651489258,3565800.0,WM
2013-04-30,38.15999984741211,38.27999877929688,37.88999938964844,38.13000106811523,25.79755210876465,4555300.0,WMB
2013-04-30,22.170000076293945,22.43000030517578,22.0,22.399999618530273,8.025400161743164,786300.0,WMC
2013-04-30,18.229999542236328,18.290000915527344,17.799999237060547,18.190000534057614,18.190000534057614,48800.0,WMGI
2013-04-30,41.72999954223633,41.86999893188477,41.43000030517578,41.83000183105469,34.68035125732422,15300.0,WMK
2013-04-30,25.29999923706055,25.3799991607666,25.25,25.3799991607666,23.24802398681641,308136.0,WMS
2013-04-30,78.27999877929688,78.30000305175781,77.37000274658203,77.72000122070312,65.43369293212889,7965800.0,WMT
2013-04-30,9.43000030517578,9.489999771118164,9.289999961853027,9.43000030517578,8.821775436401367,612200.0,WNC
2013-04-30,7.4099998474121085,7.559999942779541,7.300000190734862,7.53000020980835,6.478254318237305,28000.0,WNEB
2013-04-30,14.649999618530273,15.010000228881836,14.539999961853027,14.9399995803833,14.9399995803833,74200.0,WNS
2013-04-30,31.520000457763672,32.18000030517578,31.170000076293945,32.18000030517578,27.7611083984375,563200.0,WOR
2013-04-30,69.22000122070311,70.5199966430664,69.22000122070311,70.5199966430664,46.64588165283203,262600.0,WPC
2013-04-30,23.989999771118164,24.54999923706055,23.38999938964844,24.53000068664551,22.031513214111328,4631600.0,WPM
2013-04-30,82.1500015258789,82.72000122070312,81.16999816894531,82.54000091552734,63.21938705444336,77200.0,WPP
2013-04-30,29.36000061035156,31.34000015258789,29.31999969482422,31.06999969482422,31.06999969482422,1299000.0,WPRT
2013-04-30,15.739999771118164,15.84000015258789,15.43000030517578,15.630000114440918,15.630000114440918,1577400.0,WPX
2013-04-30,28.733333587646484,28.946666717529297,28.60666656494141,28.946666717529297,25.321836471557614,880600.0,WRB
2013-04-30,27.959999084472656,28.559999465942386,27.8799991607666,28.559999465942386,21.076147079467773,370400.0,WRE
2013-04-30,33.75,34.11999893188477,33.75,34.06999969482422,22.487380981445312,1227000.0,WRI
2013-04-30,86.81999969482422,89.04000091552734,86.79000091552734,88.86000061035156,88.86000061035156,82400.0,WRLD
2013-04-30,0.8000000119209291,0.8000000119209291,0.75,0.75,0.75,19900.0,WRN
2013-04-30,24.79999923706055,25.11000061035156,24.54999923706055,25.03000068664551,20.3740348815918,92100.0,WSBC
2013-04-30,7.282172679901122,7.291286945343018,7.200145721435548,7.282172679901122,5.639500141143799,7100.0,WSBF
2013-04-30,16.373332977294922,16.453332901000973,16.203332901000973,16.31333351135254,15.402185440063475,78900.0,WSFS
2013-04-30,53.2599983215332,53.79999923706055,53.209999084472656,53.68000030517578,45.02312088012695,1341500.0,WSM
2013-04-30,84.0,84.41999816894531,83.41000366210938,84.37999725341797,69.62210845947266,171700.0,WSO
2013-04-30,16.479999542236328,16.790000915527347,16.450000762939453,16.5,9.185138702392578,98000.0,WSR
2013-04-30,31.78000068664551,31.97500038146973,31.684999465942386,31.93000030517578,30.384336471557614,158600.0,WST
2013-04-30,12.199999809265135,12.199999809265135,11.979999542236328,11.989999771118164,8.663848876953125,10600.0,WSTG
2013-04-30,8.0,8.079999923706055,7.8400001525878915,7.8400001525878915,7.8400001525878915,35200.0,WSTL
2013-04-30,10.829999923706056,10.869999885559082,10.75,10.779999732971193,8.500385284423826,26500.0,WTBA
2013-04-30,35.959999084472656,36.099998474121094,35.689998626708984,35.86000061035156,33.61214065551758,391900.0,WTFC
2013-04-30,11.920000076293945,12.020000457763672,11.600000381469727,11.68000030517578,10.82107162475586,502200.0,WTI
2013-04-30,574.9299926757812,581.0,574.0900268554688,578.3099975585938,573.0571899414062,8200.0,WTM
2013-04-30,46.27999877929688,47.09000015258789,45.86000061035156,47.06000137329102,43.629642486572266,154000.0,WTS
2013-04-30,1.8400000333786009,1.8899999856948853,1.8400000333786009,1.8600000143051147,1.8600000143051147,44400.0,WTT
2013-04-30,14.65999984741211,15.0,14.5,14.8100004196167,11.684831619262695,12900000.0,WU
2013-04-30,13.630000114440918,13.630000114440918,12.0,12.329999923706055,10.93504238128662,2400.0,WVFC
2013-04-30,4.380000114440918,4.389999866485597,4.309999942779541,4.360000133514403,4.360000133514403,5600.0,WVVI
2013-04-30,42.2599983215332,42.47999954223633,41.900001525878906,42.16999816894531,41.809814453125,588500.0,WW
2013-04-30,35.349998474121094,36.02999877929688,35.009998321533196,35.9900016784668,34.101348876953125,434500.0,WWD
2013-04-30,9.100000381469727,9.199999809265137,9.100000381469727,9.18000030517578,7.833754062652588,92600.0,WWE
2013-04-30,1224.0,1254.0,1170.0,1212.0,1212.0,0.0,WWR
2013-04-30,23.614999771118164,23.915000915527344,23.59000015258789,23.88500022888184,22.087547302246094,620800.0,WWW
2013-04-30,30.32999992370605,30.540000915527344,30.1200008392334,30.51000022888184,23.16816711425781,4011600.0,WY
2013-04-30,27.34988784790039,27.53498840332031,26.997743606567386,27.12415313720703,19.40690803527832,4575000.0,WYND
2013-04-30,136.25999450683594,137.52999877929688,135.58999633789062,137.30000305175778,112.87046813964844,1482300.0,WYNN
2013-04-30,0.6200000047683716,0.6399999856948853,0.6000000238418579,0.6200000047683716,0.6200000047683716,193800.0,WYY
2013-04-30,16.850000381469727,17.799999237060547,16.700000762939453,17.799999237060547,16.62260627746582,9966400.0,X
2013-04-30,26.20000076293945,26.36000061035156,26.1200008392334,26.36000061035156,15.544301986694336,794000.0,XAN
2013-04-30,72.55000305175781,73.26000213623047,72.12999725341797,73.18000030517578,69.72097778320311,711400.0,XEC
2013-04-30,31.56999969482422,31.790000915527344,31.479999542236328,31.790000915527344,24.85990333557129,2327700.0,XEL
2013-04-30,5.5,5.5,5.5,5.5,5.5,0.0,XELB
2013-04-30,4.579999923706055,4.619999885559082,4.510000228881836,4.539999961853027,2.8823790550231934,202500.0,XIN
2013-04-30,37.650001525878906,38.0,37.36999893188477,37.90999984741211,32.38241958618164,2859100.0,XLNX
2013-04-30,88.26000213623047,88.98999786376953,87.76000213623047,88.98999786376953,68.89315032958984,14572600.0,XOM
2013-04-30,69.40000152587889,70.4000015258789,68.80000305175781,70.0,70.0,27700.0,XOMA
2013-04-30,36.65999984741211,38.70000076293945,35.2400016784668,38.400001525878906,38.400001525878906,688000.0,XONE
2013-04-30,20.200000762939453,20.38999938964844,20.059999465942386,20.3700008392334,15.935770988464355,323000.0,XPER
2013-04-30,1.1699999570846558,1.2200000286102295,1.1699999570846558,1.2100000381469729,1.2100000381469729,7800.0,XPL
2013-04-30,16.319999694824222,16.399999618530273,16.040000915527347,16.309999465942386,16.309999465942386,98000.0,XPO
2013-04-30,42.04999923706055,42.36999893188477,41.709999084472656,42.349998474121094,40.460716247558594,698700.0,XRAY
2013-04-30,22.292490005493164,22.60869598388672,22.160737991333008,22.60869598388672,19.663949966430664,3627400.0,XRX
2013-04-30,574.0,576.0,556.0,564.0,564.0,2700.0,XSPA
2013-04-30,27.04999923706055,31.20000076293945,27.04999923706055,29.85000038146973,29.85000038146973,600.0,XTLB
2013-04-30,90.0,108.0,90.0,106.8000030517578,106.8000030517578,2200.0,XTNT
2013-04-30,39.04999923706055,39.18000030517578,38.79999923706055,38.86999893188477,38.86999893188477,78700.0,XVZ
2013-04-30,0.6299999952316284,0.6499999761581421,0.4600000083446503,0.6000000238418579,0.6000000238418579,190800.0,XXII
2013-04-30,27.809999465942386,28.10000038146973,26.3799991607666,27.75,25.18045997619629,2809700.0,XYL
2013-04-30,390.5,393.739990234375,382.3599853515625,393.739990234375,378.8597717285156,122000.0,Y
2013-04-30,26.63999938964844,27.170000076293945,25.79999923706055,26.03000068664551,26.03000068664551,1549900.0,YELP
2013-04-30,5.699999809265138,5.800000190734862,5.5,5.599999904632568,5.599999904632568,6100.0,YGYI
2013-04-30,25.38999938964844,25.920000076293945,25.38999938964844,25.739999771118164,25.739999771118164,1959500.0,YNDX
2013-04-30,18.26000022888184,18.75,18.26000022888184,18.75,16.048707962036133,22500.0,YORW
2013-04-30,12.770000457763672,13.25,12.729999542236328,13.25,12.657907485961914,770400.0,YPF
2013-04-30,7.28000020980835,7.579999923706055,7.25,7.5,7.5,83000.0,YRCW
2013-04-30,4080.0,4248.0,4080.0,4176.0,4176.0,0.0,YTEN
2013-04-30,48.52624130249024,49.04385375976562,48.15240859985352,48.971961975097656,41.69758987426758,4586400.0,YUM
2013-04-30,1221.0,1227.0,1221.0,1227.0,1226.73193359375,0.0,YUMA
2013-04-30,16.600000381469727,16.700000762939453,16.549999237060547,16.549999237060547,16.549999237060547,200.0,YVR
2013-04-30,17.920000076293945,17.920000076293945,17.030000686645508,17.440000534057614,17.440000534057614,315000.0,YY
2013-04-30,6.710000038146973,6.789999961853027,6.5999999046325675,6.769999980926514,6.769999980926514,561300.0,ZAGG
2013-04-30,75.93000030517578,76.55999755859375,75.5,76.44999694824219,72.06905364990234,1837800.0,ZBH
2013-04-30,46.29999923706055,46.77999877929688,45.77000045776367,46.6500015258789,46.6500015258789,232800.0,ZBRA
2013-04-30,20.26000022888184,20.489999771118164,19.920000076293945,20.0,19.363136291503906,46100.0,ZEUS
2013-04-30,17.54599380493164,18.37854766845703,17.496101379394528,18.344247817993164,18.344247817993164,3575100.0,ZG
2013-04-30,13.600000381469727,14.15999984741211,13.279999732971193,13.84000015258789,13.84000015258789,74200.0,ZGNX
2013-04-30,24.43000030517578,24.670000076293945,24.31999969482422,24.6200008392334,22.45448303222656,1543400.0,ZION
2013-04-30,24.32999992370605,24.479999542236328,24.29999923706055,24.29999923706055,24.29999923706055,5684.0,ZIONP
2013-04-30,1.7999999523162842,1.7999999523162842,1.6699999570846558,1.6799999475479126,1.6799999475479126,798000.0,ZIOP
2013-04-30,31.82999992370605,32.09000015258789,31.54999923706055,32.049999237060554,32.049999237060554,109000.0,ZIV
2013-04-30,3.7000000476837163,3.8199999332427983,3.7000000476837163,3.759999990463257,3.759999990463257,759800.0,ZIXI
2013-04-30,1.2799999713897705,1.2999999523162842,1.2699999809265137,1.2899999618530271,1.2899999618530271,45600.0,ZN
2013-04-30,3.2699999809265137,3.2699999809265137,3.1800000667572017,3.190000057220459,3.190000057220459,24690500.0,ZNGA
2013-04-30,26.399999618530273,26.649999618530273,26.15999984741211,26.649999618530273,23.95525360107422,13900.0,ZNH
2013-04-30,13.0,13.039999961853027,12.979999542236328,13.039999961853027,5.069879055023193,80800.0,ZTR
2013-04-30,33.68000030517578,34.740001678466804,32.93000030517578,33.02000045776367,31.347396850585934,3390300.0,ZTS
2013-04-30,28.84000015258789,29.309999465942386,28.57999992370605,28.96999931335449,28.96999931335449,219100.0,ZUMZ
2013-04-30,0.5099999904632568,0.5099999904632568,0.5099999904632568,0.5099999904632568,0.2774716913700104,0.0,ZYXI
